gene,mean_expression
Rn18s,30.058075
Malat1,16.170382
mt-Rnr2,8.466134
mt-Rnr1,4.0631027
Akr1cl,3.46722
Hsp90ab1,3.137108
Tenm4,2.7189004
Inha,2.6467097
Ptprd,2.6165173
Actb,2.5983076
Rps5,2.569431
Cmss1,2.5481002
Rpl4,2.4975786
Tsc22d1,2.4813561
Camk1d,2.476739
Serpine2,2.432455
Rps14,2.2874274
Ivns1abp,2.2713456
Gja1,2.2231095
Rps3,2.1750467
Mast4,2.0752923
Tceal9,2.0579047
Hsp90b1,2.053804
Fth1,1.7819539
Grb14,1.7591417
Clu,1.7261703
mt-Nd1,1.6936815
Itm2b,1.6400322
Hsd3b1,1.5937697
Hspa5,1.5911393
Syne2,1.5694708
Foxo1,1.5589771
Rgs2,1.5489697
Eef2,1.5463449
Lars2,1.5145044
Rack1,1.5068055
Nr5a2,1.5012225
mt-Cytb,1.458079
Cpe,1.3456899
Ctsl,1.3430635
Rpl8,1.3250141
Zbtb20,1.2966304
Ncl,1.252008
Rps20,1.2057456
Kcnq5,1.1890074
Rplp0,1.1614426
Npm1,1.1450357
Hnrnpa2b1,1.1447104
Fus,1.1374886
Cyb5a,1.1374847
Eef1b2,1.1235425
Tubb5,1.1228886
Nedd4,1.1186205
Rpl32,1.0917149
mt-Nd4,1.0858101
Prkar2b,1.0749822
Hexb,1.0615339
Tdrd5,1.0607088
Cox4i1,1.0570968
Gnas,1.0221528
Sema5a,1.0077183
Hnrnpu,1.0052562
Plxdc2,0.9963984
Cfh,0.9896714
Bmpr2,0.9895056
Sox4,0.9783477
Ftl1,0.9194449
Rps9,0.91813695
Csmd1,0.9171505
Ank3,0.914526
Esr2,0.8790865
Prss23,0.87744737
Rps24,0.87580544
Atrx,0.84315455
Hnrnpab,0.8339647
Tshz1,0.82855344
Rpl14,0.82822645
Aldh1a1,0.8173933
Tut4,0.8046001
Pdia3,0.7893374
Gphn,0.7681788
Laptm4a,0.7639077
Bmpr1b,0.763582
Cald1,0.7612823
Ubc,0.7607915
Pde7b,0.7606286
Cd63,0.7575064
Tmtc2,0.75390136
Dag1,0.7486462
Tanc2,0.7438951
Tpm1,0.74356323
Atp5g3,0.74142957
Map1b,0.7402844
Adamts2,0.73191255
Thbs1,0.73060685
Igf1r,0.7276512
Serbp1,0.7266636
Ghr,0.72305566
Map4k4,0.7178039
Jak1,0.7173111
Slc25a3,0.7105828
Cst3,0.7102549
Ybx1,0.7015597
Sox5,0.69188195
Pcbp2,0.6872856
Eef1a1,0.68433434
Crim1,0.6667787
Hspa8,0.66579056
Mir6236,0.6648137
Cyp11a1,0.6644766
Ubb,0.6636598
Rpl26,0.6551236
H3f3b,0.6547969
Soat1,0.65168023
Rps21,0.6493819
Rps19,0.6452806
Sod1,0.6434756
St3gal5,0.6392093
Rsrp1,0.6298566
Slc25a4,0.62953043
Greb1l,0.62723553
Mctp1,0.6229705
Pdia6,0.6209985
Rplp1,0.62050456
Rps8,0.61968464
Chd4,0.61410767
Calr,0.6114805
Sfpq,0.60541475
Pabpc1,0.60081714
Myl12a,0.59671503
Arhgef28,0.5955694
Canx,0.5939267
Txnip,0.5932692
Me2,0.5932673
Rbm39,0.59015304
Cnmd,0.57981414
Tnni3,0.57653266
Mtarc2,0.57522243
Gm48099,0.5740773
Ephx2,0.57111883
Sptbn1,0.5699708
Akr1c14,0.5693153
Eif3f,0.5676731
Eif3a,0.56209457
Pik3r1,0.5601287
Chchd10,0.55618715
Plod2,0.5520867
Ttc3,0.5428977
Ptbp3,0.54093105
Ppib,0.5361702
Foxp1,0.53469616
Aff3,0.5320716
Rps3a1,0.5302628
Chchd2,0.5243557
Itih5,0.5220616
Ddx5,0.5220597
Nfia,0.5214048
Atp5a1,0.52074736
Gtf2e2,0.52041936
Srrm2,0.5177934
Zfpm2,0.51582754
Bex3,0.5158246
Maged1,0.5154966
Rps2,0.51467663
Cct2,0.51254284
Zfp385b,0.512217
Apoe,0.50762177
Rpl22,0.5051588
Calm1,0.50384647
Ddx6,0.5022056
Ptp4a2,0.4994164
8030451A03Rik,0.49826902
Scaf11,0.4971194
Ext1,0.49269235
Cables1,0.48809767
Tpr,0.4877688
Acsbg1,0.48760322
Ctnnb1,0.4872752
Bcat1,0.48448566
Sparc,0.48300973
Atp5b,0.4830097
Dock4,0.4828487
Pbx1,0.478746
Fbn2,0.47792605
Aplp2,0.47693938
Tax1bp1,0.47513482
Marcks,0.4743142
Mbnl2,0.47398704
Gls,0.47316626
Rpl23,0.4723447
Hmgcs2,0.47201702
Luc7l2,0.46955654
Sqstm1,0.4651257
Mras,0.4606972
Ubn2,0.46053344
Serinc3,0.46020427
Msi2,0.45659554
Csde1,0.45561063
Calm2,0.45544648
Prdx1,0.45446202
Psmb1,0.45380569
Rbbp7,0.45347786
Gas5,0.45298493
Pcbp1,0.45101705
Psma7,0.45052505
Tcf4,0.4498686
Rpl13,0.44855487
Tmed9,0.4482281
Ywhaz,0.44757187
Ncor1,0.44297782
Rps26,0.44150144
Gramd1b,0.43871394
Cdk8,0.43822092
Shroom3,0.43756664
Tmsb4x,0.43756375
Ssb,0.43674344
Snrpd3,0.43674314
Eef1d,0.43510216
Itsn1,0.4344471
Cox6a1,0.43411765
Txnl1,0.43247837
Hnrnpc,0.42919588
mt-Co1,0.42919573
Ssr3,0.42821229
Park7,0.42722726
Txn1,0.4252583
Ywhaq,0.4244394
Bex4,0.42279786
Matr3,0.42279765
Itpr1,0.4226353
Purb,0.42214164
Rrbp1,0.42197773
Cnbp,0.42197722
Ldhb,0.42181256
Kctd14,0.4211585
Spsb1,0.42115772
P4hb,0.42000854
Serpinh1,0.41656312
Mgarp,0.41459414
Smc4,0.41344726
Cdk4,0.4131177
Akr1a1,0.41278952
Csnk1a1,0.41147727
Tanc1,0.41049305
Psmb6,0.41049233
Atp1b3,0.40918058
Arhgap29,0.40901613
Atxn1,0.40786943
Lama1,0.40688396
Vcp,0.40606287
Cped1,0.40590093
Nrip1,0.4057354
Rps18,0.40573445
Luc7l3,0.404094
Hspa4,0.4032747
Igfbp4,0.40327448
Bsg,0.4029454
Prrc2c,0.40048552
Bclaf1,0.39966446
Foxp2,0.39621988
Prdx2,0.39359358
Son,0.39310116
Atpif1,0.39195254
Ywhae,0.39178914
Pfdn5,0.3906405
Hp1bp3,0.38883606
Gab2,0.38867348
Cct7,0.38834363
Igfbp7,0.38719684
Atp5j2,0.3868671
Hnrnpa0,0.38473418
Dpysl3,0.38358706
Psma2,0.38243732
Magi1,0.37965035
Ankrd11,0.37915665
Vim,0.3770233
Hnrnpk,0.37685907
Hdlbp,0.37439865
Snrnp70,0.3739057
Sulf2,0.373086
Marcksl1,0.37226564
Rora,0.3721027
Eef1g,0.37210092
Mmp11,0.37193742
Inhba,0.37079254
Rad51b,0.37079176
Prpf19,0.37062538
Top1,0.37029704
Rbms3,0.36898598
Rps11,0.36849207
Zadh2,0.36832824
Hnrnpm,0.3670157
Fndc3b,0.36701566
Ddb1,0.36570257
Wdr26,0.36406228
Rps15a,0.36324188
Clta,0.36258575
Mprip,0.36143726
Pbrm1,0.36127353
Skp1,0.36045268
Anp32b,0.35979643
Smarca2,0.359469
Ubxn4,0.35946897
Eif3c,0.35832
Snx18,0.3581568
Ctnna1,0.35782793
Mboat2,0.35733667
Rpl7,0.35717145
Hmgn1,0.35700756
Pfn1,0.3568434
Nap1l5,0.3563534
Senp6,0.35635152
Tbca,0.35602278
Htra1,0.3542195
Myl6,0.35356218
Glg1,0.3533982
Lrp1,0.3524137
Wnk1,0.35175803
Hnrnph1,0.35159338
Cox6c,0.34978834
Fst,0.34880576
Greb1,0.34782034
Rbms1,0.34782022
Ppp1r12a,0.34716374
Swi5,0.345359
Rpn1,0.34486678
Scd2,0.34453905
Gstm1,0.3443745
Aldoa,0.34404653
Ube2b,0.34142143
Ece1,0.34125718
Kank2,0.34109342
R3hdm1,0.34076518
Gnb1,0.3399451
Tcf7l2,0.33945322
Micos10,0.33830425
Cnot6,0.33748415
Sf3b2,0.33748406
Ablim1,0.33535117
Heph,0.33518726
Ranbp1,0.3351869
Ntn4,0.33453116
Serpinb6a,0.33338198
Kmt2e,0.33321834
Rere,0.33272627
Rhobtb1,0.33256236
Sec62,0.33108547
Smarcc1,0.33108532
Cct8,0.33075726
St3gal4,0.33026543
Eif3h,0.33010063
Bst2,0.3297728
AU020206,0.32960945
Acin1,0.32960853
R3hdm2,0.32928106
Ccnd2,0.3291177
Macf1,0.32846057
Oaz1,0.32813248
Akap9,0.3279689
mt-Nd2,0.32796764
Obsl1,0.3263276
Ptma,0.32550678
Ddx17,0.32517877
Fam13a,0.32452413
Ndufa6,0.3243587
Hpgd,0.3228827
Pik3ip1,0.3228823
Arhgap28,0.32271907
Tuba1b,0.32238987
Rpl35a,0.3223897
Ktn1,0.321898
Naca,0.32074904
Nipbl,0.32025713
Nucks1,0.3200938
Mgst1,0.31976464
Tshz2,0.31960168
Enah,0.3189447
Sub1,0.3187805
Golga4,0.3186169
Pafah1b1,0.31861633
Rps15,0.31828797
Eif4b,0.31812415
Cd81,0.31796017
Rbm25,0.31779614
Eif4g2,0.31746802
Anxa5,0.31582755
Qk,0.31566346
Elmo1,0.31500846
Hectd1,0.31418702
Rplp2,0.31418625
Zeb2,0.3122185
Ppp1r9a,0.31189027
St13,0.31188992
Dst,0.31156212
Septin7,0.311398
Fkbp5,0.3112339
Glul,0.31123388
Arglu1,0.310577
Dynll2,0.3104135
Nisch,0.30992103
Fdx1,0.30992076
Thoc2,0.30959272
Bzw1,0.30942914
Rab2a,0.30893728
Mdh2,0.30860856
Fosl2,0.30778837
Hspd1,0.3072965
Ddost,0.30680376
Cnpy2,0.3066398
Arpc2,0.3063114
Me1,0.30598384
Rdx,0.30434287
C130074G19Rik,0.30385122
Rpl34,0.30352277
Col11a1,0.3027036
Itgb1,0.30253807
Pnisr,0.3023743
Ube2r2,0.3023741
Nfe2l1,0.30221018
Eprs,0.3017182
Fxr1,0.3013898
Cnn3,0.30073348
Rock2,0.3005697
Ppp3ca,0.30040586
Npc2,0.29925704
Ybx3,0.29909313
Dynlrb1,0.2981086
Arhgap5,0.2972883
Baz2b,0.2969602
Nop53,0.29695994
Gsk3b,0.296796
Flna,0.29630384
Eif5,0.29597577
Dynll1,0.29581165
Resf1,0.29548377
Cited2,0.29548335
Cct6a,0.2944993
Kif5b,0.29433486
Wipi1,0.29384348
Atp5pb,0.29384264
Wapl,0.29351476
Cmtm3,0.29335093
Nupr1,0.2925309
Ubr5,0.29220212
Atxn7l3b,0.292202
Arl6ip1,0.29088998
Fam162a,0.29088983
Tbl1x,0.29056206
Bag1,0.2905614
Gtf2i,0.29023322
Ptov1,0.2897411
Ano4,0.28892228
Ccn2,0.28875792
Cdc42,0.2884288
Hnrnpd,0.28810057
Srsf6,0.28810024
Dhx9,0.28695232
Dync1h1,0.28678814
Rapgef4,0.2864614
Uqcrq,0.2861322
Cyp1b1,0.28596804
Ywhab,0.28580365
Cox6b1,0.2856397
Socs2,0.28531125
Nsd1,0.2848193
Vdac2,0.2846555
Col9a2,0.28449163
Ddx3x,0.28432715
H2-K1,0.28399944
Rcn3,0.28301474
Hnrnpl,0.2828503
Id3,0.28235847
Hspa9,0.28186625
Golgb1,0.28055382
Eif5b,0.28006166
Ndfip1,0.27956912
Pak3,0.27924204
Pum1,0.27907753
Gnaq,0.27842122
Prkar1a,0.27809247
Brd3,0.27760074
Huwe1,0.27743658
Kdm1a,0.27694434
Cox5b,0.27694404
Kcnma1,0.27612445
Bod1l,0.27579603
Gpx3,0.274812
Lgals1,0.27464783
Lpp,0.2746478
Usp34,0.27464753
Tra2a,0.2734992
Ifi27,0.27349895
Hnrnpdl,0.27317083
Slco3a1,0.27267942
Csrp2,0.27267846
Fkbp3,0.2725147
Nrd1,0.27169433
Rbbp4,0.27153018
Appbp2,0.27071005
Rrp1,0.2707097
Nap1l1,0.27038178
Srsf11,0.26988977
Nudt4,0.26988968
Psap,0.26956177
Tnrc6b,0.2695616
Kif1b,0.2693975
Ogt,0.26939735
Carhsp1,0.2692336
Mdfic,0.26857758
Lamp1,0.26824883
Atxn10,0.2682488
mt-Nd5,0.26792055
Apoa4,0.26775724
Gabarap,0.26742852
Nop58,0.2667725
Rpl41,0.26660827
Rpn2,0.2664441
Frmd5,0.265953
Strn3,0.26578805
Anxa2,0.26381946
Psmb4,0.26381904
Ube3a,0.263819
Ahnak,0.26365528
Phb2,0.26365507
Gabarapl1,0.26365504
Pomp,0.26365486
Rtn4,0.26349097
Tmsb10,0.26316297
Auts2,0.26267117
Prpf40a,0.26201457
Tnks2,0.26135802
Srsf2,0.261358
Foxn3,0.26086614
Smc3,0.259554
Tardbp,0.25955352
Rsf1,0.2593896
Cct3,0.25906104
Aldh2,0.2582406
Prpf38b,0.25774872
Dock9,0.25676468
Arf1,0.25676444
Ctsd,0.2564364
Sdc2,0.25610822
Rnf19b,0.25578043
Cct5,0.25528795
Eif4g1,0.25512382
Aff2,0.25463268
Pank1,0.2546318
Hint1,0.25463137
H2az2,0.2539752
Ewsr1,0.25397515
Hnrnpul2,0.25397506
Anp32a,0.25397506
Sf3b1,0.25381106
Papola,0.25364703
Tm9sf3,0.2534832
Slc8a1,0.2531561
Cfdp1,0.25282678
Dync1i2,0.2520067
Cox7a2l,0.2520063
Arhgap31,0.25118685
Amhr2,0.2506943
Celf1,0.25020164
Serp1,0.24872544
Bptf,0.24872515
Gpx1,0.24839717
Atp5j,0.24839698
Parp1,0.24806911
Kansl1,0.2475773
Mlf1,0.24757688
Zfas1,0.24757683
Mid1ip1,0.24741305
Tent5a,0.24741298
Uba1,0.24692068
Tmem176b,0.2465924
S100a10,0.24642815
Ash1l,0.24626446
Dnajc3,0.24593644
Ndufs4,0.24593617
Mt1,0.24577227
Caprin1,0.24577199
Fam168b,0.24560814
Dcaf8,0.24560784
Dek,0.24478798
Drap1,0.24478765
Tnks,0.24445975
Csnk1d,0.24429564
Maged2,0.24429561
Tmem59,0.2439673
Atrnl1,0.24380367
Smim14,0.24380337
Zmynd11,0.24380329
Creb3l2,0.24265493
Egr1,0.24249154
Rarres2,0.2423271
Map3k5,0.24183488
Cct4,0.24183448
Selenop,0.24150619
Mdh1,0.24150619
Crebbp,0.24101414
Arhgef12,0.24101411
Itgav,0.24085018
Elovl5,0.24035785
Rpl3,0.23986521
Gas6,0.23920943
Ndufa4,0.23888135
Top2a,0.23871799
Hnrnpr,0.238553
Spcs2,0.23838909
Kpnb1,0.23822488
G3bp1,0.2375688
Phip,0.23707685
Adh5,0.23691271
Zfr,0.23691271
Phf21a,0.23658444
Tln1,0.23642032
Paip2,0.2364202
Phf3,0.23625657
Psmd4,0.23625603
Rbbp6,0.23527178
Itm2c,0.23510793
Oga,0.23510788
Gpc6,0.23494491
Kpna1,0.23478031
Mycbp2,0.23477979
Taok1,0.23461565
Ndufa5,0.23445183
Mef2a,0.23412365
Zcchc7,0.23379578
Rpl37,0.23379521
Spag9,0.2336313
Uqcrc2,0.233631
Chd3,0.23346715
App,0.23330319
Septin2,0.23330292
Mex3c,0.23297526
Col1a2,0.23264752
Sh3bgrl,0.2324827
G3bp2,0.23199081
Kdm5b,0.23199062
B2m,0.23149844
Trrap,0.23149836
Xrn2,0.23117049
Paics,0.23117015
Dpf3,0.23100662
Psip1,0.23067802
Isyna1,0.23051445
Slc18a2,0.23035069
Pcdh9,0.23018667
Fscn1,0.23018642
Fubp1,0.23018584
Fkbp4,0.22903742
Med13,0.22887345
Srsf7,0.2288733
Ar,0.22870941
Pnn,0.22854525
Hsd17b4,0.22821712
Phf14,0.22772495
Psmc5,0.22772488
Clk1,0.22756067
Edf1,0.22739694
Ddit4l,0.22690447
Ndufb7,0.2267407
Nexmif,0.22641264
Msl1,0.22641256
Zfp292,0.22624822
Tsn,0.22592029
Tmbim6,0.22559196
Sdhc,0.2254281
Arrdc3,0.2252641
Sec11a,0.22493577
Rai14,0.22460783
Ssr2,0.22460759
Mrfap1,0.22444357
Srp72,0.2244434
Brd2,0.22427942
Ppic,0.2242794
Cryl1,0.22411558
Ndufv2,0.2239516
Psmd2,0.22378741
Map4,0.22362326
Ndufc2,0.22345941
Wwc2,0.2234594
Sem1,0.22345912
Metap2,0.22313106
Ndufs2,0.22280292
Plxnc1,0.2226392
Mef2c,0.22231118
Lrmda,0.22231106
Syncrip,0.22198252
Mfge8,0.22181875
Lamp2,0.22181869
Ppig,0.22132644
Rbm5,0.22116213
Kdm5a,0.22099821
Ankrd17,0.22083412
Serpinb6b,0.22067043
Trip12,0.22067
Mtdh,0.220342
Hsbp1,0.22034186
Uqcrh,0.22001378
Akap13,0.21952175
Pdia4,0.21902958
Arid2,0.21902944
Fermt2,0.2190294
Srrm1,0.21886536
Tgif1,0.2188653
Agt,0.21870145
Set,0.21804501
Znhit1,0.2178811
Cbx1,0.21788093
Rasl10a,0.21771756
Vdac1,0.2175529
Klf6,0.21738935
Wwtr1,0.21738891
Cd2ap,0.21656844
Sbno1,0.21656838
Psme4,0.21640444
Tkt,0.21624033
Apoa1,0.21574867
Rpl13a,0.2157482
Eif3l,0.21542005
Tcf12,0.21525614
Atp5e,0.21492775
Smad4,0.21492767
Tcaf1,0.2147638
Erbin,0.21476364
Rpl29,0.2145997
Arid4b,0.2141075
Slc38a2,0.21394348
Ralbp1,0.21377927
Spop,0.21328725
Setd5,0.21328722
Khdrbs1,0.21328714
Hspe1,0.21328701
Psma6,0.2127951
Sfr1,0.21279484
Rsl1d1,0.21263093
Camta1,0.21263076
Dnmt3a,0.21246696
Ss18,0.21246694
Ndufa10,0.21246694
Birc6,0.2123027
F11r,0.21230264
Supt16,0.21213877
Tspan3,0.21197483
Ube2h,0.21115449
Oip5os1,0.21099037
Sar1a,0.2109903
Etv6,0.21082634
Anapc5,0.21082613
Zfand5,0.21066199
Myh10,0.2103342
Trir,0.21033414
Arhgap42,0.21017025
Tcp1,0.21000578
Atp5o,0.2100056
Adgrv1,0.20984219
Rab14,0.2093496
Ssrp1,0.20918554
Gnb2,0.20918547
Psmc3,0.20918547
Picalm,0.20918545
Xist,0.20869383
Gdi2,0.20852911
Safb2,0.20836522
Banf1,0.20820133
Atp5c1,0.20820092
Psmd7,0.20787323
Heg1,0.20787314
Ostc,0.20787312
Epas1,0.20754512
Ik,0.20688875
Hadha,0.20688866
Hjurp,0.20672481
Ociad1,0.20672457
Ecpas,0.20656037
Macroh2a1,0.2063967
Naa15,0.2063965
Bbx,0.20639646
Acaa2,0.20623265
Fbxl17,0.20623256
Rock1,0.2062325
Rpl18,0.20623231
Prpf4b,0.20623223
Mark1,0.20606844
Osbpl9,0.20606832
Rab10,0.20574042
Tgfbr3,0.20524836
Dbi,0.20524812
Baz1b,0.20508406
Mpped2,0.20492011
Safb,0.20491986
Zfp148,0.20491979
Uqcrb,0.2045917
Ctcf,0.20426361
Dnajc7,0.20409952
Ubxn1,0.2039353
Ndufa2,0.20377135
Tm9sf2,0.20327932
Suclg1,0.20311522
Etfb,0.2031151
Nktr,0.20262296
Ccbe1,0.20196688
Sdha,0.20196672
Klhl24,0.20196661
Tmem234,0.20196654
Smc1a,0.20163861
Maml2,0.20081863
Rpl18a,0.2008183
Tuba1a,0.20065477
Numa1,0.20065413
Ccni,0.2003261
Prrc2b,0.20016201
Sytl4,0.200162
Srek1,0.19983406
Myo1e,0.19966993
Ube2k,0.19950591
Ube2d3,0.19950569
Eif3k,0.1993419
Fis1,0.19901355
Smg6,0.19852157
Bnip2,0.19852136
Rcn1,0.19835727
Dmd,0.19802943
Ak2,0.19802932
Gm47283,0.19786519
Ppp1ca,0.19786504
Ergic3,0.19770114
Capzb,0.19770107
Scpep1,0.1975368
Trim28,0.19737284
Trpm7,0.19720887
Ghitm,0.19655274
Map1lc3a,0.19638844
Bmp2,0.19589654
Nek7,0.19589637
Cux1,0.19556819
BC005537,0.1952399
Fmnl2,0.19474794
Septin11,0.1947478
Pdcd4,0.19458368
Manf,0.1940919
Rsrc2,0.1937637
Ggnbp2,0.19376364
9530068E07Rik,0.19359957
Rpl37a,0.19359927
Ckap5,0.1929433
Eif4a1,0.19277905
Nap1l4,0.19245088
Ndufb8,0.19245088
Gpx7,0.19228704
Afdn,0.19228688
Ndufa13,0.19228677
Blmh,0.19212282
Fam53a,0.19212276
Srsf1,0.19212268
C1qtnf7,0.19195907
Prdx6,0.19195881
Eif4g3,0.19195881
Rpl11,0.19195879
Hsd17b1,0.19146691
Snhg1,0.19146667
Grn,0.19146639
U2surp,0.19130258
Rps27l,0.1913025
Prps2,0.19113874
Sdhb,0.1906463
Gstm2,0.19064626
Zranb1,0.18982613
Acadl,0.18982603
Eif3d,0.18982598
Setx,0.18982583
Pawr,0.18949804
Dab2,0.18949781
Ubash3b,0.18933414
Dnajc15,0.18933383
Sdf4,0.18933374
Igf1,0.18933363
Atf7ip,0.18916969
Rps12,0.189006
Sptan1,0.1890056
Uqcrfs1,0.18884152
Prkcd,0.18851362
Ppp2r2a,0.18851347
Aff4,0.18851343
Cavin1,0.18851334
Prmt1,0.18834934
Adam10,0.18818553
Pbxip1,0.18818529
Ccdc88a,0.18802127
Ppp2r5c,0.18802121
Ddx39b,0.18802097
Ptpn13,0.1876932
Hsd17b10,0.18752904
Ubtf,0.18687277
Usp48,0.18670884
Snd1,0.18638064
Sppl3,0.18638048
Chmp4b,0.18605244
Rpl39,0.18588862
Epn2,0.18588851
Tfdp2,0.18572447
Pdap1,0.18572442
Mbtd1,0.1855603
Tnrc18,0.18539618
Stt3a,0.18523201
Lman1,0.18490423
Nf1,0.18490408
Insr,0.18490408
Mapre1,0.18490396
Snrpb,0.18473986
Camk2d,0.18457589
Mcl1,0.18441182
Gadd45a,0.1842479
Tmpo,0.18424785
Ccar1,0.18408369
Dhx40,0.18391964
Luc7l,0.18391962
Idh3g,0.1839196
Col4a1,0.18375577
Cul3,0.18375559
Pid1,0.18359157
Mtpn,0.18359156
Srbd1,0.18326354
Slc25a39,0.18326333
Mrpl33,0.18326321
Foxl2,0.1830994
Rexo2,0.18309936
Dap,0.1830993
Idh2,0.18293521
H13,0.1829352
Fbln1,0.18277122
Vapa,0.18260707
Ccnl2,0.18260704
Eif1,0.18260702
Wwox,0.18244337
Pkn2,0.18211488
Pcdh7,0.18195115
Glrx5,0.18195091
Ankrd12,0.18195088
Yy1,0.1819508
Camk2g,0.18178709
Tecr,0.18162274
Ltbp3,0.18162271
Gm42303,0.1812947
Sltm,0.1812946
Spin1,0.18129456
Rbx1,0.18113048
Sin3b,0.18096662
Hnrnph3,0.18096653
Ddx1,0.18096648
Rbm6,0.18096642
Ddx42,0.1808026
Ndufb5,0.18080232
Gpatch8,0.18063843
Selenok,0.18063831
Pard3,0.18063831
Prkab2,0.18063822
Phactr2,0.18047431
Etfa,0.1803103
Elf1,0.18031025
Npepps,0.18014617
Capns1,0.18014607
Gm2044,0.17998277
Atp2a2,0.17998207
Arpc5,0.17981802
Copb2,0.179818
Rb1cc1,0.17965412
Agap1,0.17965408
Trib2,0.17932588
Herc1,0.17916177
Sptlc2,0.17899771
Gpc4,0.17883368
Ctsz,0.17883362
Txndc17,0.17883359
Myo10,0.17883344
Rtf1,0.17850561
Morf4l2,0.17850539
Mier1,0.17850533
Arih1,0.17834145
Vmp1,0.17834137
Ssr4,0.17834134
Rabep1,0.17817754
Jmjd1c,0.1781773
Zfp950,0.17801344
Hdgf,0.17801313
Rps4x,0.17784931
Cacna2d1,0.17784931
Igbp1,0.17784928
Tut7,0.17784913
H1f0,0.17768529
Ndufa7,0.17752096
Sh3glb1,0.17735708
Ralgapa1,0.17719299
Cbx5,0.17702898
Vps13d,0.17686492
Pls3,0.17670086
Ptms,0.17670067
Snrpd2,0.17637259
Hdac2,0.17620865
Smarca5,0.1755523
Thrap3,0.17538829
Add1,0.17538825
Immt,0.17522427
Zfp638,0.17489615
Txndc5,0.17473195
Nedd8,0.17456801
Rbm17,0.17407571
Ap3b1,0.17391193
Camkk2,0.17391187
Htatsf1,0.17391178
Slk,0.17358378
Magi2,0.17325562
Ifitm2,0.1730913
Lhfpl2,0.17292741
Eya3,0.17292736
Naa50,0.17276324
Kmt2a,0.17259917
Dip2c,0.17227119
Fip1l1,0.17227104
Gatad2b,0.17227098
Arid1b,0.17210722
Ctsb,0.17194314
Chd6,0.171943
Pcm1,0.1719429
Fam120a,0.17177889
Sec61a1,0.17145069
Zc3h14,0.17128661
Pakap,0.17112274
Atf4,0.17112263
Knop1,0.17079456
Mmp14,0.17079446
Gprasp1,0.17063046
Sema3c,0.17046662
Cetn3,0.17046626
Smarca1,0.17030244
Serinc1,0.17030235
Myh9,0.17030224
Cwc15,0.17030224
Rad23b,0.17013809
Tbrg1,0.17013808
Tmem50a,0.16997422
Nfat5,0.16997421
Btbd7,0.1699742
Cc2d2a,0.16981013
Ccnl1,0.16981
Nolc1,0.16964614
Nbea,0.16948217
Usp47,0.16948208
Vezf1,0.16948195
Rif1,0.169318
Rab18,0.16931799
M6pr,0.16931798
Tiparp,0.16931793
Ppp2r3a,0.16931792
Ndufb10,0.16915384
Fam3c,0.16898979
Cyfip1,0.16898967
9530026P05Rik,0.16882607
Sec63,0.16882579
Polr1d,0.16882567
Eloc,0.16882567
Kdm7a,0.16849764
Top2b,0.16849749
Rfc1,0.16816947
C1qbp,0.1678414
Itga9,0.16784135
Srsf9,0.16784132
Eif3g,0.16784126
Srsf3,0.16784124
Glyr1,0.16767718
Sgms1,0.16751336
Lmo4,0.16734935
Setd2,0.16734917
Jmy,0.16734914
Calm3,0.16734914
Mphosph8,0.16718523
Mllt10,0.16702114
Brd4,0.16702093
Atp1a1,0.16702093
Nckap1,0.16685688
Tcf25,0.16669287
Twsg1,0.16669287
Gnai2,0.16669273
Pfdn2,0.16652891
Smc6,0.16652879
Rac1,0.16652878
Ccdc50,0.16636465
Aebp1,0.16620071
Creg1,0.16603665
Maf1,0.16603656
Zdhhc20,0.16587254
Cox7b,0.16570851
Romo1,0.1653806
Sf3b3,0.16538045
Anapc13,0.16538039
Arf5,0.16538022
Pcsk5,0.16521643
Smg1,0.1652164
St6gal1,0.16505234
Trp53inp1,0.16505226
Oxct1,0.16488817
Wdr33,0.16472414
Fkbp8,0.16472411
Sik3,0.16456017
Uqcr11,0.16456008
Atp5d,0.16455998
Cndp2,0.16439599
Ptch1,0.16423199
Tbl1xr1,0.16406791
Pcyox1,0.16373983
Zfand3,0.16373977
Atp2b1,0.16373973
Sncaip,0.16357577
Rpsa,0.16357565
H2-D1,0.16357556
Ppp1r14b,0.16341166
Zranb2,0.16341165
Mesd,0.1634116
Cop1,0.1632474
Utrn,0.16308361
Usp7,0.16308343
Strbp,0.1630834
Ddx46,0.16291946
Tcf3,0.16291945
Bpnt2,0.16291942
Kif21a,0.16275552
Rpl6,0.16275537
Pgd,0.16275533
Tnrc6a,0.16259131
Col3a1,0.16242737
Nav2,0.16242726
Ckap4,0.16226317
Clip1,0.16226311
Cdc123,0.1619352
Elob,0.16193499
Rabgap1,0.16177106
Rtn3,0.16160695
Cpq,0.16160694
Stag1,0.16160691
Tbcb,0.16160691
N4bp2l2,0.16160688
Mia3,0.16144289
Rpl31,0.16144286
Cnot6l,0.16144285
Psmb2,0.16144279
Kcnt2,0.16095066
Cox7a2,0.16095065
Stip1,0.16095062
Eif4h,0.16078658
Sbf2,0.16045856
Ndufb9,0.16045849
Tle1,0.16045834
Eif3e,0.16045833
Usp33,0.16013035
Prdx5,0.16013035
Ep400,0.1601302
Mgp,0.15996647
Ddx50,0.1599663
Pkm,0.1599663
Adamts5,0.15980238
Bcl11a,0.15980218
Pum2,0.15963818
Mga,0.15963814
Dnajc5,0.15963812
Timm13,0.15963806
Nme1,0.15947412
Ubap2l,0.15947397
Uqcr10,0.15931001
Arl3,0.15930991
Erp29,0.15914597
Dnaja2,0.1591459
Mki67,0.15898193
Csnk2a1,0.15898189
Rbm26,0.15898184
Eny2,0.15881786
Eif4a2,0.15881777
Ypel2,0.15881775
Rest,0.15865386
Pitrm1,0.15865372
Upf2,0.15848973
Cyfip2,0.15848966
Os9,0.15832567
Trim44,0.15832563
Adam17,0.15799758
Bmpr1a,0.15799746
Bicd1,0.15783347
Clint1,0.15783335
Pan3,0.15783332
Eif3b,0.15766941
Tcerg1,0.15766937
Psmd12,0.15766929
Tex15,0.15766922
Mta3,0.1575054
Mdm4,0.15750536
Synpo,0.15734145
Lsm4,0.15734129
Hexa,0.15734127
Kmt2c,0.15734127
Ctr9,0.15734121
Mtch1,0.15717725
Snw1,0.15717722
Cdc37,0.1571771
Chd2,0.15701316
Adamts6,0.15701315
Ndufb6,0.15684916
Fam193a,0.15684906
Myo1b,0.15668505
Mex3a,0.15652111
Prdx4,0.15652087
Larp4b,0.15635698
Ank2,0.15635698
Lnpep,0.15635687
Atp6v0b,0.15635686
Kcnq1ot1,0.1560291
Usp8,0.15602876
Ech1,0.15602867
Rps28,0.15586482
Me3,0.15570064
Ndufa8,0.15570053
Trio,0.15553668
Cers5,0.15553659
Zfp445,0.1553726
Lcor,0.15537255
Ndst1,0.1553725
Gigyf2,0.1550444
Pnpla8,0.15504439
Selenof,0.15504438
Dtymk,0.15504436
Srsf5,0.15504426
Chka,0.15488039
Iqgap1,0.15488034
Usp9x,0.15488029
Pink1,0.15471622
Kcnd2,0.15471621
Ppp1cb,0.15455213
Cope,0.15455203
Itpkb,0.15438817
Btbd1,0.15438814
Ppp2ca,0.1542241
Gpi1,0.15422402
Cenpf,0.1540602
Ndufb11,0.15406004
Ide,0.15405995
Cops6,0.15389599
Exoc4,0.15389596
Smarca4,0.15389593
Smarcc2,0.15373182
Rap1b,0.15356784
Copb1,0.15356778
Phf20l1,0.15356769
Atp6v1e1,0.15340377
Zfand6,0.15323976
Ankhd1,0.15323965
Rabac1,0.15323965
Ibtk,0.15323961
Ip6k1,0.15307572
Slc25a51,0.15307567
Mllt3,0.15291162
Fdxr,0.15291154
Mlec,0.1527475
Ilf3,0.15274742
Anp32e,0.15258352
Abcf1,0.15258351
Nufip2,0.1522553
Mxd4,0.15225515
Kidins220,0.15209116
Mat2a,0.15176322
Arpp19,0.15176313
Amfr,0.15176305
Akt3,0.15176305
Mylk,0.1515991
Brd1,0.15159903
Lonp1,0.15159902
Crabp2,0.15127105
Pds5b,0.15127096
Fh1,0.15127094
Rgcc,0.15110701
Denr,0.15110691
Idh1,0.15110688
Fcho2,0.15110682
Cul4a,0.15094279
Zfp266,0.1509427
Psma1,0.15077873
Rbm8a,0.15077873
Evi5,0.15061468
Tle5,0.15061457
Thra,0.15061456
Use1,0.1504506
Tomm7,0.15045057
Tead1,0.15045056
Sec61b,0.15045054
Hnrnpul1,0.1502865
Med13l,0.15012258
Arhgap12,0.15012243
Smc2,0.14995852
Saraf,0.14995845
Epb41l2,0.1499584
Gpbp1,0.14995834
Etf1,0.14963023
P3h4,0.14946629
2410006H16Rik,0.14946614
Sntb2,0.14930214
Pebp1,0.14897393
Hipk3,0.14880985
Neo1,0.14864592
Rps6,0.14848188
Wbp1l,0.14848183
Stag2,0.14848179
Stt3b,0.14831784
Arxes2,0.14831771
Pnrc1,0.14831766
Tmed10,0.1481538
Tmem164,0.14815377
Rad50,0.14782552
Rcc2,0.14766146
Aco2,0.14749755
Tmem123,0.14749752
Tmf1,0.14749743
Tmem176a,0.1473334
Fam214a,0.14733337
Rad21,0.14733334
Carmil1,0.14700538
Zfp326,0.1470053
Rps6ka3,0.14684124
Mapk1,0.14684118
Ptpra,0.14684117
Usp22,0.14667718
Adcy9,0.14667708
Lsm14a,0.14667706
Zfp644,0.14651306
Col4a5,0.14651304
Nectin3,0.14651304
Nono,0.14651303
Elf2,0.14634906
Dnajc8,0.14634901
Scarb1,0.146185
Prkd1,0.14618497
Kcmf1,0.14602087
Sugt1,0.14585677
Dlst,0.14569283
Eid1,0.14569268
Fam210a,0.14569262
Nbr1,0.1455287
Cul1,0.14552864
Lrpprc,0.14552858
Strn,0.14536463
Irf2bp2,0.14536463
Ctsa,0.14536463
Casp6,0.14536458
Psma4,0.14536452
Glrx2,0.14520063
Pxdn,0.14520058
Aftph,0.14520055
Myo9a,0.14503655
Antxr1,0.14503653
Cops9,0.1447084
Mcfd2,0.14470835
Timm8b,0.14470832
Rab6a,0.14454438
Ndrg2,0.14454438
Serpinb1a,0.1445443
Ubr2,0.14454429
Fkbp1a,0.14454426
Ylpm1,0.1443802
Nlk,0.14421622
Hacd3,0.14421615
Arhgap6,0.1438881
Copa,0.143888
Eif3i,0.14372402
Ralgps2,0.14372398
Rp9,0.14355993
Arpc1b,0.14355987
Pros1,0.14355986
Cox14,0.14339586
Irs1,0.14339586
Sdc4,0.14339586
Herc2,0.14323187
Dnajc1,0.14323185
Washc2,0.14306782
Bdp1,0.1430678
Kazald1,0.14290372
Nsd2,0.14290364
Pura,0.14273962
Csnk2a2,0.14273958
Arcn1,0.14273956
Bnc2,0.14273956
Ndufs6,0.14257555
Tpd52l2,0.14257555
Jpt1,0.14257552
B4galt1,0.14257547
Fbxw11,0.14241153
Ginm1,0.14224748
Aimp1,0.14224742
Rala,0.14224741
Zc3h13,0.14208339
D8Ertd738e,0.14208338
Mif,0.1420832
Zc3h15,0.14191936
Thbs4,0.14191934
Robo1,0.14191931
Cdip1,0.1419193
Magt1,0.14191926
Ipo7,0.14191921
Tpt1,0.1417553
Smc5,0.14175525
Ttc14,0.14175521
Fbxo11,0.14159119
Cpt1a,0.14159118
Rabl6,0.14159115
Thoc7,0.14159112
Cflar,0.14159112
Tead2,0.14142711
Tulp4,0.14142711
Nsmce4a,0.14142704
Eif2s2,0.14142703
Isoc1,0.14126301
Micu2,0.14126301
Uqcrc1,0.14126293
Pten,0.1412629
Tmed3,0.14109904
Rabgap1l,0.14109902
Braf,0.14109898
Ddi2,0.14109896
Cebpz,0.14109892
Ganab,0.1410989
Yap1,0.14093503
Chd8,0.14093497
Dhx32,0.14077085
Mkln1,0.1407708
Phldb2,0.1406067
Slc4a7,0.14044264
Brwd1,0.14027868
Fyn,0.14027867
Nemf,0.14027865
Unc13b,0.14027862
Fhl1,0.14027856
Abi1,0.1401146
Dock7,0.13995057
Gaa,0.13995047
Epc2,0.13995044
Itga2,0.13978647
Lrp6,0.1397864
Pa2g4,0.13962232
Lima1,0.13945837
Ing1,0.13945831
Rmnd5a,0.13945824
Zeb1,0.13929425
Wdfy3,0.13896613
Ebna1bp2,0.1389661
Fryl,0.13896604
Clic1,0.13880208
Sae1,0.13880205
Pum3,0.13863803
Suz12,0.13863802
Pcmtd2,0.13847394
Snx6,0.13847393
Tgfbr1,0.13830987
Wac,0.13830982
Nmt2,0.13814583
Rnf130,0.13814582
Tmem147,0.1381458
Myc,0.13814577
Wasf2,0.13798173
Nfe2l2,0.1379817
Ptpn1,0.13781768
Snx5,0.13781765
Gpam,0.13781762
Mtmr3,0.13765365
Mrpl24,0.13765363
Cacybp,0.13765363
Lrrc58,0.13748951
Gspt1,0.13748947
Nr2f2,0.13732548
Cltc,0.13732545
Gfpt1,0.1371615
Raf1,0.13716143
Tpp2,0.13716142
Dennd5a,0.1371614
Sart1,0.13699743
Ehmt1,0.13699739
Cs,0.13699737
Mib1,0.13699734
Zfp207,0.13699731
Aopep,0.13683333
Cpne3,0.1368333
Rer1,0.13666923
Mpp6,0.13666923
Mat2b,0.13666922
Tjp1,0.1366692
Golim4,0.13650519
Asph,0.13650516
Fam114a2,0.13634111
Mbtps1,0.13634107
Mkrn1,0.1361771
Dkc1,0.13617708
Timp2,0.13617705
4930402H24Rik,0.13617705
Rab7,0.13617705
Ndufc1,0.13601294
Rsrc1,0.135849
Tmem127,0.13584898
Ctdsp2,0.13584891
Peli2,0.13584891
Arid1a,0.1358489
Ilkap,0.13568485
Pak2,0.13568483
Psd3,0.13552086
Sri,0.13552079
Ythdc1,0.13552079
Metrnl,0.1353567
Colgalt1,0.13502862
Trp53,0.1350286
Myo6,0.1350286
Xpo7,0.13502859
Ubxn7,0.13502856
Rnh1,0.13502854
Hnrnpa1,0.13502854
Fam172a,0.1348646
Osbpl8,0.13486454
Sspn,0.13486451
Arfgef1,0.13486451
Adamts10,0.1348645
Frs2,0.1348645
Dnajb11,0.13453643
Nop10,0.1345364
Atp6v1f,0.13453639
Zmat2,0.13453637
Chd1,0.13420835
Snrpf,0.13420822
Ctnna2,0.13388023
Mir99ahg,0.13388018
Ahcyl1,0.13388015
Uqcc2,0.13388012
Tlk2,0.13388012
Tnpo1,0.13371612
Ube4b,0.1337161
Mbnl1,0.13371609
Pcca,0.13371609
Brk1,0.133552
Acadm,0.133388
Adipor1,0.13338798
Kdm2a,0.13338795
Tgoln1,0.13322388
Atf2,0.13322388
Nfu1,0.13322386
Ezh2,0.13305986
Snx3,0.13305981
Limch1,0.13305981
Prss35,0.1328958
Puf60,0.1328958
Nsmaf,0.1328958
Idh3b,0.13289575
Ndufb3,0.13273175
Gtf2a2,0.1327317
Tia1,0.13273169
Nrep,0.13256763
Cd200,0.13240357
Tpm3,0.13240357
Hbp1,0.13240357
Paip1,0.13240355
Cfl1,0.13240354
Sorbs2,0.13207549
Jam2,0.13207544
Calu,0.13207543
Diaph2,0.13191141
Stub1,0.1319114
Dock1,0.13191138
Chmp2a,0.13158326
Man1a2,0.1315832
Nenf,0.1314192
Wsb1,0.13125513
Cd164,0.13109104
Tpm4,0.13109104
Gnai3,0.13092703
Fcgrt,0.130927
Appl2,0.13092698
Fgfr2,0.13092698
Trip11,0.13076296
Clasp2,0.13076296
Gkap1,0.13076296
Ppp2r5e,0.13076296
Slmap,0.13076292
Scap,0.1305989
Ldha,0.13059886
Lman2,0.13043481
Gtpbp4,0.1304348
Eml4,0.13027075
Ldlrad4,0.13010669
Col6a4,0.12994263
Qdpr,0.1299426
Dazap2,0.12977856
Dync1li2,0.12977856
Hook3,0.12977855
Krcc1,0.12977855
Psmb3,0.12977853
Bud31,0.12977853
Vamp8,0.12961452
Eif2a,0.1296145
Lims1,0.1296145
Rfwd3,0.12945046
Slc25a13,0.12928638
Naa35,0.12928638
Copg1,0.12928635
Zmynd8,0.1291223
Cklf,0.12912229
Mia2,0.12895826
Dctn2,0.12895826
Zfp704,0.12895826
Prdx3,0.12895824
Rtcb,0.1287942
Leprot,0.1287942
Rnf187,0.12879418
Gna13,0.12879416
Ppid,0.12879416
Psmd3,0.12879416
Zmiz1,0.12846607
1810037I17Rik,0.12846605
Mtf2,0.12846605
Mydgf,0.12846604
Cd302,0.12846604
Acaa1a,0.12830201
Wls,0.12830201
Asxl1,0.12830198
Xrn1,0.12813796
Sesn3,0.12813795
Sptssa,0.12813793
Mybbp1a,0.1281379
Mrpl2,0.1281379
Cdc5l,0.12797388
Rimklb,0.1278098
Rc3h1,0.1278098
Cnot2,0.12780978
Adamts19,0.12780978
Ythdf2,0.12764572
Chchd3,0.12764572
Kmt5a,0.12764572
Usp3,0.12748165
Dlc1,0.12748165
Tceal8,0.12748165
Aak1,0.12731762
Arl2bp,0.1273176
Lrch1,0.1273176
Srrt,0.12731759
Rpl17,0.12715349
Dmxl1,0.12698951
Psmc2,0.1269895
Zfp106,0.1269895
Selenos,0.1269895
Ctbp1,0.12698948
Grpel1,0.12698948
Qars,0.12698948
Adck5,0.12698947
Chd9,0.12698947
Prdm5,0.12698947
Ndufa12,0.1268254
Cdk11b,0.1268254
Pdlim1,0.12666136
Eif3m,0.12666135
Fars2,0.1264973
Dnttip2,0.1264973
Actr3,0.1264973
Cdk13,0.12649728
Camk2n1,0.12633324
Polr2e,0.12633322
Stk39,0.12633322
Srp14,0.12633322
Elp2,0.12616919
Ap3d1,0.12616916
Rheb,0.12616916
Zmym3,0.12600513
Taf15,0.12600511
Dad1,0.1260051
Cdc73,0.1260051
Tnpo3,0.1260051
Id2,0.1260051
Capza2,0.12584105
Dhx15,0.12567699
Pja1,0.12567699
Uhrf2,0.12567699
Gapvd1,0.12567697
Smu1,0.12551293
Mark3,0.12551291
Fam126b,0.1255129
Srsf10,0.12534885
Gem,0.12534885
Iws1,0.12518479
Eif4e2,0.12518479
Smoc1,0.12518479
Med10,0.12502073
Klhdc2,0.12502073
Rab11a,0.12502073
Sash1,0.124856666
Runx1,0.12485666
Pgls,0.1246926
Dennd1a,0.12469259
Gar1,0.12469259
Zmym4,0.12469259
Crebrf,0.12469258
Cyc1,0.12452853
Serf1,0.12452853
Zzz3,0.12452852
Nfkbia,0.12436446
Atg12,0.12436445
Cenpe,0.12436444
Ppp4c,0.12420039
Kcnj3,0.12420038
Ola1,0.12420038
Nars,0.12420038
Crk,0.12387225
Tacc2,0.12387224
Psme1,0.12387224
Coq8a,0.12370818
Pja2,0.12370818
Arf3,0.12370818
Neat1,0.12370817
Atp6v0e2,0.12370817
Erlec1,0.123544104
Fhit,0.123544104
Paxbp1,0.123544104
Fnta,0.12338004
Dnajc2,0.123380035
Bag6,0.123380035
Psmd14,0.123215966
Brd7,0.123215966
Snrnp200,0.1230519
Mbd2,0.1230519
Gata6,0.1230519
Filip1l,0.12305189
Zfp277,0.122887835
Kdelr1,0.122887835
Tmem258,0.122887835
Meg3,0.12288783
Fkbp2,0.12288783
Emg1,0.12288783
Ap2s1,0.12288783
Asap1,0.12288783
Lsm14b,0.12272376
Smdt1,0.12272376
Cops2,0.12272376
Bcap31,0.1225597
Ift20,0.12255969
Ndufa3,0.12255969
Mrpl21,0.12239562
Nudc,0.12239562
Cpd,0.12223156
Spint2,0.12223156
Pcnx,0.12223155
Mapkap1,0.12206748
Trim27,0.12190342
Naxe,0.12190342
Sdf2,0.12173935
Rnf44,0.12173935
Slc38a5,0.12173934
Gtf2f1,0.12157528
Kat6b,0.12157527
Gnl2,0.12157527
Sra1,0.12141121
Echs1,0.12141121
Hprt,0.12141121
Usf2,0.12141121
Upf3a,0.12124714
Eif1ax,0.12124714
Zfp706,0.12124714
Cyb5r3,0.121247135
Kansl3,0.121247135
Cnih4,0.121083066
Max,0.121083066
Cers6,0.121083066
Mrpl13,0.121083066
Vps4b,0.121083066
Asxl2,0.120919004
Ilf2,0.120919004
Arl6ip4,0.120919
Fam126a,0.120919
Fuca1,0.120754935
Ssbp3,0.12075493
Arid4a,0.12075493
Fam117b,0.12075493
Mtfr1l,0.12075493
Spock2,0.12042679
Rcn2,0.12042679
Arhgef7,0.12026273
Rnf216,0.12026273
Ehmt2,0.12026273
Eya2,0.12026272
Micos13,0.12026272
Herc4,0.12026272
Ppp4r3b,0.12009866
Tbc1d5,0.12009865
Rps17,0.12009862
Slc25a5,0.11993459
Cab39,0.11977052
Rhoa,0.11977052
Zfp652,0.11977051
Txndc15,0.11977051
Upf3b,0.11960644
Dnpep,0.11960644
Ccdc3,0.119606435
Nek9,0.11944238
Aggf1,0.11944237
Lrrk1,0.11944237
Gnl3,0.11927831
Ptges3,0.11927831
Dlgap4,0.11927831
Slc40a1,0.119278304
B230219D22Rik,0.119278304
Ran,0.119278304
Strap,0.11911424
Hmgb3,0.119114235
Srpk2,0.119114235
Rcor1,0.11895017
Supt6,0.118950166
Esf1,0.118950166
Fndc3a,0.118950166
Ttc28,0.118786104
Polr1a,0.118786104
Glod4,0.118786104
Aldh3a2,0.118786104
Smchd1,0.118622035
Kitl,0.11862203
Bax,0.118457966
Ptpn2,0.11829389
Trim33,0.11829389
Prpf8,0.11829389
Atad2b,0.11812982
Pdcd6,0.11796576
Ndufs8,0.11796575
Zc3h7b,0.11796575
Pmpcb,0.11796575
Lzts2,0.11780169
Psmc6,0.11780169
Fam160b1,0.11780169
Ythdf3,0.11780169
Fnbp4,0.11780168
Ppfibp1,0.11780168
Arhgap18,0.11780168
Mrpl57,0.11763762
Itgb5,0.11763762
Cand1,0.11763762
Jkamp,0.11763761
Rab1a,0.11747355
Nrn1,0.11747355
Ddah1,0.11747355
Parva,0.11747354
Cnot4,0.11747354
Rin2,0.11747354
Hint2,0.11747354
Sel1l,0.11747354
Cr1l,0.11747354
Stx4a,0.11730948
Uqcc3,0.11730947
Exoc6b,0.117309466
Fto,0.11714541
Nasp,0.117145404
Dazap1,0.117145404
Akirin2,0.11698134
Zfp36l1,0.11698134
Commd3,0.11698134
Samm50,0.11698134
Uri1,0.11698134
Sobp,0.116981335
Cntln,0.116981335
Mrpl58,0.11681727
Aebp2,0.11681727
Sec24b,0.11681727
Ergic2,0.11681727
Csrnp3,0.116817266
Tlk1,0.116817266
Syf2,0.116817266
Nol8,0.116817266
Ppat,0.116653204
Arpc1a,0.116653204
Gtf2h5,0.116653204
Xpo1,0.116653204
Ccdc47,0.1166532
Tab2,0.1166532
Casp3,0.1166532
Trim35,0.116489135
Paf1,0.116489135
Man2a1,0.116489135
Tmem30a,0.116489135
Slc26a7,0.11648912
Pttg1ip,0.116325065
Babam2,0.116325065
Poldip3,0.116325065
Pitpna,0.11632506
Erc1,0.11632506
Dap3,0.116160996
Ctps2,0.116160996
Pygb,0.11599693
Dnaja1,0.11599693
Mdn1,0.11599692
Large1,0.115996905
Coa3,0.11583286
Nos2,0.11583286
Atox1,0.11566879
Cxxc4,0.11566878
Nsd3,0.11550472
Frg1,0.11550471
Keap1,0.11550471
Tes,0.11550471
C430049B03Rik,0.11534065
Fhod3,0.11534064
Rlim,0.11517658
Serf2,0.11517658
Psmd6,0.11517657
Rnf217,0.11517657
Trim24,0.11517657
Csnk1e,0.11501251
Ndufs7,0.11501251
Ppm1g,0.115012504
Vapb,0.115012504
Bcas2,0.115012504
Oat,0.114848435
Tmem64,0.11468437
Pck2,0.11468437
Jarid2,0.11468437
Rpl30,0.114684366
Ftsj3,0.114684366
Pnrc2,0.114520304
Dlg1,0.114520304
Sdcbp,0.114520304
2810004N23Rik,0.1145203
Prdm2,0.11435623
Ranbp2,0.11435623
Mrpl52,0.11435623
Ywhag,0.114192165
Mrpl18,0.11419216
Lsm6,0.11419216
Hibadh,0.11402809
Ppm1b,0.11402809
Acta2,0.114028074
Plin3,0.11386403
Pkig,0.11386403
Vdac3,0.11369996
Psmc1,0.11369996
Rev3l,0.11353589
Ddx21,0.11353589
Kras,0.11353588
Myof,0.11353588
Rnf20,0.11337182
Fam104a,0.11337181
Atp6ap1,0.11320775
Atxn2,0.11320774
Atl3,0.11304368
Arhgap10,0.11304368
Cfl2,0.11304368
Bms1,0.11304367
Acap2,0.11304367
Agpat3,0.11287961
Prkcsh,0.11287961
Rap2a,0.112879604
Nsun2,0.11271554
Arf4,0.11271554
Rbpms,0.112715535
Galnt2l,0.11255147
Srpk1,0.11255147
Plcg1,0.11255147
Cdc40,0.112551466
Zfyve9,0.112551466
Tet3,0.112551466
Txnrd1,0.112551466
Zkscan1,0.1123874
Ehd4,0.11238739
Atp5h,0.112223335
Fnbp1l,0.11222333
Zfp451,0.11222333
Ski,0.11222333
Ndufb2,0.112059265
Elavl1,0.112059265
Cpsf2,0.11205926
Ppp4r2,0.11205926
Rpl21,0.11205923
Dars,0.111895196
Nras,0.11173113
Eif4ebp2,0.11173113
Pfdn1,0.11173112
Ddx24,0.11156706
Appl1,0.11156706
Bmp3,0.11156704
Rnf213,0.11140299
Nhp2,0.11140299
Pik3ca,0.11140299
Marchf7,0.11140299
Lamb1,0.11140298
Rpl5,0.11140295
Surf4,0.11123892
Zfp608,0.11107484
4933431K23Rik,0.11107483
Ubn1,0.11091077
Nucb1,0.11091077
Anapc16,0.11074671
Tomm70a,0.11074671
Cdk6,0.110746704
Marchf5,0.11058264
Nsmce1,0.11041857
Mff,0.11041857
Rhobtb3,0.11041857
Psmc4,0.110418566
Ncoa2,0.110418566
Eea1,0.110418566
Crtc3,0.110418566
Hmg20a,0.110418566
Sntg2,0.11041855
Supt5,0.110254504
Fkbp9,0.110254504
Hsp90aa1,0.110254504
Khdrbs3,0.1102545
Fat1,0.1102545
Gm16286,0.110090435
Wasl,0.11009043
Tbcel,0.11009043
Bcas3,0.11009042
Csnk1g2,0.109926365
Ilrun,0.109926365
Tpd52,0.10992636
Kctd1,0.10992636
Ptgis,0.109762296
Lrpap1,0.109762296
Faf2,0.109762296
Snhg6,0.109762296
Sec31a,0.109762296
Drosha,0.10976229
Psmd8,0.10976229
Polr2f,0.10976229
Smarcb1,0.10959823
Lix1l,0.10959823
Setdb1,0.10959823
9930021J03Rik,0.10959822
Kank1,0.10959822
Reep3,0.10943416
Zfc3h1,0.10927008
Hsph1,0.10927008
Ccny,0.10927008
Spred1,0.10927008
Cdc27,0.10910602
Ubqln1,0.10910602
Esd,0.10910601
Sil1,0.10910601
Erp44,0.10894195
Stk25,0.10894195
Slf2,0.10894195
Il17ra,0.108941935
Sec24c,0.10877788
Zmym2,0.10877787
Scfd1,0.10877787
Bola2,0.10877787
Rbfox2,0.10877787
Apc,0.10861381
Tor1aip2,0.10861381
Dnm1l,0.108613804
Ppp6r3,0.108613804
Eps15,0.108613804
Cox8a,0.10844974
Sf3a3,0.10844974
Epc1,0.108449735
Tox2,0.108449735
Cdk12,0.108449735
Vps13b,0.10828567
Il6st,0.10828567
Acbd6,0.10828567
Prkce,0.108285666
Ssr1,0.108121604
Glrx3,0.108121604
Glud1,0.107793465
Sf1,0.10779346
Cd47,0.107629396
Sumo3,0.107629396
Nol7,0.107629396
Mrpl14,0.107629396
Plaat3,0.107629396
2610008E11Rik,0.10762939
Vps35,0.10762939
Ndufa9,0.10762939
Sin3a,0.10713719
Drg1,0.10713718
Akap8l,0.10697312
Mta2,0.10697312
Irak1,0.10697312
Prlr,0.106809035
Creb1,0.10664498
Ankrd28,0.106480904
Ccnt1,0.106480904
Mettl9,0.10631684
Smyd3,0.106316835
Ppm1a,0.106316835
Acat1,0.106316835
Nsmce2,0.106316835
Klf9,0.106316835
Scaper,0.106152765
Cspp1,0.106152765
Prpf6,0.106152765
Col4a2,0.106152765
Tpi1,0.106152765
Slc66a2,0.106152765
Sh3kbp1,0.105988696
Zmym5,0.105988696
Gpx8,0.10582463
Derl3,0.10582463
Med28,0.105660565
Cyb5b,0.105660565
Mrps9,0.105660565
Snx12,0.10566056
Echdc2,0.10566056
Dstn,0.10549649
Tsc22d4,0.10549649
Ptpn11,0.10549648
Cyrib,0.10533243
Diablo,0.10533243
Ube2q1,0.10533242
Cdv3,0.10516836
Hif1a,0.10516836
Atp6v0e,0.10516835
Ssu72,0.10500429
Cdk1,0.10500429
Nr2c2,0.10500429
Uhrf1bp1l,0.10500429
Kat6a,0.10500428
Ubr3,0.10500428
Ubxn6,0.10484022
Ldb1,0.10484022
Maco1,0.10484022
Smurf2,0.10484021
Acbd3,0.10484021
Phax,0.10467615
Ubp1,0.10467615
Maml3,0.10467614
Atp11b,0.10451208
Cluh,0.10451208
Mfap2,0.10451207
Jtb,0.10434801
Pabpn1,0.10434801
Zcrb1,0.10434801
Cnot1,0.104348004
Anapc4,0.104348004
Pgrmc1,0.10418394
Psmd1,0.10418394
Mbd5,0.104183935
Bmp2k,0.104183935
Cops5,0.10401987
Map4k5,0.10401987
Prkacb,0.104019865
Rpl35,0.10401986
Pspc1,0.103855796
Prkd3,0.103691734
Mrpl34,0.103691734
Map2k4,0.10369173
Mrpl11,0.10369173
Psma5,0.103527665
Mbd3,0.10352766
Dtnbp1,0.10352766
Clcn3,0.10352766
Rps6kb1,0.103363596
Ndufa1,0.103363596
Slc38a1,0.103363596
Emc7,0.10319953
Sfswap,0.10319952
Rap2b,0.10319951
Arpc5l,0.10303546
Stard7,0.10303546
Arl8b,0.10303546
Mrps18c,0.10303546
Golm2,0.10303545
Brd8,0.10303545
Dis3l2,0.10303545
Chic2,0.10287139
Rc3h2,0.10287139
Uba5,0.10287138
Mocs2,0.10287138
Supt3,0.10287138
Xiap,0.10270732
Taf1,0.10270731
Cul5,0.10270731
Phf13,0.10270731
Mrpl20,0.10254325
Fhdc1,0.10254325
Lrrfip2,0.10254325
Rap1a,0.10254324
Zfp609,0.102379166
Epb41l4aos,0.10221511
Polr2g,0.102215104
Ddx27,0.102215104
Acadvl,0.102215104
Rapgef6,0.102215104
Zbtb7a,0.102215104
2610307P16Rik,0.1022151
Guk1,0.10205104
Lgr4,0.102051035
Pds5a,0.102051035
Amotl1,0.102051035
Nudt3,0.10188697
Eri3,0.10188697
Snrpb2,0.10188697
Tbc1d15,0.10188697
Map1lc3b,0.10188697
Arl15,0.101886965
Snf8,0.101886965
Dnajb6,0.101886965
Cggbp1,0.1017229
Hsd17b11,0.1017229
Il31ra,0.101722874
Arpc3,0.101558834
Usp6nl,0.101558834
Ptpre,0.101558834
Cdc42bpa,0.101558834
Kmt5b,0.10155883
Snrpd1,0.10155883
Tmed4,0.101394765
Tmcc1,0.10139476
Dcn,0.10139476
Helz,0.10139476
Hexim1,0.10139476
Sp1,0.101230696
Snrpe,0.101230696
Cops4,0.101230696
1810058I24Rik,0.101230696
Star,0.10123069
Nnat,0.10106663
Adipor2,0.10106663
Ddhd1,0.10106663
Ubl5,0.10106663
Rasgef1b,0.10106662
Sbds,0.10090256
Zfp740,0.10090256
Dctn3,0.10090255
Tacc1,0.10090255
C1s1,0.10090255
Deptor,0.10090255
Vti1a,0.10090254
Rpl9,0.100902535
Eif4a3,0.10073849
Kdm3a,0.10073848
Stx5a,0.10073848
Stk11,0.10057442
Phpt1,0.10057442
Cd151,0.10057442
Rbm33,0.10057442
Rprd2,0.10057441
Krtcap2,0.10041035
Sgce,0.10041035
Cap1,0.10041034
Cdkn1b,0.10041034
Ppp4r3a,0.10041034
Cert1,0.10024628
Tomm22,0.10024628
Bzw2,0.10024627
Gatad1,0.10024627
Vps36,0.10008221
Firre,0.100082204
Srp19,0.100082204
Mical3,0.100082204
Rtf2,0.099918135
Bub3,0.09975407
Secisbp2l,0.09975407
Ccnt2,0.09975407
Suds3,0.09975407
Emp3,0.09975407
Pogz,0.09959
Myo5a,0.09959
Ube2g1,0.099589996
Dyrk1a,0.099589996
Csnk1g1,0.099589996
Cmip,0.099425934
Kif2a,0.099425934
Timm17a,0.099425934
Dpyd,0.09942591
H3f3a,0.099261865
Txndc9,0.099261865
Stk3,0.09926186
Ptprk,0.09926186
Eif2s1,0.099097796
Tmem14c,0.099097796
Wbp4,0.099097796
Wdr82,0.099097796
Slc30a9,0.099097796
Rpl12,0.099097766
Exoc3,0.09893373
Pafah1b2,0.09893373
Slc25a12,0.09893373
Cks1b,0.09893373
Nop14,0.09893373
Fabp3,0.09893372
Tmx3,0.09876966
Cuedc2,0.09876966
Ndufa11,0.09876965
Actn4,0.09876965
Qser1,0.09876964
Polr2m,0.09860559
Ino80d,0.09860559
Trim37,0.09860558
Mrps28,0.09860558
Ddit4,0.09860558
Ppm1l,0.09844152
Ambra1,0.09844152
Fam168a,0.09844152
Nbeal1,0.09844151
Pkp4,0.09844151
Setd7,0.09844151
Aga,0.09844151
Ryk,0.09827745
Tgfb1i1,0.09827745
Nfix,0.09827745
Dtnb,0.09827744
Slc6a6,0.09827744
Wdr43,0.09811338
Rtraf,0.09811338
Znrf1,0.09811338
Myo18a,0.09811337
Raly,0.09811337
Lamb2,0.09794931
Actr2,0.09794931
Rab12,0.09794931
Wt1,0.09794931
Ubl3,0.09794931
Clpx,0.09794931
Nfx1,0.09794931
Sun2,0.09794931
Rnf10,0.09778524
Scaf8,0.09778524
Abce1,0.09778524
Tmem167,0.097785234
Dnajc21,0.097785234
Extl3,0.09762117
2610507B11Rik,0.09762117
Spcs1,0.09762117
Eci2,0.09762117
Plekha5,0.097621165
Sc5d,0.0974571
Fam32a,0.0974571
Ip6k2,0.0974571
Uchl1,0.097457096
Itch,0.09745709
Mcrip1,0.097293034
Gab1,0.097293034
Ube3c,0.09729303
Grhpr,0.097128965
Slc25a24,0.097128965
Anapc1,0.09712896
Exoc1,0.09712896
Cpsf6,0.09712896
Trmt1,0.096964896
Adk,0.09696489
S100pbp,0.09680083
Mrps21,0.09680083
Arhgap35,0.09680083
Efr3a,0.09680082
Cbl,0.09663676
Ireb2,0.09663676
Dsp,0.09663674
Dlg5,0.09647269
Oaf,0.09647268
Fbxl20,0.09647268
Uvrag,0.09647268
Rbfa,0.09630862
Eif1b,0.09614455
Med1,0.09614454
Umps,0.09598048
Ssbp1,0.09598048
Galnt1,0.09598047
Ccn1,0.095980465
Kdm6a,0.09581641
Osbpl11,0.0958164
Rnf169,0.0958164
Azin1,0.09565234
Nexn,0.09565233
Lztr1,0.09548827
Btaf1,0.09548827
Mrpl17,0.09548827
Fundc2,0.09548827
Ankrd40,0.09548827
Tmem9,0.0953242
Unc50,0.0953242
Map2k2,0.0953242
S100a11,0.0953242
Leprotl1,0.0953242
Papss2,0.095324196
Ptk2,0.095324196
Virma,0.095160134
Rxylt1,0.095160134
Sdhd,0.095160134
Abca1,0.095160104
Eif1a,0.094996065
U2af2,0.094996065
Prrc1,0.094996065
Tiprl,0.094996065
Luzp1,0.09499606
Cttn,0.09499606
Gns,0.094831996
Anxa7,0.094831996
Pcmt1,0.09483199
Brix1,0.09466793
Grsf1,0.09466793
Ehbp1,0.09466792
Slc38a10,0.09466792
Dcaf5,0.09450386
Evl,0.09450386
Pla2g12a,0.09450386
Snx4,0.09450385
Mrps7,0.09450385
Rab5c,0.09433979
Gclc,0.09433979
Sars,0.09433978
Gna12,0.09433978
Tcf20,0.09417572
Mpp5,0.09417572
Fam193b,0.09417572
Pin1,0.09417572
Akap8,0.09417572
Fmr1,0.09401165
Naxd,0.09401165
Sucla2,0.09401165
Mtch2,0.09401165
H2aj,0.09401165
Gpat4,0.09401165
Fam20b,0.09401164
Rnf146,0.09401164
Cdc16,0.09401164
Rrs1,0.09384758
Vps54,0.093847565
Ube2l3,0.09368351
Otud7b,0.09368351
Ppt1,0.09368351
Nans,0.09368351
Fbxo32,0.0936835
Mettl16,0.0936835
Cops8,0.09351944
Cox5a,0.09351944
Lpl,0.093519434
Tmem65,0.093519434
Adgrl2,0.09351943
Rpl27a,0.09335537
Anapc7,0.09335537
Ep300,0.09335537
Stmn1,0.093355365
Clic4,0.093355365
Ciao2a,0.0931913
Stoml2,0.0931913
Fyttd1,0.0931913
Ctsf,0.0931913
Pdcd6ip,0.0931913
Eif4ebp1,0.093191296
Mrpl28,0.093027234
Lztfl1,0.093027234
Taldo1,0.09302723
Map3k4,0.092863165
Gtf2a1,0.092863165
Acbd5,0.09286316
Srsf4,0.09286316
Rbp1,0.09286316
Sod2,0.092699096
Topors,0.092699096
Clk4,0.092699096
Aup1,0.092699096
Bfar,0.092699096
Dym,0.09253502
Ei24,0.09237096
Polr1c,0.09237096
Mthfd1,0.09237096
Acly,0.09237096
Smad7,0.09237095
Imp3,0.09237095
Spg21,0.09237095
Actr10,0.09237095
Srek1ip1,0.09220689
Ist1,0.09220689
Itfg1,0.09220689
Lars,0.09220689
Rab11b,0.09220688
Opa1,0.09204282
Khdc4,0.09204281
Anxa3,0.09204281
Ppp3cb,0.09204281
Setd3,0.09204281
Lmnb1,0.09187875
Agap3,0.09187875
Gcc2,0.09187875
Glb1,0.09187874
Rictor,0.09187874
Car14,0.091878735
Senp2,0.09171468
Smap2,0.09171468
Atic,0.09171468
Neb,0.091714665
Siva1,0.09155061
Dusp11,0.09155061
N4bp2l1,0.09155061
Prpsap1,0.0915506
Gmps,0.09138654
Derl1,0.09138654
Lancl1,0.09138654
Fxr2,0.09138654
Srgap2,0.091386534
Ddx54,0.091386534
Psmd13,0.09122247
Usp16,0.09122247
Trim26,0.09122247
Fam98a,0.091222465
Cachd1,0.091222465
Adss,0.0910584
Cog4,0.091058396
Utp3,0.091058396
Spag7,0.090894334
Ctnnd1,0.090894334
Ypel3,0.090894334
Dhrs7,0.090894334
Rabggtb,0.090894334
Marchf8,0.090894334
Rab3gap1,0.09089433
Lrrc59,0.09089433
Clpp,0.090730265
Abl2,0.090730265
Sgpl1,0.090730265
Thoc2l,0.090730265
Atp6v1g1,0.090730265
Nav1,0.09073026
Clasp1,0.09073026
Dpp3,0.09073026
Naaladl2,0.09073025
Utp11,0.090566196
Rab11fip5,0.090566196
Dnajc13,0.09056619
Mrps14,0.09040213
Cenpv,0.09040213
Selenot,0.09040213
Rnf19a,0.09040213
Ciao2b,0.09040213
Eif5a,0.09040212
Rbm22,0.09040212
Zbtb38,0.09040212
Aldh9a1,0.09023806
Mgat4b,0.09023806
Scarb2,0.09023806
Chchd1,0.09023805
Zdhhc21,0.09023805
Snx27,0.09007399
Ago1,0.09007399
Rreb1,0.09007398
Tox4,0.08990992
Specc1l,0.08990992
Tmem245,0.08990992
Atg101,0.08990992
Zrsr2,0.08990991
Ago2,0.08990991
Aurkaip1,0.08990991
Ror1,0.089909896
Oaz2,0.08974585
Polr2j,0.08974585
Rnf7,0.08974585
Ncoa6,0.08974585
Rufy3,0.08974585
Rflnb,0.08974585
Ndufv1,0.08974585
Tnrc6c,0.08974584
Tial1,0.08958178
Galk1,0.08958178
Garre1,0.08958178
Cryzl1,0.08958178
Nptn,0.08958177
Rnf38,0.08958177
Phkb,0.08958177
Mapk10,0.089581765
Mrps24,0.08941771
Kars,0.08941771
Igfbp2,0.0894177
Rnf181,0.08925364
Cbr1,0.08925364
Chtop,0.08925364
Mrps26,0.08925364
Tra2b,0.08925364
Ogdh,0.08908957
Cnot10,0.08908957
Ipo5,0.08908957
Dhx36,0.08908957
Ier3ip1,0.08908957
Clcn4,0.089089565
Rps16,0.08908955
Mrpl41,0.0889255
Riok3,0.0889255
Xbp1,0.0889255
Sel1l3,0.0889255
Rnf4,0.0889255
Sppl2a,0.088925496
Net1,0.088925496
Rasa1,0.088925496
Golph3,0.088761434
Ncor2,0.08876143
Trappc4,0.08876143
Dph3,0.088597365
Phf10,0.088597365
Mtif2,0.088597365
Washc1,0.088597365
Pcmtd1,0.088597365
Mmadhc,0.08859736
Sh2d4a,0.08859736
Arl1,0.08859736
Gnl1,0.088433295
Sec13,0.088433295
Zfp260,0.088433295
Add3,0.08843329
Ano6,0.08843329
Hdac8,0.08843329
Mycl,0.08843328
Wdr1,0.088269226
Tmem135,0.088269226
Nus1,0.088269226
Cpsf3,0.088269226
Tasor,0.08826922
Ddx47,0.08826922
Yes1,0.08826922
1110038B12Rik,0.08810516
Sf3b6,0.08810516
Chsy1,0.08810516
Ankib1,0.08810516
Itm2a,0.08810515
Satb1,0.08810515
Ulk2,0.08810515
Egln2,0.08810515
Ptprm,0.08810514
Adgrg1,0.08810514
Rangap1,0.08794109
Zfx,0.08794109
Lpgat1,0.08794109
Cep112,0.08794108
Dennd1b,0.08794108
Numb,0.08777702
Pfdn6,0.08777702
Mrps17,0.08777702
Mnat1,0.08777701
Nxn,0.08777701
Klhdc10,0.08777701
Tspan31,0.08777701
Syap1,0.08761295
Rbm28,0.08761295
1110032F04Rik,0.08761295
Pigk,0.08761294
Stau1,0.08761294
Arid5b,0.08761294
Slirp,0.08744888
Ston1,0.08744888
Dnajc10,0.08744888
D10Wsu102e,0.08744888
Nsrp1,0.08744888
Trp53bp1,0.08744888
Cbfb,0.08744888
Cdc42ep3,0.08744887
Pkd2,0.08744887
Nelfb,0.08728481
Dcun1d5,0.08728481
Cdk19,0.08728481
1810013L24Rik,0.08728481
Stk4,0.08728481
Ahsa2,0.0872848
Denn2b,0.0872848
Pknox2,0.0872848
Ndufs3,0.08712074
Gsto1,0.08712074
Becn1,0.08712074
Gata4,0.08712074
Pdhb,0.08712074
Axin1,0.08712074
Commd8,0.087120734
Gorasp2,0.087120734
Rpl36al,0.087120734
Fgd4,0.08712073
Gdi1,0.08695667
Ankrd10,0.08695667
Tmem242,0.08695667
Peg10,0.086956665
Clptm1l,0.0867926
Lamtor2,0.0867926
Dld,0.086792596
Ranbp9,0.086792596
Rsu1,0.086792596
Aff1,0.086792596
Robo2,0.08679259
Otud4,0.086628534
Fam98b,0.086628534
Ice1,0.086628534
Atraid,0.086628534
Apex1,0.086628534
Ndufs1,0.086628534
Nfatc3,0.086628534
Timm17b,0.08662853
Dmtf1,0.086464465
Pdxdc1,0.086464465
Txn2,0.086464465
Tom1l2,0.08646446
Phyh,0.08646446
Ap1g1,0.086300395
Usp15,0.086300395
Pdrg1,0.086300395
Ccser2,0.086300395
Plin2,0.086300395
Tex14,0.08630039
Slc35b2,0.086136326
Pard3b,0.08613631
Cdk7,0.08597226
Pcolce,0.08597226
Stx8,0.08597225
Ak3,0.08597225
Terf2,0.08597225
Larp7,0.08597225
Mob1a,0.08580819
Ptges,0.08580819
Svbp,0.08580819
Dctpp1,0.08580819
Dbp,0.08580819
Baz2a,0.08580818
Shisa5,0.08580818
Srp9,0.08564412
Arhgdia,0.08564412
Amz2,0.08548005
Tmod3,0.08548005
Copg2,0.08548005
Ncaph2,0.08548004
Yeats4,0.08548004
AW554918,0.085480034
Fbxl7,0.08548003
Plaa,0.08531598
Stk24,0.08531598
Ndel1,0.08531598
Sos2,0.08531598
Inppl1,0.08531598
Atp5k,0.08531597
Gng12,0.08531597
Map2k5,0.08531597
Ascc1,0.08515191
E130311K13Rik,0.0851519
Atp6v1d,0.0851519
Trappc9,0.0851519
Tbc1d12,0.0851519
Nub1,0.0851519
Dync2h1,0.0851519
Ppp2r2d,0.08498784
Hmgcs1,0.08498784
Btbd9,0.08498784
Peli1,0.084987834
Ptprf,0.084987834
Noc2l,0.084987834
Ninl,0.08482377
Ahsa1,0.08482377
Mkx,0.084823765
Adgra3,0.084823765
Ilk,0.0846597
Cask,0.084659696
Ubap2,0.084659696
Cenpb,0.084495634
Amotl2,0.084495634
Prc1,0.084495634
Tmed2,0.084495634
Zwint,0.084495634
Smap1,0.08449563
Dut,0.084331565
TUSC3,0.084331565
Zfp462,0.08433156
Jund,0.084167495
Abracl,0.084167495
Ccdc59,0.084167495
Ccdc28b,0.084167495
Ndufv3,0.084167495
Odr4,0.084167495
Gnpat,0.084167495
Brwd3,0.084167495
Tmem87b,0.08416749
Lrba,0.08416749
Prkag2,0.08416749
Commd10,0.08416749
Fshr,0.08416748
Snx1,0.08416748
Oxa1l,0.084003426
Fbxl3,0.084003426
Rae1,0.08400342
Pank3,0.08383936
Ormdl3,0.08383936
Ctdspl,0.08383936
Hmbox1,0.08383936
Kansl1l,0.08383935
Vasp,0.08367529
Dnajc9,0.08367529
Plekha1,0.08367529
Ddx10,0.08367528
Cyhr1,0.08351122
Emc3,0.08351122
Ift74,0.08351121
Mgst3,0.08351121
Pdia5,0.08351121
Uso1,0.08334715
Immp1l,0.08334715
Vps13a,0.08334715
Anapc11,0.08334715
Ubr4,0.08334714
Fchsd2,0.08334714
Tpd52l1,0.08334714
Synm,0.08334714
Taf1d,0.08334714
Myl12b,0.08318308
Prxl2c,0.08318308
Ash2l,0.08318308
Nt5c3b,0.08318308
Cln3,0.08318308
Gmfb,0.08318308
Polr2b,0.08318308
Gga2,0.08318307
E330023G01Rik,0.08318307
Ptbp2,0.08318307
Tnpo2,0.08301901
Rab22a,0.08301901
Bccip,0.08301901
Cwc27,0.08301901
Dpy30,0.08301901
Tpp1,0.08301901
Pccb,0.08301901
Mecp2,0.083019
Cast,0.083019
Fbxw7,0.08285494
Ufc1,0.08285494
Mogs,0.08285494
Ccdc107,0.08285494
Asah1,0.08285494
Maea,0.08285494
Sirt3,0.08269087
Gtf3c1,0.08269087
Dennd4c,0.082690865
Pam,0.082690865
Adprh,0.0825268
Fbxo3,0.0825268
Nup214,0.0825268
Arih2,0.082526796
Mro,0.082526796
Casc3,0.082362734
Hmg20b,0.08236273
Crispld2,0.08236273
Tpm2,0.08236273
Msn,0.08236273
Ngdn,0.082198665
Psmd11,0.082198665
Itsn2,0.082198665
Rhot1,0.082198665
Rpl7l1,0.082198665
Hipk1,0.082198665
Cog5,0.08219866
Vgll4,0.08219866
Ifitm3,0.08219866
Cep57,0.082034595
Tuba1c,0.082034595
Fgfr1op2,0.082034595
Selenow,0.082034595
Ccdc186,0.08203459
Cygb,0.08203459
Sgpp2,0.08203459
Kiz,0.08203459
Bnip3l,0.081870526
Zfp219,0.081870526
C1d,0.081870526
Creld2,0.081870526
Rmdn2,0.081870526
Sh3bp5,0.081870526
Napa,0.081870526
Snx2,0.08170646
Gak,0.08170646
Esyt2,0.08170646
Hsd17b12,0.08170646
Nhlrc2,0.08170646
Trap1,0.08170646
Etnk2,0.08170646
Kifap3,0.08170645
Plcl2,0.08170645
Usp24,0.08170645
Dnajc11,0.08154239
Mrpl42,0.08154239
Tbc1d4,0.08154239
Mrpl12,0.08154239
Rbpj,0.08154239
Arhgef17,0.08154239
Lin7c,0.08154239
Suco,0.08154238
Trafd1,0.08137832
Eci1,0.08137832
Ston2,0.08137831
Ncbp3,0.08121425
4833420G17Rik,0.08121425
Smad5,0.08121425
Chordc1,0.08121425
Ubfd1,0.08121424
Nrf1,0.08121424
Dynlt3,0.08105018
Rnasel,0.08105018
Samhd1,0.08105018
Angel2,0.08105018
Midn,0.08105018
Cep350,0.08105017
Qsox1,0.08088611
1110004F10Rik,0.08088611
Atp5mpl,0.08088611
Tk2,0.08088611
Tmem134,0.08088611
Mien1,0.08088611
Utp14a,0.08088611
Mrpl39,0.0808861
Atp1b1,0.0808861
Atp6v1b2,0.08072204
Slc25a36,0.08072204
Rnf114,0.08072204
Ap2b1,0.08072204
Tars,0.08072204
Rsbn1l,0.08072204
Msmo1,0.08072204
Tprgl,0.08072204
Brip1os,0.08072203
Nnt,0.08072203
Lonp2,0.08055797
Zfp280d,0.08055797
Cyth2,0.08055797
Kif16b,0.080557965
Laptm4b,0.080557965
Inhbb,0.080557965
Pcgf3,0.080557965
Mpzl1,0.080557965
Mcm6,0.0803939
Armcx2,0.0803939
Abl1,0.080393896
Slc9a7,0.080393896
Rps23,0.08039389
Rai2,0.08039389
Abcc5,0.08022983
Pafah1b3,0.08022983
Pip5k1a,0.08022983
Ccdc34,0.08022983
Pdp1,0.08022983
Nudcd3,0.08022983
Psen2,0.08022983
Zc3h7a,0.08022983
Sema3b,0.08022983
P4ha1,0.08022983
Faf1,0.080229826
Lama2,0.0802298
Wipi2,0.080065764
Ddah2,0.080065764
Actr1a,0.080065764
Pdcl3,0.080065764
Cnot8,0.080065764
Chmp3,0.080065764
Map3k7,0.079901695
Ddx52,0.079901695
Hnrnpll,0.079901695
Axl,0.07990169
Cstf3,0.07990169
Pcnt,0.07990169
Adgrl1,0.07990169
Far1,0.07990169
Zfp131,0.07990169
Pcf11,0.079737626
Lrrc45,0.079737626
Sidt2,0.079737626
Ivd,0.079737626
Stk38,0.07973762
Ube2m,0.07957356
Ezh1,0.07957356
Zc3hav1,0.07957356
Hcfc1,0.07957356
Fkbp10,0.07957356
Usp32,0.07957355
Afg3l1,0.07957355
Peak1,0.07957355
Rps7,0.079573534
Plpp3,0.07940949
Asf1a,0.07940949
Magoh,0.07940949
Ifrd1,0.07940949
Pggt1b,0.07940948
Smad3,0.07940948
Pak1ip1,0.07924542
Smarce1,0.07924541
Bcar3,0.07924541
Cfap36,0.07908135
Mrps12,0.07908135
Ino80,0.07908135
Ipo9,0.07908135
Irs2,0.07908134
Mysm1,0.07908134
Egfr,0.079081334
Hip1,0.079081334
Hmox2,0.07891728
Nipsnap2,0.07891728
Med25,0.07891728
Nsfl1c,0.07891727
Il11ra1,0.07891727
Ccs,0.07875321
Unc119,0.07875321
Ppfia1,0.07875321
Rbm27,0.07875321
Gstt1,0.07875321
Mef2d,0.07875321
Sap30l,0.07875321
Kdelr2,0.07875321
Dctn4,0.07875321
1110065P20Rik,0.07875321
Clock,0.0787532
Itih2,0.0787532
Hnrnpa3,0.078753196
Vps41,0.07858914
Snhg5,0.07858914
Elk4,0.07858914
Mtres1,0.07858914
Arhgef11,0.07858914
Prpf40b,0.07858914
Dicer1,0.078589134
Yeats2,0.078589134
Dync1i1,0.07858912
Rraga,0.07842507
2610001J05Rik,0.07842507
Akap11,0.078425065
Cept1,0.078425065
Dcun1d1,0.078261
Fam204a,0.078261
Tgs1,0.078261
Tmem256,0.078261
Dnajb14,0.078260995
Ppp1r7,0.078260995
Atp1b2,0.078260995
Ppia,0.07826099
Agfg1,0.07809693
Osbpl5,0.07809693
Dgcr6,0.07809693
Rasl11b,0.07809693
Cntrl,0.078096926
Cdadc1,0.078096926
Fgd5,0.07809692
Tln2,0.077932864
Trpc4ap,0.077932864
Yme1l1,0.077932864
Kdm5c,0.077932864
Ucp2,0.077768795
Cisd2,0.077768795
Mtln,0.077768795
Lrrc8d,0.077768795
Tm2d2,0.077768795
Stat3,0.077768795
Decr1,0.077768795
Sec23ip,0.077768795
Ankrd13c,0.07776879
Sh3bp4,0.077604726
Enox2,0.07760472
Mrps15,0.07744066
Srp68,0.07744066
Ufd1,0.07744066
Oxr1,0.07744065
Pias2,0.07744065
Tmtc1,0.07744064
2210016F16Rik,0.07727659
2210016L21Rik,0.07727659
Timm44,0.07727659
Smo,0.07727659
Thoc3,0.07727659
Usp19,0.07727659
Ube2c,0.07727658
Ube2e3,0.07711252
Nudcd2,0.07711252
Mettl26,0.07711252
Wdr48,0.07711251
Ahctf1,0.07694845
Shoc2,0.07694845
Atp6v0d1,0.07694845
Azi2,0.07694845
Pbdc1,0.07694845
Poldip2,0.07694845
Gars,0.07694845
Ugp2,0.07694845
Cstb,0.07694845
Tex30,0.07694844
4932438A13Rik,0.07694844
Clk2,0.07678438
Lrch3,0.07678438
Msh2,0.07678438
Tma7,0.07678438
Fez2,0.07678438
Cyth3,0.07678438
Dgkd,0.07662031
Igf2r,0.07662031
Adgrf5,0.07662031
Chmp2b,0.07662031
Chmp1a,0.07662031
Pxk,0.0766203
Dnmt1,0.0766203
Mon2,0.0766203
Cldnd1,0.0766203
Camsap1,0.0766203
Tsg101,0.07645624
Otub1,0.07645624
Phc3,0.07645624
Ogfr,0.07645624
Myef2,0.07645624
Kpna4,0.076456234
Parl,0.076456234
Nom1,0.076456234
Kif13b,0.076456234
Cnot7,0.07629217
Mau2,0.07629217
Sumo1,0.07629217
Plxnb2,0.07629217
Vnn1,0.07629217
Nudt9,0.07629217
Ints6,0.076292165
Zfp91,0.076292165
Itpr2,0.076292165
Col4a6,0.07629214
Alyref,0.0761281
Scaf4,0.0761281
Cript,0.0761281
Mxi1,0.0761281
Mrpl30,0.0761281
Rab21,0.0761281
Rptor,0.076128095
Fam13b,0.076128095
AC149090.1,0.076128095
Ddrgk1,0.07596403
Kat2b,0.07596403
Dhx30,0.07596403
Gemin7,0.07596403
Senp7,0.07596403
Gtf3c6,0.07596403
Exosc8,0.075964026
Pou2f1,0.075964026
Klf7,0.075964026
Tcf7l1,0.07596402
Bicc1,0.07596401
Rab11fip2,0.075799964
Aamp,0.075799964
Lyar,0.075799964
Tmem98,0.075799964
Pfdn4,0.07579996
Usp40,0.07579996
Stxbp2,0.07579996
Sned1,0.07579996
Hspa4l,0.07579996
Zfp318,0.075635895
Rpl22l1,0.075635895
Birc5,0.075635895
Phf20,0.075635895
Ube2z,0.075635895
Atrn,0.07563589
Xpr1,0.07563589
Atp7a,0.07563589
Amn1,0.075471826
Ccdc6,0.075471826
Immp2l,0.0754718
Zfp322a,0.07530776
Snhg18,0.07530776
Sesn1,0.07530776
Cdc37l1,0.07530776
Pdgfd,0.07530775
Fam222b,0.07530775
Trim8,0.07530775
Spr,0.07514369
Fzd3,0.07514369
Med4,0.07514369
Tmbim4,0.07514369
Hadh,0.07514369
Mrpl9,0.07514368
Fam234a,0.07514368
Flot1,0.07497962
Znrf2,0.07497962
Slc27a1,0.07497962
Grb2,0.07497962
Ncoa5,0.07497962
Nceh1,0.07497962
Septin9,0.07497962
Kdm3b,0.07497962
Gclm,0.07497962
Syt7,0.07497961
Mrps30,0.07497961
Rlf,0.07497961
Znrf3,0.07497961
Dlgap1,0.0749796
Nadk,0.07481555
Tmem184a,0.07481555
Lrrc42,0.07481555
Zkscan3,0.07481555
Urod,0.07481555
Hpf1,0.07481555
Tagln,0.07481555
Cops3,0.07481555
Cd320,0.07481555
Anxa6,0.07481555
Ankrd50,0.07481555
Slc3a2,0.07481554
Poglut3,0.07465148
Lig1,0.07465148
Zfp532,0.07465148
Pold3,0.07465148
Pgap2,0.07465147
Daam1,0.07448741
Dennd5b,0.07448741
Txnl4a,0.07448741
Mtap,0.07448741
N4bp1,0.07448741
Eftud2,0.0744874
Odf2,0.0744874
Uchl5,0.07432334
C1galt1,0.07432334
Mmp23,0.07432334
Smarcad1,0.07432334
Sp3,0.07432334
Mrpl51,0.07432334
Krit1,0.07432334
Cdk5rap2,0.07432334
Scmh1,0.07432334
Atf6b,0.07415927
Vsig10,0.074159265
Cst12,0.07415926
E130308A19Rik,0.0739952
Rnf34,0.0739952
Hdgfl2,0.0739952
Commd1,0.0739952
Ncoa1,0.0739952
Rnaseh2c,0.0739952
Snhg20,0.0739952
Map2k1,0.073995195
Scyl1,0.073995195
Cox17,0.073995195
Zc3h18,0.073995195
Rps27a,0.07399517
Gusb,0.07383113
Anapc2,0.07383113
Tsr1,0.07383113
Foxk1,0.07383113
Gart,0.07383113
Ccz1,0.07383113
Timp3,0.073831126
Commd7,0.073831126
Trim56,0.073831126
Hddc2,0.073667064
Prr13,0.073667064
Rab24,0.073667064
5031425E22Rik,0.073667064
Copz1,0.073667064
Bcap29,0.073667064
Otud5,0.073667064
Mlf2,0.07366706
Hmgb1,0.07366705
Myocd,0.07366705
Capn7,0.073502995
Pitpnb,0.073502995
Eapp,0.073502995
Ing5,0.073502995
Cwf19l2,0.073502995
Rbbp8,0.073502995
Kdm4a,0.073338926
Mllt6,0.073338926
Rnf6,0.073338926
Wdr45b,0.073338926
Atg3,0.073338926
Plrg1,0.073338926
Tmem208,0.073338926
Ascc3,0.073338926
Acadsb,0.07333892
Ppm1e,0.07333892
Myl9,0.07333892
Pvt1,0.07333891
Lats2,0.07317486
Baz1a,0.07317486
Dock6,0.07317486
Ndufb4,0.07317486
Sec22b,0.07317486
Cat,0.07317486
Fam102b,0.07317485
Stat5b,0.07301079
Foxj3,0.07301079
Wdr6,0.07301079
Evc2,0.07301079
Arhgef6,0.07301079
Commd2,0.07301079
Rab5if,0.07301078
Leo1,0.07301078
Abcd2,0.07301077
Pgrmc2,0.07284672
Dlat,0.07284672
Zswim6,0.07284672
Zhx3,0.07284671
Ube2d2a,0.07284671
Rpl36,0.0728467
Prpf39,0.07268265
Lamtor5,0.07268265
Rnf103,0.07268265
Lrrcc1,0.07268265
Wfdc10,0.07268265
Tsen34,0.07268265
Arhgap21,0.07268265
1600012H06Rik,0.07268265
Snrnp48,0.07268264
Hdac4,0.07268264
Ube2j2,0.07268264
Ppa1,0.07268264
Mrtfb,0.07251858
Sf3a1,0.07251858
Lamtor1,0.07251858
Phf5a,0.07251858
Ncbp2,0.07251858
Rnf111,0.07251858
Lcorl,0.07251858
Ppan,0.07251858
Atp6v1a,0.07251858
Tsc22d3,0.07251857
Ift43,0.07251857
Nr6a1,0.07251856
Smarcd2,0.07235451
Snrnp27,0.07235451
Cpxm1,0.07235451
Marf1,0.07235451
Ube2e2,0.0723545
Tmem11,0.07219044
Fam50a,0.07219044
Scand1,0.07219044
Armh3,0.072190434
Smyd2,0.072190434
Nedd4l,0.072190434
Pbx3,0.072190434
Rasl11a,0.072190434
Wbp11,0.07202637
Glt8d1,0.07202637
Exoc5,0.07202637
Gatd3a,0.072026365
Dennd6a,0.072026365
Rhot2,0.072026365
Casp8ap2,0.072026365
Rpl19,0.07202635
Cep20,0.0718623
Bod1,0.0718623
Ndufaf2,0.0718623
Klc1,0.071862295
Jun,0.071862295
Cramp1l,0.071862295
Kif13a,0.071862295
Ikbip,0.07169823
Aifm1,0.07169823
Metap1,0.07169823
Bok,0.07169823
Tmem165,0.07169823
Mblac2,0.07169823
Vps35l,0.07169823
Cmas,0.07169823
Cep120,0.07169823
Klhl31,0.07169823
Pip4k2a,0.071698226
Phf12,0.071698226
R3hcc1l,0.071698226
Ndufb1,0.071534164
Limd1,0.071534164
Stx16,0.071534164
Arpc4,0.071534164
Ddr1,0.071534164
Ergic1,0.071534164
Plscr3,0.071534164
Aatf,0.071534164
Zyg11b,0.071534164
Birc2,0.07153416
Rps25,0.07153416
Dbt,0.07153416
Iars2,0.071370095
Chrac1,0.071370095
BC031181,0.071370095
Rfx7,0.071370095
Sar1b,0.071370095
Araf,0.071370095
Tns1,0.071370095
Mapk9,0.071370095
Lpin2,0.07137009
Map4k3,0.07137009
Las1l,0.071206026
Mcm7,0.071206026
Dcaf7,0.071206026
Usp11,0.071206026
Bhlhb9,0.071206026
Arhgap32,0.071206026
Tmx1,0.071206026
Cdk5rap3,0.071206026
Csnk1g3,0.07120602
Rars,0.07120602
Zfp618,0.07120602
H19,0.07120599
Gpbp1l1,0.07104196
Ipo11,0.07104196
Snrpa1,0.07104196
Mtrex,0.07104196
Pts,0.07104196
Rbm10,0.07104196
Hspg2,0.07104196
Mphosph10,0.07104196
Chmp5,0.07104196
Larp4,0.07104195
Ubr1,0.07104195
Lrrc8c,0.07104195
Arhgap17,0.07087789
Dctn6,0.07087789
N6amt1,0.07087789
Ppp1r11,0.07087789
Npepl1,0.07087789
Bmp1,0.07087789
Nvl,0.07087789
Swt1,0.07087789
Pde1a,0.07087788
Rab31,0.07071382
Golga2,0.07071382
Phrf1,0.07071382
Fau,0.07071381
L3mbtl3,0.0707138
Abhd4,0.07054975
Ptdss1,0.07054975
Pom121,0.07054975
Trp53inp2,0.07054975
Ndufab1,0.07054975
Morc3,0.07054975
Nipal1,0.07054974
Repin1,0.07054974
Nr5a1,0.07054974
Pias1,0.07054974
Cebpb,0.07038568
Cul7,0.07038568
Lrrc41,0.07038568
Arhgef3,0.07038568
Cuta,0.07038568
Akt1,0.07038568
Irf3,0.07038568
Rpl7a,0.07038567
Pes1,0.07038567
Ccnd3,0.07022161
Uggt1,0.07022161
Washc3,0.07022161
Selenoh,0.07022161
Pwwp2a,0.0702216
Ugdh,0.0702216
Ptpn12,0.0702216
Susd6,0.07005754
Mafg,0.07005754
Clptm1,0.07005754
Phf23,0.07005754
Eloa,0.07005754
Polr2c,0.07005753
Depdc5,0.07005753
Rnmt,0.07005753
2700049A03Rik,0.07005753
Actl6a,0.06989347
Dstyk,0.06989347
Slain2,0.06989347
Pptc7,0.06989347
Sparcl1,0.06989347
Tcof1,0.06989347
Dnttip1,0.06989347
Gxylt2,0.06989347
Smad2,0.069893464
Mertk,0.069893464
Dcaf1,0.0697294
Ext2,0.0697294
Naalad2,0.0697294
Clns1a,0.0697294
Nr1d2,0.069729395
Ptrh2,0.069729395
Lap3,0.069729395
Kcnk2,0.069729395
Ppp1r12b,0.069729395
Rspry1,0.06956533
Mob4,0.06956533
Nop56,0.06956533
Aif1l,0.06956533
Nmt1,0.06956533
Spast,0.06956533
Orc2,0.069565326
Ermp1,0.069565326
Omd,0.069565326
Tram1,0.069565326
Cep85l,0.069401264
Tspan6,0.069401264
Dcaf12,0.069401264
Sugp1,0.069401264
Qrich1,0.069401264
Mrpl27,0.069401264
Rit1,0.069401264
Hmgb2,0.06940126
Morf4l1,0.06940126
Phc2,0.069237195
Tsc1,0.069237195
Vps29,0.069237195
Tsnax,0.069237195
Zcchc17,0.069237195
Rnf11,0.06923719
Dact1,0.06923719
Asb4,0.06923719
Bin1,0.069073126
Egln1,0.069073126
Dgcr2,0.069073126
Hspa14,0.069073126
Fbxw2,0.069073126
Dhx38,0.069073126
Nipsnap1,0.069073126
Mapk14,0.06907312
Atp2b4,0.06907312
Ro60,0.06907312
Tor1b,0.06907312
Tns3,0.06907312
Fads1,0.06907312
Trim25,0.06890906
Psmb5,0.06890906
Slc25a11,0.06890906
Stim1,0.06890906
Trerf1,0.06890906
Atf1,0.06890905
Terf1,0.06890905
Mfn1,0.06890905
Sema3g,0.06890905
Bmper,0.06890904
Snx17,0.06874499
Mapk8,0.06874499
Wrn,0.06874499
Dido1,0.06874499
Cdh2,0.06874498
Rpl23a,0.068744965
Mapkapk2,0.06858092
Abcd3,0.06858092
Tmem254a,0.06858092
Bex1,0.06858092
Metap1d,0.06858092
Usp4,0.06858092
Rad54l2,0.06858091
Rab13,0.06858091
Lsg1,0.06841685
Atxn7,0.06841685
Foxo3,0.06841685
Supt20,0.06841685
Lage3,0.06841685
Cdc25a,0.06841685
Snapin,0.06841685
Ppp6c,0.06841685
Bcl2l13,0.06841685
Plxna2,0.068416834
Usp28,0.06825278
Fnip1,0.06825278
Coro1c,0.06825278
Ccnb2,0.06825278
Ccdc8,0.06825278
Msl3,0.06825278
Shprh,0.06825277
Fam122b,0.06825277
Yars,0.06825277
Pcna,0.06825277
Ptpn4,0.06825277
Sfxn1,0.06808871
Thoc1,0.06808871
Mpc2,0.06808871
Mcmbp,0.06808871
Smco4,0.06808871
Pdcd5,0.0680887
Zfp664,0.0680887
Xpa,0.06792464
Malsu1,0.06792464
Tbc1d20,0.06792464
Sdc1,0.06792464
Usp25,0.06792464
Golga3,0.06792464
Ncapd2,0.06792464
Ubl4a,0.06792463
Sh3d19,0.06792463
Cep170,0.06792463
Flii,0.06776057
Cenpa,0.06776057
Coasy,0.06776057
Afg3l2,0.06776057
Pdha1,0.06776057
Emsy,0.06776057
Nfxl1,0.067760564
Sec23a,0.067760564
Spen,0.067760564
Tfg,0.0675965
Mapk3,0.0675965
Dohh,0.0675965
Tef,0.0675965
Ost4,0.0675965
Cbx6,0.0675965
Herpud2,0.0675965
Usp14,0.067596495
Atf6,0.067596495
Ppp2r5a,0.06743243
Ykt6,0.06743243
Adh1,0.067432426
Ube2e1,0.067432426
Slu7,0.067432426
Krr1,0.067268364
Txlna,0.067268364
Med7,0.067268364
Ttc1,0.067268364
Lamc1,0.06726836
Pex5,0.06726836
Vps26a,0.06726836
Btbd3,0.067104295
Tapbp,0.067104295
Ncstn,0.067104295
Senp5,0.06710429
Trim2,0.06710429
Kif3a,0.066940226
Cul9,0.066940226
Alkbh5,0.066940226
Tmem131l,0.06694022
Mtx2,0.06694022
Ppp3cc,0.06694022
Minpp1,0.06677616
Larp1,0.06677616
Fam136a,0.06677616
Ints9,0.06677616
Rab8a,0.06677616
Trappc2l,0.06677616
Psme2,0.06677616
Cdc34,0.06677616
Mdm2,0.06677616
Nos1ap,0.06677616
Sox12,0.06661209
Tdrd3,0.06661209
Elp3,0.06661209
Ppp1r2,0.06661209
Mrpl15,0.06661209
Hyou1,0.06661209
Scamp2,0.06661209
Vwa8,0.06661208
Ralgapa2,0.06661208
Mvb12a,0.06644802
Pef1,0.06644802
Snrpg,0.06644802
Suclg2,0.06644802
B3galnt1,0.06644801
Stx6,0.06644801
Yipf4,0.06644801
Csad,0.06628395
Lysmd3,0.06628395
Lsm8,0.06628395
Gon4l,0.06628395
Fcf1,0.06628395
Dpy19l1,0.06628395
Sympk,0.06628395
Pank2,0.06628395
Hyal2,0.06628395
Polr2a,0.06628394
Cul4b,0.06628394
Lrrc2,0.06628394
Dcaf10,0.06628394
Atp9b,0.066283934
Vcpip1,0.06611988
Slf1,0.06611988
Gadd45gip1,0.06611988
Vps28,0.06611988
Ednra,0.06611987
Airn,0.066119865
Fads2,0.066119865
Cdc14a,0.06595581
Rbis,0.06595581
Mta1,0.06595581
Slc25a28,0.06595581
Gins4,0.06595581
Klc2,0.06595581
Map3k2,0.0659558
Spats2,0.06579174
Dcakd,0.06579174
2310022B05Rik,0.06579174
Akap7,0.06579174
Armc10,0.06579174
Nek1,0.06562767
Hat1,0.06562767
Tom1l1,0.06562767
Hacd2,0.06562767
Rbmxl1,0.06562767
Hltf,0.06562767
Arhgap1,0.06562767
Ranbp10,0.065627664
Cstf2,0.065627664
Sytl2,0.06562766
Rbmx,0.0654636
Tpx2,0.0654636
Gstt2,0.0654636
Lats1,0.0654636
Cep83,0.065463595
Fbxo21,0.065463595
Smad1,0.065463595
Gxylt1,0.06529953
Ltbp1,0.06529953
Khsrp,0.06529953
Mdp1,0.06529953
Neu3,0.065299526
Pde7a,0.065299526
Apbb2,0.065299526
Cnnm2,0.065299526
Mrps10,0.065299526
Eif4e3,0.065299526
Surf1,0.065299526
Angptl4,0.065299526
Ppp1r12c,0.065299526
Sos1,0.065135464
Fmc1,0.065135464
Cacul1,0.065135464
Man2b1,0.065135464
Wdr5,0.06513546
Timm9,0.06513546
Pim3,0.06513546
Tdp2,0.06513546
Pdzd8,0.06513546
Tmed5,0.064971395
Mtss1,0.064971395
Zhx1,0.064971395
Rpl15,0.06497139
Etnk1,0.06497139
Gnai1,0.06497139
Dhrs4,0.064807326
Prrc2a,0.064807326
Ankrd26,0.064807326
Zmat1,0.06480732
Cplane1,0.06480732
Map2k7,0.06464326
Pole4,0.06464326
Gm2a,0.06464326
Pcp4l1,0.06464326
Trappc6a,0.06464326
St3gal2,0.06464325
Tacc3,0.06464325
Ophn1,0.06464325
Gpr108,0.06464325
0610030E20Rik,0.06464325
Sdad1,0.06464325
Slc39a6,0.06447919
Zfp622,0.06447919
Parn,0.06447919
Ccnh,0.06447919
Lmna,0.06447919
Pald1,0.06447919
Mis12,0.06447918
Grik3,0.06447918
Sephs1,0.06447918
Cep290,0.06447918
Stx7,0.06447918
Coq9,0.06431512
Stx12,0.06431512
Mrps31,0.06431512
Nab1,0.06431512
Nfic,0.06431512
Dot1l,0.06431512
Prmt5,0.06431512
Pitpnc1,0.06431511
Hdgfl3,0.06415105
Mak16,0.06415105
Rap1gds1,0.06415105
Uba2,0.06415105
Mir703,0.06415105
Hs2st1,0.06415105
Hypk,0.06415105
Rapgef2,0.064151034
Btd,0.06398698
Ptpn21,0.06398698
Cdc20,0.06398698
Mapk1ip1l,0.06398698
Slc44a1,0.06398697
Rnpep,0.06398697
Stxbp6,0.06398697
Iah1,0.06398697
U2af1,0.06382291
Knstrn,0.06382291
Eno1,0.06382291
Gtf2b,0.06382291
Nae1,0.06382291
Zfp41,0.06382291
Rpl38,0.0638229
Dleu2,0.0638229
Sccpdh,0.0638229
Gpsm1,0.06365884
Ezr,0.06365884
Cnppd1,0.06365884
Marchf2,0.06365884
Gtf3c2,0.06365884
Prkag1,0.06365884
Trmt112,0.06365883
Trps1,0.063658826
Atad1,0.06349477
Usp1,0.06349477
Golga5,0.06349477
Gm21992,0.06349477
Tmem259,0.06349477
Msh6,0.06349477
Cnep1r1,0.06349477
Agps,0.06349477
Zdhhc3,0.06349477
Rnf180,0.063494764
Dmac1,0.063494764
Capn2,0.063494764
Ank,0.063494764
Rbm47,0.063494764
Reep5,0.0633307
P3h1,0.0633307
Taf3,0.0633307
Tubgcp3,0.0633307
Pigx,0.0633307
Nck1,0.0633307
Ptpa,0.0633307
Thada,0.0633307
Desi2,0.0633307
Snapc5,0.0633307
Polr3gl,0.0633307
2510039O18Rik,0.0633307
Cep70,0.063330695
Snap23,0.063330695
Zfp787,0.063330695
Lpcat3,0.06316663
Pikfyve,0.06316663
Megf8,0.06316663
Sap130,0.06316663
Skil,0.06316663
Ccdc91,0.06316663
Krt20,0.063166626
Spcs3,0.063166626
Smad6,0.063166626
Mrpl43,0.063166626
Gbf1,0.063166626
Etl4,0.063166626
Mrpl54,0.063002564
Ttf1,0.063002564
Ets2,0.063002564
Svil,0.063002564
Zfp516,0.063002564
Aldh7a1,0.063002564
Anxa4,0.063002564
Tram2,0.063002564
Wwp2,0.063002564
Cbfa2t2,0.06300256
Tor1aip1,0.06300256
Iqgap2,0.06300255
Hras,0.062838495
Trak2,0.062838495
Sart3,0.062838495
Kpna6,0.062838495
Wdr41,0.062838495
Fbxw8,0.062838495
Pdcd2,0.062838495
Plagl1,0.062838495
Gdpd2,0.062838495
Sclt1,0.06283849
Mitf,0.06283849
Coa8,0.062674426
Abat,0.062674426
Usf3,0.062674426
Rhob,0.062674426
Atl2,0.062674426
Sdsl,0.062674426
Tmem160,0.062674426
Rasal2,0.062674426
Chst11,0.062674426
Stxbp3,0.06267442
Smurf1,0.06267442
Diaph1,0.06267442
Xab2,0.06251036
Gabpb2,0.06251036
Rhoc,0.06251036
Camsap2,0.06251036
Thumpd1,0.06251036
Npdc1,0.06251036
Pgbd5,0.06251036
Zfp251,0.06251035
Polr3g,0.06251035
Polr2h,0.06251035
Rpa3,0.06251035
Cep68,0.06251035
Arl8a,0.06234629
Mrpl48,0.062346287
Vrk1,0.062346287
Dip2b,0.062346287
Commd6,0.062346287
Riok2,0.062346287
Heca,0.062346287
Cd99l2,0.062346283
Mrpl50,0.062346283
Fbxl5,0.062346283
Ago3,0.06234628
Ern1,0.06218222
Nrbp1,0.062182218
Wwp1,0.062182218
Gprasp2,0.062182218
Trip4,0.062182218
Lasp1,0.062182218
Msantd2,0.062182214
Gm4876,0.062182203
Pex2,0.06201815
Rnf168,0.06201815
Tprkb,0.06201815
Nifk,0.06201815
Rnf166,0.06201815
Tubb4b,0.06201815
Btrc,0.06201815
Phactr4,0.06201815
Scai,0.06201815
Stau2,0.06201815
Pibf1,0.062018145
Nelfe,0.061854083
Ccdc58,0.061854083
Arfgap1,0.06185408
N4bp2,0.06185408
Nsmce3,0.06185408
Klf3,0.06185408
Mafk,0.06185408
Shtn1,0.06185408
Med17,0.061854076
Dapk1,0.06185407
Dpp8,0.06169001
Etfdh,0.06169001
Pkn1,0.06169001
Pop4,0.06169001
Mipol1,0.06169001
Mgrn1,0.06152594
Pdlim4,0.06152594
Smg7,0.06152594
Reps1,0.061525937
Kif20b,0.061525937
Incenp,0.061525937
Kmt2d,0.061361875
Plec,0.06136187
Abr,0.06136187
Mlxip,0.06136187
Tmem106b,0.06136187
Fam133b,0.06136187
Ctdspl2,0.06136187
Il10rb,0.06136187
Pde8a,0.06136187
Sarnp,0.06136187
Hnrnpf,0.061361868
Map3k3,0.061361868
Ccdc25,0.061197802
Dtd1,0.061197802
Ddhd2,0.061197802
Rrm1,0.061197802
Ufl1,0.061197802
Usp5,0.061197802
Osgep,0.061197802
Ppil4,0.0611978
Atp8a1,0.06119779
Ptprs,0.061033737
Pacsin2,0.061033737
Ufsp2,0.061033737
Fig4,0.061033737
Vps72,0.061033733
Syde1,0.061033733
Npc1,0.061033733
Actr1b,0.061033733
Mcm3,0.061033733
Mea1,0.061033733
Timm21,0.061033733
Xpot,0.06103373
Ammecr1,0.06103373
Nop16,0.06103373
Alkbh8,0.06103373
Lemd2,0.060869668
Chaserr,0.060869668
Fam120b,0.060869668
Acp2,0.060869664
Znhit6,0.060869664
Atp6ap2,0.060869664
Pdcd11,0.060869664
Zfp330,0.060869664
Polr2i,0.060869664
Rxrb,0.06086966
Magi3,0.060869657
Sf3b5,0.0607056
Aamdc,0.0607056
Nup50,0.060705595
Rbl2,0.060705595
Frmd4a,0.060705595
Cfap20,0.060705595
Ankfy1,0.060705595
Taok3,0.06070559
Kif23,0.06070559
Cep63,0.06070559
Taz,0.06054153
Api5,0.06054153
Hars,0.06054153
Acot13,0.060541525
Glo1,0.060541525
Vps37a,0.060541525
Derl2,0.060541525
Wdr3,0.060541525
Sypl,0.060541525
Dhx57,0.060541525
Tbc1d23,0.06054152
Rfx3,0.060541518
Cenpp,0.060541514
Clstn2,0.06054151
Zfp24,0.06037746
Lmbrd1,0.06037746
Cabin1,0.06037746
Capg,0.06037746
Smim13,0.060377456
Vps16,0.060377456
Ints13,0.060377456
Fam114a1,0.060377456
Adamts9,0.060377453
Atr,0.060377453
Rnf145,0.060377453
Rad18,0.060377453
Dennd2a,0.06037745
Atxn2l,0.06021339
Pfkp,0.060213387
Cnih1,0.060213387
Zmpste24,0.060213387
Kctd3,0.060213387
Lsm1,0.060213387
Igfbp5,0.060213383
Gtf3a,0.060213383
Ufm1,0.060213383
Trappc6b,0.060213383
Dcaf6,0.060213383
Zdhhc17,0.06021338
Smim11,0.06004932
Pik3c2a,0.060049318
Arl5b,0.060049318
Acads,0.060049318
Preb,0.060049318
Atp9a,0.060049318
Fbh1,0.059885252
Cmc1,0.059885252
Plcb4,0.05988525
Ccdc191,0.05988525
Tnfaip1,0.05988525
Tmed7,0.05988525
Ssbp2,0.05988525
Prpf31,0.05988525
Olfr1033,0.05988525
1110038F14Rik,0.05988525
Lig3,0.05988525
Sike1,0.05988524
Irf2bpl,0.059721183
Fbrsl1,0.05972118
Git2,0.05972118
Skiv2l,0.05972118
Scamp1,0.05972118
Rgs12,0.05972118
Rragc,0.05972118
Dzip3,0.05972118
Slc12a2,0.05972118
Ttc5,0.059721176
Prmt7,0.059721176
Msh3,0.05972117
Col6a3,0.05972117
Nup88,0.059557114
Prep,0.05955711
Creb3,0.05955711
Brf1,0.05955711
Man1a,0.05955711
Zfp467,0.05955711
Tomm40,0.05955711
Farsa,0.05955711
Alas1,0.059557103
Hao2,0.0595571
Rpl36a,0.059557095
Efna5,0.059557095
Tfam,0.059393045
Nol11,0.05939304
Atp2c1,0.05939304
Nagk,0.05939304
Fbxo28,0.05939304
Rpa1,0.05939304
Emc8,0.05939304
Pclaf,0.05939304
Lyrm2,0.05939304
Papss1,0.05939304
Gm38394,0.059393037
9130401M01Rik,0.059393037
Pi4ka,0.059393033
Socs7,0.059228975
Bri3,0.05922897
Ints4,0.05922897
Dnm2,0.05922897
Mrps11,0.05922897
Ankle2,0.059228968
Trnt1,0.059228968
Jade1,0.059228968
Mfsd1,0.059228968
Rerg,0.059228964
Crkl,0.059064906
Ift81,0.059064902
Fem1b,0.059064902
Comt,0.059064902
Sun1,0.059064902
Tspan4,0.059064902
Tsfm,0.059064902
Pphln1,0.0590649
Fut8,0.059064895
Khk,0.058900833
Armc8,0.058900833
Slc45a4,0.058900833
Arhgef1,0.058900833
Septin10,0.058900833
Pdpk1,0.058900833
Polr3k,0.058900833
Uba6,0.058900833
Ppp1r13b,0.058900826
Nmd3,0.058736764
Rnf5,0.058736764
Vkorc1l1,0.05873676
Pacs1,0.058736756
Sdf2l1,0.058572695
Ccm2,0.058572695
Rpia,0.058572695
Eif1ad,0.058572695
Cblb,0.058572695
Rab3ip,0.05857269
Utp20,0.05857269
Gm26691,0.058572687
Rrp1b,0.05840863
Cd2bp2,0.05840863
Cdc42se2,0.058408625
Abhd17a,0.058408625
Phb,0.058408625
Pole3,0.058408625
Sgta,0.058408625
Nab2,0.058408625
Tmem86a,0.058408625
Mex3d,0.05840862
Sestd1,0.05840862
Ywhah,0.05840862
Zbtb44,0.05840862
Ntng1,0.05840861
Pabpc4,0.058244556
Rasa2,0.058244556
Sec22a,0.058244556
Rab35,0.058244556
Bicral,0.058244556
Sdhaf4,0.058244556
Dhrs3,0.058244556
Zfp62,0.058244552
Rwdd4a,0.058244552
Alms1,0.058244552
Gpm6b,0.05824454
Rrp36,0.05808049
Gzf1,0.058080487
Ctdsp1,0.058080487
Rnf220,0.058080487
Tent4b,0.058080487
Dnajc14,0.058080487
Galc,0.058080487
Eif2b5,0.058080487
Pcbd2,0.058080487
Bcor,0.058080483
Slc4a1ap,0.058080483
Rpl28,0.058080483
Rcbtb2,0.058080483
Ift88,0.05808048
Pmpca,0.05791642
Ap1ar,0.057916418
Efl1,0.057916418
Wdr75,0.057916418
Yif1a,0.057916418
Ppil2,0.057752352
Gamt,0.057752352
Orc6,0.057752352
Aprt,0.05775235
Gtf2ird1,0.05775235
Efcab14,0.05775235
Ptpmt1,0.05775235
Nit2,0.05775235
Alkbh7,0.05775235
Rnf214,0.05775235
Nup98,0.057752345
Diaph3,0.057752345
Tada2a,0.057588283
Nt5c2,0.05758828
Hmgxb4,0.05758828
Ube2w,0.05758828
Cep250,0.057588276
Yipf5,0.057588276
Nit1,0.05742421
Dyrk2,0.05742421
Fbxo22,0.05742421
Zfp553,0.05742421
Ric8a,0.05742421
Dnlz,0.05742421
Irf2,0.057424206
Ythdf1,0.057424206
Ngrn,0.057424206
Ensa,0.057424206
Nfkb1,0.057424206
Cibar1,0.057260145
Mrpl55,0.05726014
Fam78a,0.05726014
Aldh6a1,0.05726014
Rnpc3,0.05726014
Smoc2,0.057260137
Prr16,0.057260122
Tmem205,0.057096075
Ppa2,0.057096075
Gpr107,0.05709607
Csgalnact2,0.05709607
Cers2,0.05709607
Zfp386,0.05709607
Rcbtb1,0.05709607
Dnajc19,0.05709607
Bach1,0.05709607
Cpsf1,0.05709607
Tmbim1,0.05709607
Bap1,0.05709607
Ttc23,0.05709607
Tjp2,0.057096068
Wdr61,0.057096068
Ankrd27,0.057096068
Akap10,0.057096064
Dok6,0.057096057
Slc35b1,0.056932006
Atp13a3,0.056932006
Riok1,0.056932002
Kctd20,0.056932002
Smim7,0.056932002
Mrto4,0.056932002
Oard1,0.056932002
Gfer,0.056932002
Cherp,0.056932002
Vasn,0.056932002
Aco1,0.056932
Zranb3,0.056931995
Emc1,0.056767933
Pgp,0.056767933
Cdkn2aipnl,0.05676793
Fos,0.056767926
Ptpn9,0.05676792
Prkg1,0.05676791
Rnf13,0.056603868
Rims4,0.056603864
Ttll4,0.056603864
Ypel5,0.056603864
Nup62,0.056603864
Smim3,0.05660386
Btf3,0.05660386
Vars,0.05660386
Spata5,0.05660386
Kdm4c,0.056603856
Map2,0.05660385
Psmg1,0.056439795
Zc3h4,0.056439795
Cse1l,0.056439795
Ccdc66,0.056439795
Gtf2f2,0.056439795
Vta1,0.056439795
Grem2,0.056439795
Tnip1,0.05643979
Uck2,0.05643979
Fbn1,0.056439787
Polr3d,0.05627573
Ctnnal1,0.05627573
Pld3,0.05627573
Tbc1d9b,0.056275725
Zscan21,0.056275725
Cep162,0.056275725
Armc1,0.056275725
Ciao1,0.056275725
Eps15l1,0.05627572
Ppip5k2,0.05627572
Cdc42bpb,0.056111656
Bag3,0.056111656
Prkci,0.056111656
Chp1,0.056111656
Lsm3,0.056111656
Dis3,0.056111656
As3mt,0.056111652
Ube2i,0.05611165
Foxp4,0.05594759
Plcb3,0.05594759
Fibp,0.05594759
Apool,0.055947587
Mcph1,0.055947587
Vcl,0.055947587
Ralb,0.055947583
Uqcc1,0.055947583
Epb41,0.055947583
Msra,0.05594758
Sec61a2,0.055783518
Man2a2,0.055783518
Stk16,0.055783518
Synj2bp,0.055783518
Pqbp1,0.055783518
Ints6l,0.055783514
Dpysl2,0.055783514
Atg10,0.05578351
Rxra,0.055619452
Zfp871,0.05561945
Ubqln2,0.05561945
Cog3,0.05561945
Psme3ip1,0.05561945
R3hdm4,0.055455383
Prmt2,0.055455383
Faim,0.05545538
Morc2a,0.05545538
Ccdc90b,0.05545538
Hdac3,0.05545538
Slc35a1,0.055455375
Arhgef18,0.055455375
Wtip,0.055291314
Pop5,0.05529131
Nampt,0.05529131
4921524J17Rik,0.05529131
Ift52,0.05529131
Pgam5,0.05529131
Marchf6,0.055291306
Phf2,0.055127244
Slc50a1,0.055127244
Ccdc174,0.055127244
Ggps1,0.05512724
Pex13,0.05512724
1110051M20Rik,0.05512724
Ctps,0.05512724
Mrpl45,0.05512724
Plekhj1,0.05512724
Mtor,0.05512724
Rfc2,0.05512724
Brca2,0.05512724
Csnk2b,0.05512724
Mrps34,0.05512724
Actn1,0.05512724
Klhl2,0.055127237
Atp5md,0.055127237
Usp37,0.055127237
Otulin,0.054963175
Mpnd,0.054963175
Ciz1,0.05496317
Fer,0.05496317
Bri3bp,0.05496317
Smtnl2,0.05496317
Wipf2,0.05496317
Polr3c,0.05496317
Smpdl3b,0.05496317
Ncbp1,0.05496317
Vrk3,0.05496317
Edem2,0.05496317
Zdhhc6,0.05496317
B3galnt2,0.05496317
Txlng,0.054963164
Ube2d1,0.054963164
Tsr3,0.054799102
Man1b1,0.054799102
Napg,0.054799102
Trmt6,0.054799102
Ubqln4,0.054799102
Abi2,0.054799102
H2-T23,0.054799102
Col6a1,0.054799102
Rps6ka5,0.054799095
Xpo4,0.054799095
Neto2,0.05479909
Emd,0.054635033
Ptbp1,0.054635033
Mrtfa,0.054635033
Gmeb1,0.05463503
Rev1,0.05463503
Lrch2,0.05463503
Mrpl3,0.054470968
Mrpl44,0.054470964
Nbdy,0.054470964
H2az1,0.054470964
Mindy1,0.054470964
Bpgm,0.054470964
Fbxo38,0.054470964
Atp6v0a1,0.054470964
Angptl2,0.054470964
Tbck,0.05447096
Rnf115,0.05447096
Rap2c,0.05447096
Plau,0.054470956
Cox20,0.0543069
Slc38a9,0.054306895
Itga6,0.054306895
Uimc1,0.054306895
Kmt2b,0.054306895
Tmem248,0.054306895
Tbc1d17,0.054306895
Nin,0.05430689
Fubp3,0.05430689
Washc4,0.05430689
Zzef1,0.05430689
Taf4b,0.054306887
Mark2,0.054142825
Mdc1,0.054142825
Tmem159,0.054142825
Nfrkb,0.054142825
Dram2,0.05414282
Rbck1,0.05414282
Fam135a,0.054142818
Eif6,0.05397876
Cdc23,0.05397876
Zfhx3,0.05397876
Parg,0.053978756
Mylip,0.053978756
Cdipt,0.053978756
Mmut,0.053978756
Twf1,0.053978756
Psmd10,0.053978756
Ralgapb,0.053978756
Map3k20,0.053978756
Sh2b1,0.053978756
Dlg3,0.053978756
Dpysl5,0.053978756
Gatad2a,0.053978756
Klhl13,0.053978752
Mgat2,0.053978752
Ippk,0.053978752
Ppie,0.053978752
Iftap,0.053978752
Nln,0.05397875
Grip1,0.053978745
Mrps6,0.053814687
Arfrp1,0.053814687
Ube3b,0.053814687
Cradd,0.053814687
Rassf3,0.053814687
Snapc3,0.053814687
Nfyc,0.053814687
Dync2li1,0.053814683
Cnst,0.053814683
Togaram1,0.053814683
Syne1,0.053814683
Cdkal1,0.053814683
Dtd2,0.053814683
Myo1d,0.05381468
Bckdhb,0.05381468
Nfib,0.053814676
Ulk1,0.05365062
Pygo2,0.05365062
Crebzf,0.053650618
Vamp3,0.053650618
Lgals8,0.053650618
Pi4k2a,0.053650618
Elp1,0.053650618
Eif2b4,0.053650618
Tmem39a,0.053650618
Smim10l1,0.053650618
Cotl1,0.053650614
Slc38a3,0.05365061
BC004004,0.053486552
Plbd2,0.053486552
0610012G03Rik,0.053486552
Trnau1ap,0.05348655
Enc1,0.05348655
Pik3cd,0.05348655
Ints3,0.053486545
Hecw2,0.05348654
Ap3s2,0.053322483
Kxd1,0.053322483
Ddx23,0.05332248
Cenpc1,0.05332248
Josd1,0.05332248
Tex261,0.05332248
Alg5,0.05332248
Camk1,0.05332248
Mapre2,0.05332248
Commd4,0.05332248
Slc49a4,0.053322475
Slc16a2,0.053322475
Zcchc14,0.05315841
Ncoa7,0.05315841
2310033P09Rik,0.05315841
Elp5,0.05315841
Ate1,0.05315841
Zc2hc1a,0.05315841
Cpsf7,0.05315841
Klhl23,0.05315841
Zfp592,0.05315841
Exosc10,0.05315841
Cluap1,0.053158406
Fggy,0.053158406
Rpl9-ps6,0.052994344
Trip6,0.05299434
Mgat5,0.05299434
Sumf1,0.05299434
Dmap1,0.05299434
Atg5,0.05299434
Ipo8,0.05299434
Jade3,0.052994333
Ifngr2,0.052830275
Tmx4,0.05283027
Prelid3b,0.05283027
Gprc5b,0.05283027
Fam91a1,0.05283027
Klhl9,0.05283027
Casd1,0.052830268
Zfyve1,0.052830264
Tspo,0.052666206
Abhd16a,0.052666206
Ppp3r1,0.052666206
Mrpl16,0.052666206
Wsb2,0.052666202
Cdk9,0.052666202
Supt4a,0.052666202
Hdac5,0.052666202
Fam174a,0.052666202
Bckdha,0.052666202
Thap3,0.052666202
Pofut2,0.052666202
Rras2,0.0526662
Cds2,0.0526662
Rb1,0.0526662
Fgf13,0.052666187
Tle4,0.052502133
Trappc1,0.052502133
Lonrf1,0.052502133
Ubac2,0.052502133
Lamtor4,0.052502133
Snhg8,0.052502133
Stard3nl,0.052502133
Inpp5a,0.052502133
Aktip,0.052502133
Bcl7a,0.052502133
Pkd1,0.052502133
Fam149b,0.05250213
Ammecr1l,0.05250213
Zfp410,0.05250213
Gpalpp1,0.05250213
Slc24a5,0.052502126
Cd36,0.052502126
Fgd3,0.052502126
Nkain2,0.052502126
Pogk,0.052338067
Tpgs2,0.052338067
Dhx29,0.052338064
Ctbp2,0.052338064
Fyco1,0.052338064
Rpp14,0.052338064
Hsdl2,0.052338064
Exosc7,0.052338064
Gramd1a,0.052338064
Gtf2h1,0.052338064
Gosr1,0.052338064
Wdr12,0.052338064
Foxk2,0.05233806
Atp11c,0.05233806
Slc25a30,0.052174
Calcoco1,0.052174
Zfp503,0.052173994
Kdm6b,0.052173994
Tars2,0.052173994
Ilvbl,0.052173994
Naa10,0.052173994
Arnt,0.052173994
Vldlr,0.05217399
Clpb,0.05217399
Hipk2,0.05217399
Tex264,0.05200993
Ctnnbl1,0.052009925
Eif4e,0.052009925
Pik3c3,0.052009925
Dguok,0.052009925
Orc3,0.052009925
Babam1,0.052009925
Prxl2b,0.052009925
Dbnl,0.052009925
Thumpd3,0.052009925
Vkorc1,0.052009925
Tpgs1,0.052009925
Vps26c,0.05200992
Tmem33,0.052009918
Fktn,0.052009918
Cirbp,0.05184586
Ctdnep1,0.05184586
Ssna1,0.051845856
Tmem183a,0.051845856
Kif1c,0.051845856
Parp8,0.051845856
Uchl3,0.051845856
Pttg1,0.051845856
Pigq,0.051845856
Brpf1,0.051845856
Myo9b,0.051845852
Ccnk,0.051845852
Ctnna3,0.051845852
Srm,0.05168179
Actr3b,0.051681787
Mettl6,0.051681787
Clybl,0.051681787
Sec24d,0.051681787
Zfp422,0.051681787
Gpatch2,0.051681787
Tex10,0.051681787
Iscu,0.051681787
Pcif1,0.051681787
Psmb10,0.051681787
Thumpd2,0.051681783
Igsf11,0.051681783
Fbxo5,0.051681783
Galnt7,0.051681783
Serinc5,0.05168178
Pgm1,0.05151772
Rbm7,0.051517718
Ifnar1,0.051517718
Memo1,0.051517718
Atg4b,0.051517718
Washc5,0.051517718
Cpped1,0.051517718
Tmem184c,0.051517718
Stat6,0.051517718
Dcaf13,0.051517718
Nploc4,0.051517718
Dph6,0.051517714
Synrg,0.051517714
Ercc6l2,0.051517714
Zfp407,0.05151771
Poglut1,0.051353652
Tubb2a,0.05135365
Zcchc8,0.05135365
Atf5,0.05135365
Ints7,0.05135365
Trappc10,0.05135365
Gle1,0.051353645
Mageh1,0.051189583
Srpr,0.051189583
Lias,0.05118958
Sfmbt1,0.05118958
Sirt2,0.05118958
Glmp,0.05118958
Ppp1r35,0.05118958
Ppp1r9b,0.05118958
Ggh,0.05118958
Insig2,0.051189575
Fxyd6,0.051189575
Katna1,0.051189575
Zfhx4,0.051189575
Plod3,0.051025514
Hspa13,0.051025514
Gnptab,0.05102551
Cog2,0.05102551
Naa38,0.05102551
BC003965,0.05102551
Aip,0.05102551
Sipa1l1,0.051025506
Champ1,0.051025506
Zfp827,0.050861444
Lrrc47,0.05086144
Tvp23b,0.05086144
Wrnip1,0.05086144
Eif2ak1,0.05086144
Bsdc1,0.05086144
Lgalsl,0.05086144
Mindy3,0.05086144
Pih1d1,0.05086144
Dync1li1,0.05086144
0610010F05Rik,0.05086144
Timm50,0.05086144
Sh3pxd2a,0.05086144
Tmco1,0.05086144
Naa16,0.05086144
Tfcp2,0.05086144
Exosc1,0.05086144
Ppm1k,0.050861437
Lncpint,0.050861437
Strn4,0.050861437
Cyld,0.050861437
Eif4enif1,0.050861437
Uba3,0.050861437
Rpl27,0.05086143
Rnaseh2a,0.05069737
Sec23b,0.05069737
Mepce,0.05069737
Rfk,0.05069737
Aimp2,0.05069737
Nfyb,0.050697368
Ccdc117,0.050697368
Tubgcp5,0.050697368
Abcb7,0.050697368
Szrd1,0.050533306
Kif3b,0.050533302
Crtap,0.050533302
Nrbp2,0.050533302
Atp6v1c1,0.050533302
Taf10,0.050533302
Taf11,0.050533302
Wdr92,0.050533302
Tob1,0.050533302
Dhx16,0.050533302
Epb41l5,0.0505333
Cdk10,0.0505333
Ube2q2,0.0505333
Alkbh1,0.0505333
Edem3,0.0505333
Tasor2,0.0505333
Gpatch4,0.050369237
Cyth1,0.050369237
Snap47,0.050369237
Gcsh,0.050369237
Ap1s1,0.050369233
Plekha2,0.050369233
Trmt1l,0.050369233
Vamp4,0.050369233
Septin4,0.050369233
Pithd1,0.05036923
Rbsn,0.05036923
Nck2,0.05036923
Rnf138,0.050369225
Sphk2,0.050205167
Wdr11,0.050205164
Vps53,0.050205164
Clk3,0.050205164
Rpf1,0.050205164
Mettl27,0.050205164
Mrpl1,0.050205164
Oxsr1,0.050205164
Med19,0.050205164
Ttc7b,0.050205164
Grik5,0.050205164
Nde1,0.050205164
Nf2,0.0500411
Dnah7b,0.0500411
Mettl23,0.050041094
Erap1,0.050041094
Gstz1,0.050041094
Elof1,0.050041094
Fam234b,0.050041094
Cd9,0.050041094
Smpd2,0.050041094
Xpo6,0.050041094
Sh3bgrl3,0.050041094
Rtca,0.050041094
Ccndbp1,0.050041094
Acaca,0.05004109
Ing3,0.05004109
Wdr59,0.05004109
Rprd1b,0.05004109
Med6,0.04987703
Nsf,0.04987703
Nt5c,0.04987703
Ckap2l,0.049877025
Snrnp40,0.049877025
3830406C13Rik,0.049877025
Setd1b,0.049877025
Bckdk,0.049877025
Ccdc127,0.049877025
Tsc22d2,0.04987702
Rbbp9,0.04987702
Skap2,0.04987702
Ier2,0.04987702
Purg,0.04987702
4930581F22Rik,0.04987702
Cttnbp2nl,0.04987702
Atxn7l1,0.04987702
Mrps35,0.049877018
Eefsec,0.049877014
Pdgfc,0.049877014
Gm19951,0.04987701
Tmem132a,0.04971296
Nxf1,0.04971296
Cebpg,0.049712956
Hif1an,0.049712956
Ccng2,0.049712956
Spire1,0.049712956
Mt2,0.049712956
Ltn1,0.049712956
Plekhm2,0.049712956
H1f10,0.049712956
Sgcb,0.049712956
Degs1,0.049712956
Jmjd6,0.049712952
Mettl14,0.049712952
Tssc4,0.049712952
Acsl4,0.04954889
Dcps,0.04954889
Crnkl1,0.04954889
Pbx2,0.04954889
Psmb7,0.04954889
Sgpp1,0.049548887
Lcmt1,0.049548887
Eef2k,0.049548887
Hectd4,0.049548887
Thap12,0.049548887
Tm9sf4,0.049548887
Usp46,0.049548887
Hbs1l,0.049548887
Mms19,0.049548887
Slc20a1,0.049548887
6720427I07Rik,0.049548887
5031439G07Rik,0.049548883
Galk2,0.049548883
Ttc19,0.049548883
Ing2,0.049548883
Prr14l,0.049548883
Cdca8,0.04954888
Parp2,0.049384817
Bud23,0.049384817
Slc44a3,0.049384814
Mier3,0.049384814
Ttc4,0.049384814
Pdzd2,0.04938481
Yjefn3,0.049220752
Rbm15b,0.049220752
Mcm4,0.049220752
Smn1,0.049220752
Fbxl19,0.049220752
Ccdc124,0.04922075
Etfbkmt,0.04922075
Kpna3,0.04922075
Gm20629,0.049220745
Yipf3,0.049220745
Ttll5,0.049056683
Zfp512,0.04905668
Mrpl36,0.04905668
Trak1,0.04905668
Sirt7,0.04905668
Tbk1,0.04905668
Ntmt1,0.04905668
Cep164,0.04905668
Bbip1,0.04905668
Fbxo45,0.049056675
Ust,0.049056668
Gna11,0.04889261
Zfp821,0.04889261
Fam216a,0.04889261
Cmpk1,0.04889261
Armcx1,0.04889261
Tmem161a,0.04889261
Xrcc5,0.04889261
2410002F23Rik,0.048892606
Med8,0.048892606
Osbp,0.048728544
Cbx4,0.048728544
Polr1h,0.04872854
Ttc17,0.04872854
D5Ertd579e,0.04872854
Senp1,0.04872854
Cetn2,0.04872854
Zswim8,0.04872854
Ppp2cb,0.04872854
Brms1l,0.04872854
Herc3,0.048728537
Asb3,0.048728537
Pparg,0.048728533
Xrcc4,0.04872853
Prkn,0.04872853
Mrps16,0.048564475
Tubgcp2,0.048564475
Rps6ka2,0.04856447
Rilpl1,0.04856447
Cdk2ap2,0.04856447
Gid4,0.04856447
Zfp157,0.04856447
E130307A14Rik,0.048564468
Crlf3,0.048564464
Ryr2,0.04856446
Cst8,0.04856446
Nup93,0.048400406
Dcp2,0.048400402
Dgcr8,0.048400402
G2e3,0.048400402
Anks3,0.0484004
Zfp397,0.0484004
Mospd2,0.0484004
Mri1,0.0484004
Med9,0.0484004
Gnb4,0.0484004
Mettl3,0.0484004
Igdcc4,0.048236337
Eid2,0.048236337
Dnajb1,0.048236337
Tfpi,0.048236337
Fech,0.048236333
Irf2bp1,0.048236333
Patj,0.048236333
Mrpl37,0.04823633
Ahcyl2,0.04823633
Crls1,0.04823633
Rnf149,0.04823633
Pcyt1a,0.04823633
Ndfip2,0.04823633
Zfp113,0.04823633
Mars1,0.048072267
Cdc42se1,0.048072267
Smarcd1,0.048072264
Prmt3,0.048072264
Lrrc1,0.048072264
Emx2,0.048072264
Bet1l,0.048072264
Bnip3,0.048072264
Rps13,0.048072264
Gm49797,0.048072264
Cxxc1,0.048072264
Aven,0.04807226
1700123O20Rik,0.047908194
Ints8,0.047908194
Pex14,0.047908194
Ly6e,0.047908194
Heatr5a,0.047908194
Arap1,0.047908194
Prpf38a,0.047908194
Copz2,0.047908194
Rela,0.047908194
Kif11,0.04790819
Tmem201,0.04790819
Gabbr1,0.04790819
Castor2,0.04790819
Spaca6,0.04790819
Renbp,0.04774413
Zbtb41,0.047744125
Mplkip,0.047744125
Tm2d3,0.047744125
Akt2,0.047744125
Phf8,0.047744125
Utp18,0.047744125
Efemp2,0.04758006
Upf1,0.04758006
Cdk16,0.04758006
Rbm18,0.047580056
Mrps18a,0.047580056
Srgap3,0.047580056
Pcgf5,0.047580056
Smarcd3,0.047580056
Daxx,0.047580056
Pcnp,0.047580056
Pex7,0.047580056
Exoc7,0.047580052
Kat5,0.04741599
Higd2a,0.04741599
Letm1,0.047415987
Ppp1r21,0.047415987
Lratd2,0.047415987
Fads6,0.047415987
Mbtps2,0.047415987
Mrps5,0.047415987
Cox7c,0.047415987
Mrpl4,0.047415987
Arap2,0.047415983
Gmpr,0.047415983
Ascc2,0.047415983
Sap30bp,0.047415983
Snap29,0.047415983
Mamld1,0.04741598
Mxra7,0.047251917
Crip2,0.047251917
Nfs1,0.047251917
C2cd3,0.047251917
Slc44a2,0.047251917
Stam2,0.047251917
H1f2,0.047251917
Slc35d1,0.047251917
Ppp5c,0.047251917
Pdzd11,0.047251917
Tmem260,0.047251917
Gm49336,0.047251917
Slc48a1,0.047251917
Mark4,0.047251917
Exoc2,0.047251914
Med30,0.047251914
Coq7,0.047251914
Kbtbd2,0.047251914
Dync2i1,0.04725191
Gsn,0.04708785
Lrig1,0.04708785
Npat,0.04708785
Zfp655,0.04708785
Bola1,0.04708785
Brcc3,0.04708785
Psen1,0.047087844
Trim59,0.047087844
Tbcd,0.047087844
Tm2d1,0.047087844
Tenm3,0.047087837
Arhgap22,0.04692378
Ciapin1,0.04692378
Ptk7,0.04692378
Erlin2,0.04692378
Wdr74,0.04692378
Fbxo34,0.04692378
Fundc1,0.04692378
Ifnar2,0.04692378
Ppdpf,0.04692378
Wdr46,0.04692378
Atp10a,0.04692378
Rex1bd,0.04692378
Ube2a,0.04692378
Kctd2,0.04692378
Trub1,0.046923775
Gdpd1,0.046923775
Ak6,0.046923775
Pomgnt1,0.046759713
Snx9,0.04675971
Arhgef2,0.04675971
Ppp2r1a,0.04675971
Pex19,0.04675971
Nt5dc2,0.04675971
Zfp945,0.04675971
Rfc3,0.04675971
Cul2,0.04675971
Mpv17,0.04675971
Rnf14,0.04675971
Tmem263,0.046759706
Snrpa,0.046759706
Arf6,0.046759706
Ocrl,0.046759706
Anks1,0.046759706
Phlpp2,0.046759702
Rnf144b,0.046759702
Kcnab1,0.0467597
Bcr,0.046595644
Ppp1r10,0.046595644
Edrf1,0.04659564
Ccdc171,0.04659564
Adprs,0.04659564
Ap2a2,0.04659564
Cmtm6,0.04659564
Thap11,0.04659564
Kat7,0.04659564
Atad2,0.04659564
Zfp217,0.046595637
Mug2,0.046595637
Mturn,0.046595637
Rnf167,0.046431575
Arnt2,0.046431575
Nudt19,0.046431575
Atp6v1h,0.046431575
Psmd9,0.04643157
Rab40c,0.04643157
Vps39,0.04643157
Tet1,0.04643157
1810030O07Rik,0.04643157
Bscl2,0.04643157
Ikbkb,0.04643157
Ripk1,0.046431568
Igsf3,0.046431568
Spopl,0.046431564
Atoh8,0.046267506
Abhd14a,0.046267506
Macroh2a2,0.046267502
Cyba,0.046267502
Tent2,0.046267502
Eif2ak2,0.046267502
Exosc5,0.046267502
Bet1,0.046267502
Gipc1,0.046267502
Vps4a,0.046267502
Ppp4r1,0.046267502
Rrm2b,0.046267502
Klf13,0.0462675
Rpgrip1l,0.0462675
Slc30a5,0.0462675
Fam160b2,0.046103436
Ccdc85b,0.046103433
Gigyf1,0.046103433
Cnpy4,0.046103433
Cops7a,0.046103433
Klhdc3,0.046103433
Tmem60,0.046103433
Brap,0.046103433
Tmem70,0.046103433
Med31,0.046103433
Hdac1,0.046103433
S100a6,0.04610343
Mast2,0.04610343
Spice1,0.04610343
Ric1,0.04610343
Jak2,0.04610343
Pdlim5,0.046103425
Nusap1,0.045939364
Zfp395,0.045939364
Col27a1,0.045939364
2700081O15Rik,0.045939364
Bad,0.045939364
Ddx41,0.045939364
Cep44,0.045939364
Coa5,0.045939364
Myg1,0.045939364
Psmg4,0.045939364
Gadd45b,0.045939364
Pigyl,0.045939364
Xpnpep1,0.045939364
Polg,0.04593936
Limk2,0.04593936
Aida,0.04593936
Rexo1,0.045775298
B3gat3,0.045775298
Clasrp,0.045775294
Aqr,0.045775294
Mvp,0.045775294
Tm7sf3,0.045775294
Psma3,0.045775294
Rapgef1,0.045775294
Ppp1r15b,0.04577529
Pigu,0.04577529
Pip4k2c,0.04577529
Gm15866,0.04577529
Wdr70,0.04561123
Mpst,0.04561123
Nip7,0.04561123
Tulp3,0.045611225
Trappc3,0.045611225
Rabgef1,0.045611225
Lpin1,0.045611225
Topbp1,0.045611225
Atad3a,0.045611225
Zfp606,0.045611225
Mosmo,0.04561122
Nudt16l1,0.04561122
Zbtb46,0.04561122
Sec24a,0.04561122
Pdss2,0.045611218
Trp53bp2,0.04544716
Dedd,0.04544716
Cdk5,0.045447156
Tet2,0.045447156
Fam207a,0.045447156
Zbed3,0.045447156
Nomo1,0.045447156
Wdr55,0.045447156
Nudt21,0.045447156
Pcbd1,0.045447156
Maip1,0.045447156
Ttc37,0.045447156
Fut11,0.045447156
Rbm34,0.045447152
Sirt1,0.04544715
Adsl,0.04528309
Cep89,0.04528309
Ier3,0.04528309
Slc39a10,0.045283087
Swap70,0.045283087
Gosr2,0.045283087
Slc25a46,0.045283087
C1qtnf6,0.045283087
Siah1a,0.045283087
Mov10,0.045283087
Ctc1,0.045283087
Nt5c3,0.045283083
Phldb1,0.045283083
Rps6kc1,0.045283083
Meaf6,0.045283083
Shisa6,0.04528308
Rrn3,0.04511902
Tnfrsf1a,0.04511902
Dvl2,0.04511902
Actr8,0.04511902
Hes6,0.045119017
Taf1b,0.045119017
Naglu,0.045119017
Yaf2,0.045119017
Naa30,0.045119017
Ltbr,0.045119017
Acad8,0.045119017
Klf12,0.045119014
Arhgap11a,0.045119014
Rsl24d1,0.04495495
Mrpl40,0.04495495
Slc25a17,0.044954948
Scamp3,0.044954948
Emc2,0.044954948
Ppil1,0.044954948
Kdsr,0.044954948
Bbs2,0.044954948
Maoa,0.044954948
Rad23a,0.044954948
Katnip,0.044954948
Vat1,0.044954948
Ntan1,0.044954948
Caml,0.044954948
Cfap97,0.044954948
Polr1f,0.044954948
Susd3,0.044954944
Rarg,0.044954944
Top3b,0.044954944
Phlpp1,0.044954944
Asah2,0.044954944
Mcee,0.044790883
Atp6v0a2,0.044790883
Herpud1,0.044790883
Parp4,0.04479088
E2f3,0.04479088
Rab34,0.04479088
Grina,0.04479088
D16Ertd472e,0.04479088
Fhl2,0.04479088
Slc43a2,0.04479088
Psme3,0.04479088
Orc4,0.044790875
Slc4a2,0.044790875
Exosc4,0.044790875
Pfkl,0.044626813
Plxnb1,0.044626813
Prr12,0.04462681
Timm10b,0.04462681
Naa25,0.04462681
Rps19bp1,0.04462681
Snx13,0.04462681
Rragd,0.04462681
Impact,0.04462681
Coq2,0.044626806
Pdk1,0.044626806
Pstk,0.044626806
Rgs22,0.044626806
Nipsnap3b,0.044626806
Gm38034,0.044626806
Pus7,0.044626806
Phka1,0.044626806
Pola1,0.044626802
Reln,0.044626795
Oplah,0.044462744
Trmt2a,0.04446274
Polr3b,0.04446274
Ercc5,0.04446274
Med15,0.04446274
4931406C07Rik,0.04446274
Rexo4,0.04446274
Rab9,0.04446274
Msrb3,0.04446274
Pacs2,0.04446274
Cxcl14,0.04446274
Slc10a7,0.044462737
Parp11,0.044462737
Zfp639,0.044462737
Fbxw4,0.044462737
Eed,0.044462737
Nelfcd,0.044462733
Zbtb1,0.044462733
Mid1,0.04446272
Igsf8,0.044298675
Eif2b3,0.044298675
Akr7a5,0.044298675
Epb41l1,0.04429867
Ltv1,0.04429867
Fstl1,0.04429867
Llph,0.04429867
Serpinf1,0.04429867
Ube2j1,0.04429867
Rgp1,0.04429867
Xpo5,0.04429867
Rnf2,0.04429867
Col5a2,0.044298667
Phtf1,0.044298667
Ttc27,0.044298667
Pgm3,0.044298667
Focad,0.044298664
Thap4,0.044134606
Pet100,0.044134606
Txndc11,0.044134602
Timm10,0.044134602
Rpa2,0.044134602
Siae,0.044134602
Mrps25,0.044134602
Cep78,0.0441346
Auh,0.0441346
Arhgap39,0.0441346
Ddit3,0.0441346
Gnpda2,0.043970533
Gmcl1,0.043970533
Trim41,0.043970533
Stat2,0.043970533
Tmed1,0.043970533
Ap1m1,0.043970533
Scyl2,0.043970533
Rai1,0.043970533
Pnkd,0.043970533
Bcl9,0.04397053
Fbxo9,0.04397053
Rngtt,0.04397053
Opa3,0.04397053
Pign,0.043806463
Brd9,0.043806463
Pla2g4a,0.043806463
Ndufaf4,0.043806463
Ubac1,0.043806463
Rnf185,0.043806463
Deaf1,0.043806463
Cep95,0.043806463
Agpat5,0.043806463
Utp6,0.043806463
St7l,0.043806463
Ranbp3,0.04380646
Abtb1,0.04380646
Nr3c1,0.04380646
Lyz2,0.043806456
Mgat1,0.043642398
Abhd17b,0.043642394
Ckb,0.043642394
Cep43,0.043642394
Zfp346,0.043642394
Noc3l,0.043642394
Lsm2,0.04364239
Gsr,0.04364239
Sertad2,0.04364239
Disp1,0.04364239
Thap2,0.04347833
Gopc,0.043478325
Trappc11,0.043478325
Cxxc5,0.043478325
Odc1,0.043478325
Top1mt,0.043478325
Pacc1,0.043478325
Acyp2,0.04347832
Pdgfra,0.04347832
Zfp398,0.043478318
Sft2d2,0.043478318
Hmgcl,0.04331426
Nectin1,0.043314256
Lemd3,0.043314256
Tlnrd1,0.043314256
Ten1,0.043314256
Arfgap2,0.043314256
Faap20,0.043314256
Prkar2a,0.043314256
Uck1,0.043314256
Vcan,0.043314256
Micu1,0.043314256
Invs,0.043314252
Cpeb4,0.043314252
Racgap1,0.043314252
2610037D02Rik,0.043314252
Akap1,0.043314252
Srr,0.043314252
Nup107,0.043314252
Jagn1,0.04315019
Stx17,0.043150187
Tor1a,0.043150187
Dzip1,0.043150187
Polb,0.043150187
Hs3st1,0.043150187
Lsm10,0.043150187
Gng5,0.043150187
Fra10ac1,0.043150187
Dip2a,0.043150187
Wbp2,0.043150187
Zpr1,0.043150187
Pex6,0.043150187
Wt1os,0.04315018
Dach1,0.04315018
Klf8,0.043150175
Mtmr2,0.04298612
Borcs7,0.042986117
Map7d1,0.042986117
Wdr77,0.042986117
Mrps23,0.042986117
Cyb5r1,0.042986117
Tbce,0.042986117
Csf2ra,0.042986117
Edc3,0.042986117
S100a1,0.042986117
Emc10,0.042986117
Dnaja3,0.042986114
Nrp2,0.042986114
Bicd2,0.042986114
Septin6,0.042986114
Lmbr1l,0.042986114
Ptprz1,0.042986106
Ift122,0.04282205
Mettl1,0.042822048
Ankrd13a,0.042822048
Usp53,0.042822048
Mcm3ap,0.042822048
Atxn3,0.042822048
Trf,0.042822048
Pik3r4,0.042822048
Rpf2,0.042822048
Tmem47,0.042822044
Chpt1,0.042822044
Mtr,0.042822044
Arl13b,0.042822044
Sh3rf1,0.042822037
Rufy1,0.042657983
Zbtb17,0.04265798
Ccar2,0.04265798
Pde6d,0.04265798
Chchd4,0.04265798
Plp1,0.04265798
Fgfrl1,0.04265798
Nppc,0.04265798
Pmm2,0.04265798
Sacm1l,0.04265798
Golga1,0.042657975
Ankmy2,0.042657975
Upp2,0.042657975
Phactr1,0.042657975
Lrp10,0.042493913
Mical1,0.042493913
Map3k1,0.04249391
Ddx49,0.04249391
Pkp2,0.04249391
Abraxas2,0.04249391
Prkra,0.04249391
Kctd10,0.04249391
Hikeshi,0.04249391
Pwp1,0.04249391
Mrpl47,0.04249391
4930453N24Rik,0.04249391
Tbc1d10b,0.042493906
Farp1,0.042493906
AW549877,0.042493906
Ubr7,0.042329844
Hars2,0.042329844
Ice2,0.042329844
Ctnnbip1,0.04232984
Alad,0.04232984
Id1,0.04232984
Lpar6,0.04232984
Gemin5,0.04232984
Zcchc24,0.04232984
Slc33a1,0.04232984
Dbf4,0.04232984
Dusp12,0.04232984
Osbpl1a,0.042329837
Slit3,0.042329818
Trip10,0.042165775
Rgl2,0.042165775
Enpp5,0.04216577
Pdcd7,0.04216577
Aagab,0.04216577
Atg13,0.04216577
Wdr45,0.04216577
Tmem222,0.04216577
Vti1b,0.04216577
Map3k10,0.04216577
Usp21,0.04216577
Smim20,0.04216577
Kcnk3,0.04216577
Exosc9,0.04216577
Khnyn,0.042165767
Ecd,0.042165767
Abcb1b,0.042165767
Klhl22,0.042165767
Mpdu1,0.042001702
Ric8b,0.042001702
Got2,0.042001702
Pick1,0.042001702
Gulo,0.042001702
Pnpla7,0.042001702
Rbms2,0.042001702
Cilk1,0.042001702
Bcat2,0.042001702
Zfp281,0.0420017
Zc3h6,0.0420017
Nup85,0.0420017
Nufip1,0.0420017
Slc7a6,0.0420017
Bmyc,0.041837636
Ackr3,0.041837633
Snhg12,0.041837633
Cbll1,0.041837633
Edem1,0.041837633
Kifc3,0.041837633
Sde2,0.041837633
Sufu,0.041837633
Pigs,0.041837633
R3hcc1,0.041837633
Prkrip1,0.04183763
Gpd2,0.04183763
Urgcp,0.04183763
Htra2,0.04183763
E2f6,0.04183763
Snx8,0.04183763
Adcy6,0.041673567
Senp3,0.041673567
Smim4,0.041673563
Ptgr2,0.041673563
4833439L19Rik,0.041673563
Crot,0.041673563
Mapk8ip3,0.041673563
Hmces,0.041673563
Elovl6,0.041673563
Rnf144a,0.041673563
Aptx,0.041673563
Hadhb,0.041673563
Optn,0.041673563
Imp4,0.041673563
Smpd4,0.041673563
Haus7,0.04167356
Tcp11l1,0.04167356
Ptpn3,0.04167356
Rab28,0.04167356
Cd1d1,0.04167356
Fam118a,0.041509498
Atf7,0.041509498
Ring1,0.041509498
S100a13,0.041509498
Kansl2,0.041509494
Nif3l1,0.041509494
Gyg,0.041509494
Mpdz,0.041509494
Pdcd2l,0.041509494
Cog7,0.041509494
Pmepa1,0.041509494
Rassf8,0.041509494
Akr1e1,0.041509494
Eif2ak4,0.04150949
Klhl7,0.04150949
Dcaf17,0.04150949
H2-M3,0.04150949
Mfsd14a,0.04134543
Kin,0.041345425
Sdhaf2,0.041345425
Zfyve16,0.041345425
Samd4b,0.041345425
Mtmr9,0.041345425
Tmem87a,0.041345425
Taok2,0.041345425
Zfp30,0.041345425
Impa1,0.041345425
Ndufaf7,0.041345425
Psmd5,0.041345425
Git1,0.041345425
Reep4,0.04134542
Pinx1,0.04134542
Gas2l3,0.04134542
Rbfox1,0.041345414
Cyb5r4,0.041181356
Ift57,0.041181356
Tcp11l2,0.041181356
Folr1,0.041181356
Dpm3,0.041181356
Hirip3,0.041181356
Tcn2,0.041181356
Slc25a1,0.041181356
Bmt2,0.041181352
Hey2,0.041181352
Gde1,0.041181352
Timm22,0.04101729
Blcap,0.04101729
Arhgap19,0.041017286
Slc31a1,0.041017286
Prpf3,0.041017286
Ephx1,0.041017286
Pigp,0.041017286
Jup,0.041017286
Prmt9,0.041017286
Nphp1,0.041017286
Vwa5a,0.041017286
Zfp687,0.041017286
Adnp2,0.041017286
Pgm2l1,0.041017283
1500011B03Rik,0.041017283
Gfm1,0.041017283
Atg16l1,0.041017283
Elp4,0.04101728
Grm7,0.04101727
Agtrap,0.04085322
Rrp15,0.040853217
Pfas,0.040853217
Relch,0.040853217
Retreg2,0.040853217
Rusc2,0.040853217
Gstm5,0.040853217
Farsb,0.040853217
Zdhhc2,0.040853217
Grcc10,0.040853217
Mgst2,0.040853217
Uggt2,0.040853214
Ptpn14,0.040853214
Dcp1a,0.040853214
Pdcl,0.040853214
Mrpl35,0.040689148
Dpf2,0.040689148
Zfp68,0.040689148
Pan2,0.040689148
Usp10,0.040689148
2410004B18Rik,0.040689148
Unk,0.040689148
Ap4m1,0.040689148
Nr0b1,0.040689148
Taf12,0.040689148
Ccdc80,0.040689148
Abcf3,0.040689148
Tab1,0.040689148
Tmem35a,0.040689148
Tipin,0.040689148
Xpnpep3,0.040689148
Bach2,0.040689144
Asrgl1,0.040689144
Rnf141,0.040689144
Atn1,0.04052508
Bub1b,0.04052508
Znfx1,0.04052508
Klhl5,0.04052508
Gga1,0.04052508
Phc1,0.04052508
Prcc,0.04052508
Ldah,0.04052508
Pwwp3a,0.04052508
Erlin1,0.04052508
Polr3e,0.04052508
Zfp771,0.04052508
Cep295,0.04052508
Txndc16,0.04052508
Mfap3,0.040525075
Bbs9,0.04052507
Bag5,0.040361013
Xrcc6,0.040361013
Prxl2a,0.040361013
Bcl9l,0.040361013
Atxn7l3,0.040361013
Fxyd1,0.040361013
Chchd7,0.04036101
Aard,0.04036101
Nfkbil1,0.04036101
Bphl,0.04036101
Usp36,0.04036101
Zbtb5,0.04036101
Bcar1,0.040361006
Ngly1,0.040361006
Pced1b,0.040361006
Ube4a,0.040361006
Cxadr,0.040361006
Tecpr1,0.040361006
Cep170b,0.040361002
Acsl3,0.040196944
Yipf1,0.040196944
Dcaf4,0.040196944
Hsd17b7,0.04019694
Ldlrad3,0.04019694
Zbtb11,0.04019694
Ccng1,0.04019694
Cgrrf1,0.04019694
Slc7a1,0.04019694
Gnb5,0.04019694
Rnf139,0.04019694
Tmem29,0.04019694
Cacfd1,0.04019694
Nqo2,0.04019694
Ampd2,0.04019694
Dhdds,0.04019694
Klhl12,0.040196937
Mpp1,0.040196937
Nudt13,0.040196937
Aspm,0.040196937
Cog8,0.040196937
Prickle1,0.040196933
Maz,0.040032875
Gucd1,0.04003287
BC005624,0.04003287
Sav1,0.04003287
Mib2,0.04003287
Itpa,0.04003287
Tmem186,0.040032867
Tada3,0.040032867
Clcc1,0.040032867
Sgms2,0.040032867
Zxdc,0.040032867
Vps26b,0.040032867
Iqcb1,0.040032867
Bmp6,0.040032867
Utp25,0.040032867
Rps27,0.04003286
Haus2,0.0398688
Dcaf11,0.0398688
Mcts1,0.0398688
Uckl1,0.0398688
Atg14,0.0398688
Flcn,0.0398688
Esco1,0.0398688
Pepd,0.0398688
Hcfc1r1,0.0398688
Zfp236,0.039868798
4632427E13Rik,0.039868798
Lockd,0.039868798
Cog6,0.039868798
Cstf1,0.039704733
Rnf8,0.039704733
Paqr7,0.039704733
Hells,0.039704733
Tbc1d19,0.039704733
Acp6,0.039704733
Dvl1,0.039704733
Surf6,0.039704733
Arl14ep,0.039704733
Slc25a26,0.039704733
Eef2kmt,0.039704733
Ctsh,0.03970473
Prpf4,0.03970473
P3h2,0.03970472
Nbl1,0.039540667
Pus10,0.039540667
Nkap,0.039540663
Timm29,0.039540663
Sfxn2,0.039540663
Xrcc1,0.039540663
Smim12,0.039540663
Slc23a2,0.039540663
Snx10,0.039540663
Eif2b2,0.039540663
Fkbp15,0.039540663
Mrps27,0.039540663
Gpcpd1,0.03954066
Macrod2,0.039540656
Cdkl5,0.039540656
Pde10a,0.039540652
Rhoq,0.039376594
Nop9,0.039376594
Mrps33,0.039376594
Smim15,0.039376594
Sec16a,0.039376594
Utp4,0.039376594
Tspyl1,0.039376594
Prelid1,0.039376594
Wdr18,0.039376594
Dpy19l4,0.039376594
Zfp654,0.03937659
Vezt,0.03937659
Trappc13,0.03937659
Trappc12,0.03937659
Mrpl49,0.03937659
Uxs1,0.03937659
Eps8,0.039376587
Acvr1,0.039376587
C230038L03Rik,0.03921253
Tmem131,0.039212525
Trmt10c,0.039212525
Msantd4,0.039212525
Cd3eap,0.039212525
Pot1a,0.03921252
Fam8a1,0.03921252
H2ax,0.03921252
Rilpl2,0.03904846
Ubap1,0.03904846
Cstf2t,0.03904846
Uap1,0.039048456
Inip,0.039048456
Eef1akmt2,0.039048456
Smpdl3a,0.039048456
Zfp362,0.039048456
E330017L17Rik,0.039048456
Ttc21b,0.039048456
Dctn1,0.039048456
Mrpl10,0.039048456
Slc20a2,0.039048452
Ankra2,0.039048452
Rpl10,0.039048452
Wdpcp,0.039048452
Mccc1,0.039048452
Cdin1,0.039048452
Homer1,0.039048452
Thsd4,0.03904845
Eml3,0.03904845
Gba,0.03888439
Ostf1,0.038884386
2510009E07Rik,0.038884386
Foxj2,0.038884386
Stard3,0.038884386
Slc25a27,0.038884386
Ddx56,0.038884386
Tmem126a,0.038884386
Maf,0.038884386
Zfp523,0.038884386
Eif2d,0.038884386
Csk,0.038884386
Dr1,0.038884383
Slc38a6,0.038884383
Dhfr,0.038884383
Cd59a,0.038884383
Lclat1,0.038884383
Zfp182,0.038884383
Cep128,0.038884383
Mboat1,0.038884383
Haus1,0.03872032
Dpm2,0.03872032
Tent4a,0.038720317
Rpap3,0.038720317
Ppm1m,0.038720317
Tamalin,0.038720317
Cdc42ep5,0.038720317
Med23,0.038720317
Gmnn,0.038720317
Tmem19,0.038720313
Sdccag8,0.038720313
Myh11,0.03872031
Dbn1,0.03855625
Tollip,0.038556248
Dmxl2,0.038556248
Gm17018,0.038556248
Asap2,0.038556248
Cpox,0.038556248
Zcchc9,0.038556248
Neu1,0.038556248
Abcc1,0.038556248
A430005L14Rik,0.038556248
Fam160a2,0.038556244
Galnt15,0.038556244
Tspan5,0.038556244
Plekhd1,0.038556244
Uaca,0.038556244
Bclaf3,0.03855624
Grk5,0.038556237
Stxbp5,0.038392182
Bgn,0.038392182
Fam76a,0.03839218
Ttc33,0.03839218
Sipa1l3,0.03839218
Wdfy2,0.03839218
Fam76b,0.03839218
Pygo1,0.03839218
Trappc5,0.03839218
Spc24,0.03839218
Thyn1,0.03839218
Ube2f,0.03839218
Dpysl4,0.038228113
Lipa,0.038228113
Pfn2,0.03822811
Junb,0.03822811
Ino80e,0.03822811
Med21,0.03822811
Dhrs1,0.03822811
Traf3,0.03822811
Kifbp,0.03822811
Ccpg1,0.03822811
Rasd1,0.03822811
Rad17,0.038228106
Tmem230,0.038064044
Ahcy,0.038064044
5730455P16Rik,0.038064044
Entr1,0.03806404
Acox1,0.03806404
Rft1,0.03806404
Nup133,0.03806404
Orc5,0.03806404
Churc1,0.03806404
Tatdn1,0.03806404
Tufm,0.03806404
Slc41a1,0.03806404
Ankrd52,0.03806404
Zfp809,0.03806404
Lsm12,0.03806404
Nbn,0.03806404
Tmem214,0.03806404
Ppme1,0.03806404
Foxo4,0.03806404
Zdhhc1,0.03806404
Agpat4,0.03806404
Plgrkt,0.03806404
Gpr89,0.03806404
Socs4,0.03806404
Htt,0.03806404
Poc1b,0.038064037
Tpk1,0.038064037
Antxr2,0.038064037
Bicra,0.038064037
Ano10,0.038064037
Hivep2,0.038064037
Lifr,0.038064037
Nkapd1,0.038064037
Grk4,0.038064037
Tgfb3,0.038064037
St3gal6,0.038064037
Btbd10,0.038064037
Dctn5,0.037899975
Gm21972,0.037899975
Zfyve21,0.03789997
Tyms,0.03789997
Mphosph6,0.03789997
Smg5,0.03789997
Plekha7,0.03789997
Timmdc1,0.03789997
Zfp839,0.03789997
Gpr180,0.03789997
Uba52,0.03789997
Thoc5,0.03789997
Ift46,0.03789997
Cdca3,0.03789997
Cbr4,0.03789997
Zup1,0.03789997
Mzt1,0.037899967
Mgmt,0.037899967
Adar,0.037899967
Stx18,0.037899964
Akip1,0.037735905
Tril,0.037735905
Cavin3,0.0377359
Ublcp1,0.0377359
Itgb1bp1,0.0377359
Nme7,0.0377359
Zfp512b,0.0377359
Eml2,0.0377359
Mtcl1,0.0377359
Sap30,0.0377359
Vps50,0.0377359
Syngr2,0.0377359
Apex2,0.037735898
Syt14,0.037735898
Ptar1,0.037735898
Ccdc9,0.037735898
Arl5a,0.037735898
Abhd12,0.037571836
Aasdhppt,0.037571836
Prr14,0.037571836
AU040320,0.037571833
Atp11a,0.037571833
Gcdh,0.037571833
Zdhhc8,0.037571833
Amdhd2,0.037571833
Epdr1,0.037571833
Golph3l,0.037571833
Socs6,0.037571833
Psmf1,0.037571833
Dtl,0.037571833
Dhx8,0.037571833
Dnajc25,0.037571833
Prkaca,0.037571833
Tmem237,0.037571833
Taf2,0.037571833
Leng1,0.037571833
Slc7a7,0.037571833
Anapc15,0.037571833
Obi1,0.037571833
Fam110b,0.03757183
Lgals3,0.03757183
Rabep2,0.03757183
Smim19,0.03757183
D630045J12Rik,0.03757183
Trappc8,0.037571825
Pip5k1b,0.037571825
Mrpl38,0.037407767
Tapt1,0.037407767
Idnk,0.037407763
Chmp1b,0.037407763
Psmg2,0.037407763
Yrdc,0.037407763
Dph5,0.037407763
Snhg17,0.037407763
Cc2d1b,0.037407763
Rmnd5b,0.037407763
Cpt2,0.037407763
Nucb2,0.037407763
Clcn2,0.037407763
Nup155,0.037407763
Ncapg,0.037407763
Zkscan17,0.037407763
Wdr7,0.037407763
Rwdd1,0.037407763
Lrrfip1,0.03740776
Tceanc2,0.03740776
Hibch,0.037243698
Akr1b10,0.037243698
Rassf1,0.037243698
Ercc3,0.037243698
Wdr37,0.037243694
Rars2,0.037243694
Pip4p1,0.037243694
Arfip1,0.037243694
Dera,0.037243694
Maml1,0.037243694
Pecr,0.037243694
Chmp7,0.037243694
Gnptg,0.037243694
Arsb,0.037243694
Chpf,0.037243694
Fbf1,0.037243694
Ebp,0.037243694
Lrig2,0.037243694
Hpcal1,0.037243694
Gm33989,0.03724369
Slc37a3,0.03724369
Spg20,0.03707963
Grk2,0.03707963
Arl6ip6,0.03707963
Lysmd2,0.037079625
Dhps,0.037079625
Rnf41,0.037079625
Tug1,0.037079625
Selenon,0.037079625
Zscan26,0.037079625
Rnase4,0.037079625
Elk3,0.037079625
Plat,0.037079625
Pold2,0.037079625
Ogn,0.03707962
Rims1,0.03707962
Trit1,0.03707962
Rel,0.03691556
Tbrg4,0.03691556
Idua,0.036915556
Armcx5,0.036915556
Rab11fip3,0.036915556
Mthfd2l,0.036915556
Naga,0.036915556
Rint1,0.036915556
Mrps22,0.036915556
1700025G04Rik,0.036915556
Cdc26,0.036915556
Mdfi,0.036915556
Ahdc1,0.036915556
4933439C10Rik,0.036915556
Ddx39a,0.036915556
Eogt,0.036915556
Fbxl18,0.036915552
Fbxo42,0.036915552
Cnnm1,0.036915552
Efhd2,0.03675149
Polr1b,0.03675149
Ssbp4,0.03675149
Zfp507,0.036751486
Acsl5,0.036751486
Nol9,0.036751486
Ptdss2,0.036751486
Ska2,0.036751486
Stat1,0.036751486
Pon2,0.036751486
Zfp282,0.036751486
Esyt1,0.036751486
Myo1c,0.036751486
Cep97,0.036751486
Lrfn4,0.036751486
Seh1l,0.036751486
Cwc22,0.036751486
Trpm4,0.036751486
Celf2,0.036751483
Mlh3,0.036751483
Socs5,0.036751483
Pycr2,0.03658742
Vipas39,0.03658742
Gch1,0.036587417
Abhd17c,0.036587417
Flot2,0.036587417
Gtf3c3,0.036587417
Phf6,0.036587417
Rad51d,0.036587417
Angpt2,0.036587417
Secisbp2,0.036587417
Zdhhc16,0.036587417
Pcgf2,0.036587417
Pdlim7,0.036587417
Sys1,0.036587417
Sbsn,0.036587413
Arhgap26,0.03658741
Ift80,0.036423348
Narf,0.036423348
Acer3,0.036423348
Med20,0.036423348
Sharpin,0.036423348
Czib,0.036423348
Mettl5,0.036423348
Patl1,0.036423348
Tspan14,0.036423348
Yif1b,0.036423348
Chuk,0.036423344
Lncppara,0.036423344
Wdr20,0.036423344
Ncaph,0.036423344
Mindy2,0.036423344
Nid1,0.036423344
Isca2,0.036259282
Rpp21,0.036259282
St3gal3,0.03625928
Ccdc77,0.03625928
Necap2,0.03625928
Alkbh6,0.03625928
Nudt1,0.03625928
Dab2ip,0.03625928
Ubald2,0.03625928
Atp5g1,0.03625928
Hmgn5,0.03625928
Slc19a2,0.03625928
Lrrc75a,0.03625928
Atm,0.03625928
Skp2,0.03625928
Mvb12b,0.03625928
Shb,0.03625928
Tomm40l,0.036259275
Zfp1,0.036259275
Rrp9,0.036259275
Stard10,0.036259275
Prkdc,0.03625927
Dnal1,0.03625927
Snx19,0.036095213
Vps13c,0.03609521
Rab2b,0.03609521
Agtpbp1,0.03609521
Unc45a,0.03609521
Plekho1,0.03609521
Iars,0.03609521
Dsel,0.03609521
Guf1,0.03609521
Ppp6r1,0.03609521
Krba1,0.03609521
Avl9,0.036095206
Anln,0.036095206
Knl1,0.036095202
Dnajb4,0.03593114
Rgl1,0.03593114
Emc6,0.03593114
Acp1,0.03593114
Selenbp1,0.03593114
Mecr,0.03593114
Notch2,0.03593114
Pelp1,0.03593114
Npr2,0.03593114
Dbr1,0.03593114
Sec11c,0.035931136
Med22,0.035931136
Hgsnat,0.035931136
Bcl2l12,0.035767075
Ncln,0.03576707
Mtx1,0.03576707
Taf4,0.03576707
Megf9,0.03576707
Rnf215,0.03576707
Arhgef25,0.03576707
Ogfrl1,0.03576707
Gatb,0.03576707
Agl,0.03576707
Mmgt2,0.03576707
Zfp637,0.03576707
Aldh18a1,0.03576707
Elovl1,0.03576707
Rcl1,0.03576707
Zyx,0.03576707
Pcyt1b,0.035767067
Atg2b,0.035767067
Samd8,0.035767067
Taco1,0.035603005
Rnf25,0.035603005
0610009B22Rik,0.035603005
Kri1,0.035603005
Supv3l1,0.035603
Tmem100,0.035603
Ofd1,0.035603
Gabpa,0.035603
Katnal1,0.035603
Bag4,0.035603
Tmem209,0.035603
Asb8,0.035603
Tomm20,0.035603
Acot7,0.035603
Uspl1,0.035602998
Lxn,0.035602998
Col4a4,0.035602998
Ndufaf8,0.035438936
Mrps2,0.035438936
Epm2aip1,0.035438936
Flywch1,0.035438936
Prpf18,0.035438932
Ruvbl1,0.035438932
H2-T22,0.035438932
Fam53c,0.035438932
Mbd1,0.035438932
2310039H08Rik,0.035438932
Bin3,0.035438932
Heatr6,0.035438932
Heyl,0.035438932
Zfp646,0.035438932
Plscr4,0.03543893
Bcl2,0.03543893
Stim2,0.035438925
Gsk3a,0.035274867
Zfp263,0.035274863
Tmem168,0.035274863
Ncapd3,0.035274863
Coa6,0.035274863
Vegfb,0.035274863
D030056L22Rik,0.035274863
Arfgap3,0.035274863
Srebf2,0.035274863
Pfkm,0.035274863
Pgghg,0.035274863
Gnl3l,0.035274863
Zfp830,0.035274863
Haus3,0.035274863
Ppp2r3d,0.035274863
Mccc2,0.035274863
Tbc1d22a,0.035274863
Atg2a,0.035274863
Traf7,0.035274863
Habp4,0.035274863
Nckap5,0.03527486
Sik2,0.03527486
Isy1,0.03527486
Srfbp1,0.035110798
Tmem175,0.035110794
Scnm1,0.035110794
Sprtn,0.035110794
Sbk1,0.035110794
Dexi,0.035110794
Zfp869,0.035110794
Msrb2,0.035110794
Gpatch2l,0.035110794
Gys1,0.035110794
Tmem128,0.035110794
Sgf29,0.035110794
Rph3al,0.03511079
Esr1,0.03511079
Capza1,0.03511079
Lmtk2,0.03511079
Tmem42,0.03511079
Plekhg1,0.035110787
Letmd1,0.035110787
Nrp1,0.03511078
Ssh1,0.03494673
Pak4,0.03494673
Irx3,0.03494673
Rpap1,0.034946725
Fam199x,0.034946725
Zfp651,0.034946725
Wdr13,0.034946725
Lta4h,0.034946725
Snx25,0.034946725
Wtap,0.034946725
Mapk6,0.034946725
Macir,0.03494672
Fn1,0.03494672
Osbpl6,0.03494672
Micu3,0.03494672
Sema6a,0.034946717
Igfbp6,0.03478266
Mpp7,0.034782656
1110059G10Rik,0.034782656
Taf1a,0.034782656
Lzic,0.034782656
Usp42,0.034782656
Uhmk1,0.034782656
Btbd2,0.034782656
Hmmr,0.03478265
Fnbp1,0.03478265
Ube2o,0.03461859
Blvra,0.03461859
Prorsd1,0.034618586
Scaf1,0.034618586
B3gntl1,0.034618586
Tubgcp4,0.034618586
Chid1,0.034618586
Ankzf1,0.034618586
Apeh,0.034618586
Apaf1,0.034618586
Adam9,0.034618586
Gas2l1,0.034618586
Mis18bp1,0.034618586
Chst8,0.034618586
Gps2,0.034618586
Mipep,0.034618583
Dtna,0.034618583
Bola3,0.034618583
Osbpl2,0.034618583
Pmvk,0.034618583
Ica1,0.034618583
Cacnb2,0.03461857
Rnps1,0.03445452
Ift27,0.034454517
Plekhm3,0.034454517
Mrpl46,0.034454517
Zc3h12c,0.034454517
Strip1,0.034454517
Pnpo,0.034454517
Fbxl14,0.03429045
Ap2a1,0.034290448
Ap4s1,0.034290448
Sorbs3,0.034290448
Gm1673,0.034290448
Galnt10,0.034290448
Eri1,0.034290448
Vbp1,0.034290448
Mbip,0.034290448
Tbc1d14,0.034290448
Dalrd3,0.034290448
Cdk17,0.034290448
Arl4a,0.034290448
Susd1,0.034290448
Ppp1r8,0.034290448
Krt8,0.034290444
Ssh2,0.034290444
Hcfc2,0.034290444
Bend7,0.03429044
Borcs8,0.034126382
Chkb,0.034126382
Gpaa1,0.034126382
Dhx33,0.03412638
Ppil3,0.03412638
Rubcn,0.03412638
Ipo4,0.03412638
Gtpbp2,0.03412638
Rhog,0.03412638
Rnf40,0.03412638
Pde5a,0.03412638
Nob1,0.03412638
Dcaf15,0.03412638
Utp23,0.03412638
Pex11b,0.03412638
Phtf2,0.03412638
Xpc,0.03412638
Paxip1,0.03412638
Hmgn3,0.03412638
Nup210l,0.03412638
Shroom2,0.03412638
mt-Nd6,0.034126375
Timeless,0.034126375
Ctif,0.034126375
Tamm41,0.034126375
Glis2,0.034126375
Rybp,0.03396231
Rnpepl1,0.03396231
Twnk,0.03396231
Casp2,0.03396231
Rida,0.03396231
Ogfod2,0.03396231
Tesk1,0.03396231
Ndrg3,0.03396231
Eef1e1,0.03396231
Mob2,0.03396231
Slc11a2,0.03396231
Zfp711,0.03396231
Inafm1,0.03396231
Ubtd2,0.03396231
Hmga2,0.033962306
Arhgap23,0.033962306
Rabif,0.033962306
Ero1b,0.033962306
Pip4p2,0.033962306
Anapc10,0.033962306
Mettl24,0.033962302
Glis3,0.0339623
Rgs11,0.033798244
Bcl6,0.033798244
Nosip,0.03379824
Traf4,0.03379824
Raph1,0.03379824
Edc4,0.03379824
Zbtb10,0.03379824
Gtf2h2,0.03379824
Bcl2l11,0.03379824
Pias4,0.03379824
Ap1b1,0.03379824
Ptgr1,0.03379824
Wbp1,0.03379824
Wars2,0.03379824
Spindoc,0.03379824
Rnf126,0.03379824
Zfp369,0.03379824
Nedd9,0.03379824
Ehd2,0.03379824
Snn,0.03379824
Wdr73,0.03379824
Slc25a23,0.03379824
Zfp52,0.03379824
Txndc12,0.033798236
Rhou,0.033634175
Fam20c,0.03363417
Rab8b,0.03363417
C1qtnf12,0.03363417
Gcn1,0.03363417
Abhd11,0.03363417
Parp6,0.03363417
Zcchc10,0.03363417
Dus1l,0.03363417
Sema4c,0.03363417
Nxt1,0.03363417
Fbrs,0.03363417
Zbtb4,0.033634167
Tango6,0.033634167
Tcea1,0.033634167
Pdik1l,0.033634167
Zwilch,0.033634167
Nat9,0.033470105
Gstp1,0.033470105
Naa20,0.033470105
Poglut2,0.033470105
Slc39a9,0.0334701
Vps8,0.0334701
Mtfr1,0.0334701
Zfp64,0.0334701
Slc25a19,0.0334701
Gtdc1,0.0334701
Tigd2,0.0334701
Ttc9c,0.0334701
Mad1l1,0.0334701
Zfp408,0.0334701
Eepd1,0.0334701
Agrn,0.0334701
Tiam1,0.0334701
Ncoa3,0.0334701
Mtx3,0.0334701
Zfp90,0.033470098
Cdh11,0.033470098
Ptpn23,0.033470098
Nelfa,0.033306036
Vps33a,0.033306036
Nr2c1,0.033306036
Tcf7,0.033306036
Cdc42bpg,0.033306032
Gpn3,0.033306032
Coch,0.033306032
Pld1,0.033306032
Litaf,0.033306032
Hoxd8,0.033306032
Nadk2,0.033306032
Mapkbp1,0.033306032
Necap1,0.033306032
Slc25a44,0.033306032
Zc3hc1,0.033306032
B4galt4,0.03330603
Ugcg,0.03330603
Slc4a4,0.03330603
Mcu,0.03330603
Nhsl2,0.03330602
Scrn2,0.033141967
Chd7,0.033141967
Cisd1,0.033141967
Fabp5,0.033141967
Epn1,0.033141967
Bloc1s4,0.033141967
Cipc,0.033141963
Exosc2,0.033141963
Rab3gap2,0.033141963
Bmi1,0.033141963
Heatr1,0.033141963
Golga7,0.033141963
Pdgfb,0.033141963
Plpp5,0.033141963
Tmem192,0.033141963
Abcg2,0.033141963
Flnb,0.033141963
Mtif3,0.033141963
Gm11944,0.033141963
Spata1,0.03314196
Cenpj,0.03314196
Slc12a7,0.032977898
Scg5,0.032977898
Dmwd,0.032977898
Nectin2,0.032977898
Blvrb,0.032977894
Dtx3,0.032977894
Fkbp7,0.032977894
Rnd2,0.032977894
Rpain,0.032977894
Klc4,0.032977894
Rabepk,0.032977894
Gabpb1,0.032977894
Gstk1,0.032977894
Lnx2,0.03297789
2510002D24Rik,0.03297789
Josd2,0.03281383
Slc25a20,0.03281383
Ung,0.03281383
Adrm1,0.03281383
G6pc3,0.03281383
Dda1,0.03281383
Nipa2,0.032813825
Sptlc1,0.032813825
Shmt2,0.032813825
Slc25a33,0.032813825
Tpmt,0.032813825
Ccdc12,0.032813825
Telo2,0.032813825
Exo5,0.032813825
Hmgxb3,0.032813825
Ecm2,0.032813825
Tubg1,0.032813825
Atp8b2,0.032813825
Mief1,0.032813825
Gm15564,0.03281382
Blzf1,0.03281382
Ccdc18,0.032813817
Tbpl1,0.03264976
Lgmn,0.032649755
Idh3a,0.032649755
Rrm2,0.032649755
Chd1l,0.032649755
Got1,0.032649755
Cdk2,0.032649755
Ccdc93,0.032649755
Bcl2l2,0.032649755
Fastk,0.032649755
Mob1b,0.032649755
Mkrn2,0.032649755
Klhdc4,0.032649755
Hspbp1,0.032649755
Pex26,0.032649755
Prim1,0.032649755
Ppcs,0.032649755
Gas8,0.03264975
Rmdn1,0.03264975
Gm44250,0.03264975
Hcn1,0.032649748
Gripap1,0.032649748
Fgd1,0.03248569
Six5,0.03248569
Atat1,0.03248569
Urm1,0.032485686
Tagln2,0.032485686
Zfp629,0.032485686
Gpatch11,0.032485686
Gm26759,0.032485686
Plekha3,0.032485686
Arf2,0.032485686
Prim2,0.032485686
Zmynd19,0.032485686
Col1a1,0.032485686
Tmem126b,0.032485686
Cep57l1,0.032485686
Miga1,0.032485686
Ctxn1,0.032485686
Dcbld2,0.032485683
Tmed8,0.032485683
Etfrf1,0.032485683
Zbtb37,0.032485683
Bak1,0.03232162
Spns1,0.03232162
Arrb1,0.03232162
Pcnx3,0.032321617
Ndufaf1,0.032321617
Pgpep1,0.032321617
Cdpf1,0.032321617
Plxna1,0.032321617
Tbc1d10a,0.032321617
Shc1,0.032321617
Trmt13,0.032321617
Rsbn1,0.032321617
Snx32,0.032321617
Rbm12,0.032321617
Mideas,0.032321617
Alg13,0.032321617
Glmn,0.032321617
Cdca4,0.032321617
Spin2c,0.032321617
Ikzf2,0.032321606
Nhs,0.032321602
Triap1,0.03215755
Hs6st1,0.03215755
Hdac6,0.032157548
Pomt1,0.032157548
Eif2ak3,0.032157548
Rfxap,0.032157548
Terf2ip,0.032157548
Tstd2,0.032157548
Usp54,0.032157548
Msl2,0.032157548
Mex3b,0.032157548
Desi1,0.032157544
Dennd4a,0.032157544
Entpd1,0.032157544
Dgat1,0.031993482
Mrpl32,0.031993482
Cwc25,0.03199348
Gpkow,0.03199348
Dnajb2,0.03199348
Bbs4,0.03199348
Yipf6,0.03199348
Patz1,0.03199348
Kremen1,0.031993475
Uvssa,0.031993475
Egflam,0.03199347
Tut1,0.031829413
Dpp7,0.031829413
Ankrd49,0.031829413
Dvl3,0.03182941
Spred2,0.03182941
Gucy1a1,0.03182941
Pno1,0.03182941
Pclo,0.03182941
Zfp955b,0.03182941
Psmg3,0.03182941
Tpbg,0.03182941
Tfip11,0.03182941
Tmc6,0.03182941
Akap17b,0.03182941
Zfp26,0.03182941
Chrdl1,0.031829406
Fam171a1,0.031829406
Lrif1,0.031829406
Wdr83,0.031829406
Atp13a1,0.031829406
Eif2b1,0.031665344
Fndc5,0.03166534
Ap3s1,0.03166534
Magohb,0.03166534
Ddx20,0.03166534
Coa7,0.03166534
Tnks1bp1,0.03166534
Irf1,0.03166534
Gm50021,0.03166534
Coq3,0.03166534
Msrb1,0.03166534
Bcl7c,0.03166534
Fbxw9,0.03166534
Gpatch1,0.03166534
Sbf1,0.03166534
Rab10os,0.03166534
Pak6,0.03166534
Tmem9b,0.03166534
Tmem167b,0.03166534
Prps1,0.03166534
8030462N17Rik,0.03166534
Kcnt1,0.031501275
Ttc13,0.031501275
Tomm5,0.031501275
Rdh14,0.03150127
Zdhhc18,0.03150127
Dop1a,0.03150127
Nup205,0.03150127
Kctd9,0.03150127
Mettl7a1,0.031501267
Cln8,0.031501267
Ptprt,0.031501267
Clec1a,0.031501263
Yipf2,0.031337205
Leng8,0.031337205
Zfp280b,0.031337205
Amer1,0.0313372
Hgs,0.0313372
Cadps2,0.0313372
Ccdc15,0.0313372
Nr4a1,0.0313372
Hlcs,0.0313372
Hspb11,0.0313372
Pmp22,0.0313372
A630089N07Rik,0.0313372
Mtus1,0.0313372
Ypel1,0.0313372
Aldh16a1,0.0313372
1600020E01Rik,0.031337198
Gm16124,0.031337198
Coprs,0.031337198
Plch1,0.031337194
Tmem50b,0.031173136
Ncdn,0.031173136
Lypla2,0.031173136
Ruvbl2,0.031173134
Tbc1d13,0.031173134
Ddx55,0.031173134
Emc4,0.031173134
Tank,0.031173134
Rufy2,0.031173134
Hbegf,0.031173132
Usp45,0.031173132
Ebpl,0.031173132
Htatip2,0.031173132
Zcchc4,0.031173132
Cers4,0.031173132
Tdgf1,0.03117313
Polr3h,0.03117313
Rpusd4,0.031173129
Septin8,0.031009067
Tada1,0.031009067
Gtpbp1,0.031009067
Tsr2,0.031009067
Mcoln1,0.031009067
Llgl1,0.031009065
Rbbp5,0.031009065
Trim23,0.031009065
Fasn,0.031009065
Zfp444,0.031009065
Dkk3,0.031009065
Srprb,0.031009065
Ttyh3,0.031009065
Chfr,0.031009063
Fzd4,0.031009063
Zbtb33,0.031009063
Gm6277,0.031009063
Ppp1r16b,0.031009063
Alkbh3,0.031009063
Myo5c,0.031009063
Scx,0.031009063
Slx4ip,0.031009063
Mterf4,0.031009061
Hspa12a,0.03100906
Tnk2,0.030844998
4933434E20Rik,0.030844998
Ndc1,0.030844996
Tmeff1,0.030844996
Pycard,0.030844996
Haus6,0.030844996
Uap1l1,0.030844996
Commd9,0.030844996
Rhno1,0.030844996
Lyrm9,0.030844994
Kif2c,0.030844994
Pi4kb,0.030844994
Sap18,0.030844994
Kif15,0.030844994
Rdh11,0.030844994
Usp31,0.030844992
Fam120c,0.030844992
Tarsl2,0.030844992
Ell,0.030844992
Pygl,0.03084499
Spg7,0.030680928
Farp2,0.030680928
Ints12,0.030680928
Plekhg2,0.030680927
Caap1,0.030680927
Pdcd10,0.030680927
Steap2,0.030680927
Plekha8,0.030680925
Tyw1,0.030680925
Spag1,0.030680925
Thap7,0.030680925
Malt1,0.030680925
Wasf1,0.030680925
Zbtb8b,0.030680925
Dnajc24,0.030680925
Eva1b,0.03051686
Nbas,0.03051686
Gpn1,0.03051686
Smim8,0.03051686
Sall2,0.030516857
Etaa1,0.030516857
Gm35769,0.030516857
Fzr1,0.030516857
Tbc1d24,0.030516857
Exosc3,0.030516857
Cry2,0.030516855
Slc16a1,0.030516855
Cfap298,0.030516855
Abhd10,0.030516855
Cep192,0.030516855
Adpgk,0.030516855
Ttl,0.030516855
Ercc6,0.030516855
Ankrd16,0.030516855
Sugp2,0.030516854
Cpeb3,0.030516852
Eml6,0.030516852
Apobec3,0.03035279
Bcl10,0.03035279
B4galt3,0.03035279
Ppp1r15a,0.030352788
A530020G20Rik,0.030352788
Hlf,0.030352788
Sp3os,0.030352788
Cmtm4,0.030352788
Zdhhc5,0.030352788
H2bc4,0.030352788
Erbb2,0.030352788
Fam220a,0.030352788
Neurl4,0.030352786
Kif22,0.030352786
Grk6,0.030352786
Irak1bp1,0.030352786
Ipmk,0.030352786
Fbxo33,0.030352786
Alg10b,0.030352786
Atmin,0.030352786
Sema7a,0.030352786
Tmem80,0.030352786
Leng9,0.030352786
Nup188,0.030352786
Inpp5b,0.030352786
Hilpda,0.030352784
Lin52,0.030352784
Ubxn2b,0.030352784
Ppwd1,0.030352784
Thrb,0.030352782
Snx29,0.030352782
Rchy1,0.030352782
Nsa2,0.03018872
Nup153,0.03018872
Ubald1,0.03018872
Mfap1a,0.03018872
Map7,0.030188719
Sh3gl1,0.030188719
Nfya,0.030188719
Nat10,0.030188719
Ifih1,0.030188719
Pip4k2b,0.030188719
Wdr36,0.030188719
Ift22,0.030188717
Ifngr1,0.030188717
Golt1b,0.030188717
Rce1,0.030188717
Foxn2,0.030188717
Cant1,0.030188717
H1f8,0.030188717
Phka2,0.030188717
Rcor3,0.030188717
Rras,0.030188717
Zfp329,0.030188717
Cab39l,0.030188717
Gk5,0.030188717
Cdca2,0.030188717
Psmb8,0.030188717
Mrpl19,0.030188715
Synj1,0.030188715
Pnpt1,0.030188715
Slc17a5,0.030188715
Arhgap24,0.03018871
Retreg3,0.030024651
Efnb1,0.030024651
Garem1,0.030024651
Abhd8,0.030024651
Wdr47,0.03002465
Tsc2,0.03002465
Ap3m1,0.03002465
Mphosph9,0.03002465
Ninj1,0.03002465
Mtrf1l,0.03002465
Cry1,0.03002465
Cdca7l,0.03002465
2900076A07Rik,0.03002465
C2cd5,0.03002465
Sfrp1,0.030024648
Taf5,0.030024648
Blm,0.030024648
Rnf122,0.030024648
Il1rapl1,0.030024648
Rnaseh2b,0.030024648
Zmat3,0.030024646
Alg11,0.030024646
Frk,0.030024644
Klhl28,0.030024644
St7,0.030024644
Map2k6,0.030024644
Zdhhc14,0.030024644
Tmeff2,0.030024642
Fbxw5,0.029860584
Erg28,0.029860582
Ccdc71,0.029860582
Tbcc,0.029860582
Jam3,0.029860582
Ift140,0.029860582
Cic,0.02986058
Snx14,0.02986058
Slc35e2,0.02986058
Eral1,0.02986058
Btg1,0.02986058
Zfyve27,0.02986058
Zfp688,0.02986058
Lyst,0.02986058
Tmem43,0.02986058
Cryzl2,0.02986058
Bloc1s2,0.02986058
Zfp866,0.02986058
Sh3bgr,0.029860578
Vps52,0.029860578
Slc39a11,0.029860578
Por,0.029860578
Pdhx,0.029860578
Cnpy3,0.029860578
Miip,0.029860578
Traf5,0.029860578
Papolg,0.029860575
Zfp317,0.029696513
Pcgf6,0.029696513
Gfus,0.029696513
Cad,0.029696513
Tnc,0.029696513
Pyurf,0.029696511
Klf11,0.029696511
Zfp800,0.02969651
Setbp1,0.02969651
Mcrip2,0.02969651
Tmem109,0.02969651
Tmtc4,0.02969651
Map2k3,0.02969651
Slc9a1,0.02969651
Cacna1c,0.029696506
Zbed5,0.029696506
Sorbs1,0.029696504
Scrib,0.029532444
Gabarapl2,0.029532444
Ap2m1,0.029532442
Boc,0.029532442
Kalrn,0.02953244
Stoml1,0.02953244
Aplf,0.02953244
Tafa5,0.02953244
Cactin,0.02953244
Cip2a,0.02953244
Trim3,0.02953244
Eif3j1,0.02953244
Nup54,0.02953244
Rgs7bp,0.029532438
Slc9a3r2,0.029532436
Srgap1,0.029532434
Dysf,0.029532429
Fut10,0.029368374
Wdr53,0.029368374
Fam185a,0.029368374
Rbm14,0.029368374
Dctd,0.029368374
Map3k12,0.029368374
Mrpl22,0.029368374
Aifm2,0.029368374
Zfp74,0.029368373
Manba,0.029368373
Usf1,0.029368373
Smarcal1,0.029368373
Nprl3,0.029368373
Cnot9,0.029368373
Unc119b,0.029368373
Armc9,0.029368373
Coq5,0.029368373
Cobl,0.02936837
Eef1akmt1,0.02936837
Carm1,0.02936837
Wiz,0.02936837
Snapc1,0.029368369
Tab3,0.029368369
Zfpl1,0.029204305
Ccdc86,0.029204305
Ctso,0.029204305
Ccdc43,0.029204305
Scfd2,0.029204305
Cep85,0.029204303
Rgmb,0.029204303
AI837181,0.029204303
Gfpt2,0.029204303
Usp38,0.029204303
Aars,0.029204303
Pon3,0.029204302
Cox10,0.029204302
Src,0.029204302
Scrn3,0.029204302
Fahd1,0.029204302
Mios,0.0292043
Efr3b,0.0292043
Kcnd3,0.029204298
Sipa1l2,0.029204294
Adam12,0.029040236
Afap1,0.029040236
Coro1b,0.029040236
Atxn1l,0.029040236
B4galt2,0.029040236
Vps11,0.029040236
Zfp81,0.029040236
Tbc1d32,0.029040234
Chp2,0.029040234
Nicn1,0.029040234
Dpagt1,0.029040232
Zfp280c,0.029040232
Manbal,0.029040232
Cox19,0.029040232
Mettl8,0.029040229
Mpg,0.028876169
Slc35f5,0.028876167
Tep1,0.028876167
Qtrt1,0.028876167
Chaf1a,0.028876167
Mre11a,0.028876165
H1f5,0.028876165
Bcl7b,0.028876165
Plod1,0.028876165
Utp15,0.028876165
Cmc2,0.028876165
Plpbp,0.028876165
Zbtb43,0.028876163
Sfi1,0.028876163
Ankrd46,0.028876163
Pnpla6,0.028876163
Tspyl2,0.028876163
Iqsec1,0.028876163
Slc25a32,0.028876163
Mdk,0.028876163
Taf5l,0.028876163
Zrsr1,0.028876161
Lrrc40,0.028876161
Mxd1,0.02887616
Nlrp14,0.02887616
Fzd7,0.02887616
Kdm4b,0.02887616
Tbc1d31,0.02887616
Daam2,0.028876154
Ubxn2a,0.028712098
Gatd1,0.028712098
Smndc1,0.028712098
Scp2,0.028712096
Taf6,0.028712096
Prelid2,0.028712096
Vac14,0.028712096
Serhl,0.028712096
Sdc3,0.028712096
Vamp2,0.028712096
Naa40,0.028712096
Phkg2,0.028712094
Wdsub1,0.028712094
Zbtb22,0.028712094
Slc39a13,0.028712094
Elac2,0.028712094
Zmym1,0.028712094
Orai3,0.028548028
Plekhn1,0.028548026
Usp39,0.028548026
Spc25,0.028548026
Lancl2,0.028548026
Mthfsd,0.028548026
Nfkbib,0.028548026
Gstcd,0.028548026
Tspan7,0.028548025
Gskip,0.028548025
2210408I21Rik,0.028548025
Mlx,0.028548025
Tmco3,0.028548025
Kif4,0.028548025
Nek4,0.028548025
Kcnb2,0.02854802
Snx24,0.02854802
Map11,0.028383961
Mboat7,0.02838396
Ripor1,0.02838396
Asnsd1,0.02838396
Vit,0.02838396
Trim32,0.02838396
Ccdc61,0.02838396
Zfyve19,0.02838396
Zfp518a,0.028383957
Taf13,0.028383957
Ostm1,0.028383957
Lrrc8b,0.028383957
Odf2l,0.028383957
2700097O09Rik,0.028383955
Ehd1,0.028383955
C1ra,0.028383955
Dipk2a,0.028383955
Ccdc163,0.028383955
Fiz1,0.028383955
Zfp768,0.028383955
Tex9,0.028383953
Phex,0.028383948
Ebag9,0.02821989
Nup37,0.02821989
Napepld,0.02821989
Tlcd2,0.02821989
Snai2,0.02821989
Stk11ip,0.02821989
Gmppa,0.02821989
Pyroxd1,0.028219888
Tnfrsf12a,0.028219888
Caprin2,0.028219888
Ogfod3,0.028219888
Pwwp2b,0.028219888
Ercc1,0.028219888
Pced1a,0.028219888
B230354K17Rik,0.028219886
Acvr2a,0.028219886
Oma1,0.028219886
Aaas,0.028219886
Cnnm3,0.028219886
Bace1,0.028219886
Snip1,0.028219886
Cars2,0.028219886
Gmds,0.028219884
Tnik,0.028219882
Stambp,0.02805582
Rpap2,0.02805582
Hsf1,0.02805582
Sardh,0.02805582
L3hypdh,0.02805582
H1f4,0.02805582
Ccnyl1,0.028055819
Zfp428,0.028055819
Fahd2a,0.028055819
Spout1,0.028055819
Rdm1,0.028055819
Mcur1,0.028055819
Tgfbr2,0.028055817
Heatr3,0.028055817
Lrrn1,0.028055817
Meis2,0.028055817
Gpt2,0.027891751
Rhbdd3,0.027891751
Slc27a3,0.02789175
Cchcr1,0.02789175
Zfp568,0.02789175
Rmdn3,0.02789175
Mospd1,0.02789175
Hnrnph2,0.027891748
Slc30a7,0.027891748
Sat1,0.027891748
Mtmr6,0.027891748
Zw10,0.027891748
Nol12,0.027891748
Zfp60,0.027891748
Polr3f,0.027891748
Fbxo4,0.027891748
Crbn,0.027891746
Slc5a3,0.027891744
Ppp1r37,0.027727684
Gan,0.027727682
Fam222a,0.027727682
2810410L24Rik,0.027727682
Ctla4,0.027727682
Kat2a,0.027727682
Limd2,0.027727682
Tmem120a,0.027727682
Fbxo30,0.02772768
Tyk2,0.02772768
Stk19,0.02772768
Klf2,0.02772768
Rp2,0.02772768
AI597479,0.027727678
Map1s,0.027727678
Endod1,0.027727678
Clstn1,0.027727678
Ccdc157,0.027727678
Crppa,0.027727678
Rbm19,0.027727678
A930015D03Rik,0.027727678
Tmem219,0.027727678
Iqce,0.027727678
Sigmar1,0.027727678
Pde4dip,0.027727678
Cnksr3,0.027727678
Crem,0.027727678
Clec16a,0.027727678
Atad5,0.027727678
Il15ra,0.027727678
Alg2,0.027727678
Prdm10,0.027727675
Klhl3,0.027727675
Cenpq,0.027727675
Adgrl3,0.027727671
Fbxl12,0.027563615
Slc7a6os,0.027563613
Bnip1,0.027563613
Ikbkg,0.027563613
Ifi30,0.027563613
Rrp8,0.027563613
Mgme1,0.027563613
Creld1,0.027563613
Pias3,0.027563613
Ap5m1,0.027563611
Wdr83os,0.027563611
Anxa1,0.027563611
Mfap1b,0.027563611
Nr2c2ap,0.02756361
Tpst2,0.02756361
Gfm2,0.02756361
Kctd5,0.02756361
Lpar4,0.02756361
Mbd6,0.02756361
Ppm1f,0.02756361
Snrnp25,0.02756361
Lmbr1,0.02756361
Gsta4,0.02756361
AU022252,0.027563607
Fam81a,0.027563605
Eaf1,0.027399544
Ptcd2,0.027399544
Tor2a,0.027399544
Rusf1,0.027399544
Pnkp,0.027399544
Dnajb12,0.027399542
Gmpr2,0.027399542
Mir22hg,0.027399542
Prkaa1,0.027399542
Dynlt2b,0.027399542
Acyp1,0.02739954
Nup160,0.02739954
Ndc80,0.02739954
Marveld1,0.02739954
Med26,0.02739954
Sco2,0.02739954
Zcchc2,0.02739954
Tmem51,0.02739954
Sass6,0.027235476
Tmem106c,0.027235474
Vangl1,0.027235474
Dus3l,0.027235474
Stam,0.027235474
Acd,0.027235474
Med14,0.027235473
Parp9,0.027235473
Dnmbp,0.027235473
Tradd,0.027235473
Pdpr,0.02723547
Etv3,0.02723547
Cyp51,0.02723547
Rmnd1,0.02723547
Apip,0.02723547
P3h3,0.02723547
Rhoj,0.027235469
Asb7,0.027235469
Golm1,0.027235469
Klhl20,0.027071405
Ppfibp2,0.027071405
Ints14,0.027071405
Nudt14,0.027071405
Lrwd1,0.027071405
Galnt11,0.027071405
Abca3,0.027071403
Serpinb9,0.027071403
5530601H04Rik,0.027071403
Kcnip3,0.027071403
Stxbp4,0.027071403
Gulp1,0.027071403
Med24,0.027071403
Otud6b,0.027071401
Krt18,0.027071401
Hps1,0.027071401
Rpl10a,0.027071401
Zfp160,0.0270714
Rell1,0.0270714
Pkdcc,0.027071398
Simc1,0.027071398
Unc13c,0.027071396
Bean1,0.026907336
Cbx3,0.026907336
Slc35a4,0.026907336
Cenpx,0.026907336
Nr1h2,0.026907336
Jmjd8,0.026907336
Zbtb24,0.026907334
Tmub2,0.026907334
Dcp1b,0.026907334
Pknox1,0.026907334
Tti1,0.026907332
Itga1,0.026907332
Hexdc,0.026907332
Ccdc181,0.026907332
Ihh,0.026907332
Poc5,0.026907332
Mr1,0.026907332
Mmaa,0.026907332
Prrg1,0.026907325
Zer1,0.026743267
Kdm2b,0.026743267
Cd82,0.026743267
Gm7072,0.026743267
Ccdc167,0.026743267
Nedd1,0.026743265
Spty2d1,0.026743265
Rasa3,0.026743265
Riox2,0.026743265
Pmm1,0.026743265
Msto1,0.026743263
Pitpnm2,0.026743263
Prnp,0.026743263
Ttbk2,0.026743263
Ksr1,0.026743263
Per1,0.026743263
Spidr,0.026743263
Zfyve26,0.026743263
Mettl25,0.026743263
Smtn,0.026743263
Selenoi,0.026743263
Fance,0.026743263
Zbtb6,0.026743261
Ccdc112,0.026743261
Tcf21,0.02674326
Snhg3,0.0265792
Cdyl,0.0265792
Tbl3,0.026579196
Kcnh2,0.026579196
Zfp12,0.026579196
Pxn,0.026579196
Gm26782,0.026579196
Spsb2,0.026579196
Hps5,0.026579196
Dhrs7b,0.026579194
Cd180,0.026579194
Ddx28,0.026579194
Ptcd3,0.026579194
Slc25a35,0.026415128
Cbwd1,0.026415128
Ube2n,0.026415126
Tsen15,0.026415126
Zc3h10,0.026415126
Prorp,0.026415126
Twf2,0.026415126
Chmp6,0.026415126
Hscb,0.026415126
Slc12a6,0.026415126
Gm5617,0.026415126
Tjap1,0.026415126
Trmt2b,0.026415126
Capn10,0.026415125
Tmtc3,0.026415125
Zmiz2,0.026415125
Gbe1,0.026415125
Hs6st2,0.026415123
Sfxn3,0.026251059
Hmgcr,0.026251059
Haghl,0.026251059
Palm,0.026251059
Epb41l4b,0.026251059
Gcc1,0.026251059
Ccdc160,0.026251059
Rpp25l,0.026251059
Fam3a,0.026251059
Bcorl1,0.026251059
Homer3,0.026251059
Lsm7,0.026251059
Ramac,0.026251059
Zfp316,0.026251057
Crb1,0.026251057
Isg20l2,0.026251057
Polr2d,0.026251057
Fbxo25,0.026251057
Ears2,0.026251057
Nynrin,0.026251057
Brpf3,0.026251055
Nmi,0.026251055
Cep131,0.026251055
Dnph1,0.026251055
Vrk2,0.026251053
Pigc,0.02608699
Pik3r2,0.02608699
Mfsd14b,0.02608699
Cadm1,0.026086988
Ahi1,0.026086988
Kif3c,0.026086988
Zbtb8os,0.026086988
Sgk1,0.026086986
Kcnk1,0.026086986
Zscan12,0.026086986
Srebf1,0.026086986
Ggct,0.026086986
Rbm15,0.026086986
Men1,0.026086986
Spata6,0.026086986
Colec12,0.026086984
Crtc1,0.026086984
Larp1b,0.026086982
Txnrd2,0.02592292
Hoxc6,0.02592292
Panx1,0.02592292
Tmem68,0.02592292
Nlgn2,0.02592292
Lpcat1,0.025922919
Slc29a3,0.025922919
Atpsckmt,0.025922919
Capn15,0.025922919
Actr6,0.025922917
Fastkd1,0.025922917
Arhgef10l,0.025922917
Bloc1s5,0.025922917
Dcun1d4,0.025922917
Hsdl1,0.025922917
Ccl25,0.025922917
Abcf2,0.025922915
Lsamp,0.025922913
Nr3c2,0.025922911
Samd1,0.025758851
Vps45,0.025758851
Itgb3bp,0.025758851
Stard8,0.025758851
2810013P06Rik,0.025758851
Plk2,0.025758851
Rbm3,0.02575885
Hivep1,0.025758848
Mitd1,0.025758848
Spata13,0.025758848
Csrp1,0.025758848
Rab5a,0.025758848
Mtmr4,0.025758848
Ddx19a,0.025758848
C2cd2,0.025758848
Parp12,0.025758848
Lama4,0.025758846
Dgkb,0.025758846
Rfxank,0.025594784
Sacs,0.025594782
Rgs13,0.025594782
Gm35533,0.025594782
Mcm2,0.025594782
Abt1,0.025594782
Agfg2,0.025594782
Ccdc115,0.025594782
Tdrd7,0.02559478
Lgr6,0.02559478
Slc35a3,0.02559478
Cldn12,0.02559478
Riox1,0.02559478
Mynn,0.02559478
Sms,0.02559478
Echdc3,0.02559478
Mafb,0.025594778
Gtf2e1,0.025594778
Nkiras2,0.025594778
Cemip2,0.025594778
Syngr1,0.025594778
Traf6,0.025594778
Stimate,0.025594778
Pamr1,0.025594778
B130024G19Rik,0.025594778
Btg2,0.025594778
Pwwp3b,0.025594776
Caskin2,0.025594776
Grb10,0.025594775
Cenph,0.025594775
Vav2,0.025594775
Dpp6,0.025594765
Proser1,0.025430713
Fem1c,0.025430713
Crcp,0.025430713
Tada2b,0.025430713
Man2c1,0.025430713
Hinfp,0.025430713
Snx21,0.025430713
Rnft1,0.025430713
Tmem250-ps,0.025430713
Tmem199,0.025430713
B9d1,0.025430711
Endov,0.025430711
Zfp367,0.025430711
Zfp612,0.025430711
Rpp30,0.025430711
Vopp1,0.02543071
Ppp2r1b,0.02543071
Pdk4,0.02543071
Ift172,0.02543071
Slc25a42,0.02543071
Ints11,0.02543071
Mzt2,0.02543071
Trim62,0.02543071
Gtf2ird2,0.025430707
Dnajb13,0.025430707
Glce,0.025266645
Arfip2,0.025266644
Klf10,0.025266644
Chpf2,0.025266644
2610301B20Rik,0.025266644
Ptp4a3,0.025266642
Erich1,0.025266642
Snhg15,0.025266642
Rgs10,0.025266642
Fsd1l,0.025266642
Mcrs1,0.025266642
Rrnad1,0.025266642
Nol10,0.02526664
Mon1b,0.02526664
Letm2,0.02526664
Gpr155,0.02526664
Jrkl,0.02526664
Mfsd11,0.02526664
Zfp426,0.02526664
Lrp5,0.02526664
Cuedc1,0.02526664
Mcm5,0.02526664
Cars,0.02526664
Bcl2l10,0.025266636
Nubp1,0.025102574
Usp20,0.025102574
Gnpnat1,0.025102574
Kirrel,0.025102574
Rnd3,0.025102574
Fbxl6,0.025102574
Spg11,0.025102573
Sdhaf3,0.025102573
Slc4a3,0.025102573
Ado,0.025102573
Strada,0.025102573
Gid8,0.025102573
Hsd11b2,0.025102573
Higd1a,0.025102573
Isca1,0.025102573
G6pdx,0.025102573
Ccnc,0.025102573
Tmem53,0.025102573
2810403D21Rik,0.02510257
Fastkd2,0.02510257
Ccnq,0.02510257
D230025D16Rik,0.02510257
Cog1,0.024938505
Mfsd10,0.024938505
Ppcdc,0.024938505
Adprm,0.024938505
Csdc2,0.024938505
Icmt,0.024938505
2310011J03Rik,0.024938505
Ctu2,0.024938505
Usp30,0.024938503
Ptgfrn,0.024938503
Ap4e1,0.024938503
Sec14l1,0.024938503
Sh3bp5l,0.024938503
Setd6,0.024938503
Sh3glb2,0.024938503
Ephb6,0.024938501
Inafm2,0.024938501
Mtbp,0.024938501
Cdc14b,0.024938501
Snrnp35,0.024938501
Sp4,0.024938501
Pdk3,0.024938501
Nr2f6,0.024774436
Nme6,0.024774436
Tmem179b,0.024774436
Ccna2,0.024774436
Smyd5,0.024774436
Tpst1,0.024774436
Ovca2,0.024774436
Smug1,0.024774436
Lbh,0.024774436
Slc25a38,0.024774436
Mrgbp,0.024774436
St6galnac6,0.024774434
Lamtor3,0.024774434
Arhgef40,0.024774434
Stk10,0.024774434
Nr1d1,0.024774434
Lypla1,0.024774432
Pard6g,0.024774432
Atg7,0.024774432
Surf2,0.024774432
Lbr,0.024774432
Bub1,0.02477443
Mybpc3,0.02477443
Gnao1,0.024774428
Plcl1,0.024774425
Pprc1,0.024610367
Cep104,0.024610367
Tle6,0.024610367
Traf3ip2,0.024610367
Dnajc4,0.024610367
L2hgdh,0.024610367
Mfsd6,0.024610367
Pmf1,0.024610367
Lgals3bp,0.024610367
Rrp7a,0.024610365
Gdf9,0.024610365
Irf9,0.024610365
Isoc2a,0.024610365
Toe1,0.024610365
Vamp5,0.024610365
Zfp746,0.024610365
Cnot11,0.024610365
Mast3,0.024610365
Zfp579,0.024610365
Phospho2,0.024610365
Phlda1,0.024610365
Arel1,0.024610365
Wdr4,0.024610365
Ptp4a1,0.024610365
Syvn1,0.024610363
Aasdh,0.024610363
Bora,0.024610363
Sinhcaf,0.024610363
Irak2,0.024610363
Polr3a,0.024610363
Slc29a1,0.024610363
Ssx2ip,0.024610363
Mtpap,0.024610361
Dnm3,0.02461036
2610035D17Rik,0.02461036
Matn2,0.02461036
Plcb1,0.02461036
Wars,0.024446297
Ercc2,0.024446297
Agk,0.024446297
Ikzf5,0.024446297
LTO1,0.024446296
Pgs1,0.024446296
Dclre1c,0.024446296
Abcb8,0.024446296
Col16a1,0.024446296
Pcyt2,0.024446296
Nacc2,0.024446296
Aldh1b1,0.024446296
Wdyhv1,0.024446296
Smox,0.024446294
Mob3b,0.024446294
Yars2,0.024446294
Gnpda1,0.024446294
E4f1,0.024446294
Chic1,0.024446294
Med16,0.024446294
Phykpl,0.024446294
Dnajc18,0.024446294
Spata7,0.024446294
Arl6ip5,0.024446294
Lrrk2,0.024446292
Zfp61,0.02444629
Snx33,0.024282228
Pde1c,0.024282228
Ppp2r5d,0.024282228
Snrk,0.024282228
Hmbs,0.024282228
Tmem223,0.024282228
Hook1,0.024282228
Tmem203,0.024282228
Pnpla2,0.024282228
9430015G10Rik,0.024282228
Plekhf2,0.024282228
Ccdc158,0.024282226
Pigt,0.024282226
Spag5,0.024282226
Uhrf1,0.024282226
Smad9,0.024282226
Tysnd1,0.024282226
Mtf1,0.024282226
Mmgt1,0.024282226
Scyl3,0.024282226
Bcl2l1,0.024282226
Drg2,0.024282226
Fgl2,0.024282226
Rprd1a,0.024282224
Ebf4,0.024282224
Mtmr14,0.024282224
Mndal,0.024282224
Zfp53,0.024282224
Ftsj1,0.024282223
Ppm1h,0.02428222
Rab3d,0.02411816
Slc9a8,0.024118159
Zfp598,0.024118159
Nme4,0.024118159
Bivm,0.024118159
Mycbp,0.024118159
Rab5b,0.024118159
Mmp2,0.024118157
Slc35a2,0.024118157
Nacc1,0.024118157
Pofut1,0.024118157
Hint3,0.024118157
Fbxw17,0.024118157
Alg14,0.024118157
Lman2l,0.024118157
Rab1b,0.024118157
Nol4l,0.024118155
Cacnb3,0.024118155
Gramd4,0.024118155
Mrs2,0.024118155
Lmf2,0.024118155
Rps29,0.024118153
Cav1,0.024118153
Col15a1,0.024118153
Atg4a,0.024118152
Hbb-bs,0.024118152
Col5a1,0.024118152
Med11,0.02395409
Tasp1,0.02395409
Tmem218,0.02395409
Pus1,0.02395409
Snhg16,0.02395409
Nradd,0.023954088
Vhl,0.023954088
Pold1,0.023954088
Zfp521,0.023954088
Nup35,0.023954088
Hoxd9,0.023954088
Nt5dc1,0.023954088
Ino80b,0.023954088
Naf1,0.023954088
Ccdc28a,0.023954086
Acox3,0.023954086
Jpx,0.023954086
Ephb4,0.023954086
Dcun1d2,0.023954086
Ctss,0.023954086
Emp1,0.023954084
Noc4l,0.023790022
Cc2d1a,0.02379002
Ttll12,0.02379002
Asl,0.02379002
Ctdp1,0.02379002
Tgfbi,0.023790019
Chchd6,0.023790019
Cir1,0.023790019
Gata6os,0.023790019
Dcbld1,0.023790019
Grpel2,0.023790019
Cacna1h,0.023790019
Klhdc8b,0.023790019
Gga3,0.023790019
Lrrc14,0.023790019
Tatdn2,0.023790019
5730409E04Rik,0.023790017
2610002M06Rik,0.023790017
Bag2,0.023790017
Ccdc97,0.023790017
Gcfc2,0.023790017
Coq10b,0.023790017
Palb2,0.023790017
Clip4,0.023790015
H2-Ab1,0.023790015
Fry,0.023790013
Ccdc125,0.023625951
Bcan,0.023625951
Noa1,0.023625951
Gtpbp6,0.02362595
Wdr35,0.02362595
Plagl2,0.02362595
Rdh13,0.02362595
1700123M08Rik,0.02362595
5730480H06Rik,0.02362595
Ripk2,0.023625948
Ddr2,0.023625948
Rhbdd2,0.023625948
Chn1,0.023625948
Gtpbp8,0.023625948
Tfe3,0.023625948
Gm10033,0.023625948
Eri2,0.023625948
Fam118b,0.023625948
Dgkh,0.023625948
Dlgap5,0.023625946
Cgn,0.023625946
Srcap,0.023625946
Mtrf1,0.023625946
Iqsec2,0.023625944
Kctd18,0.023461882
Pskh1,0.023461882
Gltp,0.023461882
Gm10138,0.023461882
Card19,0.023461882
Fen1,0.023461882
Unc93b1,0.023461882
Slc35b3,0.023461882
Fntb,0.023461882
Arhgdig,0.023461882
Kat14,0.023461882
Klhl42,0.023461882
Lipt2,0.023461882
Ecsit,0.023461882
Inpp5k,0.023461882
Snrpc,0.02346188
Mpp3,0.02346188
Tpra1,0.02346188
Pex11a,0.02346188
Palld,0.02346188
Stk40,0.02346188
Fbxo36,0.02346188
Slc35a5,0.02346188
Mul1,0.023461878
Samd4,0.023461878
Gt(ROSA)26Sor,0.023461878
Clspn,0.023461878
Pcnx4,0.023461878
Poli,0.023461878
Cgnl1,0.023461875
Nek6,0.023297815
Efna1,0.023297813
Ddt,0.023297813
Gpc3,0.023297813
Mterf3,0.023297813
Atp13a2,0.023297813
Gbp7,0.02329781
Arfgef2,0.02329781
Stard9,0.02329781
Tgm2,0.023297809
2810006K23Rik,0.023297809
Plk4,0.023297809
Pomgnt2,0.023297809
Map9,0.023297809
Nudcd1,0.023297809
Prdm11,0.023297809
Lysmd4,0.023297809
Frrs1,0.023297809
Mb21d2,0.023297809
Dnajc16,0.023297809
Srd5a3,0.023133744
Pdp2,0.023133744
Arhgef5,0.023133744
Vma21,0.023133744
Acot1,0.023133744
Eola1,0.023133742
Prkab1,0.023133742
Daglb,0.023133742
Cdan1,0.023133742
Syt11,0.023133742
Zhx2,0.023133742
Helb,0.023133742
Gm49708,0.023133742
Fbxo7,0.023133742
Wdfy1,0.023133742
Aig1,0.023133742
Ddx18,0.023133742
Hivep3,0.02313374
Clcn5,0.02313374
Gm4258,0.02313374
Ss18l2,0.02313374
E2f5,0.02313374
Actr5,0.02313374
Nabp2,0.02313374
Aurkb,0.023133738
Abtb2,0.023133736
Septin1,0.022969676
Kctd13,0.022969674
Vpreb3,0.022969674
Dmac2,0.022969674
Zfp384,0.022969674
Harbi1,0.022969672
Arl2,0.022969672
Frmd8,0.022969672
Cdkn2aip,0.022969672
Taf8,0.022969672
Chm,0.022969672
Eml1,0.022969672
B3glct,0.022969672
Manea,0.022969672
Dapp1,0.022969672
Bend4,0.02296967
Mfsd5,0.02296967
Vangl2,0.02296967
Pycrl,0.02296967
Recql5,0.02296967
Cdkn2c,0.02296967
Trub2,0.02296967
Khdc1b,0.022969667
Snapc4,0.022969667
Zfp865,0.022805605
Slc30a6,0.022805605
Nudt5,0.022805605
Rpp40,0.022805603
Polk,0.022805603
Casp8,0.022805603
Afg1l,0.022805603
Zscan29,0.022805603
Pnmal2,0.022805603
Lmf1,0.022805603
Vps37c,0.022805603
Ddb2,0.022805603
Rfc4,0.022805601
Klhl21,0.022805601
Sertad3,0.022805601
Spon1,0.022805601
Actg2,0.022805601
Yae1d1,0.022805601
Myadm,0.022805601
Wnt4,0.022805601
Rapgef5,0.022805598
Hsf2,0.022641538
Ndufs5,0.022641536
2810039B14Rik,0.022641536
Psph,0.022641536
Agpat1,0.022641536
Col6a2,0.022641536
Itgb3,0.022641536
Smim1,0.022641536
Klf15,0.022641534
Kat8,0.022641534
6030443J06Rik,0.022641534
Gtf2h4,0.022641534
Furin,0.022641534
Dhdh,0.022641534
P2rx4,0.022641534
Mtmr1,0.022641534
Arrdc2,0.022641534
Mad2l1,0.022641534
Tyw5,0.022641532
Map1a,0.022641528
Kmt5c,0.022477468
Bche,0.022477467
Zdhhc7,0.022477467
Ppp1r16a,0.022477467
E2f4,0.022477467
Dusp3,0.022477467
Thoc6,0.022477467
Coil,0.022477467
1110032A03Rik,0.022477467
Tomm34,0.022477465
Soga1,0.022477465
Tmem243,0.022477465
Plk1,0.022477465
Nle1,0.022477465
Srd5a1,0.022477465
Zfp672,0.022477465
Cdkn3,0.022477465
Zkscan7,0.022477465
Mthfd2,0.022477465
Zfp560,0.022477465
Ggcx,0.022477465
Hoxc4,0.022477463
Sugct,0.022477463
Kif20a,0.022477463
Carnmt1,0.022477463
Zfp995,0.022477463
Cdk14,0.022477461
Alcam,0.02247746
Trim61,0.02247746
Zfp593,0.0223134
Hoxd3os1,0.022313397
Chst14,0.022313397
Ctu1,0.022313397
Dele1,0.022313397
Rundc1,0.022313397
Slc25a37,0.022313397
Haus4,0.022313397
Bend5,0.022313397
Triobp,0.022313396
Dhcr24,0.022313396
Cinp,0.022313396
Nop2,0.022313396
Prkca,0.022313396
Chchd5,0.022313396
Tmie,0.022313396
AW209491,0.022313396
Ell2,0.022313396
Masp1,0.022313396
1300002E11Rik,0.022313396
Nipal3,0.022313394
Jcad,0.022313394
Plac8,0.022313394
Lgals4,0.022313394
Dars2,0.022313394
Kif26a,0.022313394
Tbc1d8,0.022313394
Zfp775,0.022313394
Adat1,0.022313392
Lancl3,0.02231339
Gdpd5,0.022149328
Mmd2,0.022149328
Tent5c,0.022149328
Mavs,0.022149328
Shfl,0.022149328
Pip5k1c,0.022149328
Slc12a4,0.022149328
Timp1,0.022149326
Ncam1,0.022149326
Slc38a7,0.022149326
Ttc12,0.022149326
Ndufaf5,0.022149326
Gpx4,0.022149326
Banp,0.022149326
Adcy3,0.022149324
F8,0.022149324
Pop1,0.022149324
1700012D14Rik,0.022149324
Sat2,0.022149324
Gramd3,0.022149324
4930556M19Rik,0.021985259
Tgfbrap1,0.021985259
Rgs3,0.021985259
Hspbap1,0.021985259
Txnrd3,0.021985259
Prpsap2,0.021985259
Jpt2,0.021985259
Kazn,0.021985259
Bop1,0.021985259
Alpk1,0.021985259
Vars2,0.021985257
Gtf2h3,0.021985257
Brox,0.021985257
Suv39h1,0.021985257
Fancl,0.021985257
Atpaf1,0.021985257
Nol6,0.021985257
Alg1,0.021985257
Ube2v2,0.021985257
Serping1,0.021985257
Mbd4,0.021985257
Akr1b3,0.021985257
Fxn,0.021985255
Gm37240,0.021985255
Nr6a1os,0.021985255
Nfkb2,0.021985255
Plppr3,0.021985255
Npr1,0.021985253
Alg8,0.021985251
Dennd10,0.02182119
Ndor1,0.02182119
Cib1,0.02182119
Tfrc,0.02182119
Pus3,0.02182119
S1pr2,0.02182119
Impa2,0.021821188
Comtd1,0.021821188
Mfn2,0.021821188
Fancc,0.021821188
Styx,0.021821186
Slc30a4,0.021821186
Lin9,0.021821186
Hdac7,0.021821186
Gm12940,0.021821186
Piezo2,0.021821184
Top3a,0.021821184
Ankrd44,0.021821182
Zkscan8,0.021657122
Akt1s1,0.021657122
Fam219b,0.02165712
Cnn2,0.02165712
Errfi1,0.02165712
Tusc2,0.02165712
Kank3,0.02165712
Zfp354c,0.02165712
Tfap4,0.021657119
Ccnb1,0.021657119
Tcea3,0.021657119
Cyp39a1,0.021657119
Lmbrd2,0.021657119
Timm23,0.021657119
Olfm1,0.021657119
Rcc1l,0.021657119
Ajuba,0.021657119
Eef1akmt4,0.021657119
Plekhm1,0.021657117
Tmem117,0.021657117
Lmo7,0.021657117
C330007P06Rik,0.021657117
Il1r1,0.021657117
Khdrbs2,0.021657117
Cnot3,0.021657117
Dock8,0.021657117
Ect2,0.021657115
Prr3,0.021493053
Ccdc141,0.021493051
Gins2,0.021493051
Rassf4,0.021493051
Wdr44,0.021493051
Ubxn8,0.021493051
Mtrr,0.021493051
Cyp2s1,0.021493051
Qtrt2,0.021493051
Rbm48,0.02149305
Dcun1d3,0.02149305
Parp14,0.02149305
Tmem161b,0.02149305
Hace1,0.02149305
Adamts1,0.02149305
Slx1b,0.02149305
Hus1,0.02149305
Arrdc4,0.02149305
Nrde2,0.02149305
Tdp1,0.021493047
Ganc,0.021493047
Trabd,0.021493047
Zfp710,0.021493047
Nubpl,0.021493047
Rttn,0.021493047
Stox2,0.021493046
Emc9,0.021493046
Rtl4,0.021493044
Dtx4,0.021493044
Fign,0.021493044
Lca5,0.021328984
Ints1,0.021328982
Itprid2,0.021328982
Apmap,0.021328982
Klf16,0.021328982
Gtf3c4,0.021328982
Tcta,0.021328982
Zfp46,0.021328982
Cenpw,0.021328982
Elk1,0.02132898
Iffo1,0.02132898
Crip1,0.02132898
Fzd8,0.02132898
Med27,0.02132898
Vegfa,0.02132898
Dnajb9,0.021328978
Nek8,0.021328978
Alg9,0.021328978
Mcm9,0.021328978
Nagpa,0.021328978
Il17rd,0.021328978
Ogfod1,0.021328978
Tmem184b,0.021328978
Ercc4,0.021328978
Nlrp10,0.021328976
Gsdmd,0.021328976
Irgq,0.021164915
Osbpl3,0.021164913
Ccdc32,0.021164913
Pigbos1,0.021164913
Cyp4f13,0.021164913
Mfsd4b4,0.021164913
Get3,0.021164913
Zbtb12,0.021164913
Vmac,0.021164913
Tbc1d7,0.021164913
Mroh1,0.021164913
Trmu,0.02116491
Zfp110,0.02116491
Tspan9,0.02116491
Mms22l,0.02116491
Cenpk,0.02116491
Grwd1,0.02116491
Cep19,0.02116491
Crocc,0.02116491
Fzd2,0.02116491
Wdr19,0.02116491
Tgfa,0.02116491
Arl16,0.02116491
Mknk1,0.02116491
Dnase2a,0.02116491
Dusp16,0.02116491
Angptl1,0.02116491
Saal1,0.02116491
Rad52,0.021164909
Gtpbp10,0.021164909
C86187,0.021164909
Echdc1,0.021164909
Flrt2,0.021164909
Fam171b,0.021164907
Gm13986,0.021164907
Sh3tc2,0.021000845
Fuca2,0.021000843
Gemin2,0.021000843
Elmo2,0.021000843
Mllt1,0.021000843
Dpm1,0.021000843
Rpl10-ps3,0.021000843
Mtg1,0.021000843
Rps6ka1,0.021000843
Mrap,0.021000842
Zfp942,0.021000842
1110046J04Rik,0.021000842
Nubp2,0.021000842
Stradb,0.021000842
Rpgr,0.021000842
Dop1b,0.021000842
Abca6,0.021000842
Pigg,0.02100084
Cbx2,0.02100084
Slbp,0.02100084
Hs3st3b1,0.02100084
Bahd1,0.02100084
Dnmt3b,0.02100084
Apba3,0.02100084
Nsl1,0.021000838
Gm37194,0.021000836
Tmem170b,0.020836776
Mettl4,0.020836774
Itpripl2,0.020836774
Oxnad1,0.020836774
Snapc2,0.020836774
Hip1r,0.020836774
Clcn7,0.020836774
Hhat,0.020836774
1700037H04Rik,0.020836774
Abi3bp,0.020836774
Kctd17,0.020836772
Zfp513,0.020836772
5430416N02Rik,0.020836772
Zfp358,0.020836772
Meis1,0.020836772
Psenen,0.020836772
Syce2,0.020836772
Epg5,0.020836772
Adhfe1,0.020836772
Pank4,0.020836772
Senp8,0.02083677
Abhd6,0.02083677
Tfpt,0.02083677
Dus2,0.02083677
Tex2,0.02083677
Ccdc82,0.020836769
Btg4,0.020836767
Adck1,0.020672707
Cntrob,0.020672707
Rftn1,0.020672707
Flvcr1,0.020672705
Selenoo,0.020672705
Ccdc22,0.020672705
Tefm,0.020672705
Pcsk7,0.020672705
Adi1,0.020672705
Akirin1,0.020672705
Bex2,0.020672705
Ormdl1,0.020672705
Katnbl1,0.020672703
Fam171a2,0.020672703
Hagh,0.020672703
Zfp660,0.020672703
Nxnl2,0.020672703
Rbm45,0.020672703
2610507I01Rik,0.020672703
Zmat5,0.020672703
Xylt2,0.020672703
Tgif2,0.020672703
Psd4,0.020672703
Ppp1cc,0.020672703
Parm1,0.020672701
Mns1,0.020672701
Rnf121,0.020672701
Wdr81,0.020672701
Wdhd1,0.020672701
Rab7b,0.0206727
Gimap9,0.020508638
Zdhhc23,0.020508638
Avpi1,0.020508636
Cyp20a1,0.020508636
Hk1,0.020508636
1700030K09Rik,0.020508636
AI480526,0.020508636
Nup43,0.020508636
Entpd5,0.020508636
Ccp110,0.020508636
Lrp11,0.020508636
4930511M06Rik,0.020508636
Pitpnm1,0.020508636
Lmln,0.020508634
Zdhhc4,0.020508634
Dis3l,0.020508634
Iffo2,0.020508634
Parp10,0.020508634
Oxld1,0.020508634
Stc1,0.020508634
Snx7,0.020508634
Lin37,0.020508634
Mapre3,0.020508634
Rwdd3,0.020508632
Gm17491,0.020508632
Mthfd1l,0.020508632
Cln6,0.020508632
Dglucy,0.02050863
C230035I16Rik,0.02050863
Zfp212,0.020344568
Prepl,0.020344568
Qsox2,0.020344567
Cdk5rap1,0.020344567
Rnf31,0.020344567
Mapk1ip1,0.020344567
Ccdc122,0.020344567
Tst,0.020344567
Bdh2,0.020344567
Gadd45g,0.020344567
Stx2,0.020344567
Shmt1,0.020344567
Nsmf,0.020344567
Eldr,0.020344567
3110082I17Rik,0.020344567
Kctd12b,0.020344567
Szt2,0.020344565
Impdh1,0.020344565
Nuak1,0.020344565
6030458C11Rik,0.020344565
Dok1,0.020344565
Snx30,0.020344565
Rbm4b,0.020344565
Klhl26,0.020344565
Gm1976,0.020344565
Fgd6,0.020344563
Kif14,0.020344563
Zfp777,0.020344563
Ets1,0.020344563
Zfp692,0.020344561
Ankrd24,0.0201805
Hook2,0.020180497
Bud13,0.020180497
Tfdp1,0.020180497
Nars2,0.020180497
Fam53b,0.020180497
Mpi,0.020180497
Ndst2,0.020180497
Zfp35,0.020180497
Asns,0.020180497
Fbxo6,0.020180497
Mettl17,0.020180495
Creb3l3,0.020180495
Pcid2,0.020180495
Brat1,0.020180495
Vps37b,0.020180495
Mycn,0.020180495
Sema4b,0.020180495
3110056K07Rik,0.020180495
Rpe,0.020180495
E330034G19Rik,0.020180494
Trmt10a,0.020180494
Slc22a17,0.020180494
Usp12,0.020180494
Cacnb4,0.020180494
Slc25a22,0.020180494
Abhd2,0.020180494
Tmem38a,0.020180492
Ociad2,0.020016428
Carmil3,0.020016428
C1qb,0.020016428
Pigv,0.020016428
Cybc1,0.020016428
Trp53rka,0.020016428
Cmbl,0.020016428
Mpc1,0.020016428
Zfand2b,0.020016428
Nrip2,0.020016428
C1qc,0.020016426
Fkrp,0.020016426
Plcd1,0.020016426
Dhh,0.020016426
Cdca7,0.020016426
Sgo2a,0.020016426
Dhodh,0.020016426
Tox,0.020016426
Mob3c,0.020016426
Taf7,0.020016426
Ica1l,0.020016426
Ttf2,0.020016426
Vps18,0.020016424
Hacd4,0.020016424
Kcnip1,0.020016424
Cobll1,0.020016424
Wrap73,0.020016424
Prickle2,0.020016422
Spats2l,0.019852359
Polr1has,0.019852359
C87436,0.019852359
Cmc4,0.019852359
Ago4,0.019852359
3110040N11Rik,0.019852359
H2aw,0.019852359
Fbxl4,0.019852359
Nemp1,0.019852359
Gng11,0.019852359
Dgkz,0.019852357
Ntpcr,0.019852357
Mtfmt,0.019852357
Gmeb2,0.019852357
Gm49599,0.019852357
0610009L18Rik,0.019852357
Mlh1,0.019852357
Mrm3,0.019852357
3300002I08Rik,0.019852357
Sgsm2,0.019852357
Gtf3c5,0.019852357
Lum,0.019852357
Per3,0.019852357
Ermard,0.019852355
Pola2,0.019852355
Rims2,0.019852355
Lrrc17,0.019852355
Lmnb2,0.019852355
Acot9,0.019688291
Alkbh2,0.01968829
Fbxo31,0.01968829
Hira,0.01968829
Cby1,0.01968829
Tbc1d1,0.01968829
Dhcr7,0.01968829
Ttc8,0.019688288
Cebpa,0.019688288
Trpc6,0.019688288
Unc5b,0.019688288
Cln5,0.019688288
Scara3,0.019688288
Thap1,0.019688288
Sirpa,0.019688288
Fam110c,0.019688288
Prmt6,0.019688286
Kcnab3,0.019688286
Zfp626,0.019688286
Dnajc30,0.019688286
A930033H14Rik,0.019688286
Cerk,0.019688286
Eda,0.019688284
Runx2,0.019688282
Stat5a,0.019524222
Amy1,0.019524222
Mettl2,0.019524222
Sort1,0.01952422
Slc12a9,0.01952422
Dnal4,0.01952422
Wdtc1,0.01952422
Zfp276,0.01952422
Nsun4,0.01952422
Zfp36,0.01952422
Tma16,0.01952422
Mapk8ip1,0.019524219
Vps51,0.019524219
Armt1,0.019524219
Gm48207,0.019524219
Otof,0.019524219
Mpv17l,0.019524219
H6pd,0.019524219
Stard13,0.019524219
Zfp667,0.019524217
Sorl1,0.019524217
Aldh5a1,0.019524217
Runx1t1,0.019524217
Brip1,0.019524217
Map3k11,0.019524217
Itfg2,0.019360151
Gpsm2,0.019360151
Rad1,0.019360151
Pigm,0.019360151
Accs,0.019360151
Pex3,0.019360151
Atg16l2,0.019360151
Prkd2,0.019360151
Pxmp4,0.019360151
Gatc,0.019360151
Pomt2,0.01936015
Ppip5k1,0.01936015
Zfp780b,0.01936015
Apbb3,0.01936015
Zfp84,0.01936015
Trim47,0.01936015
Casp7,0.01936015
Pigh,0.01936015
Pim1,0.01936015
Sema6d,0.01936015
Rmc1,0.019360147
Gna14,0.019360147
Ppp1r18,0.019196084
Cd34,0.019196084
Zkscan5,0.019196084
Extl2,0.019196084
Hps4,0.019196082
Ncapg2,0.019196082
Rnaseh1,0.019196082
Gm20696,0.019196082
Tmem94,0.019196082
Tbccd1,0.019196082
Mapk7,0.019196082
Slc35b4,0.019196082
Arrb2,0.019196082
Lipe,0.019196082
Abca9,0.01919608
Tnip2,0.01919608
Ehd3,0.01919608
Bpifb4,0.01919608
Gss,0.01919608
Pbk,0.01919608
Xkr6,0.01919608
Itga3,0.01919608
2310009B15Rik,0.01919608
She,0.01919608
Fam214b,0.01919608
Eef1aknmt,0.01919608
Zbtb2,0.019196078
Tmem41a,0.019196078
Vps33b,0.019196078
Dzip1l,0.019196078
Frmd4b,0.019196076
Loxl2,0.019196076
Pdzrn3,0.019196076
Lrrtm3,0.019196074
Thop1,0.019032013
1700016F12Rik,0.019032013
Cops7b,0.019032013
Trim11,0.019032013
Adam15,0.019032013
Rbm38,0.019032013
Sbno2,0.019032013
Tbc1d9,0.01903201
Lig4,0.01903201
1700017B05Rik,0.01903201
Dcaf12l1,0.01903201
Cdkl3,0.01903201
Cep126,0.01903201
Agbl3,0.01903201
Ppt2,0.01903201
Egfl7,0.01903201
Fzd6,0.01903201
Nuf2,0.01903201
Emilin2,0.01903201
Axdnd1,0.01903201
Bpnt1,0.01903201
Cfap410,0.01903201
Gm45714,0.019032009
Dxo,0.019032009
Spef1,0.018867945
Polr2l,0.018867945
Decr2,0.018867945
Slc30a1,0.018867943
Trim39,0.018867943
Aldh3b1,0.018867943
Sik1,0.018867943
Eif2s3x,0.018867943
Mlycd,0.018867943
Galt,0.018867943
Kcnmb4,0.018867943
Mettl15,0.018867943
Ciao3,0.018867942
Tmem138,0.018867942
Smim26,0.018867942
Zfp943,0.018867942
Ptcd1,0.018867942
Abca5,0.018867942
Shld2,0.018867942
Mus81,0.018867942
Tyro3,0.018867942
Shroom4,0.018867942
Def8,0.01886794
Borcs6,0.018867938
Epha5,0.018867936
Brca1,0.018703876
Slc43a3,0.018703876
Kif5c,0.018703876
Cep55,0.018703874
Msantd3,0.018703874
Dtx2,0.018703874
Card6,0.018703874
Piezo1,0.018703874
Pisd,0.018703874
Peg3,0.018703874
Tctn2,0.018703874
Sdhaf1,0.018703874
Kti12,0.018703874
Polrmt,0.018703872
Ndn,0.018703872
Cyp27a1,0.018703872
Mid2,0.018703872
Lnx1,0.018703872
Tsen2,0.018703872
Fancm,0.018703872
5430403G16Rik,0.01870387
Ndrg1,0.01870387
Padi6,0.01870387
Kbtbd3,0.01870387
Rab23,0.01870387
Erf,0.018539807
Zfp267,0.018539807
Ccdc57,0.018539807
Zfp334,0.018539805
Ptges2,0.018539805
Gm37376,0.018539803
Specc1,0.018539803
Aar2,0.018539803
Slc7a4,0.018539803
Ppih,0.018539803
Slc25a14,0.018539803
Pacsin3,0.018539803
Zc3hav1l,0.018539803
Gm15270,0.018539803
Mnt,0.018539803
Get4,0.018539803
Gm21691,0.018539803
Det1,0.018539803
Zfp141,0.018539803
Gm20457,0.018539801
Nrxn1,0.018539801
Pde4d,0.018539801
Tiam2,0.018539801
Gin1,0.018539801
Prdm15,0.0185398
Ttc39b,0.018375738
Zmym6,0.018375738
Tgds,0.018375736
C9orf72,0.018375736
Prcp,0.018375736
Naprt,0.018375736
Pter,0.018375736
Osgin2,0.018375736
Tcirg1,0.018375736
Ppm1d,0.018375736
Fam107b,0.018375736
Setd1a,0.018375736
Ifi35,0.018375734
Pvr,0.018375734
Efna4,0.018375734
Pgm2,0.018375734
Sf3b4,0.018375734
Camkmt,0.018375734
Asb13,0.018375734
Zfp449,0.018375734
Mcat,0.018375734
Tmem41b,0.018375734
Zfp120,0.018375734
Ndufaf3,0.018375734
Fmn1,0.018375732
Pcx,0.018375732
Sergef,0.018211668
Zfp574,0.018211668
Hk2,0.018211668
Mrc2,0.018211666
Rnf135,0.018211666
Camta2,0.018211666
Pot1b,0.018211666
Acad11,0.018211666
Ccdc102a,0.018211666
Rbm43,0.018211666
1190007I07Rik,0.018211666
Cnp,0.018211666
5430405H02Rik,0.018211666
Tmx2,0.018211666
Nudt2,0.018211666
2010320M18Rik,0.018211666
Abhd13,0.018211666
Nphp3,0.018211666
Dipk1a,0.018211665
Zfp40,0.018211665
Elobl,0.018211665
Tmem63b,0.018211665
Ppp2r3c,0.018211665
Aurka,0.018211665
Spsb4,0.018211665
Zfp703,0.018211665
Ints10,0.018211665
Adamts12,0.018211663
Itgb8,0.018211663
Dnajc28,0.018211663
Cavin2,0.018211663
Rcan1,0.018211663
Cd74,0.018211663
Lhcgr,0.018211663
Atpaf2,0.018211663
E230016M11Rik,0.01821166
Arl6,0.0180476
Cecr2,0.0180476
Hoxc8,0.018047597
Grtp1,0.018047597
Pop7,0.018047597
Ccdc68,0.018047597
Zfp105,0.018047597
Traf2,0.018047597
Atp23,0.018047597
Cyp2j6,0.018047597
Zswim4,0.018047597
Fem1a,0.018047597
Mks1,0.018047595
Rfx1,0.018047595
Retreg1,0.018047595
Agbl5,0.018047595
Ctsc,0.018047595
Ulk4,0.018047595
Zfp7,0.018047595
Retsat,0.018047594
Tbp,0.018047594
Zfp949,0.018047594
Col4a3,0.018047592
Dync2i2,0.017883528
Tnfaip8,0.017883528
Slfn9,0.017883528
Mtg2,0.017883528
Rassf2,0.017883528
Aph1a,0.017883528
Fpgt,0.017883528
Trmt11,0.017883528
Rbak,0.017883528
Arsk,0.017883528
Cep135,0.017883528
Minar2,0.017883528
Unkl,0.017883528
2300009A05Rik,0.017883528
Dhx35,0.017883526
Gatm,0.017883526
Madd,0.017883526
Eml5,0.017883526
Prune1,0.017883526
Thg1l,0.017883526
Lpar1,0.017883526
Amot,0.017883526
Niban1,0.017883526
Pea15a,0.017883526
Slc27a4,0.017883526
Heatr5b,0.017883526
Slc35c2,0.017883526
Cep152,0.017883524
Tbx3,0.017883524
Epha7,0.017883524
Dpy19l3,0.017883524
Pex1,0.017883524
Zfp101,0.017883524
Cep83os,0.01771946
Rnf113a2,0.01771946
Tmem189,0.01771946
Mmd,0.01771946
LIN54,0.017719459
Anxa11,0.017719459
Mmab,0.017719459
Proser2,0.017719459
Slc19a1,0.017719459
Nsun6,0.017719459
Lnpk,0.017719459
Gpd1l,0.017719459
Osr2,0.017719459
Mospd3,0.017719459
Fuz,0.017719459
Mpv17l2,0.017719457
Gsg1l,0.017719457
Spata24,0.017719457
Snhg11,0.017719457
Wdr91,0.017719457
Atl1,0.017719457
Ercc8,0.017719457
Hoxd4,0.017719457
Fkbp11,0.017719457
Isoc2b,0.017719457
Kantr,0.017719457
Ddx19b,0.017719455
Rnf170,0.017719455
4732471J01Rik,0.017719455
Sgk3,0.017719455
Sh3bp2,0.01755539
Sumf2,0.01755539
Selenom,0.01755539
Steap3,0.01755539
Ckap2,0.01755539
Cpsf4,0.01755539
Zfp760,0.01755539
Slc18b1,0.01755539
Pfkfb3,0.01755539
Lrrc61,0.01755539
Rtp4,0.01755539
Doc2b,0.01755539
Tti2,0.01755539
Rexo5,0.01755539
Pwp2,0.017555388
Ap5z1,0.017555388
Rbm41,0.017555388
Zfp383,0.017555388
Inpp4a,0.017555388
Slc26a2,0.017555388
Tmem191c,0.017555388
Arrdc1,0.017555388
Nek10,0.017555388
Gm12905,0.017555388
Exoc6,0.017555386
Il34,0.017555386
Uhrf1bp1,0.017555386
Morn2,0.017555386
D030028A08Rik,0.017555386
Susd4,0.017555386
E330021D16Rik,0.017555384
Dancr,0.01739132
Tdrp,0.01739132
Tfb2m,0.01739132
Ppox,0.01739132
Natd1,0.01739132
Lyrm4,0.01739132
Ralgds,0.01739132
Mxra8,0.01739132
Klhl15,0.01739132
Gspt2,0.01739132
Irgm1,0.01739132
Tmem101,0.01739132
Depdc7,0.017391318
Tceal1,0.017391318
Slc7a5,0.017391318
Spring1,0.017391318
Fli1,0.017391318
Ess2,0.017391318
Kptn,0.017391318
Pigb,0.017391318
Mtmr10,0.017391318
Zfp511,0.017391318
Pi4k2b,0.017391318
Rhbdd1,0.017391318
Esco2,0.017391318
Stambpl1,0.017391318
Gdnf,0.017391318
Dtx3l,0.017391317
Rab4a,0.017391317
Rabl2,0.017391317
Rian,0.017391317
Hacd1,0.017391317
Abcc4,0.017391317
Grm8,0.017391313
Dnajc27,0.017227253
Fbxo46,0.017227251
Ankrd54,0.017227251
Flad1,0.017227251
Dusp5,0.017227251
Uros,0.017227251
Dhtkd1,0.017227251
Sipa1,0.017227251
Ppp6r2,0.017227251
Cspg4,0.017227251
Cep76,0.017227251
Gne,0.017227251
Pigf,0.017227251
Ddx58,0.017227251
Pdk2,0.01722725
Tmem216,0.01722725
Klhl18,0.01722725
Llgl2,0.01722725
Ythdc2,0.01722725
BC034090,0.01722725
Elmod3,0.01722725
Yod1,0.01722725
Tmem17,0.01722725
Trip13,0.01722725
Tor4a,0.01722725
C2,0.01722725
Zc3h12b,0.017227247
Lrrc49,0.017227247
Ikbke,0.017227247
Mfhas1,0.017227247
Syn3,0.017227245
Atrip,0.017063184
Pou6f1,0.017063182
Dynlt1f,0.017063182
Trim12a,0.017063182
Wrap53,0.017063182
Slc35c1,0.017063182
A530017D24Rik,0.017063182
Naa60,0.017063182
Shq1,0.017063182
Nfatc2ip,0.017063182
Stk17b,0.017063182
Cmtm7,0.017063182
Osgepl1,0.017063182
Paip2b,0.017063182
Trp53i13,0.017063182
Nprl2,0.017063182
Sdr39u1,0.01706318
Slc31a2,0.01706318
Slc39a1,0.01706318
Zgpat,0.01706318
Tbc1d8b,0.01706318
Helq,0.01706318
Uxt,0.01706318
Cacna1d,0.01706318
AI413582,0.01706318
Slc47a2,0.017063178
Col6a6,0.017063178
Rab33b,0.017063178
Fbxo8,0.016899114
Gpank1,0.016899114
Mto1,0.016899114
Npm2,0.016899113
Coq8b,0.016899113
Abhd18,0.016899113
Zfp65,0.016899113
Eipr1,0.016899113
Gm20300,0.016899113
Dnase1l1,0.016899113
Saysd1,0.016899113
Zbtb25,0.01689911
Gba2,0.01689911
Tbc1d16,0.01689911
Ranbp17,0.01689911
Mlst8,0.01689911
Cxcl1,0.01689911
Plpp2,0.01689911
Plekhg3,0.01689911
Dock5,0.01689911
Plekhh3,0.01689911
Cdkn1c,0.01689911
Zfp933,0.01689911
Reps2,0.01689911
Ppp1r14a,0.01689911
Zfp697,0.01689911
Casp9,0.01689911
Utp14b,0.01689911
Sac3d1,0.016899109
Fuom,0.016899109
B9d2,0.016899109
Fndc4,0.016899109
Hoxc5,0.016899109
Snx15,0.016899109
C330018D20Rik,0.016899109
Mis18a,0.016735045
Fah,0.016735043
Tmem171,0.016735043
Pml,0.016735043
Adck2,0.016735043
Slc6a15,0.016735043
Fkbp14,0.016735043
Hmgn2,0.016735043
Haus8,0.016735043
Lsm11,0.016735042
Als2cl,0.016735042
Rabggta,0.016735042
Zfand2a,0.016735042
Pltp,0.016735042
Sertad1,0.016735042
Rgs19,0.016735042
Cdt1,0.016735042
Inpp5e,0.016735042
Gfod2,0.016735042
Chst12,0.016735042
D2hgdh,0.016735042
Dnaja4,0.016735042
Pabpc4l,0.016735042
Ecm1,0.016735042
Abhd14b,0.016735042
Slc2a13,0.01673504
Plekhh1,0.016735038
Pir,0.016735038
Sf3a2,0.016570974
Macrod1,0.016570974
Sco1,0.016570974
Slc39a3,0.016570974
Mef2b,0.016570974
Rcan3,0.016570974
Recql,0.016570974
Zfp738,0.016570974
Art4,0.016570974
Rtel1,0.016570974
Gm15441,0.016570974
Pheta1,0.016570972
Gapdh,0.016570972
Cplx2,0.016570972
9330185C12Rik,0.016570972
Mknk2,0.016570972
Kifc1,0.016406907
Cpt1c,0.016406905
Gas7,0.016406905
Tob2,0.016406905
Zfp653,0.016406905
Gm20732,0.016406905
Dusp22,0.016406905
Tmem115,0.016406905
Ddx51,0.016406905
Gm46430,0.016406905
Tmem251,0.016406905
Cenpt,0.016406905
Ube2g2,0.016406905
Tmem181a,0.016406905
Rfesd,0.016406905
Fam83d,0.016406905
Naaa,0.016406903
Siah2,0.016406903
Enoph1,0.016406903
Gnb1l,0.016406903
Pnp,0.016406903
Frat2,0.016406903
Rpp38,0.016406903
Nmnat1,0.016406903
Speg,0.016406903
Pdpn,0.016406903
Alpk3,0.016406903
Zfp180,0.016406903
Prdm4,0.016406903
Sepsecs,0.016406903
Zfp319,0.016406903
Pcbp4,0.016406903
Rbl1,0.016406903
Ldlr,0.016406903
Aldh1a7,0.016406903
Zkscan6,0.016406901
Spink13,0.016406901
Ap1s2,0.016406901
Traf3ip1,0.016406901
E2f1,0.016406901
Tinf2,0.016406901
Ildr2,0.0164069
Tecpr2,0.016242836
Nudt6,0.016242836
Mtfp1,0.016242836
Ptrhd1,0.016242836
Esrra,0.016242836
Zfp870,0.016242836
BC055324,0.016242836
Sqle,0.016242836
Zfp983,0.016242836
E130102H24Rik,0.016242836
Map4k2,0.016242836
Gm17066,0.016242836
Coa4,0.016242834
Enpep,0.016242834
Zfp956,0.016242834
Vps9d1,0.016242834
Gm36283,0.016242834
C77080,0.016242834
Kdm1b,0.016242834
Carf,0.016242834
Ppara,0.016242834
Aldh4a1,0.016242834
Gemin6,0.016242834
Ube2t,0.016242834
Slc8b1,0.016242834
Cib2,0.016242834
Micall1,0.016242834
Dusp19,0.016242834
Birc3,0.016242832
Zbtb8a,0.016242832
Paqr3,0.016242832
Fastkd3,0.016078768
Xylt1,0.016078766
Zbtb7c,0.016078766
Tmem185a,0.016078766
Chek2,0.016078766
Pctp,0.016078766
Cables2,0.016078766
Ighmbp2,0.016078766
Zcchc3,0.016078766
Znhit2,0.016078766
A230057D06Rik,0.016078765
Bahcc1,0.016078765
Adcy7,0.016078765
Dpp9,0.016078765
Clp1,0.016078765
Mme,0.016078765
Atp8a2,0.016078765
Acad9,0.016078765
4933407K13Rik,0.016078765
Flywch2,0.016078763
Tmem63a,0.016078763
Chsy3,0.016078763
4933427D06Rik,0.016078763
Abca4,0.016078763
Frmd6,0.016078763
Zfp846,0.015914697
Gm53028,0.015914697
Fzd5,0.015914697
Tbl2,0.015914697
Igip,0.015914697
Tlcd1,0.015914697
Mocs1,0.015914697
Tubgcp6,0.015914697
Slc26a11,0.015914697
Znhit3,0.015914697
Med29,0.015914695
Glb1l,0.015914695
Pde12,0.015914695
Sft2d3,0.015914695
2310022A10Rik,0.015914695
Gm12216,0.015914695
Crat,0.015914695
Rnf227,0.015914695
Wnt6,0.015914693
Large2,0.015914693
Abcd4,0.015914693
A730049H05Rik,0.015914693
Reck,0.015914693
Ino80dos,0.015914693
Amigo1,0.015914693
Tle2,0.015914693
Arhgef10,0.015914693
6330403K07Rik,0.015914693
Lpin3,0.01575063
Cpeb2,0.01575063
Arpin,0.01575063
Wdr24,0.015750628
Mlxipl,0.015750628
Zfp146,0.015750628
Elmod2,0.015750628
Zswim9,0.015750628
Zfp36l2,0.015750628
Grik1,0.015750628
Krt10,0.015750628
Tinagl1,0.015750628
2700062C07Rik,0.015750628
Entpd7,0.015750628
4930503L19Rik,0.015750628
Zfp810,0.015750628
Piga,0.015750628
Eps8l1,0.015750628
Wdr89,0.015750628
L3mbtl2,0.015750626
Trpm3,0.015750626
Slc15a4,0.015750626
Cdon,0.015750626
Rbpms2,0.015750626
Gm28730,0.015750626
Plce1,0.015750626
Zfp668,0.015750626
BB218582,0.015750624
Ubox5,0.015750624
9430038I01Rik,0.015750624
Acacb,0.015750624
AI987944,0.015750624
Gm44505,0.015586561
Chek1,0.015586561
Cebpzos,0.01558656
Brdt,0.01558656
Fhod1,0.01558656
Ankrd13b,0.015586559
Sephs2,0.015586559
Fdft1,0.015586559
Mical2,0.015586559
Miga2,0.015586559
Snx16,0.015586559
Ccdc84,0.015586559
2010315B03Rik,0.015586558
Hoxc9,0.015586558
Mad2l1bp,0.015586558
Zfr2,0.015586558
Spryd3,0.015586558
Cyb561a3,0.015586558
Enpp1,0.015586558
Hfe,0.015586557
Efcab11,0.015586557
5730522E02Rik,0.015586557
Zfp628,0.015586557
Cfap69,0.015586557
Izumo4,0.015586557
Taf1c,0.015586556
Ier5l,0.015586554
AI854703,0.015422491
Fignl1,0.015422491
Ccnj,0.015422491
Mtmr12,0.01542249
Samd14,0.01542249
Enkd1,0.01542249
Thnsl1,0.01542249
Tmem35b,0.0154224895
Tctn1,0.0154224895
Pms2,0.0154224895
Rfc5,0.0154224895
Trp53i11,0.0154224895
D11Wsu47e,0.0154224895
Kbtbd4,0.0154224895
Spryd7,0.015422489
Ttc38,0.015422489
Rps6kb2,0.015422489
Ino80c,0.015422489
Lrrc8a,0.015422489
Fancd2,0.015422489
Dennd11,0.015422489
Cbs,0.015422488
Fbxl2,0.015422488
Prkx,0.015422488
Prkaa2,0.015422488
Samd9l,0.015422487
Slc25a16,0.015422487
Akr1b8,0.015422482
S100a16,0.015258422
Lactb2,0.015258421
Emilin1,0.015258421
Ids,0.015258421
Exd2,0.01525842
Erh,0.01525842
Slc52a2,0.01525842
Frem1,0.01525842
Acsf3,0.01525842
Fgfbp3,0.01525842
Zfp788,0.01525842
Gpr137,0.01525842
Efcab2,0.015258419
Gemin8,0.015258419
Ifi27l2a,0.015258419
Il17rc,0.015258419
Lhfp,0.015258418
Zfp438,0.015258418
H2-Eb1,0.015258418
Zfp932,0.015258418
Pam16,0.015258418
Dclre1a,0.015258418
Homez,0.015258418
Tmem204,0.015258417
Ggact,0.0152584165
Xndc1,0.015258416
Slc39a14,0.015094354
Setd4,0.015094353
Zfp9,0.015094352
Meis3,0.015094352
Zdhhc12,0.015094352
Lrrc28,0.015094352
Polr1e,0.015094351
Layn,0.015094351
Btf3l4,0.015094351
Ttk,0.015094351
Slc36a4,0.015094351
Fabp4,0.015094351
Acrbp,0.015094351
1810055G02Rik,0.015094351
Gm31774,0.015094351
Zfp229,0.015094351
Dgkq,0.015094351
Sumo2,0.01509435
Zbtb18,0.01509435
Dhx34,0.01509435
Vps37d,0.01509435
Ptger2,0.01509435
Yju2,0.01509435
Lgals9,0.01509435
Srf,0.01509435
Pkd2l2,0.015094349
Irag1,0.015094349
Popdc2,0.015094349
1110019D14Rik,0.015094349
Ndufaf6,0.015094349
Emb,0.015094349
Ttc39c,0.015094348
Ehbp1l1,0.014930283
Gm5577,0.014930283
Pla2g15,0.014930283
Zfp948,0.014930283
Nudt18,0.014930283
Vstm4,0.014930283
Zdhhc13,0.014930283
Nt5m,0.014930283
Snta1,0.014930283
Bysl,0.014930282
D330023K18Rik,0.014930282
Cyb561d2,0.014930282
Ctns,0.014930282
Gtpbp3,0.014930282
Glrx,0.014930282
Tmem141,0.014930281
Urb1,0.014930281
Dsn1,0.014930281
Msi1,0.014930281
Gm13889,0.014930281
Smg9,0.01493028
Gjc3,0.01493028
Gm16973,0.01493028
Ppp1r3e,0.01493028
Gm44899,0.014930279
Relb,0.014930279
Spa17,0.014766216
Fam98c,0.014766214
Tmem107,0.0147662135
Zfp617,0.0147662135
Aldh1l1,0.0147662135
C030006K11Rik,0.0147662135
Rps10,0.0147662135
Get1,0.0147662135
Rtl8b,0.0147662135
Gm53,0.0147662135
Ccdc51,0.0147662135
Gm37238,0.014766213
Kcnk5,0.014766213
Fam122a,0.014766213
Lactb,0.014766213
Tsen54,0.014766213
Dtwd1,0.014766213
Ftx,0.014766213
Pafah2,0.014766213
B630019K06Rik,0.014766213
Mcts2,0.014766213
Nr4a2,0.014766213
Zfp729b,0.014766213
Cit,0.014766213
Ccdc130,0.014766213
Abhd3,0.014766212
Srrd,0.014766212
Rhbdf1,0.014766212
Trmt5,0.014766212
Rpgrip1,0.014766212
Rtn4rl1,0.014766211
Bcs1l,0.014766211
Zfp597,0.014766211
Fam111a,0.01476621
Tmem241,0.01476621
Bcdin3d,0.01476621
Dusp18,0.01476621
Abhd5,0.01476621
Entpd6,0.01476621
Nsg1,0.01476621
Gpnmb,0.01476621
Rcc1,0.01476621
Abcb10,0.014766209
Triqk,0.014602145
Coro7,0.014602145
Nhlrc3,0.014602145
Gtsf2,0.014602144
Zfp976,0.014602144
C1galt1c1,0.014602144
Slc1a5,0.014602144
3110009E18Rik,0.014602143
Enox1,0.014602143
ARVCF,0.014602143
Adal,0.014602143
Mrrf,0.014602143
Tbc1d2b,0.014602143
Pigl,0.014602143
Tmem8b,0.014602143
Dolk,0.014602142
Acvr2b,0.014602142
Cxcl12,0.014602142
Rad54l,0.014602142
Tubb3,0.014602142
Gm16536,0.014602142
Espl1,0.014602142
Zfp874b,0.014602141
Gm11613,0.014602141
Kif7,0.0146021405
Basp1,0.014602139
Abitram,0.014438076
Zbtb48,0.014438075
Faap100,0.014438075
Fras1,0.014438075
1700054A03Rik,0.014438075
Clcn6,0.014438075
Cltb,0.014438075
Zbtb40,0.014438075
Nsdhl,0.014438074
Rnf123,0.014438074
Rnf26,0.014438074
Mmp16,0.014438074
Tesk2,0.014438074
Gm16201,0.014438074
Rnf182,0.014438074
Zfp974,0.014438074
Rogdi,0.014438074
Gm4924,0.014438074
Slc9a6,0.014438074
Mrm1,0.014438074
Primpol,0.014438074
2310010J17Rik,0.014438074
Fbxo10,0.014438074
Zswim7,0.014438074
Lrig3,0.014438074
Cdyl2,0.014438074
Dimt1,0.014438074
2200002D01Rik,0.014438073
Gm49417,0.014438073
Sertad4,0.014438073
Tatdn3,0.014438073
Rfng,0.014438073
Iqcc,0.014438073
Rnf17,0.014438073
Prrx1,0.014438072
Wnt5a,0.014438072
Ano1,0.014438072
Ccnd1,0.014438072
Gpn2,0.014438072
2810021J22Rik,0.014438072
Nckap5l,0.014438072
Cycs,0.014438072
Wdr76,0.014438072
Clstn3,0.014438072
Nfatc4,0.014274007
Hccs,0.014274007
Ankrd42,0.014274006
Uevld,0.014274006
Vill,0.014274006
Cadm2,0.014274006
Nudt16,0.014274005
Tspan15,0.014274005
B230307C23Rik,0.014274005
Trmt61b,0.014274005
Zfp142,0.014274005
Mettl22,0.014274005
Tgfb2,0.014274005
Evi5l,0.014274005
Gm11973,0.014274005
Lzts1,0.014274004
Stk35,0.014274004
Zdhhc24,0.014274004
Kif18a,0.014274004
Efhd1,0.014274004
Marchf9,0.014274004
Cdkn2d,0.014274003
Paqr8,0.014274003
Ebf1,0.014274002
D6Wsu163e,0.014274002
C330002G04Rik,0.014274001
Mcm10,0.0141099375
Ss18l1,0.0141099375
Ltbp4,0.0141099375
Insig1,0.0141099375
Prkar1b,0.014109937
Nid2,0.014109937
Fdps,0.014109937
Ints5,0.014109937
Slc25a10,0.014109937
Trmt61a,0.014109937
Zfp37,0.014109937
Lrp12,0.014109936
Irak4,0.014109936
Tmcc2,0.014109936
Akap12,0.014109936
Slc10a3,0.014109936
Inf2,0.014109936
Bend3,0.014109936
C630043F03Rik,0.014109936
Tubb6,0.014109936
Nipa1,0.014109936
Mastl,0.014109936
Prrg2,0.014109936
Cbarp,0.014109936
Lrsam1,0.014109936
Acy1,0.014109936
Cox11,0.014109935
Nod1,0.014109935
Oasl2,0.014109935
Tigar,0.014109935
Pipox,0.014109935
Tor3a,0.014109935
Ccdc137,0.014109935
Aars2,0.014109935
Ormdl2,0.014109934
Armc5,0.014109934
Zfp423,0.014109934
Ntf5,0.014109932
Ptger3,0.014109932
Atp6v1g2,0.013945868
Zfp143,0.013945868
Gpc1,0.013945867
Fam189a2,0.013945867
Kctd6,0.013945867
Sfrp4,0.013945866
Vgll3,0.013945866
Ero1a,0.013945866
Tuft1,0.013945866
Tmod2,0.013945866
Hspb1,0.013945866
Paxx,0.013945865
Als2,0.013945865
Dhx37,0.013945865
Acat2,0.013945865
Plbd1,0.013945865
D3Ertd751e,0.013945865
Myo19,0.013945865
Hebp1,0.013945865
Foxred1,0.013945865
2310015A10Rik,0.013945865
Tpcn1,0.013945865
Ahr,0.013945865
Ctbs,0.013945865
Rasa4,0.0139458645
Pde8b,0.0139458645
Sfxn5,0.0139458645
Dmpk,0.0139458645
Sorcs2,0.0139458645
Rad51,0.013945864
Nudt7,0.013945864
Rdh10,0.013945864
Kctd15,0.013945863
Rita1,0.0137818
Myo7a,0.013781799
Elp6,0.013781799
Ddx11,0.013781798
Itpkc,0.013781798
Arl4c,0.013781798
Endog,0.013781798
Atg4d,0.013781798
Zfp862-ps,0.013781798
Inpp5f,0.013781798
Bmf,0.013781798
Rccd1,0.013781798
Sirt5,0.013781797
Inpp1,0.013781797
Ipo13,0.013781797
Fblim1,0.013781797
Gorab,0.013781797
Alyref2,0.013781797
Rad51ap1,0.013781797
Acot2,0.013781797
Gm17251,0.013781796
Grin2c,0.013781796
Mif4gd,0.013781796
Kdr,0.013781796
Fmn2,0.013781796
Slc16a10,0.013781795
Lrrc20,0.013781795
Lyplal1,0.013617731
Raver2,0.013617731
Nsun5,0.01361773
Pdgfa,0.01361773
Fgfr1,0.01361773
Nfil3,0.013617729
Tmem18,0.013617729
F2r,0.013617729
Trmt12,0.013617729
Zfp414,0.013617729
Asb6,0.013617729
Flrt3,0.013617729
Acss1,0.013617728
Mthfs,0.013617728
Mfap5,0.013617728
Plpp6,0.013617728
Stxbp1,0.013617728
Zbed4,0.013617728
Cox18,0.013617728
Whamm,0.013617728
Zfp2,0.013617727
Aste1,0.013617727
Sgsh,0.013617727
Gm27003,0.013617727
2610021A01Rik,0.013617726
Zfp286,0.013617726
Zfp715,0.013617725
Ripor2,0.013617725
Nmral1,0.0134536605
Slc35f6,0.0134536605
Hgh1,0.0134536605
Ccdc173,0.0134536605
Acot6,0.0134536605
Ddx60,0.01345366
Adarb1,0.01345366
Fmnl3,0.01345366
Mdm1,0.01345366
Nrbf2,0.01345366
Zfp961,0.01345366
Hes1,0.01345366
Tango2,0.013453659
Esyt3,0.013453659
Nepro,0.013453659
Ptk2b,0.013453659
Trmt10b,0.013453659
Jade2,0.013453659
Elavl4,0.013453659
Mthfr,0.013453659
2610044O15Rik8,0.013453659
Cdc25c,0.013453659
Rrp12,0.013453658
Trim12c,0.013453658
Creb3l1,0.013453658
Zfp275,0.013453658
Thnsl2,0.013453658
Btbd6,0.013453658
Crtc2,0.013453658
Tsacc,0.013453658
Sgo1,0.013453658
Ranbp6,0.013453658
Atg4c,0.013453658
Osbpl7,0.013453658
2610020C07Rik,0.013453658
Pramel12,0.013453657
Sppl2b,0.013453657
Acvr1b,0.013289591
Stn1,0.013289591
Sirt4,0.013289591
Pomk,0.01328959
Ldlrap1,0.01328959
Zc4h2,0.01328959
Coq6,0.01328959
Katnb1,0.01328959
Tcea2,0.01328959
Rcan2,0.01328959
Rsph3b,0.01328959
Rab27b,0.01328959
Synj2,0.01328959
Spdl1,0.01328959
Usp50,0.01328959
Parp3,0.013289589
Ccdc71l,0.013289589
D430019H16Rik,0.013289589
Islr,0.013289589
Samd10,0.013289589
Fcsk,0.013289589
Dusp6,0.013289589
BC029722,0.013289589
Nmnat3,0.013289589
Armc6,0.013289589
Tchp,0.013289589
Phf7,0.013289589
Smcr8,0.0132895885
Ano8,0.0132895885
Sdk1,0.0132895885
Fam110a,0.0132895885
Armcx6,0.0132895885
Dnm3os,0.0132895885
Dsg2,0.0132895885
Zfp873,0.0132895885
AI506816,0.0132895885
Foxm1,0.0132895885
Cenps,0.0132895885
Gm32031,0.0132895885
Wdcp,0.013289588
Tfb1m,0.013289588
Scamp5,0.013289587
Armcx4,0.013125522
Ethe1,0.013125522
Abraxas1,0.013125522
Pgk1,0.013125522
Brsk1,0.013125522
Zfp13,0.013125521
1600014C10Rik,0.013125521
Bloc1s6,0.013125521
Zfp524,0.013125521
Gstm7,0.013125521
Clec14a,0.013125521
Dgke,0.013125521
Donson,0.01312552
Aunip,0.01312552
Abca7,0.01312552
Rffl,0.01312552
Lgals7,0.01312552
Lrrc10b,0.01312552
Stx1a,0.01312552
Rnf128,0.01312552
Mad2l2,0.01312552
Slain1,0.01312552
Lrrc29,0.013125519
Plpp1,0.013125519
Platr25,0.013125519
Klhl8,0.013125519
Cp,0.013125519
4930430F08Rik,0.013125519
Fchsd1,0.013125519
Mon1a,0.013125518
Tspan17,0.013125518
Cyp17a1,0.013125518
Baiap2l1,0.013125518
Sqor,0.013125518
Gm11508,0.012961453
Snx11,0.012961452
2210408F21Rik,0.012961452
Npm3,0.012961452
E430024I08Rik,0.012961452
Brf2,0.012961452
Zar1,0.012961452
Pla2r1,0.012961452
Abca8b,0.012961451
A930007I19Rik,0.012961451
Cfp,0.012961451
Exoc8,0.012961451
Zfp518b,0.012961451
Cited1,0.012961451
B4galt5,0.012961451
Duxbl1,0.012961451
Gm20604,0.01296145
Mcm8,0.01296145
Proser3,0.01296145
Pla2g6,0.01296145
Socs3,0.01296145
Klhl11,0.01296145
Nox4,0.01296145
Wdr90,0.012961449
Shcbp1,0.012961449
Kif6,0.012961449
Hps6,0.012961449
Usb1,0.012797384
5033430I15Rik,0.012797384
Zfp799,0.012797383
Eid2b,0.012797383
Prr11,0.012797383
Cntnap2,0.012797383
Clca3a1,0.012797383
Ccl27a,0.012797383
Gins1,0.012797383
Cenpm,0.012797383
Gm7694,0.012797382
Rnf43,0.012797382
Kdelr3,0.012797382
Col12a1,0.012797382
B4galt7,0.012797382
Fam210b,0.012797382
Col20a1,0.012797382
Magee1,0.012797382
Zfp938,0.012797382
Chac2,0.012797382
Srcin1,0.012797382
Lamc3,0.012797382
Ttpal,0.012797382
Hs1bp3,0.012797382
Dffa,0.012797382
Smg8,0.012797381
Dmac2l,0.012797381
Suv39h2,0.012797381
Amigo2,0.012797381
Ncald,0.012797381
Kyat3,0.01279738
Pdlim2,0.01279738
Atp13a4,0.01279738
Gm15958,0.01279738
Samd12,0.012633315
2900026A02Rik,0.012633314
E130309D02Rik,0.012633314
Zfp952,0.012633314
Fmo5,0.012633313
Slc35e1,0.012633313
Plxnd1,0.012633313
Rorc,0.012633313
Cwf19l1,0.012633313
Fbl,0.012633313
Ppp2r5b,0.012633313
D17H6S53E,0.012633313
2310061I04Rik,0.012633313
Impdh2,0.0126333125
Cyb5d2,0.0126333125
Nemp2,0.0126333125
Plxna3,0.0126333125
Mug1,0.0126333125
Scoc,0.0126333125
Rbmx2,0.0126333125
Fnip2,0.012633312
Lrp1b,0.012633312
Kif26b,0.012633312
Cutc,0.012633312
Rgs5,0.012633312
Grk3,0.012633312
Tmem229b,0.012633312
Mtss2,0.012633312
Aph1b,0.012633312
1700086O06Rik,0.012633312
Phlda3,0.012633312
Tusc1,0.012633312
Sp100,0.012633311
Prdm6,0.012633311
BC002059,0.012633311
Gm10801,0.01263331
Capn5,0.01263331
Smyd4,0.012469246
Ints2,0.012469245
Azin2,0.012469245
Ubtd1,0.012469245
Ccdc138,0.012469245
Acy3,0.012469245
Arhgap20,0.012469245
Dusp7,0.012469244
Gm4926,0.012469244
Ppard,0.012469244
Coq10a,0.012469244
Gm48226,0.012469244
Tspan18,0.012469244
Epo,0.012469244
2310057M21Rik,0.012469244
Sod3,0.012469244
Ttyh2,0.012469244
Olfml2b,0.012469244
Bhlhe40,0.012469243
Oas1c,0.012469243
Gli2,0.012469243
Abca2,0.012469243
Neil3,0.012469243
Reep2,0.012469243
Gdf11,0.012469243
9130221H12Rik,0.012469243
Ccdc126,0.012469243
Hdac9,0.012469243
Supt7l,0.012469243
Sp2,0.012469243
Oser1,0.012469242
A430033K04Rik,0.012469242
Tbc1d22b,0.012469242
Zgrf1,0.012469242
Fignl2,0.012469242
A430018G15Rik,0.012469242
Polh,0.012469242
Zfand1,0.012469242
Dixdc1,0.01246924
Gm37033,0.01246924
Ccnf,0.012305176
Thap6,0.012305176
Ly96,0.012305176
Zfp72,0.012305176
Exo1,0.012305176
Cbr3,0.012305175
Lcmt2,0.012305175
Slc35g1,0.012305175
Dcxr,0.012305175
Itga11,0.012305175
2810001G20Rik,0.012305175
Slc36a1,0.012305175
Man1c1,0.012305175
Lox,0.012305175
Slc24a3,0.012305175
Gpr137c,0.012305174
Wee1,0.012305174
Nat8f1,0.012305174
Kcnc2,0.012305174
Rabl3,0.012305174
Gm15543,0.012305174
Wipf1,0.012305174
Calhm2,0.012305174
Tgfb1,0.012305173
Slc7a8,0.012305173
Fadd,0.012305173
Nhsl1,0.012305173
Nkiras1,0.012305173
Pold4,0.012305173
Mob3a,0.012305172
Tmem150a,0.012305172
Tcl1,0.012305171
Gm37090,0.012141107
Tnnt1,0.012141106
Cdc25b,0.012141106
Epha4,0.012141106
Bid,0.012141106
Zbtb26,0.012141106
Coq4,0.012141106
Arhgap44,0.012141106
Gm50431,0.012141106
BC028528,0.012141106
Rragb,0.012141105
Sord,0.012141105
Hectd3,0.012141105
Cenpn,0.012141105
Enpp6,0.012141105
5830448L01Rik,0.012141105
Slit2,0.012141105
Rara,0.012141105
Zfp213,0.012141105
Myom1,0.012141105
Hdac10,0.012141105
Chtf18,0.012141105
Tdg,0.012141104
Sh2b3,0.012141104
Lcp1,0.012141104
Cox15,0.012141104
Gucy1b1,0.012141104
Pex16,0.012141104
Mppe1,0.012141104
Cited4,0.012141104
4930578G10Rik,0.012141103
Il1rl2,0.012141103
Kirrel3,0.012141103
Prune2,0.012141103
Oxsm,0.011977037
Slc9b2,0.011977037
Mamdc2,0.011977037
Wnk3,0.0119770365
Cyp4f16,0.0119770365
Smim27,0.0119770365
Zfp930,0.0119770365
Smpd1,0.0119770365
Ppp1r26,0.0119770365
Baiap2,0.0119770365
Hdac11,0.0119770365
Htra3,0.0119770365
Rab36,0.0119770365
Zswim5,0.011977036
2610306M01Rik,0.011977036
Lin7b,0.011977036
Flt1,0.011977036
Dnaaf5,0.011977036
Ddx31,0.011977036
Rmi1,0.011977036
Slc6a9,0.011977036
Enkur,0.011977036
Nxpe4,0.011977036
Tyw3,0.011977036
1110008P14Rik,0.011977036
Qpctl,0.011977035
Slc22a5,0.011977035
Zfp566,0.011977035
Hoxd10,0.011977035
Wfs1,0.011977035
Lyn,0.011977035
Ooep,0.011977035
Tspan12,0.011977035
Rsad1,0.011977035
4930549G23Rik,0.011977034
Stk38l,0.011977034
Chn2,0.011977033
Ier5,0.011812968
Pimreg,0.011812968
Fyb,0.011812968
Usp27x,0.011812968
Xxylt1,0.011812967
Fam174c,0.011812967
Zfp975,0.011812967
Hdhd5,0.011812967
D130040H23Rik,0.011812967
Slc25a40,0.011812967
Calcrl,0.011812967
Pdgfrb,0.011812967
Tmem238,0.011812967
Myd88,0.011812967
Tedc2,0.011812967
Olfml2a,0.011812967
Tcaim,0.011812966
Rsph3a,0.011812966
Sft2d1,0.011812966
Haus5,0.011812966
BC065397,0.011812966
Angpt1,0.011812966
Shld1,0.011812966
Intu,0.011812966
Rtkn,0.011812966
Psd,0.011812965
Pik3cb,0.011812965
Tmem178,0.011812965
Zbtb21,0.011812965
Ccdc152,0.011812965
Amd1,0.011812964
Ipp,0.011812964
Gm32443,0.011812964
1110002L01Rik,0.011648899
Arhgef9,0.011648899
Ccdc62,0.011648899
Tm6sf1,0.011648899
Acad10,0.011648899
Mllt11,0.011648899
Colgalt2,0.011648899
Arntl,0.011648899
Fam117a,0.011648898
Zfp248,0.011648898
Psmb9,0.011648898
Aacs,0.011648898
Cdc42ep4,0.011648898
Taf6l,0.011648898
Trim68,0.011648898
Fam189b,0.011648898
Gm5914,0.011648898
Tnfrsf10b,0.011648898
Mttp,0.011648898
Zfp94,0.011648898
Gm43022,0.011648897
Prrg3,0.011648897
Cenpl,0.011648897
Armc7,0.011648897
D6Ertd527e,0.011648897
Zbtb49,0.011648897
Ankrd63,0.011648896
Fbxo17,0.011648896
Frg2f1,0.011648896
Plekhg5,0.011648896
Cdc7,0.011648895
Gm30382,0.011648895
E030030I06Rik,0.011648895
Zfp563,0.011648893
Rnf24,0.01148483
Mrm2,0.01148483
Tagap1,0.01148483
Shkbp1,0.01148483
1110059E24Rik,0.01148483
Gm15545,0.011484829
St6galnac3,0.011484829
Slc25a53,0.011484829
Gm14325,0.011484829
Tsga10,0.011484829
Gpr173,0.011484829
Cnrip1,0.011484829
4921504A21Rik,0.011484829
Zc3h8,0.011484829
Trp53rkb,0.011484829
Map3k14,0.011484829
Prodh,0.011484828
Sema6c,0.011484828
Ldb2,0.011484828
Lrrc4,0.011484828
Rhbdf2,0.011484828
Tk1,0.011484828
Btg3,0.011484828
Cbx8,0.011484828
Tyrobp,0.011484828
Rwdd2b,0.011484828
Alg6,0.011484828
Plac1,0.011484827
Dusp23,0.011484827
Abcg1,0.011484827
Gask1a,0.011484827
Tubb2b,0.011484827
Efnb3,0.011484827
Tapbpl,0.011484827
Thbs3,0.011484827
Limk1,0.011484826
Nlrc5,0.011484826
Bbs7,0.011484826
Zfp719,0.0113207605
Ap5s1,0.0113207605
Cemip,0.0113207605
Rtn4ip1,0.0113207605
Fndc10,0.0113207605
Ccpg1os,0.0113207605
Zfp955a,0.01132076
Gm50240,0.01132076
Mnd1,0.01132076
Gm28410,0.01132076
Klhl25,0.01132076
Noct,0.01132076
Niban2,0.01132076
BC024978,0.01132076
Zfp808,0.01132076
Gas1,0.01132076
Fank1,0.01132076
Mfsd7a,0.01132076
Agpat2,0.01132076
Rbks,0.01132076
Ctsk,0.01132076
Ubl7,0.01132076
Cdkn1a,0.01132076
Cbx7,0.01132076
Stard4,0.011320759
Slc6a8,0.011320759
Zfp112,0.011320759
Mettl21a,0.011320759
Hunk,0.011320759
Plxna4,0.011320759
Dlg4,0.011320759
Spry2,0.011320759
Gm20342,0.011320758
Gm42528,0.011320758
Tbx2,0.011320758
Tceanc,0.011320758
Gm21781,0.011320758
Slc35d2,0.011320758
Numbl,0.011320758
Pigo,0.011320758
Kcnip4,0.011320758
2900089D17Rik,0.011320757
Lss,0.011320757
Garnl3,0.011320756
Gm46218,0.011156692
F3,0.011156692
Lca5l,0.011156691
Dse,0.011156691
Nsun3,0.011156691
Hemk1,0.011156691
Catspere2,0.011156691
Borcs5,0.011156691
Tert,0.011156691
Bambi,0.01115669
Ralgps1,0.01115669
Plxdc1,0.01115669
Dlg2,0.01115669
Mtm1,0.01115669
Dffb,0.01115669
Arx,0.01115669
Shf,0.01115669
Napb,0.01115669
Zfp763,0.01115669
Adam23,0.01115669
Cd93,0.01115669
Gm20521,0.011156689
Iigp1,0.011156689
Zfp202,0.011156689
Ogg1,0.011156689
Sema4d,0.011156689
Tstd3,0.011156689
Fkbpl,0.011156689
Zfp87,0.011156689
Plekho2,0.011156689
4931428F04Rik,0.011156689
Hsbp1l1,0.011156689
Ttll3,0.011156689
Rhebl1,0.011156689
Itpk1,0.011156689
Il4ra,0.011156689
Aoc3,0.011156689
Zscan18,0.011156689
Gng2,0.011156689
Slc22a15,0.011156688
Tns4,0.011156688
Jazf1,0.0111566875
Klhdc1,0.0111566875
A330023F24Rik,0.0111566875
Polq,0.011156687
Zfp994,0.010992622
Emx2os,0.010992622
Nhej1,0.010992622
Acot8,0.010992622
Ankrd39,0.010992621
8430429K09Rik,0.010992621
Psmc3ip,0.010992621
Fam169a,0.010992621
Zfp641,0.010992621
Rfx5,0.010992621
Mocs3,0.010992621
Tmem45a,0.010992621
Slc2a1,0.010992621
Fbxo16,0.010992621
Strip2,0.010992621
Chst2,0.010992621
Sgsm3,0.010992621
Snupn,0.010992621
Zfp605,0.010992621
Zkscan14,0.010992621
Slc37a4,0.01099262
Cep72,0.01099262
Aspscr1,0.01099262
Jag1,0.01099262
Erg,0.01099262
A930005H10Rik,0.01099262
Tle3,0.01099262
Lekr1,0.01099262
Mrpl23,0.01099262
Arxes1,0.01099262
Arhgef39,0.01099262
Gmppb,0.01099262
Clip3,0.01099262
Cyp4f17,0.01099262
Gm49839,0.010992619
Gm44164,0.010992619
Ticrr,0.010992619
Sntb1,0.010828554
Clip2,0.010828553
Txnl4b,0.010828553
Ttc32,0.010828553
Zfp790,0.010828553
Sh3pxd2b,0.010828553
Ap4b1,0.010828553
Plpp7,0.010828552
Melk,0.010828552
Zfp820,0.010828552
Perp,0.010828552
Gpr27,0.010828552
Rab30,0.010828552
Wdr27,0.010828552
Poll,0.010828552
Zfhx2,0.010828551
Phgdh,0.010828551
2700046G09Rik,0.010828551
Rhox8,0.010828551
Kif27,0.010828551
Bace2,0.01082855
Wdr25,0.01082855
Ccdc9b,0.01082855
Fam241b,0.01082855
B3galt6,0.01082855
E2f7,0.01082855
Nrg2,0.01082855
Aox1,0.01082855
Dlk1,0.010828549
Rcsd1,0.010664484
Nek2,0.0106644835
Gla,0.0106644835
Gm47071,0.0106644835
Tmcc3,0.0106644835
Tm4sf1,0.0106644835
Lrp4,0.0106644835
Gbp3,0.0106644835
Ccdc149,0.0106644835
Spef2,0.010664483
Zfp623,0.010664483
Gjc1,0.010664483
Crlf2,0.010664483
Nthl1,0.010664483
Asb1,0.010664483
Capn1,0.010664483
Slc4a11,0.010664483
Dnajc17,0.010664483
Nudt11,0.010664483
Bcam,0.010664483
Pdzd4,0.010664483
Cyren,0.010664483
H2-Aa,0.010664483
Gask1b,0.010664482
Acss2,0.010664482
Nr1h4,0.010664482
Plscr2,0.010664482
Dock11,0.010664481
Hap1,0.010664481
Apcdd1,0.010664481
Tmco4,0.010664481
Tsix,0.01066448
Nupl2,0.010500414
Zbtb14,0.010500413
1700010I14Rik,0.010500413
Tmem129,0.010500413
Gm15446,0.010500413
Rab33a,0.010500413
Abcd1,0.010500413
Them4,0.010500413
Zswim1,0.010500413
Kcnn2,0.010500413
Crebl2,0.010500413
Col18a1,0.010500413
Kbtbd7,0.010500413
Ifi203,0.010500413
Zbtb45,0.010500413
Gen1,0.010500413
Mir100hg,0.010500413
Cox6b2,0.010500412
Xdh,0.010500412
Cdk5r1,0.010500412
Siah1b,0.010500412
Fam161a,0.010500412
Ccne2,0.010500412
Ccdc30,0.010500412
Dck,0.0105004115
Elf4,0.0105004115
Orai1,0.0105004115
Pusl1,0.0105004115
Ror2,0.0105004115
Rnf113a1,0.010336345
Rsph9,0.010336345
A930004J17Rik,0.010336345
Gm12353,0.010336344
Zfp51,0.010336344
Gm14966,0.010336344
Camsap3,0.010336344
Zfp937,0.010336344
Ccdc134,0.010336344
Crnde,0.010336344
Gm45540,0.010336344
Lipo3,0.010336344
Abcc3,0.010336344
Armcx3,0.010336344
Zfp707,0.010336344
Bloc1s1,0.010336344
Jdp2,0.010336344
Exog,0.010336344
Mansc1,0.010336344
Zfp729a,0.010336344
Pms1,0.010336344
Mafa,0.010336344
Ncs1,0.010336344
Tnfrsf1b,0.010336344
Serpina3g,0.010336344
Pex12,0.010336343
Ghdc,0.010336343
Cks2,0.010336343
Neil1,0.010336343
Cav2,0.010336343
Gm16740,0.010336343
Gorasp1,0.010336343
Ccsap,0.010336343
Ramp1,0.010336343
Arsg,0.010336343
Hdc,0.010336342
Gm13483,0.010336342
Vamp1,0.010336342
Ulk3,0.010336342
Tmem97,0.010336342
Ovgp1,0.010336342
Pik3ap1,0.010172276
4930599N23Rik,0.010172276
Emp2,0.010172275
4933431E20Rik,0.010172275
Tesc,0.010172275
Sec61g,0.010172275
Adgre5,0.010172275
Pex10,0.010172275
Mest,0.010172275
Gria3,0.010172275
Pfkfb2,0.010172275
Plekhh2,0.010172275
Cdk2ap1,0.010172275
Il1rapl2,0.010172275
Arv1,0.010172275
Zfp944,0.010172275
Gm32618,0.010172274
Gca,0.010172274
Tkfc,0.010172274
Paox,0.010172274
Dennd6b,0.010172274
Gnasas1,0.010172274
5330438D12Rik,0.010172274
Fbxw24,0.010172274
Mier2,0.010172274
Gm4117,0.010172274
Pak1,0.010172274
Pgap3,0.010172274
Sh3yl1,0.010172274
Stx3,0.010172274
Lrrc51,0.010172274
P4ha3,0.010172274
Ska1,0.010172274
Abcb1a,0.010172274
Nt5dc3,0.010172274
Mageb18,0.010172273
Zfp14,0.010172273
Tap1,0.010172273
Ak4,0.010172273
Gm45716,0.010172273
B230217O12Rik,0.0100082075
Mir17hg,0.010008207
Lmcd1,0.010008207
Cenpo,0.010008206
Gm4890,0.010008206
Icosl,0.010008206
Rbm20,0.010008206
Slc4a8,0.010008206
Zfp874a,0.010008206
Pole,0.010008206
Gm49524,0.010008206
Ttc26,0.010008206
Mink1,0.010008206
6230400D17Rik,0.010008206
Ptgds,0.010008206
Ccnjl,0.010008206
Apbb1,0.010008206
Zfp661,0.010008206
Arsa,0.010008206
Tlcd5,0.010008206
Cd276,0.010008205
Tceal3,0.010008205
Zfp954,0.010008205
Tmem231,0.010008205
4933421O10Rik,0.010008205
Pcsk6,0.010008205
Gm12743,0.010008205
Rusc1,0.010008205
Fbxl15,0.010008205
Fam184a,0.010008205
Gm16759,0.010008205
Odad1,0.010008205
Prex1,0.010008205
Poc1a,0.010008205
Zfp27,0.010008204
Cbfa2t3,0.010008204
Herc6,0.010008204
Syk,0.010008204
Gins3,0.010008203
Cage1,0.009844138
Shisa9,0.009844137
Faap24,0.009844137
Cox7a1,0.009844137
Gnal,0.009844137
Gm7265,0.009844137
Pgm5,0.009844137
Kyat1,0.009844137
9530077C05Rik,0.009844137
Zfp341,0.009844137
Norad,0.009844136
Cldn11,0.009844136
Psrc1,0.009844136
Rab26os,0.009844136
Ttll7,0.009844136
Hacl1,0.009844136
Rnf150,0.009844136
Tmem185b,0.009844136
Rassf7,0.009844136
Tnfrsf21,0.009844136
Whrn,0.009844136
Rad9a,0.009844136
Ankrd35,0.009844136
Gm37606,0.009844136
4931403E22Rik,0.009844136
Efcab7,0.009844136
Arid3a,0.009844136
Rangrf,0.009844136
Ramp2,0.009844136
Map7d3,0.009844136
Fam13c,0.009844136
Cdo1,0.009844136
Tns2,0.009844136
Mvd,0.009844136
Gm20721,0.009844136
Il1rap,0.009844136
Cd24a,0.009844136
Eno3,0.0098441355
Rgl3,0.0098441355
Mypop,0.0098441355
Megf6,0.0098441355
Btbd8,0.0098441355
Ydjc,0.0098441355
Mlkl,0.0098441355
Gm20498,0.009844135
Ap3m2,0.009844133
Dclk2,0.009680069
Nlrx1,0.009680068
Msl3l2,0.009680068
Gm37524,0.009680068
Enpp4,0.009680068
Stard5,0.009680068
Rbm12b1,0.009680067
Mvk,0.009680067
Ddx59,0.009680067
Bbs5,0.009680067
Gmip,0.009680067
Cx3cl1,0.009680067
Zfp189,0.009680067
Lins1,0.009680067
Fam102a,0.009680067
Zfp287,0.009680067
Rhod,0.009680067
Dph2,0.009680067
Phf1,0.009680067
Pus7l,0.009680067
Pex11g,0.009680067
Prss36,0.009680067
Hyls1,0.009680066
Cyp2d22,0.009680066
Rgma,0.009680066
Itga5,0.009680066
Hebp2,0.009680066
Spryd4,0.009680066
2610028E06Rik,0.009680066
Dph7,0.009680066
Qrfprl,0.009516
Parpbp,0.009515999
Dpp10,0.009515999
Cdh5,0.009515999
Fitm2,0.009515999
Slc7a2,0.009515999
Gm38125,0.009515999
Dus4l,0.009515999
Gas2,0.009515999
Klhl36,0.009515999
2900005J15Rik,0.009515998
Frat1,0.009515998
Chaf1b,0.009515998
1810062O18Rik,0.009515998
Pcbp3,0.009515998
Slc5a6,0.009515998
Slc25a47,0.009515998
H2ac8,0.009515998
Zfp791,0.009515998
Tmem143,0.009515998
Zfp28,0.009515998
Fastkd5,0.009515998
Plekhf1,0.009515998
C1qa,0.009515998
Esam,0.009515998
Dapk3,0.009515998
Fcer1g,0.009515997
Ezhip,0.009515997
Cdr2,0.009515997
Lrp3,0.009515997
2310058D17Rik,0.009515997
Cisd3,0.009515997
Tmem67,0.009515997
Espn,0.009515997
Gm36936,0.009515996
Svip,0.00935193
Ly6c1,0.00935193
4833438C02Rik,0.00935193
Upk3bl,0.00935193
Cacna1a,0.00935193
Zp3,0.00935193
Fam71e1,0.009351929
Alkbh4,0.009351929
Arntl2,0.009351929
Cenpi,0.009351929
Cercam,0.009351929
Parp16,0.009351929
2310040G24Rik,0.009351929
Trim13,0.009351929
Itpr3,0.009351929
Gm35188,0.009351929
Zfp958,0.009351929
Mthfsl,0.009351929
Dnai4,0.009351929
Smim10l2a,0.009351929
Pgap4,0.009351929
Rbm12b2,0.009351929
Kctd12,0.009351929
Gm13832,0.009351929
Nlrp5,0.009351928
Gm29683,0.009351928
Mecom,0.009351928
Pdxk,0.009351928
Zfp770,0.009351928
Zfp748,0.009351928
Acbd4,0.009351927
Mapkapk3,0.00918786
Gm36738,0.00918786
Pard6b,0.00918786
Morc4,0.00918786
Dyrk3,0.00918786
Zfp607a,0.0091878595
Jmjd4,0.0091878595
Man2b2,0.0091878595
Ak7,0.0091878595
Hmox1,0.0091878595
Myf5,0.0091878595
Arl10,0.0091878595
Efemp1,0.0091878595
Tirap,0.0091878595
Hs3st3a1,0.0091878595
Ccdc14,0.0091878595
Fam219a,0.0091878595
Cmpk2,0.0091878595
Cdc42ep1,0.009187859
Polm,0.009187859
Sphk1,0.009187859
Serpina5,0.009187859
Elac1,0.009187859
Tro,0.009187859
Suox,0.009187859
Tmem178b,0.009187859
Sesn2,0.009187859
Ptprb,0.009187859
F8a,0.009187859
Iba57,0.009187859
Zfp184,0.009187859
Nkain3,0.009023792
Asf1b,0.009023791
A530072M11Rik,0.009023791
Nim1k,0.009023791
Gm43362,0.009023791
Emcn,0.009023791
Npas3,0.00902379
Pyroxd2,0.00902379
Mindy4,0.00902379
Zscan20,0.00902379
Tead3,0.00902379
Polg2,0.00902379
Gm42984,0.00902379
Ppargc1a,0.00902379
Lsp1,0.00902379
Gm49359,0.00902379
Lsr,0.00902379
Lratd1,0.00902379
Pxmp2,0.00902379
Gm47664,0.00902379
4632404H12Rik,0.00902379
Tmem220,0.009023789
Slc45a3,0.009023789
Gm47586,0.009023789
E130111B04Rik,0.009023789
Col26a1,0.009023789
Tmem177,0.009023789
Rhobtb2,0.009023789
Pradc1,0.009023789
Gli1,0.009023789
Gm37258,0.009023789
Btbd16,0.009023789
Id4,0.009023788
Hps3,0.008859722
Urb2,0.008859722
Crybg1,0.008859722
Cryab,0.008859722
Cd46,0.008859722
Gm38391,0.008859722
Trmt44,0.008859722
Aif1,0.008859721
Tap2,0.008859721
Cdca5,0.008859721
P4htm,0.008859721
Ska3,0.008859721
Lims2,0.008859721
Sox18,0.008859721
Umad1,0.008859721
Slx4,0.008859721
Gm37584,0.008859721
Zfp867,0.008859721
Pld2,0.008859721
Pcdh18,0.008859721
Adcy2,0.008859721
Cdc45,0.008859721
Abca8a,0.008859721
Lpcat2,0.008859721
Dedd2,0.008859721
A430073D23Rik,0.008859721
Zbtb7b,0.008859721
1700048O20Rik,0.008859721
Ttll1,0.008859721
Celsr1,0.008859721
Gli3,0.008859721
Gm48204,0.008859721
Ubiad1,0.008859721
Vcpkmt,0.00885972
Slco2a1,0.00885972
Prcd,0.00885972
Casz1,0.00885972
Srxn1,0.008695653
Zfp951,0.008695653
Mpeg1,0.008695653
Gramd1c,0.008695653
Spsb3,0.008695653
Cdk20,0.008695653
Rfpl4,0.008695653
Tmub1,0.008695653
Nyap1,0.008695653
Gpatch3,0.008695652
Abhd15,0.008695652
Zbtb34,0.008695652
Apobec1,0.008695652
N4bp3,0.008695652
1700042G15Rik,0.008695652
Man2c1os,0.008695652
Galm,0.008695652
Dclre1b,0.008695652
Mfsd8,0.008695652
2810408A11Rik,0.008695652
Ikzf4,0.008695652
Eda2r,0.008695652
Chst1,0.008695652
Cfap126,0.008695652
Zdhhc9,0.008695652
Csrnp2,0.008695652
Gm37607,0.008695652
Gm9856,0.008695651
Ppif,0.008695651
Smpx,0.008695651
Slc25a15,0.008695651
Gm20045,0.008695651
Zc3h3,0.008695651
Trmo,0.008695651
Tulp2,0.008695651
Tarbp1,0.008695651
Ccdc136,0.008695651
Ube2s,0.008695651
Gstm4,0.008695651
Hhip,0.0085315835
Psat1,0.0085315835
E2f2,0.0085315835
Tll1,0.0085315835
A930004D18Rik,0.0085315835
Tshz3,0.0085315835
Cntn4,0.0085315835
AW146154,0.0085315835
Apoo,0.0085315835
Trmt9b,0.0085315835
1600010M07Rik,0.0085315835
2900052L18Rik,0.008531583
Slc22a21,0.008531583
Gm11808,0.008531583
Ubxn11,0.008531583
Anks1b,0.008531583
Evc,0.008531583
Sema4g,0.008531583
Fcrla,0.008531583
C1rl,0.008531583
Prg4,0.008531583
Otud3,0.008531583
Zfp354a,0.008531583
Mcc,0.008531583
Gm37254,0.008531583
A730081D07Rik,0.008531583
Gm17660,0.008531583
Zfp324,0.008531583
Plac9a,0.008531583
Nudt22,0.008531583
Pfkfb4,0.008531583
Epm2a,0.008531583
Scara5,0.008531583
Tcaf2,0.008531583
Rab3a,0.008531583
Gm16638,0.008531583
Lgi2,0.008531583
Agrp,0.008531583
Gpr161,0.008531583
Shisa4,0.008531583
AU021092,0.008531582
Ctla2a,0.008531582
Tbc1d30,0.008531582
4933412E12Rik,0.008531582
Pecam1,0.008531582
Psma8,0.008531582
Gm11638,0.008367515
Morn4,0.008367514
Wnt5b,0.008367514
Marchf10,0.008367514
Hnmt,0.008367514
Nfkbiz,0.008367514
Tmem39b,0.008367514
Mill2,0.008367514
Stil,0.008367514
Col25a1,0.008367513
Cdkl2,0.008367513
Rftn2,0.008367513
Tprn,0.008367513
2900060N12Rik,0.008367513
Nmb,0.008367513
Rassf6,0.008367513
Gm15417,0.008367513
4930523C07Rik,0.008367513
1700052K11Rik,0.008367513
Gypc,0.008367513
C2cd2l,0.008367513
A130010J15Rik,0.008367513
Cracd,0.008367513
Cyp4v3,0.008367513
Nckipsd,0.008367513
Zfp185,0.008367513
Cystm1,0.008367513
Gm48203,0.008367513
Zdhhc15,0.008367513
Stab1,0.008367513
Foxl2os,0.008367513
Gm10130,0.008367513
Zfp335os,0.008367513
S100a4,0.008367512
Dennd2c,0.008367512
Ccl6,0.008367512
Igsf9,0.008367512
Tmem38b,0.008367512
Dppa3,0.008203445
Gm20422,0.008203445
Eng,0.008203445
Atp1a2,0.008203445
Zfat,0.008203445
Gm4419,0.008203444
Lrrc57,0.008203444
Irf8,0.008203444
Rab27a,0.008203444
Mrnip,0.008203444
Mtmr11,0.008203444
Gps1,0.008203444
Ifitm1,0.008203444
Troap,0.008203444
Rab4b,0.008203444
D130020L05Rik,0.008203444
Irx5,0.008203444
Prdm16,0.008203444
Gm30025,0.008203444
Cd247,0.008203444
2700038G22Rik,0.008203444
Atp5l,0.008203444
Tmem104,0.008203444
Clmp,0.008203444
Gm43462,0.008203444
Rab3il1,0.008203444
Dennd4b,0.008203444
Afap1l2,0.008203444
Zbtb39,0.008203444
Naa80,0.008203444
Lama5,0.008203443
Itga8,0.008203443
9930014A18Rik,0.008039376
Agbl4,0.008039376
Smim24,0.008039376
Mfsd12,0.008039376
Edn1,0.008039376
Ptprj,0.008039376
Ing4,0.008039376
Dusp10,0.008039376
Tom1,0.008039376
Pla1a,0.008039376
Hddc3,0.008039376
St3gal1,0.008039376
Gm43185,0.008039376
Tnfsf12,0.008039376
Sez6l2,0.008039376
5430402O13Rik,0.008039376
E030022I16Rik,0.008039376
Zfp454,0.008039376
Slc37a1,0.008039375
1500009L16Rik,0.008039375
Tpcn2,0.008039375
Slc25a25,0.008039375
Fancf,0.008039375
Chml,0.008039375
Ptges3l,0.008039375
Ablim2,0.008039375
Dand5,0.008039375
Acsl1,0.008039375
Cspg4b,0.008039375
Shroom1,0.008039375
Otor,0.008039375
Tuba4a,0.008039375
Plscr1,0.008039375
Bloc1s3,0.008039375
Maff,0.008039375
Mcam,0.008039375
Gtse1,0.008039375
C920021L13Rik,0.008039375
Tlcd4,0.008039375
Ftdc2,0.008039375
Zfp709,0.008039375
Gm43481,0.008039375
Zp2,0.008039375
Cand2,0.008039375
Gm10762,0.008039375
Dcc,0.008039375
Fam149a,0.008039375
Mkks,0.008039375
Zbtb11os1,0.008039375
4930522L14Rik,0.008039375
Pidd1,0.008039375
Praf2,0.008039375
Gdpd3,0.007875307
Oscp1,0.0078753065
Fbxl22,0.0078753065
Cenpu,0.0078753065
Stbd1,0.0078753065
Zfp85,0.0078753065
Gm15657,0.0078753065
Pcyox1l,0.0078753065
Klf4,0.0078753065
Pkn3,0.0078753065
Mycbpap,0.007875306
Gm19605,0.007875306
Lrrn2,0.007875306
Gm16083,0.007875306
Srl,0.007875306
BC048403,0.007875306
Ogdhl,0.007875306
Qrsl1,0.007875306
Gdap2,0.007875306
Chl1,0.007875306
Casp12,0.007875306
Serp2,0.007875306
Gm43126,0.007875306
Nadsyn1,0.007875306
Eaf2,0.007875306
Ccdc88c,0.007875306
Capn6,0.007875306
Fam229b,0.007875306
Atxn7l2,0.007875306
Thsd7a,0.007875306
Gsdme,0.007875306
1700029J07Rik,0.007875306
Zfp335,0.007875306
Cyb561,0.007875306
Hic2,0.007875306
Hspa2,0.007875306
A730063M14Rik,0.007875306
Nudt10,0.007875306
Dennd3,0.007875306
Aspn,0.007875306
Il18,0.007875305
Faxc,0.0077112378
1700028E10Rik,0.0077112378
Pcdh17,0.0077112378
Ccdc106,0.0077112378
Snhg14,0.0077112373
Frzb,0.0077112373
Ccdc39,0.0077112373
Hax1,0.0077112373
BC043934,0.0077112373
Rasgef1a,0.0077112373
Gabrb1,0.0077112373
Cyp7b1,0.0077112373
Mettl18,0.0077112373
Disc1,0.0077112373
Gm16364,0.0077112373
Marchf3,0.0077112373
Wnt10b,0.007711237
Prr15,0.007711237
Tmem198b,0.007711237
Tmem140,0.007711237
Kcng3,0.007711237
Sult1a1,0.007711237
1810034E14Rik,0.007711237
Ryr3,0.007711237
Sorcs1,0.007711237
Exoc3l,0.007711237
Lhpp,0.007711237
Zfp677,0.007711237
Asap3,0.007711237
Ntm,0.007711237
Gm26549,0.007711237
Gm38082,0.007711237
Tcf19,0.0077112364
Nlrp4f,0.0077112364
Zfp959,0.0077112364
Defb19,0.0077112364
Zfp984,0.0077112364
Bdh1,0.0077112364
Stk36,0.0077112364
Jmjd7,0.0077112364
Clec2d,0.0077112364
Tmem267,0.0077112364
Gk,0.0077112364
Tspyl5,0.0077112364
Fan1,0.0077112364
Antkmt,0.0077112364
1500015A07Rik,0.0077112364
9930104L06Rik,0.007711236
Armh4,0.007711236
Cmtr2,0.007547169
Ushbp1,0.007547169
Gm44950,0.007547169
Tm9sf1,0.0075471685
Carmn,0.0075471685
Nostrin,0.0075471685
1810062G17Rik,0.0075471685
Loxl3,0.0075471685
Abcc9,0.0075471685
Jsrp1,0.0075471685
Gm28151,0.0075471685
Trim14,0.0075471685
Rasgrp3,0.007547168
Gm30292,0.007547168
Hey1,0.007547168
Fetub,0.007547168
Helz2,0.007547168
1700037C18Rik,0.007547168
Nptxr,0.007547168
Trp63,0.007547168
Pif1,0.007547168
Icam4,0.007547168
Pigw,0.007547168
Apoc3,0.007547168
Galnt17,0.007547168
Xrcc2,0.007547168
Olfml3,0.007547168
A930037H05Rik,0.007547168
Dpp4,0.007547168
9330151L19Rik,0.007547168
Twist1,0.007547168
Hoxb4,0.0075471676
Gm20517,0.0075471676
Rassf5,0.0075471676
Atp6ap1l,0.0075471676
Iqck,0.0075471676
Kcnh1,0.0075471676
2500004C02Rik,0.0075471676
P4ha2,0.0075471676
Haspin,0.0075471676
Cnbd2,0.0075471676
Rad51c,0.0075471676
Gm12258,0.0075471676
Pdss1,0.007547167
Vcam1,0.007383101
Slc2a4rg-ps,0.0073830998
Trappc2,0.0073830998
Gm41804,0.0073830998
4931414P19Rik,0.0073830998
Tmem232,0.0073830998
1700109H08Rik,0.0073830998
Dubr,0.0073830998
Mreg,0.0073830998
Sars2,0.0073830998
Trim7,0.0073830998
C130089K02Rik,0.0073830998
Slc66a1,0.0073830998
Pard6a,0.0073830993
Ccdc73,0.0073830993
Lpcat4,0.0073830993
Zswim3,0.0073830993
2810402E24Rik,0.0073830993
Gm45871,0.0073830993
Il6ra,0.0073830993
Mfap4,0.0073830993
Mbp,0.0073830993
Ap1g2,0.0073830993
Smim22,0.0073830993
Prex2,0.0073830993
Zfp128,0.0073830993
Kntc1,0.0073830993
Rab29,0.0073830993
Gm10401,0.0073830993
Tifa,0.0073830993
2310030G06Rik,0.0073830993
9430091E24Rik,0.0073830993
Gm43813,0.007383099
Snrpn,0.007383099
Zfp691,0.007383099
Nap1l3,0.007383099
5330406M23Rik,0.007383099
Pym1,0.007383099
SPATA5L1,0.007383099
Itprip,0.007383099
Dgka,0.007383099
Pou2f3,0.007383099
Rad54b,0.007383099
Tha1,0.007383099
Alg3,0.007383099
Fpgs,0.007383099
4930481A15Rik,0.007383099
Flrt1,0.007383099
Srpx2,0.0073830984
Trdmt1,0.0072190315
Dok4,0.007219031
Hyal1,0.007219031
Cpeb1,0.007219031
Dynlt1a,0.007219031
4732491K20Rik,0.007219031
Zfp804b,0.007219031
Nat2,0.007219031
C130036L24Rik,0.007219031
Rps27rt,0.0072190305
Ptpdc1,0.0072190305
Zfp607b,0.0072190305
2010001A14Rik,0.0072190305
Gm43571,0.0072190305
Laptm5,0.0072190305
Nabp1,0.0072190305
Aldoc,0.0072190305
D730003I15Rik,0.0072190305
Zfp931,0.0072190305
Igtp,0.0072190305
Gm38248,0.0072190305
Kank4,0.0072190305
Ticam1,0.0072190305
Bbc3,0.0072190305
Gm47528,0.0072190305
Shisal2b,0.0072190305
Loxl1,0.0072190305
Ccdc69,0.0072190305
Adcy5,0.0072190305
Usp2,0.00721903
Asxl3,0.00721903
Meak7,0.00721903
B930095G15Rik,0.00721903
Zfp239,0.00721903
Hdhd2,0.00721903
Zfp772,0.00721903
Morn1,0.00721903
Gm38392,0.00721903
Tmem62,0.00721903
Cryz,0.00721903
Gpt,0.00721903
Gm47585,0.00721903
A130014A01Rik,0.00721903
Cd55,0.00721903
Paqr4,0.00721903
2700046A07Rik,0.00721903
Gm15283,0.00721903
Gbp2,0.0072190296
Zscan2,0.0072190296
9530059O14Rik,0.0070549627
Chst9,0.0070549627
Cpne8,0.007054962
2310001H17Rik,0.007054962
Cdh23,0.007054962
Pnldc1,0.007054962
Uba7,0.0070549618
Gpr135,0.0070549618
Reep1,0.0070549618
Lmod1,0.0070549618
Aass,0.0070549618
H2-Ke6,0.0070549618
Lrfn1,0.0070549618
Zfp446,0.0070549618
Zfp595,0.0070549618
2810002D19Rik,0.0070549618
Gm26533,0.0070549618
Srp54c,0.0070549618
Rpp25,0.0070549618
E530011L22Rik,0.0070549618
Clba1,0.0070549618
Pde3b,0.0070549618
Trim65,0.0070549618
Adap2,0.0070549618
Trim30a,0.0070549618
2900093K20Rik,0.0070549613
5330432J10Rik,0.0070549613
Zfp580,0.0070549613
Gm20708,0.0070549613
Mbnl3,0.0070549613
Cracr2a,0.0070549613
Pdzrn4,0.0070549613
Raet1e,0.0070549613
Zfp758,0.0070549613
Rtl8a,0.0070549613
Prps1l3,0.0070549613
Cdr2l,0.0070549613
Ncoa4,0.0070549613
Zfp108,0.007054961
Gm10785,0.007054961
Sema3e,0.0068908944
C730045M19Rik,0.006890894
Sowahc,0.006890894
A4galt,0.0068908934
4930579G24Rik,0.0068908934
Proca1,0.0068908934
Csf1r,0.0068908934
Prickle3,0.006890893
Dnajc12,0.006890893
Fanci,0.006890893
Adgra2,0.006890893
Zfp39,0.006890893
Map3k13,0.006890893
Zfp93,0.006890893
Ct55,0.006890893
Zfp583,0.006890893
Tigd5,0.006890893
Brd3os,0.006890893
Pcdh15,0.006890893
Nkd1,0.006890893
Lrrc4c,0.006890893
Dusp9,0.0068908925
4930466K18Rik,0.0068908925
Rin3,0.0068908925
Zxdb,0.0068908925
Tbc1d25,0.0068908925
Snu13,0.0068908925
Zfp111,0.0068908925
Kctd11,0.0068908925
Scube1,0.0068908925
Il3ra,0.0068908925
Chn1os3,0.0068908925
Ccdc85c,0.0068908925
Nudt12,0.0068908925
Mblac1,0.0068908925
Gm13944,0.0068908925
Tspyl4,0.0068908925
Iqank1,0.0068908925
Nek3,0.0068908925
Hspb8,0.0068908925
AA465934,0.0068908925
Podxl2,0.0068908925
Penk,0.0068908925
AI467606,0.0068908925
Ntrk2,0.0068908925
Egr2,0.006726825
Hoxd11,0.0067268247
Grin2b,0.0067268247
Gm48114,0.0067268247
Grin3a,0.0067268247
Ncam2,0.006726824
Fn3krp,0.006726824
Zg16,0.006726824
Med12,0.006726824
Pik3c2b,0.006726824
Ccdc189,0.006726824
Trim45,0.006726824
Gm11423,0.006726824
Zfp868,0.006726824
Sh3d21,0.006726824
Rab11fip1,0.0067268237
Tcte2,0.0067268237
9230114K14Rik,0.0067268237
Cpa2,0.0067268237
Igsf10,0.0067268237
AU041133,0.0067268237
Syde2,0.0067268237
Fam227a,0.0067268237
Parvb,0.0067268237
Tmem255b,0.0067268237
Tmc4,0.0067268237
Gm36033,0.0067268237
B3galt2,0.0067268237
Aph1c,0.0067268237
Dynap,0.0067268237
Smim41,0.0067268237
Csmd3,0.0067268237
Igf2bp3,0.0067268237
Zfpm1,0.0067268237
Axin2,0.0067268237
Lyrm1,0.0067268237
Flvcr2,0.0067268237
Aldh1a2,0.0067268233
Tspan11,0.0067268233
Kcne3,0.0067268233
P2rx7,0.0065627564
Pde3a,0.0065627564
Mfsd3,0.006562756
Tec,0.006562756
Sox9,0.006562756
Ccdc148,0.006562756
Gm10516,0.006562756
Rom1,0.006562756
Fbln2,0.006562756
A230056P14Rik,0.0065627554
Atf7ip2,0.0065627554
Kctd7,0.0065627554
Dnah2,0.0065627554
Pkmyt1,0.0065627554
Colec11,0.0065627554
Rasgrp2,0.0065627554
Gm47483,0.0065627554
Prox2,0.0065627554
Il17d,0.0065627554
Rab3b,0.0065627554
Ddias,0.0065627554
Spata33,0.0065627554
Scn3a,0.0065627554
Creg2,0.0065627554
Cfap299,0.0065627554
Gm42635,0.0065627554
Xk,0.0065627554
Elavl2,0.0065627554
Spata2,0.0065627554
Lrrc8e,0.0065627554
Myl4,0.0065627554
1700066M21Rik,0.0065627554
Cnn1,0.0065627554
Slc46a1,0.006562755
Gse1,0.006562755
Lepr,0.006562755
Ass1,0.006562755
Cd68,0.006562755
Zfp882,0.006562755
B130055M24Rik,0.006562755
Zfp784,0.006562755
Maob,0.006562755
Shc4,0.006562755
Gm43672,0.006562755
Wdr31,0.006562755
Dagla,0.006562755
Gm15860,0.0065627545
Adamts16,0.0065627545
Gab3,0.0065627545
Erbb4,0.0065627545
Gm16091,0.006398687
Il15,0.006398687
Grid2,0.006398687
Raet1d,0.0063986867
Ptpn18,0.0063986867
Tmco6,0.0063986867
Cyp2j9,0.0063986867
BC051226,0.0063986867
Mfap3l,0.0063986867
Adam19,0.0063986867
Lacc1,0.0063986867
B130034C11Rik,0.0063986867
Dtwd2,0.0063986867
Riiad1,0.0063986867
Plet1os,0.0063986867
Acad12,0.0063986867
Cmtr1,0.006398686
Ocel1,0.006398686
Gm50163,0.006398686
Stk32c,0.006398686
Cyb561d1,0.006398686
Zfp58,0.006398686
Tlcd3a,0.006398686
Gm17092,0.006398686
Plekhb2,0.006398686
Ace,0.006398686
Gm49602,0.006398686
Ankle1,0.006398686
Gm17484,0.006398686
Cx3cr1,0.006398686
1810024B03Rik,0.006398686
Glipr2,0.006398686
Zscan22,0.006398686
Sting1,0.006398686
Lin28b,0.006398686
Mcf2l,0.0063986857
Gm20125,0.0063986857
9930017N22Rik,0.0063986857
Cd44,0.0063986857
Gm37531,0.006234619
Mamdc4,0.0062346184
Hmcn1,0.0062346184
Zeb2os,0.0062346184
Ube2cbp,0.0062346184
Unc13d,0.0062346184
Zfp979,0.0062346184
Eme2,0.006234618
Gm26901,0.006234618
Kcnq1,0.006234618
Setmar,0.006234618
Fbxw19,0.006234618
Epha6,0.006234618
Dyrk1b,0.006234618
Gm30938,0.006234618
Krt12,0.006234618
Notch1,0.006234618
Zfp940,0.006234618
Gm26944,0.006234618
Rsph1,0.0062346174
Gm29438,0.0062346174
Slc2a8,0.0062346174
Fam221a,0.0062346174
Sp110,0.0062346174
Gm40309,0.0062346174
Smpd5,0.0062346174
Oas1e,0.0062346174
Cfap46,0.0062346174
Nat14,0.0062346174
Traip,0.0062346174
Cd52,0.0062346174
Amacr,0.0062346174
Lipg,0.0062346174
Gdpgp1,0.0062346174
Nrm,0.0062346174
Mmachc,0.0062346174
Gm12359,0.0062346174
Gm49338,0.0062346174
Mfsd2a,0.0062346174
D830050J10Rik,0.0062346174
Psme2b,0.0062346174
Rpusd1,0.0062346174
Hcls1,0.0062346174
Nos3,0.0062346174
E430021H15Rik,0.0062346174
Gm41271,0.0062346174
Hspb2,0.0062346174
Bard1,0.0062346174
Arhgap15,0.006234617
Hsf3,0.006234617
Eme1,0.006234617
Dock10,0.006234617
Gm17259,0.00607055
Gm45250,0.00607055
Cxcl16,0.0060705496
Gm48582,0.006070549
Atp8b1,0.006070549
Cfap47,0.006070549
Gm17690,0.006070549
AW046200,0.006070549
Rnf32,0.006070549
2810405F17Rik,0.006070549
Trim34a,0.006070549
Gm39469,0.006070549
Bhlhe41,0.006070549
Gfod1,0.006070549
D230049E03Rik,0.006070549
Gm45193,0.006070549
Tppp3,0.006070549
Zfp169,0.006070549
Fbln7,0.006070549
Osmr,0.006070549
AA474408,0.0060705487
Sgtb,0.0060705487
Thbd,0.0060705487
Ldhd,0.0060705487
Mettl21c,0.0060705487
9630050E16Rik,0.0060705487
Rtl6,0.0060705487
Rab11fip4,0.0060705487
Slc2a3,0.0060705487
Sptb,0.0060705487
Vwa1,0.0060705487
Usp49,0.0060705487
Ttll11,0.0060705487
Gm46515,0.0060705487
5330431K02Rik,0.0060705487
Bcl3,0.0060705487
Tspan2,0.0060705487
Alg12,0.0060705487
Sfxn4,0.0060705487
Sec22c,0.0060705487
Kifc5b,0.0060705487
Tctn3,0.0060705487
Gstt3,0.0060705487
Setdb2,0.0060705487
Tenm2,0.0060705487
Mterf2,0.0060705487
Xaf1,0.0060705487
Slc29a2,0.0060705487
Nkrf,0.0060705487
Adat2,0.0060705487
Zcwpw1,0.0060705487
Sh3bp1,0.0060705487
AV356131,0.0060705487
Arhgef33,0.0060705487
Mief2,0.0060705487
Actg1,0.0060705487
5930430L01Rik,0.0060705487
Slc9a3r1,0.0060705487
Ifrd2,0.0060705487
Scd1,0.0060705487
4930550C14Rik,0.0060705487
Zfp235,0.006070548
Cep41,0.006070548
Zfp54,0.006070548
Ak1,0.006070548
A330076H08Rik,0.006070548
Coro2a,0.006070548
Mrc1,0.005906481
Gm16118,0.005906481
Col28a1,0.005906481
Igf2bp2,0.005906481
Sema4a,0.005906481
Taf9b,0.005906481
St6galnac4,0.0059064804
Adamts17,0.0059064804
Gm43923,0.0059064804
6430548M08Rik,0.0059064804
Ttyh1,0.0059064804
AA914427,0.0059064804
Zfp442,0.0059064804
Opcml,0.0059064804
Gm45902,0.0059064804
Lingo2,0.0059064804
Fanca,0.0059064804
Zfp268,0.0059064804
Hic1,0.0059064804
Cnnm4,0.0059064804
Ednrb,0.0059064804
4930470G03Rik,0.0059064804
Foxs1,0.0059064804
Ggnbp1,0.0059064804
Erbb3,0.0059064804
Aen,0.0059064804
Ulbp1,0.00590648
Slc1a1,0.00590648
Rtn2,0.00590648
Gon7,0.00590648
Wdr54,0.00590648
Slc37a2,0.00590648
Bbs12,0.00590648
Pla2g1b,0.00590648
Cngb1,0.00590648
Fgf11,0.00590648
Ankrd55,0.00590648
Nlgn1,0.00590648
Glcci1,0.00590648
C230096K16Rik,0.00590648
9330020H09Rik,0.00590648
Gm15489,0.00590648
Rundc3a,0.00590648
Junos,0.00590648
Arhgap27,0.00590648
Trib1,0.00590648
Amz1,0.00590648
Adamts7,0.00590648
Adam8,0.00590648
Gm53012,0.00590648
Gm40604,0.00590648
Cyb5rl,0.00590648
Btbd11,0.00590648
G0s2,0.00590648
Gm37401,0.00590648
Cyria,0.00590648
Fxyd5,0.0059064794
Pgap1,0.0059064794
Sfmbt2,0.0059064794
Slc15a2,0.0057424125
Ddc,0.005742412
Slc9a2,0.005742412
Gsta3,0.005742412
2010204K13Rik,0.005742412
Prr36,0.0057424116
Gm28539,0.0057424116
Sntg1,0.0057424116
Cish,0.0057424116
Ppp1r13l,0.0057424116
Kit,0.0057424116
Zfp3,0.0057424116
Cela1,0.0057424116
Tmem37,0.0057424116
Zfp429,0.0057424116
Irf7,0.0057424116
Mxd3,0.0057424116
Gm42583,0.0057424116
Porcn,0.0057424116
Hdx,0.0057424116
Tmem14a,0.0057424116
AV099323,0.0057424116
Gm15614,0.0057424116
Ropn1l,0.005742411
C030034I22Rik,0.005742411
Gm47350,0.005742411
Gpsm3,0.005742411
Neurl2,0.005742411
Nme2,0.005742411
1700016D06Rik,0.005742411
Gm41361,0.005742411
AC159819.1,0.005742411
Prrt4,0.005742411
Slfn4,0.005742411
Gm8113,0.005742411
Ifi47,0.005742411
Thy1,0.005742411
Gpr19,0.005742411
Kif18b,0.005742411
Atp5g2,0.005742411
Zfp992,0.005742411
9130023H24Rik,0.005742411
Tmem44,0.005742411
Srgn,0.005742411
Ccdc17,0.005742411
Pik3r3,0.005742411
Irgm2,0.005742411
Tek,0.005742411
Gm11906,0.005742411
Gm50010,0.005742411
Angel1,0.005742411
1300017J02Rik,0.005742411
Steap4,0.005742411
Polr2k,0.005742411
Usp35,0.005742411
Cds1,0.005742411
Gucy1a2,0.005742411
Slc22a14,0.005742411
Zfp472,0.005742411
Gm15663,0.005742411
Wdr62,0.0057424107
Mfsd9,0.0057424107
Meikin,0.0057424107
Fzd1,0.0057424107
Gprin3,0.0057424107
Slc9a9,0.0055783438
H2bc21,0.0055783433
Cyyr1,0.0055783433
Rps6ka6,0.005578343
Gm16008,0.005578343
Gm12592,0.005578343
Rhpn2,0.005578343
Clic5,0.005578343
A630072M18Rik,0.005578343
Rap1gap2,0.005578343
Gm42992,0.005578343
Zfp946,0.005578343
Tedc1,0.005578343
Cadm4,0.005578343
Sall4,0.005578343
Adamtsl1,0.005578343
Adamtsl2,0.005578343
Podxl,0.005578343
E2f8,0.005578343
Tbx3os1,0.005578343
Gm43788,0.005578343
Mmp19,0.005578343
Gm13563,0.005578343
Mybl1,0.005578343
Gm33370,0.005578343
Hexim2,0.005578343
Fam131a,0.0055783424
9130008F23Rik,0.0055783424
Prx,0.0055783424
Galns,0.0055783424
Gm26532,0.0055783424
Myo5b,0.0055783424
Wfdc1,0.0055783424
Tmem170,0.0055783424
Rgs6,0.0055783424
Dusp28,0.0055783424
Rsf1os2,0.0055783424
Gm31763,0.0055783424
Gm31728,0.0055783424
E430018J23Rik,0.0055783424
Ripor3,0.0055783424
Slc35f2,0.0055783424
Gm10076,0.0055783424
Fgf12,0.0055783424
Mgll,0.0055783424
Gm43189,0.0055783424
Zfp420,0.0055783424
4933406C10Rik,0.0055783424
Spry1,0.0055783424
Stom,0.0055783424
Fcgr3,0.0055783424
Gpr153,0.0055783424
Hectd2,0.0055783424
Fdxacb1,0.0055783424
1700007K13Rik,0.0055783424
Wasf3,0.0055783424
Pear1,0.0055783424
Angptl6,0.005578342
Efnb2,0.005578342
Tcim,0.005414274
0610043K17Rik,0.005414274
Gcnt4,0.005414274
Dnah7c,0.005414274
Nanos3,0.005414274
Stpg2,0.005414274
Spry4,0.005414274
Gm2415,0.005414274
Gm26827,0.005414274
Oxtr,0.005414274
Dok7,0.005414274
6720464F23Rik,0.005414274
Pramel13,0.005414274
Cyp19a1,0.005414274
Zfp647,0.005414274
6030442K20Rik,0.005414274
Zfp119a,0.005414274
Gm48604,0.005414274
Lbx2,0.0054142736
Gpat3,0.0054142736
Mss51,0.0054142736
Gm42047,0.0054142736
Tmem106a,0.0054142736
Gpr146,0.0054142736
Rtkn2,0.0054142736
Snx22,0.0054142736
9530062K07Rik,0.0054142736
Caskin1,0.0054142736
Gm44386,0.0054142736
Swsap1,0.0054142736
Mfsd4b1,0.0054142736
Plekha4,0.0054142736
Abcc10,0.0054142736
Gm10638,0.0054142736
3010001F23Rik,0.0054142736
Gm4285,0.0054142736
Stac3,0.0054142736
4933431K14Rik,0.0054142736
Gm47639,0.0054142736
Shisa2,0.0054142736
1700113A16Rik,0.0054142736
Gm17501,0.0054142736
Ifit3,0.0054142736
Jph1,0.0054142736
Per2,0.0054142736
Cttnbp2,0.0054142736
Tomm6,0.0054142736
Iqgap3,0.0054142736
Fbxo41,0.0054142736
Gm32282,0.0054142736
Chrna1os,0.0054142736
4933413J09Rik,0.0054142736
Gm9750,0.0054142736
Slc1a6,0.0054142736
Calr3,0.0054142736
Edil3,0.005414273
1700084C06Rik,0.005414273
Oosp1,0.005414273
Gm44148,0.005414273
Arhgap45,0.005414273
Synpo2,0.005414273
Gm44667,0.005414273
D130017N08Rik,0.0052502058
Slc16a13,0.0052502053
Wdr66,0.0052502053
Slc28a1,0.0052502053
Hspa12b,0.0052502053
Lsm5,0.0052502053
Elf3,0.0052502053
4930412C18Rik,0.0052502053
Gm46404,0.0052502053
Ptprq,0.0052502053
4732440D04Rik,0.0052502053
Slc35e4,0.0052502053
Fbxw15,0.0052502053
3830408C21Rik,0.0052502053
0610038B21Rik,0.0052502053
Npl,0.0052502053
Jhy,0.0052502053
Nrxn3,0.0052502053
Gsap,0.0052502053
Pag1,0.0052502053
Hspa1b,0.005250205
Sult5a1,0.005250205
Gm36423,0.005250205
Brme1,0.005250205
Oas1d,0.005250205
Oip5,0.005250205
Zfp747,0.005250205
Frmpd4,0.005250205
Dkkl1,0.005250205
Cdc6,0.005250205
Mirg,0.005250205
B3galt1,0.005250205
Gimap4,0.005250205
Uprt,0.005250205
Kifc2,0.005250205
Nutf2,0.005250205
Bbs10,0.005250205
Isg15,0.005250205
Zmat4,0.005250205
Pramel25,0.005250205
Gm47155,0.005250205
Gm17344,0.005250205
Gm527,0.005250205
Esrrg,0.005250205
Smkr-ps,0.005250205
Ttpa,0.005250205
Sag,0.005250205
Igsf9b,0.005250205
Rab20,0.005250205
Gm37105,0.005250205
Zfp59,0.005250205
Aox2,0.005250205
Gm15506,0.005250205
Elapor2,0.005250205
Rrad,0.005250205
Shld3,0.005250205
Hid1,0.005250205
Dclk1,0.005250205
Mfsd13a,0.005250205
Slc1a4,0.005250205
Gm26814,0.005250205
Morrbid,0.005250205
P2ry6,0.005250205
Vav3,0.005250205
Dpf1,0.005250205
Gm31793,0.005250205
Tepsin,0.0052502044
Fam72a,0.0052502044
Creb5,0.0052502044
Zfp382,0.0052502044
Serpini1,0.0052502044
4930518I15Rik,0.0052502044
Pramel26,0.0052502044
Grem1,0.0052502044
Scube2,0.0052502044
Gm42572,0.0052502044
Tfcp2l1,0.005086137
Syt1,0.005086137
2310014F06Rik,0.005086137
Ptger4,0.0050861365
Fbxw21,0.0050861365
Tmem158,0.0050861365
Hoxc10,0.0050861365
Gm26760,0.0050861365
Prdm9,0.0050861365
Ank1,0.0050861365
Gimap6,0.0050861365
A230065N10Rik,0.0050861365
Smagp,0.0050861365
Rab19,0.0050861365
Nxf3,0.005086136
Kif24,0.005086136
H2-Q4,0.005086136
Slc16a9,0.005086136
Mcub,0.005086136
Slc38a4,0.005086136
Gm28729,0.005086136
Slc25a43,0.005086136
Inpp4b,0.005086136
P2rx6,0.005086136
Lrriq3,0.005086136
Cntnap5b,0.005086136
Pgap6,0.005086136
Gm42986,0.005086136
Qpct,0.005086136
Fam183b,0.005086136
Asic2,0.005086136
Gm38043,0.005086136
Rnf157,0.005086136
Tmem86b,0.005086136
Fbxw18,0.005086136
Csf1,0.005086136
Crybg3,0.005086136
Dmrta1,0.005086136
Dhrs13,0.005086136
Tmem25,0.005086136
Npr3,0.005086136
Spp1,0.005086136
Nup210,0.005086136
Nxt2,0.005086136
Bbs1,0.005086136
Gm45223,0.005086136
Fancg,0.005086136
Tmem120b,0.005086136
Hspe1-rs1,0.005086136
BC024063,0.005086136
Mok,0.005086136
Gm48293,0.005086136
Tmem79,0.005086136
Cmtm2b,0.005086136
Foxo6,0.005086136
Aplnr,0.005086136
Catsper2,0.005086136
Gm20559,0.005086136
Hopx,0.005086136
Plin1,0.0050861356
6720489N17Rik,0.0050861356
Gm16565,0.0049220677
Cebpd,0.0049220677
Gm36201,0.0049220677
Gm31645,0.0049220677
Tonsl,0.0049220677
Fat3,0.0049220677
Acap3,0.0049220677
Gm14410,0.0049220677
Serac1,0.0049220677
Dscam,0.0049220677
D330041H03Rik,0.0049220677
Rec8,0.0049220677
Galnt4,0.0049220677
Ankrd9,0.0049220677
Nme3,0.0049220673
3110045C21Rik,0.0049220673
Gm17529,0.0049220673
Mustn1,0.0049220673
Trim21,0.0049220673
Gm17249,0.0049220673
Gm49936,0.0049220673
Gm13610,0.0049220673
Zfp850,0.0049220673
Rpusd3,0.0049220673
Ptprc,0.0049220673
Ehf,0.0049220673
Afap1l1,0.0049220673
Ccdc120,0.0049220673
Tmem108,0.0049220673
5031434O11Rik,0.0049220673
Kif5a,0.0049220673
Gm16835,0.0049220673
Inca1,0.0049220673
Wnk2,0.0049220673
Obox5,0.0049220673
Dnm1,0.0049220673
Doc2g,0.0049220673
Cacnb1,0.0049220673
Trpt1,0.0049220673
Rdh5,0.0049220673
5930420M18Rik,0.0049220673
3010003L21Rik,0.0049220673
C3,0.0049220673
Tceal6,0.0049220673
Aox4,0.0049220673
Gm44686,0.0049220673
Dscc1,0.0049220673
Rsl1,0.0049220673
4930414N06Rik,0.0049220673
Gm35021,0.0049220673
Cmya5,0.0049220673
Fbln5,0.0049220673
Il13ra1,0.0049220673
Gm43445,0.0049220673
Prkcq,0.0049220673
Gm10125,0.0049220673
Ercc6l,0.0049220673
A230103J11Rik,0.0049220673
1700096K18Rik,0.0049220673
Gm48882,0.0049220673
Kctd16,0.0049220673
Pkia,0.0049220673
Rasip1,0.0049220673
Ric3,0.0049220673
Smim5,0.0049220673
Cap2,0.0049220673
Acot11,0.004922067
Cacna2d3,0.004922067
Epb41l3,0.0047579994
Pcdhgc3,0.004757999
Acvrl1,0.004757999
0610040B10Rik,0.004757999
N4bp2os,0.004757999
Gm37204,0.004757999
Akna,0.004757999
Nrg1,0.004757999
Nkain1,0.004757999
4933405D12Rik,0.004757999
Rab32,0.004757999
Zfp764,0.004757999
Zmynd12,0.004757999
Zfp963,0.004757999
Sema5b,0.004757999
Hoxb7,0.0047579985
Zfand4,0.0047579985
Gm14634,0.0047579985
Cpne2,0.0047579985
Gm38071,0.0047579985
4921531C22Rik,0.0047579985
Prkcb,0.0047579985
Gm45194,0.0047579985
Lonrf3,0.0047579985
Lipt1,0.0047579985
4930527F14Rik,0.0047579985
Scml2,0.0047579985
Ssh3,0.0047579985
Plcb2,0.0047579985
Gm37899,0.0047579985
Gm9774,0.0047579985
Fam180a,0.0047579985
Pin4,0.0047579985
Cyth4,0.0047579985
Mtcp1,0.0047579985
Mmp15,0.0047579985
Gm47904,0.0047579985
Chadl,0.0047579985
Fam78b,0.0047579985
Rab39,0.0047579985
Gm48444,0.0047579985
Cptp,0.0047579985
Arap3,0.0047579985
Gm10964,0.0047579985
Fat4,0.0047579985
Ttc7,0.0047579985
Gm19710,0.0047579985
Gm42715,0.0047579985
Gm47484,0.0047579985
3110001I22Rik,0.0047579985
Pars2,0.0047579985
Tspan13,0.0047579985
Gm45501,0.0047579985
Ptrh1,0.0047579985
Mars2,0.0047579985
Cdiptos,0.0047579985
Cldn34c1,0.0047579985
Gm10501,0.0047579985
Trem2,0.0047579985
Insl6,0.0047579985
Gm28403,0.0047579985
Plppr2,0.0047579985
Rem1,0.0047579985
Tie1,0.0047579985
Klhl29,0.0047579985
AA386476,0.0047579985
Depdc1a,0.004757998
Pth1r,0.004757998
Dnd1,0.004757998
AV039307,0.004757998
Samd5,0.0045939307
Gm10069,0.00459393
Gm47962,0.00459393
B3gnt9,0.00459393
Slc7a11,0.00459393
Chst15,0.00459393
Ang,0.00459393
Lat2,0.00459393
Nrg3,0.00459393
Hdhd3,0.00459393
Myo1a,0.00459393
Mylpf,0.00459393
Gm53065,0.00459393
Dusp26,0.00459393
9430081H08Rik,0.0045939297
Lrfn3,0.0045939297
Mkrn3,0.0045939297
Cfap61,0.0045939297
Dnhd1,0.0045939297
Zfp456,0.0045939297
Slc25a18,0.0045939297
Fermt3,0.0045939297
Gm35339,0.0045939297
Gm10602,0.0045939297
Sema3d,0.0045939297
Zkscan4,0.0045939297
1110025M09Rik,0.0045939297
Gm9801,0.0045939297
Pappa,0.0045939297
Cldn5,0.0045939297
Vwa5b1,0.0045939297
Tmem147os,0.0045939297
Arhgef19,0.0045939297
Rmi2,0.0045939297
Saxo2,0.0045939297
Fads3,0.0045939297
Col19a1,0.0045939297
Gm26660,0.0045939297
Zfp119b,0.0045939297
Ptpn6,0.0045939297
Insyn2a,0.0045939297
9330117O12Rik,0.0045939297
Dpt,0.0045939297
Nova1,0.0045939297
Tmem240,0.0045939297
Gm13778,0.0045939297
Slfn14,0.0045939297
6330418K02Rik,0.0045939297
Gm49413,0.0045939297
Nav3,0.0045939297
Gm49179,0.0045939297
Tmem151a,0.0045939297
3110080E11Rik,0.0045939297
Galnt16,0.0045939297
Klhdc9,0.0045939297
Lix1,0.0045939297
Peg13,0.0045939297
Gm34220,0.0045939297
H1f3,0.0045939297
Zfp934,0.0045939297
Nlrp4a,0.0045939297
Gm38250,0.0045939297
5330411J11Rik,0.0045939297
Gngt2,0.0045939297
Gm49380,0.0045939297
Ggt5,0.0045939297
Metrn,0.0045939297
Prag1,0.0045939297
Marveld2,0.0045939293
Ftdc1,0.0045939293
Zscan25,0.0045939293
Gpr39,0.0045939293
Lrp8,0.0045939293
Lhfpl3,0.0045939293
Epsti1,0.0045939293
Pde11a,0.0045939293
Krt79,0.0045939293
Plek,0.0045939293
Sp140,0.0045939293
Slc2a9,0.0044298614
Esrp2,0.0044298614
Mgl2,0.0044298614
Chrm3,0.0044298614
Skida1,0.0044298614
Rnft2,0.0044298614
Map6,0.0044298614
Slc1a3,0.0044298614
Slc24a4,0.0044298614
Gm50371,0.0044298614
H1f1,0.004429861
Gm26982,0.004429861
Cntn3,0.004429861
Cntn5,0.004429861
Fbxw28,0.004429861
Tlr4,0.004429861
Cth,0.004429861
Plcxd2,0.004429861
Kdm4d,0.004429861
Ocln,0.004429861
Tstd1,0.004429861
Tm7sf2,0.004429861
Gm3294,0.004429861
Pla2g7,0.004429861
E130114P18Rik,0.004429861
4930579K19Rik,0.004429861
Wwc1,0.004429861
Gm48146,0.004429861
Gm15832,0.004429861
Ms4a4d,0.004429861
Gm45844,0.004429861
Gm36933,0.004429861
Gm38381,0.004429861
Gm44220,0.004429861
Gpc5,0.004429861
Gm4221,0.004429861
Apbb1ip,0.004429861
Slc2a10,0.004429861
6820402A03Rik,0.004429861
Ybey,0.004429861
Gpr37,0.004429861
Zfp825,0.004429861
Sema6b,0.004429861
Gm37274,0.004429861
Particl,0.004429861
Sh2d3c,0.004429861
Vegfd,0.004429861
Gm43924,0.004429861
Cux2,0.004429861
Ly6a,0.004429861
Brd8dc,0.004429861
Grik2,0.004429861
Pheta2,0.004429861
Cox16,0.004429861
Gm17382,0.004429861
Gm26559,0.004429861
A830082N09Rik,0.004429861
Mfsd4a,0.004429861
Ppp4r4,0.004429861
Casc1,0.004429861
Dcdc2b,0.004429861
Rapgef3,0.004429861
Gm42595,0.004429861
Dazl,0.004429861
Nmrk1,0.004429861
Hspa1a,0.004429861
9030612E09Rik,0.0044298605
Gabra3,0.0044298605
Gm49768,0.0044298605
2410022M11Rik,0.0044298605
Nrk,0.0044298605
Efna2,0.0044298605
Scn7a,0.0044298605
Prkcz,0.0044298605
Xylb,0.0042657927
Hoga1,0.0042657927
Slitrk1,0.0042657927
Gldn,0.0042657927
A230072C01Rik,0.0042657927
Pik3c2g,0.0042657927
Gm47469,0.004265792
Rad9b,0.004265792
Pim2,0.004265792
Otud7a,0.004265792
Pfkfb1,0.004265792
Mos,0.004265792
Atp8b5,0.004265792
Sh2d4b,0.004265792
Wipf3,0.004265792
R74862,0.004265792
Gm31392,0.004265792
Acsf2,0.004265792
Acoxl,0.004265792
Gm49207,0.004265792
Elmo3,0.004265792
Fbxo44,0.004265792
Gm50462,0.004265792
B230377A18Rik,0.004265792
Gm11696,0.004265792
Gm44567,0.004265792
5430401H09Rik,0.004265792
Gprin2,0.004265792
Nphs2,0.004265792
4632418H02Rik,0.004265792
Zbtb16,0.004265792
Gm20033,0.004265792
Gm1965,0.004265792
Snhg10,0.004265792
Cfap161,0.004265792
Tmem81,0.004265792
Kctd21,0.004265792
Wnk4,0.004265792
Gm14326,0.004265792
Samd15,0.004265792
Eif5a2,0.004265792
Kcnb1,0.004265792
Pemt,0.004265792
Gm45890,0.004265792
Kcnu1,0.004265792
Kcnmb2,0.004265792
Gm10549,0.004265792
Xkr8,0.004265792
Ppfia2,0.004265792
Zfp551,0.004265792
Fam241a,0.004265792
H2-DMa,0.004265792
Kpna7,0.004265792
Rac3,0.004265792
Gm13270,0.004265792
Bbof1,0.004265792
Slc10a4-ps,0.004265792
Ecscr,0.004265792
9630014M24Rik,0.004265792
Mt3,0.004265792
Exoc3l4,0.004265792
1700008J07Rik,0.004265792
Gsta2,0.004265792
Elovl7,0.004265792
6430590A07Rik,0.004265792
2410018L13Rik,0.004265792
Wdr86,0.004265792
Rsad2,0.004265792
Scube3,0.004265792
Gm42890,0.004265792
Mterf1a,0.004265792
Gm36595,0.004265792
Zc3h11a,0.004265792
Slc16a6,0.004265792
Gm45717,0.004265792
Neurl1b,0.004265792
Efhc1,0.004265792
Sgcd,0.004265792
4930484I04Rik,0.004265792
Gm26935,0.004265792
C430014B12Rik,0.004265792
2900009J06Rik,0.004265792
2700069I18Rik,0.004265792
Lama3,0.004265792
Gm28529,0.004265792
Vash2,0.0042657917
Gm43439,0.0042657917
Ccne1,0.0042657917
Pole2,0.0042657917
Myo1f,0.0042657917
B3gnt2,0.0042657917
Gm43359,0.0042657917
Pla2g4c,0.0042657917
Gm50008,0.004101724
Nox1,0.004101724
Kcp,0.004101724
Gda,0.004101724
Sh3tc1,0.004101724
Ppil6,0.004101724
Rcor2,0.0041017234
Cdh13,0.0041017234
Kpna2,0.0041017234
Ttc30b,0.0041017234
Gm3854,0.0041017234
Ficd,0.0041017234
Serpinc1,0.0041017234
Gm28375,0.0041017234
Ccser1,0.0041017234
Gm14164,0.0041017234
Neil2,0.0041017234
Gm16863,0.0041017234
Nell1,0.0041017234
Astn2,0.0041017234
Trpc4,0.0041017234
Cfap77,0.0041017234
Gm4951,0.0041017234
Ly6g6e,0.0041017234
Tmem52,0.0041017234
Cybb,0.0041017234
Gm16253,0.0041017234
Car12,0.0041017234
Gm10544,0.0041017234
Map3k6,0.0041017234
Col13a1,0.0041017234
C530005A16Rik,0.0041017234
Cgref1,0.0041017234
Stap2,0.0041017234
Zfp458,0.0041017234
Nsun7,0.0041017234
Cntnap1,0.0041017234
Zfp658,0.0041017234
Ms4a6c,0.0041017234
Gm15738,0.0041017234
D130062J10Rik,0.0041017234
E430024P14Rik,0.0041017234
Fam43a,0.0041017234
Fez1,0.0041017234
Stc2,0.0041017234
Etv1,0.0041017234
Gm48287,0.0041017234
Gm17399,0.0041017234
Gm17494,0.0041017234
Nr0b2,0.0041017234
Tubd1,0.0041017234
Zfp953,0.0041017234
Icam1,0.0041017234
Abcb6,0.0041017234
Gm49165,0.0041017234
Wdr5b,0.0041017234
Gm45051,0.0041017234
Fcrls,0.0041017234
Zfp57,0.0041017234
Sh2b2,0.0041017234
Sh2d5,0.0041017234
Sh3gl2,0.0041017234
Gm17276,0.0041017234
Gm12153,0.0041017234
Wdr93,0.0041017234
Prkch,0.004101723
B830012L14Rik,0.004101723
E330013P04Rik,0.004101723
Gper1,0.004101723
Rtl5,0.004101723
Tmprss13,0.004101723
Gm49356,0.004101723
4833418N02Rik,0.004101723
D7Ertd443e,0.003937655
9530085L11Rik,0.0039376547
Thsd1,0.0039376547
Pdgfrl,0.0039376547
Sirt6,0.0039376547
Gm43023,0.0039376547
Pask,0.0039376547
Acp5,0.0039376547
Hoxb9,0.0039376547
Cacng7,0.0039376547
a,0.0039376547
Ccl21a,0.0039376547
Gm43011,0.0039376547
Arid3b,0.0039376547
4833422C13Rik,0.0039376547
Ybx2,0.0039376547
1190005I06Rik,0.0039376547
4932441J04Rik,0.0039376547
4930594M22Rik,0.0039376547
Gm50069,0.0039376547
E230029C05Rik,0.0039376547
Ltbp2,0.0039376547
Lurap1,0.0039376547
Commd5,0.0039376547
Zfp11,0.0039376547
4930563E22Rik,0.0039376547
Rapgefl1,0.0039376547
Ifit2,0.0039376547
Gm42783,0.0039376547
Palm3,0.0039376547
Arl4d,0.0039376547
Noxo1,0.0039376547
Oog3,0.0039376547
D030047H15Rik,0.0039376547
Cetn4,0.0039376547
Cfap300,0.0039376547
Cfap43,0.0039376547
Gm9958,0.0039376547
Gm50107,0.0039376547
1700088E04Rik,0.0039376547
H4c9,0.0039376547
Procr,0.0039376547
Opn3,0.0039376547
Slc25a34,0.0039376547
Irf5,0.0039376547
Nebl,0.0039376547
Tmod1,0.0039376547
Cabcoco1,0.0039376547
Nupr1l,0.0039376547
Tram1l1,0.0039376547
Ifi204,0.0039376547
Rbm4,0.0039376547
Arf4os,0.0039376547
Gm6712,0.0039376547
Tnnc1,0.0039376547
Dnajb3,0.0039376547
Cntd1,0.0039376547
Gprc5c,0.0039376547
Celsr2,0.0039376547
Jrk,0.0039376547
Cfd,0.0039376547
Lmo2,0.0039376547
Pcdh11x,0.0039376547
Trim30d,0.0039376547
Gm42648,0.0039376547
Pf4,0.0039376547
Dchs1,0.0039376547
Gm15246,0.0039376547
Hrob,0.0039376547
Ptprn2,0.003937654
Gm49266,0.003937654
Adam2,0.003937654
Gm37470,0.003937654
Kif9,0.003937654
Ntn1,0.003937654
Gm9929,0.003937654
Gm42979,0.003937654
Grid1,0.003937654
Tmem116,0.0037735861
Palmd,0.0037735861
Gm20707,0.0037735861
Gm42611,0.003773586
Gm14798,0.003773586
Igkc,0.003773586
Tac1,0.003773586
Mir6240,0.003773586
Zc2hc1c,0.003773586
Dbndd1,0.003773586
Hoxb3,0.003773586
Arhgap25,0.003773586
Gm45457,0.003773586
Ninj2,0.003773586
Eya4,0.003773586
Gpld1,0.003773586
Vegfc,0.003773586
Gm46519,0.003773586
Gm20671,0.003773586
Wdr38,0.003773586
Gm6598,0.003773586
Map4k1,0.003773586
Drd4,0.003773586
Map7d2,0.003773586
Spn,0.003773586
Rhpn1,0.003773586
Cfap70,0.003773586
Gm43984,0.003773586
Mapk4,0.003773586
Gm28051,0.003773586
Fam151b,0.003773586
Dolpp1,0.003773586
Gm50139,0.003773586
Fyb2,0.003773586
Socs1,0.003773586
Xrcc3,0.003773586
Gm27029,0.003773586
Kdm8,0.003773586
Zik1,0.003773586
Apln,0.003773586
Rhoh,0.003773586
Pacrg,0.003773586
Ttc41,0.003773586
Nhlrc1,0.003773586
Nr1h3,0.003773586
Scarf2,0.003773586
4921504E06Rik,0.003773586
Cracr2b,0.003773586
Ppfia3,0.003773586
C1qtnf1,0.003773586
Prr5,0.003773586
4930538E20Rik,0.003773586
Gm12454,0.003773586
Lysmd1,0.003773586
Gm37407,0.003773586
Chst5,0.003773586
Tmem69,0.003773586
Slco2b1,0.003773586
Gm42547,0.003773586
Pxylp1,0.003773586
Plcg2,0.0037735857
Filip1,0.0037735857
Itpka,0.0037735857
H2bc6,0.0037735857
Trpc5,0.0037735857
Gm5165,0.0037735857
Tafa2,0.0037735857
Epb41l4a,0.0037735857
Mutyh,0.0037735857
Pcdh10,0.0037735857
Zcwpw2,0.0037735857
Zfp947,0.0037735857
Cdh12,0.0037735857
Gm40841,0.0037735857
1500004A13Rik,0.0037735857
Gm7298,0.0037735857
Gm12264,0.0037735857
9330162G02Rik,0.0037735857
Mia,0.0037735857
Jakmip3,0.0037735857
Prr5l,0.0037735857
C030015A19Rik,0.0037735857
Mocos,0.0037735857
Otud1,0.0037735857
Fam83g,0.0037735857
Stpg1,0.0037735857
Jag2,0.0037735857
Clmn,0.0037735857
Gm43681,0.0037735857
Gm13684,0.0037735857
Slfn5,0.0037735857
Spred3,0.0037735857
Galnt12,0.0037735857
Scml4,0.0037735857
Fancb,0.0037735857
Poln,0.0037735857
Mrap2,0.0037735857
4931428L18Rik,0.0037735857
Akr1c13,0.0037735857
Gm36975,0.0037735854
Notch4,0.0037735854
Zfp493,0.0037735854
Gm37206,0.0037735854
Gm43006,0.0037735854
Gm13830,0.0037735854
8030456M14Rik,0.0037735852
D430018E03Rik,0.0037735852
Il7,0.0036095171
AA986860,0.003609517
Gale,0.003609517
Phf19,0.003609517
Gm43300,0.003609517
Fbp1,0.003609517
Appbp2os,0.003609517
Gm45822,0.003609517
Cdkl1,0.003609517
Ccdc159,0.003609517
Plp2,0.003609517
Ush2a,0.003609517
Dio2,0.003609517
Katnal2,0.003609517
4930589O11Rik,0.003609517
Gm47817,0.003609517
Ube2u,0.003609517
Cd59b,0.003609517
D430013B06Rik,0.003609517
Gm20274,0.003609517
Mtfr2,0.003609517
Mterf1b,0.003609517
Rgs17,0.003609517
Gm15706,0.003609517
Gm28039,0.003609517
Caps2,0.003609517
Flnc,0.003609517
Foxred2,0.003609517
Gm15787,0.003609517
2810408I11Rik,0.003609517
Gm42559,0.003609517
Ggt7,0.003609517
Tlcd3b,0.003609517
Itga2b,0.003609517
Zfp689,0.003609517
Gm50252,0.003609517
Snapc1l,0.003609517
Carns1,0.003609517
Peli3,0.003609517
4930405A21Rik,0.003609517
Dusp1,0.003609517
Slc46a3,0.003609517
6430550D23Rik,0.003609517
A930029G22Rik,0.003609517
2610316D01Rik,0.003609517
Spink10,0.003609517
Shank2,0.003609517
Nipal2,0.003609517
Gm26811,0.003609517
L3mbtl4,0.003609517
Gm10701,0.003609517
Hoxb6,0.003609517
Arhgap27os2,0.003609517
Bpifb5,0.003609517
Faah,0.003609517
Gm15952,0.003609517
Mybl2,0.003609517
Fbxw14,0.003609517
Gm38387,0.0036095167
Rapsn,0.0036095167
Gm36266,0.0036095167
Igfbp3,0.0036095167
Arfgef3,0.0036095167
Acss3,0.0036095167
Usp18,0.0036095167
Elovl4,0.0036095167
Gm20275,0.0036095167
Med18,0.0036095167
Slc17a9,0.0036095167
Gm48870,0.0036095167
Gm42576,0.0036095167
Gm43484,0.0036095167
Gm11837,0.0036095167
Hpse2,0.0036095167
Gm37060,0.0036095167
B930086L07Rik,0.0036095167
9330179D12Rik,0.0036095167
Abi3,0.0036095167
Sox13,0.0036095167
Gm2350,0.0036095167
Gm17354,0.0036095167
Pygm,0.0036095167
Gm49984,0.0036095167
Gm42549,0.0036095167
Cd72,0.0036095167
Sox6,0.0036095167
Gm45407,0.0036095167
Exoc3l2,0.0036095167
Omt2a,0.0036095167
Luzp2,0.0036095167
Sybu,0.0036095167
E330034L11Rik,0.0036095167
Lhx9,0.0036095164
Rab40b,0.0036095164
Otulinl,0.0036095164
4933415A04Rik,0.0036095164
Gm17435,0.0036095162
Aoc2,0.0034454481
Styxl1,0.0034454481
Dnah12,0.003445448
Uckl1os,0.003445448
Ccn4,0.003445448
Slc41a3,0.003445448
Spag16,0.003445448
Dnaaf2,0.003445448
Wfdc17,0.003445448
Gm44044,0.003445448
Sapcd2,0.003445448
Robo4,0.003445448
Cacna1e,0.003445448
Gm17106,0.003445448
9330154J02Rik,0.003445448
Gm10644,0.003445448
Gm27042,0.003445448
D130019J16Rik,0.003445448
Ms4a7,0.003445448
Hvcn1,0.003445448
Tpm3-rs7,0.003445448
Svep1,0.003445448
Gm28198,0.003445448
Cd14,0.003445448
Skap1,0.003445448
Ccdc166,0.003445448
Gm45222,0.003445448
Gm5535,0.003445448
Cgas,0.003445448
Zfp526,0.003445448
Tmem88,0.003445448
Gcat,0.003445448
Orc1,0.003445448
Tspan33,0.003445448
Tmem268,0.003445448
Pcgf1,0.003445448
1700126G02Rik,0.003445448
Bves,0.003445448
Frs3,0.003445448
Cntnap5a,0.003445448
Chtf8,0.003445448
Engase,0.003445448
Barx2,0.003445448
Slc41a2,0.003445448
2810030D12Rik,0.003445448
Srp54a,0.003445448
Rap1gap,0.003445448
Klhl32,0.003445448
2510046G10Rik,0.003445448
Zfp273,0.003445448
Ampd3,0.003445448
A530041M06Rik,0.003445448
Dnah9,0.003445448
Rbfox3,0.003445448
Stamos,0.003445448
Slc26a6,0.003445448
Gm5103,0.003445448
Cda,0.003445448
Slc25a29,0.003445448
Sox5os4,0.003445448
Tmsb15b1,0.003445448
Ankrd37,0.003445448
Gm50128,0.003445448
Ppargc1b,0.003445448
Ppnr,0.003445448
Mmrn2,0.003445448
Gm49125,0.003445448
Cmtm2a,0.003445448
Med12l,0.003445448
Dgat2,0.003445448
Scly,0.003445448
Dnase1l2,0.003445448
Paqr6,0.003445448
Dach2,0.003445448
Tnfsf10,0.003445448
Cela3b,0.003445448
Gm15581,0.003445448
A430027C01Rik,0.003445448
Ngef,0.003445448
Adora1,0.0034454477
Khdc3,0.0034454477
Traf1,0.0034454477
H2-Q10,0.0034454477
Gm9833,0.0034454477
Fgf2,0.0034454477
Dna2,0.0034454477
Gm49692,0.0034454477
Dipk1b,0.0034454477
Tmem72,0.0034454477
Depdc1b,0.0034454477
Gbp8,0.0034454477
Kcnip2,0.0034454477
Tuba8,0.0034454477
5730507A11Rik,0.0034454477
Gm45411,0.0034454477
Galnt18,0.0034454477
Bmp7,0.0034454477
Mrps36,0.0034454477
C030034L19Rik,0.0034454477
Slc15a3,0.0034454477
Gm10134,0.0034454477
Omt2b,0.0034454477
Syngap1,0.0034454477
Nalcn,0.0034454477
Syne3,0.0034454477
Gm7160,0.0034454474
Zfp300,0.0034454474
Lrguk,0.0034454474
Eif4e1b,0.0034454474
Gm20503,0.0034454474
Itpripl1,0.0034454474
Tmem144,0.0034454474
Colca2,0.0032813791
Gm13205,0.0032813791
2600014E21Rik,0.0032813791
Ccdc162,0.0032813791
Syn2,0.0032813791
Fhl3,0.003281379
Kif21b,0.003281379
1700066B17Rik,0.003281379
Zfp991,0.003281379
Glb1l2,0.003281379
Myocos,0.003281379
Negr1,0.003281379
Tlr3,0.003281379
Lzts3,0.003281379
Mir351,0.003281379
Odad4,0.003281379
9830144P21Rik,0.003281379
Gm44777,0.003281379
Ptch2,0.003281379
1700108F19Rik,0.003281379
Pde6a,0.003281379
Erc2,0.003281379
Gm49747,0.003281379
Ddo,0.003281379
Gm45847,0.003281379
Efs,0.003281379
Ccdc187,0.003281379
Gm42600,0.003281379
9330159M07Rik,0.003281379
Wfikkn2,0.003281379
Gm7030,0.003281379
Csgalnact1,0.003281379
Accsl,0.003281379
Zfp971,0.003281379
Gm48887,0.003281379
Gm11491,0.003281379
6330562C20Rik,0.003281379
Gm14486,0.003281379
Gbp9,0.003281379
Arl5c,0.003281379
Tnxb,0.003281379
Mylk3,0.003281379
Gm15510,0.003281379
Gm47719,0.003281379
Pate2,0.003281379
Pbld2,0.003281379
A930024E05Rik,0.003281379
Igha,0.003281379
Arhgap4,0.003281379
Gm44152,0.003281379
A730017L22Rik,0.003281379
Gm19466,0.003281379
Ankrd13d,0.003281379
Gm48086,0.003281379
Celf4,0.003281379
Satb2,0.003281379
Stxbp5l,0.003281379
Fam83h,0.003281379
Tmem130,0.003281379
Gm44748,0.003281379
1700086P04Rik,0.003281379
Gm42109,0.003281379
4930483O08Rik,0.003281379
Gm10563,0.003281379
Gm44432,0.003281379
Kif1a,0.003281379
Gnrh1,0.003281379
8430422H06Rik,0.003281379
Gm42971,0.003281379
Gm48768,0.003281379
Nat8f4,0.003281379
Pramel32,0.003281379
Gm43490,0.003281379
Gm30400,0.003281379
Sh3bgrl2,0.003281379
Gm37311,0.003281379
C1qtnf4,0.0032813787
Oosp2,0.0032813787
Unc45b,0.0032813787
Dok2,0.0032813787
Enpp2,0.0032813787
Crispld1,0.0032813787
Gm43597,0.0032813787
C030037D09Rik,0.0032813787
Lgr5,0.0032813787
Dner,0.0032813787
1700093J21Rik,0.0032813787
Gm49041,0.0032813787
Ackr4,0.0032813787
Gja4,0.0032813787
Dcx,0.0032813787
Impg2,0.0032813787
Iqcg,0.0032813787
Snca,0.0032813787
3110083C13Rik,0.0032813787
Etv5,0.0032813787
Arhgap20os,0.0032813787
Adgre1,0.0032813787
Drc3,0.0032813787
Nkapl,0.0032813787
Icam2,0.0032813787
Gm19569,0.0032813787
Gm43379,0.0032813787
Ano2,0.0032813787
Tmem221,0.0032813784
Car11,0.0032813784
Tekt1,0.0032813784
Gm19299,0.0032813784
Scn8a,0.00311731
Gm43857,0.0031173099
Phf2os1,0.0031173099
Ifnlr1,0.0031173099
Cfap20dc,0.0031173099
Pcdh8,0.0031173099
Gm38380,0.0031173099
Tubg2,0.0031173099
Ahnak2,0.0031173099
Vsir,0.0031173099
Slc11a1,0.0031173099
Unc5c,0.0031173099
Gm43336,0.0031173099
Myrip,0.0031173099
Rfx2,0.0031173099
Adgrl4,0.0031173099
Lcp2,0.0031173099
Gm12185,0.0031173099
Slc30a2,0.0031173099
Grhl1,0.0031173099
Arhgdib,0.0031173099
Nbeal2,0.0031173099
Ctf1,0.0031173099
Klhl4,0.0031173099
Des,0.0031173099
Nkain4,0.0031173099
Gm42993,0.0031173099
Gm17530,0.0031173099
9230112E08Rik,0.0031173099
Gm19583,0.0031173099
Fbxw16,0.0031173099
Shisa3,0.0031173099
Ribc1,0.0031173099
Gm15491,0.0031173099
Hsd17b3,0.0031173099
Dzank1,0.0031173099
Sap18b,0.0031173099
A830082K12Rik,0.0031173099
Gm44037,0.0031173099
Gm17606,0.0031173099
Thbs2,0.0031173099
Gm48420,0.0031173099
Gm47258,0.0031173099
Gpr137b,0.0031173099
Slc35e3,0.0031173099
4930557K07Rik,0.0031173099
E330037G11Rik,0.0031173099
Cyp4b1,0.0031173099
Gm15834,0.0031173099
Mzf1,0.0031173099
Trim9,0.0031173099
Ada,0.0031173099
Egfl8,0.0031173099
E030044B06Rik,0.0031173099
Gm6213,0.0031173099
Phtf1os,0.0031173099
Scarna2,0.0031173099
Hspb6,0.0031173099
Ccrl2,0.0031173099
Adssl1,0.0031173099
Ndrg4,0.0031173099
Fbxl8,0.0031173099
Gm2237,0.0031173099
Hbb-bt,0.0031173099
B4galt6,0.0031173099
Sgcz,0.0031173099
Apba1,0.0031173099
Gm35867,0.0031173099
Fam228b,0.0031173099
Chst3,0.0031173099
Rspo2,0.0031173099
Gm10680,0.0031173099
Gm49526,0.0031173099
Cmtm8,0.0031173099
Fbxl12os,0.0031173099
Gm45292,0.0031173099
Pcdhb17,0.0031173099
Gria4,0.0031173099
Npas2,0.0031173099
B3galt4,0.0031173099
Gm19426,0.0031173099
Rundc3b,0.0031173099
Prob1,0.0031173099
Gm47693,0.0031173099
Il20rb,0.0031173099
Matk,0.0031173099
Nme5,0.0031173099
4933404O12Rik,0.0031173099
Plag1,0.0031173099
Col23a1,0.0031173099
Gm19265,0.0031173099
Ggta1,0.0031173099
Tmem119,0.0031173099
Gm9993,0.0031173097
Kl,0.0031173097
Fam167b,0.0031173097
Myct1,0.0031173097
Zfp811,0.0031173097
Msh5,0.0031173097
Gm37663,0.0031173097
Gm42843,0.0031173097
Chrnb1,0.0031173097
Shpk,0.0031173097
Gm43071,0.0031173097
Gm43088,0.0031173097
Zfp712,0.0031173097
Gm34552,0.0031173097
Rgs16,0.0031173097
Lrrc4b,0.0031173097
Gm31718,0.0031173097
Eln,0.0031173097
Ccdc24,0.0031173097
Slc2a5,0.0031173097
P2ry1,0.0031173097
A330015K06Rik,0.0031173097
Gm45650,0.0031173097
Mcmdc2,0.0031173094
Gm6225,0.002953241
Fes,0.002953241
Calml4,0.002953241
Itga10,0.002953241
Nrcam,0.0029532409
C230085N15Rik,0.0029532409
Dnajc6,0.0029532409
Zfp982,0.0029532409
F420014N23Rik,0.0029532409
Clec12a,0.0029532409
Gm9776,0.0029532409
Gm42515,0.0029532409
Phf21b,0.0029532409
Gm9961,0.0029532409
Gm26881,0.0029532409
2810414N06Rik,0.0029532409
Pex5l,0.0029532409
Prelp,0.0029532409
B230208H11Rik,0.0029532409
C130046K22Rik,0.0029532409
9630028I04Rik,0.0029532409
9630002D21Rik,0.0029532409
Rsph10b,0.0029532409
Fbxl13,0.0029532409
Dmc1,0.0029532409
Pde9a,0.0029532409
Recql4,0.0029532409
Mrln,0.0029532409
Gm14305,0.0029532409
Mgat4a,0.0029532409
Gm45110,0.0029532409
Gm43668,0.0029532409
E130317F20Rik,0.0029532409
Ksr2,0.0029532409
2810428J06Rik,0.0029532409
Smc1b,0.0029532409
Pde4a,0.0029532409
Mettl5os,0.0029532409
Gm16845,0.0029532409
Gm5592,0.0029532409
Atad3aos,0.0029532409
Slc9a3,0.0029532409
St18,0.0029532409
Gm47234,0.0029532409
Gm7324,0.0029532409
Ccdc170,0.0029532409
Adam5,0.0029532409
Gm38190,0.0029532409
Tube1,0.0029532409
Gm21814,0.0029532409
St6galnac2,0.0029532409
Gm49450,0.0029532409
5830454E08Rik,0.0029532409
A930006K02Rik,0.0029532409
Spata48,0.0029532409
Gm48562,0.0029532409
Gm16279,0.0029532409
Ehhadh,0.0029532409
Galntl6,0.0029532409
Il10,0.0029532409
Gm26542,0.0029532409
Umodl1,0.0029532409
Erich5,0.0029532409
Gm48889,0.0029532409
Pnck,0.0029532409
Sdk2,0.0029532409
9930012K11Rik,0.0029532409
Serinc2,0.0029532409
Gm45669,0.0029532409
1700007L15Rik,0.0029532409
Gm960,0.0029532409
Zfp69,0.0029532409
Bin2,0.0029532409
Zfp759,0.0029532409
Gm45495,0.0029532409
Scpep1os,0.0029532409
Aicda,0.0029532409
Tceal5,0.0029532409
Slc39a8,0.0029532409
BC106179,0.0029532409
Lrrc27,0.0029532409
Crip3,0.0029532409
Pdlim3,0.0029532409
4930513N10Rik,0.0029532406
C230013L11Rik,0.0029532406
Thsd7b,0.0029532406
A130050O07Rik,0.0029532406
A130012E19Rik,0.0029532406
Ifi207,0.0029532406
Pcdhb16,0.0029532406
Dennd2d,0.0029532406
Notch3,0.0029532406
Rgs7,0.0029532406
4933440N22Rik,0.0029532406
Lrriq1,0.0029532406
Dact3,0.0029532406
Unc79,0.0029532406
Gm43713,0.0029532406
Gm26787,0.0029532406
Gm12655,0.0029532406
Ncf1,0.0029532406
Gm29170,0.0029532406
Prr18,0.0029532406
Gm20492,0.0029532406
Zp1,0.0029532406
Art3,0.0029532406
Tmc1,0.0029532406
Ncf2,0.0029532406
Anks6,0.0029532406
Gm10817,0.0029532406
Gm38200,0.0029532404
Grap,0.002789172
Pcdhb20,0.0027891719
Slc9b1,0.0027891719
Apobr,0.0027891719
Nmnat2,0.0027891719
Gm49785,0.0027891719
Gm43254,0.0027891719
Zfp455,0.0027891719
Kbtbd8,0.0027891719
Shbg,0.0027891719
Gm19585,0.0027891719
Lrrc56,0.0027891719
Batf,0.0027891719
Far2,0.0027891719
Jak3,0.0027891719
Ppp2r2b,0.0027891719
Cplane2,0.0027891719
Gm15938,0.0027891719
Gm5532,0.0027891719
Nckap1l,0.0027891719
2210406O10Rik,0.0027891719
Arhgef26,0.0027891719
C3ar1,0.0027891719
Gm42748,0.0027891719
Gm38304,0.0027891719
5830444B04Rik,0.0027891719
Gm42869,0.0027891719
Gm28578,0.0027891719
Tnfaip3,0.0027891719
Ak8,0.0027891719
C230037L18Rik,0.0027891719
1700112D23Rik,0.0027891719
Sulf1,0.0027891719
Tincr,0.0027891719
Gm32647,0.0027891719
Gtsf1,0.0027891719
D230022J07Rik,0.0027891719
Tcf23,0.0027891719
Gm3604,0.0027891719
Gm36445,0.0027891719
Sorbs2os,0.0027891719
Gstm6,0.0027891719
Gm50410,0.0027891719
Slc5a4a,0.0027891719
Larp6,0.0027891719
5730471H19Rik,0.0027891719
Tfeb,0.0027891719
Dcdc5,0.0027891719
Lck,0.0027891719
Gm37305,0.0027891719
Spata6l,0.0027891719
Snph,0.0027891719
Scarf1,0.0027891719
Gm37733,0.0027891719
Gm48551,0.0027891719
Gm38377,0.0027891719
Gm15201,0.0027891719
Gm16023,0.0027891719
Galnt13,0.0027891719
1700120C14Rik,0.0027891719
9530036O11Rik,0.0027891719
Xlr5a,0.0027891719
A230108P19Rik,0.0027891719
Fjx1,0.0027891719
Zmynd15,0.0027891719
Med9os,0.0027891719
Klf5,0.0027891719
Gm4673,0.0027891719
Oosp3,0.0027891719
Itgbl1,0.0027891719
Pdzd7,0.0027891719
Mgat3,0.0027891719
Dram1,0.0027891719
Prtn3,0.0027891719
Gm11457,0.0027891719
Gm26590,0.0027891719
Il18bp,0.0027891719
Slit1,0.0027891719
Gm47270,0.0027891719
4932422M17Rik,0.0027891719
Dbndd2,0.0027891719
Amh,0.0027891719
Tdrd12,0.0027891719
Gm38115,0.0027891719
Gm37303,0.0027891719
Nyx,0.0027891719
Sez6,0.0027891719
Gm50340,0.0027891719
Pcdhb9,0.0027891719
Pcsk2,0.0027891719
Cfap65,0.0027891719
Gm43848,0.0027891719
Gm43936,0.0027891719
Tmem212,0.0027891719
Gm14636,0.0027891719
Gm44790,0.0027891719
Castor1,0.0027891719
A430027H14Rik,0.0027891719
Bmp4,0.0027891716
Spi1,0.0027891716
Igf1os,0.0027891716
Rwdd2a,0.0027891716
Aoah,0.0027891716
Eva1a,0.0027891716
Mtus2,0.0027891716
Fam161b,0.0027891716
Ace2,0.0027891716
Homer2,0.0027891716
Gm49968,0.0027891716
Gm12536,0.0027891716
Gm43552,0.0027891716
Egr3,0.0027891716
Gm49539,0.0027891716
Adam33,0.0027891716
Dnah8,0.0027891716
Gm47271,0.0027891716
Iqcm,0.0027891716
Dlgap2,0.0027891716
Snhg9,0.0027891716
Tarbp2,0.0027891716
Gm38021,0.0027891716
AI429214,0.0027891716
Gm49987,0.0027891716
Hhex,0.0027891716
Ccno,0.0027891716
Brinp2,0.0027891716
Gm26740,0.0027891714
Fbxw22,0.0027891714
Oca2,0.002625103
Defb1,0.0026251029
Fstl3,0.0026251029
4930544I03Rik,0.0026251029
Wdr72,0.0026251029
Gm49870,0.0026251029
Sla,0.0026251029
Unc5d,0.0026251029
Nkd2,0.0026251029
Gm43609,0.0026251029
Gm43646,0.0026251029
Gm43628,0.0026251029
Cpm,0.0026251029
Gm10417,0.0026251029
Gm4013,0.0026251029
Gm42991,0.0026251029
Gm37390,0.0026251029
Rab6b,0.0026251029
Ankrd6,0.0026251029
Spic,0.0026251029
Pglyrp3,0.0026251029
Zfp85os,0.0026251029
Il10ra,0.0026251029
Lpar2,0.0026251029
Tub,0.0026251029
Gm17641,0.0026251029
Ttc29,0.0026251029
Sox8,0.0026251029
Piwil2,0.0026251029
Sec31b,0.0026251029
Klc3,0.0026251029
Gm46367,0.0026251029
Pm20d2,0.0026251029
Teddm2,0.0026251029
Gng3,0.0026251029
Cdh3,0.0026251029
Phyhipl,0.0026251029
Phxr4,0.0026251029
Mir670hg,0.0026251029
Adamts3,0.0026251029
Trim60,0.0026251029
Pou2f2,0.0026251029
Gm38257,0.0026251029
Pnmal1,0.0026251029
Dab1,0.0026251029
Gm10658,0.0026251029
Bcl2a1b,0.0026251029
Flt3l,0.0026251029
Ly75,0.0026251029
Spns2,0.0026251029
Ano3,0.0026251029
Timm8a1,0.0026251029
Irf6,0.0026251029
Gm12068,0.0026251029
Mypopos,0.0026251029
Gm16066,0.0026251029
Slc12a8,0.0026251029
9030407P20Rik,0.0026251029
Lrrc38,0.0026251029
Ptgs1,0.0026251029
A430110L20Rik,0.0026251029
A330094K24Rik,0.0026251029
Rnf152,0.0026251029
Crtac1,0.0026251029
Met,0.0026251029
Gm14066,0.0026251029
Gm14399,0.0026251029
Gm19522,0.0026251029
Shank3,0.0026251029
1810021B22Rik,0.0026251029
Ccdc38,0.0026251029
Ccdc150,0.0026251029
Cldn1,0.0026251029
Zar1l,0.0026251029
Dnaaf4,0.0026251029
Gm48880,0.0026251029
Gm8098,0.0026251029
Gm40645,0.0026251029
Gm40617,0.0026251029
Gm7361,0.0026251029
A230072E10Rik,0.0026251029
Ighm,0.0026251029
Fkbp6,0.0026251029
Bmp5,0.0026251029
Alk,0.0026251029
4633401B06Rik,0.0026251029
9330160F10Rik,0.0026251029
Gm44321,0.0026251029
Dock2,0.0026251029
A430103D13Rik,0.0026251029
Nxpe3,0.0026251029
Gm50321,0.0026251029
Fgf20,0.0026251029
Dnaaf3,0.0026251029
Gm32699,0.0026251029
Paqr9,0.0026251029
Gm11084,0.0026251029
Gm36608,0.0026251029
Nrros,0.0026251029
Patl2,0.0026251029
Lrrc32,0.0026251029
Mctp2,0.0026251029
Hcn3,0.0026251029
Gm20186,0.0026251029
Reep6,0.0026251029
Cdh20,0.0026251029
Sema3a,0.0026251029
Hs6st3,0.0026251029
Gm42906,0.0026251029
Ndst4,0.0026251029
5330439K02Rik,0.0026251029
Tex16,0.0026251029
Gm45828,0.0026251029
Pomc,0.0026251029
Pcdhgc4,0.0026251029
Lrrc7,0.0026251029
Cfap74,0.0026251026
Gm47572,0.0026251026
Slc19a3,0.0026251026
Myo15,0.0026251026
Gm17655,0.0026251026
Prox1,0.0026251026
Gm10814,0.0026251026
Gm10461,0.0026251026
5033406O09Rik,0.0026251026
Epha3,0.0026251026
Zdbf2,0.0026251026
Gm41077,0.0026251026
Spin4,0.0026251026
2610027K06Rik,0.0026251026
BC060293,0.0026251026
Tnni1,0.0026251026
Slc25a48,0.0026251026
Dynlt1c,0.0026251026
Akr1c18,0.0026251026
Ccr2,0.0026251026
Shc2,0.0026251026
Arsj,0.0026251026
P2ry14,0.0026251026
Gm20539,0.0026251026
Tbxas1,0.0026251026
Atp2b3,0.0026251026
Klhl33,0.0026251026
Pld4,0.0026251026
Alpl,0.0026251026
B230369F24Rik,0.0026251024
Btc,0.0024610339
Gm20667,0.0024610339
Tlr12,0.0024610339
Emid1,0.0024610339
Lrrc69,0.0024610339
Tnfaip2,0.0024610339
Gm45221,0.0024610339
Lgi3,0.0024610339
Zfp133-ps,0.0024610339
Gm42841,0.0024610339
Fabp7,0.0024610339
Rasl12,0.0024610339
Gm48585,0.0024610339
Gm30624,0.0024610339
Aurkc,0.0024610339
Pramel29,0.0024610339
Asb5,0.0024610339
Pdzk1,0.0024610339
Rac2,0.0024610339
Astn1,0.0024610339
Rab39b,0.0024610339
Gm44045,0.0024610339
Gm48566,0.0024610339
Gm49405,0.0024610339
Arhgef15,0.0024610339
Arhgef4,0.0024610339
Phkg1,0.0024610339
Cavin4,0.0024610339
Pitpnm3,0.0024610339
Plcxd3,0.0024610339
Acvr1c,0.0024610339
Gng7,0.0024610339
Gm28376,0.0024610339
Zpbp,0.0024610339
Gm9725,0.0024610339
Gm8797,0.0024610339
4930593A02Rik,0.0024610339
Gm26714,0.0024610339
Olfr1034,0.0024610339
Gm8251,0.0024610339
2200002J24Rik,0.0024610339
Gm49719,0.0024610339
Gm48623,0.0024610339
Gm15265,0.0024610339
Gm43466,0.0024610339
Miox,0.0024610339
Zfp296,0.0024610339
Gm2629,0.0024610339
Gm43133,0.0024610339
Tex21,0.0024610339
Pgbd1,0.0024610339
Lbp,0.0024610339
6430511E19Rik,0.0024610339
Car3,0.0024610339
Car5b,0.0024610339
Ndnf,0.0024610339
Rnf125,0.0024610339
Ccdc60,0.0024610339
D430040D24Rik,0.0024610339
D630033O11Rik,0.0024610339
Smim18,0.0024610339
Gm12474,0.0024610339
Lpxn,0.0024610339
Lor,0.0024610339
Pinlyp,0.0024610339
Gm17396,0.0024610339
Gm15413,0.0024610339
Adarb2,0.0024610339
3110021N24Rik,0.0024610339
Gm26636,0.0024610339
Pcdhb22,0.0024610339
C730034F03Rik,0.0024610339
Spag17,0.0024610339
Spag4,0.0024610339
Osbp2,0.0024610339
Gm28875,0.0024610339
4930488L21Rik,0.0024610339
Gm6566,0.0024610339
Usp51,0.0024610339
Fap,0.0024610339
Prtg,0.0024610339
Nrtn,0.0024610339
Itgb2,0.0024610339
Ly86,0.0024610339
Plin4,0.0024610339
Alox5ap,0.0024610339
Gm19325,0.0024610339
Epcam,0.0024610339
Slc25a45,0.0024610339
Gm13470,0.0024610339
Gm12841,0.0024610339
Gm37115,0.0024610339
Txndc2,0.0024610339
Ptn,0.0024610339
Gm10451,0.0024610339
Gm15708,0.0024610339
Gm41409,0.0024610339
Gm11963,0.0024610339
Ube2l6,0.0024610339
4930520O04Rik,0.0024610339
Gm37522,0.0024610339
Gm10037,0.0024610339
Tmem63c,0.0024610339
Niban3,0.0024610339
Atp8b4,0.0024610339
Zbtb42,0.0024610339
Cpsf4l,0.0024610339
Klhl10,0.0024610339
Jph2,0.0024610339
Ntrk3,0.0024610339
Sftpc,0.0024610339
Nnmt,0.0024610339
Stx11,0.0024610339
Hecw1,0.0024610339
1810019N24Rik,0.0024610339
Gm37123,0.0024610339
Npcd,0.0024610339
Sox17,0.0024610339
Zfp804a,0.0024610339
Grrp1,0.0024610339
1810044D09Rik,0.0024610339
Gm47615,0.0024610339
Gm17036,0.0024610339
Dhx58,0.0024610339
B230216N24Rik,0.0024610339
Gm43737,0.0024610339
Ccdc92,0.0024610336
Gm26910,0.0024610336
Sec14l2,0.0024610336
Coro2b,0.0024610336
Gm37349,0.0024610336
Trim5,0.0024610336
Zfp109,0.0024610336
Scrn1,0.0024610336
Fcgr2b,0.0024610336
Gm38376,0.0024610336
Pik3cg,0.0024610336
Veph1,0.0024610336
Gm44694,0.0024610336
Cldn10,0.0024610336
B230206L02Rik,0.0024610336
Gm37768,0.0024610336
2700054A10Rik,0.0024610336
Rhbdl3,0.0024610336
Bvht,0.0024610336
Orai2,0.0024610336
Gm15879,0.0024610336
Gm28187,0.0024610336
Gm45846,0.002296965
Wee2,0.002296965
Pramel27,0.002296965
Atp6v0a4,0.002296965
E330011O21Rik,0.0022969649
Skint5,0.0022969649
Gm48838,0.0022969649
Ifi44,0.0022969649
A430010J10Rik,0.0022969649
Zfp619,0.0022969649
Gm28551,0.0022969649
Atp6v0d2,0.0022969649
Sycp2,0.0022969649
Lurap1l,0.0022969649
Gm41609,0.0022969649
Gm44416,0.0022969649
1700001G11Rik,0.0022969649
A630001G21Rik,0.0022969649
Gm50143,0.0022969649
Olfml1,0.0022969649
Gm20712,0.0022969649
Gm973,0.0022969649
Gm27017,0.0022969649
Dok5,0.0022969649
Dpep1,0.0022969649
Txk,0.0022969649
Prkg2,0.0022969649
Gm32856,0.0022969649
Gm19412,0.0022969649
Zfp558,0.0022969649
Gm44021,0.0022969649
Gm10575,0.0022969649
Gm28982,0.0022969649
Dock3,0.0022969649
C130013H08Rik,0.0022969649
G630016G05Rik,0.0022969649
Fstl4,0.0022969649
Gm11110,0.0022969649
Etohd2,0.0022969649
Batf3,0.0022969649
Adcy4,0.0022969649
D630039A03Rik,0.0022969649
D630003M21Rik,0.0022969649
Nek11,0.0022969649
Snord104,0.0022969649
Gm38102,0.0022969649
Eif3j2,0.0022969649
Gm49525,0.0022969649
Slc30a3,0.0022969649
Pgpep1l,0.0022969649
Lbhd1,0.0022969649
Hmgcll1,0.0022969649
1810059H22Rik,0.0022969649
Mdga2,0.0022969649
Gm12339,0.0022969649
Slc2a12,0.0022969649
Gm45338,0.0022969649
9030624G23Rik,0.0022969649
Stra6,0.0022969649
Gm45477,0.0022969649
Adam22,0.0022969649
Gm16178,0.0022969649
Ctnnd2,0.0022969649
1810019D21Rik,0.0022969649
Rasgrp4,0.0022969649
9330104G04Rik,0.0022969649
C4b,0.0022969649
Gm49355,0.0022969649
Hpgds,0.0022969649
Gm49361,0.0022969649
Tnnt2,0.0022969649
Gm42895,0.0022969649
Aplp1,0.0022969649
Klhl6,0.0022969649
Gm49307,0.0022969649
Gm15261,0.0022969649
Gm26737,0.0022969649
Sec16b,0.0022969649
Zfp964,0.0022969649
Gm11520,0.0022969649
Hykk,0.0022969649
Gm44291,0.0022969649
Isg20,0.0022969649
Gm11827,0.0022969649
Gm29242,0.0022969649
Gm38405,0.0022969649
Bcl6b,0.0022969649
Gm6938,0.0022969649
Nlrp9c,0.0022969649
1700030N03Rik,0.0022969649
Sh3rf3,0.0022969649
Cabp1,0.0022969649
Gm47493,0.0022969649
Ccdc105,0.0022969649
Ttc30a1,0.0022969649
Gfra1,0.0022969649
Gm44937,0.0022969649
Nr2f1,0.0022969649
Gm37018,0.0022969649
Gm36949,0.0022969649
Gm45137,0.0022969649
AI838599,0.0022969649
Ubxn10,0.0022969649
Slc22a23,0.0022969649
Gm37084,0.0022969649
Pcdh19,0.0022969649
C7,0.0022969649
A930012O16Rik,0.0022969649
Ttn,0.0022969649
Rab43,0.0022969649
Slc7a3,0.0022969649
Cd83,0.0022969649
Trpc3,0.0022969649
4930539J05Rik,0.0022969649
Gm14295,0.0022969649
Il4i1,0.0022969649
Gm16599,0.0022969649
Atp2a3,0.0022969649
Tmem71,0.0022969649
Gm43482,0.0022969649
1700028J19Rik,0.0022969649
Casp1,0.0022969649
C130083A15Rik,0.0022969649
C130023A14Rik,0.0022969649
Gm37472,0.0022969649
Gm47121,0.0022969649
Efcab1,0.0022969649
Gm11639,0.0022969649
4930590L20Rik,0.0022969649
4930578M01Rik,0.0022969649
Cd53,0.0022969649
Gm15893,0.0022969649
Aifm3,0.0022969649
Sdr42e1,0.0022969649
Cct6b,0.0022969649
Gm9747,0.0022969649
Zmiz1os1,0.0022969649
Gm42571,0.0022969649
2810454H06Rik,0.0022969649
Osgin1,0.0022969649
Gm5087,0.0022969646
Tacr3,0.0022969646
2010007H06Rik,0.0022969646
Gm43588,0.0022969646
Vstm5,0.0022969646
Ptgfr,0.0022969646
Lrat,0.0022969646
4930429D17Rik,0.0022969646
C430002N11Rik,0.0022969646
Frmpd1,0.0022969646
Gm3625,0.0022969646
Afmid,0.0022969646
Unc13a,0.0022969646
5430420F09Rik,0.0022969646
5033421B08Rik,0.002132896
Zpld1,0.002132896
D430020J02Rik,0.002132896
Gm42970,0.002132896
D630023O14Rik,0.0021328959
Gm47448,0.0021328959
Tgm4,0.0021328959
Gm37653,0.0021328959
Nes,0.0021328959
Slfn2,0.0021328959
St14,0.0021328959
Arpp21,0.0021328959
Adgrb3,0.0021328959
Slfn3,0.0021328959
Adgb,0.0021328959
Armc2,0.0021328959
Gm38077,0.0021328959
9030025P20Rik,0.0021328959
Cphx1,0.0021328959
9230111E07Rik,0.0021328959
Cfhr4,0.0021328959
Gm37420,0.0021328959
Gm37399,0.0021328959
Cpne1,0.0021328959
Fam124a,0.0021328959
Fam217b,0.0021328959
Ldb3,0.0021328959
Gm12198,0.0021328959
Gm12367,0.0021328959
Usp13,0.0021328959
Mgat4c,0.0021328959
Necab2,0.0021328959
Gm37949,0.0021328959
Ppp1r3b,0.0021328959
Spata16,0.0021328959
Upp1,0.0021328959
Lef1,0.0021328959
Lefty1,0.0021328959
2010110G14Rik,0.0021328959
Akap6,0.0021328959
Vil1,0.0021328959
Gm28229,0.0021328959
Efhb,0.0021328959
Gm42636,0.0021328959
Gm50105,0.0021328959
Hsd3b6,0.0021328959
2500002B13Rik,0.0021328959
1300014J16Rik,0.0021328959
Ankrd33b,0.0021328959
Gm40271,0.0021328959
Lrrc9,0.0021328959
Hapln1,0.0021328959
1110006O24Rik,0.0021328959
Zkscan2,0.0021328959
Gm28791,0.0021328959
Ifitm5,0.0021328959
Gm42815,0.0021328959
Mn1,0.0021328959
5830418P13Rik,0.0021328959
Gm13421,0.0021328959
Zfp773,0.0021328959
Elovl2,0.0021328959
Map2k3os,0.0021328959
Pbx4,0.0021328959
St8sia4,0.0021328959
Olfr920,0.0021328959
9630013D21Rik,0.0021328959
Lrrc36,0.0021328959
Fas,0.0021328959
Ptpn22,0.0021328959
Syt13,0.0021328959
Iqch,0.0021328959
Gm48027,0.0021328959
Fmod,0.0021328959
Fn3k,0.0021328959
Defb20,0.0021328959
Trpc1,0.0021328959
Ces2g,0.0021328959
Gm17133,0.0021328959
Gm49871,0.0021328959
Gm43187,0.0021328959
Flacc1,0.0021328959
Cd300a,0.0021328959
Gm19391,0.0021328959
Gm29684,0.0021328959
Gm43809,0.0021328959
Gm43858,0.0021328959
Tmem182,0.0021328959
Coro1a,0.0021328959
Npnt,0.0021328959
AU015836,0.0021328959
Gm49980,0.0021328959
Nova2,0.0021328959
Gm44973,0.0021328959
Sgip1,0.0021328959
Angpt4,0.0021328959
Ankmy1,0.0021328959
Gm830,0.0021328959
Klf17,0.0021328959
Gm15867,0.0021328959
Ms4a6b,0.0021328959
Gm15559,0.0021328959
Topaz1,0.0021328959
Amigo3,0.0021328959
Casp4,0.0021328959
Gm20536,0.0021328959
Gzmm,0.0021328959
Slc5a4b,0.0021328959
Itgb1bp2,0.0021328959
Vwf,0.0021328959
Kif17,0.0021328959
Sfn,0.0021328959
C130060C02Rik,0.0021328959
Gm52992,0.0021328959
1110020A21Rik,0.0021328959
Batf2,0.0021328959
Tmem150c,0.0021328959
Cnih2,0.0021328959
Gm26621,0.0021328959
4933433G19Rik,0.0021328959
Gm11290,0.0021328959
Ccdc40,0.0021328959
Hrct1,0.0021328959
Chrd,0.0021328959
Slc47a1,0.0021328959
Mbl2,0.0021328959
9530018F02Rik,0.0021328959
Gm37215,0.0021328959
Gm37257,0.0021328959
5730414N17Rik,0.0021328959
Slc35f3,0.0021328959
Pou4f1,0.0021328959
Fcho1,0.0021328959
Ripk3,0.0021328959
9330162012Rik,0.0021328959
Pcdhb14,0.0021328959
Tspyl3,0.0021328959
Pycr1,0.0021328959
Mir181a-1hg,0.0021328959
Rassf9,0.0021328959
Krt19,0.0021328959
Dynlt1b,0.0021328959
Kcne4,0.0021328959
Fbxw20,0.0021328959
Gabrb2,0.0021328959
Csrnp1,0.0021328959
Hpca,0.0021328959
Gm14964,0.0021328959
Gm14858,0.0021328959
Adad1,0.0021328959
Thrsp,0.0021328959
Gm5141,0.0021328959
Gm49883,0.0021328959
Gata2,0.0021328959
Nobox,0.0021328959
Glrb,0.0021328959
Gm26555,0.0021328956
Ttc39a,0.0021328956
Gm48092,0.0021328956
Tnfsf13os,0.0021328956
Slc16a3,0.0021328956
Ccdc13,0.0021328956
Slc5a7,0.0021328956
Gm44417,0.0021328956
Pkd1l3,0.0021328956
Prdm1,0.0021328956
Gm49003,0.001968827
Htr1d,0.001968827
Gm40438,0.001968827
4930432B10Rik,0.0019688269
Ptprr,0.0019688269
Chrna4,0.0019688269
Gm13219,0.0019688269
Map3k15,0.0019688269
9430034N14Rik,0.0019688269
Lrmp,0.0019688269
Chmp4c,0.0019688269
Tenm1,0.0019688269
Gm32916,0.0019688269
Spata17,0.0019688269
AC109619.1,0.0019688269
1700094D03Rik,0.0019688269
4732416N19Rik,0.0019688269
Myzap,0.0019688269
Cutal,0.0019688269
Fam155a,0.0019688269
Gm49265,0.0019688269
Trim75,0.0019688269
Gpr165,0.0019688269
D830025C05Rik,0.0019688269
Cspg5,0.0019688269
Kcnj8,0.0019688269
Gm6209,0.0019688269
Foxc1,0.0019688269
Gm29292,0.0019688269
4933439K11Rik,0.0019688269
Naip2,0.0019688269
Gm38235,0.0019688269
Nrarp,0.0019688269
Gm36839,0.0019688269
Ttc9,0.0019688269
Pcdhb5,0.0019688269
Loxhd1,0.0019688269
Gm37052,0.0019688269
Noxred1,0.0019688269
Gm6169,0.0019688269
Gm50373,0.0019688269
Gm10767,0.0019688269
Gm44710,0.0019688269
Obox2,0.0019688269
Gm34961,0.0019688269
Pcdhb21,0.0019688269
4930471E19Rik,0.0019688269
Irx3os,0.0019688269
Gm43980,0.0019688269
Tmem132d,0.0019688269
Gm44068,0.0019688269
Gm13008,0.0019688269
Gm12744,0.0019688269
Syt12,0.0019688269
Prr7,0.0019688269
Ntn3,0.0019688269
Otub2,0.0019688269
Gm28635,0.0019688269
Twist2,0.0019688269
Vps25,0.0019688269
Rell2,0.0019688269
4932443L11Rik,0.0019688269
F730043M19Rik,0.0019688269
Kirrel3os,0.0019688269
4930586N03Rik,0.0019688269
Btbd19,0.0019688269
Gnaz,0.0019688269
Gnat2,0.0019688269
Gm9899,0.0019688269
Gm9968,0.0019688269
Cd38,0.0019688269
4933406I18Rik,0.0019688269
Tmem151b,0.0019688269
Bcas3os1,0.0019688269
Rasal1,0.0019688269
K230015D01Rik,0.0019688269
Gm11146,0.0019688269
Hba-a1,0.0019688269
Lyrm7,0.0019688269
Xirp2,0.0019688269
Xkr4,0.0019688269
4930506C21Rik,0.0019688269
9530052E02Rik,0.0019688269
4930512B01Rik,0.0019688269
Slc25a21,0.0019688269
Hba-a2,0.0019688269
Ifit1bl2,0.0019688269
Gm15492,0.0019688269
D630024D03Rik,0.0019688269
Gm15411,0.0019688269
Cxcr4,0.0019688269
Cyb5d1,0.0019688269
2610206C17Rik,0.0019688269
Fcnaos,0.0019688269
Klhl14,0.0019688269
4933427D14Rik,0.0019688269
4933424G05Rik,0.0019688269
Wnt9a,0.0019688269
Higd1b,0.0019688269
Eps8l2,0.0019688269
Il21r,0.0019688269
Degs2,0.0019688269
Def6,0.0019688269
Gm14226,0.0019688269
Cfap53,0.0019688269
Gm5820,0.0019688269
Gm30015,0.0019688269
Avil,0.0019688269
Inka1,0.0019688269
Pde4b,0.0019688269
Gm45206,0.0019688269
Lilr4b,0.0019688269
Gm5427,0.0019688269
Pramel51,0.0019688269
Camkk1,0.0019688269
Gm31105,0.0019688269
6820408C15Rik,0.0019688269
1810064F22Rik,0.0019688269
Nfatc2,0.0019688269
Gm37914,0.0019688269
Gm16310,0.0019688269
Gm37988,0.0019688269
Gm45203,0.0019688269
Gm9803,0.0019688269
Tcf24,0.0019688269
Gm47066,0.0019688269
Bmp15,0.0019688269
Osbpl10,0.0019688269
Gm44616,0.0019688269
A330009N23Rik,0.0019688269
Hydin,0.0019688269
Ly6g6d,0.0019688269
Sycp3,0.0019688269
Ankef1,0.0019688269
Gm49711,0.0019688269
Srpx,0.0019688269
Ms4a6d,0.0019688269
Rep15,0.0019688269
Rfx4,0.0019688269
Gm15690,0.0019688269
Gm26885,0.0019688269
Fgf14,0.0019688269
Plekha6,0.0019688269
Gm43323,0.0019688269
Gm43118,0.0019688269
Gm48602,0.0019688269
Gm49705,0.0019688269
Ankrd23,0.0019688269
Cdc42ep2,0.0019688269
Spink4,0.0019688269
Gm10010,0.0019688269
5930403N24Rik,0.0019688269
Lax1,0.0019688269
Cbr2,0.0019688269
Gm29642,0.0019688269
Gm26569,0.0019688269
Foxd2os,0.0019688269
Folr2,0.0019688269
4833408A19Rik,0.0019688269
Ralyl,0.0019688269
4833413G10Rik,0.0019688269
Gm36963,0.0019688269
Gabrg3,0.0019688269
B3galt5,0.0019688269
B3gnt4,0.0019688269
Pcsk4,0.0019688269
Zfp78,0.0019688269
1700034P13Rik,0.0019688269
Gm23054,0.0019688269
Cacng8,0.0019688269
Gm47644,0.0019688269
9130019P16Rik,0.0019688269
4833412C15Rik,0.0019688269
Cstad,0.0019688269
Gbp5,0.0019688269
Hotairm1,0.0019688269
Gm43054,0.0019688269
Gm14643,0.0019688269
6330411D24Rik,0.0019688269
Gm45555,0.0019688269
Tmem273,0.0019688269
Zc3h12a,0.0019688269
Gm43435,0.0019688269
Atp6v1b1,0.0019688269
Cpxm2,0.0019688269
Gm42690,0.0019688269
Gm43566,0.0019688269
Grin2d,0.0019688269
Gm45343,0.0019688269
Spdya,0.0019688269
Gm48512,0.0019688269
Tnfaip8l1,0.0019688269
Dact2,0.0019688269
Gm49066,0.0019688269
Gm48860,0.0019688269
Ifit3b,0.0019688269
Gm39526,0.0019688269
Rbm8a2,0.0019688269
Mei4,0.0019688269
4930469K13Rik,0.0018047581
Plk3,0.001804758
C130051F05Rik,0.001804758
Lrrc3b,0.001804758
Dph1,0.001804758
Adcyap1,0.001804758
Mybpc1,0.001804758
Zfp599,0.001804758
A830008E24Rik,0.001804758
Nt5e,0.001804758
Apol9b,0.001804758
Gm49284,0.001804758
Gm36584,0.001804758
Lrfn2,0.001804758
Cnga1,0.001804758
Dnah14,0.001804758
Gm44987,0.001804758
Gm43679,0.001804758
Krt7,0.001804758
Gm31323,0.001804758
Slc24a2,0.001804758
B3gat2,0.001804758
B3gnt8,0.001804758
Fbxw26,0.001804758
Gm16168,0.001804758
Nlrp4b,0.001804758
Gm37309,0.001804758
Il13ra2,0.001804758
Gm37706,0.001804758
Gm12167,0.001804758
Gm30054,0.001804758
Agap2,0.001804758
Zfp993,0.001804758
Cdh18,0.0018047579
Gm43200,0.0018047579
Fam20a,0.0018047579
Gm14412,0.0018047579
Gm43328,0.0018047579
Abcb9,0.0018047579
Gm48693,0.0018047579
Best1,0.0018047579
B930059L03Rik,0.0018047579
BC037032,0.0018047579
Slc22a27,0.0018047579
6030469F06Rik,0.0018047579
Cdh24,0.0018047579
Pik3r6,0.0018047579
Kcnd1,0.0018047579
Gm45552,0.0018047579
Vash1,0.0018047579
Gm46440,0.0018047579
Gm46102,0.0018047579
Gm47260,0.0018047579
Efcab9,0.0018047579
Kcnn1,0.0018047579
Scn1b,0.0018047579
Gm45740,0.0018047579
Gm11337,0.0018047579
5730405O15Rik,0.0018047579
Egfl6,0.0018047579
Dmgdh,0.0018047579
Gm35041,0.0018047579
Gm20449,0.0018047579
Abca15,0.0018047579
Inpp5d,0.0018047579
Sox2ot,0.0018047579
Sox30,0.0018047579
Bmerb1,0.0018047579
Prss23os,0.0018047579
Gm34294,0.0018047579
H60b,0.0018047579
Zbtb3,0.0018047579
Gm34655,0.0018047579
Gm45413,0.0018047579
Ccdc146,0.0018047579
Steap1,0.0018047579
Gm37983,0.0018047579
Gm37978,0.0018047579
Gm38366,0.0018047579
Igdcc3,0.0018047579
Gm14963,0.0018047579
Dapk2,0.0018047579
Gm43009,0.0018047579
Micall2,0.0018047579
Gm34006,0.0018047579
Btnl2,0.0018047579
Acsbg3,0.0018047579
Nol3,0.0018047579
Pabpn1l,0.0018047579
A830052D11Rik,0.0018047579
Gm50386,0.0018047579
Gm50361,0.0018047579
Rps23rg1,0.0018047579
Gm44022,0.0018047579
Cpa6,0.0018047579
Gm37249,0.0018047579
Tmem255a,0.0018047579
Rab15,0.0018047579
Far1os,0.0018047579
Gm42973,0.0018047579
Gm49776,0.0018047579
Rimkla,0.0018047579
Gm15414,0.0018047579
1810010H24Rik,0.0018047579
4930451G09Rik,0.0018047579
Gm48140,0.0018047579
A830018L16Rik,0.0018047579
Rin1,0.0018047579
Gm42969,0.0018047579
Catsperb,0.0018047579
Dusp14,0.0018047579
Zfp365,0.0018047579
Creb3l4,0.0018047579
Tmppe,0.0018047579
Fam169b,0.0018047579
Tmigd1,0.0018047579
Hsf5,0.0018047579
Gm37795,0.0018047579
Ufsp1,0.0018047579
Kcnab3os,0.0018047579
5730419F03Rik,0.0018047579
Pcdhb7,0.0018047579
Pcdhb19,0.0018047579
Dnai2,0.0018047579
A330041J22Rik,0.0018047579
Gm48228,0.0018047579
C230071H17Rik,0.0018047579
C230086J09Rik,0.0018047579
Papln,0.0018047579
Clec11a,0.0018047579
Gm21985,0.0018047579
Lynx1,0.0018047579
Gm44509,0.0018047579
Gm47922,0.0018047579
Gm10643,0.0018047579
Enpp3,0.0018047579
Gria1,0.0018047579
Pdxp,0.0018047579
Gm47797,0.0018047579
Peg12,0.0018047579
Gm15601,0.0018047579
Aim2,0.0018047579
Trim17,0.0018047579
Adnp,0.0018047579
Rgn,0.0018047579
Hhatl,0.0018047579
Msantd1,0.0018047579
Gm42639,0.0018047579
Lmo1,0.0018047579
Gm11042,0.0018047579
Gm47652,0.0018047579
D930048N14Rik,0.0018047579
Gm31834,0.0018047579
Pdf,0.0018047579
Xkr5,0.0018047579
Ngfr,0.0018047579
Gm37598,0.0018047579
Gm37558,0.0018047579
1810009A15Rik,0.0018047579
Esrp1,0.0018047579
Skint6,0.0018047579
Six4,0.0018047579
Mroh8,0.0018047579
Gm47889,0.0018047579
Itgb7,0.0018047579
Slc26a8,0.0018047579
Them7,0.0018047579
Lrrtm4,0.0018047579
Pdia2,0.0018047579
2010109A12Rik,0.0018047579
Gm37716,0.0018047579
Gm44552,0.0018047579
Glipr1,0.0018047579
Mrps18b,0.0018047579
Enho,0.0018047579
Izumo1r,0.0018047579
Lrrc73,0.0018047579
Gm44763,0.0018047579
Pkhd1,0.0018047579
Gm26692,0.0018047579
Gm26965,0.0018047579
Tnfaip8l2,0.0018047579
Gm47439,0.0018047579
Gm11940,0.0018047579
Plcd3,0.0018047579
Gm28153,0.0018047579
Cd248,0.0018047579
Gm28305,0.0018047579
4930590J08Rik,0.0018047579
Plch2,0.0018047579
Myorg,0.0018047579
Zfp957,0.0018047579
Apba2,0.0018047579
Vsig10l,0.0018047579
Fgfr4,0.0018047579
Naa11,0.0018047579
Tnni2,0.0018047579
4930579G18Rik,0.0018047579
Gm47123,0.0018047579
Slc36a2,0.0018047579
Cd300ld,0.0018047579
Csf2rb,0.0016406892
Gm47246,0.0016406891
Cd300lg,0.0016406891
Gm7628,0.0016406891
Ankfn1,0.0016406891
Gm26797,0.0016406891
Gm16278,0.0016406891
Gm30648,0.0016406891
Gm29724,0.0016406891
Rorb,0.0016406891
Gm48890,0.0016406891
Gm26652,0.0016406891
Gm48996,0.0016406891
Marchf1,0.0016406891
Gm30725,0.0016406891
Gm43423,0.0016406891
Gm48952,0.0016406891
Fam178b,0.0016406891
Rab42,0.0016406891
Catsperd,0.0016406891
Spock3,0.0016406891
A730091E23Rik,0.0016406891
Cdkl4,0.0016406891
Gm10800,0.0016406891
Gm44237,0.0016406891
Adamts4,0.0016406891
Dnah17,0.0016406891
Gm42819,0.0016406891
Acer1,0.0016406891
Gm26693,0.0016406891
Cacng4,0.0016406891
Gm16552,0.001640689
F830016B08Rik,0.001640689
Hs3st5,0.001640689
4833411C07Rik,0.001640689
Gm37893,0.001640689
Gm38009,0.001640689
Arid5a,0.001640689
Gbp4,0.001640689
Stard6,0.001640689
Slitrk6,0.001640689
Fam151a,0.001640689
Sstr3,0.001640689
Hpdl,0.001640689
Gm37943,0.001640689
Gm29488,0.001640689
Slc6a7,0.001640689
Gm43982,0.001640689
Map10,0.001640689
Guca1b,0.001640689
Ephb1,0.001640689
Ephb2,0.001640689
Ciita,0.001640689
Ciart,0.001640689
Btk,0.001640689
Gm37233,0.001640689
Nlrp9a,0.001640689
H2-DMb1,0.001640689
Prss8,0.001640689
Gm36995,0.001640689
Ppp1r36,0.001640689
Dtx1,0.001640689
Lmntd1,0.001640689
A530083I20Rik,0.001640689
Rinl,0.001640689
Gm42972,0.001640689
B230217C12Rik,0.001640689
Evi2a,0.001640689
Fbxw27,0.001640689
Potegl,0.001640689
6530437J22Rik,0.001640689
Upk3b,0.001640689
Pi15,0.001640689
A630052C17Rik,0.001640689
Prss30,0.001640689
6330415B21Rik,0.001640689
Pla2g5,0.001640689
Gm28905,0.001640689
Tdrd1,0.001640689
Gm8013,0.001640689
Gpd1,0.001640689
Nqo1,0.001640689
Epop,0.001640689
Rp1,0.001640689
Gm19705,0.001640689
Gm19531,0.001640689
Zfp536,0.001640689
Fam89b,0.001640689
4833412K13Rik,0.001640689
Ddx4,0.001640689
Speer4a,0.001640689
Gm43178,0.001640689
Il16,0.001640689
Gm14286,0.001640689
Inka2,0.001640689
Gm10399,0.001640689
6330415G19Rik,0.001640689
Gm29093,0.001640689
Oas2,0.001640689
Has2os,0.001640689
1700102P08Rik,0.001640689
Nr2e1,0.001640689
1700124L16Rik,0.001640689
Cntnap3,0.001640689
Gm36962,0.001640689
D930030I03Rik,0.001640689
Tbc1d10c,0.001640689
Pih1d2,0.001640689
6030400A10Rik,0.001640689
5830444F18Rik,0.001640689
Gm12166,0.001640689
Gm12296,0.001640689
Gm26826,0.001640689
Gpr157,0.001640689
Gm20522,0.001640689
Spaar,0.001640689
Gm13963,0.001640689
Ece2,0.001640689
AU016765,0.001640689
Vav1,0.001640689
4933427G23Rik,0.001640689
Gm47024,0.001640689
Scg3,0.001640689
Clec10a,0.001640689
Syn1,0.001640689
AW011738,0.001640689
Tsga10ip,0.001640689
Mdfic2,0.001640689
Tmem139,0.001640689
Gm43420,0.001640689
4930447C04Rik,0.001640689
Gm34388,0.001640689
Oog4,0.001640689
Diras2,0.001640689
Gm45718,0.001640689
Gm16196,0.001640689
9930120I10Rik,0.001640689
A330008L17Rik,0.001640689
Gm12868,0.001640689
Gm44597,0.001640689
4930532G15Rik,0.001640689
Camk2a,0.001640689
Pelo,0.001640689
Stk26,0.001640689
Stk32a,0.001640689
2010308F09Rik,0.001640689
Slc22a3,0.001640689
Gm12802,0.001640689
Ly6d,0.001640689
4930467D21Rik,0.001640689
Gm30122,0.001640689
Gm30075,0.001640689
Cfap221,0.001640689
Gm30238,0.001640689
Gm42482,0.001640689
Exd1,0.001640689
Zfp174,0.001640689
2810455O05Rik,0.001640689
Gm38055,0.001640689
4932412D23Rik,0.001640689
Sema3f,0.001640689
Piwil4,0.001640689
Pirb,0.001640689
Gm47467,0.001640689
9930111J21Rik2,0.001640689
Gm11739,0.001640689
4930577N17Rik,0.001640689
4930565N06Rik,0.001640689
Gm28055,0.001640689
Gm38057,0.001640689
2610011E03Rik,0.001640689
Arhgap33,0.001640689
Gm38162,0.001640689
Gckr,0.001640689
Slc3a1,0.001640689
1700022I11Rik,0.001640689
1700018B24Rik,0.001640689
Zfp970,0.001640689
Oas1h,0.001640689
Vwa3a,0.001640689
Ntrk1,0.001640689
BC055308,0.001640689
Naif1,0.001640689
Tnfrsf19,0.001640689
Fam160a1,0.001640689
Myl1,0.001640689
Slc14a2,0.001640689
Gdf15,0.001640689
Gm38910,0.001640689
Myo3b,0.001640689
Cd274,0.001640689
Khdc1c,0.001640689
Tbx4,0.001640689
Khdc1a,0.001640689
1700010K24Rik,0.001640689
Col8a1,0.001640689
Gm49706,0.001640689
Gm26510,0.001640689
Dusp4,0.001640689
6720468P15Rik,0.001640689
Wfdc6a,0.001640689
Htr2b,0.001640689
Cybrd1,0.001640689
Amt,0.001640689
Ssc4d,0.001640689
Fut4,0.001640689
Gm32884,0.001640689
Gm12992,0.001640689
Pcdh12,0.001640689
Pcdhga12,0.001640689
Gm26749,0.001640689
9130002K18Rik,0.001640689
Gm31356,0.001640689
Gm10634,0.001640689
Eno1b,0.001640689
Eno2,0.001640689
Itga7,0.001640689
Gm47936,0.001640689
Efcab12,0.001640689
Nos1,0.001640689
Gm37120,0.001640689
Adam11,0.001640689
Gm14820,0.001640689
Gm43010,0.001640689
D930032P07Rik,0.001640689
Zfp786,0.001640689
Gm15608,0.001640689
Gm53018,0.001640689
Camk4,0.001640689
Lrr1,0.001640689
Gm12758,0.001640689
Car10,0.001640689
Rsf1os1,0.001640689
Frmd3,0.001640689
Gm26670,0.001640689
Alas2,0.001640689
D030068K23Rik,0.001640689
Sptbn4,0.001640689
Mpzl3,0.001640689
Alox12,0.001640689
Hk1os,0.001640689
Gm37397,0.001640689
Gm37529,0.001640689
Chrnb2,0.001640689
Gm5095,0.001640689
Pde6g,0.001640689
Itgae,0.001640689
Lmntd2,0.001640689
Gm10865,0.001640689
Morc1,0.001640689
Spock1,0.001640689
Nfkbie,0.001640689
Gm37409,0.001640689
Gm37780,0.001640689
Slc9a5,0.001640689
Gm49628,0.001640689
F5,0.001640689
Chgb,0.0014766203
Gm47352,0.0014766202
Pnoc,0.0014766202
Cdh9,0.0014766202
Serinc4,0.0014766202
Aox3,0.0014766202
Olfr558,0.0014766202
1700087I21Rik,0.0014766202
Srd5a2,0.0014766202
Tnfrsf25,0.0014766202
Aldh1a3,0.0014766202
Gm42481,0.0014766202
Exph5,0.0014766202
Gm41760,0.0014766202
Tal1,0.0014766202
Gm12925,0.0014766202
9530051G07Rik,0.0014766202
Gm31135,0.0014766202
Rufy4,0.0014766202
Adcy10,0.0014766202
Mpp2,0.0014766202
9530082P21Rik,0.0014766202
Parvg,0.0014766202
Dnmt3l,0.0014766202
Gm42798,0.0014766202
Dnah6,0.0014766202
Gm37718,0.0014766202
Gm48747,0.0014766202
Mapt,0.0014766202
Ap5b1,0.0014766202
Kcns3,0.0014766202
Apoc1,0.0014766202
Gm49463,0.0014766202
Tmem174,0.0014766202
Abcg3,0.0014766202
Gm47445,0.0014766202
Igsf6,0.0014766202
Gpha2,0.0014766202
Gm4107,0.0014766201
St6gal2,0.0014766201
Hp,0.0014766201
Gm35315,0.0014766201
1110013H19Rik,0.0014766201
Gm7932,0.0014766201
Spata2l,0.0014766201
Gm42478,0.0014766201
Ahrr,0.0014766201
Pgam1,0.0014766201
D430041D05Rik,0.0014766201
Gm15563,0.0014766201
9430092D12Rik,0.0014766201
9430031K09Rik,0.0014766201
AW551984,0.0014766201
Abcb4,0.0014766201
Tmem198,0.0014766201
Clec4a2,0.0014766201
Clec4d,0.0014766201
Gm43457,0.0014766201
Gm43533,0.0014766201
Dlx1as,0.0014766201
Pxdc1,0.0014766201
Col7a1,0.0014766201
BB365896,0.0014766201
Gm50383,0.0014766201
Sync,0.0014766201
Gm43692,0.0014766201
Obox1,0.0014766201
1700101I11Rik,0.0014766201
Gdf10,0.0014766201
Gcnt2,0.0014766201
Acer2,0.0014766201
4921515G04Rik,0.0014766201
Tent5b,0.0014766201
Gm19337,0.0014766201
Gm17949,0.0014766201
Col22a1,0.0014766201
AB124611,0.0014766201
Dnah1,0.0014766201
Npas4,0.0014766201
D930007P13Rik,0.0014766201
Gm14703,0.0014766201
Glp2r,0.0014766201
Gm2238,0.0014766201
Gm3143,0.0014766201
Gm9828,0.0014766201
Gm43627,0.0014766201
Gabra1,0.0014766201
Fcor,0.0014766201
Gm29247,0.0014766201
Dnah11,0.0014766201
Gm13625,0.0014766201
Dlec1,0.0014766201
Gm47204,0.0014766201
Gm38300,0.0014766201
Gm38293,0.0014766201
Slc35f1,0.0014766201
0610009E02Rik,0.0014766201
Gm47138,0.0014766201
Gm47096,0.0014766201
Slc35g2,0.0014766201
Arg2,0.0014766201
2310034G01Rik,0.0014766201
Anpep,0.0014766201
Gm839,0.0014766201
Vrtn,0.0014766201
Gm8739,0.0014766201
Gng10,0.0014766201
1700001L05Rik,0.0014766201
Hephl1,0.0014766201
Gm31458,0.0014766201
Hes7,0.0014766201
Gm49838,0.0014766201
Gm37747,0.0014766201
Gm37728,0.0014766201
Gm37694,0.0014766201
Gm31759,0.0014766201
Osr1,0.0014766201
B230303O12Rik,0.0014766201
Gm37350,0.0014766201
Gm37183,0.0014766201
Gm37195,0.0014766201
Gm42826,0.0014766201
Gm50306,0.0014766201
Gm50322,0.0014766201
Pacsin1,0.0014766201
Iqcd,0.0014766201
Gm44036,0.0014766201
Sorcs3,0.0014766201
Map3k8,0.0014766201
Gm20632,0.0014766201
Erdr1,0.0014766201
Glyctk,0.0014766201
Corin,0.0014766201
B630019A10Rik,0.0014766201
B4galnt1,0.0014766201
Hc,0.0014766201
Gm50455,0.0014766201
Sv2a,0.0014766201
Olfr824,0.0014766201
Gabrb3,0.0014766201
Gimap5,0.0014766201
Lrrd1,0.0014766201
Gm44735,0.0014766201
Crb3,0.0014766201
Awat2,0.0014766201
Gimap8,0.0014766201
Ifit1,0.0014766201
Spire2,0.0014766201
4930471L23Rik,0.0014766201
Gm44153,0.0014766201
Gm44434,0.0014766201
Rfx8,0.0014766201
Gm15687,0.0014766201
Gm15675,0.0014766201
Ager,0.0014766201
Tpte,0.0014766201
Gm44095,0.0014766201
Gm12963,0.0014766201
A630014C17Rik,0.0014766201
Mael,0.0014766201
Gm37436,0.0014766201
Gm37335,0.0014766201
Tmem51os1,0.0014766201
Chst10,0.0014766201
C530043K16Rik,0.0014766201
Eva1c,0.0014766201
Rhox5,0.0014766201
Gm42727,0.0014766201
Adamts14,0.0014766201
Trim6,0.0014766201
Lyl1,0.0014766201
Dpep2,0.0014766201
Ppl,0.0014766201
Car13,0.0014766201
Ppp1r3c,0.0014766201
Ppp1r3d,0.0014766201
Astl,0.0014766201
Ppp1r14c,0.0014766201
Cerox1,0.0014766201
Gm44550,0.0014766201
Gm44997,0.0014766201
S1pr1,0.0014766201
Catsperg1,0.0014766201
Tfap2e,0.0014766201
Gm30108,0.0014766201
Gm16701,0.0014766201
Gm42432,0.0014766201
Gm42397,0.0014766201
Nfatc1,0.0014766201
Neurl3,0.0014766201
Ubash3a,0.0014766201
A330032B11Rik,0.0014766201
A2m,0.0014766201
Gm49700,0.0014766201
Necab1,0.0014766201
Art5,0.0014766201
3222401L13Rik,0.0014766201
Grap2,0.0014766201
A130051J06Rik,0.0014766201
Trim46,0.0014766201
Add2,0.0014766201
Car2,0.0014766201
Tafa1,0.0014766201
Stox1,0.0014766201
Gm29325,0.0014766201
Gjc2,0.0014766201
Cytip,0.0014766201
Msr1,0.0014766201
Shisal2a,0.0014766201
Igsf23,0.0014766201
Gm39090,0.0014766201
Gm15902,0.0014766201
Scn2a,0.0014766201
Tmprss5,0.0014766201
Gm49527,0.0014766201
Gm37906,0.0014766201
Gm38020,0.0014766201
Slc16a7,0.0014766201
Kcnab2,0.0014766201
6530409C15Rik,0.0014766201
Ube2ql1,0.0014766201
Gm42413,0.0014766201
Cc2d2b,0.0014766201
Gm29585,0.0014766201
Gm29521,0.0014766201
F13a1,0.0014766201
5430431A17Rik,0.0014766201
Scnn1a,0.0014766201
Gm37648,0.0014766201
Nell2,0.0014766201
Asb2,0.0014766201
Gm16675,0.0014766201
Rtl8c,0.0014766201
Gm47771,0.0014766201
Gm47772,0.0014766201
Lrrc39,0.0014766201
Wfdc3,0.0014766201
Dusp2,0.0014766201
Fam189a1,0.0014766201
Tmem91,0.0014766201
2700029L08Rik,0.0014766201
Gm15884,0.0014766201
Cyp2u1,0.0014766201
Gm7644,0.0014766201
Elapor1,0.0014766201
5730420D15Rik,0.0014766201
Smyd1,0.0014766201
Vamp9,0.0014766201
4933433G15Rik,0.0014766201
Cdk18,0.0014766201
Gm38042,0.0014766201
Gm48653,0.0014766201
Sspo,0.0014766201
Myt1l,0.0014766201
Ccdc74a,0.0014766201
Eci3,0.0014766201
Kcnj5,0.0014766201
Wdfy4,0.0014766201
Serpinb3b,0.0014766201
Lcat,0.0014766201
Dppa5a,0.0014766201
9530013L04Rik,0.0014766201
Gm45030,0.0014766201
Gm12295,0.0014766201
6030407O03Rik,0.0014766201
Hs3st6,0.0014766201
Gm49325,0.0014766201
Gm49333,0.0014766201
Gm45853,0.0014766201
Arhgap9,0.0014766201
Gm16152,0.0014766201
Gm38120,0.0014766201
Gm11630,0.0014766201
Armc3,0.0014766201
Kcnq3,0.0014766201
Arg1,0.0014766201
Gm14221,0.0014766201
Gm48594,0.0014766201
Gm14403,0.0014766201
Tmem202,0.0014766201
Gm43290,0.0014766201
Myo15b,0.0014766201
5830487J09Rik,0.0014766201
Gm11335,0.0014766201
Cd80,0.0014766201
Cd7,0.0014766201
Mfng,0.0014766201
Tmem163,0.0014766201
Col14a1,0.0014766201
Gm19689,0.0014766201
Cntn2,0.0014766201
Ablim3,0.0014766201
Gm7854,0.0014766201
Gm28638,0.0014766201
Gm28557,0.0014766201
Gm43251,0.0014766201
Rnf207,0.0014766201
Gm28513,0.0014766201
1700016P03Rik,0.0014766201
Fgf18,0.0014766201
Gm28258,0.0013125513
Cd86,0.0013125513
Megf11,0.0013125513
Il2rb,0.0013125513
Gm14493,0.0013125513
Apold1,0.0013125513
Gm9887,0.0013125513
Pld6,0.0013125513
Msx1,0.0013125513
Gm15839,0.0013125513
Usp43,0.0013125513
9130017K11Rik,0.0013125513
Ccdc116,0.0013125513
Gm29536,0.0013125513
Gm16272,0.0013125513
Gm16548,0.0013125513
9230116N13Rik,0.0013125513
Gm44916,0.0013125513
Fcgr4,0.0013125513
Asprv1,0.0013125513
Gm49024,0.0013125513
Tagln3,0.0013125513
1700028P14Rik,0.0013125513
Gm30835,0.0013125513
Calr4,0.0013125513
Itgam,0.0013125513
A030001D20Rik,0.0013125513
Cfap91,0.0013125513
Gm37510,0.0013125513
Adam34,0.0013125513
Cox4i2,0.0013125513
Begain,0.0013125513
Depp1,0.0013125513
Gm43360,0.0013125513
Gm11476,0.0013125513
Scn5a,0.0013125513
Dynlrb2,0.0013125513
4930562C15Rik,0.0013125513
Gm45692,0.0013125513
E230001N04Rik,0.0013125513
Gm39363,0.0013125513
Tnfrsf11b,0.0013125513
Epha10,0.0013125512
Gm43817,0.0013125512
Gm13427,0.0013125512
Gm43824,0.0013125512
Gm48249,0.0013125512
Fxyd7,0.0013125512
Tmem114,0.0013125512
Olfr275,0.0013125512
AA545190,0.0013125512
Gm42941,0.0013125512
Gm34471,0.0013125512
Sh3gl3,0.0013125512
Tshr,0.0013125512
Tspoap1,0.0013125512
Gm43696,0.0013125512
Gm36279,0.0013125512
Nxf2,0.0013125512
Ptger1,0.0013125512
Dio3os,0.0013125512
Gm43738,0.0013125512
Cib3,0.0013125512
C130012C08Rik,0.0013125512
Pak5,0.0013125512
C330011M18Rik,0.0013125512
Pcdhga5,0.0013125512
Chrdl2,0.0013125512
Gm20537,0.0013125512
Gm20555,0.0013125512
Oog1,0.0013125512
Fstl5,0.0013125512
Gm34934,0.0013125512
Oprm1,0.0013125512
A730011C13Rik,0.0013125512
Gucy2g,0.0013125512
Gm34121,0.0013125512
Tuba3a,0.0013125512
Gm44027,0.0013125512
Gm43860,0.0013125512
Rpusd2,0.0013125512
Gm13091,0.0013125512
Gm34821,0.0013125512
Abcg4,0.0013125512
Gm43329,0.0013125512
Nlrp9b,0.0013125512
Cpa1,0.0013125512
Cpb2,0.0013125512
Milr1,0.0013125512
Hck,0.0013125512
4732463B04Rik,0.0013125512
Gm10244,0.0013125512
Gm43593,0.0013125512
Gm36670,0.0013125512
Col9a3,0.0013125512
Gm17473,0.0013125512
Slc23a1,0.0013125512
Gm16861,0.0013125512
Atp2c2,0.0013125512
Gm37298,0.0013125512
Gm37333,0.0013125512
Gm16794,0.0013125512
Adamts18,0.0013125512
Tmem200a,0.0013125512
AW112010,0.0013125512
Has2,0.0013125512
Gm20404,0.0013125512
Gm43437,0.0013125512
Trpv2,0.0013125512
Trpv4,0.0013125512
4921509O07Rik,0.0013125512
4921518K17Rik,0.0013125512
Il27,0.0013125512
Dgki,0.0013125512
Igsf21,0.0013125512
Gm43149,0.0013125512
Gm43062,0.0013125512
Acap1,0.0013125512
4921536K21Rik,0.0013125512
Gm48678,0.0013125512
Gm48703,0.0013125512
Gm43201,0.0013125512
Gm14027,0.0013125512
Gm14023,0.0013125512
1700123O12Rik,0.0013125512
Gfra2,0.0013125512
Gdap1,0.0013125512
Slc16a4,0.0013125512
Aqp1,0.0013125512
Nat8f3,0.0013125512
E130006D01Rik,0.0013125512
Gpr35,0.0013125512
Gpr65,0.0013125512
Gm26618,0.0013125512
Gm33373,0.0013125512
Gm47580,0.0013125512
Kbtbd11,0.0013125512
9130604C24Rik,0.0013125512
Gm7247,0.0013125512
Lamb3,0.0013125512
Scg2,0.0013125512
Fcgr1,0.0013125512
Fosb,0.0013125512
Tax1bp3,0.0013125512
Tesmin,0.0013125512
Terb1,0.0013125512
Gm26631,0.0013125512
Gm7008,0.0013125512
Gm45762,0.0013125512
Slc44a5,0.0013125512
Cdk15,0.0013125512
Kcnmb4os2,0.0013125512
Krt28,0.0013125512
Gm45732,0.0013125512
Tnfsf9,0.0013125512
Krtcap3,0.0013125512
4932411K12Rik,0.0013125512
Gm47322,0.0013125512
Kcnh7,0.0013125512
Gm47167,0.0013125512
Zfp354b,0.0013125512
Rasd2,0.0013125512
Gm16153,0.0013125512
Nat8,0.0013125512
Gm16075,0.0013125512
Gm45719,0.0013125512
Txlnb,0.0013125512
Gm44511,0.0013125512
Itga4,0.0013125512
Gm44593,0.0013125512
Ltf,0.0013125512
A230107N01Rik,0.0013125512
Gm12796,0.0013125512
Fbxo24,0.0013125512
Gm22146,0.0013125512
Gm2449,0.0013125512
Gm44116,0.0013125512
A630012P03Rik,0.0013125512
Gm12968,0.0013125512
Gm10463,0.0013125512
A430110C17Rik,0.0013125512
CAAA01147332.1,0.0013125512
C8g,0.0013125512
Gm31621,0.0013125512
Gm23119,0.0013125512
Pabpc1l,0.0013125512
Malrd1,0.0013125512
Gm10941,0.0013125512
Serpinb9b,0.0013125512
9430085M18Rik,0.0013125512
Gm44816,0.0013125512
Tex19.1,0.0013125512
Tfpi2,0.0013125512
Lrrc46,0.0013125512
Snx31,0.0013125512
S1pr3,0.0013125512
Gm44130,0.0013125512
Gm30159,0.0013125512
Gm10778,0.0013125512
Cfap57,0.0013125512
Fpr3,0.0013125512
Gm5432,0.0013125512
Cacna2d2,0.0013125512
Dok3,0.0013125512
Rskr,0.0013125512
4930481B07Rik,0.0013125512
9930024M15Rik,0.0013125512
Lrrc18,0.0013125512
Tbx6,0.0013125512
Gm49123,0.0013125512
Gm49486,0.0013125512
D630023F18Rik,0.0013125512
Gm42589,0.0013125512
Gm42669,0.0013125512
Tead4,0.0013125512
Fhad1,0.0013125512
Gm49067,0.0013125512
St8sia2,0.0013125512
Zfp473,0.0013125512
Slc12a5,0.0013125512
Olah,0.0013125512
Efhc2,0.0013125512
Ccl2,0.0013125512
Gm9917,0.0013125512
Tdrkh,0.0013125512
3110080O07Rik,0.0013125512
Kcnn4,0.0013125512
Gm42477,0.0013125512
Gm16712,0.0013125512
Gm37677,0.0013125512
Gm37639,0.0013125512
Gm46563,0.0013125512
Gm46339,0.0013125512
Efcab5,0.0013125512
Akr1b7,0.0013125512
Ascl4,0.0013125512
Fibin,0.0013125512
Sptbn2,0.0013125512
Gm41556,0.0013125512
Kcnq4,0.0013125512
Adprhl1,0.0013125512
Gm37777,0.0013125512
Fgf8,0.0013125512
Fam181b,0.0013125512
Hk3,0.0013125512
Gm49625,0.0013125512
Gm38357,0.0013125512
Atf3,0.0013125512
Gm41724,0.0013125512
Mst1r,0.0013125512
Aspa,0.0013125512
Ms4a14,0.0013125512
Srrm4,0.0013125512
Gm40578,0.0013125512
Cdh1,0.0013125512
Gm40377,0.0013125512
Gm49260,0.0013125512
Gm38365,0.0013125512
0610040F04Rik,0.0013125512
Tbx3os2,0.0013125512
1700030C10Rik,0.0013125512
Gm15903,0.0013125512
Fgd2,0.0013125512
Amd2,0.0013125512
Gm26879,0.0013125512
Cd84,0.0013125512
Cd48,0.0013125512
Plaur,0.0013125512
Hnf4g,0.0013125512
Kcns2,0.0013125512
Htra4,0.0013125512
Vdr,0.0013125512
Gm41335,0.0013125512
2900092C05Rik,0.0013125512
Agtr2,0.0013125512
Tox3,0.0013125512
Trank1,0.0013125512
Nek5,0.0013125512
Gm37879,0.0013125512
Ccr5,0.0013125512
Rgs9,0.0013125512
Gm15672,0.0013125512
Lypd3,0.0011484824
Pcdhgb5,0.0011484824
Gal3st2c,0.0011484824
Chd5,0.0011484824
Slc2a4,0.0011484824
Gm26739,0.0011484824
Gm28175,0.0011484824
Fbxo43,0.0011484824
Maskbp3,0.0011484824
Gm26788,0.0011484824
Wdr17,0.0011484824
Tpsb2,0.0011484824
Atg9a,0.0011484824
Sult2a2,0.0011484824
A830012C17Rik,0.0011484824
Nmu,0.0011484824
Gm44510,0.0011484824
Rbp7,0.0011484824
Tepp,0.0011484824
Gm43573,0.0011484824
Arhgef38,0.0011484824
C130026I21Rik,0.0011484824
Fam228a,0.0011484824
Gm50013,0.0011484824
Gm42702,0.0011484824
Slc6a4,0.0011484824
Rapgef4os1,0.0011484824
Phf11d,0.0011484823
Gm47963,0.0011484823
Grm2,0.0011484823
Gm15943,0.0011484823
Gm29675,0.0011484823
Postn,0.0011484823
Grm1,0.0011484823
Pramel48,0.0011484823
Klhl1,0.0011484823
Rdh12,0.0011484823
9430060I03Rik,0.0011484823
4930519F16Rik,0.0011484823
Ccdc142os,0.0011484823
Gm12703,0.0011484823
Cdh4,0.0011484823
Gm29394,0.0011484823
Lrrc24,0.0011484823
Phldb3,0.0011484823
Gm26770,0.0011484823
Amdhd1,0.0011484823
Grip2,0.0011484823
Itgal,0.0011484823
EPPK1,0.0011484823
9430087J23Rik,0.0011484823
Cep112it,0.0011484823
Tex26,0.0011484823
Slc26a9,0.0011484823
M1ap,0.0011484823
Fsip1,0.0011484823
Gm53015,0.0011484823
Wnt7a,0.0011484823
Grik4,0.0011484823
Grhl2,0.0011484823
Jakmip2,0.0011484823
Lrrc3,0.0011484823
Gm31024,0.0011484823
Slc27a6,0.0011484823
Gm11867,0.0011484823
Gm3081,0.0011484823
Gm30873,0.0011484823
Lst1,0.0011484823
4930509H03Rik,0.0011484823
4930515G01Rik,0.0011484823
Calb1,0.0011484823
Vwa2,0.0011484823
Ly6h,0.0011484823
Gm44673,0.0011484823
Gm44704,0.0011484823
Ly6k,0.0011484823
Gm44577,0.0011484823
Pebp4,0.0011484823
4930505N22Rik,0.0011484823
Rubcnl,0.0011484823
Gm15892,0.0011484823
Gm30551,0.0011484823
Tekt2,0.0011484823
Gm38111,0.0011484823
Gm38142,0.0011484823
Arhgap30,0.0011484823
Csnka2ip,0.0011484823
Rarb,0.0011484823
Fmo1,0.0011484823
2310039L15Rik,0.0011484823
Zfp366,0.0011484823
Gm26936,0.0011484823
Gm26810,0.0011484823
Serpinf2,0.0011484823
Gm16156,0.0011484823
Arhgef16,0.0011484823
Gfra4,0.0011484823
Rassf10,0.0011484823
Gm38393,0.0011484823
Gm46447,0.0011484823
Tnr,0.0011484823
Tnnt3,0.0011484823
Gbx2,0.0011484823
Vwde,0.0011484823
Ncf4,0.0011484823
Gm16163,0.0011484823
Was,0.0011484823
Gm47371,0.0011484823
Gm26671,0.0011484823
Gpr160,0.0011484823
Gm6787,0.0011484823
Gm45837,0.0011484823
Gm45793,0.0011484823
Slc39a7,0.0011484823
Pik3r5,0.0011484823
Platr14,0.0011484823
5031415H12Rik,0.0011484823
Tcl1b1,0.0011484823
Plppr5,0.0011484823
Pls1,0.0011484823
Gm45838,0.0011484823
Vstm2b,0.0011484823
Gm28085,0.0011484823
Ecrg4,0.0011484823
Edn3,0.0011484823
Plet1,0.0011484823
Cd160,0.0011484823
4930554G24Rik,0.0011484823
Kcnk13,0.0011484823
Krt1,0.0011484823
Kdf1,0.0011484823
Gm45629,0.0011484823
Ky,0.0011484823
Serpina3c,0.0011484823
Wfikkn1,0.0011484823
Amer2,0.0011484823
Cdh10,0.0011484823
Foxa3,0.0011484823
Gm6653,0.0011484823
Gm7598,0.0011484823
Gm26512,0.0011484823
Gng13,0.0011484823
9330136K24Rik,0.0011484823
9330111N05Rik,0.0011484823
9330198N18Rik,0.0011484823
Gm44913,0.0011484823
Lmtk3,0.0011484823
Dtnbos,0.0011484823
Fgf7,0.0011484823
Pou6f2,0.0011484823
Gm26571,0.0011484823
Gm26594,0.0011484823
Fhl4,0.0011484823
Gm12589,0.0011484823
Selplg,0.0011484823
Nanp,0.0011484823
Nap1l2,0.0011484823
Gpr18,0.0011484823
Snap91,0.0011484823
Fgfr3,0.0011484823
Ppef1,0.0011484823
Cdrt4,0.0011484823
Fgl1,0.0011484823
Gm45220,0.0011484823
Gm45289,0.0011484823
Gm45532,0.0011484823
8430426J06Rik,0.0011484823
Lhx6,0.0011484823
Gm12248,0.0011484823
Gm12239,0.0011484823
Snord13,0.0011484823
Wfdc9,0.0011484823
Wfdc8,0.0011484823
Gm47573,0.0011484823
Tbx15,0.0011484823
9130019O22Rik,0.0011484823
9130230N09Rik,0.0011484823
Gm45342,0.0011484823
Gm43511,0.0011484823
Dhrs13os,0.0011484823
Adgrg6,0.0011484823
Gm37738,0.0011484823
BC026513,0.0011484823
BC037704,0.0011484823
BC037039,0.0011484823
Nrg4,0.0011484823
Rab44,0.0011484823
Mfsd2b,0.0011484823
Gm31508,0.0011484823
Gm43075,0.0011484823
Gm14455,0.0011484823
Gm43138,0.0011484823
Gm10101,0.0011484823
Il2rg,0.0011484823
Adh7,0.0011484823
Esm1,0.0011484823
Esrrb,0.0011484823
Spocd1,0.0011484823
Gm48718,0.0011484823
Trp53cor1,0.0011484823
3300002A11Rik,0.0011484823
Rps18-ps6,0.0011484823
Gm19967,0.0011484823
Ntf3,0.0011484823
Ntng2,0.0011484823
1700112M02Rik,0.0011484823
Gm10353,0.0011484823
Defb41,0.0011484823
Rnf212b,0.0011484823
Gabra4,0.0011484823
Styk1,0.0011484823
Adgrg4,0.0011484823
Tmem150b,0.0011484823
Bank1,0.0011484823
Cnksr2,0.0011484823
2610028D06Rik,0.0011484823
Dhrs11,0.0011484823
Gm49499,0.0011484823
D6Ertd474e,0.0011484823
Insyn1,0.0011484823
Slc6a20b,0.0011484823
Gm43387,0.0011484823
Gm43401,0.0011484823
Tmem132c,0.0011484823
Gm42726,0.0011484823
Crygn,0.0011484823
Gm42728,0.0011484823
Gm37570,0.0011484823
Gm37626,0.0011484823
Gm42551,0.0011484823
Skint9,0.0011484823
Gm49032,0.0011484823
Gm49783,0.0011484823
Gm17058,0.0011484823
Gm16751,0.0011484823
Mmp12,0.0011484823
Adamtsl4,0.0011484823
Gm37383,0.0011484823
Cpz,0.0011484823
Glb1l3,0.0011484823
1810041H14Rik,0.0011484823
Adap1,0.0011484823
Gm42917,0.0011484823
Gm42940,0.0011484823
Gm42957,0.0011484823
Gm42893,0.0011484823
Nlrp4e,0.0011484823
Cpvl,0.0011484823
Spdye4a,0.0011484823
Nog,0.0011484823
Gm37174,0.0011484823
Gm17168,0.0011484823
Gm17203,0.0011484823
Aipl1,0.0011484823
Gm43016,0.0011484823
Gm10030,0.0011484823
Gm17359,0.0011484823
Gm17315,0.0011484823
Gm15345,0.0011484823
D830035M03Rik,0.0011484823
4731419I09Rik,0.0011484823
Glis1,0.0011484823
Gm15013,0.0011484823
Actn3,0.0011484823
Acsm3,0.0011484823
Gm42439,0.0011484823
Gm42908,0.0011484823
Gm15418,0.0011484823
Gm37023,0.0011484823
Gabre,0.0011484823
D830026I12Rik,0.0011484823
Gm16541,0.0011484823
Gm38014,0.0011484823
Gm37986,0.0011484823
Gm31597,0.0011484823
Gm38067,0.0011484823
Pappa2,0.0011484823
Cideb,0.0011484823
Cilp,0.0011484823
Gm20754,0.0011484823
Gm33936,0.0011484823
Spaca9,0.0011484823
Gm2115,0.0011484823
Clec2l,0.0011484823
C230031I18Rik,0.0011484823
Chst7,0.0011484823
Gm33195,0.0011484823
Prkcg,0.0011484823
Gm2164,0.0011484823
Gm21680,0.0011484823
Timp4,0.0011484823
Gm15927,0.0011484823
C1qtnf2,0.0011484823
Csf2rb2,0.0011484823
A230083G16Rik,0.0011484823
A330035P11Rik,0.0011484823
Tmsb15b2,0.0011484823
A3galt2,0.0011484823
Gm44292,0.0011484823
Gm44283,0.0011484823
Slc4a10,0.0011484823
Gm16230,0.0011484823
Gm21973,0.0011484823
Fam163a,0.0011484823
C79798,0.0011484823
Extl1,0.0011484823
Tulp1,0.0011484823
A630010A05Rik,0.0011484823
Rspo3,0.0011484823
1700030J22Rik,0.0011484823
Fbxo15,0.0011484823
A830031A19Rik,0.0011484823
Irak3,0.0011484823
Gm48024,0.0011484823
Gm48069,0.0011484823
Slfn8,0.0011484823
A530076I17Rik,0.0011484823
Smim31,0.0011484823
Mapk13,0.0011484823
D130043K22Rik,0.0011484823
Clec9a,0.0011484823
Gm20470,0.0011484823
Gm20507,0.0011484823
Bc1,0.0011484823
Bfsp1,0.0011484823
Oasl1,0.0011484823
Cndp1,0.0011484823
Gm32364,0.0011484823
Csmd2,0.0011484823
H2-T3,0.0011484823
Haao,0.0011484823
Gm43774,0.0011484823
Mc1r,0.0011484823
Tspan8,0.0011484823
AC161348.2,0.0011484823
Dnah3,0.0011484823
Asz1,0.0011484823
Cyp2c29,0.0011484823
AI661453,0.0011484823
Zbp1,0.0011484823
C430039J01Rik,0.0011484823
Pcdhb12,0.0011484823
Gm32014,0.0011484823
Myo1h,0.0011484823
Pcdhgb6,0.0011484823
C5ar1,0.0011484823
Syt9,0.0011484823
Sycp2l,0.0011484823
Gm20532,0.0011484823
Gm38299,0.0011484823
Albfm1,0.0011484823
Gm48298,0.0011484823
Gm43951,0.0011484823
A830035O19Rik,0.0011484823
Tppp,0.0011484823
Gm34276,0.0011484823
Syne4,0.0011484823
D330050I16Rik,0.0011484823
Asgr1,0.0011484823
Gm43852,0.0011484823
Map3k19,0.0011484823
Asgr2,0.0011484823
Ahsg,0.0011484823
A730056A06Rik,0.0011484823
Cyp2r1,0.0009844135
Caln1,0.0009844135
Hgd,0.0009844135
Magee2,0.0009844135
Upk1b,0.0009844135
Gm48163,0.0009844135
Gm42420,0.0009844135
Ngf,0.0009844135
AA387883,0.0009844135
Gja5,0.0009844135
1700093K21Rik,0.0009844135
Rprm,0.0009844135
Agmo,0.0009844135
Lair1,0.0009844135
Gm47905,0.0009844135
Tnni3k,0.0009844135
Tex11,0.0009844135
Gimap3,0.0009844135
Zfp457,0.0009844135
Pcdhga11,0.0009844135
Gm43633,0.0009844135
D930036K23Rik,0.0009844135
Angptl3,0.0009844135
Gm26978,0.0009844135
Ccdc85a,0.0009844135
Kcnrg,0.0009844135
Gm10389,0.0009844135
Gm45060,0.0009844135
Xlr3a,0.0009844135
Dkk2,0.0009844135
2700078F05Rik,0.0009844135
Gm16174,0.0009844135
Gm33037,0.0009844135
4930555G07Rik,0.0009844135
Megf10,0.0009844134
Spag8,0.0009844134
Ccl12,0.0009844134
Ccdc153,0.0009844134
Ccl17,0.0009844134
6430710M23Rik,0.0009844134
Gm43376,0.0009844134
6430710C18Rik,0.0009844134
4933436I20Rik,0.0009844134
Hoxa7,0.0009844134
7330423F06Rik,0.0009844134
Gm49383,0.0009844134
Tbc1d2,0.0009844134
Ush1g,0.0009844134
Hr,0.0009844134
Cdnf,0.0009844134
5330409N07Rik,0.0009844134
Gm43275,0.0009844134
Gm13274,0.0009844134
Gm45464,0.0009844134
6430562O15Rik,0.0009844134
Gm36989,0.0009844134
Gm13375,0.0009844134
Gm49164,0.0009844134
Gm36401,0.0009844134
H2-Q7,0.0009844134
Gm44901,0.0009844134
Nr1i2,0.0009844134
4930441J16Rik,0.0009844134
Gm20635,0.0009844134
Gm45447,0.0009844134
Gm43339,0.0009844134
Gm36447,0.0009844134
Ccdc103,0.0009844134
Lct,0.0009844134
Meox1,0.0009844134
Htr1f,0.0009844134
9130230L23Rik,0.0009844134
9130024F11Rik,0.0009844134
Gm37106,0.0009844134
E430014B02Rik,0.0009844134
Gm45809,0.0009844134
Gm45670,0.0009844134
Gm43018,0.0009844134
Cabyr,0.0009844134
A730061H03Rik,0.0009844134
A930014D07Rik,0.0009844134
Gsto2,0.0009844134
Gm21284,0.0009844134
Dydc1,0.0009844134
Gm50334,0.0009844134
Gm5065,0.0009844134
Gm50318,0.0009844134
Dynlt2a3,0.0009844134
Nlrp1b,0.0009844134
Scd4,0.0009844134
Scgb3a1,0.0009844134
Gm37490,0.0009844134
A430105J06Rik,0.0009844134
Gm12184,0.0009844134
Gm23318,0.0009844134
2810029C07Rik,0.0009844134
Mgam2-ps,0.0009844134
Gm21987,0.0009844134
Gm36371,0.0009844134
Car8,0.0009844134
Dnase1l3,0.0009844134
Ifi211,0.0009844134
Gm37297,0.0009844134
Themis2,0.0009844134
A430057M04Rik,0.0009844134
A430035B10Rik,0.0009844134
Cfhr2,0.0009844134
Stk31,0.0009844134
Prss12,0.0009844134
Prrx2,0.0009844134
Gm44091,0.0009844134
Rspo1,0.0009844134
Dnajb5,0.0009844134
Mfsd13b,0.0009844134
9130204K15Rik,0.0009844134
8430419K02Rik,0.0009844134
Gm48933,0.0009844134
Lamc2,0.0009844134
Cers1,0.0009844134
Cerkl,0.0009844134
Gm32834,0.0009844134
Tfap2a,0.0009844134
Gm45645,0.0009844134
Tfap2d,0.0009844134
Sox11,0.0009844134
Mansc4,0.0009844134
Gm42442,0.0009844134
Fkbp1b,0.0009844134
1110002J07Rik,0.0009844134
Gm8369,0.0009844134
1110003F10Rik,0.0009844134
1110017D15Rik,0.0009844134
Gm29155,0.0009844134
Zfp960,0.0009844134
Pgr,0.0009844134
Plb1,0.0009844134
Gpr141,0.0009844134
B530045E10Rik,0.0009844134
Gm43847,0.0009844134
Gm42484,0.0009844134
Phactr3,0.0009844134
Gm9484,0.0009844134
Plac8l1,0.0009844134
Zfp941,0.0009844134
1700029I15Rik,0.0009844134
Zfp879,0.0009844134
Gpr158,0.0009844134
Gpr149,0.0009844134
Frem2,0.0009844134
Atp7b,0.0009844134
Fsbp,0.0009844134
Fgf1,0.0009844134
Gm43677,0.0009844134
Lhx8,0.0009844134
Cyp2j8,0.0009844134
Cd164l2,0.0009844134
D730044K07Rik,0.0009844134
Sptlc3,0.0009844134
Oit3,0.0009844134
Cd40,0.0009844134
Cdh19,0.0009844134
Gm43795,0.0009844134
Gm50209,0.0009844134
Hand2os1,0.0009844134
Gm16062,0.0009844134
D130009I18Rik,0.0009844134
D030025E07Rik,0.0009844134
Gm16189,0.0009844134
Gm16185,0.0009844134
Rasgrp1,0.0009844134
Lmo3,0.0009844134
Cdcp1,0.0009844134
Tbkbp1,0.0009844134
Gm49893,0.0009844134
4930579D07Rik,0.0009844134
Rbm46,0.0009844134
Gm16754,0.0009844134
Gm15915,0.0009844134
Xntrpc,0.0009844134
Gm15627,0.0009844134
Rec114,0.0009844134
Gm15964,0.0009844134
Gm15788,0.0009844134
Obox7,0.0009844134
Rhd,0.0009844134
Gm15886,0.0009844134
Gm14664,0.0009844134
Nudt15,0.0009844134
Hoxd3,0.0009844134
Hoxb5os,0.0009844134
Gm14236,0.0009844134
Gm47508,0.0009844134
5830408C22Rik,0.0009844134
Hrc,0.0009844134
Stag3,0.0009844134
Gm43931,0.0009844134
Gm45041,0.0009844134
Nlrc4,0.0009844134
Otogl,0.0009844134
Gm2042,0.0009844134
Gm43915,0.0009844134
Gm43430,0.0009844134
Spata21,0.0009844134
Gm36307,0.0009844134
Ctcflos,0.0009844134
5830416I19Rik,0.0009844134
B130021K23Rik,0.0009844134
Tmem252,0.0009844134
B230398E01Rik,0.0009844134
Zfp973,0.0009844134
Gm43544,0.0009844134
Gm43637,0.0009844134
Ccr9,0.0009844134
Ccn5,0.0009844134
Ripk4,0.0009844134
Gm35330,0.0009844134
Gm15337,0.0009844134
Rit2,0.0009844134
4931429P17Rik,0.0009844134
4930500H12Rik,0.0009844134
Ccl9,0.0009844134
D530018E20Rik,0.0009844134
D830024N08Rik,0.0009844134
Gm45311,0.0009844134
Rgs20,0.0009844134
Gm15445,0.0009844134
Zan,0.0009844134
Ptafr,0.0009844134
Pstpip1,0.0009844134
Ypel4,0.0009844134
4930480G23Rik,0.0009844134
Xrra1,0.0009844134
Gm19684,0.0009844134
Plekhg4,0.0009844134
Plekhb1,0.0009844134
Zfp750,0.0009844134
Pnma1,0.0009844134
Gm6602,0.0009844134
Gm27021,0.0009844134
Zfp652os,0.0009844134
Gm48008,0.0009844134
Slco5a1,0.0009844134
Blnk,0.0009844134
Itgad,0.0009844134
1700084F23Rik,0.0009844134
C430019N01Rik,0.0009844134
Gm7467,0.0009844134
1700055D18Rik,0.0009844134
Fbxo47,0.0009844134
Mroh2a,0.0009844134
Kcng2,0.0009844134
Atp2b2,0.0009844134
G930009F23Rik,0.0009844134
Kbtbd6,0.0009844134
Gm47525,0.0009844134
Atp10b,0.0009844134
Cldn15,0.0009844134
Syt2,0.0009844134
Pmaip1,0.0009844134
1700056N10Rik,0.0009844134
Myom3,0.0009844134
Shd,0.0009844134
Gm10524,0.0009844134
Cntnap5c,0.0009844134
Stx1b,0.0009844134
Gm27167,0.0009844134
Col11a2,0.0009844134
Lrrc71,0.0009844134
Lrrc70,0.0009844134
Mmel1,0.0009844134
Eya1,0.0009844134
Slmapos2,0.0009844134
Gimap1,0.0009844134
Shisa8,0.0009844134
Trabd2b,0.0009844134
Gm40153,0.0009844134
Gja3,0.0009844134
Aqp9,0.0009844134
Bco2,0.0009844134
Gm42659,0.0009844134
Bcas1os2,0.0009844134
Slc8a3,0.0009844134
Amph,0.0009844134
Skint4,0.0009844134
Slc13a3,0.0009844134
Gm47684,0.0009844134
Agbl2,0.0009844134
Gm16897,0.0009844134
Tcl1b3,0.0009844134
Lipc,0.0009844134
Gm49974,0.0009844134
Gm17767,0.0009844134
Gm34868,0.0009844134
4930525G20Rik,0.0009844134
Rab26,0.0009844134
Gm9967,0.0009844134
1700003I16Rik,0.0009844134
Gm28989,0.0009844134
mt-Ti,0.0009844134
Pm20d1,0.0009844134
Gm17830,0.0009844134
4930524O07Rik,0.0009844134
Gm16933,0.0009844134
1010001B22Rik,0.0009844134
0610039K10Rik,0.0009844134
Gm44699,0.0009844134
Svopl,0.0009844134
Gm44415,0.0009844134
Gm44502,0.0009844134
Gm28719,0.0009844134
Kcnj2,0.0009844134
Gm43682,0.0009844134
Gm29443,0.0009844134
Gm29237,0.0009844134
Gpr45,0.0009844134
Fbxl16,0.0009844134
Gm42531,0.0009844134
G730003C15Rik,0.0009844134
Slc6a11,0.0009844134
Gm42717,0.0009844134
Sv2c,0.0009844134
Gm28496,0.0009844134
Sult4a1,0.0009844134
Lrrc74b,0.0009844134
Gm44435,0.0009844134
Cmah,0.0009844134
Gm49959,0.0009844134
Mtmr7,0.0009844134
Slc16a12,0.0009844134
Gm47588,0.0009844134
Gm41442,0.0009844134
Galnt9,0.0009844134
Galnt6,0.0009844134
Tmem156,0.0009844134
Hcn2,0.0009844134
Srsf12,0.0009844134
Gm43658,0.0009844134
Gm43766,0.0009844134
Ssc5d,0.0009844134
Mapkapk5,0.0009844134
Arhgap8,0.0009844134
Gm31812,0.0009844134
Mal2,0.0009844134
Gm37621,0.0009844134
Gm37474,0.0009844134
Gm37466,0.0009844134
Gm37465,0.0009844134
Gm37569,0.0009844134
AI314278,0.0009844134
Ppp1r3f,0.0009844134
Gm11100,0.0009844134
Adgrb2,0.0009844134
Gm10974,0.0009844134
Myrf,0.0009844134
Adig,0.0009844134
Adgrg7,0.0009844134
Gm10766,0.0009844134
C130073E24Rik,0.0009844134
Klhl30,0.0009844134
Eps8l3,0.0009844134
Gm38156,0.0009844134
Gm32122,0.0009844134
Gm26632,0.0009844134
Klhl41,0.0009844134
Eno4,0.0009844134
Il33,0.0009844134
Gm37969,0.0009844134
Gm48586,0.0009844134
A230005M16Rik,0.0009844134
Gm48742,0.0009844134
Gm48765,0.0009844134
Ifitm6,0.0009844134
Gm37292,0.0009844134
Gm37423,0.0009844134
C78334,0.0009844134
Gm29107,0.0009844134
Edn2,0.0009844134
C230066G23Rik,0.0009844134
Gm11734,0.0009844134
Gm37760,0.0009844134
Cpne4,0.0009844134
Gm37702,0.0009844134
Lrp2bp,0.0009844134
Ch25h,0.0009844134
Mal,0.0009844134
Tafa4,0.0009844134
Chdh,0.0009844134
Crhr2,0.0009844134
Gm50399,0.0009844134
Gm43029,0.0009844134
Tsx,0.0009844134
Sdcbp2,0.0009844134
Cfb,0.0009844134
Gm44286,0.0009844134
Gm48696,0.0009844134
Nanos1,0.0009844134
Gm38344,0.0009844134
Gm38134,0.0009844134
Gm38236,0.0009844134
Adtrp,0.0009844134
Adra1b,0.0009844134
Trim16,0.0009844134
Adgrg2,0.0009844134
Gm48382,0.0009844134
Serpine3,0.0009844134
Gm38036,0.0009844134
Gm48375,0.0009844134
Gm37967,0.0009844134
Gm38223,0.0009844134
Ism2,0.0009844134
Gm10373,0.0009844134
Gm38839,0.0009844134
Anks4b,0.0009844134
Ankrd36,0.0009844134
F630206G17Rik,0.0009844134
Gm46614,0.0009844134
Cpne5,0.0009844134
Lrrc30,0.0009844134
Gm26736,0.0009844134
Gm26725,0.0009844134
Cpne9,0.0009844134
Adora2b,0.0009844134
Epha2,0.0009844134
Actn2,0.0009844134
Il27ra,0.0009844134
AW047730,0.0009844134
Trpm6,0.0009844134
Gm11266,0.0009844134
Aatk,0.0009844134
Gm48600,0.0009844134
Mir503,0.0009844134
Necab3,0.0009844134
Klra2,0.0009844134
Zfp459,0.0009844134
Etaa1os,0.0009844134
Inmt,0.0009844134
Bnipl,0.0009844134
Trappc3l,0.0009844134
Bspry,0.0009844134
Bsn,0.0009844134
F730035M05Rik,0.0009844134
Gm26779,0.0009844134
Gm31659,0.0009844134
Ppp1r18os,0.0009844134
Ppef2,0.0009844134
Grm3,0.0009844134
Grip1os3,0.0009844134
Gria2,0.0009844134
Gm38220,0.0009844134
Boll,0.0009844134
Shc3,0.0008203446
Zyg11a,0.0008203446
4931407E12Rik,0.0008203446
Adam4,0.0008203446
Adcy8,0.0008203446
4831440D22Rik,0.0008203446
Gm45483,0.0008203446
Ighg2b,0.0008203446
Btnl9,0.0008203446
Mylk4,0.0008203446
Macc1,0.0008203446
Fam71d,0.0008203446
Camp,0.0008203446
Cftr,0.0008203446
Gm45606,0.0008203446
Apoa2,0.0008203446
Gm13522,0.0008203446
E230013L22Rik,0.0008203446
Gm47863,0.0008203446
Tasl,0.0008203446
Gm26843,0.0008203446
Gabra5,0.0008203446
Itgb4,0.0008203446
Il1rn,0.00082034455
Acot5,0.00082034455
4930426D05Rik,0.00082034455
Ephx4,0.00082034455
Evi2,0.00082034455
Tlr2,0.00082034455
Gm45889,0.00082034455
Gm46401,0.00082034455
Klhl35,0.00082034455
C130075A20Rik,0.00082034455
Gm38157,0.00082034455
Selp,0.00082034455
Gm11574,0.00082034455
Gm2087,0.00082034455
Gm33696,0.00082034455
4921507P07Rik,0.00082034455
Nectin4,0.00082034455
Gm48611,0.00082034455
Gm20703,0.00082034455
Rpl39l,0.00082034455
Gm20752,0.00082034455
Gm37848,0.00082034455
4930422M22Rik,0.00082034455
4930402D18Rik,0.00082034455
Gm20751,0.00082034455
Ermap,0.00082034455
Gm13657,0.00082034455
Gm49171,0.00082034455
Gm13446,0.00082034455
Nr5a1os,0.00082034455
Gm13056,0.00082034455
Gm49204,0.00082034455
Hspa1l,0.00082034455
Gm49197,0.00082034455
Gm49172,0.00082034455
Gm45640,0.00082034455
Tex12,0.00082034455
Htr1b,0.00082034455
Tex22,0.00082034455
Il23r,0.00082034455
Cbln3,0.00082034455
Gm45494,0.00082034455
Catsper3,0.00082034455
Lat,0.00082034455
Klhl40,0.00082034455
Gm50232,0.00082034455
Efcab6,0.00082034455
Dnai1,0.00082034455
Dnah7a,0.00082034455
Gm43322,0.00082034455
Gm43313,0.00082034455
Dmrtc1a,0.00082034455
Gm37902,0.00082034455
Efcab8,0.00082034455
Mkln1os,0.00082034455
Spag6,0.00082034455
6430573P05Rik,0.00082034455
6430571L13Rik,0.00082034455
7420426K07Rik,0.00082034455
Gm38243,0.00082034455
Il7r,0.00082034455
Impg1,0.00082034455
Serpine1,0.00082034455
Adipoq,0.00082034455
Gm38033,0.00082034455
Gm10676,0.00082034455
Agbl1,0.00082034455
Nat1,0.00082034455
Gm38329,0.00082034455
Rnf165,0.00082034455
Pcnx2,0.00082034455
Cdhr5,0.00082034455
Lonrf2,0.00082034455
Gm45069,0.00082034455
Gm43920,0.00082034455
Map3k21,0.00082034455
Ceacam20,0.00082034455
Gm14443,0.00082034455
Gm14546,0.00082034455
Ovol2,0.00082034455
Ptchd4,0.00082034455
Gm26709,0.00082034455
Grhl3,0.00082034455
1700123J17Rik,0.00082034455
Trdn,0.00082034455
Gm38251,0.00082034455
Gm49454,0.00082034455
Gm20642,0.00082034455
Gm20538,0.00082034455
Gm34047,0.00082034455
Gm33378,0.00082034455
Gm50268,0.00082034455
Gm26754,0.00082034455
2010001K21Rik,0.00082034455
Pdcd1,0.00082034455
Pcdhb11,0.00082034455
Gm2582,0.00082034455
Gm5112,0.00082034455
2310002F09Rik,0.00082034455
Gm32141,0.00082034455
Gm2447,0.00082034455
Pcdhga2,0.00082034455
Sox5os2,0.00082034455
Gm36377,0.00082034455
5730507C01Rik,0.00082034455
6330403L08Rik,0.00082034455
Lcn2,0.00082034455
Ccdc172,0.00082034455
Ccdc201,0.00082034455
Gm13844,0.00082034455
Pcdhga7,0.00082034455
Gm14091,0.00082034455
Gm36264,0.00082034455
Gm38037,0.00082034455
Gm48529,0.00082034455
Gm48522,0.00082034455
Gm5134,0.00082034455
Grm5,0.00082034455
Gm26520,0.00082034455
Nrsn1,0.00082034455
Gm47547,0.00082034455
Gm41505,0.00082034455
Foxr1,0.00082034455
Gm47545,0.00082034455
1700001L19Rik,0.00082034455
Zkscan16,0.00082034455
Pigr,0.00082034455
Gng4,0.00082034455
1700008O03Rik,0.00082034455
Slc39a2,0.00082034455
Gm47438,0.00082034455
Gm42486,0.00082034455
Gm42443,0.00082034455
Gm42560,0.00082034455
B430010I23Rik,0.00082034455
Ube4bos1,0.00082034455
Gm41664,0.00082034455
Fmo2,0.00082034455
Gm42440,0.00082034455
Slc36a3,0.00082034455
mt-Tq,0.00082034455
Zfp977,0.00082034455
1700022A22Rik,0.00082034455
Pkib,0.00082034455
Gm29609,0.00082034455
Gm45605,0.00082034455
Car1,0.00082034455
Cadps,0.00082034455
E330020D12Rik,0.00082034455
C8b,0.00082034455
E130310I04Rik,0.00082034455
Gm41541,0.00082034455
Gm34728,0.00082034455
Gm50050,0.00082034455
Gm50114,0.00082034455
Cd300c2,0.00082034455
Lin7a,0.00082034455
Tcap,0.00082034455
Tc2n,0.00082034455
BC030343,0.00082034455
BC028777,0.00082034455
Kcna4,0.00082034455
Msln,0.00082034455
Gabbr2,0.00082034455
G730013B05Rik,0.00082034455
Fbxw13,0.00082034455
Gm47643,0.00082034455
Gm47558,0.00082034455
Gm44430,0.00082034455
Gm44696,0.00082034455
Clec1b,0.00082034455
Optc,0.00082034455
4930556J24Rik,0.00082034455
4930556N13Rik,0.00082034455
Gm50012,0.00082034455
Foxl3,0.00082034455
Gm17178,0.00082034455
Gm49971,0.00082034455
1500002C15Rik,0.00082034455
Gm44639,0.00082034455
0610025J13Rik,0.00082034455
Gm41349,0.00082034455
Slc23a4,0.00082034455
Fsd1,0.00082034455
Gm49969,0.00082034455
Gm21961,0.00082034455
2610300M13Rik,0.00082034455
Gm44190,0.00082034455
Cfap54,0.00082034455
2810429I04Rik,0.00082034455
Gm52988,0.00082034455
Eef1akmt3,0.00082034455
Gm42989,0.00082034455
Ebf3,0.00082034455
C630028M04Rik,0.00082034455
Gm48701,0.00082034455
Selenov,0.00082034455
Ikzf1,0.00082034455
Il18r1,0.00082034455
Trpm2,0.00082034455
Gm43081,0.00082034455
Il12rb2,0.00082034455
Gm37132,0.00082034455
Gm37245,0.00082034455
Adrb3,0.00082034455
9530097N15Rik,0.00082034455
9630010A21Rik,0.00082034455
9430037O13Rik,0.00082034455
Nps,0.00082034455
Gm37140,0.00082034455
Runx3,0.00082034455
Gm12648,0.00082034455
Gm12649,0.00082034455
Gm36930,0.00082034455
9130015A21Rik,0.00082034455
9030622O22Rik,0.00082034455
8430406P12Rik,0.00082034455
Gm37266,0.00082034455
A930001C03Rik,0.00082034455
Snora31,0.00082034455
Gm45797,0.00082034455
Ttll10,0.00082034455
Scn2b,0.00082034455
A930016O22Rik,0.00082034455
Gm12111,0.00082034455
Gm12132,0.00082034455
Ttc16,0.00082034455
Ttc39d,0.00082034455
Gm37612,0.00082034455
Gm45609,0.00082034455
Gm37186,0.00082034455
Rtn1,0.00082034455
Gm12843,0.00082034455
Sct,0.00082034455
Gm44822,0.00082034455
Gm44829,0.00082034455
Lrrc14b,0.00082034455
Lrrc19,0.00082034455
Nfe2l3,0.00082034455
Nfkbid,0.00082034455
Gm37676,0.00082034455
Crybb1,0.00082034455
Prss53,0.00082034455
Card10,0.00082034455
Cfap45,0.00082034455
Cfap52,0.00082034455
Gm43965,0.00082034455
Stk33,0.00082034455
Tal2,0.00082034455
Cep295nl,0.00082034455
Gm11769,0.00082034455
Gm16235,0.00082034455
Gm16497,0.00082034455
Gm16685,0.00082034455
Rbm11,0.00082034455
Hgf,0.00082034455
Hfm1,0.00082034455
Gm49801,0.00082034455
Fam71f2,0.00082034455
Fam221b,0.00082034455
Gm42701,0.00082034455
Gm47232,0.00082034455
Arhgap27os1,0.00082034455
Gcgr,0.00082034455
Jchain,0.00082034455
Jakmip1,0.00082034455
Zfp616,0.00082034455
Gata1,0.00082034455
Gm40614,0.00082034455
Gck,0.00082034455
Tnfrsf13b,0.00082034455
Armh1,0.00082034455
Gm47712,0.00082034455
Tnfrsf22,0.00082034455
BC035044,0.00082034455
Art1,0.00082034455
Clvs1,0.00082034455
Sult6b1,0.00082034455
Gm30052,0.00082034455
Syp,0.00082034455
Cldn16,0.00082034455
Cldn14,0.00082034455
Slc17a8,0.00082034455
D330050G23Rik,0.00082034455
Gm16069,0.00082034455
Gm16141,0.00082034455
4930595D18Rik,0.00082034455
Gm16093,0.00082034455
Gm15991,0.00082034455
Cdh7,0.00082034455
Gm34623,0.00082034455
Gm34590,0.00082034455
Cdh6,0.00082034455
Gm44996,0.00082034455
Cdh8,0.00082034455
Gm43811,0.00082034455
Gm43810,0.00082034455
Gm43793,0.00082034455
Hectd2os,0.00082034455
Cd33,0.00082034455
Cyp4f14,0.00082034455
Cyp4f15,0.00082034455
Cyp3a13,0.00082034455
Baiap2l2,0.00082034455
Slco1a4,0.00082034455
Tmem132b,0.00082034455
Gm39214,0.00082034455
Aqp11,0.00082034455
Aqp12,0.00082034455
Myh14,0.00082034455
Myh7b,0.00082034455
Slamf9,0.00082034455
Gemin4,0.00082034455
Apol10b,0.00082034455
Gm6288,0.00082034455
Apol7b,0.00082034455
Sycp1,0.00082034455
Tfr2,0.00082034455
Gm12511,0.00082034455
Mexis,0.00082034455
A030005L19Rik,0.00082034455
9530056E24Rik,0.00082034455
Gm37296,0.00082034455
Dppa1,0.00082034455
Gm29114,0.00082034455
Clec3b,0.00082034455
Heatr4,0.00082034455
Drp2,0.00082034455
Ly9,0.00082034455
Wfdc18,0.00082034455
Gm43259,0.00082034455
Lrrn3,0.00082034455
Gm45133,0.00082034455
Gm45120,0.00082034455
4930558K02Rik,0.00082034455
Slc26a3,0.00082034455
Phf11c,0.00082034455
Mrgpre,0.00082034455
Zfp853,0.00082034455
Gm807,0.00082034455
Gm28374,0.00082034455
Clcf1,0.00082034455
Gm44709,0.00082034455
Lsmem2,0.00082034455
Cldn18,0.00082034455
Syndig1,0.00082034455
Zfyve28,0.00082034455
Tbxa2r,0.00082034455
Lrrc8dos,0.00082034455
Gpr68,0.00082034455
Syt17,0.00082034455
Cnr1,0.00082034455
Cnih3,0.00082034455
Gm34907,0.00082034455
Oprl1,0.00082034455
4930513D17Rik,0.00082034455
RPS6KA4,0.00082034455
Gm19461,0.00082034455
Gm19303,0.00082034455
Gm19409,0.00082034455
Gm29358,0.00082034455
Camk2n2,0.00082034455
Camk1g,0.00082034455
Snx20,0.00082034455
Gm32816,0.00082034455
3930402G23Rik,0.00082034455
4631405J19Rik,0.00082034455
2900092N22Rik,0.00082034455
Gm22000,0.00082034455
Gm21671,0.00082034455
Prom1,0.00082034455
Gm12394,0.00082034455
A730020M07Rik,0.00082034455
Pcdh1,0.00082034455
Scimp,0.00082034455
Tvp23a,0.00082034455
Nlrp2,0.00082034455
A330040F15Rik,0.00082034455
A330102I10Rik,0.00082034455
A430019L02Rik,0.00082034455
Gm21816,0.00082034455
Gm45358,0.00082034455
Lgals2,0.00082034455
D5Ertd615e,0.00082034455
Rgs9bp,0.00082034455
Ptprn,0.00082034455
Gm43508,0.00082034455
Dcdc2a,0.00082034455
Daw1,0.00082034455
Gm49497,0.00082034455
Gm49540,0.00082034455
Gm15218,0.00082034455
Gm15199,0.00082034455
Nwd2,0.00082034455
Vmn2r103,0.00082034455
Gm49490,0.00082034455
Ptpro,0.00082034455
Gm38359,0.00082034455
Gm38355,0.00082034455
Aldh3a1,0.00082034455
Gm44228,0.00082034455
Col24a1,0.00082034455
Gm44168,0.00082034455
Cib4,0.00082034455
Taco1os,0.00082034455
T2,0.00082034455
Syt3,0.00082034455
Lrrc6,0.00082034455
Chrm2,0.00082034455
Myom2,0.00082034455
Gm31641,0.00082034455
Cpne7,0.00082034455
Gm49502,0.00082034455
Gm26916,0.00082034455
Gm31243,0.00082034455
Gm5602,0.00082034455
1700112J16Rik,0.00082034455
1700120G11Rik,0.00082034455
Clec4n,0.00082034455
Ppfia4,0.00082034455
1700125H20Rik,0.00082034455
Gm5475,0.00082034455
Gm26877,0.00082034455
Tmc5,0.00082034455
Smc2os,0.00082034455
F2rl3,0.00082034455
Gm46329,0.00082034455
Gm31452,0.00082034455
Deup1,0.00082034455
Dgkg,0.00082034455
4933430I17Rik,0.00082034455
Gm45459,0.00082034455
Spats1,0.00082034455
Ccl5,0.00082034455
Ccl7,0.00082034455
Gm4356,0.00082034455
Mmp25,0.00082034455
Rnaset2b,0.00082034455
Nxpe2,0.00082034455
Rmst,0.00082034455
Gm36198,0.00082034455
Gm36037,0.00082034455
Gm48353,0.00082034455
Sh3rf2,0.00082034455
Brinp3,0.00082034455
Hoxb3os,0.00082034455
Bhmt,0.00082034455
Gm4681,0.00082034455
Bdnf,0.00082034455
Cd22,0.00082034455
Ccm2l,0.00082034455
Tcp11,0.00082034455
Cd200r1,0.00082034455
Lilra5,0.00082034455
Gm43775,0.00082034455
4931422A03Rik,0.00082034455
Retn,0.00082034455
D730045B01Rik,0.00082034455
Relt,0.00082034455
Gm15976,0.00082034455
Gm15966,0.00082034455
Gm44170,0.00082034455
Gm19610,0.00082034455
Gpr3,0.00082034455
1700047F07Rik,0.00082034455
1700047K16Rik,0.00082034455
Gm28050,0.00082034455
Gm47976,0.00082034455
Gm42725,0.00082034455
Hmga1,0.00082034455
Bpifc,0.00082034455
Gm42731,0.00082034455
Togaram2,0.00082034455
Ap1m2,0.00082034455
Oas1a,0.00082034455
Nwd1,0.00082034455
Gm15494,0.00082034455
Gm15473,0.00082034455
Gm42788,0.00082034455
Gm3510,0.00082034455
Gm15655,0.00082034455
Hlx,0.00082034455
4930448E22Rik,0.00082034455
Gm20324,0.00082034455
Gm3435,0.00082034455
Rgs4,0.00082034455
Gm20528,0.00082034455
Gm33906,0.00082034455
4930458D05Rik,0.00082034455
Zbbx,0.00082034455
4930470O06Rik,0.00082034455
H3c3,0.00082034455
H4c8,0.00082034455
Ism1,0.00082034455
Gm47093,0.00082034455
Bicdl1,0.00082034455
Bik,0.00082034455
Myo18b,0.00082034455
Akap5,0.00082034455
Aknad1,0.00082034455
Gm10135,0.00082034455
Gm10209,0.00082034455
Ankrd2,0.00082034455
Aloxe3,0.00082034455
Gm38563,0.00082034455
Myoc,0.00082034455
Gm10115,0.00082034455
Myo16,0.00082034455
Gm48194,0.00082034455
Gm38973,0.00082034455
Gm38825,0.00082034455
Gm47920,0.00082034455
1600002D24Rik,0.00065627566
Gm44503,0.00065627566
Gm44423,0.00065627566
Gm44438,0.00065627566
Clec4a3,0.00065627566
Lyrm7os,0.00065627566
Phf24,0.00065627566
Gm28707,0.00065627566
Gm29491,0.00065627566
Platr22,0.00065627566
Flt4,0.00065627566
B230322F03Rik,0.00065627566
Kcnmb1,0.00065627566
Kcnk18,0.00065627566
Frem3,0.00065627566
Ms4a4b,0.00065627566
Foxf1,0.00065627566
1500015L24Rik,0.00065627566
1190001M18Rik,0.00065627566
1600023N17Rik,0.00065627566
Gm47163,0.00065627566
B4galnt3,0.00065627566
BC023719,0.00065627566
Slc38a11,0.00065627566
Slc39a4,0.00065627566
Slc44a4,0.00065627566
Gm42548,0.00065627566
Gm42567,0.00065627566
Gm42467,0.00065627566
Gm50020,0.00065627566
Wdr49,0.00065627566
4930542D17Rik,0.00065627566
4930562F17Rik,0.00065627566
Gm17077,0.00065627566
Gm49972,0.00065627566
Lingo4,0.00065627566
Gm47512,0.00065627566
Gm9905,0.00065627566
4930549C15Rik,0.00065627566
Gm17322,0.00065627566
Onecut2,0.00065627566
Gm17021,0.00065627566
Gm16838,0.00065627566
Gm16559,0.00065627566
Gm16576,0.00065627566
Fxyd2,0.00065627566
Gm47601,0.00065627566
Gm40662,0.00065627566
Frrs1l,0.00065627566
Slc2a2,0.00065627566
Atp1a3,0.00065627566
Clec12b,0.00065627566
Gm9903,0.00065627566
Fbxw10,0.00065627566
Msh4,0.00065627566
Fzd9,0.00065627566
Gm41168,0.00065627566
Asb10,0.00065627566
Asic4,0.00065627566
Kcnc4,0.00065627566
Kcnd3os,0.00065627566
9930038B18Rik,0.00065627566
S100a8,0.00065627566
Ubap1l,0.00065627566
A230004M16Rik,0.00065627566
Ifi213,0.00065627566
Krt73,0.00065627566
Gm45733,0.00065627566
Dqx1,0.00065627566
Gm43258,0.00065627566
Samd13,0.00065627566
Samsn1,0.00065627566
A230001M10Rik,0.00065627566
Gm37320,0.00065627566
Nmur2,0.00065627566
Gm37336,0.00065627566
S1pr5,0.00065627566
Sbk3,0.00065627566
Gm37368,0.00065627566
Gm37499,0.00065627566
Snord72,0.00065627566
Casq2,0.00065627566
Casr,0.00065627566
Tfec,0.00065627566
Dnali1,0.00065627566
Prox2os,0.00065627566
Gm21798,0.00065627566
2900045O20Rik,0.00065627566
Gm21986,0.00065627566
4833419F23Rik,0.00065627566
Gm5086,0.00065627566
Gm22813,0.00065627566
Parvaos,0.00065627566
Cfap206,0.00065627566
Cfap44,0.00065627566
Tagap,0.00065627566
Crtam,0.00065627566
Stk32b,0.00065627566
Csf3,0.00065627566
Ctsw,0.00065627566
Cstdc2,0.00065627566
Gm37463,0.00065627566
Ttc23l,0.00065627566
Tssk4,0.00065627566
Gm128,0.00065627566
Gm21917,0.00065627566
Gm21974,0.00065627566
Gm21984,0.00065627566
Gm44953,0.00065627566
Cacna1i,0.00065627566
A830035A12Rik,0.00065627566
A930001M01Rik,0.00065627566
Gm12066,0.00065627566
A730082K24Rik,0.00065627566
Scn10a,0.00065627566
Gm48673,0.00065627566
Gm37589,0.00065627566
Gm43256,0.00065627566
Car7,0.00065627566
E030042O20Rik,0.00065627566
Gm42980,0.00065627566
Calhm6,0.00065627566
Cacna1g,0.00065627566
Gm43004,0.00065627566
Mir142hg,0.00065627566
Gm45767,0.00065627566
Gm45769,0.00065627566
Efcc1,0.00065627566
Ect2l,0.00065627566
C630004M23Rik,0.00065627566
C730002L08Rik,0.00065627566
Sel1l2,0.00065627566
Gm11525,0.00065627566
Pbld1,0.00065627566
Gm37678,0.00065627566
Snora57,0.00065627566
E230032D23Rik,0.00065627566
Ebf2,0.00065627566
Gm43024,0.00065627566
Efcab10,0.00065627566
Tifab,0.00065627566
Lrrc23,0.00065627566
Cracdl,0.00065627566
Stra6l,0.00065627566
Cryge,0.00065627566
2610203C22Rik,0.00065627566
2610318N02Rik,0.00065627566
Prelid3a,0.00065627566
2810407A14Rik,0.00065627566
Cst6,0.00065627566
Psd2,0.00065627566
Gm45587,0.00065627566
Gm45597,0.00065627566
Gm37666,0.00065627566
Gm37633,0.00065627566
Tspear,0.00065627566
Gm11884,0.00065627566
S100a14,0.00065627566
9430062P05Rik,0.00065627566
9430065F17Rik,0.00065627566
Gm37137,0.00065627566
Abcc12,0.00065627566
Il1b,0.00065627566
Abcc6,0.00065627566
Il12rb1,0.00065627566
Gm12766,0.00065627566
Gm13267,0.00065627566
Nptx2,0.00065627566
Nphp4,0.00065627566
9130409I23Rik,0.00065627566
Gm12932,0.00065627566
Upk1a,0.00065627566
Gm37125,0.00065627566
Neto1,0.00065627566
Neurl1a,0.00065627566
Abca13,0.00065627566
Gm37894,0.00065627566
Gm43307,0.00065627566
Gm12996,0.00065627566
Gm12971,0.00065627566
Gm36940,0.00065627566
Gm11542,0.00065627566
AI662270,0.00065627566
Tspan32,0.00065627566
AU023762,0.00065627566
Tsku,0.00065627566
Tslp,0.00065627566
Gm11665,0.00065627566
Gm37736,0.00065627566
Dnah10,0.00065627566
Gm43294,0.00065627566
Serpina3n,0.00065627566
Il2,0.00065627566
Gm48624,0.00065627566
Gm37884,0.00065627566
Gm11426,0.00065627566
Mlip,0.00065627566
Acpp,0.00065627566
Gm13856,0.00065627566
Gm13481,0.00065627566
Gm49216,0.00065627566
Nr1i3,0.00065627566
Npy1r,0.00065627566
Tfap2c,0.00065627566
Gm43330,0.00065627566
Elavl3,0.00065627566
C230024C17Rik,0.00065627566
Tlr5,0.00065627566
Klkb1,0.00065627566
Entpd2,0.00065627566
Emilin3,0.00065627566
C330013E15Rik,0.00065627566
Gm11077,0.00065627566
Acat3,0.00065627566
Trnp1,0.00065627566
Trp73,0.00065627566
Gm11751,0.00065627566
Gm37802,0.00065627566
Gm37783,0.00065627566
Gm42929,0.00065627566
Egf,0.00065627566
4930422I22Rik,0.00065627566
4930413G21Rik,0.00065627566
Gm20544,0.00065627566
Nrgn,0.00065627566
Gm13974,0.00065627566
Gm26558,0.00065627566
Gm53058,0.00065627566
Gm26642,0.00065627566
4930401C15Rik,0.00065627566
4930405D01Rik,0.00065627566
Gm33203,0.00065627566
Gm20621,0.00065627566
Gm20633,0.00065627566
Gm20616,0.00065627566
4930426I24Rik,0.00065627566
4930414F18Rik,0.00065627566
Gm42907,0.00065627566
Gm42892,0.00065627566
Gm10857,0.00065627566
Gm10824,0.00065627566
Gm10827,0.00065627566
Pcsk1n,0.00065627566
Gm20695,0.00065627566
Gm20705,0.00065627566
Smim9,0.00065627566
Ephb3,0.00065627566
Epor,0.00065627566
Gm42872,0.00065627566
Gm45894,0.00065627566
C130073F10Rik,0.00065627566
C130050O18Rik,0.00065627566
Etv4,0.00065627566
6530402F18Rik,0.00065627566
Hsd17b2,0.00065627566
Gm49305,0.00065627566
Gm49306,0.00065627566
Trim71,0.00065627566
Gm11175,0.00065627566
Serpinb8,0.00065627566
Gm38262,0.00065627566
Ccdc180,0.00065627566
Ccdc34os,0.00065627566
Dmkn,0.00065627566
Dipk2b,0.00065627566
Dll4,0.00065627566
Dlk2,0.00065627566
Sp5,0.00065627566
Gm43378,0.00065627566
Adam32,0.00065627566
Adamts15,0.00065627566
Adgrg3,0.00065627566
Rph3a,0.00065627566
5730585A16Rik,0.00065627566
Hrk,0.00065627566
Nts,0.00065627566
6330408M09Rik,0.00065627566
Pcdhga10,0.00065627566
Gm24927,0.00065627566
Ppp1r32,0.00065627566
2310068J16Rik,0.00065627566
Zfp385a,0.00065627566
Pcdhgc5,0.00065627566
Pcdhga9,0.00065627566
Gm31749,0.00065627566
Gm45062,0.00065627566
Stap1,0.00065627566
Ctrb1,0.00065627566
Cela2a,0.00065627566
Gm44040,0.00065627566
Map3k7cl,0.00065627566
Map3k9,0.00065627566
Otoa,0.00065627566
Gm14169,0.00065627566
Rnf208,0.00065627566
Gm14379,0.00065627566
Gm14320,0.00065627566
5430401F13Rik,0.00065627566
Gm20548,0.00065627566
Tbata,0.00065627566
Cdr1os,0.00065627566
Adrb1,0.00065627566
Sfrp2,0.00065627566
Gm10561,0.00065627566
Gm10649,0.00065627566
Gm38340,0.00065627566
Gm38192,0.00065627566
Gm10603,0.00065627566
Gm48314,0.00065627566
Gm38227,0.00065627566
Gm10728,0.00065627566
Gm10687,0.00065627566
Gm48381,0.00065627566
Adgrd1,0.00065627566
Ina,0.00065627566
Gm10681,0.00065627566
Gm38026,0.00065627566
Gm48166,0.00065627566
Ipcef1,0.00065627566
Iqca,0.00065627566
Gm48138,0.00065627566
Gm48342,0.00065627566
Akr1c19,0.00065627566
Gm48350,0.00065627566
Ip6k3,0.00065627566
Gm42817,0.00065627566
Gm42822,0.00065627566
Mmp28,0.00065627566
Mmp17,0.00065627566
Gm42829,0.00065627566
Slpi,0.00065627566
F830115B05Rik,0.00065627566
Gm42836,0.00065627566
1810059C17Rik,0.00065627566
Gm26513,0.00065627566
Zfp469,0.00065627566
Grin2a,0.00065627566
Bpifb1,0.00065627566
F630028O10Rik,0.00065627566
Kiss1r,0.00065627566
Gm47003,0.00065627566
Gm14453,0.00065627566
Usp29,0.00065627566
Usp46os1,0.00065627566
Gm26713,0.00065627566
Zfp541,0.00065627566
1700111N16Rik,0.00065627566
1700113H08Rik,0.00065627566
Gm26887,0.00065627566
Gm14582,0.00065627566
Gm14167,0.00065627566
Tdrd9,0.00065627566
D930020B18Rik,0.00065627566
Lgi4,0.00065627566
Ccl28,0.00065627566
Gm43625,0.00065627566
D7Ertd128e,0.00065627566
Gm35721,0.00065627566
Gm15050,0.00065627566
Gm14762,0.00065627566
Gm43343,0.00065627566
Dgkk,0.00065627566
Spata18,0.00065627566
Dleu7,0.00065627566
Gm43545,0.00065627566
Gm15122,0.00065627566
Gm36028,0.00065627566
Gm14471,0.00065627566
Gm14488,0.00065627566
Hoxaas3,0.00065627566
Hoxb5,0.00065627566
Gm49390,0.00065627566
4933432K03Rik,0.00065627566
Shcbp1l,0.00065627566
Agtr1a,0.00065627566
Traf3ip3,0.00065627566
Gm10648,0.00065627566
Gm3830,0.00065627566
Nacad,0.00065627566
Gm10550,0.00065627566
Aldoart1,0.00065627566
Tpo,0.00065627566
Gm49584,0.00065627566
Gm15420,0.00065627566
Gm15704,0.00065627566
Rflna,0.00065627566
Gm15541,0.00065627566
H2bu2,0.00065627566
Gm20431,0.00065627566
Gm30794,0.00065627566
Gm30655,0.00065627566
Gm30667,0.00065627566
Col17a1,0.00065627566
Col6a5,0.00065627566
Cox5b-ps,0.00065627566
Popdc3,0.00065627566
Pde1b,0.00065627566
4933424L21Rik,0.00065627566
Gm49492,0.00065627566
Gm48062,0.00065627566
Iqub,0.00065627566
Gm38372,0.00065627566
Gm38375,0.00065627566
Gm48233,0.00065627566
Gm48236,0.00065627566
Dchs2,0.00065627566
Gm49519,0.00065627566
Gm15133,0.00065627566
Ripply3,0.00065627566
Vmn1r88,0.00065627566
Gm49521,0.00065627566
Gm15408,0.00065627566
Vmn1r13,0.00065627566
Vwc2l,0.00065627566
Hipk4,0.00065627566
Gm15751,0.00065627566
Ren1,0.00065627566
Olfr1250,0.00065627566
Gm15972,0.00065627566
Obscn,0.00065627566
Nup62cl,0.00065627566
Sigirr,0.00065627566
Gm10131,0.00065627566
Bend6,0.00065627566
Fa2h,0.00065627566
Gm45238,0.00065627566
D030018L15Rik,0.00065627566
Sptbn5,0.00065627566
Cd109,0.00065627566
4930474H20Rik,0.00065627566
4930473A02Rik,0.00065627566
Gm19757,0.00065627566
Myrfl,0.00065627566
Gm38604,0.00065627566
Ankdd1b,0.00065627566
Siah3,0.00065627566
Gm10252,0.00065627566
Gm20400,0.00065627566
Gm20337,0.00065627566
H2ac6,0.00065627566
Gm33869,0.00065627566
Pstpip2,0.00065627566
Gm20509,0.00065627566
Xpnpep2,0.00065627566
H4c14,0.00065627566
St6galnac1,0.00065627566
Cdc20b,0.00065627566
Tbpl2,0.00065627566
Gm43821,0.00065627566
Cxcl10,0.00065627566
Cxcl2,0.00065627566
Ssu2,0.00065627566
Gm43667,0.00065627566
1700095J07Rik,0.00065627566
1700102H20Rik,0.00065627566
Gm5907,0.00065627566
Gm6034,0.00065627566
Gm20234,0.00065627566
Gm45148,0.00065627566
Tbx19,0.00065627566
St8sia6,0.00065627566
1700056E22Rik,0.00065627566
Zfp735,0.00065627566
Plekhd1os,0.00065627566
Gm28087,0.00065627566
Gm31282,0.00065627566
Pof1b,0.00065627566
Gm27224,0.00065627566
Pdzph1,0.00065627566
Rgs1,0.00065627566
Rgs14,0.00065627566
Slitrk2,0.00065627566
Fam107a,0.00065627566
Apc2,0.00065627566
Itih3,0.00065627566
Anxa9,0.00065627566
Myl6b,0.00065627566
Ramp3,0.00065627566
Gm1647,0.00065627566
Gm16251,0.00065627566
Radx,0.00065627566
Gm16316,0.00065627566
Gm49932,0.00065627566
4930558J18Rik,0.00065627566
Gm16984,0.00065627566
BC065403,0.00065627566
Fam186b,0.00065627566
Gm47218,0.00065627566
Gm47200,0.00065627566
Gm47205,0.00065627566
Srrm3,0.00065627566
Gm43731,0.00065627566
Masp2,0.00065627566
Gm10248,0.00065627566
Gm47782,0.00065627566
Gcnt1,0.00065627566
Gm4787,0.00065627566
Apod,0.00065627566
Tomt,0.00065627566
Gipc2,0.00065627566
BC051142,0.00065627566
Gm43689,0.00065627566
Cd244a,0.00065627566
Cd27,0.00065627566
1700064H15Rik,0.00065627566
Plvap,0.00065627566
Ap1s3,0.00065627566
Tph2,0.00065627566
Gls2,0.00065627566
Gm47694,0.00065627566
Kash5,0.00065627566
Tmsb15l,0.00065627566
Slc52a3,0.00065627566
Slc5a2,0.00065627566
Gm42640,0.00065627566
Tmem169,0.00065627566
Gm30117,0.00065627566
Slc16a11,0.00065627566
Musk,0.00065627566
Muc1,0.00065627566
Galnt14,0.00065627566
Gm41396,0.00065627566
Gal,0.00065627566
Gm47578,0.00065627566
Arsi,0.00065627566
Rbm24,0.00065627566
Gm47092,0.00065627566
Mpp4,0.00065627566
Gm42658,0.00065627566
Slc18a1,0.00065627566
Slc22a22,0.00065627566
Tnfrsf9,0.00065627566
Tnfrsf11a,0.00065627566
Olfr56,0.00065627566
Rad21l,0.00065627566
Gm1604a,0.00065627566
Gm16045,0.00065627566
Vwc2,0.00065627566
4930592A05Rik,0.00065627566
Gm49767,0.00065627566
Rasl2-9,0.00065627566
Wdr88,0.00065627566
Tcam1,0.00065627566
Gm45258,0.00065627566
B930094E09Rik,0.00065627566
Kctd4,0.00065627566
Fbxl21,0.00065627566
Fbxo27,0.00065627566
Fbxo40,0.00065627566
4930474M22Rik,0.00065627566
Gm50162,0.00065627566
Gm17745,0.00065627566
Gm17057,0.00065627566
Wnt10a,0.00065627566
Gm50056,0.00065627566
4930533K18Rik,0.00065627566
Wfdc2,0.00065627566
BC025920,0.00065627566
Gm47272,0.00065627566
Gm34411,0.00065627566
4930517E14Rik,0.00065627566
Gm19500,0.00065627566
Oprd1,0.00065627566
Gm17638,0.00065627566
Gm17705,0.00065627566
Platr32,0.00065627566
Gm28523,0.00065627566
Clnk,0.00065627566
Gm44646,0.00065627566
Gm44770,0.00065627566
Gm44645,0.00065627566
Cntn6,0.00065627566
Gm7347,0.00065627566
BB557941,0.00065627566
Lypd6,0.00065627566
0610040J01Rik,0.00065627566
Pisrt1,0.00065627566
Gmfg,0.00065627566
mt-Tp,0.00065627566
1700011C11Rik,0.00065627566
Gm42479,0.00065627566
Pla2g2d,0.00065627566
Gm2895,0.00065627566
Zfp936,0.00065627566
Gm28309,0.00065627566
Gm28177,0.00065627566
Gpr162,0.00065627566
Gpm6a,0.00065627566
Pgf,0.00065627566
Fcna,0.00065627566
Gm9530,0.00065627566
Gm29506,0.00065627566
Gm29904,0.00065627566
1700018L02Rik,0.00065627566
1700020G17Rik,0.00065627566
Phyhd1,0.00065627566
Gm29570,0.00065627566
Fsd2,0.00065627566
Fv1,0.00065627566
Frmpd3,0.00065627566
Tmem45b,0.00065627566
Atp4a,0.00065627566
B230317F23Rik,0.00065627566
Mroh5,0.00065627566
Mroh7,0.00065627566
Nkg7,0.00065627566
Gm12409,0.00065627566
Gm12426,0.00065627566
2900072N19Rik,0.00065627566
Gtf2a1l,0.00065627566
Gm24474,0.00065627566
Pqlc3,0.00065627566
Gm23458,0.00065627566
Gm37447,0.00065627566
A330072L02Rik,0.00065627566
Gm37422,0.00065627566
Sardhos,0.00065627566
Scd3,0.00065627566
Gm48804,0.00065627566
A530064N14Rik,0.00065627566
Gm37534,0.00065627566
E230020D15Rik,0.00065627566
Gm43176,0.00065627566
Gm43136,0.00065627566
Gm12381,0.00065627566
Nlrp4c,0.00065627566
Gm48749,0.00065627566
Ifitm10,0.00065627566
A330093E20Rik,0.00065627566
Ms4a1,0.00065627566
Gm42067,0.00065627566
Fitm1,0.00065627566
Piwil1,0.00065627566
Gm29328,0.00065627566
mt-Tt,0.00065627566
Themis,0.00065627566
Dsc2,0.00065627566
mt-Tl1,0.0004922068
mt-Nd3,0.0004922068
Gm29050,0.0004922068
Gm29055,0.0004922068
Gm2912,0.0004922068
Pilra,0.0004922068
Gm29088,0.0004922068
Gm29418,0.0004922068
Gm29427,0.0004922068
Gm29361,0.0004922068
Pi16,0.0004922068
1700023H06Rik,0.0004922068
Gm9888,0.0004922068
Gm9844,0.0004922068
1700016J18Rik,0.0004922068
Gm28836,0.0004922068
Gm29666,0.0004922068
Gm44626,0.0004922068
1700001J03Rik,0.0004922068
Gm9908,0.0004922068
mt-Tm,0.0004922068
1700003G18Rik,0.0004922068
1700001O22Rik,0.0004922068
1500002F19Rik,0.0004922068
Gm44775,0.0004922068
Ckmt1,0.0004922068
Lrrn4cl,0.0004922068
Sult2b1,0.0004922068
Cma1,0.0004922068
Gm44433,0.0004922068
Platr6,0.0004922068
Plcxd1,0.0004922068
Pln,0.0004922068
Plpp4,0.0004922068
Pmel,0.0004922068
Gm27164,0.0004922068
Cngb3,0.0004922068
Cnpy1,0.0004922068
Cntn1,0.0004922068
Syt16,0.0004922068
Gm28044,0.0004922068
Gm29999,0.0004922068
Pfn4,0.0004922068
1700067K01Rik,0.0004922068
Gpr176,0.0004922068
Gpr183,0.0004922068
Gpr34,0.0004922068
Gpr4,0.0004922068
1700097N02Rik,0.0004922068
Gm6133,0.0004922068
Gm26964,0.0004922068
Gm27253,0.0004922068
Gm27010,0.0004922068
Gm31121,0.0004922068
Gm26861,0.0004922068
Podn,0.0004922068
Gm47710,0.0004922068
Gm47687,0.0004922068
Arl14epl,0.0004922068
Arhgef37,0.0004922068
Gm47583,0.0004922068
Slc22a4,0.0004922068
Gm41414,0.0004922068
Gabrr2,0.0004922068
Gm42620,0.0004922068
Gm40304,0.0004922068
Galnt3,0.0004922068
Gm4035,0.0004922068
Gm40375,0.0004922068
Gm40437,0.0004922068
Tmprss15,0.0004922068
Gm47689,0.0004922068
Gm42514,0.0004922068
Mroh2b,0.0004922068
Fbxo48,0.0004922068
Fendrr,0.0004922068
Slc4a5,0.0004922068
BC049762,0.0004922068
Fam83f,0.0004922068
Slc6a14,0.0004922068
Tmprss11a,0.0004922068
Atcayos,0.0004922068
Tmem82,0.0004922068
Tmem95,0.0004922068
Atg9b,0.0004922068
Kcnc3,0.0004922068
Kcne2,0.0004922068
Fxyd4,0.0004922068
Gm4707,0.0004922068
Ankrd61,0.0004922068
Arc,0.0004922068
Apoc4,0.0004922068
Apof,0.0004922068
Apoh,0.0004922068
Tnfsfm13,0.0004922068
Apol7e,0.0004922068
Slc8a2,0.0004922068
Fam209,0.0004922068
Gm42671,0.0004922068
Fam166b,0.0004922068
Fam166c,0.0004922068
Gm42685,0.0004922068
Kif19a,0.0004922068
Kif19b,0.0004922068
Gm47802,0.0004922068
Tnfrsf23,0.0004922068
Gm47648,0.0004922068
Gbgt1,0.0004922068
Slc22a28,0.0004922068
Slc1a7,0.0004922068
Gm42588,0.0004922068
Fam3b,0.0004922068
Gabrr3,0.0004922068
Mtarc1,0.0004922068
Muc13,0.0004922068
Tnfrsf4,0.0004922068
Tnfrsf8,0.0004922068
Tnfsf13b,0.0004922068
Gm47819,0.0004922068
Gm47798,0.0004922068
Gm47112,0.0004922068
Gm46620,0.0004922068
Gm46633,0.0004922068
Bcas1,0.0004922068
Sidt1,0.0004922068
Siglece,0.0004922068
Gm10062,0.0004922068
Gm39326,0.0004922068
Gm42737,0.0004922068
Gm42759,0.0004922068
Mmp9,0.0004922068
Mmrn1,0.0004922068
Faim2,0.0004922068
Gm42778,0.0004922068
Bmx,0.0004922068
Bnc1,0.0004922068
Apol9a,0.0004922068
Apol6,0.0004922068
Aoc1,0.0004922068
Itk,0.0004922068
Ankrd29,0.0004922068
Tomm6os,0.0004922068
Slco1a6,0.0004922068
Gm42735,0.0004922068
Gdf3,0.0004922068
Glra3,0.0004922068
Glt1d1,0.0004922068
Glt28d2,0.0004922068
Gm39041,0.0004922068
Gldc,0.0004922068
Gm3924,0.0004922068
Ano5,0.0004922068
Gm42866,0.0004922068
Gm46336,0.0004922068
Gm38114,0.0004922068
Trbc2,0.0004922068
Afm,0.0004922068
Inpp5j,0.0004922068
Adm2,0.0004922068
Gm38211,0.0004922068
Agr3,0.0004922068
Agxt2,0.0004922068
Gm48357,0.0004922068
Gm48370,0.0004922068
Gm48139,0.0004922068
Agmat,0.0004922068
Gm42830,0.0004922068
Gm42856,0.0004922068
Mypn,0.0004922068
Shoc1,0.0004922068
Gm48231,0.0004922068
Gm48053,0.0004922068
Alb,0.0004922068
Ak5,0.0004922068
Sh2d1b1,0.0004922068
Naaladl1,0.0004922068
Gm10271,0.0004922068
Gm38560,0.0004922068
Ankrd31,0.0004922068
Gm48095,0.0004922068
Gm47948,0.0004922068
Gm10366,0.0004922068
Gm38804,0.0004922068
Myoz3,0.0004922068
C030032O16Rik,0.0004922068
C030010L15Rik,0.0004922068
Gm46516,0.0004922068
Klhdc7a,0.0004922068
Erich2,0.0004922068
Mlph,0.0004922068
Ndst3,0.0004922068
Gm37868,0.0004922068
Gm10830,0.0004922068
Gm11209,0.0004922068
Gm10848,0.0004922068
Gm38160,0.0004922068
Mm2pr,0.0004922068
Gm42791,0.0004922068
Gm42800,0.0004922068
Gm42913,0.0004922068
Gm38256,0.0004922068
Gm11131,0.0004922068
Gm11149,0.0004922068
Serpinb7,0.0004922068
Gm48510,0.0004922068
Trim50,0.0004922068
Adam1a,0.0004922068
Il6,0.0004922068
Sgsm1,0.0004922068
Gm10637,0.0004922068
Gm38152,0.0004922068
Trim30c,0.0004922068
Gm10717,0.0004922068
Sez6l,0.0004922068
Gm38252,0.0004922068
Gm38253,0.0004922068
Snai1,0.0004922068
Snap25,0.0004922068
Gm42928,0.0004922068
Gm42930,0.0004922068
Gm37820,0.0004922068
Il11,0.0004922068
Ikzf3,0.0004922068
Aarsd1,0.0004922068
Timm8a2,0.0004922068
Tjp3,0.0004922068
Klra1,0.0004922068
C030013C21Rik,0.0004922068
Tlr1,0.0004922068
Tlr13,0.0004922068
Efna3,0.0004922068
Smpd3,0.0004922068
Gm37982,0.0004922068
Gm37953,0.0004922068
Gm1110,0.0004922068
Serpinb1c,0.0004922068
Gm38010,0.0004922068
Gm38012,0.0004922068
Smim17,0.0004922068
C1qtnf9,0.0004922068
Gm3793,0.0004922068
Septin14,0.0004922068
Acta1,0.0004922068
Acte1,0.0004922068
Il2ra,0.0004922068
Il4,0.0004922068
Acot12,0.0004922068
Gm37960,0.0004922068
Sncg,0.0004922068
E330010L02Rik,0.0004922068
Gm11772,0.0004922068
Gm11767,0.0004922068
Gm37660,0.0004922068
Gm37673,0.0004922068
AC154542.1,0.0004922068
AC158170.1,0.0004922068
Gm42937,0.0004922068
C6,0.0004922068
Klrd1,0.0004922068
Klri2,0.0004922068
Kndc1,0.0004922068
Gm45783,0.0004922068
Kng2,0.0004922068
Gm45760,0.0004922068
AL607024.1,0.0004922068
Tsnaxip1,0.0004922068
Iglc3,0.0004922068
Sectm1a,0.0004922068
Sectm1b,0.0004922068
Selenbp2,0.0004922068
Gm11747,0.0004922068
Gm42936,0.0004922068
Abca12,0.0004922068
Gm1141,0.0004922068
Gm11627,0.0004922068
Nfasc,0.0004922068
Gm11722,0.0004922068
Gm37745,0.0004922068
Abca16,0.0004922068
Aadat,0.0004922068
CT033847.1,0.0004922068
Gm43055,0.0004922068
Gm43059,0.0004922068
Dynlt5,0.0004922068
Gm12414,0.0004922068
Sbk2,0.0004922068
Scgb1a1,0.0004922068
Gm37381,0.0004922068
Gm37644,0.0004922068
Gm42997,0.0004922068
Gm43005,0.0004922068
Cacna1s,0.0004922068
Calhm5,0.0004922068
Krt84,0.0004922068
Gm45799,0.0004922068
C9,0.0004922068
Gm12002,0.0004922068
Scn1a,0.0004922068
Ttll13,0.0004922068
Gm48677,0.0004922068
A930007A09Rik,0.0004922068
Ttll9,0.0004922068
A930002C04Rik,0.0004922068
Gm12059,0.0004922068
Ttbk1,0.0004922068
Ttc21a,0.0004922068
AC160336.1,0.0004922068
AI182371,0.0004922068
Gm11924,0.0004922068
Gm11946,0.0004922068
Gm11983,0.0004922068
Nfam1,0.0004922068
Th,0.0004922068
Camk2b,0.0004922068
Gm45708,0.0004922068
Cadm3,0.0004922068
Gm12676,0.0004922068
S100a9,0.0004922068
S100b,0.0004922068
Ifit1bl1,0.0004922068
Gm48872,0.0004922068
Gm12371,0.0004922068
Dusp8,0.0004922068
Mgam,0.0004922068
Gm43173,0.0004922068
Capn12,0.0004922068
Capsl,0.0004922068
Tgtp2,0.0004922068
Ngb,0.0004922068
Gm37452,0.0004922068
Sarm1,0.0004922068
Gm37289,0.0004922068
Nlgn3,0.0004922068
Nlrc3,0.0004922068
A530088E08Rik,0.0004922068
A530053G22Rik,0.0004922068
Gm48766,0.0004922068
Gm48778,0.0004922068
Gm48779,0.0004922068
Ighg1,0.0004922068
Ighg3,0.0004922068
A530065N20Rik,0.0004922068
Gm37571,0.0004922068
Scin,0.0004922068
Gm12915,0.0004922068
Gm37019,0.0004922068
Gm37045,0.0004922068
9530046B11Rik,0.0004922068
Gm49092,0.0004922068
Gm48958,0.0004922068
Icam5,0.0004922068
Runx2os1,0.0004922068
Car9,0.0004922068
Card11,0.0004922068
Tgm3,0.0004922068
L1td1,0.0004922068
Gm43281,0.0004922068
Rtn4r,0.0004922068
Gm12811,0.0004922068
Gm12898,0.0004922068
Sapcd1,0.0004922068
Gm43191,0.0004922068
Soat2,0.0004922068
Mettl7a2,0.0004922068
Gm43260,0.0004922068
Gm43263,0.0004922068
Dnai3,0.0004922068
Drc1,0.0004922068
Ido2,0.0004922068
9630041A04Rik,0.0004922068
A130071D04Rik,0.0004922068
Gm37205,0.0004922068
Gm12472,0.0004922068
Samd11,0.0004922068
Gm12609,0.0004922068
Samd7,0.0004922068
Gm13391,0.0004922068
Rrh,0.0004922068
Gm13067,0.0004922068
Gm36660,0.0004922068
Unc5a,0.0004922068
Unc5cl,0.0004922068
Gm49189,0.0004922068
8430422M14Rik,0.0004922068
Tex45,0.0004922068
Gm45490,0.0004922068
Gm45630,0.0004922068
Hsf2bp,0.0004922068
Gm49311,0.0004922068
Gm13594,0.0004922068
Gm13561,0.0004922068
Gm13415,0.0004922068
Gm13032,0.0004922068
Gm13010,0.0004922068
Gm12781,0.0004922068
Sost,0.0004922068
Gm43303,0.0004922068
Gm43305,0.0004922068
Gm43311,0.0004922068
Gm43274,0.0004922068
9430002A10Rik,0.0004922068
9330175M20Rik,0.0004922068
Htr5a,0.0004922068
Hyal3,0.0004922068
9130015L21Rik,0.0004922068
Gm49058,0.0004922068
Gm13187,0.0004922068
Npff,0.0004922068
6720475M21Rik,0.0004922068
Gm49357,0.0004922068
Gm49368,0.0004922068
Hs3st4,0.0004922068
Gm36569,0.0004922068
Gm36527,0.0004922068
Gm36529,0.0004922068
Nrxn2,0.0004922068
Spaca1,0.0004922068
Gm43412,0.0004922068
Ccdc33,0.0004922068
Gm45518,0.0004922068
Gm45399,0.0004922068
Lbhd2,0.0004922068
Lbx1,0.0004922068
Gm45378,0.0004922068
Gm36480,0.0004922068
6530403H02Rik,0.0004922068
6530413G14Rik,0.0004922068
Hsd17b13,0.0004922068
Gm49292,0.0004922068
Gm45507,0.0004922068
Dll3,0.0004922068
Gm43361,0.0004922068
8430432A02Rik,0.0004922068
Gm13912,0.0004922068
Rpl9-ps1,0.0004922068
Rpph1,0.0004922068
Gm36899,0.0004922068
Gm36860,0.0004922068
Gm13562,0.0004922068
Nrip3,0.0004922068
Ddx25,0.0004922068
Ddx3y,0.0004922068
Defb25,0.0004922068
Gm35850,0.0004922068
Gm35696,0.0004922068
Gm14812,0.0004922068
4933427E13Rik,0.0004922068
Hoxa3,0.0004922068
Gm43560,0.0004922068
Spata9,0.0004922068
Ccl8,0.0004922068
Ccdc7b,0.0004922068
Ldlrad2,0.0004922068
Ccdc192,0.0004922068
Gm45277,0.0004922068
Gm45286,0.0004922068
5330437M03Rik,0.0004922068
5031425F14Rik,0.0004922068
5033417F24Rik,0.0004922068
5430434F05Rik,0.0004922068
Gm14302,0.0004922068
Gm14168,0.0004922068
Gm3636,0.0004922068
Spag6l,0.0004922068
Rpl24,0.0004922068
Rpl36a-ps1,0.0004922068
Gm36208,0.0004922068
5830432E09Rik,0.0004922068
Gm49460,0.0004922068
Hoxb8,0.0004922068
Gm49322,0.0004922068
Hpn,0.0004922068
Ccdc89,0.0004922068
D630008O14Rik,0.0004922068
Gm15535,0.0004922068
Vmn2r57,0.0004922068
Vmo1,0.0004922068
4931413K12Rik,0.0004922068
Rgsl1,0.0004922068
Gm15496,0.0004922068
Gm15138,0.0004922068
Sphkap,0.0004922068
Dennd1c,0.0004922068
Gm43513,0.0004922068
Ccnb1ip1,0.0004922068
Ccnb3,0.0004922068
Lexis1,0.0004922068
Gm45356,0.0004922068
Gm15347,0.0004922068
Gm15353,0.0004922068
Gm15155,0.0004922068
Rilp,0.0004922068
Gm15398,0.0004922068
4933417C20Rik,0.0004922068
Hnf4aos,0.0004922068
Rimbp2,0.0004922068
Gm49395,0.0004922068
Hoxa5,0.0004922068
Hoxb2,0.0004922068
Gm49384,0.0004922068
Rnd1,0.0004922068
Rnase6,0.0004922068
Nyap2,0.0004922068
Gm15344,0.0004922068
Gm16068,0.0004922068
Gm16122,0.0004922068
Gm49864,0.0004922068
Gm16029,0.0004922068
Rbfaos,0.0004922068
Gm15929,0.0004922068
Rbp4,0.0004922068
Olfr694,0.0004922068
Gm43584,0.0004922068
Cd163,0.0004922068
Tcf15,0.0004922068
Gm45216,0.0004922068
Gm43592,0.0004922068
D030024E09Rik,0.0004922068
Gm43769,0.0004922068
Gm16157,0.0004922068
4932702P03Rik,0.0004922068
Gm49694,0.0004922068
Gm49548,0.0004922068
Gm49703,0.0004922068
Vsig4,0.0004922068
Gm15668,0.0004922068
Gm15635,0.0004922068
Rfx6,0.0004922068
Rhof,0.0004922068
Gm15482,0.0004922068
Nuggc,0.0004922068
Gm15853,0.0004922068
Gm1587,0.0004922068
Olfm2,0.0004922068
Gm15726,0.0004922068
Olfr1251,0.0004922068
Gm5,0.0004922068
Gm49965,0.0004922068
Gm49880,0.0004922068
Hcn4,0.0004922068
4930537H20Rik,0.0004922068
Hcst,0.0004922068
Gm17029,0.0004922068
Gm17139,0.0004922068
Gm45084,0.0004922068
Lingo1,0.0004922068
Tchh,0.0004922068
Gm17120,0.0004922068
Gm17087,0.0004922068
Olfr814,0.0004922068
Rab3c,0.0004922068
4930557J02Rik,0.0004922068
Gm16551,0.0004922068
Gm16538,0.0004922068
Rasgrf1,0.0004922068
Rasgrf2,0.0004922068
Gm43660,0.0004922068
Cyp2b13,0.0004922068
Gm43751,0.0004922068
Cd300lb,0.0004922068
Gm16630,0.0004922068
Gm49937,0.0004922068
Gm49915,0.0004922068
Gm49926,0.0004922068
Hemgn,0.0004922068
4930556G01Rik,0.0004922068
Wbscr25,0.0004922068
Gm16302,0.0004922068
Cxcl5,0.0004922068
Cdcp3,0.0004922068
Lncenc1,0.0004922068
Cd55b,0.0004922068
Stab2,0.0004922068
St6galnac5,0.0004922068
Gm20075,0.0004922068
Gm20163,0.0004922068
Wnt2,0.0004922068
Xlr4a,0.0004922068
4930480M12Rik,0.0004922068
Hao1,0.0004922068
Gm50203,0.0004922068
Cd37,0.0004922068
Gm43792,0.0004922068
Gm43794,0.0004922068
Wnt11,0.0004922068
Gm17233,0.0004922068
Rab17,0.0004922068
Gm19439,0.0004922068
Gm19276,0.0004922068
Opn5,0.0004922068
Wscd2,0.0004922068
4930509J09Rik,0.0004922068
Oog2,0.0004922068
Gm17146,0.0004922068
Gm17173,0.0004922068
Wdr95,0.0004922068
4930547M16Rik,0.0004922068
Gm50094,0.0004922068
Gm50055,0.0004922068
4930534D22Rik,0.0004922068
Cdkn2a,0.0004922068
Cdkn2b,0.0004922068
Gm20682,0.0004922068
Gm20716,0.0004922068
Gm33497,0.0004922068
4930442G10Rik,0.0004922068
Gm50253,0.0004922068
Gm50254,0.0004922068
Gm20531,0.0004922068
Gm19935,0.0004922068
Gm20036,0.0004922068
Gm20043,0.0004922068
St8sia1,0.0004922068
Ceacam2,0.0004922068
Gm45074,0.0004922068
Gm45053,0.0004922068
H3f3aos,0.0004922068
H4c11,0.0004922068
Habp2,0.0004922068
Gm20512,0.0004922068
4930478M13Rik,0.0004922068
4930431P22Rik,0.0004922068
H2ac20,0.0004922068
Gm20395,0.0004922068
Gm20268,0.0004922068
Ptpn7,0.0004922068
Gm34586,0.0004922068
Gm1968,0.0004922068
Gm34093,0.0004922068
Gm19784,0.0004922068
4930507D05Rik,0.0004922068
Has3,0.0004922068
Gm43966,0.0004922068
Cfap100,0.0004922068
Cfi,0.0004922068
Lrfn5,0.0004922068
Cryba4,0.0004922068
Gm32926,0.0004922068
Pax6os1,0.0004922068
4833417C18Rik,0.0004922068
4921515E04Rik,0.0004922068
4833445I07Rik,0.0004922068
4732419C18Rik,0.0004922068
Gzma,0.0004922068
Prss44,0.0004922068
Cthrc1,0.0004922068
Cst13,0.0004922068
Csf3r,0.0004922068
Prrt1,0.0004922068
Prr22,0.0004922068
Paqr5,0.0004922068
Gm20939,0.0004922068
Gm33103,0.0004922068
Gm32950,0.0004922068
4930404H11Rik,0.0004922068
4921501I09Rik,0.0004922068
4930401G09Rik,0.0004922068
4930425P05Rik,0.0004922068
4930426L09Rik,0.0004922068
Gm20463,0.0004922068
P2rx3,0.0004922068
P2ry12,0.0004922068
Gm33125,0.0004922068
Prrg4,0.0004922068
Stoml3,0.0004922068
Gm44288,0.0004922068
Gm32219,0.0004922068
Gm31804,0.0004922068
2510017J16Rik,0.0004922068
2310067P03Rik,0.0004922068
Zfp345,0.0004922068
Zfp418,0.0004922068
Mamstr,0.0004922068
Gm44185,0.0004922068
Magix,0.0004922068
Majin,0.0004922068
Mak,0.0004922068
Taf9,0.0004922068
Chrna7,0.0004922068
Gm44835,0.0004922068
Gm50394,0.0004922068
Gm52981,0.0004922068
2810404M03Rik,0.0004922068
2610001A08Rik,0.0004922068
2610012C04Rik,0.0004922068
2700033N17Rik,0.0004922068
2410080I02Rik,0.0004922068
Crocc2,0.0004922068
2900076G11Rik,0.0004922068
Gm22107,0.0004922068
Gm32688,0.0004922068
Ppp1r42,0.0004922068
Pramel34,0.0004922068
Gm24888,0.0004922068
Gm23722,0.0004922068
Gm32585,0.0004922068
Tac2,0.0004922068
Col8a2,0.0004922068
Cpa3,0.0004922068
Colq,0.0004922068
Gm44270,0.0004922068
Plxna4os1,0.0004922068
Gm3055,0.0004922068
Gm27188,0.0004922068
Gm5833,0.0004922068
Gm2682,0.0004922068
Gm26781,0.0004922068
Gm26756,0.0004922068
Gm44144,0.0004922068
Syt6,0.0004922068
Sytl3,0.0004922068
Sytl5,0.0004922068
Gm5544,0.0004922068
Gm5464,0.0004922068
Ppp1r1a,0.0004922068
Gm31219,0.0004922068
Gm26873,0.0004922068
Gm26903,0.0004922068
1700119H24Rik,0.0004922068
Gramd2,0.0004922068
Gm25410,0.0004922068
Pcdhb18,0.0004922068
Gm24362,0.0004922068
Gm31579,0.0004922068
Gm26672,0.0004922068
Pou5f2,0.0004922068
Gm26679,0.0004922068
Gm26566,0.0004922068
Ly6m,0.0004922068
Lsmem1,0.0004922068
Clec2i,0.0004922068
Cks1brt,0.0004922068
Clca3a2,0.0004922068
Lypd6b,0.0004922068
Zpbp2,0.0004922068
Gm29018,0.0004922068
Gm28641,0.0004922068
Phf11b,0.0004922068
Gm29811,0.0004922068
Gm29502,0.0004922068
Clec4a1,0.0004922068
Clec4b1,0.0004922068
Clvs2,0.0004922068
Lyve1,0.0004922068
Gm6999,0.0004922068
Zfp872,0.0004922068
Gm29295,0.0004922068
1700029J03Rik,0.0004922068
1700019A02Rik,0.0004922068
Gm8817,0.0004922068
Gm9008,0.0004922068
Gpihbp1,0.0004922068
Pld5,0.0004922068
Gm30055,0.0004922068
Gm28526,0.0004922068
Gm28535,0.0004922068
Pglyrp1,0.0004922068
Gm30097,0.0004922068
1700034H15Rik,0.0004922068
Gm6658,0.0004922068
Kcng4,0.0004922068
Kcnh3,0.0004922068
Tmem74b,0.0004922068
Frmd8os,0.0004922068
Slc28a2,0.0004922068
Slc29a4,0.0004922068
Fscn2,0.0004922068
Gm41333,0.0004922068
B430218F22Rik,0.0004922068
B230334C09Rik,0.0004922068
Ftl1-ps1,0.0004922068
Fut9,0.0004922068
B230209E15Rik,0.0004922068
Atxn7l1os2,0.0004922068
Kcnh8,0.0004922068
Tmem54,0.0004922068
Tmem266,0.0004922068
Tmem30b,0.0004922068
Kcnk6,0.0004922068
Gm4211,0.0004922068
Ms4a10,0.0004922068
Gm42480,0.0004922068
Slc43a1,0.0004922068
B430212C06Rik,0.0004922068
Gm29266,0.0004922068
Gm29282,0.0004922068
Gm28981,0.0004922068
Gnmt,0.0004922068
Gm9920,0.0004922068
Gm9754,0.0004922068
Fosl1,0.0004922068
Ms4a4c,0.0004922068
H3c4,0.00032813783
Slc15a5,0.00032813783
4930505A04Rik,0.00032813783
4930500A05Rik,0.00032813783
Mucl3,0.00032813783
Arhgap15os,0.00032813783
Gm19272,0.00032813783
Gm19327,0.00032813783
Gadl1,0.00032813783
Eid3,0.00032813783
4930478L05Rik,0.00032813783
Gm34544,0.00032813783
Gm34933,0.00032813783
Kank4os,0.00032813783
Gm17651,0.00032813783
Gm19514,0.00032813783
Pxt1,0.00032813783
Asb15,0.00032813783
Tmprss6,0.00032813783
Tmprss4,0.00032813783
Gad1,0.00032813783
Gm17135,0.00032813783
Slc10a1,0.00032813783
Tnfsf14,0.00032813783
Gapdhs,0.00032813783
Gm34664,0.00032813783
Gm34667,0.00032813783
Slc22a1,0.00032813783
Slc1a2,0.00032813783
Gm3468,0.00032813783
H4f16,0.00032813783
Gm47814,0.00032813783
Gm47813,0.00032813783
Gm47806,0.00032813783
Gm47657,0.00032813783
Olr1,0.00032813783
Jaml,0.00032813783
Gbx1,0.00032813783
Omg,0.00032813783
Arl13a,0.00032813783
H4c4,0.00032813783
Gm47826,0.00032813783
Gm20005,0.00032813783
Gm40658,0.00032813783
Gm40916,0.00032813783
G630018N14Rik,0.00032813783
Tmem74,0.00032813783
Gm19744,0.00032813783
Fsip2l,0.00032813783
Slc28a2b,0.00032813783
Kcnj10,0.00032813783
Xkrx,0.00032813783
Kcnj14,0.00032813783
4930502A04Rik,0.00032813783
Kcnj11,0.00032813783
Gm47494,0.00032813783
Atxn7l1os1,0.00032813783
Atp8b3,0.00032813783
Gm19782,0.00032813783
Msx2,0.00032813783
Gm41192,0.00032813783
Psors1c2,0.00032813783
Kcnh5,0.00032813783
Gm47690,0.00032813783
Slc22a18,0.00032813783
Gm41002,0.00032813783
Gm17753,0.00032813783
Gm34455,0.00032813783
Gabra2,0.00032813783
Slc25a31,0.00032813783
Ptgdr2,0.00032813783
Kcng1,0.00032813783
Gm41311,0.00032813783
Gm20416,0.00032813783
Asic1,0.00032813783
Ptpn5,0.00032813783
Asb11,0.00032813783
Slc23a3,0.00032813783
Tmprss11f,0.00032813783
Tmod4,0.00032813783
Gm20110,0.00032813783
Gm47633,0.00032813783
Kcnc1,0.00032813783
Kcnf1,0.00032813783
Rab38,0.00032813783
Ampd1,0.00032813783
Gm48127,0.00032813783
Gm50019,0.00032813783
Gm10129,0.00032813783
Gm10053,0.00032813783
Gm39383,0.00032813783
Gm39348,0.00032813783
Myo1g,0.00032813783
R3hdml,0.00032813783
Ajm1,0.00032813783
Gm1043,0.00032813783
Gm10415,0.00032813783
Gm48045,0.00032813783
Gm48079,0.00032813783
Gm16892,0.00032813783
Gm16894,0.00032813783
Akr1d1,0.00032813783
Gm39033,0.00032813783
Gm39129,0.00032813783
Ak9,0.00032813783
Olfr588-ps1,0.00032813783
Gm10614,0.00032813783
Naip1,0.00032813783
Gm38351,0.00032813783
Gm38345,0.00032813783
Gm49944,0.00032813783
Gm38224,0.00032813783
Myt1,0.00032813783
Gm48225,0.00032813783
Glod5,0.00032813783
Henmt1,0.00032813783
Gm48155,0.00032813783
Gm16343,0.00032813783
Gm48183,0.00032813783
Radil,0.00032813783
Gm16299,0.00032813783
Gm10371,0.00032813783
Gm17134,0.00032813783
Gm48358,0.00032813783
Iqcf5,0.00032813783
Gm10320,0.00032813783
Myb,0.00032813783
Gm17216,0.00032813783
Gm17224,0.00032813783
Sla2,0.00032813783
Gm17115,0.00032813783
Gm17102,0.00032813783
Gm17039,0.00032813783
Itgax,0.00032813783
Itih4,0.00032813783
Hdnr,0.00032813783
Gfap,0.00032813783
Xlr4b,0.00032813783
Gcm2,0.00032813783
Slamf7,0.00032813783
Slc13a1,0.00032813783
Aqp7,0.00032813783
Hal,0.00032813783
Pzp,0.00032813783
Gm47872,0.00032813783
Qrich2,0.00032813783
Gm50194,0.00032813783
Sirpb1b,0.00032813783
Myh7,0.00032813783
Gm39043,0.00032813783
Tpbgl,0.00032813783
Alpk2,0.00032813783
Aldob,0.00032813783
Glrp1,0.00032813783
4930544M13Rik,0.00032813783
Gm48094,0.00032813783
Gm1715,0.00032813783
4930526L06Rik,0.00032813783
Gm47938,0.00032813783
Gm34719,0.00032813783
Gm47956,0.00032813783
Gm50103,0.00032813783
Ggt6,0.00032813783
Gm50070,0.00032813783
Ggn,0.00032813783
4930528G23Rik,0.00032813783
Slamf1,0.00032813783
Gm39929,0.00032813783
Gm34829,0.00032813783
Gm21057,0.00032813783
Bcl2l14,0.00032813783
Tmem145,0.00032813783
Tmem132e,0.00032813783
Gm33055,0.00032813783
Gm33056,0.00032813783
Pantr1,0.00032813783
Zfp114,0.00032813783
Gm42867,0.00032813783
Gm41293,0.00032813783
4732496C06Rik,0.00032813783
4921529L05Rik,0.00032813783
Gm21970,0.00032813783
Gm21976,0.00032813783
Gm21982,0.00032813783
Fabp12,0.00032813783
F930017D23Rik,0.00032813783
Bdkrb2,0.00032813783
Gm50311,0.00032813783
Bfsp2,0.00032813783
Mmp27,0.00032813783
Mpz,0.00032813783
Fam25c,0.00032813783
Gm33148,0.00032813783
Slc5a8,0.00032813783
Fam83b,0.00032813783
Slc6a17,0.00032813783
Slc6a20a,0.00032813783
Gm42577,0.00032813783
Gm42775,0.00032813783
BC053393,0.00032813783
Prr15l,0.00032813783
Gm32743,0.00032813783
Gm32687,0.00032813783
Gm33228,0.00032813783
Gm33104,0.00032813783
Slfn5os,0.00032813783
Gm20750,0.00032813783
Gm20753,0.00032813783
Gm20756,0.00032813783
Tmem154,0.00032813783
Prph,0.00032813783
Gm22500,0.00032813783
Gm45897,0.00032813783
Btla,0.00032813783
Prdm8,0.00032813783
Brsk2,0.00032813783
Brms1,0.00032813783
C130026L21Rik,0.00032813783
C030017G13Rik,0.00032813783
Gm46348,0.00032813783
2900041M22Rik,0.00032813783
Gm42900,0.00032813783
Gm42899,0.00032813783
Mkrn2os,0.00032813783
Gm32857,0.00032813783
Gm21954,0.00032813783
Tm6sf2,0.00032813783
Gm21955,0.00032813783
Tlr7,0.00032813783
Tlr6,0.00032813783
C030014I23Rik,0.00032813783
Gm45861,0.00032813783
3830403N18Rik,0.00032813783
Gm47000,0.00032813783
Gm50323,0.00032813783
Smco3,0.00032813783
Gm42879,0.00032813783
Gm42876,0.00032813783
Tmc8,0.00032813783
Gm22208,0.00032813783
F630040K05Rik,0.00032813783
Gm22786,0.00032813783
Gm23887,0.00032813783
Gm46224,0.00032813783
Tmc3,0.00032813783
Brinp1,0.00032813783
Gm47030,0.00032813783
Gm47026,0.00032813783
Gm47015,0.00032813783
Erich6,0.00032813783
Eppin,0.00032813783
Epn3,0.00032813783
Gm2379,0.00032813783
4930445B16Rik,0.00032813783
Fem1al,0.00032813783
H3c13,0.00032813783
Gm42441,0.00032813783
4930444A19Rik,0.00032813783
Gm42466,0.00032813783
4930444P10Rik,0.00032813783
Gm4189,0.00032813783
Gm42064,0.00032813783
Gm42633,0.00032813783
Fmnl1,0.00032813783
H2-M5,0.00032813783
Fgf9,0.00032813783
Gm50214,0.00032813783
4930412F12Rik,0.00032813783
Gm42544,0.00032813783
4930417H01Rik,0.00032813783
Gm42535,0.00032813783
Gm42529,0.00032813783
Fer1l6,0.00032813783
Gm50230,0.00032813783
Gm4129,0.00032813783
Gm47381,0.00032813783
Kcnmb3,0.00032813783
Gm20485,0.00032813783
Gm34022,0.00032813783
Gm41545,0.00032813783
Fndc9,0.00032813783
Gm4755,0.00032813783
Tmem26,0.00032813783
Gm20535,0.00032813783
Tmem40,0.00032813783
Gm4756,0.00032813783
Foxj1,0.00032813783
Msc,0.00032813783
Gm41555,0.00032813783
B230323A14Rik,0.00032813783
Gm20429,0.00032813783
Ffar2,0.00032813783
Fgf17,0.00032813783
Fgf10,0.00032813783
H3c2,0.00032813783
Zdhhc19,0.00032813783
4632428C04Rik,0.00032813783
Bach2os,0.00032813783
BX000351.1,0.00032813783
BE692007,0.00032813783
Tmem179,0.00032813783
H2-DMb2,0.00032813783
BC051019,0.00032813783
BC049352,0.00032813783
Fbp2,0.00032813783
Gm42700,0.00032813783
Gm42699,0.00032813783
Bco1,0.00032813783
Fam227b,0.00032813783
Fam217a,0.00032813783
Slc7a15,0.00032813783
Mpl,0.00032813783
Moxd1,0.00032813783
Gm42603,0.00032813783
Gm20646,0.00032813783
Gm42670,0.00032813783
Fcrl5,0.00032813783
Fcrl1,0.00032813783
Zcchc18,0.00032813783
Gm42503,0.00032813783
P2ry2,0.00032813783
Gm33838,0.00032813783
Kcnn3,0.00032813783
Psmb11,0.00032813783
Gm20631,0.00032813783
4930412B13Rik,0.00032813783
Tmem215,0.00032813783
4833421G17Rik,0.00032813783
4930404N11Rik,0.00032813783
Gm47342,0.00032813783
Gm47148,0.00032813783
Gm50364,0.00032813783
Gm47139,0.00032813783
Kdm5d,0.00032813783
Kctd8,0.00032813783
4921511C10Rik,0.00032813783
BC048602,0.00032813783
4930412F09Rik,0.00032813783
4933417O13Rik,0.00032813783
Gm37154,0.00032813783
Gm37144,0.00032813783
Gm49411,0.00032813783
Ryr1,0.00032813783
Rxfp2,0.00032813783
Rxfp1,0.00032813783
S100g,0.00032813783
Gm12524,0.00032813783
Olfr66,0.00032813783
Gm49494,0.00032813783
Vmn1r4,0.00032813783
Saa2,0.00032813783
S1pr4,0.00032813783
Gm12728,0.00032813783
Samd3,0.00032813783
Saa3,0.00032813783
Gm12500,0.00032813783
Gm37226,0.00032813783
Gm37223,0.00032813783
Gm37437,0.00032813783
Gm37248,0.00032813783
9530036M11Rik,0.00032813783
Hoxa9,0.00032813783
9530086O07Rik,0.00032813783
9630028H03Rik,0.00032813783
9830004L10Rik,0.00032813783
A1bg,0.00032813783
9530078K11Rik,0.00032813783
9530056K15Rik,0.00032813783
4933417E11Rik,0.00032813783
Hormad2,0.00032813783
Gm36070,0.00032813783
Nuak2,0.00032813783
Gm15104,0.00032813783
Vipr2,0.00032813783
A430078I02Rik,0.00032813783
A230087F16Rik,0.00032813783
A330033J07Rik,0.00032813783
A2ml1,0.00032813783
4933426B08Rik,0.00032813783
Gm12631,0.00032813783
Tyr,0.00032813783
Gm15327,0.00032813783
A330069K06Rik,0.00032813783
Nxph3,0.00032813783
Gm37459,0.00032813783
Scn9a,0.00032813783
Obox3,0.00032813783
A530016L24Rik,0.00032813783
A530013C23Rik,0.00032813783
Gm37219,0.00032813783
Scart1,0.00032813783
Scarna17,0.00032813783
Gm37566,0.00032813783
Gm15402,0.00032813783
Gm35239,0.00032813783
Gm35279,0.00032813783
Tubal3,0.00032813783
Vmn2r1,0.00032813783
Odf3,0.00032813783
A430093F15Rik,0.00032813783
A530001N23Rik,0.00032813783
Gm12724,0.00032813783
Gm12689,0.00032813783
Rims3,0.00032813783
Gm12681,0.00032813783
Hnf1aos1,0.00032813783
Hoatz,0.00032813783
Gm37488,0.00032813783
Gm15286,0.00032813783
Gm15245,0.00032813783
Gm15326,0.00032813783
A230006K03Rik,0.00032813783
Gm15507,0.00032813783
Gm12146,0.00032813783
Gm48877,0.00032813783
Gm48855,0.00032813783
Gm15477,0.00032813783
Gm48893,0.00032813783
Rhbdl2,0.00032813783
Oas1f,0.00032813783
Gm3550,0.00032813783
A330076C08Rik,0.00032813783
Rps6kl1,0.00032813783
Gm36992,0.00032813783
Hsh2d,0.00032813783
6030442E23Rik,0.00032813783
Hsd3b3,0.00032813783
7420700N18Rik,0.00032813783
6720483E21Rik,0.00032813783
7330404K18Rik,0.00032813783
Gm13373,0.00032813783
Gm37255,0.00032813783
Gm49223,0.00032813783
Hrh1,0.00032813783
Gm49371,0.00032813783
Gm49106,0.00032813783
Hpse,0.00032813783
Gm13990,0.00032813783
Gm14280,0.00032813783
Gm14207,0.00032813783
Htr7,0.00032813783
Htr4,0.00032813783
5830415G21Rik,0.00032813783
Gm13710,0.00032813783
Gm13936,0.00032813783
Rpl10l,0.00032813783
Gm13964,0.00032813783
Gm36235,0.00032813783
6530401F13Rik,0.00032813783
Gm36642,0.00032813783
Gm13496,0.00032813783
Nrap,0.00032813783
Gm49354,0.00032813783
Gm14216,0.00032813783
Gm14051,0.00032813783
Gm36241,0.00032813783
Gm13070,0.00032813783
Gm13201,0.00032813783
Unc80,0.00032813783
Gm36243,0.00032813783
Gm13381,0.00032813783
Gm49345,0.00032813783
Gm13411,0.00032813783
Gm36723,0.00032813783
Rsph14,0.00032813783
Rslcan18,0.00032813783
Rs1,0.00032813783
Gm14808,0.00032813783
Nol4,0.00032813783
Nod2,0.00032813783
Gm37262,0.00032813783
Gm37134,0.00032813783
Gm35853,0.00032813783
Gm14508,0.00032813783
Uchl4,0.00032813783
Gm35835,0.00032813783
Gm48903,0.00032813783
Vat1l,0.00032813783
Gm48961,0.00032813783
4933428G20Rik,0.00032813783
4933430M04Rik,0.00032813783
9530003O04Rik,0.00032813783
4933427E11Rik,0.00032813783
Gm49422,0.00032813783
Gm37121,0.00032813783
9330175E14Rik,0.00032813783
Gm36159,0.00032813783
Ugt8a,0.00032813783
5430414B19Rik,0.00032813783
5430427N15Rik,0.00032813783
Gm49192,0.00032813783
Htr2c,0.00032813783
Gm37176,0.00032813783
Gm37168,0.00032813783
Gm37165,0.00032813783
Gm13166,0.00032813783
Gm49319,0.00032813783
Gm49323,0.00032813783
Gm37058,0.00032813783
Gm49313,0.00032813783
Gm12784,0.00032813783
Gm37101,0.00032813783
Gm37080,0.00032813783
Gm37074,0.00032813783
Npffr1,0.00032813783
Gm14661,0.00032813783
Npas1,0.00032813783
Adcy1,0.00032813783
Trim72,0.00032813783
Trim66,0.00032813783
Gm49761,0.00032813783
Gm37968,0.00032813783
Serpinb6c,0.00032813783
Serpinb1b,0.00032813783
4930565D16Rik,0.00032813783
Gm11033,0.00032813783
Gm37651,0.00032813783
Adap2os,0.00032813783
Adgrg5,0.00032813783
Hgfac,0.00032813783
Gm10714,0.00032813783
Hhipl1,0.00032813783
Gm49807,0.00032813783
Gm48383,0.00032813783
Gm48421,0.00032813783
Gm4841,0.00032813783
Gm48405,0.00032813783
Gm10997,0.00032813783
Retnla,0.00032813783
Gm15816,0.00032813783
Gm48648,0.00032813783
Il1rl1,0.00032813783
Olfr1062,0.00032813783
Gm11437,0.00032813783
Septin5,0.00032813783
Acot4,0.00032813783
Gm11238,0.00032813783
Adcyap1r1,0.00032813783
Vwa3b,0.00032813783
Gm48508,0.00032813783
Gm48500,0.00032813783
Gm48543,0.00032813783
Gm49774,0.00032813783
Gm49784,0.00032813783
Gm49804,0.00032813783
Adamtsl5,0.00032813783
Trim42,0.00032813783
Adgrb1,0.00032813783
Vtn,0.00032813783
Trarg1,0.00032813783
Trbc1,0.00032813783
Olfr330,0.00032813783
Gm10745,0.00032813783
Gm38228,0.00032813783
Gm38104,0.00032813783
Gm16283,0.00032813783
Rapgef4os2,0.00032813783
Rarres1,0.00032813783
Gm48442,0.00032813783
Gm10532,0.00032813783
Shank1,0.00032813783
Gm10605,0.00032813783
Olfr214,0.00032813783
Gm16063,0.00032813783
Sftpb,0.00032813783
Gm16070,0.00032813783
Sgcg,0.00032813783
Rad51ap2,0.00032813783
Olfr736,0.00032813783
Sh2d2a,0.00032813783
Adrb2,0.00032813783
Rbm46os,0.00032813783
Rbmxl2,0.00032813783
Gm16046,0.00032813783
Adgrf4,0.00032813783
Adgre4,0.00032813783
Gm16244,0.00032813783
Gm38146,0.00032813783
Gm38186,0.00032813783
Gm38169,0.00032813783
Gm38140,0.00032813783
Gm38066,0.00032813783
Adra1a,0.00032813783
Gm16549,0.00032813783
Adm,0.00032813783
Trim15,0.00032813783
Naip5,0.00032813783
Trhde,0.00032813783
Insc,0.00032813783
Rasal3,0.00032813783
Gm48332,0.00032813783
Gm38056,0.00032813783
Sec14l5,0.00032813783
Gm49662,0.00032813783
AC153912.1,0.00032813783
AC152452.1,0.00032813783
AI504432,0.00032813783
Ttc6,0.00032813783
Ttc36,0.00032813783
Vsx2,0.00032813783
AU017674,0.00032813783
Gm48627,0.00032813783
Hif3a,0.00032813783
Gm49544,0.00032813783
Gm49735,0.00032813783
Gm49741,0.00032813783
Gm15642,0.00032813783
Gm37792,0.00032813783
Gm37786,0.00032813783
Gm15629,0.00032813783
Gm37809,0.00032813783
Gm48704,0.00032813783
AL645799.1,0.00032813783
Gm37675,0.00032813783
Vpreb1,0.00032813783
Nfe2,0.00032813783
Gm12064,0.00032813783
Gm12065,0.00032813783
Gm12122,0.00032813783
Gm49588,0.00032813783
Gm4961,0.00032813783
Gm49586,0.00032813783
AA467197,0.00032813783
A730090N16Rik,0.00032813783
4933404K13Rik,0.00032813783
AC115752.1,0.00032813783
AC113490.1,0.00032813783
A930002H02Rik,0.00032813783
Ttr,0.00032813783
Sec1,0.00032813783
4933406P04Rik,0.00032813783
Gm37696,0.00032813783
Hmcn2,0.00032813783
A830005F24Rik,0.00032813783
Gm48621,0.00032813783
Gm15983,0.00032813783
Abcb11,0.00032813783
Nefh,0.00032813783
Gm37853,0.00032813783
Gm15945,0.00032813783
Trpa1,0.00032813783
Abhd11os,0.00032813783
Iho1,0.00032813783
Vwce,0.00032813783
Serpina6,0.00032813783
Gm15747,0.00032813783
Gm15713,0.00032813783
Gm38075,0.00032813783
Gm37954,0.00032813783
Gm15728,0.00032813783
Gm15873,0.00032813783
Acp4,0.00032813783
Acot3,0.00032813783
4931406G06Rik,0.00032813783
Serpinb12,0.00032813783
Gm48717,0.00032813783
Gm11730,0.00032813783
AY702103,0.00032813783
AW495222,0.00032813783
Tspan32os,0.00032813783
Gm15558,0.00032813783
Gm37720,0.00032813783
Gm37756,0.00032813783
Trpm8,0.00032813783
Abca14,0.00032813783
Gm15852,0.00032813783
Gm37864,0.00032813783
Ndufa4l2,0.00032813783
Gm37876,0.00032813783
Gm37931,0.00032813783
Gm37776,0.00032813783
Abcc8,0.00032813783
Sema4f,0.00032813783
Gm11280,0.00032813783
Il17rb,0.00032813783
Gm48601,0.00032813783
Gm11342,0.00032813783
1700019D03Rik,0.00032813783
Lrrc34,0.00032813783
Gm44716,0.00032813783
Tcfl5,0.00032813783
1700105P06Rik,0.00032813783
Capn8,0.00032813783
Carmil2,0.00032813783
1700019N19Rik,0.00032813783
Zfp92,0.00032813783
Cav3,0.00032813783
Card14,0.00032813783
Sox15,0.00032813783
Sohlh1,0.00032813783
Gm26666,0.00032813783
Gm45570,0.00032813783
Gm43950,0.00032813783
Cidec,0.00032813783
Cidea,0.00032813783
Cibar2,0.00032813783
Gm45592,0.00032813783
Sytl1,0.00032813783
Cd177,0.00032813783
Gm26648,0.00032813783
Pon1,0.00032813783
L1cam,0.00032813783
Dmrtb1,0.00032813783
Gm44760,0.00032813783
Sox5it,0.00032813783
Chrna9,0.00032813783
Gm31513,0.00032813783
Gm31479,0.00032813783
Chrna5,0.00032813783
Gm44758,0.00032813783
Gm26839,0.00032813783
Catspere1,0.00032813783
Coro6,0.00032813783
Gm8773,0.00032813783
Fgr,0.00032813783
Gm26682,0.00032813783
Gm30239,0.00032813783
Lrrc55,0.00032813783
Gm43372,0.00032813783
Gm884,0.00032813783
Sp6,0.00032813783
Dlgap3,0.00032813783
Gm31854,0.00032813783
Gm43598,0.00032813783
Gm31925,0.00032813783
Dlx6os1,0.00032813783
Commd1b,0.00032813783
Gm43415,0.00032813783
Pde6b,0.00032813783
1700020L13Rik,0.00032813783
Tgfbr3l,0.00032813783
Gm43403,0.00032813783
Ppp1r1b,0.00032813783
Car5a,0.00032813783
Dupd1,0.00032813783
1110018N20Rik,0.00032813783
Krt72,0.00032813783
Gm43768,0.00032813783
Gm31717,0.00032813783
1810046K07Rik,0.00032813783
Gm45694,0.00032813783
1810020O05Rik,0.00032813783
Stat4,0.00032813783
Gm29020,0.00032813783
Lrrtm2,0.00032813783
Cd200r4,0.00032813783
Gm44662,0.00032813783
Themis3,0.00032813783
Gm44649,0.00032813783
Gm44647,0.00032813783
Gm43197,0.00032813783
Gm43203,0.00032813783
Gm25995,0.00032813783
Cyp2f2,0.00032813783
Dpys,0.00032813783
Krt88,0.00032813783
Gm26236,0.00032813783
Syngr4,0.00032813783
Syt15,0.00032813783
Lrrtm1,0.00032813783
Gm31615,0.00032813783
Gm30198,0.00032813783
Methig1,0.00032813783
Gm44093,0.00032813783
Gm43312,0.00032813783
Gm30698,0.00032813783
Mcoln2,0.00032813783
Gm28342,0.00032813783
Gm44178,0.00032813783
Cox7b2,0.00032813783
Gm8633,0.00032813783
Gm28320,0.00032813783
Pde6c,0.00032813783
Gm26531,0.00032813783
Dmtn,0.00032813783
Zscan10,0.00032813783
0610033M10Rik,0.00032813783
Dnaaf1,0.00032813783
Cnbd1,0.00032813783
Dnah2os,0.00032813783
Cmklr1,0.00032813783
Dnah5,0.00032813783
Svop,0.00032813783
Dmrta2,0.00032813783
Gm26132,0.00032813783
Ppm1j,0.00032813783
Susd2,0.00032813783
1500026H17Rik,0.00032813783
Gm2694,0.00032813783
Gm26938,0.00032813783
Gm28379,0.00032813783
Gm5784,0.00032813783
Gm45341,0.00032813783
Gm5767,0.00032813783
Ces1d,0.00032813783
Cers3,0.00032813783
Crhr1,0.00032813783
Gm45428,0.00032813783
Gm45354,0.00032813783
Lhfpl1,0.00032813783
Gm27027,0.00032813783
Gm45213,0.00032813783
Defb42,0.00032813783
Stum,0.00032813783
Mag,0.00032813783
Spdef,0.00032813783
Gm26981,0.00032813783
Gm44077,0.00032813783
Gm27008,0.00032813783
Gm3045,0.00032813783
Gm4409,0.00032813783
Platr21,0.00032813783
Tcstv1,0.00032813783
Gm44129,0.00032813783
Ccdc88b,0.00032813783
Lgals12,0.00032813783
Spint1,0.00032813783
Gm31084,0.00032813783
Gm31045,0.00032813783
Gm30954,0.00032813783
Ccdc96,0.00032813783
Gm31036,0.00032813783
Gm28694,0.00032813783
Spx,0.00032813783
D630036H23Rik,0.00032813783
Sprn,0.00032813783
D530033B14Rik,0.00032813783
Gm44957,0.00032813783
D630030B08Rik,0.00032813783
Stmn2,0.00032813783
Gm28501,0.00032813783
Crxos,0.00032813783
Lrp2,0.00032813783
Gm28424,0.00032813783
Tekt4,0.00032813783
Pnmt,0.00032813783
Ccl4,0.00032813783
Pnma5,0.00032813783
Tecta,0.00032813783
D830013O20Rik,0.00032813783
Cend1,0.00032813783
Gm28778,0.00032813783
Celsr3,0.00032813783
D830032E09Rik,0.00032813783
Zfp575,0.00032813783
D16Ertd519e,0.00032813783
Phox2b,0.00032813783
Ceacam10,0.00032813783
D130079A08Rik,0.00032813783
Cysltr2,0.00032813783
Cysltr1,0.00032813783
Gm44836,0.00032813783
Gm44834,0.00032813783
Pde6h,0.00032813783
Gm43568,0.00032813783
Dhx58os,0.00032813783
Dio3,0.00032813783
Platr16,0.00032813783
Gm43348,0.00032813783
Gm43463,0.00032813783
Gm43464,0.00032813783
Gm44840,0.00032813783
Gm44837,0.00032813783
Lin28a,0.00032813783
Gm26930,0.00032813783
Gm26920,0.00032813783
Gm45632,0.00032813783
Tex49,0.00032813783
Pcp4,0.00032813783
Gm45231,0.00032813783
Cblc,0.00032813783
Zfp972,0.00032813783
Ccdc190,0.00032813783
Spon2,0.00032813783
Gm30127,0.00032813783
1700092M07Rik,0.00032813783
Spink8,0.00032813783
Dcaf12l2,0.00032813783
Mecomos,0.00032813783
Gm31108,0.00032813783
Pdx1,0.00032813783
Mdga1,0.00032813783
Gm44878,0.00032813783
Spef1l,0.00032813783
Gm45397,0.00032813783
1700109K24Rik,0.00032813783
Lctl,0.00032813783
Ccr1,0.00032813783
Gm45537,0.00032813783
Pla2g3,0.00032813783
Terb2,0.00032813783
Tes3-ps,0.00032813783
Tespa1,0.00032813783
Gpx6,0.00032813783
Gm43421,0.00032813783
Ccdc113,0.00032813783
Gm28941,0.00032813783
Gm26852,0.00032813783
Cpn1,0.00032813783
Gm44187,0.00032813783
Gm28874,0.00032813783
2600002D14Rik,0.00032813783
Gm23138,0.00032813783
Egln3,0.00032813783
Smr2l,0.00032813783
Gm44613,0.00032813783
Cd8b1,0.00032813783
Gm32442,0.00032813783
Gm28913,0.00032813783
Cylc1,0.00032813783
Gm44618,0.00032813783
Gm28078,0.00032813783
C4a,0.00032813783
Calcr,0.00032813783
Gm27184,0.00032813783
1700016K05Rik,0.00032813783
1700016H13Rik,0.00032813783
1600025M17Rik,0.00032813783
Mapk11,0.00032813783
Gm32624,0.00032813783
Pkd1l2,0.00032813783
Gm42939,0.00032813783
Gm45785,0.00032813783
Gm45758,0.00032813783
Pcdhb10,0.00032813783
Gm9895,0.00032813783
Gm9910,0.00032813783
Gm28036,0.00032813783
Plxnb3,0.00032813783
2210417A02Rik,0.00032813783
Krt222,0.00032813783
1700081N11Rik,0.00032813783
Gm43859,0.00032813783
St8sia3os,0.00032813783
Luzp4,0.00032813783
Gm44689,0.00032813783
Plppr4,0.00032813783
Stac,0.00032813783
Gm43797,0.00032813783
C79130,0.00032813783
C87198,0.00032813783
Gm25337,0.00032813783
2610017A05Rik,0.00032813783
Gm43815,0.00032813783
Drc7,0.00032813783
1700085D07Rik,0.00032813783
Gm44632,0.00032813783
2310074N15Rik,0.00032813783
Gm44574,0.00032813783
Pcdhgb2,0.00032813783
Gm4566,0.00032813783
Gm43844,0.00032813783
Gm28052,0.00032813783
Gm28807,0.00032813783
Cyp26b1,0.00032813783
Cxcl9,0.00032813783
Gm44702,0.00032813783
Gm42967,0.00032813783
Gm9939,0.00032813783
Znrd2,0.00032813783
Zmynd10,0.00032813783
C230012O17Rik,0.00032813783
Cd300e,0.00032813783
Plin5,0.00032813783
Gm9947,0.00032813783
C1qtnf3,0.00032813783
Gm9918,0.00032813783
C2cd4d,0.00032813783
Ppp1r3g,0.00032813783
Zim1,0.00032813783
Klrk1,0.00032813783
Ppp1r3a,0.00032813783
Tlr8,0.00032813783
Lipi,0.00032813783
Pcdhb4,0.00032813783
Pcdhb3,0.00032813783
Pcdhb15,0.00032813783
Pcdhb13,0.00032813783
Gm45928,0.00032813783
Phyhip,0.00032813783
C1s2,0.00032813783
1700006J14Rik,0.00032813783
Gm45114,0.00032813783
Gm2814,0.00032813783
Enthd1,0.00032813783
1700013F07Rik,0.00032813783
Gm2453,0.00032813783
Gm44421,0.00032813783
Ltc4s,0.00032813783
Gm8237,0.00032813783
C78859,0.00032813783
Tcl1b2,0.00032813783
Gp6,0.00032813783
Gnb3,0.00032813783
1700022N22Rik,0.00032813783
Gpr20,0.00032813783
Gm2479,0.00032813783
Ebi3,0.00032813783
Gpr182,0.00032813783
Pramel15,0.00032813783
Gpr179,0.00032813783
Zfp981,0.00032813783
Gm29254,0.00032813783
Gm29185,0.00032813783
Gm45774,0.00032813783
Gm32081,0.00032813783
Cyp11b1,0.00032813783
1700003F12Rik,0.00032813783
Cd28,0.00032813783
Gm32036,0.00032813783
1110035H17Rik,0.00032813783
Gm42868,0.00032813783
Gm42874,0.00032813783
Gm24920,0.00032813783
1810053B23Rik,0.00032813783
Dusp27,0.00032813783
E230016K23Rik,0.00032813783
Dynlt4,0.00032813783
Cldn3,0.00032813783
Mat1a,0.00032813783
Cldn2,0.00032813783
1700034K08Rik,0.00032813783
Cldn7,0.00032813783
Cldn4,0.00032813783
Clec2g,0.00032813783
Clca4b,0.00032813783
Gm45016,0.00032813783
Gm43162,0.00032813783
Gm816,0.00032813783
Gm815,0.00032813783
Gm43137,0.00032813783
2310008N11Rik,0.00032813783
Dytn,0.00032813783
Drd3,0.00032813783
Cd5l,0.00032813783
Dydc2,0.00032813783
Sntn,0.00032813783
Gm8066,0.00032813783
Clhc1,0.00032813783
Clec5a,0.00032813783
Cdhr4,0.00032813783
Gm29051,0.00032813783
Synpr,0.00032813783
Cyp2e1,0.00032813783
Gm5426,0.00032813783
Doc2a,0.00032813783
Cd79b,0.00032813783
Dpep3,0.00032813783
1520401A03Rik,0.00032813783
Cyp4x1,0.00032813783
Gm43267,0.00032813783
Gm550,0.00032813783
Gna15,0.00032813783
Pin1rt1,0.00032813783
Mab21l3,0.00032813783
E130101E03Rik,0.00032813783
Gm43101,0.00032813783
Cyp2c23,0.00032813783
2010110K18Rik,0.00032813783
Snord55,0.00032813783
Cntnap4,0.00032813783
1700025H01Rik,0.00032813783
Marchf4,0.00032813783
Cdh22,0.00032813783
Cdc34b,0.00032813783
Zfp935,0.00032813783
Syce1l,0.00032813783
E130008D07Rik,0.00032813783
Mill1,0.00032813783
Gm27241,0.00032813783
Mipepos,0.00032813783
Mir124-2hg,0.00032813783
Gm44560,0.00032813783
Gm25835,0.00032813783
Gm44559,0.00032813783
Cyp4f39,0.00032813783
Gpr1,0.00032813783
Thtpa,0.00032813783
Gm44553,0.00032813783
Gm7968,0.00032813783
Grm4,0.00032813783
Gm5106,0.00032813783
Gm43789,0.00032813783
Gm43814,0.00032813783
Cys1,0.00032813783
Mgat4d,0.00032813783
Gm43032,0.00032813783
Ltb,0.00032813783
Lrtm1,0.00032813783
Gm44695,0.00032813783
Gm35167,0.00016406892
Gm30363,0.00016406892
Gm28784,0.00016406892
1700041M19Rik,0.00016406892
Gm15880,0.00016406892
Rd3,0.00016406892
Gm15912,0.00016406892
Gm35154,0.00016406892
Gm15910,0.00016406892
Gm29477,0.00016406892
Gm28756,0.00016406892
Gm15829,0.00016406892
Gm49678,0.00016406892
Gm49659,0.00016406892
Gpr156,0.00016406892
Gm28370,0.00016406892
Gm15908,0.00016406892
Gm15567,0.00016406892
Platr26,0.00016406892
Zfp82,0.00016406892
Gm29681,0.00016406892
Gm49766,0.00016406892
Gm30340,0.00016406892
Plg,0.00016406892
Gm49721,0.00016406892
Gm29478,0.00016406892
4933409F18Rik,0.00016406892
Zfp781,0.00016406892
Gm6871,0.00016406892
Gm49727,0.00016406892
Gm15851,0.00016406892
Gm805,0.00016406892
Gm35177,0.00016406892
Gm15527,0.00016406892
1700042O10Rik,0.00016406892
Gm28047,0.00016406892
Gm15680,0.00016406892
1700042D02Rik,0.00016406892
Gm49769,0.00016406892
4933408N05Rik,0.00016406892
Gm6961,0.00016406892
Hhipl2,0.00016406892
Gm49857,0.00016406892
Rergl,0.00016406892
Gm49729,0.00016406892
Gm29480,0.00016406892
4930579H20Rik,0.00016406892
Plppr1,0.00016406892
Plekhs1,0.00016406892
Gm15624,0.00016406892
Gm15956,0.00016406892
Gm15918,0.00016406892
Gm15737,0.00016406892
Gm15802,0.00016406892
Gm30613,0.00016406892
Odad3,0.00016406892
Gm29707,0.00016406892
Olfr128,0.00016406892
4930594C11Rik,0.00016406892
Phf11a,0.00016406892
4930588A03Rik,0.00016406892
Plek2,0.00016406892
Gm15965,0.00016406892
Gm27169,0.00016406892
Olfr1419,0.00016406892
Gm29823,0.00016406892
Gm29687,0.00016406892
Gm28323,0.00016406892
4932431P20Rik,0.00016406892
Gm28373,0.00016406892
Ret,0.00016406892
Gm15859,0.00016406892
4932438H23Rik,0.00016406892
Vsnl1,0.00016406892
Plekhg6,0.00016406892
Gpr132,0.00016406892
Gm28308,0.00016406892
1700030C12Rik,0.00016406892
Gm15862,0.00016406892
4930583K01Rik,0.00016406892
Gm15868,0.00016406892
Gm28720,0.00016406892
Vtcn1,0.00016406892
1700037F03Rik,0.00016406892
Vsig8,0.00016406892
Gm15895,0.00016406892
4930587E11Rik,0.00016406892
Vsig2,0.00016406892
Hjv,0.00016406892
Gm15775,0.00016406892
Gm29737,0.00016406892
Gm30541,0.00016406892
Gm35940,0.00016406892
Gm29069,0.00016406892
Gm29103,0.00016406892
Gm15063,0.00016406892
Gm29106,0.00016406892
1700024B18Rik,0.00016406892
Gm14965,0.00016406892
5330413P13Rik,0.00016406892
1700024G13Rik,0.00016406892
5430440P10Rik,0.00016406892
Rnf138rt1,0.00016406892
Gm867,0.00016406892
Gm14376,0.00016406892
Gm7967,0.00016406892
Rnf223,0.00016406892
Gm14409,0.00016406892
Gm14396,0.00016406892
Gm49457,0.00016406892
Hpcal4,0.00016406892
Gm49334,0.00016406892
Pkhd1l1,0.00016406892
Gm29152,0.00016406892
Gm29459,0.00016406892
Gm14377,0.00016406892
4933424G06Rik,0.00016406892
Rnase10,0.00016406892
Rnase1,0.00016406892
1700008A23Rik,0.00016406892
Gm14418,0.00016406892
Gm35986,0.00016406892
Gm35974,0.00016406892
Hoxa2,0.00016406892
Hoxaas2,0.00016406892
Gm29040,0.00016406892
Gm28998,0.00016406892
Gm29340,0.00016406892
Gm29017,0.00016406892
1500035N22Rik,0.00016406892
Gm49418,0.00016406892
Gm49416,0.00016406892
Usp9y,0.00016406892
Pifo,0.00016406892
4933429H19Rik,0.00016406892
Gm29417,0.00016406892
Gm29453,0.00016406892
4933416E03Rik,0.00016406892
4933413L06Rik,0.00016406892
Gm35552,0.00016406892
Hoxa4,0.00016406892
5730596B20Rik,0.00016406892
5730521K06Rik,0.00016406892
Gm14214,0.00016406892
Ltk,0.00016406892
5730435O14Rik,0.00016406892
1700018A04Rik,0.00016406892
Gm29264,0.00016406892
Gm29283,0.00016406892
Hpx,0.00016406892
Rnf39,0.00016406892
Gm36278,0.00016406892
Gm9796,0.00016406892
Gm36355,0.00016406892
Gm36372,0.00016406892
Ntn5,0.00016406892
Gm36913,0.00016406892
Nrn1l,0.00016406892
6430553K19Rik,0.00016406892
Upk3a,0.00016406892
Gm9922,0.00016406892
Gm9930,0.00016406892
Gm13919,0.00016406892
Zic4,0.00016406892
1110002E22Rik,0.00016406892
5730403I07Rik,0.00016406892
5530401A14Rik,0.00016406892
5430402P08Rik,0.00016406892
5430400D12Rik,0.00016406892
Usp44,0.00016406892
Ly6c2,0.00016406892
Gm44625,0.00016406892
Gm49441,0.00016406892
Gm49439,0.00016406892
Gm49431,0.00016406892
Gm36120,0.00016406892
Gnat3,0.00016406892
Gm14461,0.00016406892
Gm14547,0.00016406892
Gm14532,0.00016406892
Gm14496,0.00016406892
5930409G06Rik,0.00016406892
Gm14211,0.00016406892
Gm14233,0.00016406892
Rnu11,0.00016406892
1700009C05Rik,0.00016406892
Ropn1,0.00016406892
1700003E16Rik,0.00016406892
Gm49226,0.00016406892
Gm36200,0.00016406892
Gm35208,0.00016406892
Pgr15l,0.00016406892
Oit1,0.00016406892
Ofcc1,0.00016406892
Odf4,0.00016406892
Odf3b,0.00016406892
Gm29677,0.00016406892
Gm30124,0.00016406892
Vmn1r90,0.00016406892
Gm30091,0.00016406892
Gm35248,0.00016406892
mt-Tv,0.00016406892
Gm35326,0.00016406892
Gm15389,0.00016406892
Gm15401,0.00016406892
Oc90,0.00016406892
Gm28959,0.00016406892
Gm29296,0.00016406892
Gm29331,0.00016406892
Gm29336,0.00016406892
Oaz3,0.00016406892
Gm29564,0.00016406892
Gm35019,0.00016406892
Gm35333,0.00016406892
Plaat1,0.00016406892
Hmga1b,0.00016406892
Hm629797,0.00016406892
Gm49660,0.00016406892
4933408J17Rik,0.00016406892
Gm28411,0.00016406892
4933406J09Rik,0.00016406892
4933402J07Rik,0.00016406892
Gm28494,0.00016406892
4933400F21Rik,0.00016406892
Platr9,0.00016406892
Pglyrp2,0.00016406892
Gm49622,0.00016406892
Gm49620,0.00016406892
Vmn2r111,0.00016406892
Vmn2r25,0.00016406892
Platr28,0.00016406892
1700040D17Rik,0.00016406892
Vmn2r59,0.00016406892
1700030F04Rik,0.00016406892
Vmn2r71,0.00016406892
Vmn2r82,0.00016406892
Vmn2r87,0.00016406892
4933403O08Rik,0.00016406892
Gm28404,0.00016406892
Gm4952,0.00016406892
Gm49518,0.00016406892
Hormad1,0.00016406892
Gm15222,0.00016406892
Gm15262,0.00016406892
1700020A23Rik,0.00016406892
Zfp97,0.00016406892
Vinac1,0.00016406892
Vmn1r203,0.00016406892
Gm29797,0.00016406892
Pla2g4d,0.00016406892
Nxnl1,0.00016406892
Pla2g12b,0.00016406892
Gm7580,0.00016406892
Gm49493,0.00016406892
Gm49484,0.00016406892
Gm49503,0.00016406892
Gm49496,0.00016406892
Gm15419,0.00016406892
Gm15416,0.00016406892
Gpat2,0.00016406892
Gpc2,0.00016406892
1500032F14Rik,0.00016406892
0610010K14Rik,0.00016406892
Pla2g4f,0.00016406892
Nxph1,0.00016406892
Nxpe5,0.00016406892
Rho,0.00016406892
Rhox4a2,0.00016406892
Rhov,0.00016406892
1700026N04Rik,0.00016406892
1700028I16Rik,0.00016406892
Gm35460,0.00016406892
1700028K03Rik,0.00016406892
Rgs18,0.00016406892
1700028N14Rik,0.00016406892
Gm35554,0.00016406892
1700025N23Rik,0.00016406892
1700026D11Rik,0.00016406892
Gm15511,0.00016406892
Pla2g2c,0.00016406892
Gm15498,0.00016406892
Gm15486,0.00016406892
1700061H18Rik,0.00016406892
Gm15243,0.00016406892
Gm15287,0.00016406892
Gm14718,0.00016406892
Gm14705,0.00016406892
Gm35572,0.00016406892
Gm15478,0.00016406892
Gm50244,0.00016406892
Gm50277,0.00016406892
Gm5420,0.00016406892
Zcchc12,0.00016406892
4930429F24Rik,0.00016406892
Gm20605,0.00016406892
Gm20594,0.00016406892
Zc2hc1b,0.00016406892
Zbtb32,0.00016406892
Gm25930,0.00016406892
Gm26129,0.00016406892
Gm13780,0.00016406892
4930553P18Rik,0.00016406892
Gm50237,0.00016406892
1810013D15Rik,0.00016406892
Padi3,0.00016406892
Padi1,0.00016406892
Gm33340,0.00016406892
Gm33301,0.00016406892
Gm33474,0.00016406892
Gm20617,0.00016406892
Pck1,0.00016406892
H3c15,0.00016406892
H2bc9,0.00016406892
4930445E18Rik,0.00016406892
Pcdhga8,0.00016406892
Gm26604,0.00016406892
Gm5444,0.00016406892
4732414G09Rik,0.00016406892
Gm5447,0.00016406892
Grid2ip,0.00016406892
Prss48,0.00016406892
Prss47,0.00016406892
Grin1,0.00016406892
2010009K17Rik,0.00016406892
4921511I17Rik,0.00016406892
2010013B24Rik,0.00016406892
4921524L21Rik,0.00016406892
Gm26608,0.00016406892
1700126H18Rik,0.00016406892
Gm50218,0.00016406892
Gucy2f,0.00016406892
Gucy2e,0.00016406892
Gucy2d,0.00016406892
4930404I05Rik,0.00016406892
4930404A12Rik,0.00016406892
4930407G08Rik,0.00016406892
4833428L15Rik,0.00016406892
Grin3b,0.00016406892
Gm5493,0.00016406892
Gm20618,0.00016406892
P2ry13,0.00016406892
P2rx1,0.00016406892
Gm33843,0.00016406892
Gm50362,0.00016406892
Gm18280,0.00016406892
Pudp,0.00016406892
Ptx3,0.00016406892
Ptpru,0.00016406892
4930502E09Rik,0.00016406892
Gm26629,0.00016406892
Gm34086,0.00016406892
Gm34084,0.00016406892
Gm26638,0.00016406892
Gm34078,0.00016406892
Gm26645,0.00016406892
Ostn,0.00016406892
Osm,0.00016406892
Gm20443,0.00016406892
Gm19696,0.00016406892
Ptprcap,0.00016406892
Pcsk9,0.00016406892
Gm20052,0.00016406892
Gm20161,0.00016406892
Gm31983,0.00016406892
Pou5f1,0.00016406892
Gm20098,0.00016406892
Pp2d1,0.00016406892
Gm19590,0.00016406892
Gm19552,0.00016406892
Pou2af1,0.00016406892
Gm26612,0.00016406892
Pde4c,0.00016406892
Gm26187,0.00016406892
4930438A08Rik,0.00016406892
H2-T24,0.00016406892
Gm50285,0.00016406892
H2ac22,0.00016406892
H2ac21,0.00016406892
H2ac11,0.00016406892
H2bc22,0.00016406892
4930447N08Rik,0.00016406892
Gm31182,0.00016406892
4930452N14Rik,0.00016406892
4930452G13Rik,0.00016406892
4930452A19Rik,0.00016406892
Gm26665,0.00016406892
4930459C07Rik,0.00016406892
4930433N12Rik,0.00016406892
Gm31205,0.00016406892
4930432E11Rik,0.00016406892
Gm33940,0.00016406892
Pdcd1lg2,0.00016406892
Gm31592,0.00016406892
Gm20483,0.00016406892
Gm31518,0.00016406892
Gm20529,0.00016406892
4930479D17Rik,0.00016406892
4930448C13Rik,0.00016406892
Gm1979,0.00016406892
4930455G09Rik,0.00016406892
Gm23751,0.00016406892
2900057B20Rik,0.00016406892
3100003L05Rik,0.00016406892
Gm525,0.00016406892
Gm5149,0.00016406892
Gstm3,0.00016406892
Prmt8,0.00016406892
Prm2,0.00016406892
Prl8a2,0.00016406892
Gm24853,0.00016406892
Gm24878,0.00016406892
Prokr2,0.00016406892
Gm5441,0.00016406892
Proc,0.00016406892
Prn,0.00016406892
4632411P08Rik,0.00016406892
3632454L22Rik,0.00016406892
2900042K21Rik,0.00016406892
2900018N21Rik,0.00016406892
2810457G06Rik,0.00016406892
Zfhx2os,0.00016406892
Gm32531,0.00016406892
4833415N18Rik,0.00016406892
4833413E03Rik,0.00016406892
3110070M22Rik,0.00016406892
Gm32569,0.00016406892
Prok2,0.00016406892
Pcdhb8,0.00016406892
Prkag3,0.00016406892
Prima1,0.00016406892
Gm21969,0.00016406892
Gm32027,0.00016406892
Pax3,0.00016406892
Gm32357,0.00016406892
Gm23677,0.00016406892
Gm24145,0.00016406892
Gm24045,0.00016406892
Gm24610,0.00016406892
Prdx6b,0.00016406892
Gm24379,0.00016406892
2410004P03Rik,0.00016406892
Gm32105,0.00016406892
Gm22516,0.00016406892
Gm32200,0.00016406892
Gm50395,0.00016406892
Gm50416,0.00016406892
Gm50412,0.00016406892
Gm32061,0.00016406892
Gm50402,0.00016406892
2610028H24Rik,0.00016406892
Gm23205,0.00016406892
Pramel23,0.00016406892
2810430I11Rik,0.00016406892
2610528A11Rik,0.00016406892
Gm24412,0.00016406892
Gm5127,0.00016406892
Gm5105,0.00016406892
Gm21411,0.00016406892
Gm21846,0.00016406892
Gm21844,0.00016406892
Gm21818,0.00016406892
Prol1,0.00016406892
Gm21859,0.00016406892
Grxcr2,0.00016406892
Zfp385c,0.00016406892
Gm33201,0.00016406892
2310069B03Rik,0.00016406892
Gm25517,0.00016406892
Guca2a,0.00016406892
Gm25630,0.00016406892
Gm25259,0.00016406892
Zfp474,0.00016406892
Gm20661,0.00016406892
Gm20713,0.00016406892
Gm20711,0.00016406892
Gm20731,0.00016406892
Zfp488,0.00016406892
Pabpc5,0.00016406892
Pagr1a,0.00016406892
1810065E05Rik,0.00016406892
Gucy2c,0.00016406892
4732465J04Rik,0.00016406892
Gm20650,0.00016406892
Guca1a,0.00016406892
Gm50335,0.00016406892
Pax5,0.00016406892
Gm23639,0.00016406892
Prdm13,0.00016406892
2600006K01Rik,0.00016406892
4732487G21Rik,0.00016406892
Gm31805,0.00016406892
Gm31814,0.00016406892
Gm33674,0.00016406892
Gm33023,0.00016406892
Panx2,0.00016406892
Gm31816,0.00016406892
Gm33206,0.00016406892
Gm2109,0.00016406892
2410004I01Rik,0.00016406892
2310043O21Rik,0.00016406892
2310047D07Rik,0.00016406892
Gm20757,0.00016406892
Gm20755,0.00016406892
Gm20878,0.00016406892
2310020H05Rik,0.00016406892
Gm33543,0.00016406892
Gm33524,0.00016406892
Gm33111,0.00016406892
2410137M14Rik,0.00016406892
2510016D11Rik,0.00016406892
Pcdhgb4,0.00016406892
4930556G22Rik,0.00016406892
4930572G02Rik,0.00016406892
4930570G19Rik,0.00016406892
4930573C15Rik,0.00016406892
Gm49891,0.00016406892
Gm49890,0.00016406892
Gm49906,0.00016406892
Gm49949,0.00016406892
Gm30173,0.00016406892
Olfr543,0.00016406892
Gm30177,0.00016406892
Gm30806,0.00016406892
Gm26586,0.00016406892
Gm16587,0.00016406892
Gm16725,0.00016406892
4930596I21Rik,0.00016406892
Gm6145,0.00016406892
Gm16193,0.00016406892
Gm6205,0.00016406892
Gm6249,0.00016406892
Gm16064,0.00016406892
Gm6260,0.00016406892
1700066O22Rik,0.00016406892
Olfr213,0.00016406892
1700063D05Rik,0.00016406892
Olfr267,0.00016406892
Perm1,0.00016406892
Gm49967,0.00016406892
Gm50011,0.00016406892
Hcrtr1,0.00016406892
Gm50023,0.00016406892
Gm30524,0.00016406892
Gm31333,0.00016406892
Gm31369,0.00016406892
Gm17108,0.00016406892
Gm17103,0.00016406892
Gm16796,0.00016406892
Gm31265,0.00016406892
Rab37,0.00016406892
Olfr77,0.00016406892
1700100I10Rik,0.00016406892
4930555F03Rik,0.00016406892
Pnpla3,0.00016406892
4930555A03Rik,0.00016406892
Rag1,0.00016406892
Podnl1,0.00016406892
Gm16348,0.00016406892
Gm26834,0.00016406892
Gm16341,0.00016406892
Gm49942,0.00016406892
Hepacam,0.00016406892
Gm49958,0.00016406892
4930554I06Rik,0.00016406892
4930554H23Rik,0.00016406892
Olfr898,0.00016406892
Gm16252,0.00016406892
Gm30165,0.00016406892
1700072O05Rik,0.00016406892
1700081B01Rik,0.00016406892
1700082M22Rik,0.00016406892
1700051O22Rik,0.00016406892
Gm16054,0.00016406892
Gm16048,0.00016406892
Rbm44,0.00016406892
Rbm42,0.00016406892
Rbm3os,0.00016406892
Gm28068,0.00016406892
Gm4981,0.00016406892
Vwa5b2,0.00016406892
Gm28042,0.00016406892
Hesx1,0.00016406892
1700057H21Rik,0.00016406892
1700060O08Rik,0.00016406892
Gpr75,0.00016406892
Gpr82,0.00016406892
Gm16001,0.00016406892
Gm1600,0.00016406892
Gpr21,0.00016406892
Gm49759,0.00016406892
Hepacam2,0.00016406892
Pllp,0.00016406892
Gm281,0.00016406892
Gm28041,0.00016406892
Zfp663,0.00016406892
1700061J23Rik,0.00016406892
Gm16146,0.00016406892
1700084E18Rik,0.00016406892
Gm16158,0.00016406892
Gm16150,0.00016406892
Gm16188,0.00016406892
Gm16175,0.00016406892
Olfr352,0.00016406892
Gpr88,0.00016406892
Olfr329,0.00016406892
Gm6559,0.00016406892
Olfr365,0.00016406892
Gm16223,0.00016406892
Olfr482,0.00016406892
Gm16267,0.00016406892
Rasef,0.00016406892
Gm6377,0.00016406892
Gm6525,0.00016406892
Gm16537,0.00016406892
Gm6040,0.00016406892
Gm6093,0.00016406892
Gm16485,0.00016406892
Rap1gapos,0.00016406892
Pnlip,0.00016406892
Gm27246,0.00016406892
Gm16229,0.00016406892
Gm6639,0.00016406892
4930509E16Rik,0.00016406892
1700122E12Rik,0.00016406892
1700112J05Rik,0.00016406892
1700116B05Rik,0.00016406892
H4c3,0.00016406892
H4c2,0.00016406892
1700110K17Rik,0.00016406892
Omp,0.00016406892
1700111E14Rik,0.00016406892
Gm5862,0.00016406892
Gm5878,0.00016406892
Olfr976,0.00016406892
Gm5547,0.00016406892
Gm30489,0.00016406892
Gm5570,0.00016406892
Gm17268,0.00016406892
Gm17477,0.00016406892
Gm17387,0.00016406892
Qprt,0.00016406892
1700094J05Rik,0.00016406892
Gm50181,0.00016406892
Haglr,0.00016406892
Gm50207,0.00016406892
Hand2,0.00016406892
1700094M23Rik,0.00016406892
Halr1,0.00016406892
Gm26620,0.00016406892
Gm34678,0.00016406892
Ptgs2,0.00016406892
Ptgir,0.00016406892
Gm26596,0.00016406892
Pth2r,0.00016406892
Gm266,0.00016406892
Ptgs2os2,0.00016406892
Gm34319,0.00016406892
Otx2os1,0.00016406892
Gm17750,0.00016406892
Wscd1,0.00016406892
4930512H18Rik,0.00016406892
4930519A11Rik,0.00016406892
Pcolce2,0.00016406892
Zfp600,0.00016406892
1810012K16Rik,0.00016406892
Gm17546,0.00016406892
Gm17545,0.00016406892
Gm17720,0.00016406892
Gm30853,0.00016406892
Gm50133,0.00016406892
4930474N09Rik,0.00016406892
4930474H06Rik,0.00016406892
Gm30881,0.00016406892
Gm30906,0.00016406892
Gm31305,0.00016406892
Gm18870,0.00016406892
Gm19345,0.00016406892
Xlr,0.00016406892
Pmfbp1,0.00016406892
Gm50096,0.00016406892
Gm50084,0.00016406892
Gm34759,0.00016406892
Pdyn,0.00016406892
Pdzk1ip1,0.00016406892
Gm17190,0.00016406892
Wfdc15b,0.00016406892
4930522H14Rik,0.00016406892
Gm16853,0.00016406892
Gm16833,0.00016406892
Gm16998,0.00016406892
Gm17025,0.00016406892
Gm17334,0.00016406892
Gm16556,0.00016406892
Olfr571,0.00016406892
Olfr550,0.00016406892
Hcrtr2,0.00016406892
4930535L15Rik,0.00016406892
Gm30961,0.00016406892
4930534H18Rik,0.00016406892
4930546C10Rik,0.00016406892
Olfr905,0.00016406892
Gm30978,0.00016406892
Olfr912,0.00016406892
4930562F07Rik,0.00016406892
Gm49970,0.00016406892
Gm16567,0.00016406892
Gm17300,0.00016406892
Xcr1,0.00016406892
Xcl1,0.00016406892
Xlr4c,0.00016406892
Gm26724,0.00016406892
4930486L24Rik,0.00016406892
4930486I03Rik,0.00016406892
4930483K19Rik,0.00016406892
Gm26707,0.00016406892
Gm26696,0.00016406892
Gm17231,0.00016406892
Gm17041,0.00016406892
Gm26911,0.00016406892
Gm2788,0.00016406892
Gm17090,0.00016406892
Gm17080,0.00016406892
Gm17114,0.00016406892
Gm49960,0.00016406892
Hcar1,0.00016406892
Wnt16,0.00016406892
Pnma2,0.00016406892
Gm17201,0.00016406892
Rab25,0.00016406892
Rab11fip4os1,0.00016406892
Wnt1,0.00016406892
Wincr1,0.00016406892
Gm2762,0.00016406892
Gm26912,0.00016406892
Snord34,0.00016406892
Snord35a,0.00016406892
Snord3a,0.00016406892
Snora69,0.00016406892
Snora73b,0.00016406892
E330035G20Rik,0.00016406892
Gm42922,0.00016406892
Gm37818,0.00016406892
Mir5136,0.00016406892
Mir196a-1,0.00016406892
Mir3091,0.00016406892
Egfros,0.00016406892
Tigd3,0.00016406892
Tigd4,0.00016406892
C5ar2,0.00016406892
C330019F10Rik,0.00016406892
Mir5125,0.00016406892
Gm43182,0.00016406892
Mir133a-1hg,0.00016406892
Mindy4b-ps,0.00016406892
Gm43017,0.00016406892
Gm42998,0.00016406892
E230034D01Rik,0.00016406892
Cacng5,0.00016406892
Thpo,0.00016406892
Snord8,0.00016406892
Ticam2,0.00016406892
Cacna1b,0.00016406892
Caly,0.00016406892
Gm45662,0.00016406892
Krt23,0.00016406892
Gm45820,0.00016406892
Gm45798,0.00016406892
C87487,0.00016406892
Tiaf2,0.00016406892
Timd4,0.00016406892
Entpd3,0.00016406892
Tktl1,0.00016406892
Klra9,0.00016406892
Gm45903,0.00016406892
Gm45904,0.00016406892
C1rb,0.00016406892
CN725425,0.00016406892
Egfem1,0.00016406892
Elf5,0.00016406892
Elfn1,0.00016406892
Tm4sf5,0.00016406892
C030007H22Rik,0.00016406892
Gm42794,0.00016406892
Gm42918,0.00016406892
Klhdc8a,0.00016406892
Elmod1,0.00016406892
Gm42938,0.00016406892
Gm4577,0.00016406892
Kmo,0.00016406892
Klrb1b,0.00016406892
Klre1,0.00016406892
E330011M16Rik,0.00016406892
Snora17,0.00016406892
Edar,0.00016406892
C1ql1,0.00016406892
Efcab3,0.00016406892
Gm45779,0.00016406892
Eomes,0.00016406892
Misp,0.00016406892
Mir7688,0.00016406892
Mir7078,0.00016406892
Gm42953,0.00016406892
C130083M11Rik,0.00016406892
EU599041,0.00016406892
Dmbt1,0.00016406892
Medag,0.00016406892
Meig1,0.00016406892
Gm43388,0.00016406892
Tgm1,0.00016406892
Capn13,0.00016406892
Catsperz,0.00016406892
Duoxa2,0.00016406892
Gm45589,0.00016406892
Lag3,0.00016406892
Gm45546,0.00016406892
Gm43331,0.00016406892
Mesp2,0.00016406892
Gm43188,0.00016406892
Gm43279,0.00016406892
Gm43289,0.00016406892
Gm45554,0.00016406892
Gm43338,0.00016406892
Gm45509,0.00016406892
Gm45510,0.00016406892
Gm45489,0.00016406892
Tex52,0.00016406892
Tfap2b,0.00016406892
Sox5os3,0.00016406892
Sox7,0.00016406892
Ccdc83,0.00016406892
Catsper4,0.00016406892
Gm45496,0.00016406892
Gm45502,0.00016406892
Gm43389,0.00016406892
Gm43399,0.00016406892
Gm43375,0.00016406892
Dll1,0.00016406892
Ccdc178,0.00016406892
Catip,0.00016406892
Gm43266,0.00016406892
Gm43268,0.00016406892
Gm43077,0.00016406892
Gm43061,0.00016406892
Gm43034,0.00016406892
Snord65,0.00016406892
E030025P04Rik,0.00016406892
Dynlt2a2,0.00016406892
Cby2,0.00016406892
E130304I02Rik,0.00016406892
E230014E18Rik,0.00016406892
Gm43145,0.00016406892
Gm43148,0.00016406892
Gm43154,0.00016406892
Gm43122,0.00016406892
Gm43140,0.00016406892
Dthd1,0.00016406892
E130208F15Rik,0.00016406892
Tex19.2,0.00016406892
Dmrt1,0.00016406892
Tgm6,0.00016406892
Them6,0.00016406892
Capn11,0.00016406892
Capn9,0.00016406892
Dusp13,0.00016406892
Gm45743,0.00016406892
Dntt,0.00016406892
Gm45672,0.00016406892
Gm45698,0.00016406892
Gm45705,0.00016406892
Gm43195,0.00016406892
Dsg3,0.00016406892
Dppa2,0.00016406892
Dpy19l2,0.00016406892
Cass4,0.00016406892
Gm45745,0.00016406892
Slc9a4,0.00016406892
Slc9c1,0.00016406892
Slco1a1,0.00016406892
Bcl2l15,0.00016406892
Fam167a,0.00016406892
Fam174b,0.00016406892
Morn5,0.00016406892
Klhl38,0.00016406892
BC147527,0.00016406892
Gm4737,0.00016406892
Gm47370,0.00016406892
Gm47267,0.00016406892
Tmem217,0.00016406892
B9d1os,0.00016406892
BC048679,0.00016406892
Slc5a10,0.00016406892
BC048559,0.00016406892
Fam186a,0.00016406892
Fam187b,0.00016406892
Fam122c,0.00016406892
Slco1a5,0.00016406892
Gm42782,0.00016406892
Mobp,0.00016406892
Gm42765,0.00016406892
Gm42772,0.00016406892
Gm42587,0.00016406892
Gm42729,0.00016406892
Gm42732,0.00016406892
Slc6a2,0.00016406892
Slc6a5,0.00016406892
Slc7a10,0.00016406892
Fam47e,0.00016406892
Slc7a14,0.00016406892
Mrgpra2b,0.00016406892
Gm42742,0.00016406892
Gm47415,0.00016406892
Gm47424,0.00016406892
Gm47432,0.00016406892
Gm47414,0.00016406892
B4galnt4,0.00016406892
Tmem233,0.00016406892
Gm42521,0.00016406892
Mrgpra6,0.00016406892
Slc5a11,0.00016406892
Tmem253,0.00016406892
Kctd19,0.00016406892
Fbxo2,0.00016406892
Fcgbp,0.00016406892
Gm42537,0.00016406892
Slc35f4,0.00016406892
Figla,0.00016406892
Folh1,0.00016406892
Fdx2,0.00016406892
Gm47140,0.00016406892
Slc5a5,0.00016406892
Far2os1,0.00016406892
Far2os2,0.00016406892
Fasl,0.00016406892
Fat2,0.00016406892
Fate1,0.00016406892
Fam83a,0.00016406892
Kcnq2,0.00016406892
B430305J03Rik,0.00016406892
B430306N03Rik,0.00016406892
B430319H21Rik,0.00016406892
B4galnt2,0.00016406892
B3gnt7,0.00016406892
BC006965,0.00016406892
Gm47156,0.00016406892
Gm47175,0.00016406892
Slc5a1,0.00016406892
Gm46210,0.00016406892
Gm47040,0.00016406892
Gm47004,0.00016406892
Etos1,0.00016406892
Erp27,0.00016406892
Evpl,0.00016406892
F11,0.00016406892
Fam135b,0.00016406892
Bpifa6,0.00016406892
Gm42878,0.00016406892
Gm42884,0.00016406892
Gm42889,0.00016406892
Smco2,0.00016406892
Ereg,0.00016406892
Gm47136,0.00016406892
Gm46565,0.00016406892
Mmp24,0.00016406892
Gm46392,0.00016406892
Gm46409,0.00016406892
C030005K06Rik,0.00016406892
C130071C03Rik,0.00016406892
Gm45895,0.00016406892
Gm45875,0.00016406892
Smim6,0.00016406892
Epp13,0.00016406892
Gm4610,0.00016406892
Erich3,0.00016406892
Erich6b,0.00016406892
Gm47027,0.00016406892
Tm9sf5,0.00016406892
Tmc7,0.00016406892
Gm4632,0.00016406892
Gm46332,0.00016406892
Klf1,0.00016406892
Erfe,0.00016406892
Gm42840,0.00016406892
Gm42846,0.00016406892
Gm42847,0.00016406892
Gm42820,0.00016406892
Gm47186,0.00016406892
Gm47206,0.00016406892
Bcas3os2,0.00016406892
Tmem132cos,0.00016406892
Gm47113,0.00016406892
BC051537,0.00016406892
Banf2,0.00016406892
Barx1,0.00016406892
Gm47079,0.00016406892
Gm47088,0.00016406892
Gm47210,0.00016406892
Slco4a1,0.00016406892
Fam131b,0.00016406892
Tmem150cos,0.00016406892
Bicdl2,0.00016406892
Bloc1s6os,0.00016406892
Bmp8b,0.00016406892
Bhlhe22,0.00016406892
Best2,0.00016406892
Bcl11b,0.00016406892
Tmem102,0.00016406892
Tmem121,0.00016406892
Bricd5,0.00016406892
Gm46658,0.00016406892
Fabp6,0.00016406892
Faddos,0.00016406892
F10,0.00016406892
F7,0.00016406892
F730016J06Rik,0.00016406892
F830112A20Rik,0.00016406892
Bst1,0.00016406892
Bdkrb1,0.00016406892
Chad,0.00016406892
Crabp1,0.00016406892
Crisp1,0.00016406892
Lrp8os3,0.00016406892
Lrrc25,0.00016406892
Gm44867,0.00016406892
Gm4489,0.00016406892
Ccl22,0.00016406892
Mageb16,0.00016406892
Mageb4,0.00016406892
Gm44284,0.00016406892
Gm44287,0.00016406892
Gm44967,0.00016406892
Gm44936,0.00016406892
Gm44951,0.00016406892
Ces4a,0.00016406892
Magea10,0.00016406892
Gm44759,0.00016406892
Gm44737,0.00016406892
Gm44711,0.00016406892
Lrrc37a,0.00016406892
Mab21l2,0.00016406892
Comp,0.00016406892
Col9a1,0.00016406892
Cort,0.00016406892
Cfap97d2,0.00016406892
Taf7l,0.00016406892
Chga,0.00016406892
Gm44745,0.00016406892
Crisp4,0.00016406892
Crlf1,0.00016406892
Cr2,0.00016406892
Gm44830,0.00016406892
Cfap58,0.00016406892
Gm44751,0.00016406892
Celf5,0.00016406892
Celrr,0.00016406892
Ctxn3,0.00016406892
Cubn,0.00016406892
Cstdc1,0.00016406892
Gm44907,0.00016406892
Gm45079,0.00016406892
Cfap157,0.00016406892
Lpar3,0.00016406892
Gm45073,0.00016406892
Gm45029,0.00016406892
Gm45033,0.00016406892
Maneal,0.00016406892
Gm44090,0.00016406892
Gm44103,0.00016406892
Cst9,0.00016406892
Loxl4,0.00016406892
Cga,0.00016406892
Cdsn,0.00016406892
Ces1f,0.00016406892
Gm44787,0.00016406892
Lrg1,0.00016406892
Gm44196,0.00016406892
Gm44200,0.00016406892
Crybb3,0.00016406892
Tas1r3,0.00016406892
Stmn3,0.00016406892
Crp,0.00016406892
Gm44053,0.00016406892
Gm44065,0.00016406892
Gm44066,0.00016406892
Gm44193,0.00016406892
Gm45040,0.00016406892
Ceacam5,0.00016406892
Crybg2,0.00016406892
Pjvk,0.00016406892
Pkd1l1,0.00016406892
Pkd2l1,0.00016406892
1700016C15Rik,0.00016406892
Gm826,0.00016406892
Gm29514,0.00016406892
Gm29539,0.00016406892
Syt8,0.00016406892
Gm28809,0.00016406892
1700008P02Rik,0.00016406892
Gm44668,0.00016406892
Gm44672,0.00016406892
Gm44691,0.00016406892
Gm44317,0.00016406892
Gm44414,0.00016406892
Clec2h,0.00016406892
Gm28863,0.00016406892
Gnrhr,0.00016406892
Gm28822,0.00016406892
Cldn34b2,0.00016406892
1700024B05Rik,0.00016406892
n-R5s33,0.00016406892
1700011D18Rik,0.00016406892
Zp3r,0.00016406892
1700010J16Rik,0.00016406892
Gm9870,0.00016406892
Zfp998,0.00016406892
Zfp978,0.00016406892
Zfp980,0.00016406892
Zfp985,0.00016406892
Gp5,0.00016406892
Gpa33,0.00016406892
Gm9885,0.00016406892
Gm9866,0.00016406892
1700013N06Rik,0.00016406892
Synpo2l,0.00016406892
Lrrc75aos1,0.00016406892
Lrrc75aos2,0.00016406892
Lrrc75b,0.00016406892
Sv2b,0.00016406892
Sult2a8,0.00016406892
Sult6b2,0.00016406892
Sult1d1,0.00016406892
Gm44545,0.00016406892
Cpne6,0.00016406892
Cps1,0.00016406892
Cox6a2,0.00016406892
Gm44145,0.00016406892
Gm44154,0.00016406892
Tacstd2,0.00016406892
Chrna2,0.00016406892
Syt5,0.00016406892
Cilp2,0.00016406892
Gm44546,0.00016406892
Syce3,0.00016406892
Clca1,0.00016406892
Clca2,0.00016406892
Clcn1,0.00016406892
Clec18a,0.00016406892
Cldn23,0.00016406892
Syce1,0.00016406892
Syt10,0.00016406892
Cnr2,0.00016406892
Gm44257,0.00016406892
Gm44235,0.00016406892
Gm44206,0.00016406892
Gm44224,0.00016406892
Gm44767,0.00016406892
Gm44769,0.00016406892
Gm44771,0.00016406892
Cnksr1,0.00016406892
Gm45304,0.00016406892
Gm45309,0.00016406892
Tcte1,0.00016406892
Tcp11x2,0.00016406892
Ccr4,0.00016406892
Spint3,0.00016406892
Spns3,0.00016406892
Csprs,0.00016406892
Lhb,0.00016406892
Gm45328,0.00016406892
Gm45303,0.00016406892
D830039M14Rik,0.00016406892
Ccl3,0.00016406892
Ccdc92b,0.00016406892
Ccl1,0.00016406892
D5Ertd605e,0.00016406892
Lfng,0.00016406892
Gm43574,0.00016406892
Gm43581,0.00016406892
Mcf2,0.00016406892
Gm43707,0.00016406892
Mccc1os,0.00016406892
Spta1,0.00016406892
Lhx5,0.00016406892
Cd101,0.00016406892
Gm4524,0.00016406892
Cd2,0.00016406892
Gm45251,0.00016406892
Gm45205,0.00016406892
Gm45212,0.00016406892
Lif,0.00016406892
Lhx4,0.00016406892
Gm43594,0.00016406892
Cd209f,0.00016406892
Cd19,0.00016406892
Dbil5,0.00016406892
Gm45408,0.00016406892
Gm45524,0.00016406892
Gm43417,0.00016406892
Ccdc110,0.00016406892
Ccdc121,0.00016406892
Ccdc142,0.00016406892
Gm45379,0.00016406892
D630029K05Rik,0.00016406892
Gm43465,0.00016406892
Gm43480,0.00016406892
Gm43483,0.00016406892
Gm43488,0.00016406892
Gm43422,0.00016406892
Gm43428,0.00016406892
Gm43449,0.00016406892
Ccl19,0.00016406892
Gm45391,0.00016406892
D430036J16Rik,0.00016406892
Gm4544,0.00016406892
Ccdc63,0.00016406892
Ccdc65,0.00016406892
Tecrl,0.00016406892
Tectb,0.00016406892
Lemd1,0.00016406892
Gm45282,0.00016406892
D7Bwg0826e,0.00016406892
Ldlrad1,0.00016406892
Ldhal6b,0.00016406892
Gm45412,0.00016406892
Gm45435,0.00016406892
Spem1,0.00016406892
Defb36,0.00016406892
Spdye4b,0.00016406892
Speer4b,0.00016406892
Ldhc,0.00016406892
Gm45200,0.00016406892
Gm44043,0.00016406892
St8sia5,0.00016406892
Cxcr5,0.00016406892
Tbx20,0.00016406892
Cwh43,0.00016406892
Gm43935,0.00016406892
Gm43599,0.00016406892
Gm43948,0.00016406892
Gm43914,0.00016406892
Gm43863,0.00016406892
Gm43868,0.00016406892
Gm43889,0.00016406892
Liph,0.00016406892
Lipk,0.00016406892
Gm45272,0.00016406892
Gm43947,0.00016406892
Ctrl,0.00016406892
Ces2e,0.00016406892
Csta2,0.00016406892
Crym,0.00016406892
Gm44001,0.00016406892
Gm44013,0.00016406892
Gm44115,0.00016406892
Gm44127,0.00016406892
Lmx1a,0.00016406892
Tbx1,0.00016406892
Cdh15,0.00016406892
Cdh17,0.00016406892
Cxcl13,0.00016406892
Tbx21,0.00016406892
Cd69,0.00016406892
Gm44995,0.00016406892
Lmod3,0.00016406892
Gm45153,0.00016406892
Gm43654,0.00016406892
D430001F17Rik,0.00016406892
Srpk3,0.00016406892
Cyp4f18,0.00016406892
Cyp3a11,0.00016406892
Cyp3a57,0.00016406892
Cyp46a1,0.00016406892
Gm43684,0.00016406892
Cd300lf,0.00016406892
Mast1,0.00016406892
Matn3,0.00016406892
Gm43719,0.00016406892
Cyp4f40,0.00016406892
Cyp2c39,0.00016406892
Gm43759,0.00016406892
Gm43761,0.00016406892
Gm43727,0.00016406892
Gm43693,0.00016406892
Cyp2j12,0.00016406892
Cyp2j13,0.00016406892
Cyp2j5,0.00016406892
Tcl1b4,0.00016406892
Cd3g,0.00016406892
Gm45112,0.00016406892
Gm43800,0.00016406892
Map6d1,0.00016406892
Gm43653,0.00016406892
Gm43790,0.00016406892
Sstr2,0.00016406892
Cym,0.00016406892
Gm43834,0.00016406892
Gm43808,0.00016406892
Gm43666,0.00016406892
Mb,0.00016406892
Mbd3l2,0.00016406892
Mapk12,0.00016406892
A830009L08Rik,0.00016406892
A930030B08Rik,0.00016406892
A930032L01Rik,0.00016406892
A930015P04Rik,0.00016406892
A930028N01Rik,0.00016406892
Ttll6,0.00016406892
Gm11915,0.00016406892
Fmo3,0.00016406892
A630023P12Rik,0.00016406892
A830019P07Rik,0.00016406892
A830036E02Rik,0.00016406892
Gm37672,0.00016406892
Gm37674,0.00016406892
Gm37679,0.00016406892
Gm37634,0.00016406892
Gm3764,0.00016406892
Gm12089,0.00016406892
Ttc34,0.00016406892
AI463229,0.00016406892
Sec14l3,0.00016406892
Sec14l4,0.00016406892
Gm11646,0.00016406892
Gm11948,0.00016406892
Sdr9c7,0.00016406892
A930036I15Rik,0.00016406892
Gm11992,0.00016406892
Gm37748,0.00016406892
Nefm,0.00016406892
Gm37691,0.00016406892
Gm11680,0.00016406892
Sebox,0.00016406892
AC126035.1,0.00016406892
AA645442,0.00016406892
Gm48683,0.00016406892
Gm37729,0.00016406892
Gm37623,0.00016406892
Gm37578,0.00016406892
Gm37564,0.00016406892
A330048O09Rik,0.00016406892
A330070K13Rik,0.00016406892
A330074K22Rik,0.00016406892
Tyrp1,0.00016406892
Tunar,0.00016406892
Nkpd1,0.00016406892
Gm48746,0.00016406892
Gm48737,0.00016406892
Gm48885,0.00016406892
Gm48845,0.00016406892
Gm48853,0.00016406892
Gm12169,0.00016406892
Gm12374,0.00016406892
Nlrp1a,0.00016406892
Tvp23bos,0.00016406892
A430108G06Rik,0.00016406892
A630031M04Rik,0.00016406892
Tuba3b,0.00016406892
Scel,0.00016406892
Igfn1,0.00016406892
Ighg2c,0.00016406892
Gm48807,0.00016406892
Gm37593,0.00016406892
Igf2os,0.00016406892
Igfbpl1,0.00016406892
Gm48791,0.00016406892
A730046J19Rik,0.00016406892
A530021J07Rik,0.00016406892
A530032D15Rik,0.00016406892
Scnn1b,0.00016406892
Nhlrc4,0.00016406892
Igf2bp1,0.00016406892
Gm48657,0.00016406892
Gm48646,0.00016406892
Ackr2,0.00016406892
Acox2,0.00016406892
Acp7,0.00016406892
Acr,0.00016406892
Acsbg2,0.00016406892
Ttc30a2,0.00016406892
Il1r2,0.00016406892
Gm38100,0.00016406892
Serpina3k,0.00016406892
Serpina1e,0.00016406892
Acan,0.00016406892
Gm11587,0.00016406892
Gm37829,0.00016406892
Gm37850,0.00016406892
Acsl6,0.00016406892
Adamtsl3,0.00016406892
Adad2,0.00016406892
Gm48584,0.00016406892
Gm48542,0.00016406892
Gm10926,0.00016406892
Gm10823,0.00016406892
Gm10829,0.00016406892
Gm1123,0.00016406892
Gm48651,0.00016406892
Gm11214,0.00016406892
Actl6b,0.00016406892
Septin12,0.00016406892
Septin3,0.00016406892
Gm11454,0.00016406892
Gm11464,0.00016406892
Gm37936,0.00016406892
Il20ra,0.00016406892
Gm11201,0.00016406892
AY512915,0.00016406892
Iglc1,0.00016406892
Gm48713,0.00016406892
Gm48689,0.00016406892
Gm48697,0.00016406892
Gm48706,0.00016406892
Gng8,0.00016406892
Gm37788,0.00016406892
Gm48617,0.00016406892
Gm11536,0.00016406892
Gm11725,0.00016406892
AC132435.1,0.00016406892
AU018091,0.00016406892
AL627251.1,0.00016406892
AU015336,0.00016406892
Iglon5,0.00016406892
Iglv1,0.00016406892
Gm11532,0.00016406892
Gm48596,0.00016406892
Gm48597,0.00016406892
Il18rap,0.00016406892
Gm11381,0.00016406892
Gm11417,0.00016406892
Gm11636,0.00016406892
Gm11571,0.00016406892
Trpm1,0.00016406892
AV064505,0.00016406892
Gm37891,0.00016406892
Trpm5,0.00016406892
Nell1os,0.00016406892
Gm37772,0.00016406892
Gm37726,0.00016406892
AI839979,0.00016406892
Aadac,0.00016406892
AU040972,0.00016406892
Gm37900,0.00016406892
Ucp3,0.00016406892
6430584L05Rik,0.00016406892
Uox,0.00016406892
Gm49018,0.00016406892
Gm49025,0.00016406892
Gm49026,0.00016406892
Hyal4,0.00016406892
Gm12316,0.00016406892
Gm49007,0.00016406892
Gm13199,0.00016406892
9230020A06Rik,0.00016406892
9230102K24Rik,0.00016406892
9230109A22Rik,0.00016406892
9130213A22Rik,0.00016406892
Gm49064,0.00016406892
Gm49083,0.00016406892
I830077J02Rik,0.00016406892
Rtl3,0.00016406892
Gm12786,0.00016406892
Rtbdn,0.00016406892
Rtl1,0.00016406892
Gm13031,0.00016406892
Gm12979,0.00016406892
Npb,0.00016406892
Noto,0.00016406892
9330199G10Rik,0.00016406892
Upb1,0.00016406892
8030487O14Rik,0.00016406892
Htr2a,0.00016406892
Gm49201,0.00016406892
Gm49169,0.00016406892
Gm49173,0.00016406892
Ugt1a7c,0.00016406892
9330198I05Rik,0.00016406892
Rtp3,0.00016406892
Gm36694,0.00016406892
Nr2e3,0.00016406892
Gm14139,0.00016406892
Gm14055,0.00016406892
Gm14061,0.00016406892
Gm14009,0.00016406892
Gm14015,0.00016406892
Gm14022,0.00016406892
Gm49016,0.00016406892
Gm13822,0.00016406892
Nscme3l,0.00016406892
Nsg2,0.00016406892
Gm36231,0.00016406892
Gm36500,0.00016406892
Gm36757,0.00016406892
Gm36787,0.00016406892
Gm13752,0.00016406892
Robo3,0.00016406892
Gm49312,0.00016406892
Hsd11b1,0.00016406892
Hsd17b14,0.00016406892
Gm49310,0.00016406892
Gm49249,0.00016406892
Gm49267,0.00016406892
Gm49271,0.00016406892
Gm13346,0.00016406892
8030442B05Rik,0.00016406892
Gm136,0.00016406892
Hsf4,0.00016406892
Nr4a3,0.00016406892
Gm13404,0.00016406892
Gm13380,0.00016406892
Gm13402,0.00016406892
Gm49144,0.00016406892
Gm49159,0.00016406892
Gm13599,0.00016406892
Nme9,0.00016406892
Gm12709,0.00016406892
Gm12714,0.00016406892
Sash3,0.00016406892
Gm12279,0.00016406892
Gm12610,0.00016406892
Gm12531,0.00016406892
Gm12860,0.00016406892
Gm12510,0.00016406892
Gm37139,0.00016406892
Gm37159,0.00016406892
Gm48978,0.00016406892
A26c3,0.00016406892
S100a3,0.00016406892
S100a7a,0.00016406892
9830132P13Rik,0.00016406892
Gm12576,0.00016406892
Nlrp3,0.00016406892
A330084C13Rik,0.00016406892
Gm12207,0.00016406892
Gm37364,0.00016406892
Gm37500,0.00016406892
Gm37503,0.00016406892
Gm37519,0.00016406892
Gm37521,0.00016406892
Nme8,0.00016406892
Nmur1,0.00016406892
Gm37342,0.00016406892
Gm37352,0.00016406892
Gm37359,0.00016406892
Gm37321,0.00016406892
Gm12682,0.00016406892
Gm12718,0.00016406892
Gm12720,0.00016406892
Gm37482,0.00016406892
9430068D22Rik,0.00016406892
Gm48965,0.00016406892
Ict1os,0.00016406892
Idi1,0.00016406892
Gm48900,0.00016406892
Gm48904,0.00016406892
Gm3716,0.00016406892
Gm37124,0.00016406892
9930004E17Rik,0.00016406892
Gm13269,0.00016406892
Rsph4a,0.00016406892
Gm13211,0.00016406892
Gm13180,0.00016406892
Gm12999,0.00016406892
Gm36931,0.00016406892
Npffr2,0.00016406892
Nphs1,0.00016406892
Gm37228,0.00016406892
Gm48824,0.00016406892
Ifi209,0.00016406892
Gm48986,0.00016406892
Ifi205,0.00016406892
Ifi208,0.00016406892
Gm48966,0.00016406892
Gm12694,0.00016406892
Gm12695,0.00016406892
9430064I24Rik,0.00016406892
9530034E10Rik,0.00016406892
9530053A07Rik,0.00016406892
Gm37261,0.00016406892
9230112J17Rik,0.00016406892
9430069I07Rik,0.00016406892
9430078K24Rik,0.00016406892
9530020I12Rik,0.00016406892
9430037G07Rik,0.00016406892
A130048G24Rik,0.00016406892
Gal3st2,0.00016406892
Gabrp,0.00016406892
Gad1os,0.00016406892
Gad2,0.00016406892
Galntl5,0.00016406892
Gabrd,0.00016406892
Muc3,0.00016406892
Trim55,0.00016406892
Slc16a5,0.00016406892
Gdf5,0.00016406892
Slc15a1,0.00016406892
Gm47794,0.00016406892
Tnfrsf26,0.00016406892
Tnfaip8l3,0.00016406892
Tnfrsf17,0.00016406892
Arl11,0.00016406892
Muc16,0.00016406892
G6pd2,0.00016406892
Artn,0.00016406892
Gm40538,0.00016406892
Gm40392,0.00016406892
Mtnr1a,0.00016406892
Gm40999,0.00016406892
Gm41031,0.00016406892
Gm47728,0.00016406892
Gm47715,0.00016406892
Tmprss2,0.00016406892
Asb17os,0.00016406892
Gabrg2,0.00016406892
Tnfaip6,0.00016406892
Arl9,0.00016406892
Gm47584,0.00016406892
Gm47594,0.00016406892
Kap,0.00016406892
Gm47691,0.00016406892
Aqp8,0.00016406892
Gchfr,0.00016406892
Slc13a5,0.00016406892
Slamf8,0.00016406892
Apol7d,0.00016406892
Gm47770,0.00016406892
Itprid1,0.00016406892
Arhgap36,0.00016406892
Gcnt7,0.00016406892
Gdap1l1,0.00016406892
Gdpd4,0.00016406892
Gfi1,0.00016406892
Gfra3,0.00016406892
Gm47847,0.00016406892
Gm47849,0.00016406892
Gm47979,0.00016406892
Gcnt3,0.00016406892
Arhgap40,0.00016406892
Jph4,0.00016406892
Slc22a19,0.00016406892
Gata3,0.00016406892
Slc22a16,0.00016406892
Gcg,0.00016406892
Gap43,0.00016406892
Tnfsf8,0.00016406892
Tnnc2,0.00016406892
Aqp5,0.00016406892
Slc10a6,0.00016406892
Slc12a1,0.00016406892
Ghrl,0.00016406892
Gm47754,0.00016406892
Tnip3,0.00016406892
Tnk1,0.00016406892
Tnn,0.00016406892
Aqp2,0.00016406892
Slc35d3,0.00016406892
Fpr2,0.00016406892
Slc26a5,0.00016406892
Gm47561,0.00016406892
Tmem30c,0.00016406892
B020011L13Rik,0.00016406892
B020031H02Rik,0.00016406892
Fxyd3,0.00016406892
Gm47391,0.00016406892
Kcnj16,0.00016406892
Kcnj4,0.00016406892
Kcnj6,0.00016406892
Kcnk10,0.00016406892
Kcnk12,0.00016406892
Gm47551,0.00016406892
Fndc7,0.00016406892
B130011K05Rik,0.00016406892
Fndc1,0.00016406892
Gm42437,0.00016406892
Gm42438,0.00016406892
Gm42196,0.00016406892
Gm42417,0.00016406892
Gm4219,0.00016406892
Fhl5,0.00016406892
Gm42462,0.00016406892
Gm41562,0.00016406892
Gm42461,0.00016406892
Gm42446,0.00016406892
Gm42568,0.00016406892
Gm42433,0.00016406892
Slc39a12,0.00016406892
Slc39a5,0.00016406892
Slc38a8,0.00016406892
Ffar4,0.00016406892
Gm42457,0.00016406892
Frmpd2,0.00016406892
Aspg,0.00016406892
G630055G22Rik,0.00016406892
Gm40915,0.00016406892
Gm40660,0.00016406892
Gm4131,0.00016406892
Kcna5,0.00016406892
Gm47599,0.00016406892
B130046B21Rik,0.00016406892
Asb12,0.00016406892
Ascl2,0.00016406892
Kcne1,0.00016406892
Kcne1l,0.00016406892
Mt4,0.00016406892
Gm41819,0.00016406892
G430095P16Rik,0.00016406892
Slc26a10,0.00016406892
Gm47625,0.00016406892
B230112J18Rik,0.00016406892
B230206H07Rik,0.00016406892
Gm41162,0.00016406892
Gm41177,0.00016406892
Mslnl,0.00016406892
Mst1,0.00016406892
Atp6v0c,0.00016406892
Tmem45a2,0.00016406892
Frmd7,0.00016406892
Atp6v1c2,0.00016406892
Fut2,0.00016406892
Gm41231,0.00016406892
Atp13a5,0.00016406892
Kcnj12,0.00016406892
Kcnh4,0.00016406892
Slc27a2,0.00016406892
Slc28a3,0.00016406892
Tmem61,0.00016406892
Gm10570,0.00016406892
Gm38215,0.00016406892
Gm38218,0.00016406892
Sgk2,0.00016406892
Sgo2b,0.00016406892
Sgca,0.00016406892
Gm10640,0.00016406892
Anxa8,0.00016406892
Sh2d6,0.00016406892
Gm38292,0.00016406892
Gm38416,0.00016406892
Gm10484,0.00016406892
Gm10457,0.00016406892
Nat8f5,0.00016406892
Nat8l,0.00016406892
Gm38230,0.00016406892
Gm10642,0.00016406892
Gm38832,0.00016406892
Gm10390,0.00016406892
Gm10400,0.00016406892
Gm10406,0.00016406892
Iqsec3,0.00016406892
Gm48015,0.00016406892
Gm48230,0.00016406892
Aldh8a1,0.00016406892
Sfta2,0.00016406892
Shisal1,0.00016406892
Nanog,0.00016406892
Nanos2,0.00016406892
Napsa,0.00016406892
Gm38197,0.00016406892
Gm10616,0.00016406892
Gm10631,0.00016406892
Gm10635,0.00016406892
Aldoart2,0.00016406892
Trim34b,0.00016406892
Trim36,0.00016406892
Adra2a,0.00016406892
Adra2b,0.00016406892
Adra2c,0.00016406892
Gm48483,0.00016406892
Gm48433,0.00016406892
Gm48438,0.00016406892
Gm10735,0.00016406892
Gm10722,0.00016406892
Gm10734,0.00016406892
Sertm1,0.00016406892
Gm48478,0.00016406892
Gm11099,0.00016406892
Ncr1,0.00016406892
Gm37973,0.00016406892
Gm48521,0.00016406892
Gm10752,0.00016406892
Gm10739,0.00016406892
Trib3,0.00016406892
Trem3,0.00016406892
Treml4,0.00016406892
Trdc,0.00016406892
Gm38126,0.00016406892
Gm48334,0.00016406892
Gm48277,0.00016406892
Gm38155,0.00016406892
Insyn2b,0.00016406892
Trgc2,0.00016406892
Naip6,0.00016406892
Gm38336,0.00016406892
Adora2a,0.00016406892
Gm48321,0.00016406892
Ncmap,0.00016406892
Gm38025,0.00016406892
Gm48283,0.00016406892
Myh13,0.00016406892
Myh2,0.00016406892
Alox15,0.00016406892
Gm47923,0.00016406892
Isl1,0.00016406892
Isl2,0.00016406892
Islr2,0.00016406892
Gm38948,0.00016406892
Gm10032,0.00016406892
Glra1,0.00016406892
Alox5,0.00016406892
Gm39094,0.00016406892
Myh8,0.00016406892
Siglech,0.00016406892
Sirpb1a,0.00016406892
Glt8d2,0.00016406892
Gm10000,0.00016406892
Ano7,0.00016406892
Apom,0.00016406892
Gipr,0.00016406892
Gja6,0.00016406892
Gjb1,0.00016406892
Gimap7,0.00016406892
Ankrd45,0.00016406892
Ankrd65,0.00016406892
Myf6,0.00016406892
Mybph,0.00016406892
Gm40038,0.00016406892
Gm40117,0.00016406892
Gm40123,0.00016406892
Gm39473,0.00016406892
Gm39556,0.00016406892
Gjb2,0.00016406892
Ggt1,0.00016406892
Gm47857,0.00016406892
Ankdd1a,0.00016406892
Amelx,0.00016406892
Ankrd34a,0.00016406892
Gm38562,0.00016406892
Agr2,0.00016406892
Agtr1b,0.00016406892
Akr1c12,0.00016406892
Aire,0.00016406892
Gip,0.00016406892
Gm10344,0.00016406892
Gm10358,0.00016406892
Gm10369,0.00016406892
Gm48202,0.00016406892
Gm48206,0.00016406892
Gm48159,0.00016406892
Myoz1,0.00016406892
Gm38901,0.00016406892
Shisa7,0.00016406892
Skint2,0.00016406892
Skint3,0.00016406892
Six1,0.00016406892
Gm39119,0.00016406892
Myl3,0.00016406892
Aknaos,0.00016406892
Trac,0.00016406892
Aldh1l2,0.00016406892
Angptl7,0.00016406892
Gm48050,0.00016406892
Siglecf,0.00016406892
Gm10419,0.00016406892
Aldh3b2,0.00016406892
Akap14,0.00016406892
Myo3a,0.00016406892
Gm39321,0.00016406892
Siglec1,0.00016406892
Gm48066,0.00016406892
0610005C13Rik,0.0
1110002O04Rik,0.0
ccdc198,0.0
mmu-mir-12187,0.0
mmu-mir-12193,0.0
mt-Co3,0.0
mt-Ta,0.0
mt-Tc,0.0
mt-Tf,0.0
mt-Tl2,0.0
Gm9999,0.0
Gml2,0.0
Gmnc,0.0
Gm9902,0.0
Gm9913,0.0
1700001C19Rik,0.0
1700001D01Rik,0.0
1700001F09Rik,0.0
1700001G01Rik,0.0
1700001G17Rik,0.0
1700001K19Rik,0.0
1700001K23Rik,0.0
1700001P01Rik,0.0
1700003C15Rik,0.0
1700003D09Rik,0.0
1110028F11Rik,0.0
1110028F18Rik,0.0
1190028D05Rik,0.0
Gm9946,0.0
Gm9949,0.0
Gm9951,0.0
Gm9962,0.0
Gm9970,0.0
Gm9978,0.0
Gm9732,0.0
Gm9733,0.0
1700003P14Rik,0.0
1700006A11Rik,0.0
1700007F19Rik,0.0
Gm9924,0.0
Gm9925,0.0
Gm9932,0.0
Gm9934,0.0
Gm9945,0.0
Zglp1,0.0
Zic2,0.0
Zic3,0.0
Zic5,0.0
Zim2,0.0
Zim3,0.0
1700003L19Rik,0.0
1700003M07Rik,0.0
1700016D08Rik,0.0
1700016K19Rik,0.0
1700016L21Rik,0.0
1700017G19Rik,0.0
1700017M07Rik,0.0
1700017N19Rik,0.0
1700018A23Rik,0.0
1700018B08Rik,0.0
Gm29151,0.0
Gm29154,0.0
Pitx3,0.0
Pkdrej,0.0
Pklr,0.0
Gm28793,0.0
Gm28800,0.0
Gm28818,0.0
Gm29455,0.0
Gm29456,0.0
Pianp,0.0
Gm29123,0.0
Gm29128,0.0
Gm29129,0.0
Gm29133,0.0
Gm29135,0.0
Gm29337,0.0
Gm29346,0.0
Gm29348,0.0
Gm29367,0.0
Gm29371,0.0
Gm29387,0.0
Gm29398,0.0
Gm29430,0.0
Pilrb2,0.0
Pip5k1bos,0.0
Pip5kl1,0.0
Pira2,0.0
Pirt,0.0
Pitpnm2os2,0.0
Pitx1,0.0
Pitx2,0.0
Phgr1,0.0
Phlda2,0.0
Phox2a,0.0
Gm29291,0.0
Gm29318,0.0
Gm29322,0.0
Gm29323,0.0
Gm28960,0.0
Gm29542,0.0
Gm29543,0.0
Gm29560,0.0
Gm29571,0.0
Gm29590,0.0
Gm29638,0.0
Gm29663,0.0
Gm29674,0.0
Gm28897,0.0
Gm28919,0.0
Gm28935,0.0
Gm28940,0.0
Gm29507,0.0
Gm29508,0.0
Gm29530,0.0
Gm29538,0.0
Gm28826,0.0
Gm28845,0.0
Gm28856,0.0
Gm28876,0.0
Gm28884,0.0
Gm28888,0.0
Gm28892,0.0
Gm28893,0.0
Gm29776,0.0
Gm29788,0.0
Gm29824,0.0
Gm29825,0.0
Gm29856,0.0
Gm29863,0.0
Gm29865,0.0
Gm29895,0.0
Gm28610,0.0
Gm28643,0.0
Gm28644,0.0
Gm28651,0.0
Gm28653,0.0
Gm29719,0.0
Gm29771,0.0
Gm29773,0.0
Pla2g4b,0.0
Pla2g4e,0.0
Gm28556,0.0
Gm28576,0.0
Gm28586,0.0
Gm28590,0.0
Gm28609,0.0
Gm2861,0.0
Gm28961,0.0
Gm2897,0.0
Gm28979,0.0
Pkp1,0.0
Pkp3,0.0
Pla2g10,0.0
Pla2g10os,0.0
Pla2g2e,0.0
Gm28402,0.0
Gm28417,0.0
Gm28434,0.0
Gm28447,0.0
Gm28497,0.0
Gm28499,0.0
Gm28510,0.0
Gm28511,0.0
Platr30,0.0
Platr31,0.0
Platr4,0.0
Platr7,0.0
Platr8,0.0
Gm28380,0.0
Gm28382,0.0
Gm28387,0.0
Gm28731,0.0
Gm28750,0.0
Plaat5,0.0
Platr12,0.0
Platr20,0.0
Platr23,0.0
Platr27,0.0
Platr29,0.0
Gm2990,0.0
Gm29927,0.0
Gm29481,0.0
Gm29483,0.0
Gm28675,0.0
Gm28676,0.0
Gm28722,0.0
Gm28723,0.0
Gm28178,0.0
Gm28192,0.0
Gm28196,0.0
Gm2822,0.0
Gm28221,0.0
Gm28230,0.0
Gm28231,0.0
Gm2824,0.0
Gm29676,0.0
Gm29678,0.0
Gm29680,0.0
Gm29682,0.0
Gm29685,0.0
Gm29686,0.0
Gm29695,0.0
Gm28166,0.0
Gm30082,0.0
Gm30083,0.0
Gm30085,0.0
Gm30093,0.0
Gm30094,0.0
Pgam2,0.0
Pgc,0.0
Pglyrp4,0.0
Gm28512,0.0
Gm28515,0.0
Gm28516,0.0
Gm28548,0.0
Plcd4,0.0
Plcz1,0.0
Gm30043,0.0
Gm30074,0.0
Pga5,0.0
Gm29946,0.0
Gm29966,0.0
Gm29968,0.0
Gm29992,0.0
Gm29994,0.0
Gm30003,0.0
Gm30008,0.0
Gm30313,0.0
Gm30329,0.0
Gm30332,0.0
Gm30371,0.0
Gm30373,0.0
Gm30409,0.0
Gm30411,0.0
Gm30414,0.0
Gm30211,0.0
Gm30228,0.0
Gm30246,0.0
Gm30262,0.0
Gm30270,0.0
Gm30275,0.0
Gm30301,0.0
Gm30302,0.0
Gm28262,0.0
Gm28286,0.0
Gm28289,0.0
Gm28306,0.0
Gm28307,0.0
Gm28347,0.0
Gm28360,0.0
Gm28364,0.0
Gm27166,0.0
Gm27187,0.0
Gm27196,0.0
Gm27198,0.0
Gm27201,0.0
Gm27204,0.0
Gm27206,0.0
Gm27207,0.0
Gm28156,0.0
Plk5,0.0
Plscr5,0.0
Plut,0.0
Pmch,0.0
Pmepa1os,0.0
Gm27153,0.0
Gm27162,0.0
Gm28086,0.0
Gm28095,0.0
Gm28100,0.0
Gm28102,0.0
Gm28112,0.0
Gm28119,0.0
Gm28140,0.0
Gm28154,0.0
Gm30018,0.0
Gm3002,0.0
Gm30042,0.0
Gm28037,0.0
Gm28038,0.0
Gm28043,0.0
Gm28053,0.0
Gm28065,0.0
Gm27227,0.0
Gm27231,0.0
Gm27232,0.0
Gm27235,0.0
Gm27252,0.0
Gm28035,0.0
Pmis2,0.0
Pnliprp1,0.0
Gm30771,0.0
Gm30790,0.0
Peak1os,0.0
Percc1,0.0
Gm30132,0.0
Gm30146,0.0
Gm30190,0.0
Gm30192,0.0
Gm30593,0.0
Gm30606,0.0
Gm30641,0.0
Gm30676,0.0
Gm30691,0.0
Gm30692,0.0
Gm30695,0.0
Gm30735,0.0
Gm2721,0.0
Gm27211,0.0
Gm27216,0.0
Gm27217,0.0
Gm27222,0.0
Gm30563,0.0
Gm30564,0.0
Gm30570,0.0
Gm30504,0.0
Gm30505,0.0
Gm26973,0.0
Gm26984,0.0
Gm26992,0.0
Gm27007,0.0
Gm27011,0.0
Gm27016,0.0
Gm31086,0.0
Gm31087,0.0
Gm31107,0.0
Gm31138,0.0
Pdzd3,0.0
Pdzd9,0.0
Gm30437,0.0
Gm30467,0.0
Gm26972,0.0
Gm30934,0.0
Gm30984,0.0
Gm31013,0.0
Gm31019,0.0
Gm31026,0.0
Gm31048,0.0
Gm31063,0.0
Pnliprp2,0.0
Pnma3,0.0
Pnp2,0.0
Pnpla1,0.0
Gm26947,0.0
Gm26952,0.0
Gm26953,0.0
Gm26954,0.0
Gm31409,0.0
Gm31410,0.0
Gm31447,0.0
Pdha2,0.0
Pdilt,0.0
Gm30849,0.0
Gm30889,0.0
Gm30933,0.0
Gm31314,0.0
Gm31343,0.0
Gm31363,0.0
Gm3137,0.0
Gm31374,0.0
Gm31378,0.0
Gm31401,0.0
Gm31408,0.0
Gm26865,0.0
Gm26868,0.0
Gm26871,0.0
Gm31224,0.0
Gm31227,0.0
Gm31251,0.0
Gm31266,0.0
Gm31294,0.0
Gm27019,0.0
Gm27022,0.0
Gm27030,0.0
Gm27151,0.0
Pnpla5,0.0
Gm26850,0.0
Gm26854,0.0
Gm26862,0.0
Gm26831,0.0
Gm26685,0.0
Gm26688,0.0
Gm2670,0.0
Gm26703,0.0
Gm26704,0.0
Gm26705,0.0
Gm26708,0.0
Gm26802,0.0
Gm26805,0.0
Gm26807,0.0
Gm26812,0.0
Gm26813,0.0
Gm26815,0.0
Gm26820,0.0
Gm26822,0.0
Gm26771,0.0
Gm26774,0.0
Gm26777,0.0
Gm26789,0.0
Gm26791,0.0
Gm26796,0.0
Gm26800,0.0
Gm26801,0.0
Gm26876,0.0
Gm26886,0.0
Gm26893,0.0
Gm26902,0.0
Gm26907,0.0
Gm26918,0.0
Gm26766,0.0
Gm26769,0.0
Gm31152,0.0
Gm31160,0.0
Gm31218,0.0
Gm26630,0.0
Gm26633,0.0
Gm26640,0.0
Gm26646,0.0
Gm26650,0.0
Gm3164,0.0
Gm31678,0.0
Gm31683,0.0
Gm31693,0.0
Gm31698,0.0
Gm31706,0.0
Pdcl2,0.0
Pde2a,0.0
Gm31517,0.0
Gm31522,0.0
Gm31557,0.0
Gm31562,0.0
Gm31571,0.0
Gm31577,0.0
Gm31600,0.0
Gm31630,0.0
Gm26716,0.0
Gm26717,0.0
Gm26726,0.0
Gm26728,0.0
Gm26748,0.0
Gm26761,0.0
Gm26626,0.0
Gm26628,0.0
Pcp2,0.0
Pcsk1,0.0
Pcsk2os1,0.0
Pcsk2os2,0.0
Gm31456,0.0
Gm31462,0.0
Gm31463,0.0
Gm31466,0.0
Gm31898,0.0
Gm31908,0.0
Gm31912,0.0
Gm31933,0.0
Gm31938,0.0
Gm31946,0.0
Gm31992,0.0
Gm32004,0.0
Pou3f3,0.0
Pou3f4,0.0
Ppbp,0.0
Gm26552,0.0
Gm31819,0.0
Gm31822,0.0
Gm31831,0.0
Gm31887,0.0
Gm26653,0.0
Gm26673,0.0
Gm26674,0.0
Gm26676,0.0
Gm26680,0.0
Gm26684,0.0
Pou1f1,0.0
Pou3f1,0.0
Gm26279,0.0
Gm26361,0.0
Gm26413,0.0
Gm26448,0.0
Gm26497,0.0
Gm26511,0.0
Gm26535,0.0
Gm26544,0.0
Ppifos,0.0
Gm25896,0.0
Gm26049,0.0
Gm26165,0.0
Gm26175,0.0
Gm2619,0.0
Gm26202,0.0
Gm26225,0.0
Gm26577,0.0
Gm26583,0.0
Gm26588,0.0
Gm26600,0.0
Gm26602,0.0
Gm26611,0.0
Gm26614,0.0
Gm26616,0.0
Gm26554,0.0
Gm26556,0.0
Gm26562,0.0
Gm26564,0.0
Gm26568,0.0
Gm26574,0.0
Gm26575,0.0
Gm26576,0.0
Gm31784,0.0
Gm31786,0.0
Gm25188,0.0
Gm25203,0.0
Gm25224,0.0
Gm25290,0.0
Gm25395,0.0
Gm25406,0.0
Gm32335,0.0
Gm32338,0.0
Gm3234,0.0
Pcdhga4,0.0
Pcdhga6,0.0
Pcdhgb1,0.0
Pcdhgb7,0.0
Gm31727,0.0
Gm2516,0.0
Gm32224,0.0
Gm32243,0.0
Gm32250,0.0
Gm32255,0.0
Gm32281,0.0
Gm32283,0.0
Gm32296,0.0
Gm26550,0.0
Ppm1n,0.0
Ppp1r14d,0.0
Gm25053,0.0
Gm25096,0.0
Gm25117,0.0
Gm25134,0.0
Gm25147,0.0
Gm32090,0.0
Gm32098,0.0
Gm32126,0.0
Gm32171,0.0
Gm32184,0.0
Ppp2r2c,0.0
Gm24339,0.0
Gm24400,0.0
Pcdhb6,0.0
Pcdhga1,0.0
Pcdhga3,0.0
Gm32005,0.0
Gm32051,0.0
Gm32052,0.0
Gm32067,0.0
Gm32089,0.0
Gm25777,0.0
Gm25788,0.0
Gm25821,0.0
Gm25848,0.0
Gm25857,0.0
Ppp1r1c,0.0
Ppp1r27,0.0
Pcdhb2,0.0
Gm25417,0.0
Gm25514,0.0
Gm25520,0.0
Gm25541,0.0
Gm25600,0.0
Gm25631,0.0
Gm25636,0.0
Gm25652,0.0
Pramel5,0.0
Pramel7,0.0
Prap1,0.0
Prdm12,0.0
Prdm14,0.0
Gm23248,0.0
Gm23301,0.0
Gm23346,0.0
Pram1,0.0
Pramel11,0.0
Pramel14,0.0
Pramel17,0.0
Pramel22,0.0
Pramel33,0.0
Pramel38,0.0
Pramel47,0.0
Gm24771,0.0
Gm24788,0.0
Gm24924,0.0
Gm24928,0.0
Gm24992,0.0
Gm25008,0.0
Gm25016,0.0
Gm25039,0.0
Gm24533,0.0
Gm24576,0.0
Gm24582,0.0
Gm24596,0.0
Gm24607,0.0
Gm2464,0.0
Gm24644,0.0
Gm24762,0.0
Pax8,0.0
Pax9,0.0
Pbsn,0.0
Pcdh20,0.0
Pcdha5,0.0
Gm2366,0.0
Gm2381,0.0
Gm23924,0.0
Gm32554,0.0
Gm32567,0.0
Gm32591,0.0
Gm32592,0.0
Gm32633,0.0
Gm32635,0.0
Gm3264,0.0
Gm32679,0.0
Gm32401,0.0
Gm32405,0.0
Gm32461,0.0
Gm32468,0.0
Gm3248,0.0
Gm32496,0.0
Gm32509,0.0
Gm32511,0.0
Gm23370,0.0
Gm23442,0.0
Gm23445,0.0
Gm23593,0.0
Gm23628,0.0
Gm32358,0.0
Gm32389,0.0
Gm32391,0.0
Gm22739,0.0
Gm22762,0.0
Gm22784,0.0
Gm22897,0.0
Gm22935,0.0
Gm22944,0.0
Gm22965,0.0
Gm22980,0.0
Gm22504,0.0
Gm22540,0.0
Gm22576,0.0
Gm22581,0.0
Gm22656,0.0
Gm22672,0.0
Gm22711,0.0
Gm22738,0.0
Prg2,0.0
Prickle4,0.0
Gm22247,0.0
Gm22299,0.0
Gm22353,0.0
Gm22395,0.0
Gm22442,0.0
Gm2245,0.0
Gm2396,0.0
Gm23969,0.0
Gm24003,0.0
Gm24041,0.0
Gm24166,0.0
Gm24233,0.0
Prdm16os,0.0
Prf1,0.0
Pax1,0.0
Pax2,0.0
Pax6,0.0
Pax7,0.0
Gm32341,0.0
Gm3235,0.0
Gm32352,0.0
Gm21981,0.0
Gm3289,0.0
Gm32913,0.0
Gm32914,0.0
Gm32932,0.0
Gm32939,0.0
Pate1,0.0
Pate12,0.0
Pate9,0.0
Gm3279,0.0
Gm32815,0.0
Gm32828,0.0
Gm32849,0.0
Gm32850,0.0
Gm3286,0.0
Gm32880,0.0
Gm32885,0.0
Gm23058,0.0
Gm2309,0.0
Gm23111,0.0
Prkag2os1,0.0
Gm21860,0.0
Gm21865,0.0
Gm21885,0.0
Gm21905,0.0
Gm21663,0.0
Gm21698,0.0
Gm21704,0.0
Gm21731,0.0
Gm21738,0.0
Gm21817,0.0
Gm21847,0.0
Prom2,0.0
Gm21190,0.0
Gm21269,0.0
Gm21294,0.0
Gm21317,0.0
Gm21388,0.0
Gm21477,0.0
Gm21650,0.0
Gm21655,0.0
Prl7d1,0.0
Prm1,0.0
Prodh2,0.0
Prok1,0.0
Prokr1,0.0
Gm21154,0.0
Gm2117,0.0
Gm21188,0.0
Gm21983,0.0
Gm21996,0.0
Gm22005,0.0
Gm22009,0.0
Gm22043,0.0
Gm22067,0.0
Gm22219,0.0
Prl3c1,0.0
Prr23a3,0.0
Prr27,0.0
Prr29,0.0
Prr32,0.0
Prr33,0.0
Gm20735,0.0
Gm20741,0.0
Gm20743,0.0
Gm32742,0.0
Gm32750,0.0
Gm32764,0.0
Gm32772,0.0
Gm32780,0.0
Gm32786,0.0
Prph2,0.0
Prr23a1,0.0
Gm33255,0.0
Gm33280,0.0
Gm33299,0.0
Papolb,0.0
Pard3bos1,0.0
Pard3bos3,0.0
Gm32693,0.0
Gm32729,0.0
Proscos,0.0
Prox1os,0.0
Gm33142,0.0
Gm33172,0.0
Gm33180,0.0
Gm33222,0.0
Gm33246,0.0
Gm33251,0.0
Gm33051,0.0
Gm33053,0.0
Gm33054,0.0
Gm33091,0.0
Gm20929,0.0
Gm2093,0.0
Gm20937,0.0
Gm21083,0.0
Gm33699,0.0
Gm33728,0.0
Panct2,0.0
Pantr2,0.0
Panx3,0.0
Gm33016,0.0
Gm33035,0.0
Gm33050,0.0
Gm33525,0.0
Gm33533,0.0
Gm33586,0.0
Gm33609,0.0
Gm3364,0.0
Gm33651,0.0
Gm33677,0.0
Gm33680,0.0
Gm20745,0.0
Gm20758,0.0
Gm20767,0.0
Gm20835,0.0
Gm20888,0.0
Gm20896,0.0
Gm20905,0.0
Gm20911,0.0
Gm20652,0.0
Gm20655,0.0
Gm20658,0.0
Gm20659,0.0
Gm20662,0.0
Gm20663,0.0
Gm20683,0.0
Gm20684,0.0
Prss46,0.0
Prss51,0.0
Prss52,0.0
Prss54,0.0
Prss55,0.0
Prss56,0.0
Gm20647,0.0
Gm2065,0.0
Prss29,0.0
Prss32,0.0
Prss34,0.0
Prss37,0.0
Prss38,0.0
Prss40,0.0
Prss41,0.0
Prss45,0.0
Gm21119,0.0
Gm21123,0.0
Gm21149,0.0
Prrt2,0.0
Prrxl1,0.0
Prss16,0.0
Prss22,0.0
Prss27,0.0
Gm33447,0.0
Gm33472,0.0
Gm33489,0.0
Gm33501,0.0
Gm33508,0.0
Psg20,0.0
Psg28,0.0
Gm20540,0.0
Pagr1b,0.0
Pah,0.0
Gm3331,0.0
Gm33321,0.0
Gm33332,0.0
Gm33351,0.0
Gm3336,0.0
Gm33424,0.0
Gm34035,0.0
Gm34045,0.0
Gm34059,0.0
Gm34068,0.0
Pabpc2,0.0
Pabpc6,0.0
Padi2,0.0
Padi4,0.0
Gm20685,0.0
Gm20687,0.0
Gm20717,0.0
Prss57,0.0
Psapl1,0.0
Psg16,0.0
Psg17,0.0
Gm34030,0.0
Gm33890,0.0
Gm33914,0.0
Gm33926,0.0
Gm33948,0.0
Gm33958,0.0
Gm33969,0.0
Gm33973,0.0
Gm33979,0.0
P2ry10,0.0
P2ry10b,0.0
Gm33732,0.0
Gm33756,0.0
Gm33758,0.0
Gm33782,0.0
Gm33819,0.0
Gm33858,0.0
Gm20628,0.0
Gm20634,0.0
Gm20644,0.0
Gm20458,0.0
Gm20461,0.0
Gm20465,0.0
P2rx2,0.0
P2rx5,0.0
Gm20546,0.0
Gm20547,0.0
Gm20557,0.0
Gm20560,0.0
Gm20597,0.0
Gm20611,0.0
Gm20619,0.0
Gm20627,0.0
Gm20406,0.0
Gm20407,0.0
Gm20412,0.0
Gm20420,0.0
Gm20427,0.0
Gm20442,0.0
Gm20456,0.0
Ptchd3,0.0
Gm20319,0.0
Gm20356,0.0
Gm20362,0.0
Gm20379,0.0
Gm20383,0.0
Gm20387,0.0
Gm20390,0.0
Gm20402,0.0
Gm20501,0.0
Gm20508,0.0
Gm20513,0.0
Gm20515,0.0
Gm20518,0.0
Pspn,0.0
Ptchd1,0.0
Gm20276,0.0
Gm33981,0.0
Gm34004,0.0
Gm34016,0.0
Gm20468,0.0
Gm20471,0.0
Gm20476,0.0
Gm20488,0.0
Gm20496,0.0
Otop2,0.0
Otop3,0.0
Otos,0.0
Otx1,0.0
Otx2,0.0
Ovch2,0.0
Ovol1,0.0
Oxgr1,0.0
Gm34350,0.0
Gm34354,0.0
Gm34368,0.0
Gm34376,0.0
Otc,0.0
Otog,0.0
Otol1,0.0
Otop1,0.0
Gm34240,0.0
Gm34250,0.0
Gm34278,0.0
Gm34280,0.0
Gm34284,0.0
Gm34304,0.0
Gm34333,0.0
Gm34342,0.0
Ptcra,0.0
Ptgdr,0.0
Ptgs2os,0.0
Pthlh,0.0
Gm19918,0.0
Gm1992,0.0
Gm19938,0.0
Gm34237,0.0
Gm34609,0.0
Gm34636,0.0
Gm34639,0.0
Gm34643,0.0
Gm34648,0.0
Gm34662,0.0
Oscar,0.0
Gm34069,0.0
Gm19667,0.0
Gm3455,0.0
Gm34557,0.0
Gm34562,0.0
Gm34567,0.0
Gm34574,0.0
Gm34585,0.0
Gm34589,0.0
Gm20149,0.0
Gm2018,0.0
Ptk6,0.0
Ptpn20,0.0
Gm19554,0.0
Gm19557,0.0
Gm19589,0.0
Gm19619,0.0
Oxt,0.0
Gm19950,0.0
Gm2000,0.0
Gm20069,0.0
Gm20089,0.0
Gm20100,0.0
Gm20109,0.0
Gm20139,0.0
Gm19445,0.0
Gm19510,0.0
Gm19519,0.0
Pvalb,0.0
Pvrig,0.0
Gm17509,0.0
Gm17552,0.0
Gm17571,0.0
Ptx4,0.0
Gm18336,0.0
Gm19269,0.0
Gm19301,0.0
Gm19395,0.0
Gm19410,0.0
Gm19434,0.0
Gm19437,0.0
Gm19708,0.0
Gm19719,0.0
Gm19721,0.0
Gm19792,0.0
Gm19817,0.0
Gm19866,0.0
Ptprh,0.0
Pttg1ip2,0.0
Gm34081,0.0
Gm34099,0.0
Gm34106,0.0
Gm34150,0.0
Gm34158,0.0
Gm34184,0.0
Gm34215,0.0
Gm34225,0.0
Gm34466,0.0
Gm34510,0.0
Gm34517,0.0
Gm34549,0.0
Gm17747,0.0
Gm17749,0.0
Gm17751,0.0
Gm17768,0.0
Orm1,0.0
Orm2,0.0
Orm3,0.0
Gm34397,0.0
Gm34408,0.0
Gm34418,0.0
Gm34425,0.0
Gm3443,0.0
Gm34885,0.0
Gm34921,0.0
Gm34922,0.0
Gm34923,0.0
Opalin,0.0
Opn1mw,0.0
Opn1sw,0.0
Oprk1,0.0
Gm17590,0.0
Gm17597,0.0
Gm17634,0.0
Gm17657,0.0
Gm17733,0.0
Gm17746,0.0
Gm34866,0.0
Gm34882,0.0
Gm34785,0.0
Gm34794,0.0
Gm34804,0.0
Gm34808,0.0
Gm34809,0.0
Gm34838,0.0
Gm17160,0.0
Gm17163,0.0
Onecut3,0.0
Gm34672,0.0
Gm34680,0.0
Gm34684,0.0
Gm34721,0.0
Gm34730,0.0
Gm34777,0.0
Gm34780,0.0
Gm17455,0.0
Gm17508,0.0
Qrfp,0.0
Qrfpr,0.0
Olfr986,0.0
Olfr987,0.0
Olig3,0.0
Onecut1,0.0
Gm17783,0.0
Gm17266,0.0
Gm17308,0.0
Gm17324,0.0
Gm17349,0.0
Gm17374,0.0
Gm17402,0.0
Gm17416,0.0
Gm17112,0.0
Gm17116,0.0
Gm17122,0.0
Gm17130,0.0
Gm16793,0.0
Olfr765,0.0
Olfr766-ps1,0.0
Olfr767,0.0
Gm17056,0.0
Gm17059,0.0
Gm17067,0.0
Gm17089,0.0
Gm17094,0.0
Gm17096,0.0
Gm17098,0.0
Gm17111,0.0
Gm17200,0.0
Gm17202,0.0
Gm17206,0.0
Gm17215,0.0
Gm17218,0.0
Gm17225,0.0
Gm17227,0.0
Gm17234,0.0
Gm17171,0.0
Gm17182,0.0
Gm17188,0.0
Gm17189,0.0
Gm17193,0.0
Gm17196,0.0
Gm17197,0.0
Gm1720,0.0
Gm16867,0.0
Gm16876,0.0
Gm16958,0.0
Gm17017,0.0
Gm17019,0.0
Gm17023,0.0
Gm17024,0.0
Gm17033,0.0
Olfr881,0.0
Olfr90,0.0
Olfr916,0.0
Olfr92,0.0
Olfr921,0.0
Olfr93,0.0
Olfr933,0.0
Olfr945,0.0
Olfr816,0.0
Olfr818,0.0
Olfr819,0.0
Olfr823,0.0
Olfr872,0.0
Olfr873,0.0
Olfr877,0.0
Olfr878,0.0
Olfr768,0.0
Olfr769,0.0
Olfr770,0.0
Olfr78,0.0
Olfr796,0.0
Olfr798,0.0
Olfr805,0.0
Olfr810,0.0
Olfr701,0.0
Olfr707,0.0
Olfr727,0.0
Olfr729,0.0
Olfr738,0.0
Olfr740,0.0
Olfr741,0.0
Olfr76,0.0
Olfr635,0.0
Olfr642,0.0
Olfr643,0.0
Olfr656,0.0
Olfr657,0.0
Olfr670,0.0
Olfr691,0.0
Olfr70,0.0
Olfr54,0.0
Olfr545,0.0
Olfr557,0.0
Olfr57,0.0
Olfr60,0.0
Olfr617,0.0
Olfr618,0.0
Olfr624,0.0
Gm17034,0.0
Gm17035,0.0
Rab9b,0.0
Gm16554,0.0
Gm16564,0.0
Gm16568,0.0
Gm16572,0.0
Gm16573,0.0
Gm16217,0.0
Gm16222,0.0
Gm16225,0.0
Gm16226,0.0
Gm16234,0.0
Gm16237,0.0
Gm16239,0.0
Gm16246,0.0
Gm16351,0.0
Gm16401,0.0
Gm16506,0.0
Gm16534,0.0
Gm16540,0.0
Gm16553,0.0
Ranbp3l,0.0
Gm16208,0.0
Gm16758,0.0
Gm16308,0.0
Gm16315,0.0
Gm16322,0.0
Gm16325,0.0
Gm16333,0.0
Gm16337,0.0
Gm16339,0.0
Gm16577,0.0
Gm16582,0.0
Gm16596,0.0
Gm16618,0.0
Gm16677,0.0
Gm16726,0.0
Gm16731,0.0
Gm16741,0.0
Olfr472,0.0
Olfr477,0.0
Olfr48,0.0
Olfr521,0.0
Gm16262,0.0
Gm16263,0.0
Gm16268,0.0
Gm16271,0.0
Olfr374,0.0
Olfr38,0.0
Olfr406,0.0
Olfr417,0.0
Olfr418,0.0
Olfr441,0.0
Olfr45,0.0
Olfr460,0.0
Olfr328,0.0
Olfr33,0.0
Olfr332,0.0
Olfr344,0.0
Olfr354,0.0
Olfr361,0.0
Olfr372,0.0
Olfr373,0.0
Gm16249,0.0
Olfr295,0.0
Olfr310,0.0
Olfr315,0.0
Olfr316,0.0
Olfr317,0.0
Olfr323,0.0
Olfr325,0.0
Gm16090,0.0
Gm16092,0.0
Gm16096,0.0
Gm16098,0.0
Gm16104,0.0
Gm16105,0.0
Gm16116,0.0
Gm16120,0.0
Gm16183,0.0
Gm16191,0.0
Gm16192,0.0
Rasl10b,0.0
Rax,0.0
Rbakdn,0.0
Gm16081,0.0
Gm16086,0.0
Gm16145,0.0
Gm16159,0.0
Gm16160,0.0
Gm16161,0.0
Gm16169,0.0
Gm16170,0.0
Gm16172,0.0
Gm16181,0.0
Gm16275,0.0
Gm16277,0.0
Gm16282,0.0
Gm16287,0.0
Rapgef3os2,0.0
Rasgef1c,0.0
Gm16143,0.0
Gm16144,0.0
Olfr27,0.0
Olfr282,0.0
Olfr283,0.0
Olfr285,0.0
Olfr288,0.0
Gm16121,0.0
Gm16126,0.0
Gm16130,0.0
Olfr18,0.0
Olfr2,0.0
Olfr201,0.0
Olfr206,0.0
Olfr220,0.0
Olfr221,0.0
Olfr259,0.0
Olfr266,0.0
Olfr1508,0.0
Olfr1511,0.0
Olfr152,0.0
Olfr155,0.0
Olfr1555-ps1,0.0
Olfr1564,0.0
Olfr157,0.0
Olfr168,0.0
Olfr1462,0.0
Olfr1467,0.0
Olfr1471,0.0
Olfr1489,0.0
Olfr1491,0.0
Olfr1494,0.0
Olfr15,0.0
Olfr1507,0.0
Gm16055,0.0
Gm16059,0.0
Rbp2,0.0
Gm15907,0.0
Gm15911,0.0
Gm15917,0.0
Gm15932,0.0
Gm15934,0.0
Gm16028,0.0
Gm16031,0.0
Gm16033,0.0
Gm16035,0.0
Gm16036,0.0
Gm16043,0.0
Gm1604b,0.0
Gm16050,0.0
Gm15998,0.0
Gm15999,0.0
Gm16000,0.0
Gm16004,0.0
Gm16006,0.0
Gm16010,0.0
Gm16014,0.0
Gm16019,0.0
Gm16132,0.0
Gm16133,0.0
Gm16136,0.0
Gm16137,0.0
Gm16140,0.0
Gm15987,0.0
Gm15996,0.0
Gm15997,0.0
Olfr1396,0.0
Olfr1414,0.0
Olfr1418,0.0
Olfr1420,0.0
Olfr1423,0.0
Olfr1425,0.0
Olfr1441,0.0
Olfr145,0.0
Olfr1358,0.0
Olfr1366,0.0
Olfr1377,0.0
Olfr1381,0.0
Olfr1384,0.0
Olfr1387,0.0
Olfr1392,0.0
Olfr1393,0.0
Olfr1312,0.0
Olfr1322,0.0
Olfr1330,0.0
Olfr1336,0.0
Olfr1338,0.0
Olfr1340,0.0
Olfr1349,0.0
Olfr1351,0.0
Gm15939,0.0
Gm15941,0.0
Olfr1271,0.0
Olfr1272,0.0
Olfr1277,0.0
Olfr1281,0.0
Olfr1284,0.0
Olfr1303,0.0
Reg3g,0.0
Reg4,0.0
Gm15716,0.0
Gm15718,0.0
Gm15722,0.0
Gm15723,0.0
Gm15729,0.0
Gm15731,0.0
Gm15894,0.0
Rdh16f1,0.0
Rdh16f2,0.0
Rdh7,0.0
Recql5os1,0.0
Redrum,0.0
Reg1,0.0
Reg2,0.0
Gm15845,0.0
Gm15848,0.0
Gm15857,0.0
Gm15870,0.0
Gm15883,0.0
Gm15889,0.0
Gm15890,0.0
Gm15891,0.0
Gm15942,0.0
Gm15962,0.0
Gm15984,0.0
Rcvrn,0.0
Rdh1,0.0
Rdh16,0.0
Gm15831,0.0
Gm15841,0.0
Olfr1217,0.0
Olfr1220,0.0
Olfr1247,0.0
Olfr1249,0.0
Olfr125,0.0
Olfr1256,0.0
Olfr1259,0.0
Gm15764,0.0
Olfr1124,0.0
Olfr1152,0.0
Olfr1157,0.0
Olfr1173,0.0
Olfr1175,0.0
Olfr1195,0.0
Olfr1200,0.0
Olfr1212,0.0
Olfr1029,0.0
Olfr1030,0.0
Olfr1043,0.0
Olfr106-ps,0.0
Olfr107,0.0
Olfr1080,0.0
Olfr110,0.0
Olfr111,0.0
Gm15734,0.0
Gm15743,0.0
Gm15756,0.0
Gm15759,0.0
Olfm3,0.0
Olfm4,0.0
Olfm5,0.0
Olfr10,0.0
Gm15684,0.0
Gm15691,0.0
Gm15700,0.0
Gm15701,0.0
Gm15522,0.0
Gm15523,0.0
Gm15533,0.0
Gm15537,0.0
Gm15634,0.0
Gm15637,0.0
Gm15638,0.0
Gm15640,0.0
Gm15650,0.0
Gm15651,0.0
Gm15671,0.0
Gm15677,0.0
Gm15825,0.0
Rem2,0.0
Resp18,0.0
Retnlg,0.0
Rex2,0.0
Gm15619,0.0
Gm15631,0.0
Gm15632,0.0
Gm15767,0.0
Gm15774,0.0
Gm15777,0.0
Gm15809,0.0
Gm15810,0.0
Gm15813,0.0
Gm15818,0.0
Gm15821,0.0
Odf1,0.0
Odf3l1,0.0
Odf3l2,0.0
Gm15584,0.0
Gm15587,0.0
Gm15591,0.0
Gm15592,0.0
Gm15594,0.0
Gm35189,0.0
Gm35191,0.0
Gm35206,0.0
Gm35216,0.0
Gm35217,0.0
Ocstamp,0.0
Odad2,0.0
Odaph,0.0
Gm35077,0.0
Gm35097,0.0
Gm35101,0.0
Gm35110,0.0
Gm35134,0.0
Gm35161,0.0
Gm35164,0.0
Gm35166,0.0
Gm15540,0.0
Gm15551,0.0
Gm15555,0.0
Gm15561,0.0
Gm15577,0.0
Gm15579,0.0
Gm35060,0.0
Gm35066,0.0
Rhox3g,0.0
Rhox4b,0.0
Rhox4c,0.0
Gm15298,0.0
Gm15318,0.0
Gm15324,0.0
Gm15328,0.0
Gm15336,0.0
Gm15513,0.0
Gm15518,0.0
Gm15520,0.0
Rhbg,0.0
Rhcg,0.0
Rhox1,0.0
Rhox10,0.0
Rhox12,0.0
Gm15448,0.0
Gm15457,0.0
Gm15458,0.0
Gm15471,0.0
Gm15472,0.0
Gm15475,0.0
Gm15503,0.0
Gm15512,0.0
Gm15597,0.0
Gm15609,0.0
Gm15612,0.0
Rgs21,0.0
Rgs8,0.0
Rhag,0.0
Gm15423,0.0
Gm15433,0.0
Nutm1,0.0
Nxph2,0.0
Nxph4,0.0
Oacyl,0.0
Gm35229,0.0
Gm35256,0.0
Gm3526,0.0
Gm35281,0.0
Gm34983,0.0
Gm35028,0.0
Gm35031,0.0
Gm35037,0.0
Gm35040,0.0
Gm35048,0.0
Nupl1,0.0
Nutf2-ps1,0.0
Gm35520,0.0
Gm35549,0.0
Gm35550,0.0
Oas1g,0.0
Oas3,0.0
Obp2a,0.0
Ocm,0.0
Gm34939,0.0
Gm35406,0.0
Gm35419,0.0
Gm35430,0.0
Gm35439,0.0
Gm35455,0.0
Gm35496,0.0
Gm35501,0.0
Gm35507,0.0
Gm15221,0.0
Gm15226,0.0
Gm15228,0.0
Gm15232,0.0
Gm15234,0.0
Gm15241,0.0
Gm15247,0.0
Gm1527,0.0
Rhox9,0.0
Ribc2,0.0
Rimbp3,0.0
Gm15128,0.0
Gm15130,0.0
Gm15169,0.0
Gm15179,0.0
Gm15208,0.0
Gm15396,0.0
Gm15404,0.0
Gm15406,0.0
Gm15407,0.0
Gm15409,0.0
Gm15410,0.0
Rhox6,0.0
Rhox7b,0.0
Gm35288,0.0
Gm35290,0.0
Gm35298,0.0
Gm35360,0.0
Gm35368,0.0
Gm35386,0.0
Gm15339,0.0
Gm15351,0.0
Gm35842,0.0
Gm3587,0.0
Gm35890,0.0
Gm35909,0.0
Gm35933,0.0
Gm35934,0.0
Nudt8,0.0
Gm14817,0.0
Gm35692,0.0
Gm35722,0.0
Gm35725,0.0
Gm35733,0.0
Gm35801,0.0
Gm35818,0.0
Gm35822,0.0
Gm35823,0.0
Nudt17,0.0
Gm35551,0.0
Gm35576,0.0
Gm3558,0.0
Gm35584,0.0
Gm35585,0.0
Gm35611,0.0
Gm35657,0.0
Gm15271,0.0
Gm15294,0.0
Rlbp1,0.0
Rln1,0.0
Rln3,0.0
Gm14697,0.0
Gm14698,0.0
Gm14717,0.0
Gm36101,0.0
Gm36107,0.0
Gm36146,0.0
Gm36161,0.0
Gm36169,0.0
Gm36172,0.0
Gm36186,0.0
Gm36199,0.0
Gm35963,0.0
Gm35996,0.0
Gm35998,0.0
Gm36011,0.0
Gm36017,0.0
Gm36026,0.0
Gm36041,0.0
Gm36043,0.0
Gm15091,0.0
Gm15127,0.0
Rnase12,0.0
Rnase2a,0.0
Rnasek,0.0
Rnaset2a,0.0
Rnf112,0.0
Gm14424,0.0
Gm14827,0.0
Gm14862,0.0
Gm14866,0.0
Gm14902,0.0
Gm14936,0.0
Gm15046,0.0
Gm15056,0.0
Gm15083,0.0
Gm14329,0.0
Gm14330,0.0
Gm14340,0.0
Gm14341,0.0
Gm14342,0.0
Gm14343,0.0
Gm14344,0.0
Gm14372,0.0
Rnf183,0.0
Rnf186,0.0
Gm14285,0.0
Gm14317,0.0
Gm14319,0.0
Gm14321,0.0
Gm14322,0.0
Gm14327,0.0
Gm14507,0.0
Gm14525,0.0
Gm14565,0.0
Gm14569,0.0
Gm14618,0.0
Gm14635,0.0
Gm14662,0.0
Rnf151,0.0
Gm36210,0.0
Gm36211,0.0
Gm36229,0.0
Nudt12os,0.0
Gm14426,0.0
Gm14437,0.0
Gm14487,0.0
Gm14505,0.0
Nt5el,0.0
Ntsr1,0.0
Ntsr2,0.0
Gm14206,0.0
Gm14209,0.0
Gm14223,0.0
Gm14225,0.0
Gm14232,0.0
Gm36368,0.0
Gm36388,0.0
Gm36419,0.0
Gm36426,0.0
Gm36431,0.0
Gm36435,0.0
Nt5c1a,0.0
Nt5c1b,0.0
Gm36236,0.0
Gm36246,0.0
Gm36251,0.0
Gm36252,0.0
Gm36287,0.0
Gm36325,0.0
Gm36356,0.0
Gm36363,0.0
Gm14393,0.0
Gm14401,0.0
Rnf212,0.0
Rnf222,0.0
Rnf225,0.0
Gm14154,0.0
Gm14161,0.0
Gm14204,0.0
Gm14095,0.0
Gm14097,0.0
Gm14102,0.0
Gm14110,0.0
Gm14123,0.0
Gm14124,0.0
Gm14133,0.0
Gm14137,0.0
Gm14002,0.0
Gm14004,0.0
Gm14019,0.0
Gm14024,0.0
Gm14029,0.0
Gm14033,0.0
Gm14040,0.0
Gm14064,0.0
Gm14272,0.0
Gm14273,0.0
Gm14275,0.0
Rnu6-ps1,0.0
Rny1,0.0
Rny3,0.0
Gm13985,0.0
Gm13999,0.0
Gm14235,0.0
Gm14243,0.0
Gm14244,0.0
Gm14249,0.0
Gm14264,0.0
Gm14266,0.0
Gm14268,0.0
Gm14271,0.0
Gm36635,0.0
Gm36640,0.0
Nrsn2,0.0
Gm13817,0.0
Gm13833,0.0
Gm13840,0.0
Gm13842,0.0
Gm13848,0.0
Gm36560,0.0
Gm36594,0.0
Gm36602,0.0
Gm36607,0.0
Gm36617,0.0
Gm36618,0.0
Gm36633,0.0
Gm36634,0.0
Gm36487,0.0
Gm36495,0.0
Gm36503,0.0
Gm36535,0.0
Gm36536,0.0
Gm36539,0.0
Gm36543,0.0
Gm36550,0.0
Gm14152,0.0
Ros1,0.0
Rp1l1,0.0
Rpe65,0.0
Gm13814,0.0
Gm13816,0.0
Gm36485,0.0
Gm36486,0.0
Gm13667,0.0
Gm13703,0.0
Gm13707,0.0
Gm13708,0.0
Gm13709,0.0
Gm13713,0.0
Gm13715,0.0
Gm13748,0.0
Gm13620,0.0
Gm13629,0.0
Gm13647,0.0
Gm13648,0.0
Gm13652,0.0
Gm13658,0.0
Gm13660,0.0
Gm13663,0.0
Gm13941,0.0
Gm13943,0.0
Gm13972,0.0
Gm13977,0.0
Rpl36-ps4,0.0
Gm13613,0.0
Gm13617,0.0
Gm13619,0.0
Gm13849,0.0
Gm13855,0.0
Gm13861,0.0
Gm13869,0.0
Gm13874,0.0
Gm13881,0.0
Gm13883,0.0
Gm13938,0.0
Nrg3os,0.0
Nrl,0.0
Nron,0.0
Gm3646,0.0
Gm13490,0.0
Gm13497,0.0
Gm13499,0.0
Gm13523,0.0
Gm36840,0.0
Gm36855,0.0
Gm36862,0.0
Gm36879,0.0
Gm36888,0.0
Gm36903,0.0
Gm36908,0.0
Gm36927,0.0
Gm36736,0.0
Gm36745,0.0
Gm36752,0.0
Gm36756,0.0
Gm36799,0.0
Gm36814,0.0
Gm36816,0.0
Gm36831,0.0
Gm13775,0.0
Gm13782,0.0
Gm13783,0.0
Gm13791,0.0
Gm13807,0.0
Rpl3l,0.0
Rprml,0.0
Gm13480,0.0
Gm13376,0.0
Gm13387,0.0
Gm13388,0.0
Gm13398,0.0
Gm13403,0.0
Gm13405,0.0
Gm13417,0.0
Gm13431,0.0
Gm13601,0.0
Rps18-ps4,0.0
Rps18-ps5,0.0
Gm13293,0.0
Gm1330,0.0
Gm13320,0.0
Gm13327,0.0
Gm13330,0.0
Gm13565,0.0
Gm13571,0.0
Gm13572,0.0
Gm13580,0.0
Gm13582,0.0
Gm13589,0.0
Gm13596,0.0
Gm13598,0.0
Gm13524,0.0
Gm13528,0.0
Gm13538,0.0
Gm13544,0.0
Gm13546,0.0
Gm13547,0.0
Gm13554,0.0
Gm13558,0.0
Gm36677,0.0
Gm36684,0.0
Gm3669,0.0
Gm36693,0.0
Gm13062,0.0
Gm13066,0.0
Gm13074,0.0
Gm13075,0.0
Gm37015,0.0
Gm37017,0.0
Npy,0.0
Npy2r,0.0
Npy4r,0.0
Npy5r,0.0
Nr1h5,0.0
Gm36667,0.0
Gm36976,0.0
Gm36988,0.0
Gm37004,0.0
Gm37006,0.0
Gm37008,0.0
Gm37010,0.0
Gm37012,0.0
Gm37014,0.0
Gm13448,0.0
Gm13465,0.0
Gm13479,0.0
Rptoros,0.0
Gm13052,0.0
Gm13054,0.0
Gm3696,0.0
Gm36970,0.0
Gm36932,0.0
Gm36939,0.0
Gm36947,0.0
Gm36948,0.0
Gm36951,0.0
Gm36955,0.0
Gm36958,0.0
Gm12945,0.0
Gm37093,0.0
Gm37109,0.0
Gm37110,0.0
Gm37113,0.0
Nppa,0.0
Npsr1,0.0
Nptx1,0.0
Npw,0.0
Gm13261,0.0
Gm13262,0.0
Gm13264,0.0
Gm13266,0.0
Gm12930,0.0
Gm37072,0.0
Gm37079,0.0
Gm37082,0.0
Gm13110,0.0
Gm13112,0.0
Gm13165,0.0
Gm13179,0.0
Gm13184,0.0
Gm13203,0.0
Gm13256,0.0
Gm13257,0.0
Gm12798,0.0
Gm12823,0.0
Gm12828,0.0
Gm12829,0.0
Gm12830,0.0
Gm12840,0.0
Gm12861,0.0
Gm12865,0.0
Gm13049,0.0
Rsph6a,0.0
Rspo4,0.0
Rspo4os,0.0
Rtl10,0.0
Gm12762,0.0
Gm12764,0.0
Gm12790,0.0
Gm13001,0.0
Gm13003,0.0
Gm13012,0.0
Gm13021,0.0
Gm13025,0.0
Gm13026,0.0
Gm13028,0.0
Gm13030,0.0
Gm12949,0.0
Gm12953,0.0
Gm12962,0.0
Gm12973,0.0
Gm12974,0.0
Gm12976,0.0
Gm12981,0.0
Gm12984,0.0
Gm37063,0.0
Gm37064,0.0
Gm37065,0.0
Gm37066,0.0
Gm37069,0.0
Gm37229,0.0
Gm37230,0.0
Gm37256,0.0
Noxa1,0.0
Npbwr1,0.0
Npc1l1,0.0
Gm37027,0.0
Gm37035,0.0
Gm37036,0.0
Gm37061,0.0
Gm37062,0.0
Gm37166,0.0
Gm37170,0.0
Gm37184,0.0
Gm37192,0.0
Gm37199,0.0
Notum,0.0
Notumos,0.0
Nox3,0.0
Gm12866,0.0
Gm12867,0.0
Gm12869,0.0
Gm12907,0.0
Gm12927,0.0
Rtn4rl2,0.0
Rtp2,0.0
Gm37161,0.0
Gm37334,0.0
Gm3734,0.0
Gm37340,0.0
Gm37362,0.0
Gm37363,0.0
Nlrp6,0.0
Nmbr,0.0
Gm37200,0.0
Gm12679,0.0
Gm12688,0.0
Gm12701,0.0
Gm37307,0.0
Gm37310,0.0
Gm37312,0.0
Gm37314,0.0
Gm37328,0.0
Runx2os2,0.0
Rxrg,0.0
S100a2,0.0
S100a5,0.0
S100z,0.0
Gm12665,0.0
Gm12670,0.0
Gm12678,0.0
Gm37264,0.0
Gm37267,0.0
Gm37273,0.0
Nodal,0.0
Gm37127,0.0
Gm37136,0.0
Gm37142,0.0
Gm37145,0.0
Gm12530,0.0
Gm12532,0.0
Gm12580,0.0
Gm12590,0.0
Gm12596,0.0
Gm12602,0.0
Gm12606,0.0
Samt2b,0.0
Gm12473,0.0
Gm12478,0.0
Gm12503,0.0
Gm12505,0.0
Gm12514,0.0
Gm12519,0.0
Gm12522,0.0
Gm12526,0.0
Gm12756,0.0
Saa1,0.0
Saa4,0.0
Sall1,0.0
Sall3,0.0
Gm12436,0.0
Gm12446,0.0
Gm12462,0.0
Gm37202,0.0
Gm37212,0.0
Gm37214,0.0
Gm12705,0.0
Gm12707,0.0
Gm12708,0.0
Gm12735,0.0
Gm12737,0.0
Gm12319,0.0
Gm12320,0.0
Gm12324,0.0
Gm12326,0.0
Gm12349,0.0
Gm12352,0.0
Gm12404,0.0
Gm12405,0.0
Nkx6-2,0.0
Nkx6-3,0.0
Nlrp12,0.0
Gm3728,0.0
Gm37283,0.0
Gm37291,0.0
Gm12299,0.0
Gm12315,0.0
Gm37415,0.0
Gm37429,0.0
Gm37444,0.0
Gm37457,0.0
Nkx1-2,0.0
Nkx2-2os,0.0
Nkx2-9,0.0
Nkx3-1,0.0
Sap25,0.0
Sap30bpos,0.0
Gm12265,0.0
Gm12278,0.0
Gm12280,0.0
Gm12298,0.0
Gm37411,0.0
Gm37412,0.0
Gm37389,0.0
Gm3739,0.0
Gm37391,0.0
Gm37402,0.0
Gm37403,0.0
Gm12171,0.0
Gm12195,0.0
Gm12199,0.0
Gm37516,0.0
Gm3752,0.0
Gm37541,0.0
Nipal4,0.0
Nipsnap3a,0.0
Gm37366,0.0
Gm37370,0.0
Gm37382,0.0
Gm12160,0.0
Gm12162,0.0
Gm37478,0.0
Gm37479,0.0
Gm37484,0.0
Gm37485,0.0
Gm37498,0.0
Gm37509,0.0
Gm12406,0.0
Gm12408,0.0
Satl1,0.0
Saxo1,0.0
Sbspon,0.0
Gm12147,0.0
Gm12158,0.0
Gm12159,0.0
Gm37583,0.0
Gm37587,0.0
Gm37588,0.0
Gm37592,0.0
Gm37599,0.0
Gm37618,0.0
Gm37464,0.0
Gm37475,0.0
Schip1,0.0
Scml1,0.0
Gm37553,0.0
Gm37560,0.0
Gm37563,0.0
Gm37565,0.0
Gm37580,0.0
Gm37581,0.0
Gm12256,0.0
Gm12257,0.0
Gm12259,0.0
Scarletltr,0.0
Scart2,0.0
Scgb1c1,0.0
Scgb3a2,0.0
Scgn,0.0
Gm12204,0.0
Gm12212,0.0
Gm12214,0.0
Gm12224,0.0
Gm12227,0.0
Gm12236,0.0
Gm12249,0.0
Gm12253,0.0
Gm12144,0.0
Gm12145,0.0
Scrt1,0.0
Scrt2,0.0
Sctr,0.0
Gm11762,0.0
Gm11770,0.0
Gm11773,0.0
Gm12100,0.0
Gm12107,0.0
Gm12108,0.0
Gm12114,0.0
Gm12116,0.0
Gm12117,0.0
Gm12128,0.0
Gm12130,0.0
Gm12018,0.0
Gm12022,0.0
Gm12023,0.0
Gm12043,0.0
Gm12050,0.0
Gm12051,0.0
Gm12052,0.0
Gm12092,0.0
Scn11a,0.0
Scn3b,0.0
Scn4b,0.0
Scnn1g,0.0
Scrg1,0.0
Gm11986,0.0
Gm11998,0.0
Gm11999,0.0
Sdr16c5,0.0
Sds,0.0
Gm11640,0.0
Gm11642,0.0
Gm11651,0.0
Gm11655,0.0
Gm11659,0.0
Gm11670,0.0
Gm37652,0.0
Gm37655,0.0
Gm37662,0.0
Gm37671,0.0
Gm37542,0.0
Gm37548,0.0
Gm37551,0.0
Gm11934,0.0
Gm11861,0.0
Gm11899,0.0
Gm37637,0.0
Gm37640,0.0
Gm37642,0.0
Gm37643,0.0
Gm37645,0.0
Gm37649,0.0
Gm11775,0.0
Gm11789,0.0
Gm11802,0.0
Gm11816,0.0
Gm11817,0.0
Gm11823,0.0
Gm11842,0.0
Gm11846,0.0
Gm37632,0.0
Gm11724,0.0
Gm11728,0.0
Gm11731,0.0
Gm11732,0.0
Gm11752,0.0
Gm11755,0.0
Sele,0.0
Gm37759,0.0
Gm3776,0.0
Gm37761,0.0
Gm37767,0.0
Nepn,0.0
Neu2,0.0
Gm37628,0.0
Gm37629,0.0
Gm11716,0.0
Gm37685,0.0
Gm37695,0.0
Gm37711,0.0
Gm3772,0.0
Gm37742,0.0
Gm37754,0.0
Gm37755,0.0
Gm11672,0.0
Gm11683,0.0
Gm11685,0.0
Gm11690,0.0
Gm11707,0.0
Gm11713,0.0
Gm11714,0.0
Gm11715,0.0
Gm37858,0.0
Gm37859,0.0
Nefl,0.0
Gm11548,0.0
Gm11551,0.0
Gm11579,0.0
Gm11583,0.0
Gm11588,0.0
Gm37811,0.0
Gm37821,0.0
Gm37824,0.0
Gm37827,0.0
Gm37834,0.0
Gm37844,0.0
Gm37846,0.0
Gm37855,0.0
Gm11534,0.0
Gm11541,0.0
Gm37785,0.0
Gm37787,0.0
Gm37790,0.0
Gm37799,0.0
Gm37800,0.0
Gm37805,0.0
Selenok-ps1,0.0
Sell,0.0
Gm11494,0.0
Gm11496,0.0
Gm11513,0.0
Gm11521,0.0
Gm11527,0.0
Gm11529,0.0
Gm37913,0.0
Gm37915,0.0
Gm37923,0.0
Gm37933,0.0
Gm37935,0.0
Gm37939,0.0
Gm37940,0.0
Gm37941,0.0
Ndp,0.0
Gm37860,0.0
Gm37871,0.0
Gm37873,0.0
Gm37885,0.0
Gm37895,0.0
Gm37896,0.0
Gm37897,0.0
Gm11292,0.0
Gm11309,0.0
Gm11339,0.0
Gm11351,0.0
Gm11377,0.0
Gm11413,0.0
Gm11418,0.0
Nctc1,0.0
Gm11592,0.0
Gm11611,0.0
Gm11626,0.0
Gm11629,0.0
Gm11250,0.0
Gm11261,0.0
Gm11264,0.0
Gm11274,0.0
Gm38097,0.0
Gm38099,0.0
Gm37946,0.0
Gm37956,0.0
Gm37962,0.0
Gm37963,0.0
Gm37965,0.0
Gm37971,0.0
Serpina3i,0.0
Serpina3m,0.0
Serpina9,0.0
Serpinb11,0.0
Gm38083,0.0
Gm38093,0.0
Gm38095,0.0
Gm38096,0.0
Serpina16,0.0
Serpina1a,0.0
Serpina1b,0.0
Serpina1c,0.0
Serpina1d,0.0
Serpina3a,0.0
Serpina3b,0.0
Serpina3f,0.0
Ndufb11b,0.0
Gm11444,0.0
Gm11465,0.0
Gm11468,0.0
Gm11479,0.0
Serpina10,0.0
Serpina11,0.0
Serpina12,0.0
Gm10782,0.0
Gm10787,0.0
Gm10790,0.0
Gm10791,0.0
Gm10826,0.0
Gm10847,0.0
Gm10851,0.0
Gm10855,0.0
Gm11195,0.0
Gm11205,0.0
Gm11210,0.0
Gm11217,0.0
Gm11228,0.0
Gm11232,0.0
Gm11234,0.0
Gm11240,0.0
Serpinb2,0.0
Serpinb3a,0.0
Serpinb5,0.0
Serpinb6d,0.0
Gm11168,0.0
Gm11184,0.0
Gm11186,0.0
Gm11190,0.0
Gm37975,0.0
Gm37979,0.0
Gm37985,0.0
Gm37995,0.0
Gm37999,0.0
Gm38000,0.0
Gm38001,0.0
Serpinb13,0.0
Gm38069,0.0
Gm3807,0.0
Gm38070,0.0
Serpini2,0.0
Gm10660,0.0
Gm10684,0.0
Gm10685,0.0
Gm10686,0.0
Gm38172,0.0
Gm38177,0.0
Nccrp1,0.0
Nckap5los,0.0
Gm38058,0.0
Gm38062,0.0
Gm38064,0.0
Gm38065,0.0
Gm10961,0.0
Serpinb9f,0.0
Serpind1,0.0
Gm38147,0.0
Gm38148,0.0
Gm38150,0.0
Gm38163,0.0
Gm38165,0.0
Gm10860,0.0
Gm10863,0.0
Gm10873,0.0
Gm10874,0.0
Gm10876,0.0
Gm10912,0.0
Gm10933,0.0
Gm10945,0.0
Gm38143,0.0
Gm38335,0.0
Gm38339,0.0
Gm38342,0.0
Gm38343,0.0
Gm38346,0.0
Gm38352,0.0
Nags,0.0
Nat8f6,0.0
Nat8f7,0.0
Ncan,0.0
Gm38103,0.0
Gm38105,0.0
Gm38116,0.0
Gm38118,0.0
Gm38124,0.0
Gm10748,0.0
Gm10754,0.0
Gm38240,0.0
Gm38242,0.0
Gm38245,0.0
Gm38258,0.0
Gm38263,0.0
Nat8f2,0.0
Gm10699,0.0
Gm10706,0.0
Gm10715,0.0
Gm10718,0.0
Gm10719,0.0
Gm10720,0.0
Gm10729,0.0
Gm10732,0.0
Gm10466,0.0
Gm10471,0.0
Gm10472,0.0
Gm10475,0.0
Gm10482,0.0
Gm10503,0.0
Gm10505,0.0
Gm10512,0.0
Sftpa1,0.0
Sftpd,0.0
Gm10432,0.0
Gm10433,0.0
Gm10440,0.0
Gm10445,0.0
Gm10447,0.0
Gm10459,0.0
Gm10629,0.0
Gm10636,0.0
Gm10645,0.0
Gm10646,0.0
Gm10647,0.0
Gm10654,0.0
Gm10655,0.0
Gm10657,0.0
Gm382,0.0
Gm38214,0.0
Gm38217,0.0
Sfrp5,0.0
Sfta3-ps,0.0
Gm10584,0.0
Gm10610,0.0
Gm10619,0.0
Gm38297,0.0
Gm38301,0.0
Gm38302,0.0
Gm38307,0.0
Gm38309,0.0
Gm38312,0.0
Gm38316,0.0
Gm38318,0.0
Gm38411,0.0
Gm38412,0.0
Gm38413,0.0
Gm38414,0.0
Gm38273,0.0
Gm38282,0.0
Gm38285,0.0
Gm38287,0.0
Gm38384,0.0
Gm38386,0.0
Gm3839,0.0
Gm38398,0.0
Gm38403,0.0
Gm38407,0.0
Gm38409,0.0
Gm38410,0.0
Gm10517,0.0
Gm10521,0.0
Gm10522,0.0
Gm10552,0.0
Gm10553,0.0
Gm10556,0.0
Sh2d1a,0.0
Gm38379,0.0
Myoz2,0.0
Mzb1,0.0
Gm38374,0.0
Gm10416,0.0
Gm10421,0.0
Gm10425,0.0
Shox2,0.0
Siglec15,0.0
Gm38708,0.0
Gm38811,0.0
Gm38843,0.0
Gm38944,0.0
Gm38979,0.0
Gm38997,0.0
Gm39027,0.0
Myot,0.0
Gm10305,0.0
Gm10309,0.0
Gm10334,0.0
Gm10354,0.0
Gm10382,0.0
Gm10384,0.0
Gm10388,0.0
Gm38695,0.0
Gm38319,0.0
Gm38326,0.0
Sh2d7,0.0
Shh,0.0
Gm10282,0.0
Gm10283,0.0
Gm10287,0.0
Gm10300,0.0
Gm38575,0.0
Gm38576,0.0
Gm38590,0.0
Gm38593,0.0
Gm10226,0.0
Gm10267,0.0
Gm10277,0.0
Gm10280,0.0
Myo7b,0.0
Gm38431,0.0
Gm38477,0.0
Gm38505,0.0
Gm38509,0.0
Gm38534,0.0
Gm38551,0.0
Gm38569,0.0
Gm10220,0.0
Gm39317,0.0
Gm39318,0.0
Gm39323,0.0
Gm39375,0.0
Gm39384,0.0
Mymk,0.0
Mymx,0.0
Gm10067,0.0
Gm10097,0.0
Gm10113,0.0
Gm10118,0.0
Gm10143,0.0
Gm10152,0.0
Gm10165,0.0
Gm10197,0.0
Gm39204,0.0
Gm39228,0.0
Gm39231,0.0
Gm39232,0.0
Gm39244,0.0
Gm39302,0.0
Gm39307,0.0
Gkn2,0.0
Myl2,0.0
Mylk2,0.0
Gm39075,0.0
Gm39117,0.0
Gm39121,0.0
Gm39139,0.0
Gm39168,0.0
Gm39185,0.0
Sim2,0.0
Sirpb1c,0.0
Sis,0.0
Sit1,0.0
Myh4,0.0
Myh6,0.0
Myhas,0.0
Myl10,0.0
Glp1r,0.0
Glra2,0.0
Glra4,0.0
Glt6d1,0.0
Glyat,0.0
Glycam1,0.0
Siglecg,0.0
Sim1,0.0
Gm40155,0.0
Gm40190,0.0
Gm4022,0.0
Gm40264,0.0
Gm40292,0.0
Gm40293,0.0
Myadml2os,0.0
Mybpc2,0.0
Gja8,0.0
Gm3948,0.0
Gm39653,0.0
Gm39662,0.0
Gm39822,0.0
Gm3985,0.0
Gm40040,0.0
Gm40055,0.0
Skint11,0.0
Skint7,0.0
Skint8,0.0
Skor1,0.0
Skor2,0.0
Slain1os,0.0
Gimd1,0.0
Gipc3,0.0
Gkn3,0.0
Gldnos,0.0
Glipr1l1,0.0
Glipr1l2,0.0
Glipr1l3,0.0
Six2,0.0
Skint1,0.0
Skint10,0.0
Slc16a14,0.0
Slc16a8,0.0
Slc17a1,0.0
Slc17a2,0.0
Slc17a3,0.0
Slc17a4,0.0
Slc17a6,0.0
Slc17a7,0.0
Slc13a2os,0.0
Slc13a4,0.0
Slc14a1,0.0
Gfi1b,0.0
Gfral,0.0
Gcm1,0.0
Gcsam,0.0
Gdf6,0.0
Ghrh,0.0
Ghsr,0.0
Gimap1os,0.0
Slamf6,0.0
Slc10a2,0.0
Slc10a4,0.0
Slc12a3,0.0
Slc13a2,0.0
Mybphl,0.0
Myh1,0.0
Myh15,0.0
Myh3,0.0
Gjb3,0.0
Gjb5,0.0
Gjb6,0.0
Gjd4,0.0
Gm39465,0.0
Gbp10,0.0
Gbp2b,0.0
Gbp6,0.0
Gc,0.0
Gapt,0.0
Garem2,0.0
Gas2l2,0.0
Mup6,0.0
Gm39388,0.0
Gm39397,0.0
Gm39436,0.0
Gm39456,0.0
Gm39458,0.0
Gm39459,0.0
Gm39464,0.0
Muc4,0.0
Muc5ac,0.0
Muc5b,0.0
Mucl1,0.0
Mup11,0.0
Mup20,0.0
Mup21,0.0
Mup3,0.0
Gm40621,0.0
Gm40638,0.0
Gm40646,0.0
Gm40649,0.0
Muc2,0.0
Muc20,0.0
Muc21,0.0
Muc3a,0.0
Gm40518,0.0
Gm40557,0.0
Gm40576,0.0
Gm40603,0.0
Galnt2,0.0
Galnt5,0.0
Galnt6os,0.0
Galp,0.0
Gm40332,0.0
Gm40348,0.0
Gm40383,0.0
Gm40421,0.0
Gm40457,0.0
Gm40477,0.0
Gm40493,0.0
Gm40513,0.0
Gm40932,0.0
Gm40968,0.0
Gm40977,0.0
Gm40983,0.0
Gm41043,0.0
Mtnr1b,0.0
Gm40323,0.0
Gm40331,0.0
Gata5,0.0
Slc22a12,0.0
Slc22a13,0.0
Slc22a2,0.0
Slc22a20,0.0
Slc22a29,0.0
Slc22a30,0.0
Gm40923,0.0
Gm40847,0.0
Gm40849,0.0
Gm40864,0.0
Gm40910,0.0
Gm40918,0.0
Gm40922,0.0
Slc24a1,0.0
Slc25a2,0.0
Gm40655,0.0
Gm40663,0.0
Gm40723,0.0
Gm40761,0.0
Gm40770,0.0
Gm40778,0.0
Gm40787,0.0
Gm40828,0.0
Gal3st4,0.0
Slc22a7,0.0
Slc22a8,0.0
Gm41307,0.0
Gm41325,0.0
Mtag2,0.0
Gm40650,0.0
Gm40652,0.0
Galr1,0.0
Galr2,0.0
Gabra6,0.0
Gabrg1,0.0
Gabrq,0.0
Gal3st1,0.0
Gal3st2b,0.0
Gal3st3,0.0
Gm41230,0.0
Gm41279,0.0
Gm4128,0.0
Gm41289,0.0
Gm41290,0.0
Gm41300,0.0
Ftcd,0.0
Fthl17a,0.0
Gm41815,0.0
Gm41821,0.0
Msmp,0.0
Msx3,0.0
Gm41144,0.0
Gm41148,0.0
Gm41206,0.0
Gm41225,0.0
G530011O06Rik,0.0
Slc25a41,0.0
Slc25a54,0.0
Slc26a1,0.0
Gm41764,0.0
Gm41787,0.0
Gm41790,0.0
Gm41793,0.0
G530012D18Rik,0.0
G630030J09Rik,0.0
G630064G18Rik,0.0
G6pc,0.0
G6pc2,0.0
G930045G22Rik,0.0
Fzd10,0.0
Fzd10os,0.0
Foxn4,0.0
Slc30a8,0.0
Slc34a1,0.0
Slc34a2,0.0
Fmo4,0.0
Fmo6,0.0
Fmo9,0.0
Ms4a13,0.0
Foxc2,0.0
Foxd1,0.0
Foxd2,0.0
Foxe1,0.0
Foxf2,0.0
Foxi3,0.0
Foxl1,0.0
Foxn1,0.0
Slc2a6,0.0
Slc2a7,0.0
Foxo6os,0.0
Foxp3,0.0
Foxq1,0.0
Foxr2,0.0
Fpr1,0.0
Foxa2,0.0
Fut1,0.0
Fut7,0.0
Frmpd1os,0.0
Fscb,0.0
Fscn3,0.0
Fsip2,0.0
Slc26a4,0.0
Slc27a5,0.0
Fndc11,0.0
Fndc3c1,0.0
Fndc8,0.0
Flg,0.0
Flicr,0.0
Flt3,0.0
Fgfbp1,0.0
Fgg,0.0
Gm4166,0.0
Gm41662,0.0
Gm41669,0.0
Gm41715,0.0
Gm41717,0.0
Gm41757,0.0
Fmr1nb,0.0
Fnd3c2,0.0
Gm4146,0.0
Gm41492,0.0
Gm41517,0.0
Gm41611,0.0
Gm41625,0.0
Gm41639,0.0
Gm41653,0.0
Gm41654,0.0
Ms4a15,0.0
Ms4a18,0.0
Ms4a19,0.0
Ms4a2,0.0
Ms4a20,0.0
Ms4a4a,0.0
Ms4a5,0.0
Ms4a8a,0.0
Gm42556,0.0
Gm42557,0.0
Mrpl53,0.0
Gm42444,0.0
Gm42445,0.0
Gm42447,0.0
Gm42448,0.0
Gm42449,0.0
Gm4230,0.0
Gm42372,0.0
Gm4241,0.0
Gm42421,0.0
Gm42436,0.0
Ms4a12,0.0
Gm42553,0.0
Gm42555,0.0
Gm42495,0.0
Gm41836,0.0
Gm42031,0.0
Gm4208,0.0
Gm42133,0.0
Gm42141,0.0
Gm42161,0.0
Gm4224,0.0
Fhad1os2,0.0
Fhitos,0.0
Fibcd1,0.0
Slc35g3,0.0
Slc36a1os,0.0
Slc36a3os,0.0
Gm42483,0.0
Gm42488,0.0
Mrgprf,0.0
Mrgprx1,0.0
Mrgprx2,0.0
Mroh3,0.0
Mroh6,0.0
Mroh9,0.0
Gm42498,0.0
Gm42504,0.0
Fgf5,0.0
Slc45a1,0.0
Slc45a2,0.0
Fcmr,0.0
Fcnb,0.0
Mrgpra9,0.0
Mrgprb1,0.0
Mrgprb2,0.0
Ffar1,0.0
Fga,0.0
Fgb,0.0
Fgf16,0.0
Fgf22,0.0
Fgf23,0.0
Fgf2os,0.0
Fgf4,0.0
Gm42450,0.0
Gm42456,0.0
Gm42458,0.0
Gm42460,0.0
Gm42463,0.0
Gm42468,0.0
Gm42471,0.0
Fev,0.0
Fam90a1b,0.0
Fancd2os,0.0
Slc5a9,0.0
Slc6a1,0.0
Slc6a12,0.0
Slc6a13,0.0
Slc6a16,0.0
Slc6a18,0.0
Slc4a9,0.0
Slc51a,0.0
Slc51b,0.0
Slc5a12,0.0
Fbll1,0.0
Fam83e,0.0
Fam89a,0.0
Fam90a1a,0.0
Fer1l5,0.0
Fermt1,0.0
Fbxw25,0.0
Fcamr,0.0
Fcer1a,0.0
Fcer2a,0.0
Slc46a2,0.0
Slc4a1,0.0
Gm42508,0.0
Gm42517,0.0
Gm42520,0.0
Gm42523,0.0
Gm42524,0.0
Gm42536,0.0
Gm42545,0.0
Fer1l4,0.0
Mrgpra2a,0.0
Slc7a12,0.0
Slc7a13,0.0
Fam240a,0.0
Fam240b,0.0
Fam243,0.0
Fam24b,0.0
Fam43b,0.0
Gm42614,0.0
Gm42626,0.0
Gm42632,0.0
Gm42638,0.0
Gm4265,0.0
Mpped1,0.0
Mpzl2,0.0
Mrgpra1,0.0
Gm42585,0.0
Gm42591,0.0
Gm42596,0.0
Gm42597,0.0
Gm42601,0.0
Gm42602,0.0
Gm42608,0.0
Gm42610,0.0
Slc6a19,0.0
Slc6a21,0.0
Slc6a3,0.0
Gm42705,0.0
Gm42706,0.0
Gm42707,0.0
Gm42711,0.0
Gm42716,0.0
Gm42683,0.0
Gm42684,0.0
Gm42688,0.0
Gm42696,0.0
Gm42697,0.0
Fam170b,0.0
Fam181a,0.0
Fam184b,0.0
Gm42651,0.0
Gm42655,0.0
Gm42664,0.0
Gm42668,0.0
Gm42674,0.0
Gm42675,0.0
Gm42676,0.0
Gm42679,0.0
Slc7a9,0.0
Mogat2,0.0
Morc2b,0.0
Morn3,0.0
Mov10l1,0.0
Mpig6b,0.0
Mpo,0.0
Gm42650,0.0
Fam71b,0.0
Fam71e2,0.0
Fam71f1,0.0
Fam81b,0.0
Fam205c,0.0
Fam216b,0.0
Fam219aos,0.0
Fam229a,0.0
Gm4278,0.0
Gm42780,0.0
Mog,0.0
Mogat1,0.0
Slitrk3,0.0
Slitrk4,0.0
Slitrk5,0.0
Fads2b,0.0
Gm4275,0.0
Gm42756,0.0
Gm42761,0.0
Gm42763,0.0
Gm42766,0.0
Gm42770,0.0
Gm42771,0.0
Gm42777,0.0
Slco4c1,0.0
Slco6c1,0.0
Slco6d1,0.0
Slfn1,0.0
Slfnl1,0.0
Gm42722,0.0
Gm42743,0.0
Gm42745,0.0
Fam187a,0.0
Fam124b,0.0
Fam131c,0.0
Fam162b,0.0
Fam163b,0.0
Fam166a,0.0
Slco1b2,0.0
Slco1c1,0.0
F12,0.0
F13b,0.0
F2,0.0
F2rl1,0.0
F2rl2,0.0
Evx1,0.0
Evx1os,0.0
Evx2,0.0
Gm42849,0.0
Gm42851,0.0
Mmp10,0.0
Mmp13,0.0
Mmp20,0.0
Mmp3,0.0
Mmp7,0.0
Mmp8,0.0
Fabp9,0.0
Slurp2,0.0
Gm42803,0.0
Gm42809,0.0
Gm42812,0.0
Gm42825,0.0
Gm42839,0.0
Gm42848,0.0
Faiml,0.0
F630042J09Rik,0.0
F730311O21Rik,0.0
F830045P16Rik,0.0
F830208F22Rik,0.0
F9,0.0
FQ976815.1,0.0
Fabp1,0.0
Erich2os,0.0
Erich4,0.0
Epx,0.0
Eqtn,0.0
Eras,0.0
Epb42,0.0
Epgn,0.0
Epha1,0.0
Gm42912,0.0
Gm42919,0.0
Gm42920,0.0
Mlana,0.0
Mlc1,0.0
Gm42789,0.0
Gm42797,0.0
Erfl,0.0
Smgc,0.0
Gm42885,0.0
Gm42894,0.0
Gm42897,0.0
Gm42901,0.0
Gm42902,0.0
Gm42903,0.0
Gm42909,0.0
Etd,0.0
Etfbl,0.0
Etnppl,0.0
Ermn,0.0
Esp38,0.0
Esp8,0.0
Espnl,0.0
Smbd1,0.0
Mir9-3hg,0.0
Mirlet7i,0.0
Mirt1,0.0
Mirt2,0.0
Misp3,0.0
Gm42870,0.0
Emx1,0.0
Enam,0.0
Mir7038,0.0
Mir7046,0.0
Mir7091,0.0
Mir7227,0.0
Mir7666,0.0
Mir7674,0.0
Mir8091,0.0
Mir8106,0.0
Gm42947,0.0
Gm42948,0.0
Gm42949,0.0
Gm42951,0.0
Gm42952,0.0
Gm42962,0.0
Gm42974,0.0
Mir6948,0.0
Epha8,0.0
Ephx3,0.0
Smim23,0.0
Smim38,0.0
Smim40,0.0
Smim43,0.0
Smlr1,0.0
Gm42946,0.0
Gm42934,0.0
Gm42942,0.0
Gm42943,0.0
Gm42944,0.0
Gm42945,0.0
Efcab15,0.0
Edaradd,0.0
Eddm3b,0.0
Mir378c,0.0
Mir5110,0.0
Mir5128,0.0
Mir5129,0.0
Mir6358,0.0
Mir682,0.0
Mir692-1,0.0
Mir6929,0.0
Smtnl1,0.0
Snai3,0.0
Mir205hg,0.0
Mir217hg,0.0
Mir28a,0.0
Mir3109,0.0
Mir322,0.0
Mir3473d,0.0
Endou,0.0
Elovl3,0.0
Elfn2,0.0
Ell3,0.0
Eif4a3l1,0.0
Eif1ad15,0.0
Eif2c5,0.0
Egr4,0.0
Mir1949,0.0
E330012B07Rik,0.0
E330016L19Rik,0.0
E330018M18Rik,0.0
E330032C10Rik,0.0
E330040D14Rik,0.0
E430002N23Rik,0.0
Snora78,0.0
Mir1192,0.0
Mir1195,0.0
Mir124a-1hg,0.0
Mir130c,0.0
Mir142,0.0
Mir155hg,0.0
Mir1931,0.0
Mir1946b,0.0
Gm42995,0.0
Gm42996,0.0
Gm43014,0.0
Gm43019,0.0
Gm43020,0.0
Gm43027,0.0
Gm43031,0.0
Minar1,0.0
Eef1a2,0.0
Ear1,0.0
Ear2,0.0
Ecel1,0.0
Snhg7os,0.0
Snora30,0.0
Snora41,0.0
Snora47,0.0
Gm43072,0.0
Gm43080,0.0
Gm43084,0.0
Gm43086,0.0
Gm43100,0.0
Gm43102,0.0
Gm43109,0.0
Gm43111,0.0
Gm43049,0.0
Gm43050,0.0
Gm43051,0.0
Gm43052,0.0
Gm43057,0.0
Gm43064,0.0
Gm43065,0.0
Gm43069,0.0
Snord4a,0.0
Snord58b,0.0
Snord7,0.0
Snord70,0.0
Snord82,0.0
Gm43039,0.0
Gm43042,0.0
Gm43046,0.0
Snorc,0.0
Snord118,0.0
Snord123,0.0
Snord15a,0.0
Snord17,0.0
Snord42a,0.0
Snord42b,0.0
Snord49b,0.0
Gm43147,0.0
Gm43150,0.0
Gm4316,0.0
Gm43165,0.0
Gm43167,0.0
Gm43174,0.0
Gm43180,0.0
Mfsd4b5,0.0
E030013I19Rik,0.0
E030018B13Rik,0.0
E030026E10Rik,0.0
Gm43119,0.0
Gm43123,0.0
Gm43128,0.0
Gm43130,0.0
Gm43143,0.0
E130018N17Rik,0.0
E130119H09Rik,0.0
E130202H07Rik,0.0
E130215H24Rik,0.0
E130218I03Rik,0.0
E230020A03Rik,0.0
E230025N22Rik,0.0
Dyrk4,0.0
Mhrt,0.0
Miat,0.0
Gm42981,0.0
Gm42982,0.0
Gm42983,0.0
Snord92,0.0
E030032P16Rik,0.0
E030037K01Rik,0.0
Gm43210,0.0
Gm43219,0.0
Gm43237,0.0
Gm43244,0.0
Gm43269,0.0
Gm43272,0.0
Gm43273,0.0
Mettl7a3,0.0
Dsg1c,0.0
Dsg4,0.0
Dppa4,0.0
Gm4319,0.0
Gm43190,0.0
Gm43192,0.0
Gm43196,0.0
Gm43205,0.0
Drd1,0.0
Drd2,0.0
Dreg1,0.0
Dsc1,0.0
Dsc3,0.0
Dscaml1,0.0
Dsg1a,0.0
Dsg1b,0.0
Mfsd6l,0.0
Mgat4e,0.0
Mgat4f,0.0
Mgat5b,0.0
Duox1,0.0
Duox2,0.0
Duoxa1,0.0
Dusp15,0.0
Gm43302,0.0
Gm43316,0.0
Gm43318,0.0
Gm43319,0.0
Gm43320,0.0
Gm43327,0.0
Gm43335,0.0
Mesp1,0.0
Sostdc1,0.0
Sowaha,0.0
Sowahb,0.0
Sox10,0.0
Gm43283,0.0
Gm43287,0.0
Gm43288,0.0
Gm43298,0.0
Dnajc22,0.0
Dnajc5b,0.0
Dnajc5g,0.0
Dnase2b,0.0
Dnajb7,0.0
Dnajb8,0.0
Soga3,0.0
Sohlh2,0.0
Mettl7b,0.0
Mfrp,0.0
Gm43112,0.0
Gm43113,0.0
Draxin,0.0
Dpep2nb,0.0
Dnmt3aos,0.0
Dnmt3c,0.0
Meiob,0.0
Meioc,0.0
Meiosin,0.0
Meltf,0.0
Meox2,0.0
Mep1a,0.0
Mep1b,0.0
Dlx1,0.0
Gm43365,0.0
Gm43391,0.0
Gm43400,0.0
Gm43410,0.0
Gm43411,0.0
Gm43413,0.0
Mefv,0.0
Mei1,0.0
Sox2,0.0
Sox21,0.0
Sox3,0.0
Sox6os,0.0
Sp7,0.0
Sp9,0.0
Gm43351,0.0
Gm43357,0.0
Mettl21e,0.0
Gm43186,0.0
Dmp1,0.0
Dmrt2,0.0
Dmrt3,0.0
Dmrtc1b,0.0
Dnaaf6b,0.0
Sox1ot,0.0
Gm43458,0.0
Gm43460,0.0
Gm43479,0.0
Gm43489,0.0
Gm43340,0.0
Gm43341,0.0
Gm43342,0.0
Spata31d1d,0.0
Spata19,0.0
Spata20,0.0
Spata25,0.0
Gm43547,0.0
Gm43567,0.0
Gm43426,0.0
Gm43429,0.0
Gm43434,0.0
Disp2,0.0
Disp3,0.0
Dkk1,0.0
Dkk4,0.0
Spaca3,0.0
Spaca5,0.0
Spaca7,0.0
Spam1,0.0
Dlx3,0.0
Dlx4,0.0
Dlx4os,0.0
Dlx5,0.0
Dlx6,0.0
Dmbx1,0.0
Dipk1c,0.0
Diras1,0.0
Ddi1,0.0
Ddn,0.0
Dclk3,0.0
Dcpp1,0.0
Dcpp2,0.0
Dcpp3,0.0
Dcst1,0.0
Dcst2,0.0
Defb26,0.0
Defb28,0.0
Defb30,0.0
Defb37,0.0
Defb39,0.0
Defb45,0.0
Defb48,0.0
Ddx43,0.0
Spata45,0.0
Spatc1,0.0
Spatc1l,0.0
Speer2,0.0
Speer4c,0.0
Speer4cos,0.0
Defb14,0.0
Defb23,0.0
Dhrs7c,0.0
Dhrs9,0.0
Dio1,0.0
Dgkeos,0.0
Dhrs2,0.0
Dgat2l6,0.0
Spata32,0.0
Spata4,0.0
Gm43507,0.0
Gm43509,0.0
Gm43514,0.0
Gm43518,0.0
Gm43519,0.0
Gm43522,0.0
Gm43523,0.0
Gm43527,0.0
Gm43496,0.0
Gm43497,0.0
Gm43499,0.0
Gm43500,0.0
Gm43502,0.0
Gm43503,0.0
Gm43504,0.0
Gm43506,0.0
Spink11,0.0
Spink14,0.0
Spink2,0.0
Gm43618,0.0
Gm43623,0.0
Gm43647,0.0
Gm43648,0.0
Mdh1b,0.0
Dcstamp,0.0
Dct,0.0
Speer4e,0.0
Speer4f1,0.0
Speer4f2,0.0
Speer9-ps1,0.0
Spib,0.0
Spink1,0.0
D530014G21Rik,0.0
D530037P16Rik,0.0
D630044L22Rik,0.0
D730002M21Rik,0.0
D730003K21Rik,0.0
D730005E14Rik,0.0
Sprr1a,0.0
Sprr2a3,0.0
D830005E20Rik,0.0
D830030K20Rik,0.0
D830036C21Rik,0.0
D830044D21Rik,0.0
D930007J09Rik,0.0
D930015M05Rik,0.0
D930019O06Rik,0.0
D930028M14Rik,0.0
Dao,0.0
Dapl1,0.0
Dbh,0.0
Dbhos,0.0
Spink5,0.0
Spink6,0.0
Spo11,0.0
Spp2,0.0
Gm43528,0.0
Gm43534,0.0
Gm43541,0.0
Dbpht2,0.0
Dbx1,0.0
Dbx2,0.0
Dcaf8l,0.0
Dcdc2c,0.0
D130058E05Rik,0.0
D1Pas1,0.0
D230030E09Rik,0.0
D330037F02Rik,0.0
D330046F09Rik,0.0
Cyp8b1,0.0
Cysrt1,0.0
Cytl1,0.0
Gm43572,0.0
Gm43577,0.0
Gm43579,0.0
Gm43604,0.0
Gm43605,0.0
Gm43614,0.0
Gm43617,0.0
D130052B06Rik,0.0
Mchr1,0.0
Mcidas,0.0
Mcoln3,0.0
Mcpt2,0.0
Mcpt4,0.0
Mcpt8,0.0
Gm43569,0.0
Gm43570,0.0
Sprr2f,0.0
Sptssb,0.0
Gm43700,0.0
Gm43701,0.0
Gm43702,0.0
Gm43703,0.0
Gm43708,0.0
Mcemp1,0.0
Gm43691,0.0
Gm43698,0.0
Gm43699,0.0
Cyp3a25,0.0
Cyp3a59,0.0
Cyp4a10,0.0
Cyp4a12a,0.0
Cyp4a30b,0.0
Mc2r,0.0
Mc5r,0.0
Gm43652,0.0
Gm43657,0.0
Gm43661,0.0
Gm43662,0.0
Gm43674,0.0
Gm43686,0.0
Srarp,0.0
Srms,0.0
Cyp2j7,0.0
Gm43773,0.0
Gm43776,0.0
Gm43780,0.0
Gm43782,0.0
Gm43787,0.0
D030007L05Rik,0.0
D030025P21Rik,0.0
D030034A15Rik,0.0
D030040B21Rik,0.0
D030044L04Rik,0.0
D030045P18Rik,0.0
D030051J21Rik,0.0
D030055H07Rik,0.0
Gm43753,0.0
Gm43755,0.0
Gm43756,0.0
Gm43760,0.0
Gm43765,0.0
Cyp2c38,0.0
Cyp2c40,0.0
Cyp2c54,0.0
Matn1,0.0
Matn4,0.0
Gm43714,0.0
Gm43715,0.0
Gm43721,0.0
Gm43728,0.0
Gm43747,0.0
Gm43748,0.0
Cyp2b19,0.0
Cyp2b23,0.0
Cyp2b9,0.0
Mapk8ip2,0.0
Marchf11,0.0
Marco,0.0
Marveld3,0.0
Mas1,0.0
Cyp4a32,0.0
Cyp4f37,0.0
Cyp7a1,0.0
Srrm4os,0.0
Cyp2a4,0.0
Cyp2a5,0.0
Cyp2ab1,0.0
Cyp2b10,0.0
Gm43823,0.0
Gm43825,0.0
Gm43829,0.0
Gm43831,0.0
Gm43842,0.0
Gm43843,0.0
Mapk15,0.0
Cyp1a1,0.0
Cylc2,0.0
Gm43791,0.0
Gm43799,0.0
Gm43803,0.0
Gm43804,0.0
Gm43805,0.0
Gm43807,0.0
Gm43820,0.0
Cyp2d26,0.0
Cyp2d9,0.0
Cyp2j11,0.0
Ssmem1,0.0
Sspnos,0.0
Sstr1,0.0
Ssxa1,0.0
Cyct,0.0
Cyp2c55,0.0
Cyp2c65,0.0
Cyp2c66,0.0
Cyp2c67,0.0
Cyp2c68,0.0
Cyp2c69,0.0
Cyp2c70,0.0
Cyp2d10,0.0
Gm43908,0.0
Gm43909,0.0
Gm43912,0.0
Gm43913,0.0
Gm43921,0.0
Gm43937,0.0
Gm43946,0.0
Ctxn2,0.0
Gm44026,0.0
Gm44033,0.0
Gm44039,0.0
Gm43846,0.0
Gm43873,0.0
Gm43885,0.0
Gm43890,0.0
Gm43903,0.0
Cxcl3,0.0
Cxcr1,0.0
Cxcr2,0.0
Cxcr3,0.0
Cxcr6,0.0
Cyb5r2,0.0
St8sia3,0.0
Stac2,0.0
Cyp21a1,0.0
Cyp24a1,0.0
Cyp26a1,0.0
Cyp27b1,0.0
Cyp2a12,0.0
Cyp2a22,0.0
Cxcl15,0.0
Cxcl17,0.0
Gm43961,0.0
Gm43970,0.0
Gm43972,0.0
Gm43992,0.0
Gm43999,0.0
Gm44000,0.0
Gm44005,0.0
Gm44007,0.0
Gm44097,0.0
Gm44101,0.0
Gm44104,0.0
Gm44113,0.0
Gm44117,0.0
Mannr,0.0
Gm43953,0.0
Gm43958,0.0
Ctf2,0.0
Ctla2b,0.0
Csrp3,0.0
Cst10,0.0
Cst11,0.0
Cst7,0.0
Csta1,0.0
Gm44096,0.0
Cuzd1,0.0
Ctrc,0.0
Cts3,0.0
Cts6,0.0
Ctse,0.0
Cstdc4,0.0
Cstl1,0.0
Ctcfl,0.0
Gm44073,0.0
Gm44079,0.0
Gm44080,0.0
Gm44081,0.0
Gm44085,0.0
Gm44086,0.0
Gm44087,0.0
Cryga,0.0
Gm44186,0.0
Gm44199,0.0
Gm44202,0.0
Mall,0.0
Gm44064,0.0
Gm44067,0.0
Gm44069,0.0
Gm44071,0.0
Csn1s2b,0.0
Csn3,0.0
Stkld1,0.0
Stmn4,0.0
Stmnd1,0.0
Crx,0.0
Cryaa,0.0
Cryba1,0.0
Gm4402,0.0
Gm44020,0.0
Stfa2l1,0.0
Csf2,0.0
Csl,0.0
Csmd2os,0.0
Csn1s1,0.0
Csn1s2a,0.0
Gm44136,0.0
Gm44140,0.0
Gm44151,0.0
Gm44167,0.0
Gm44169,0.0
Gm44172,0.0
Gm44174,0.0
Gm44175,0.0
Cpn2,0.0
Gm44280,0.0
Gm44296,0.0
Madcam1,0.0
Magea13,0.0
Magea14,0.0
Magea2,0.0
Gm44135,0.0
Crb2,0.0
Crct1,0.0
Stpg4,0.0
Stra8,0.0
Strc,0.0
Cplx1,0.0
Cplx3,0.0
Cplx4,0.0
Crygb,0.0
Crygc,0.0
Crygs,0.0
Crhbp,0.0
Crisp2,0.0
Crisp3,0.0
Crmp1,0.0
Cpxcr1,0.0
Gm44238,0.0
Gm44247,0.0
Gm44249,0.0
Gm4425,0.0
Gm44253,0.0
Gm44256,0.0
Gm44258,0.0
Gm44260,0.0
M5C1000I18Rik,0.0
MH423686.1,0.0
Mab21l1,0.0
Mab21l4,0.0
Macrod2os1,0.0
Gm44210,0.0
Gm44214,0.0
Gm44234,0.0
Colec10,0.0
Col10a1,0.0
Stx19,0.0
Sucnr1,0.0
Lyz1,0.0
Lyzl1,0.0
Lyzl4,0.0
Lyzl4os,0.0
Gm44183,0.0
Cox8b,0.0
Cox8c,0.0
Cpa4,0.0
Cpb1,0.0
Cpeb1os1,0.0
Col2a1,0.0
Col5a3,0.0
Clpsl2,0.0
Clrn1,0.0
Clrn2,0.0
Clrn3,0.0
Cltrn,0.0
Susd5,0.0
Sva,0.0
Sval2,0.0
Sult3a1,0.0
Sult3a2,0.0
Sun3,0.0
Sun5,0.0
Cma2,0.0
Cmtm1,0.0
Cmtm5,0.0
Clps,0.0
Sult1c2,0.0
Sult1e1,0.0
Sult2a1,0.0
Sult2a3,0.0
Sult2a4,0.0
Sult2a5,0.0
Sult2a6,0.0
Sult2a7,0.0
Gm44265,0.0
Gm44271,0.0
Gm44275,0.0
Cntfr,0.0
Cnga2,0.0
Cnga3,0.0
Cnga4,0.0
Sult1c1,0.0
Clgn,0.0
Clic3,0.0
Clic6,0.0
Svs3a,0.0
Svs5,0.0
Svs6,0.0
Sycn,0.0
Syndig1l,0.0
Lyg1,0.0
Lyg2,0.0
Lypd1,0.0
Lypd2,0.0
Lypd8,0.0
Lypd8l,0.0
Lypd9,0.0
Clec4g,0.0
Gm44445,0.0
Gm44448,0.0
Gm4450,0.0
Gm44501,0.0
Gm44507,0.0
Gm44508,0.0
Ly6g6g,0.0
Ly6i,0.0
Clec4a4,0.0
Clec4b2,0.0
Clec4e,0.0
Clec4f,0.0
Gm44437,0.0
Gm44440,0.0
Gm44442,0.0
Gm44443,0.0
Gm44698,0.0
Gm44700,0.0
Gm44706,0.0
Gm44707,0.0
Gm44708,0.0
Lrtm2,0.0
Lta,0.0
Ltb4r1,0.0
Ly6f,0.0
Ly6g,0.0
Ly6g2,0.0
Ly6g5b,0.0
Ly6g6f,0.0
Gm44366,0.0
Gm44669,0.0
Gm44680,0.0
Gm44596,0.0
Gm44621,0.0
Gm44623,0.0
Gm44624,0.0
Gm44633,0.0
Gm44636,0.0
Gm44643,0.0
Lvrn,0.0
Cldn22,0.0
Cldn34a,0.0
Cldn34d,0.0
Cldn8,0.0
Cldn9,0.0
Gm44562,0.0
Gm44573,0.0
Gm44579,0.0
Gm44661,0.0
Gm44663,0.0
Ckm,0.0
Chrng,0.0
Chst13,0.0
Chst4,0.0
Syt4,0.0
Taar9,0.0
Lrrc72,0.0
Lrrc74a,0.0
Lrriq4,0.0
Lrrn4,0.0
Gm44644,0.0
Gm44652,0.0
Gm44658,0.0
Gm44659,0.0
Clca4a,0.0
Clcnka,0.0
Clcnkb,0.0
Syngr3,0.0
Sypl2,0.0
Gm44764,0.0
Gm44773,0.0
Gm44778,0.0
Ltb4r2,0.0
Gm44515,0.0
Gm44532,0.0
Gm44549,0.0
Clec2e,0.0
Clec2f,0.0
Clec3a,0.0
Ckmt2,0.0
Chrna3,0.0
Chrnb3,0.0
Chrnb4,0.0
Chrnd,0.0
Chrne,0.0
Chia1,0.0
Chil1,0.0
Chil3,0.0
Gm4473,0.0
Gm44731,0.0
Gm44732,0.0
Gm44734,0.0
Gm44742,0.0
Gm44752,0.0
Gm44756,0.0
Gm44761,0.0
Lrrc31,0.0
Lrrc43,0.0
Lrrc52,0.0
Lrrc63,0.0
Lrrc66,0.0
Gm44717,0.0
Gm44724,0.0
Gm44729,0.0
Tac4,0.0
Tacr1,0.0
Tacr2,0.0
Chodl,0.0
Chrm1,0.0
Chrm4,0.0
Chrna1,0.0
Lrrc26,0.0
Lrrc15,0.0
Cfc1,0.0
Cfhr1,0.0
Ces2b,0.0
Ces2f,0.0
Ces2h,0.0
Ces3a,0.0
Ces3b,0.0
Gm44861,0.0
Gm44863,0.0
Gm44866,0.0
Gm44873,0.0
Gm44874,0.0
Gm44877,0.0
Gm44891,0.0
Lrp8os2,0.0
Cfap97d1,0.0
Cfap99,0.0
Gm44812,0.0
Gm44813,0.0
Gm44850,0.0
Gm44851,0.0
Gm44854,0.0
Gm44860,0.0
Chil4,0.0
Chil5,0.0
Chil6,0.0
Chit1,0.0
Chac1,0.0
Chat,0.0
Tafa3,0.0
Cfap73,0.0
Lrit3,0.0
Gm44788,0.0
Gm44793,0.0
Gm44794,0.0
Gm44796,0.0
Gm44806,0.0
Ces1e,0.0
Ces1g,0.0
Gm44975,0.0
Gm44982,0.0
Gm44983,0.0
Gm44986,0.0
Gm44992,0.0
Lrch4,0.0
Lrcol1,0.0
Lrit1,0.0
Gm44931,0.0
Gm44941,0.0
Gm44946,0.0
Gm44947,0.0
Gm44949,0.0
Gm44956,0.0
Gm44969,0.0
Gm44974,0.0
Ces5a,0.0
Tarm1,0.0
Tas1r1,0.0
Tas1r2,0.0
Ces1a,0.0
Ces1b,0.0
Ces1c,0.0
Gm44930,0.0
Gm45076,0.0
Gm45081,0.0
Lpar5,0.0
Lpo,0.0
Gm44893,0.0
Gm44914,0.0
Gm44920,0.0
Gm44929,0.0
Gm45021,0.0
Gm45022,0.0
Gm45024,0.0
Gm45025,0.0
Gm45052,0.0
Gm45061,0.0
Gm45064,0.0
Gm45075,0.0
Ceacam15,0.0
Ceacam16,0.0
Ceacam18,0.0
Ceacam19,0.0
Ceacam3,0.0
Cebpe,0.0
Cela3a,0.0
Tat,0.0
Ces1h,0.0
Ces2a,0.0
Cep112os1,0.0
Celf3,0.0
Celf6,0.0
Cdrt4os1,0.0
Cdx1,0.0
Ceacam1,0.0
Lncbate10,0.0
Lncbate3,0.0
Lncbate6,0.0
Gm44993,0.0
Gm44998,0.0
Gm45004,0.0
Gm45011,0.0
Gm45012,0.0
Gm45163,0.0
Gm45182,0.0
Gm45184,0.0
Gm45187,0.0
Gm45191,0.0
Gm45199,0.0
Lmx1b,0.0
Lncbate1,0.0
Cdh26,0.0
Tbr1,0.0
Gm45139,0.0
Gm45140,0.0
Gm45144,0.0
Gm45145,0.0
Gm45151,0.0
Gm45159,0.0
Tbc1d22bos,0.0
Cdk5r2,0.0
Cdhr1,0.0
Cdhr2,0.0
Cdhr3,0.0
Cdk19os,0.0
Cdcp2,0.0
Cdh16,0.0
Gm45083,0.0
Gm45088,0.0
Gm45091,0.0
Gm45094,0.0
Gm45096,0.0
Gm45102,0.0
Gm45104,0.0
Gm45124,0.0
Gm45265,0.0
Gm45266,0.0
Gm45267,0.0
Lingo3,0.0
Lipf,0.0
Lipn,0.0
Lipo2,0.0
Lman1l,0.0
Tbx5,0.0
Tcaf3,0.0
Tceal7,0.0
Cd300c,0.0
Cd300ld2,0.0
Cd300ld3,0.0
Gm45257,0.0
Gm45263,0.0
Cd5,0.0
Cd55os,0.0
Cd6,0.0
Cd70,0.0
Cd79a,0.0
Cd8a,0.0
Cd96,0.0
Tbx18,0.0
Gm45217,0.0
Gm45218,0.0
Gm45234,0.0
Gm45235,0.0
Gm45236,0.0
Gm45237,0.0
Gm45242,0.0
Cd209e,0.0
Lhx1os,0.0
Lhx2,0.0
Lhx3,0.0
Lilra6,0.0
Lilrb4a,0.0
Gm45201,0.0
Gm45204,0.0
Gm45208,0.0
Cd200r3,0.0
Cd209a,0.0
Cd209b,0.0
Cd209c,0.0
Cd209d,0.0
Lhfpl4,0.0
Lhfpl5,0.0
Lhx1,0.0
Cd3d,0.0
Cd3e,0.0
Cd4,0.0
Cd40lg,0.0
Tcerg1l,0.0
Tcl1b5,0.0
Tcp10b,0.0
Cd200r2,0.0
Gm45339,0.0
Gm45345,0.0
Gm45349,0.0
Gm45350,0.0
Gm45352,0.0
Gm45353,0.0
Lexm,0.0
Lgi1,0.0
Gm45293,0.0
Gm45294,0.0
Gm45295,0.0
Gm45307,0.0
Gm45321,0.0
Gm45323,0.0
Gm45334,0.0
Gm45336,0.0
Ccna1,0.0
Tcstv3,0.0
Tdh,0.0
Tdo2,0.0
Tdpoz8,0.0
Tdpoz9,0.0
Tdpoz9-ps1,0.0
Tdrd6,0.0
Cd209g,0.0
Cd226,0.0
Ccr10,0.0
Ccr3,0.0
Ccr6,0.0
Ccr7,0.0
Ccn3,0.0
Ccn6,0.0
Lefty2,0.0
Lenep,0.0
Lep,0.0
Gm45285,0.0
Ccdc81,0.0
Ccdc87,0.0
Ccdc184,0.0
Ccdc194,0.0
Gm45444,0.0
Gm45449,0.0
Gm45463,0.0
Ldoc1,0.0
Leap2,0.0
Leat1,0.0
Lect2,0.0
Lef1os1,0.0
Ccdc78,0.0
Ccdc7a,0.0
Gm45418,0.0
Gm45424,0.0
Gm45430,0.0
Gm45437,0.0
Gm45441,0.0
Gm45442,0.0
Ccer1,0.0
Cckar,0.0
Cckbr,0.0
Ccl11,0.0
Ccl24,0.0
Tekt3,0.0
Tekt5,0.0
Tent5d,0.0
Gm45360,0.0
Gm45363,0.0
Gm45368,0.0
Gm45371,0.0
Gm45388,0.0
Gm45406,0.0
Tex13b,0.0
Cbln1,0.0
Gm45538,0.0
Lcn12,0.0
Lcn3,0.0
Lcn6,0.0
Lcn8,0.0
Lcn9,0.0
Ldc1,0.0
Gm45359,0.0
Ccdc183,0.0
Tescl,0.0
Tesl1,0.0
Tesl2,0.0
Gm45520,0.0
Gm45527,0.0
Gm45528,0.0
Gm45534,0.0
Ccdc27,0.0
Ccdc42,0.0
Ccdc42os,0.0
Ccdc144b,0.0
Ccdc154,0.0
Ccdc169,0.0
Ccdc175,0.0
Ccdc177,0.0
Gm45486,0.0
Gm45488,0.0
Gm45493,0.0
Gm45512,0.0
Gm45515,0.0
Catsper1,0.0
Catsperg2,0.0
Card9,0.0
Gm45646,0.0
Lamp3,0.0
Lamp5,0.0
Lao1,0.0
Gm45470,0.0
Gm45474,0.0
Gm45479,0.0
Gm45484,0.0
Tex43,0.0
Tex46,0.0
Tex50,0.0
Casq1,0.0
Gm45625,0.0
Gm45639,0.0
Gm45643,0.0
Gm45644,0.0
Cbln4,0.0
Cby3,0.0
Tex28,0.0
Tex29,0.0
Tex33,0.0
Tex35,0.0
Tex36,0.0
Tex38,0.0
Capns2,0.0
Car15,0.0
Car4,0.0
Car6,0.0
Camkv,0.0
Tgm7,0.0
Tgtp1,0.0
Thegl,0.0
Gm45548,0.0
Gm45572,0.0
Gm45580,0.0
Gm45600,0.0
Gm45601,0.0
Gm45613,0.0
Gm45619,0.0
Gm45620,0.0
Krtdap,0.0
Kynu,0.0
L3mbtl1,0.0
LXEJ02004842.1,0.0
Lactbl1,0.0
Lad1,0.0
Lalba,0.0
Gm45542,0.0
Cartpt,0.0
Casp14,0.0
Tff1,0.0
Tff3,0.0
Tg,0.0
Tgm5,0.0
Capn3,0.0
Krt90,0.0
Calcoco2,0.0
Calm4,0.0
Calml3,0.0
Cacna1f,0.0
Cacna2d4,0.0
Cacng1,0.0
Cacng2,0.0
Cacng3,0.0
Krt75,0.0
Krt76,0.0
Krt77,0.0
Krt78,0.0
Krt80,0.0
Krt82,0.0
Krt83,0.0
Krt87,0.0
Gm45737,0.0
Gm45738,0.0
Gm45746,0.0
Gm45753,0.0
Gm45757,0.0
Krt36,0.0
Krt42,0.0
Krt5,0.0
Them5,0.0
Calb2,0.0
Calca,0.0
Calcb,0.0
Gm45699,0.0
Gm45709,0.0
Gm45713,0.0
Gm45720,0.0
Gm45666,0.0
Gm45667,0.0
CK137956,0.0
CR974483.1,0.0
CT030142.7,0.0
Cabp2,0.0
Cabp4,0.0
Cabp7,0.0
Krt15,0.0
Krt17,0.0
Krt2,0.0
Krt25,0.0
Krt26,0.0
Krt27,0.0
Krt33b,0.0
Gm45663,0.0
Gm45808,0.0
Gm45812,0.0
Gm45819,0.0
Gm45824,0.0
Gm45833,0.0
Kremen2,0.0
Krt13,0.0
Krt14,0.0
Cacng6,0.0
C820005J03Rik,0.0
C8a,0.0
CJ186046Rik,0.0
Gm45792,0.0
Gm45804,0.0
Gm45805,0.0
Gm45807,0.0
Gm45786,0.0
Gm45790,0.0
C230034O21Rik,0.0
C230053D17Rik,0.0
C230057A21Rik,0.0
C230057M02Rik,0.0
C230072F16Rik,0.0
C230079O03Rik,0.0
Klrg1,0.0
Klrg2,0.0
Klri1,0.0
Kncn,0.0
Kng1,0.0
Gm45765,0.0
Gm45776,0.0
Gm45781,0.0
C730036E19Rik,0.0
Tigit,0.0
Timd2,0.0
Klrb1a,0.0
Klrb1c,0.0
Klrb1f,0.0
Klrc1,0.0
Klrc2,0.0
Cabs1,0.0
C330024D21Rik,0.0
C430039J16Rik,0.0
C430042M11Rik,0.0
C4bp,0.0
C530043A13Rik,0.0
C530044C16Rik,0.0
C630004L07Rik,0.0
Klk1b27,0.0
Klk1b5,0.0
Klk4,0.0
Klk8,0.0
Klra17,0.0
Klra3,0.0
Klra4,0.0
Klra5,0.0
Klk10,0.0
Klk11,0.0
Klk13,0.0
Klk14,0.0
Klk15,0.0
Klk1b11,0.0
Klk1b21,0.0
Klk1b24,0.0
C1ql4,0.0
C230014O12Rik,0.0
C230029F24Rik,0.0
Tinag,0.0
Gm45909,0.0
Gm45924,0.0
Gm45941,0.0
Klk1,0.0
C230099D08Rik,0.0
C2cd4a,0.0
C2cd4b,0.0
C2cd4c,0.0
C2cd6,0.0
C330011F03Rik,0.0
C330018A13Rik,0.0
C1ql3,0.0
Gm45866,0.0
Gm45867,0.0
Gm45868,0.0
Gm45872,0.0
Gm45873,0.0
Gm45885,0.0
Gm45886,0.0
Gm45892,0.0
C130040N14Rik,0.0
Gm46378,0.0
Gm46411,0.0
Gm46419,0.0
Gm4651,0.0
Gm46555,0.0
Gm45864,0.0
Gm45865,0.0
Tlx3,0.0
Tm4sf19,0.0
Tm4sf20,0.0
Tm4sf4,0.0
C030017D09Rik,0.0
C030029H02Rik,0.0
C030037F17Rik,0.0
C030047K22Rik,0.0
Klra7,0.0
Klra8,0.0
Klrb1,0.0
Tktl2,0.0
Tll2,0.0
Tlr11,0.0
Tlx1,0.0
Tlx1os,0.0
Gm47064,0.0
Klb,0.0
Gm46124,0.0
Gm46212,0.0
Gm46323,0.0
Gm46328,0.0
Tmcc3os,0.0
Tmco5,0.0
Gm47034,0.0
Gm47039,0.0
Gm47043,0.0
Gm47050,0.0
Gm47051,0.0
Gm47054,0.0
Gm47059,0.0
Gm47061,0.0
Bsnd,0.0
Bsph1,0.0
Btbd17,0.0
Btbd18,0.0
Tmbim7,0.0
Tmc2,0.0
Gm47002,0.0
Gm47013,0.0
Gm45901,0.0
C130080G10Rik,0.0
Btg1b,0.0
Btn1a1,0.0
Btnl1,0.0
Btnl10,0.0
Btnl4,0.0
C030004G16Rik,0.0
Gm47132,0.0
Gm47133,0.0
Gm47134,0.0
Kif28,0.0
Kir3dl2,0.0
Kirrel2,0.0
Gm46603,0.0
Gm46606,0.0
Gm4710,0.0
Gm47106,0.0
Gm47109,0.0
Gm47111,0.0
Gm47116,0.0
Gm47117,0.0
Gm47122,0.0
Gm47126,0.0
Bpifb9b,0.0
Bmp8a,0.0
Bhmt2,0.0
Birc7,0.0
Blk,0.0
Tmed6,0.0
Gm47095,0.0
Gm47097,0.0
Tmco5b,0.0
Bnip5,0.0
Bpi,0.0
Bpifa1,0.0
Bpifa2,0.0
Bpifa3,0.0
Bpifb6,0.0
Bpifb9a,0.0
Keg1,0.0
Kel,0.0
Kera,0.0
Kif16bos,0.0
Gm47073,0.0
Gm47075,0.0
Gm47077,0.0
Gm47078,0.0
Gm47194,0.0
Gm47198,0.0
Gm47207,0.0
Gm47208,0.0
Gm47214,0.0
Gm47216,0.0
Gm47221,0.0
Gm47230,0.0
Bhlha15,0.0
Bcl2a1a,0.0
Bcl2a1c,0.0
Bcl2a1d,0.0
Bbox1,0.0
Bcas1os1,0.0
Gm47179,0.0
Gm47181,0.0
Gm46652,0.0
Gm4675,0.0
Gm46999,0.0
Tmem121b,0.0
Tmem125,0.0
Best3,0.0
Bex6,0.0
Bglap3,0.0
Tmem190,0.0
Tmem196,0.0
Tmem200b,0.0
Tmem200c,0.0
Tmem207,0.0
Tmem211,0.0
Tmem213,0.0
B930025P03Rik,0.0
BC039966,0.0
BC046251,0.0
BC046401,0.0
BC048507,0.0
BC048562,0.0
BC048644,0.0
BC049715,0.0
BC050972,0.0
BC107364,0.0
Baalc,0.0
Baat,0.0
Bach2it1,0.0
BC028471,0.0
BC030500,0.0
BC035947,0.0
BC037156,0.0
Gm47080,0.0
Baiap3,0.0
Banf2os,0.0
Barhl1,0.0
BC051077,0.0
BC051408,0.0
BC051665,0.0
BC055402,0.0
BC002189,0.0
BC016548,0.0
BC016579,0.0
BC018473,0.0
BC024139,0.0
BC024386,0.0
B430119L08Rik,0.0
B430203G13Rik,0.0
Gm47144,0.0
Gm47152,0.0
Gm47153,0.0
Gm47157,0.0
Gm47159,0.0
Gm47166,0.0
BB187690,0.0
BC001981,0.0
Gm47328,0.0
Gm47339,0.0
Gm47343,0.0
Gm47354,0.0
Gm47359,0.0
Gm47360,0.0
Gm47372,0.0
Kdm6bos,0.0
B930036N10Rik,0.0
B930092H01Rik,0.0
BB019430,0.0
BB123696,0.0
Gm47316,0.0
Gm47319,0.0
Gm47320,0.0
Gm47327,0.0
Kcnv2,0.0
Gm47233,0.0
Gm47242,0.0
Gm47253,0.0
Gm47257,0.0
Gm47259,0.0
Tmem238l,0.0
Tmem249,0.0
Gm47431,0.0
Gm47447,0.0
Gm47450,0.0
Gm47453,0.0
Gm47456,0.0
Gm47460,0.0
Gm47465,0.0
Kcns1,0.0
Gm47400,0.0
Gm47403,0.0
Gm47405,0.0
Gm47407,0.0
Gm47408,0.0
Gm47411,0.0
Gm47416,0.0
Gm47419,0.0
B430219N15Rik,0.0
B430319F04Rik,0.0
B4gat1,0.0
B830017H08Rik,0.0
B930018H19Rik,0.0
Tmem229a,0.0
Tmem236,0.0
Gm47398,0.0
Gm47373,0.0
Gm47376,0.0
Gm47389,0.0
Gm47392,0.0
B230110C06Rik,0.0
B230110G15Rik,0.0
B230112G18Rik,0.0
B230119M05Rik,0.0
Kcnj15,0.0
Kcnj9,0.0
Kcnk15,0.0
Kcnk16,0.0
Kcnk4,0.0
Kcnk7,0.0
Kcnk9,0.0
Kcnmb4os1,0.0
Tmem262,0.0
Tmem269,0.0
Tmem274,0.0
Tmem28,0.0
Azgp1,0.0
B020010K11Rik,0.0
B020014A21Rik,0.0
Gm47557,0.0
B230311B06Rik,0.0
B230312C02Rik,0.0
B230319C09Rik,0.0
B230362B09Rik,0.0
B3gat1,0.0
B3gnt3,0.0
B3gnt5,0.0
B3gnt6,0.0
Gm47509,0.0
Gm47513,0.0
Gm47515,0.0
Gm47520,0.0
Gm47523,0.0
Gm47532,0.0
Gm47542,0.0
Tmem74bos,0.0
Gm47472,0.0
Gm47477,0.0
Gm47479,0.0
Gm47480,0.0
Gm47499,0.0
Gm47501,0.0
Gm47503,0.0
Gm47507,0.0
Atp6v1g3,0.0
Atp4b,0.0
Tmem52b,0.0
Tmem59l,0.0
Kcnh6,0.0
Kcnj1,0.0
Kcnj13,0.0
Gm47471,0.0
B230206I08Rik,0.0
B230214G05Rik,0.0
B230217J21Rik,0.0
Avpr1a,0.0
Avpr1b,0.0
Avpr2,0.0
Awat1,0.0
Atp6v1e2,0.0
Kbtbd12,0.0
Kbtbd13,0.0
Kbtbd8os,0.0
Kcna1,0.0
Kcna2,0.0
Kcna6,0.0
Kcna7,0.0
Ascl1,0.0
Asb9,0.0
Gm47603,0.0
Gm47607,0.0
Gm47621,0.0
Gm47624,0.0
Gm47629,0.0
Gm47640,0.0
Gm47646,0.0
Atcay,0.0
Tmem88b,0.0
Tmem92,0.0
Tmigd3,0.0
Tmprss11c,0.0
Tmprss11d,0.0
Tmprss11e,0.0
Asb18,0.0
Atoh7,0.0
Atp12a,0.0
Atp1a4,0.0
Atp1b4,0.0
Atp2a1,0.0
Atg4a-ps,0.0
Asphd1,0.0
Asphd2,0.0
Gm47566,0.0
Gm47567,0.0
Gm47568,0.0
Gm47571,0.0
Gm47591,0.0
Tnf,0.0
Arl14,0.0
Armc12,0.0
Gm47713,0.0
Gm47725,0.0
Gm47729,0.0
Gm47731,0.0
Gm47734,0.0
Gm47752,0.0
Gm47564,0.0
Gm47565,0.0
Arrdc5,0.0
Tmprss12,0.0
Tmprss3,0.0
Tmprss7,0.0
Tmprss9,0.0
Tmsb15a,0.0
Gm47695,0.0
Gm47708,0.0
Ascl3,0.0
Asic3,0.0
Asic5,0.0
Asmt,0.0
Art2b,0.0
Asb14,0.0
Asb16,0.0
Asb17,0.0
Tnfsf15,0.0
Aqp3,0.0
Aqp4,0.0
Areg,0.0
Tnfsf18,0.0
Tnfsf4,0.0
Tnmd,0.0
Apobec2,0.0
Gm47662,0.0
Gm47665,0.0
Gm47666,0.0
Gm47675,0.0
Gm47676,0.0
Gm47680,0.0
Gm47682,0.0
Gm47683,0.0
Gm47792,0.0
Gm47801,0.0
Gm47804,0.0
Gm47805,0.0
Gm47815,0.0
Gm47818,0.0
Gm47823,0.0
Jph3,0.0
Arid3c,0.0
Arhgap27os3,0.0
Tnfrsf13c,0.0
Tnfrsf14,0.0
Tnfrsf18,0.0
Tnfsf11,0.0
Tnfsf13,0.0
Gm47790,0.0
Gm47777,0.0
Gm47781,0.0
Gm47785,0.0
Gm4779,0.0
Apol11a,0.0
Apol11b,0.0
Apol7a,0.0
Apol7c,0.0
Gm47915,0.0
Iyd,0.0
Izumo1,0.0
Gm47760,0.0
Gm47766,0.0
Gm47767,0.0
Gm47769,0.0
Gm47775,0.0
Gm47896,0.0
Gm47898,0.0
Gm47902,0.0
Gm47903,0.0
Gm4791,0.0
Gm47910,0.0
Gm47913,0.0
Gm47914,0.0
Apobec4,0.0
Apoc2,0.0
Apol10a,0.0
Gm47868,0.0
Gm47871,0.0
Gm47877,0.0
Gm47882,0.0
Gm47888,0.0
Gm47843,0.0
Gm47851,0.0
Gm47854,0.0
Gm47856,0.0
Gm47858,0.0
Gm47861,0.0
Gm47865,0.0
Tomm20l,0.0
Gm47992,0.0
Gm48006,0.0
Gm48007,0.0
Itgb6,0.0
Itih1,0.0
Itln1,0.0
Gm47827,0.0
Gm47833,0.0
Antxrl,0.0
Anxa10,0.0
Anxa11os,0.0
Anxa13,0.0
Gm47969,0.0
Gm47972,0.0
Gm47980,0.0
Gm47990,0.0
Apol8,0.0
Apon,0.0
Apcs,0.0
Apela,0.0
Apoa5,0.0
Apob,0.0
Ap3b2,0.0
Ano9,0.0
Gm47926,0.0
Gm47927,0.0
Gm4793,0.0
Gm47941,0.0
Gm47944,0.0
Gm47946,0.0
Gm47947,0.0
Gm47957,0.0
Gm48133,0.0
Gm48137,0.0
Irx2,0.0
Isx,0.0
Gm47916,0.0
Gm47918,0.0
Gm47919,0.0
Gm47925,0.0
Ankrd34b,0.0
Ang2,0.0
Ang4,0.0
Angptl8,0.0
Ankar,0.0
Amn,0.0
Gm48102,0.0
Gm48129,0.0
Ankrd60,0.0
Ankrd66,0.0
Ankrd7,0.0
Ankub1,0.0
Ankk1,0.0
Ankrd1,0.0
Ankrd22,0.0
Ankrd33,0.0
Irgc1,0.0
Irs3,0.0
Irs4,0.0
Gm48014,0.0
Gm48021,0.0
Gm48025,0.0
Gm48063,0.0
Gm48065,0.0
Alkbh3os1,0.0
Tprg,0.0
Tpsab1,0.0
Tpsg1,0.0
Gm48215,0.0
Gm48232,0.0
Iqschfp,0.0
Irf4,0.0
Alx1,0.0
Alx3,0.0
Alx4,0.0
Ambn,0.0
Ambp,0.0
Aldh3b3,0.0
Alkal1,0.0
Alkal2,0.0
Gm47958,0.0
Tph1,0.0
Allc,0.0
Alox12b,0.0
Alox12e,0.0
Alox8,0.0
Alpi,0.0
Alppl2,0.0
Gm48193,0.0
Gm48197,0.0
Gm48210,0.0
Trap1a,0.0
Afp,0.0
Trat1,0.0
Trbv13-2,0.0
Trcg1,0.0
Iqca1l,0.0
Iqcf1,0.0
Iqcn,0.0
Gm48162,0.0
Gm48168,0.0
Gm48170,0.0
Gm48181,0.0
Gm48182,0.0
Akr1c6,0.0
Akap3,0.0
Akap4,0.0
Akp3,0.0
Ajap1,0.0
Akain1,0.0
Agxt,0.0
Gm48369,0.0
Gm48074,0.0
Gm48075,0.0
Gm48084,0.0
Gm48089,0.0
Gm48091,0.0
Gm48093,0.0
Akr1c20,0.0
Akr1c21,0.0
Gm48284,0.0
Gm48286,0.0
Gm48294,0.0
Gm48295,0.0
Gm48296,0.0
Gm48301,0.0
Gm48302,0.0
Gm48324,0.0
Insl5,0.0
Insm1,0.0
Insrr,0.0
Gm48239,0.0
Gm48242,0.0
Gm48250,0.0
Gm48256,0.0
Gm48265,0.0
Trgv2,0.0
Trh,0.0
Trhr,0.0
Trim10,0.0
Inava,0.0
Inhbc,0.0
Ins2,0.0
Insl3,0.0
Trdv4,0.0
Treh,0.0
Trem1,0.0
Treml1,0.0
Treml2,0.0
Trex2,0.0
Trgc1,0.0
Trgc4,0.0
Gm48453,0.0
Gm4846,0.0
Gm4847,0.0
Gm48479,0.0
Gm48482,0.0
Gm48486,0.0
Adh4,0.0
Adh6b,0.0
Gm48395,0.0
Gm48396,0.0
Gm48427,0.0
Gm48435,0.0
Gm48437,0.0
Gm48441,0.0
Gm48447,0.0
Gm48449,0.0
Adgrd2-ps,0.0
Adgrf1,0.0
Adgrf2,0.0
Adgrf3,0.0
Gm48371,0.0
Gm48374,0.0
Gm48387,0.0
Gm48393,0.0
Gm48335,0.0
Gm48341,0.0
Adora3,0.0
Adra1d,0.0
Trim29,0.0
Trim30b,0.0
Trim31,0.0
Trim38,0.0
Gm48570,0.0
Gm48591,0.0
Gm48593,0.0
Il5,0.0
Il5ra,0.0
Il9r,0.0
Ildr1,0.0
Iltifb,0.0
Gm48532,0.0
Gm48536,0.0
Gm48538,0.0
Gm48539,0.0
Gm48556,0.0
Gm48558,0.0
Gm48559,0.0
Gm48565,0.0
Trim67,0.0
Trim69,0.0
Adam6b,0.0
Adam7,0.0
Gm48503,0.0
Gm48505,0.0
Gm48511,0.0
Gm48530,0.0
Adgra1,0.0
Trim40,0.0
Trim43a,0.0
Trim43c,0.0
Trim52,0.0
Trim54,0.0
Trim58,0.0
Trim63,0.0
Gm48655,0.0
Gm48656,0.0
Il1bos,0.0
Il1f6,0.0
Il1f8,0.0
Il1f9,0.0
Il20,0.0
Il22ra1,0.0
Trim80,0.0
Triml1,0.0
Triml2,0.0
Gm48622,0.0
Gm48626,0.0
Gm48632,0.0
Gm48633,0.0
Gm48639,0.0
Adam3,0.0
Acsm4,0.0
Acsm5,0.0
Acss2os,0.0
Actbl2,0.0
Actc1,0.0
Actl9,0.0
Actrt3,0.0
Adamdec1,0.0
Adamts13,0.0
Adamts20,0.0
Adamts8,0.0
Adam18,0.0
Adam21,0.0
Adam28,0.0
Adam29,0.0
Il17b,0.0
Il17f,0.0
Il17re,0.0
Il1a,0.0
Gm48605,0.0
Gm48606,0.0
Gm48607,0.0
Gm48610,0.0
Acaa1b,0.0
Abcg8,0.0
Abhd12b,0.0
Abhd16b,0.0
Il12a,0.0
Il12b,0.0
Il13,0.0
Il17a,0.0
Ackr1,0.0
Acmsd,0.0
Acnat1,0.0
Acnat2,0.0
Acod1,0.0
Acot10,0.0
Abo,0.0
Abra,0.0
Il23a,0.0
Il25,0.0
Gm48488,0.0
Acsm1,0.0
Acsm2,0.0
Acbd7,0.0
Ace3,0.0
Ache,0.0
Tsks,0.0
Tslrn1,0.0
Tspan1,0.0
Tspan10,0.0
Tspan2os,0.0
AI593442,0.0
AI646519,0.0
AI847159,0.0
AU022754,0.0
AU022793,0.0
AU023070,0.0
AY074887,0.0
AY358078,0.0
Aadacl4fm1,0.0
Tsga8,0.0
Tshb,0.0
Aanat,0.0
Abca17,0.0
Trpv1,0.0
Trpv3,0.0
Trpv5,0.0
Trpv6,0.0
Try5,0.0
Tsga13,0.0
Gm48614,0.0
Gm48616,0.0
Gm48619,0.0
Trpc5os,0.0
Trpc7,0.0
Abcb5,0.0
Abcc2,0.0
Abcg5,0.0
AL669902.2,0.0
AL844528.1,0.0
AU015791,0.0
AU019990,0.0
AU021063,0.0
Tspo2,0.0
Tssk1,0.0
Tssk2,0.0
Iglc2,0.0
Iglj1,0.0
Igll1,0.0
Iglv2,0.0
Iglv3,0.0
Igsf1,0.0
Igsf5,0.0
AL646049.1,0.0
Gm48710,0.0
Gm48714,0.0
Gm48715,0.0
Gm48721,0.0
Gm48722,0.0
Gm48727,0.0
Gm48734,0.0
Gm48735,0.0
AI849053,0.0
AK157302,0.0
AL450395.1,0.0
Gm48695,0.0
Gm48699,0.0
Gm48707,0.0
Gm48708,0.0
Gm48709,0.0
AA414992,0.0
Igkv3-5,0.0
Igkv3-7,0.0
Igkv4-50,0.0
Igkv4-63,0.0
Igkv4-68,0.0
Igkv4-70,0.0
Igkv4-72,0.0
AI463170,0.0
Ttc22,0.0
Ttc39aos1,0.0
A930033M14Rik,0.0
A930038B10Rik,0.0
A930040O22Rik,0.0
A930041C12Rik,0.0
AA388235,0.0
AC159539.1,0.0
AC159539.2,0.0
AC163703.1,0.0
AC168977.1,0.0
AC168977.2,0.0
AF067063,0.0
AI115009,0.0
AI197445,0.0
Tssk3,0.0
Tssk6,0.0
AC131728.1,0.0
AC132444.1,0.0
AC133103.1,0.0
AC141477.1,0.0
AC153145.1,0.0
AC158307.1,0.0
AC068808.1,0.0
AC118646.1,0.0
AC120136.1,0.0
AC120136.2,0.0
AC121599.1,0.0
AC125061.1,0.0
AC125149.3,0.0
Ttc9b,0.0
Igkv9-124,0.0
Igkv9-129,0.0
Gm48664,0.0
Gm48681,0.0
Gm48682,0.0
Gm48684,0.0
AA792892,0.0
AC027740.1,0.0
Igkv6-25,0.0
Igkv6-32,0.0
Igkv8-21,0.0
Igkv8-24,0.0
Igkv8-26,0.0
Igkv8-28,0.0
Igkv8-30,0.0
Igkv9-120,0.0
Igkv4-80,0.0
Igkv5-39,0.0
Igkv5-43,0.0
Igkv5-48,0.0
Igkv6-15,0.0
Igkv6-17,0.0
Igkv6-20,0.0
Igkv6-23,0.0
A830092H15Rik,0.0
A930001A20Rik,0.0
Ighj4,0.0
Ighv1-11,0.0
Ighv1-81,0.0
Ighv7-3,0.0
Ighv9-1,0.0
Igkj1,0.0
A730062M13Rik,0.0
A730071L15Rik,0.0
A730085E03Rik,0.0
A730085K08Rik,0.0
A730089K16Rik,0.0
A830011K09Rik,0.0
A830019L24Rik,0.0
A830073O21Rik,0.0
A930012L18Rik,0.0
A930017K11Rik,0.0
A930018P22Rik,0.0
A930019D19Rik,0.0
A930027P06Rik,0.0
A930028O11Rik,0.0
A930031H19Rik,0.0
A730060N03Rik,0.0
Ttll8,0.0
A930002H24Rik,0.0
A930003A15Rik,0.0
A930003O13Rik,0.0
A930005G22Rik,0.0
A930006I01Rik,0.0
A930006L05Rik,0.0
A930009A15Rik,0.0
Igkv3-2,0.0
Igkv3-4,0.0
Tubb1,0.0
Tubb4a,0.0
A530095I07Rik,0.0
A630001O12Rik,0.0
A630023A22Rik,0.0
A630035G10Rik,0.0
Igkv14-126,0.0
Igkv15-103,0.0
Igkv16-104,0.0
Igkv17-121,0.0
Igkv19-93,0.0
Igkv20-101-2,0.0
Igkv3-10,0.0
Igkv3-12,0.0
Igkv10-96,0.0
Igkv12-44,0.0
Igkv12-46,0.0
Igkv12-89,0.0
Igkv12-98,0.0
Igkv13-84,0.0
Igkv14-100,0.0
Igkv14-111,0.0
Igkj2,0.0
Igkj4,0.0
Igkj5,0.0
Igkv1-110,0.0
Igkv1-117,0.0
Igkv1-133,0.0
Igkv1-135,0.0
Igkv1-88,0.0
Gm48798,0.0
Gm48802,0.0
Igf2,0.0
Igfals,0.0
Igfbp1,0.0
Igflr1,0.0
Ighd,0.0
Ighj3,0.0
Gm48771,0.0
Gm48772,0.0
Gm48775,0.0
Gm48780,0.0
Gm48783,0.0
Gm48784,0.0
Gm48790,0.0
Gm48796,0.0
A730020E08Rik,0.0
A730032A03Rik,0.0
A730035I17Rik,0.0
A730036I17Rik,0.0
A730043L09Rik,0.0
A430090L17Rik,0.0
Gm48767,0.0
Gm48770,0.0
A630072L19Rik,0.0
A630081D01Rik,0.0
A630091E08Rik,0.0
A630095N17Rik,0.0
A730004F24Rik,0.0
A730006G06Rik,0.0
A730009L09Rik,0.0
A730013G03Rik,0.0
Ifng,0.0
Ifngas1,0.0
Ifnl3,0.0
Gm48740,0.0
Gm48744,0.0
Gm48748,0.0
Gm48751,0.0
Gm48757,0.0
Gm48865,0.0
Gm48871,0.0
Gm48878,0.0
Gm48888,0.0
Gm48898,0.0
Gm48899,0.0
Ifitm7,0.0
Ifne,0.0
A530084C06Rik,0.0
Tymp,0.0
U2af1l4,0.0
U90926,0.0
A330043C09Rik,0.0
A330049N07Rik,0.0
A330058E17Rik,0.0
Gm48857,0.0
A4gnt,0.0
A530010L16Rik,0.0
A530030E21Rik,0.0
A530040E14Rik,0.0
A530046M15Rik,0.0
A530058N18Rik,0.0
A530064D06Rik,0.0
A530083M17Rik,0.0
Gm48998,0.0
Ifi202b,0.0
Ifi206,0.0
Ifi214,0.0
Ifi27l2b,0.0
Ifi44l,0.0
Gm48821,0.0
Gm48822,0.0
Ube2dnl1,0.0
Gm48967,0.0
Gm48968,0.0
Gm48969,0.0
Gm48972,0.0
Gm48975,0.0
Gm48977,0.0
Gm48984,0.0
A230059L01Rik,0.0
A230060F14Rik,0.0
A230077H06Rik,0.0
A230083N12Rik,0.0
A230098N10Rik,0.0
A230103O09Rik,0.0
Ubd,0.0
Ube2d2b,0.0
Gm48762,0.0
A330087D11Rik,0.0
A430028G04Rik,0.0
A430072P03Rik,0.0
A430088P11Rik,0.0
A230009B12Rik,0.0
A230020J21Rik,0.0
A230028O05Rik,0.0
9430041J12Rik,0.0
9430053O09Rik,0.0
9430099M06Rik,0.0
9530002B09Rik,0.0
9530014B07Rik,0.0
9530026F06Rik,0.0
Ubtfl1,0.0
Uchl1os,0.0
9630013K17Rik,0.0
9630015K15Rik,0.0
9630028B13Rik,0.0
Ube2v1,0.0
9430007M09Rik,0.0
9430018G01Rik,0.0
9430021M05Rik,0.0
9430024E24Rik,0.0
9930022D16Rik,0.0
9930111J21Rik1,0.0
A130077B15Rik,0.0
A1cf,0.0
9530052C20Rik,0.0
9530080O11Rik,0.0
9630001P10Rik,0.0
9630013A20Rik,0.0
Gm48825,0.0
Gm48832,0.0
Gm48834,0.0
Gm48837,0.0
Gm48840,0.0
Gm48843,0.0
9830107B12Rik,0.0
9830166K06Rik,0.0
Gm48956,0.0
9330158H04Rik,0.0
9330159F19Rik,0.0
9330161L09Rik,0.0
9330178D15Rik,0.0
9330182O14Rik,0.0
9330188P03Rik,0.0
Ucn2,0.0
Gm48913,0.0
Gm48914,0.0
Gm48923,0.0
Gm48932,0.0
Gm4894,0.0
Gm48940,0.0
Gm48942,0.0
Gm48949,0.0
Gm49101,0.0
I830134H01Rik,0.0
Ibsp,0.0
Icos,0.0
Ido1,0.0
Gm48905,0.0
Gm48908,0.0
Gm48912,0.0
Ucma,0.0
9230116L04Rik,0.0
9230117E06Rik,0.0
9330121J05Rik,0.0
Gm49087,0.0
Gm49096,0.0
Gm49097,0.0
Gm49098,0.0
Gm49042,0.0
Gm49046,0.0
Gm49054,0.0
Gm49076,0.0
Gm49077,0.0
Gm49085,0.0
Gm49086,0.0
9130209A04Rik,0.0
Hus1b,0.0
Hyal5,0.0
I730030J21Rik,0.0
Gm49004,0.0
Gm49008,0.0
Gm49014,0.0
Gm49027,0.0
Gm49035,0.0
Ugt2b38,0.0
Ugt2b5,0.0
Ugt3a1,0.0
Ugt3a2,0.0
9130015G15Rik,0.0
Htr3b,0.0
Htr5b,0.0
Htr6,0.0
Ugt1a1,0.0
Ugt1a10,0.0
Ugt1a5,0.0
Ugt1a6a,0.0
Ugt2a3,0.0
Ugt2b34,0.0
Ugt2b35,0.0
Ugt2b36,0.0
Gm49156,0.0
Gm49162,0.0
Gm49163,0.0
Gm49166,0.0
Gm49167,0.0
Gm49180,0.0
Gm49198,0.0
Gm49200,0.0
8030443G20Rik,0.0
8030451O07Rik,0.0
8030453O22Rik,0.0
8030455M16Rik,0.0
8030474K03Rik,0.0
Gm49126,0.0
Gm49128,0.0
Gm49130,0.0
9230112D13Rik,0.0
Unc45bos,0.0
Unc93a,0.0
Unc93a2,0.0
Uncx,0.0
7530416G11Rik,0.0
7630403G23Rik,0.0
8030423F21Rik,0.0
9130214F15Rik,0.0
9130221F21Rik,0.0
9130227L01Rik,0.0
9130410C08Rik,0.0
9230102O04Rik,0.0
9230104M06Rik,0.0
9230105E05Rik,0.0
9230110F11Rik,0.0
Hsd3b5,0.0
Hsd3b7,0.0
Gm49116,0.0
6720432D03Rik,0.0
6720482G16Rik,0.0
7420701I03Rik,0.0
7530414M10Rik,0.0
6030440G07Rik,0.0
Gm49270,0.0
Gm49282,0.0
Gm49289,0.0
Gm49291,0.0
Gm49293,0.0
Gm49308,0.0
Hsd17b6,0.0
Hsd3b2,0.0
9030616G12Rik,0.0
9030625G05Rik,0.0
Urah,0.0
6430628N08Rik,0.0
6530411M01Rik,0.0
Gm49236,0.0
Gm49256,0.0
Gm49257,0.0
Gm49208,0.0
Hspb7,0.0
Hspb9,0.0
8430423G03Rik,0.0
8430430B14Rik,0.0
8430437L04Rik,0.0
9030404E10Rik,0.0
9030607J07Rik,0.0
Hrh2,0.0
Hrh4,0.0
Hs3st2,0.0
Gm49217,0.0
Gm49224,0.0
Gm49227,0.0
Gm49231,0.0
Gm49233,0.0
Gm49343,0.0
Gm49352,0.0
Gm49353,0.0
Gm49358,0.0
Gm49364,0.0
Gm49369,0.0
Gm49373,0.0
Hrg,0.0
6330410L21Rik,0.0
6330537M06Rik,0.0
6330576A10Rik,0.0
6430500D05Rik,0.0
Uroc1,0.0
Ush1c,0.0
Usp17le,0.0
Gm49340,0.0
6030445D17Rik,0.0
6030452D12Rik,0.0
6030460B20Rik,0.0
6030466F02Rik,0.0
6030468B19Rik,0.0
6030471H07Rik,0.0
6030498E09Rik,0.0
6330409D20Rik,0.0
Hoxc11,0.0
Hoxd12,0.0
Hoxd13,0.0
Hpd,0.0
Gm49318,0.0
Gm49320,0.0
Gm49337,0.0
Gm49339,0.0
Gm49432,0.0
Gm49442,0.0
Gm49445,0.0
Gm49448,0.0
Gm49449,0.0
Gm49451,0.0
Gm49455,0.0
Gm49470,0.0
Usp46os2,0.0
5330439M10Rik,0.0
5430403N17Rik,0.0
5430421F17Rik,0.0
5430425K12Rik,0.0
5430427M07Rik,0.0
5430430B14Rik,0.0
5430430K15Rik,0.0
5830411K02Rik,0.0
5830428M24Rik,0.0
5830462I19Rik,0.0
5830462O15Rik,0.0
5830468F06Rik,0.0
5930435M05Rik,0.0
5930438M14Rik,0.0
Usp26,0.0
4933431M02Rik,0.0
4933432I03Rik,0.0
4933432I09Rik,0.0
4933433H22Rik,0.0
4933434M16Rik,0.0
4933435G04Rik,0.0
4933436E23Rik,0.0
4933436F18Rik,0.0
Utf1,0.0
Uts2b,0.0
Uty,0.0
4933427I22Rik,0.0
4933427J07Rik,0.0
4933428C19Rik,0.0
4933428P19Rik,0.0
4933431G14Rik,0.0
5033403F01Rik,0.0
5033403H07Rik,0.0
5033426E14Rik,0.0
5033426O07Rik,0.0
5330416C01Rik,0.0
5330434G04Rik,0.0
5330439A09Rik,0.0
5330439B14Rik,0.0
5530400K19Rik,0.0
5530402G07Rik,0.0
5730408A14Rik,0.0
4933439N14Rik,0.0
4933440J02Rik,0.0
4933440M02Rik,0.0
5031410I06Rik,0.0
5031434C07Rik,0.0
4933416M07Rik,0.0
4933417A18Rik,0.0
4933417D19Rik,0.0
4933421A08Rik,0.0
4933421D24Rik,0.0
4933423P22Rik,0.0
4933424M12Rik,0.0
4933425B07Rik,0.0
Hoxa6,0.0
Hoxb13,0.0
Gm49387,0.0
Gm49396,0.0
Gm49397,0.0
Gm49398,0.0
Gm49412,0.0
Gm49420,0.0
4933412L11Rik,0.0
4933412O06Rik,0.0
4933416I08Rik,0.0
Hoxa1,0.0
Hoxa10,0.0
Hoxa11,0.0
Hoxa11os,0.0
Hoxa13,0.0
4933436H12Rik,0.0
4933437G19Rik,0.0
4933438B17Rik,0.0
Vax2,0.0
4933411E02Rik,0.0
4933411E08Rik,0.0
4933411K16Rik,0.0
4933411O13Rik,0.0
Vmn1r34,0.0
Vmn1r38,0.0
Vmn1r42,0.0
Vmn1r43,0.0
Vmn1r46,0.0
Vmn1r49,0.0
Vmn1r54,0.0
Vmn1r55,0.0
Vmn1r202,0.0
Vmn1r206,0.0
Vmn1r216,0.0
Vmn1r22,0.0
Vmn1r227,0.0
Vmn1r229,0.0
Vmn1r234,0.0
Vmn1r30,0.0
Vmn1r15,0.0
Vmn1r179,0.0
Vmn1r18,0.0
Vmn1r181,0.0
Vmn1r183,0.0
Vmn1r184,0.0
Vmn1r188,0.0
Vmn1r195,0.0
4933425D22Rik,0.0
4933425M03Rik,0.0
Vgf,0.0
Vgll1,0.0
Vip,0.0
Vipr1,0.0
Vmn1r1,0.0
Vmn1r139,0.0
Hnf4a,0.0
Hopxos,0.0
Vmn2r100,0.0
Vmn2r101,0.0
Vmn2r102,0.0
Vmn2r105,0.0
Vmn2r107,0.0
Vmn2r109,0.0
Gm49507,0.0
Gm49510,0.0
Gm49512,0.0
Gm49513,0.0
Gm49522,0.0
Hmx1,0.0
Hnf1a,0.0
Hnf1b,0.0
Vmn1r80,0.0
Vmn1r81,0.0
Vmn1r85,0.0
Vmn1r86,0.0
Gm49476,0.0
Gm49477,0.0
Gm49479,0.0
Gm49501,0.0
Vmn1r6,0.0
Vmn1r65,0.0
Vmn1r68,0.0
Vmn1r72,0.0
Vmn1r73,0.0
Vmn1r75,0.0
Vmn1r76,0.0
Vmn1r78,0.0
Vmn2r4,0.0
Vmn2r42,0.0
Vmn2r45,0.0
Vmn2r51,0.0
Vmn2r53,0.0
Vmn2r54,0.0
Vmn2r55,0.0
Vmn2r56,0.0
Vmn2r26,0.0
Vmn2r27,0.0
Vmn2r3,0.0
Vmn2r30,0.0
Vmn2r32,0.0
Vmn2r33,0.0
Vmn2r36,0.0
Vmn2r39,0.0
Vmn2r130,0.0
Vmn2r16,0.0
Vmn2r17,0.0
Vmn2r18,0.0
Vmn2r19,0.0
Vmn2r2,0.0
Vmn2r23,0.0
Vmn2r24,0.0
Vmn2r11,0.0
Vmn2r113,0.0
Vmn2r114,0.0
Vmn2r115,0.0
Vmn2r116,0.0
Vmn2r12,0.0
Vmn2r120,0.0
Vmn2r13,0.0
Vmn2r94,0.0
Vmn2r95,0.0
Vmn2r96,0.0
Vmn2r97,0.0
Vmn2r98,0.0
Vnn3,0.0
4933400L20Rik,0.0
4933401D09Rik,0.0
Vmn2r83,0.0
Vmn2r84,0.0
Vmn2r85,0.0
Vmn2r86,0.0
Vmn2r9,0.0
Vmn2r90,0.0
Vmn2r92,0.0
Vmn2r93,0.0
Vmn2r74,0.0
Vmn2r75,0.0
Vmn2r76,0.0
Vmn2r77,0.0
Vmn2r78,0.0
Vmn2r79,0.0
Vmn2r80,0.0
Vmn2r81,0.0
Vmn2r6,0.0
Vmn2r60,0.0
Vmn2r61,0.0
Vmn2r63,0.0
Vmn2r65,0.0
Vmn2r66,0.0
Vmn2r68,0.0
Vmn2r73,0.0
Gm49654,0.0
Gm49655,0.0
Gm49658,0.0
Hkdc1,0.0
Gm49472,0.0
4933406G16Rik,0.0
4933406J10Rik,0.0
4933406K04Rik,0.0
Gm49590,0.0
Gm49595,0.0
Gm49600,0.0
Gm49615,0.0
Gm49630,0.0
Gm49632,0.0
Gm49636,0.0
Gm49648,0.0
4933406B17Rik,0.0
4933406F09Rik,0.0
Gm49560,0.0
Gm49573,0.0
Gm49575,0.0
Gm49576,0.0
Gm49579,0.0
Gm49587,0.0
4933402C06Rik,0.0
4933402D24Rik,0.0
4933403J19Rik,0.0
4933404G15Rik,0.0
4933404K08Rik,0.0
4933405E24Rik,0.0
4933405L10Rik,0.0
4933406B15Rik,0.0
Gm49730,0.0
Gm49732,0.0
Gm49733,0.0
Gm49736,0.0
Gm49742,0.0
Gm49745,0.0
Gm49750,0.0
Gm49753,0.0
Hhla1,0.0
Gm49668,0.0
Gm49673,0.0
Gm49691,0.0
Gm49695,0.0
Gm49707,0.0
Gm49712,0.0
Gm49723,0.0
4931431B13Rik,0.0
4931431C16Rik,0.0
4932414N04Rik,0.0
4932415D10Rik,0.0
4932435O22Rik,0.0
4933400B14Rik,0.0
4933400C23Rik,0.0
Vsig1,0.0
4933407I05Rik,0.0
4933407L21Rik,0.0
4933409G03Rik,0.0
4930598N05Rik,0.0
4930599A14Rik,0.0
4931415C17Rik,0.0
4931419H13Rik,0.0
4931429L15Rik,0.0
Hes2,0.0
Hes5,0.0
4930595M18Rik,0.0
4930597A21Rik,0.0
4930597G03Rik,0.0
4930597O21Rik,0.0
4930598F16Rik,0.0
4930563M21Rik,0.0
Gm49757,0.0
Gm49763,0.0
Gm49786,0.0
Gm49794,0.0
Gm49853,0.0
Gm49860,0.0
Gm49874,0.0
Gm49876,0.0
4930584F24Rik,0.0
4930587A21Rik,0.0
4930588K23Rik,0.0
4930589L23Rik,0.0
4930592C13Rik,0.0
4930594M17Rik,0.0
Gm49755,0.0
Gm49756,0.0
Gm49553,0.0
Vstm2a,0.0
Vstm2l,0.0
Vwa7,0.0
Vxn,0.0
4930579J19Rik,0.0
4930579M01Rik,0.0
4930579P08Rik,0.0
Gm49898,0.0
Gm49901,0.0
Gm49907,0.0
Gm49909,0.0
Gm49912,0.0
Gm49938,0.0
Gm49946,0.0
Gm49948,0.0
4930578E11Rik,0.0
4930578I06Rik,0.0
4930578M07Rik,0.0
4930578N18Rik,0.0
4930579C12Rik,0.0
Gm49887,0.0
Gm49894,0.0
Gm49896,0.0
4930568G15Rik,0.0
4930570B17Rik,0.0
4930570D08Rik,0.0
4930570E03Rik,0.0
4930570N18Rik,0.0
4930571N24Rik,0.0
4930572O03Rik,0.0
4930573H18Rik,0.0
4930566F21Rik,0.0
4930567H12Rik,0.0
4930567K12Rik,0.0
4930567K20Rik,0.0
4930568A12Rik,0.0
4930568A13Rik,0.0
4930568D16Rik,0.0
4930568E12Rik,0.0
Gm50009,0.0
Gm50016,0.0
Gm50024,0.0
Gm50026,0.0
Gm49878,0.0
Gm49885,0.0
Gm49886,0.0
4930539M17Rik,0.0
4930563E18Rik,0.0
4930563F08Rik,0.0
Wdr20rt,0.0
Gm49975,0.0
Gm49978,0.0
Gm49979,0.0
Gm49991,0.0
Gm49999,0.0
4930556H04Rik,0.0
4930556J02Rik,0.0
4930556N09Rik,0.0
4930557F08Rik,0.0
4930557F10Rik,0.0
4930558C23Rik,0.0
4930559C10Rik,0.0
4930560O18Rik,0.0
Gm49953,0.0
Gm49957,0.0
Heatr9,0.0
Helt,0.0
4930579F01Rik,0.0
Wbp2nl,0.0
4930554C24Rik,0.0
4930555B11Rik,0.0
Wif1,0.0
4930521E06Rik,0.0
4930522O17Rik,0.0
4930523O13Rik,0.0
4930524B15Rik,0.0
4930524B17Rik,0.0
4930524C18Rik,0.0
4930524O08Rik,0.0
4930551O13Rik,0.0
4930553J12Rik,0.0
Wdr64,0.0
Wfdc12,0.0
Wfdc13,0.0
Wfdc15a,0.0
Wfdc21,0.0
Wfdc6b,0.0
4930547E08Rik,0.0
4930547E14Rik,0.0
4930548H24Rik,0.0
4930548K13Rik,0.0
4930549P19Rik,0.0
4930550C17Rik,0.0
4930551I15Rik,0.0
4930551I23Rik,0.0
4930540M03Rik,0.0
4930540M05Rik,0.0
4930543E12Rik,0.0
4930543I03Rik,0.0
4930544F09Rik,0.0
4930545L08Rik,0.0
4930545L23Rik,0.0
4930546K05Rik,0.0
Havcr1,0.0
Havcr2,0.0
Hbq1a,0.0
Hcar2,0.0
Gm49961,0.0
4930533I22Rik,0.0
4930533N22Rik,0.0
4930533P14Rik,0.0
Gm50064,0.0
Gm50068,0.0
Gm50071,0.0
Gm50078,0.0
Gm50079,0.0
Gm50080,0.0
Gm50087,0.0
Gm50100,0.0
4930533B01Rik,0.0
Gm50046,0.0
Gm50048,0.0
Gm50049,0.0
Gm50051,0.0
Gm50057,0.0
Gm50061,0.0
Gm50063,0.0
4930525C09Rik,0.0
4930526H09Rik,0.0
4930527B05Rik,0.0
4930527E20Rik,0.0
4930528D03Rik,0.0
4930528J11Rik,0.0
4930529K09Rik,0.0
4930532I03Rik,0.0
4930519L02Rik,0.0
4930519P11Rik,0.0
4930520K02Rik,0.0
Xirp1,0.0
Xkr7,0.0
Xlr3b,0.0
Xlr3c,0.0
Xlr5c,0.0
4930516B21Rik,0.0
4930517O19Rik,0.0
4930518J20Rik,0.0
4930518J21Rik,0.0
4930519D14Rik,0.0
4930519G04Rik,0.0
4930519H02Rik,0.0
4930519K11Rik,0.0
4930510E17Rik,0.0
4930511M18Rik,0.0
4930511O05Rik,0.0
4930512J16Rik,0.0
4930512M02Rik,0.0
4930513L16Rik,0.0
4930513N20Rik,0.0
4930515L19Rik,0.0
4930534H03Rik,0.0
Wnt2b,0.0
Wnt3,0.0
Wnt3a,0.0
Wnt7b,0.0
Wnt8a,0.0
Wnt8b,0.0
4930509G22Rik,0.0
4930500F10Rik,0.0
4930500L23Rik,0.0
4930500M09Rik,0.0
4930503B20Rik,0.0
4930503E14Rik,0.0
4930503O07Rik,0.0
4930505G20Rik,0.0
4930505K13Rik,0.0
Hapln3,0.0
Hapln4,0.0
Has1,0.0
Gm50028,0.0
Gm50034,0.0
Gm50035,0.0
Gm50037,0.0
Gm50039,0.0
Gm50196,0.0
Gm50202,0.0
Gm50205,0.0
Gm50206,0.0
Gm50212,0.0
Hamp,0.0
Hamp2,0.0
Hapln2,0.0
4930480K02Rik,0.0
4930483J18Rik,0.0
4930486F22Rik,0.0
4930488N15Rik,0.0
Gm50165,0.0
Gm50166,0.0
Gm50182,0.0
Gm50186,0.0
Gm50137,0.0
Gm50138,0.0
Gm50140,0.0
Gm50145,0.0
Gm50146,0.0
Gm50149,0.0
Gm50152,0.0
Gm50164,0.0
H4c1,0.0
H4c12,0.0
H4c6,0.0
H60c,0.0
Gm50115,0.0
Gm50117,0.0
Gm50130,0.0
Gm50136,0.0
4930471D02Rik,0.0
4930471E15Rik,0.0
4930471G03Rik,0.0
4930473D10Rik,0.0
4930473H19Rik,0.0
H3c6,0.0
H3c7,0.0
H3c8,0.0
4930505K14Rik,0.0
4930463O16Rik,0.0
4930465M20Rik,0.0
4930467J12Rik,0.0
4930467K11Rik,0.0
4930469B13Rik,0.0
4930470H14Rik,0.0
4930470P17Rik,0.0
4930459L07Rik,0.0
4930461C15Rik,0.0
Zap70,0.0
4930432J09Rik,0.0
4930432M17Rik,0.0
4930433B08Rik,0.0
4930433J02Rik,0.0
4930434F21Rik,0.0
4930453H23Rik,0.0
4930453L07Rik,0.0
4930455C13Rik,0.0
4930455H04Rik,0.0
4930455J16Rik,0.0
4930456G14Rik,0.0
4930458A03Rik,0.0
4930458K08Rik,0.0
4930448F12Rik,0.0
4930448I06Rik,0.0
4930448I18Rik,0.0
4930449C09Rik,0.0
4930449E18Rik,0.0
4930449I04Rik,0.0
4930451E10Rik,0.0
4930451I11Rik,0.0
4930477G07Rik,0.0
4930477N07Rik,0.0
4930478K11Rik,0.0
4930479H17Rik,0.0
Yipf7,0.0
4930447J18Rik,0.0
4930447K03Rik,0.0
4930448D08Rik,0.0
H3c1,0.0
H3c10,0.0
H3c11,0.0
4930443O20Rik,0.0
4930444F02Rik,0.0
4930445N06Rik,0.0
4930445N08Rik,0.0
4930445N18Rik,0.0
H2ac4,0.0
H2ac7,0.0
H2bc11,0.0
H2bc12,0.0
H2bc14,0.0
H2bc18,0.0
H2bc3,0.0
H2bc8,0.0
Gm50278,0.0
Gm50282,0.0
Gm50284,0.0
Gm50288,0.0
H2ac1,0.0
H2ac10,0.0
H2ac13,0.0
H2ac15,0.0
4930434J06Rik,0.0
4930435C17Rik,0.0
4930435F18Rik,0.0
4930437M23Rik,0.0
4930438E09Rik,0.0
4930439D14Rik,0.0
4930440I19Rik,0.0
4930441H08Rik,0.0
Gm50251,0.0
Gm50255,0.0
Gm50260,0.0
Gm50261,0.0
Gm50265,0.0
Gm50269,0.0
Gm50270,0.0
Gm50271,0.0
H2-Q2,0.0
H2-Q6,0.0
Gm50215,0.0
Gm50223,0.0
Gm50227,0.0
Gm50229,0.0
Gm50242,0.0
Gm50250,0.0
4930417O22Rik,0.0
4930419G24Rik,0.0
4930420G21Rik,0.0
4930423D22Rik,0.0
4930423M02Rik,0.0
H2-M9,0.0
H2-Oa,0.0
H2-Ob,0.0
4930447A16Rik,0.0
4930447F24Rik,0.0
Zbtb9,0.0
4930412M03Rik,0.0
4930413E15Rik,0.0
4930413F20Rik,0.0
4930415C11Rik,0.0
4930417O13Rik,0.0
4930407I19Rik,0.0
4930408O17Rik,0.0
4930412E21Rik,0.0
4833422M21Rik,0.0
4833427F10Rik,0.0
4921507G05Rik,0.0
4921513I03Rik,0.0
4921514A10Rik,0.0
4930401O12Rik,0.0
4930402F06Rik,0.0
4930402F11Rik,0.0
4930403D09Rik,0.0
4930405A10Rik,0.0
4930405D11Rik,0.0
4930405J17Rik,0.0
4930405O22Rik,0.0
4930431L21Rik,0.0
Zc3h12d,0.0
4921531P14Rik,0.0
4921534A09Rik,0.0
4921534H16Rik,0.0
4921539E11Rik,0.0
4921539H07Rik,0.0
4930401O10Rik,0.0
Gm50273,0.0
4930425L21Rik,0.0
4930425O10Rik,0.0
4930428E07Rik,0.0
4930428N03Rik,0.0
4930428O21Rik,0.0
4930430E12Rik,0.0
4930431F12Rik,0.0
Gzmn,0.0
H1f6,0.0
H1f9,0.0
H2-Eb2,0.0
H2-M10.4,0.0
H2-M2,0.0
Zdhhc11,0.0
Zdhhc22,0.0
Gvin1,0.0
Gvin2,0.0
Gykl1,0.0
Gypa,0.0
Gys2,0.0
Gzmb,0.0
Gzmc,0.0
Gzmk,0.0
Gm50350,0.0
Gm50351,0.0
Gm50368,0.0
Gm50375,0.0
Gm50377,0.0
Gm50378,0.0
Gucy1b2,0.0
Gvin-ps1,0.0
4921516A02Rik,0.0
4921517D16Rik,0.0
4921517D22Rik,0.0
4921523L03Rik,0.0
4921525O09Rik,0.0
4921528I07Rik,0.0
Gm50338,0.0
Gm50341,0.0
Gm5082,0.0
Gm5083,0.0
Gm5084,0.0
Gtsf1l,0.0
Guca2b,0.0
Gm50295,0.0
Gm50301,0.0
Gm50304,0.0
Gm50441,0.0
Gm50445,0.0
Gm50461,0.0
Gm50467,0.0
Gm50469,0.0
Gm50475,0.0
Gm50477,0.0
Gm50484,0.0
3110031N09Rik,0.0
3110062G12Rik,0.0
3110099E03Rik,0.0
3200001D21Rik,0.0
3300005D01Rik,0.0
3425401B19Rik,0.0
Gm50419,0.0
Gm50437,0.0
4732490B19Rik,0.0
4833403J16Rik,0.0
4833405L11Rik,0.0
4833407H14Rik,0.0
4833412C05Rik,0.0
4833419O12Rik,0.0
3110006O06Rik,0.0
3110015C05Rik,0.0
Gm5269,0.0
Gm52965,0.0
Gm52968,0.0
Gsta5,0.0
Gstp2,0.0
Gstp3,0.0
Gstt4,0.0
Gsx2,0.0
2700080J24Rik,0.0
2700089I24Rik,0.0
2810032G03Rik,0.0
2810404F17Rik,0.0
Gm5150,0.0
Gm5152,0.0
Gm5155,0.0
Gm5244,0.0
2810459M11Rik,0.0
2810471M01Rik,0.0
2900035J10Rik,0.0
2900052N01Rik,0.0
2900060B14Rik,0.0
2900064K03Rik,0.0
2900079G21Rik,0.0
2900092O11Rik,0.0
Gm50328,0.0
Gm50329,0.0
Gm50330,0.0
Gm50333,0.0
Gm50337,0.0
3830432H09Rik,0.0
4632404M16Rik,0.0
2810442N19Rik,0.0
2310016G11Rik,0.0
2310026I22Rik,0.0
2310026L22Rik,0.0
2310030A07Rik,0.0
2310043L19Rik,0.0
2310043M15Rik,0.0
2310043P16Rik,0.0
2310044K18Rik,0.0
2410012E07Rik,0.0
2410017I17Rik,0.0
2410021H03Rik,0.0
2410152P15Rik,0.0
2610016A17Rik,0.0
2610027F03Rik,0.0
Zfp286os,0.0
2310016D23Rik,0.0
2810432F15Rik,0.0
2810433D01Rik,0.0
2610042L04Rik,0.0
2610204G07Rik,0.0
2610306O10Rik,0.0
2610318M16Rik,0.0
2610528J11Rik,0.0
2700068H02Rik,0.0
Gm50387,0.0
Gm50388,0.0
Gm50397,0.0
Gm50398,0.0
Gm50401,0.0
Gm50413,0.0
Gm50415,0.0
2810405F15Rik,0.0
Gm5099,0.0
Gm5108,0.0
Gm5111,0.0
Gm5118,0.0
Gm5129,0.0
Gm5136,0.0
Gm5144,0.0
Gm5148,0.0
Gsdmc2,0.0
Gsdmc3,0.0
Gsdmc4,0.0
Gsg1,0.0
Gssos1,0.0
Gsta1,0.0
Gm5089,0.0
Gm5096,0.0
Grp,0.0
Grpr,0.0
Grxcr1,0.0
Gsc,0.0
Gsc2,0.0
Gsdma,0.0
Gsdma2,0.0
Gsdma3,0.0
2400006E01Rik,0.0
2410003L11Rik,0.0
2210011K15Rik,0.0
2210020O09Rik,0.0
2210039B01Rik,0.0
2210404E10Rik,0.0
2210406H18Rik,0.0
2210409D07Rik,0.0
Gm5431,0.0
Gm5460,0.0
Gm5463,0.0
Gm5485,0.0
Gm5524,0.0
Gm5533,0.0
Grip1os1,0.0
Grip1os2,0.0
2010016I18Rik,0.0
2010103J01Rik,0.0
2010106E10Rik,0.0
Grifin,0.0
Gm53013,0.0
Gm53042,0.0
Gm534,0.0
Gm536,0.0
2310015D24Rik,0.0
2310015K22Rik,0.0
2310016D03Rik,0.0
Zfp433,0.0
1810063I02Rik,0.0
1810073O08Rik,0.0
2010003K11Rik,0.0
2010008C14Rik,0.0
2210411M09Rik,0.0
2210412B16Rik,0.0
2210414B05Rik,0.0
2300002M23Rik,0.0
2310001K24Rik,0.0
2310002D06Rik,0.0
2310003L06Rik,0.0
2310015A16Rik,0.0
1700121C08Rik,0.0
1700121L16Rik,0.0
1700122C19Rik,0.0
1700125G02Rik,0.0
1700087M22Rik,0.0
1700092C17Rik,0.0
1700092E19Rik,0.0
1700092K14Rik,0.0
Zfp534,0.0
1700109I08Rik,0.0
1700110C19Rik,0.0
1700112H15Rik,0.0
1700113B09Rik,0.0
1700120E14Rik,0.0
1700120G07Rik,0.0
1700120K04Rik,0.0
2210010C04Rik,0.0
1700125G22Rik,0.0
1700128A07Rik,0.0
1700129C05Rik,0.0
1810006J02Rik,0.0
1810007D17Rik,0.0
1810008I18Rik,0.0
1810010K12Rik,0.0
Grk1,0.0
2010106G04Rik,0.0
2010110E17Rik,0.0
2010309G21Rik,0.0
2010310C07Rik,0.0
2010320O07Rik,0.0
2200002A13Rik,0.0
2210009P08Rik,0.0
1700099I09Rik,0.0
1700104B16Rik,0.0
1700108J01Rik,0.0
1700109G14Rik,0.0
Zfp648,0.0
Zfp683,0.0
1700061N14Rik,0.0
1700063A18Rik,0.0
Gm5741,0.0
Gm5860,0.0
Gm5893,0.0
Gm5901,0.0
Gm5916,0.0
Gm5934,0.0
Grb7,0.0
1700096J18Rik,0.0
Gm5622,0.0
Gm5627,0.0
Gm567,0.0
Gm5678,0.0
Gm568,0.0
Gm572,0.0
Gm5724,0.0
Gm5737,0.0
1700095A13Rik,0.0
1700095A21Rik,0.0
1700095B10Rik,0.0
1700095J03Rik,0.0
Gpx5,0.0
Gm5546,0.0
Gm5600,0.0
Gm5608,0.0
Gpr84,0.0
Gpr85,0.0
Gprc5a,0.0
Gprc6a,0.0
Gprin1,0.0
Gpx2,0.0
1700069B07Rik,0.0
1700069L16Rik,0.0
Gm6471,0.0
Gm648,0.0
Gm6526,0.0
Gm6556,0.0
Gm6588,0.0
Gm6614,0.0
Gm6657,0.0
Gpr83,0.0
1700066B19Rik,0.0
1700066J03Rik,0.0
1700066N21Rik,0.0
1700067G17Rik,0.0
Gm609,0.0
Gm6367,0.0
Gm6410,0.0
Gm6416,0.0
1700063H04Rik,0.0
1700063J08Rik,0.0
1700064J06Rik,0.0
1700064M15Rik,0.0
1700065D16Rik,0.0
1700065J11Rik,0.0
1700065L07Rik,0.0
1700065O20Rik,0.0
Gpr22,0.0
Gpr33,0.0
Gpr37l1,0.0
Gpr50,0.0
Gpr55,0.0
Gpr62,0.0
Gpr63,0.0
1700057G04Rik,0.0
Gm7125,0.0
Gm7145,0.0
Gm7271,0.0
Gm7276,0.0
Gm7457,0.0
Gm7461,0.0
Gpr171,0.0
Gpr174,0.0
1700048M11Rik,0.0
1700049E15Rik,0.0
1700051A21Rik,0.0
1700051K13Rik,0.0
1700052H01Rik,0.0
1700054O19Rik,0.0
Gm7097,0.0
Gm7102,0.0
1700086L19Rik,0.0
1700045H11Rik,0.0
1700046C09Rik,0.0
1700047A11Rik,0.0
1700047G03Rik,0.0
1700047M11Rik,0.0
1700047O18Rik,0.0
1700048F04Rik,0.0
Gpr141b,0.0
Gpr142,0.0
Gpr143,0.0
Gpr150,0.0
Gpr152,0.0
Gm671,0.0
Gm6878,0.0
Gm6899,0.0
1700037C06Rik,0.0
1700039M10Rik,0.0
1700040L08Rik,0.0
1700041G16Rik,0.0
Gm8075,0.0
Gm8094,0.0
Gm8126,0.0
Gpr139,0.0
1700030C14Rik,0.0
1700030L22Rik,0.0
1700031A10Rik,0.0
1700031M16Rik,0.0
1700031P21Rik,0.0
1700034E13Rik,0.0
1700034G24Rik,0.0
1700036A12Rik,0.0
1700057H15Rik,0.0
1700058P15Rik,0.0
1700060C16Rik,0.0
1700060C20Rik,0.0
1700060J05Rik,0.0
1700061I17Rik,0.0
Zfp819,0.0
Zfp831,0.0
1700018G05Rik,0.0
1700019C18Rik,0.0
1700019F05Rik,0.0
1700019G24Rik,0.0
1700019J19Rik,0.0
1700019L13Rik,0.0
1700020D12Rik,0.0
1700020L24Rik,0.0
1700027A07Rik,0.0
1700027A15Rik,0.0
1700027J07Rik,0.0
1700028P15Rik,0.0
1700029F12Rik,0.0
1700029H14Rik,0.0
1700029N11Rik,0.0
1700030A11Rik,0.0
1700025F24Rik,0.0
1700025K04Rik,0.0
1700025K24Rik,0.0
1700025M24Rik,0.0
1700025N21Rik,0.0
1700026F02Rik,0.0
1700026J12Rik,0.0
1700026J14Rik,0.0
Gm6934,0.0
Gm6980,0.0
Gm6994,0.0
1700041I07Rik,0.0
1700041M05Rik,0.0
1700042O05Rik,0.0
1700044C05Rik,0.0
1700025D23Rik,0.0
1700023F02Rik,0.0
1700024I08Rik,0.0
1700025C18Rik,0.0
Zfp988,0.0
Zfp990,0.0
Zfy1,0.0
Zfy2,0.0
1700012B09Rik,0.0
Gm7609,0.0
Gm7616,0.0
Gm7697,0.0
Gm7706,0.0
Gm7762,0.0
Gm7879,0.0
Gm8011,0.0
1700022H01Rik,0.0
Gm904,0.0
Gm9195,0.0
Gm9465,0.0
Gm7480,0.0
Gm7489,0.0
Gm7568,0.0
Gm7592,0.0
Gm7607,0.0
1700020N01Rik,0.0
1700021A07Rik,0.0
1700021F07Rik,0.0
1700021N21Rik,0.0
1700021P04Rik,0.0
Gm8871,0.0
Gm8909,0.0
Gm9017,0.0
Gm8281,0.0
Gm829,0.0
Gm831,0.0
Gm8378,0.0
Gm8439,0.0
Gm8579,0.0
1700015I17Rik,0.0
1700015O11Rik,0.0
Gm9889,0.0
Golga7b,0.0
Golt1a,0.0
Got1l1,0.0
Gp1bb,0.0
Gp2,0.0
Gp9,0.0
Gm8257,0.0
1700015G11Rik,0.0
Gm9817,0.0
Gm9821,0.0
Gm9831,0.0
Gm9857,0.0
Gm9869,0.0
Gm9871,0.0
Gm9873,0.0
1700012C14Rik,0.0
1700012I11Rik,0.0
1700012P22Rik,0.0
1700013D24Rik,0.0
1700013H16Rik,0.0
1700014D04Rik,0.0
1700014F14Rik,0.0
1700015C15Rik,0.0
Zswim2,0.0
1100001I12Rik,0.0
mt-Tr,0.0
mt-Ts2,0.0
0610031O16Rik,0.0
0610006L08Rik,0.0
n-R5s25,0.0
1200007C13Rik,0.0
1700012A03Rik,0.0
1700012B07Rik,0.0
1600014C23Rik,0.0
1600017P15Rik,0.0
1600022D10Rik,0.0
Zscan4-ps1,0.0
Zscan4d,0.0
Zscan5b,0.0
1700009J07Rik,0.0
1700009N14Rik,0.0
1700010B13Rik,0.0
1700010D01Rik,0.0
1700010H22Rik,0.0
1700010I02Rik,0.0
1700011B04Rik,0.0
1700011L22Rik,0.0
Gm9748,0.0
Gm9752,0.0
Gm9758,0.0
Gm9767,0.0
Gm9768,0.0
1700007J10Rik,0.0
1700008B11Rik,0.0
1700008C04Rik,0.0
Gm29054,0.0
Gm29066,0.0
Gm29083,0.0
Gm29100,0.0
Gm29101,0.0
Gm29110,0.0
Gm29112,0.0
Pilrb1,0.0
Gm29261,0.0
Pigz,0.0
Gm28991,0.0
Gm29010,0.0
Gm29012,0.0
Gm29016,0.0
Gm29019,0.0
Gm29052,0.0
Gm29200,0.0
Gm29208,0.0
Gm29232,0.0
Gm29233,0.0
Gm29243,0.0
Gm29246,0.0
Gm29253,0.0
Gm29260,0.0
1500005C15Rik,0.0
1500009C09Rik,0.0
1500012K07Rik,0.0
Zpld2,0.0
Gm29156,0.0
Gm29157,0.0
Gm29183,0.0
Gm29186,0.0
