0,1,2
0.0824396398138884,0.2150481938776616,-0.1577731152676118
-0.0102160937417856,-0.374262376682939,-0.1975141311560364
-0.1265014867105461,-0.026739875747994,-0.0885432792541825
3.4243971776839794,2.291972853726352,-0.681999878203515
0.9240960547271784,-0.1844640464707234,0.0804116589047916
1.0965482780564575,-0.3843609117737341,-2.524503038438384
1.1141096608234358,-1.172775281027003,1.3517752945252537
0.0301680435306519,-0.0314466459147326,0.2061062092013711
0.2448412001383212,0.2371537341372183,0.333132093676473
0.049299259756333,0.0575583219470742,-0.179369283444146
1.3798875969270001,-0.06448166063049598,-0.6729315577194113
1.252421017526367,-4.762778272925485,-1.0420300958998976
-5.9749680935946605,-1.6061088036748874,-3.5338733287769575
-0.9648147983275679,0.41176930171181775,0.033639732102258374
-0.333859869304728,1.777844232626337,0.2299837549197709
-0.6125580452008943,0.11444991016910322,-0.259319837471717
-0.06225269073264289,0.43656735980725075,0.27079916850660485
0.3293005697697113,-0.6609539217635132,-0.6377074606239135
-0.1582688340872733,-0.2759462954615754,-0.6355176279195588
-0.3112495519877025,-0.8069186765937552,1.778863416767837
-2.863089496297656,-1.577193426995482,-4.721196245116611
-3.1741464572785723,6.483550139945588,-1.2368305109187931
-0.0696151474545956,-1.4513420676775353,0.4213409054176105
-0.2002461949625392,-0.19322686429125918,0.6955705859849739
1.5785115693367142,1.584060388643017,-0.8812566453881694
-0.15583452941260348,-0.16470317636546097,-0.2282373036320091
0.41540399792408067,-0.07478472094658567,0.11400765045980463
-0.2548892633625458,-0.9855101430434421,-3.4795882611675424
1.22195843035686,2.250778254869407,-1.1599349899131954
-0.7405516679498902,0.995934516228191,-2.384253702738645
-1.312423030817346,0.6054186413735205,0.07647107125760351
-0.4417708965023923,1.6005389153982506,3.031030025400661
-0.12977858273753334,-0.05234034191473401,-0.20334460841765273
-4.681525095507052,-0.5943912943183248,-3.99235707006559
0.31078220529446116,0.5675892997057405,-1.0039900536324011
0.5570677328773253,0.42748483453402863,-0.09164306492101099
-2.963799889253706,-0.040171896767024866,3.214236057357883
0.0249819902164154,-0.1139282418962985,0.2092594245198222
-0.1997115161192202,-0.18660290274148336,0.10701484839730681
0.2677439732252527,-0.1972437591268966,-0.4402889616288459
-0.2154759641864872,0.009744767780888479,0.16934741334123501
0.06488592783376552,0.7935198690933682,-2.921900813541602
1.9725861466745243,-0.8972094392178913,-4.433558347306136
1.6442162322548166,-0.30497012604089535,0.887776278899192
-0.25441322113673737,0.04369375938119422,1.413000622663902
-0.08117002871612171,0.2807759904902872,-0.19805765514727414
-1.273351986642302,-2.016510003352896,-1.7377162750841442
0.2858294373209,-0.3372273328784651,0.17489306183752265
1.3845620084427106,-0.8582892164739949,-0.489403397522848
-0.6571707045097774,1.0438418394857534,-0.3463160833328807
0.46740068849685945,0.24484318903644653,1.864491984125083
0.7855470759969109,-1.1362249268836264,-0.30210588947044903
-0.17357355107342234,-0.4159803529967417,0.5203567762635279
-4.4734318257535435,-1.4653500546218803,1.7191133605838054
-0.8301619549004415,0.12291568067388864,-1.1511607558896113
0.598497003408435,-0.6106506218439194,0.6558362098987731
-1.9087820132166697,0.8505808128213013,3.860189472112766
0.6770964166855602,0.4594191024069811,-0.4412557413650706
0.7327777868641582,-1.714172750300297,0.7220228290023297
0.36303096547389274,0.37926455636001877,0.08574615674257258
-0.23361589576035552,-1.3493431670944782,5.504554869281985
-0.5189813881450561,-0.3872660108184981,-0.426004149511262
-0.1192713243199092,0.12744957003810303,0.4434909723375981
-0.6459777232219829,-0.9412196541444044,3.680099866315967
-0.24113844143476282,2.0079821190240685,0.06183517631283064
0.2693160413908124,-1.1105189413398993,-0.7105762338358672
-0.33460752536485344,-0.7110364298293279,-1.441078192203651
1.0825779346758422,-3.7915335771967804,0.6905553365723206
0.13923908025338463,-0.27844498835354536,-0.04419183146894318
-0.08253049707551695,-0.01826176575923559,-0.029577988652308266
-2.9844003042460647,0.8871580129513998,0.010774395954613103
-1.403013488452333,-0.14724016350533575,-0.7126398071665362
-1.552705904734689,2.546017569959294,-0.04374376628688692
-0.5993911988875649,-0.11266010230381279,2.317533663668645
0.031662990059220436,-0.015673294063767274,-0.21195141770726328
2.2848381502809754,1.4042160672520725,-0.11634518359392823
0.8307893768452149,-1.1311789394324876,-0.5026817242833872
0.9437806230923625,0.38812108798695727,-1.0276667805251107
-1.3337309487040825,-2.634708711760138,-1.145153947899022
-0.4458410323641234,2.2207813684393356,-0.8945681629600057
2.481321796592385,-0.0012322929341784805,-1.0439626019444412
0.2470515904642355,-0.28146547659424487,-0.16545469202488441
0.8585465282863264,-0.22841483783765648,-0.20377396802248396
2.0532677473449263,-0.4321437520012201,-0.03950207462229205
1.075636003397402,0.4125532939253663,0.5701990794881082
-0.13480582261529134,-0.3913696126385954,-0.36806512109621237
-0.8943326149601829,1.8645980703128342,-1.448885884847431
0.461219016804247,3.4411699785794556,-0.20904272639424015
7.156111930276324,-3.0176166770322,-4.007547178728046
0.0307262461234475,0.0712541429212841,0.1375954440340844
-0.7489762844353818,-1.8497197210841867,1.7839099462179442
-0.34209489279116306,0.6467829800321994,-0.43593637359830983
0.6910281198199838,0.2756048444571685,1.8432150759765178
-1.2668854927064404,-2.4990837171632654,-0.5135693770448831
-0.5335815197317239,0.35780039496365,2.371012460143125
0.3137841606307191,0.27444333229411966,-1.0739503571411166
0.4187886553478505,-0.2567245834730537,0.5567357253254503
0.10120876749333435,-0.12270127763392141,-0.1006614348761096
-1.2034943929404818,0.039994066396742856,-0.7493810466938235
0.3916878950636931,-0.38242198336815875,-0.07037127841624177
-1.0806545657483007,-1.5364275637021465,-2.942004935457485
-0.19650278474880672,2.5024302384767676,0.03884090259682771
0.25708398871930915,-2.1410531950165517,-0.567446010606024
0.21101006648856968,-0.14406923192219778,-0.25469944470815553
1.6126715097716826,-1.9487344700490565,-0.6982600856478147
0.009122177282975992,-0.20005197950584008,0.36117891242500944
0.08593630450575843,-0.048565027019116205,-0.16445284047565034
0.13222221148963098,-0.33743312837453754,0.7331005100125642
0.0955666509651838,-2.619567572410461,-2.758594315093741
0.13038919907271063,-1.1171201038253467,-0.3496956451311129
-0.5774388226849926,1.057332706826187,0.04039855027063646
0.43992398973102853,-0.7563894217974312,0.5877120666962228
1.7365211932859945,3.0576139375769036,1.338913913028316
-0.6049481195815706,1.6064103651368862,1.4173101367189673
-2.0539653474393194,1.3561575598974747,-0.08818750024775317
-2.118426275834235,1.7369041075810387,-2.4912709293182456
-0.3074134229723393,-0.6110245785653042,-1.362036804751075
0.981075790563288,-0.1217199462485105,0.5928892797957132
0.0517039347066509,1.882413376023809,-0.6874176829628744
-2.5620460744873124,-0.042025775756729444,-3.174962726322808
-0.38395310510506997,-0.9156360514578376,-0.9206189338349144
-3.538561634744675,1.2321708954979385,-2.1640102963818006
0.45499663810838303,-1.6508660527219425,0.0844166480714888
-0.06105467592898384,-1.248561509172409,-0.5567742144092946
-0.33732848513934455,-0.006529880269314128,0.34285780808196886
-2.040726797018747,-0.3462002860592254,0.6172993751806536
1.6746991899844919,-1.2625183637183164,-1.275456455166501
-0.21340380083305638,1.6998280181222074,0.16113600307777354
0.9267512343451877,0.8521901840638768,1.1012000531538009
0.11675105527223048,-0.5731759198638499,-0.9956204009579674
0.014584449675941693,-1.228772107777118,0.19345693724063925
0.2523133728178583,-0.2671375299085408,-0.17499980191340342
-0.012413724567030902,0.008773689087718809,-0.02639898678276148
-0.8111207924698481,-0.5531258410082689,-1.4147152170736068
0.49431982946043707,-1.7300498807682405,-0.41049369706957295
-2.206677642514156,-1.6903564273997693,0.42274656127943594
-0.60055303080468,0.10036104104416668,0.5498681270474356
0.4691675366828471,-0.1971959368920529,-0.4517083016424927
-0.20405374783715016,-0.09579080541679959,0.5938879002027511
0.4582871071360249,-0.0278365126904854,1.9973894625870015
0.5417810658071917,-1.1555007899054446,-0.8572128101378929
2.181134500698727,-3.5266337230275857,1.7513067584138093
-3.095678752037035,0.48861825208572435,-0.23655941349389661
0.25152709321984823,0.5092631265620707,0.44695005479988204
-0.09895335019744105,0.0812929040036007,-0.06360263651841631
1.178203939960476,-0.12849821801708675,-2.4800353558065997
0.3753421414584616,-5.57579006005976,-5.356886028743524
-0.2741053378342383,3.954658731794972,-3.2481405602312825
-1.7048708993305302,-3.5118254530173907,-1.937971725383206
-0.7496580649298502,0.3939180133618537,-0.4916358527161231
1.9700870431475321,0.7292810253453768,1.2668197962029017
-0.06084883421232007,-0.3225385993771811,0.028070772599775973
-0.08448568560732811,-4.673953933007734,-3.000882063513604
1.5825743648224984,-2.601019627804451,2.4089208859099593
-1.8773522441105863,-1.2926925807978114,0.4683213413355574
1.212783532462072,-0.7146095062316312,-0.6378335298873558
1.976879296072729,-0.3582553659834272,-2.493769865524758
-1.2517638461026068,3.2047398895663086,-2.2242786120260516
-2.3709243329951897,-0.5472036499531239,-0.9438163489374697
1.9202455485290195,0.024572274808198458,0.7817724780082379
0.3093074320495279,-0.05075001743076171,1.0062341152060992
-0.8832730808455009,0.08408116925527204,-0.1391129045438813
-1.1007702694761772,0.98763943577789,0.09687040106462819
-0.8518200147323549,-2.311048510037771,2.856411391611265
-1.4822379172414062,4.538052115808104,0.533660480457019
0.6678126024747632,-0.8610458515366448,0.4688211939217314
0.7855898661456401,-0.07612324876236848,-0.6198827963729319
-0.5851464194479072,0.020492294552682006,0.4933408587359092
-0.146766121780816,0.14163949888558014,0.0020938660599009763
0.5568929508961992,0.87798212140275,-0.43483384959726246
0.3254687524976427,0.04457494833029252,0.21817431323823644
-1.5026094403472614,0.06579463802358818,-0.49305547555271106
0.6766727662646492,0.3537707525859331,-0.0880081665658807
-0.29236444421209606,-1.7569337127377325,0.8099032113756517
0.09697595216573573,2.1059786082184506,-0.7916189754063069
-0.3064121042421463,-0.48051352789880614,0.7053247088111981
-0.46915412303761,-0.4286465634446231,-0.62097133626851
1.3414817058357102,2.638259668265714,0.2757876068784626
5.539960712676281,-2.8312455099252194,-0.5495188543746169
-0.16816968694063653,1.6860229193140568,-0.7039332611702377
3.731449740760591,-2.0500846718255428,2.258398858004733
1.7021326465133797,0.5532813536942599,0.5385174758277316
0.6083202423185171,-2.05490587558187,-1.0927952223191175
-1.0047185627245234,0.6617447893996738,-0.09349503672604612
-1.9504850817786894,0.8556075074713204,0.12263179844762312
-0.4894849793324511,-0.8938424077992044,0.5252209928068662
1.7130025788182288,0.7296457258323702,0.7427551311473025
-0.2960435295993139,3.1585902137468307,-0.25161300812987564
1.9683981668475807,-1.1623447605789539,-0.5633516599088518
-1.2034439618487336,0.44161340260678383,0.39100966682961313
-1.4474806835561234,0.7094237244095875,-0.9897315460779006
-1.2621593598838985,-0.3111118664791103,-2.654291837802421
0.3756011810059132,2.3649987715470044,-0.6667918092535221
1.6432330662764791,0.4120054077335128,-0.6052832042657637
0.25358326115772556,-1.3085444941551132,-1.7225789386896209
-0.19082540965742928,-0.4008265374883752,0.7745194919885441
0.7956902326609993,1.1302179023070986,-2.197866491318163
-0.0727259081448196,0.0957164311952897,0.0716295302904406
-1.365711881724473,1.9217865619840457,1.6099637934432158
0.35312811995822335,0.74225355845156,-0.0952729983541194
-1.3717487477469863,0.24215847143900937,-2.8030935486274307
0.5292755857674584,3.9171451561545285,1.1122942011545354
-0.7096531687410053,-0.925166384257067,-1.0801309016896132
1.0143008333268466,-2.242667545574398,2.5935600227664035
-0.12165158599954023,0.00041395996784587136,0.6559277839356799
-2.272875925852632,1.2523542528248133,1.315823790867063
-0.15732226523948606,0.27539785700685665,-1.2074411099096118
-0.1430580389369807,-0.15551612916230073,0.31883108283074657
0.8023500805443364,0.6681798999735493,-2.466245155639322
0.6667136384138411,0.0076735242118286615,0.33575032744854555
-2.5311185025161675,-5.744369877519693,-2.5200249935916923
0.4487718253605354,-0.660416370604181,1.7168050027448674
-2.168203079066155,-0.1101047838201136,1.0794388168954763
-1.073953542470019,-1.111882425386662,0.2672746298255063
-2.1820972959347253,1.631716863741667,0.32382273160057645
0.3612487503783904,-2.561055161150075,0.7552685253584224
0.2569460651372725,-3.0214262755667933,-0.6877069079750651
-0.3562109200239599,-0.28382849895804957,0.33687357235536297
-0.07762134073191804,0.5461360388447821,0.017341788004319736
0.21205746694450794,-0.4052653542663366,0.3047653632446249
1.4620875392987136,0.5404836225096904,-0.39389272113907303
-0.9382798241171738,-0.3463324270193689,0.1276439129966201
1.1897205416359693,-0.5592261758717534,0.7628090067647649
-2.538907919001965,0.11852767037419465,-2.6187612641510833
-1.5903205096987174,0.7334574324135648,2.358125506233913
-0.12445899344840008,1.049488704832302,-1.440055155644905
-1.558558711543239,1.351076099783131,0.9373750598990434
0.1825522202618396,0.5351784370324045,-0.27120625316978114
0.6370175201189665,0.20695261219217503,0.13145822528830833
0.2014402521157332,1.0552647523203627,-0.8648980332111437
0.3400539533636822,0.5092693103014004,0.2212744346272958
-0.5752901916343209,-0.8506625269236116,-0.2117300406084215
0.3821207194530629,-0.43991903071499294,-0.25493540917304114
1.0685023104205125,0.25499573502145706,-0.317503113733744
-0.42408481002530113,-2.12376697976113,1.4543287337192499
-1.7992787812220417,1.299992707182519,1.464840440787999
-1.6706128589492715,1.3890317177237712,-1.1131881989541512
-0.5747607086639712,-0.7298467420342303,-1.8100908911198197
-0.728896809141476,0.5364714521762908,0.5492959004900652
2.1514279549056132,0.29168793629755385,-2.0791371335556827
-1.1737945220166437,-0.09843916489339338,-0.6432017362666327
-2.0212935245577968,-2.8434200422137623,-1.7630133013651472
1.689796591180416,0.06891066313573513,-2.1338939450928645
-0.24437643255157246,2.0627145041610433,-2.8460717595753584
1.60127967218226,1.2772022744504699,1.8662439276402196
0.20002474312711135,0.24380518154253494,0.24787102143717865
0.4805825729428109,0.6426811479770802,-0.9454826673095744
-1.9766686186452729,0.0051453621516535375,0.8813489306491911
-1.9182377528217627,0.46766928784349376,-3.761957764570198
-0.1362875550691415,-0.18673694319088036,0.4052388620090036
0.013489678542226491,1.4619367074562157,-0.3119402486114987
-2.210450379454331,-0.241215531122434,2.6293937644940355
-1.2118741374011839,-0.20952093540233965,-0.9362380020612385
-1.4578927782987576,-1.322102490828459,1.7424277120271678
-2.622113317844673,-1.862401687050252,0.6870408754021526
1.2447220843297109,1.2421293208137776,1.0230159000892594
-0.7786240239262565,1.1438071111612336,-0.20862507039163886
-0.20698795983970675,-1.4542720284205926,-0.11765539037061494
0.5283084115937877,-0.761161942467368,0.04578770461743266
-1.2831691395194242,1.110831839742031,-1.0558888501151698
-0.2093976895850847,0.11356308652049801,0.3861925151660919
0.14130888961866797,-2.270623842792544,1.0402013455662933
-1.003834871305701,-0.10117097786419166,2.1563306952983172
1.5353266793941436,1.3088061044081487,0.03615635895252556
-0.2580780585130873,-0.3987881559578059,0.7703238694959816
-2.494829340478017,-0.9541836046390542,-2.440716800067505
1.0768770212756666,-0.5601332246432551,0.7067477112061499
-0.3949626948679465,-0.05921779373684958,0.05600921960390258
1.441294112883566,2.2756346293401384,2.0074057346078416
-1.4308202057323827,0.2013850357256429,0.2016435376685705
-1.7909137300736588,-0.6444519987652617,3.6465470640724766
-0.2470185273354018,-1.2168914284851406,1.5429288026203118
0.3469172381933717,-0.9209913856020076,0.7836178712137456
-3.06354143417803,2.729253516843121,-1.2603551619478797
-1.3150927895180042,1.9223689741390126,-2.3757511936674933
0.40644969809355375,1.2214296094756723,0.4854890184424877
-0.2313433475163901,-0.1142947030163218,-0.2170999448887673
1.0534134572667528,-0.47117576827240193,-0.35212230775180897
-0.9010195634577933,1.6361916120090187,0.06688511125392671
-0.7657927252644257,-0.571033282027088,-0.24747044715377403
-0.51211796647612,2.085178934915282,0.5047886356728031
1.8314548808167634,-0.1389631037823983,0.7456015478120916
0.27659767271142305,0.2879176639686448,-0.6123353985610741
1.9473178724094595,-0.6335149695906119,0.44084558351474235
0.6724944797795239,-1.1418891957322508,-0.8144349285106937
-0.8747921788981674,-1.0884381107097003,-2.9450977215282177
0.25134368226662207,0.23758135545270093,2.2637689505859213
-0.5249753442906542,-0.9725810213393093,0.4910899687378907
0.2644775359899032,-1.0824857928969815,-2.2536099184903824
0.04308597038160815,-2.0485059270467443,0.4048182844517958
-0.4179947733895524,0.164041539308464,0.34170119736841115
-0.784360911427219,-0.6488415461326782,0.6448859697657462
0.2638608602866541,0.636157977705579,1.4769952727704636
-1.630400761086611,-1.7085600995236767,-2.294644571603393
-0.5890099375895093,-2.095014027818568,-1.934302442856494
-2.2561169298906933,-3.3301684887377303,-2.8184547887641562
0.2612494230773411,0.1628741978335524,-0.04570797729686738
3.114253349475631,-0.1905990607022416,3.501558818905926
-1.221874087490726,-1.224530171869789,0.14786043452634698
-0.4734208998694241,-0.12474361721781113,3.165467554934656
-0.8756400964086525,0.6843696562234424,-1.8063433273917695
1.9470373398752934,0.4840152145648237,-1.1851767143177463
-0.5456772267038075,2.68969384279126,1.1790226030101305
-1.5421625060750734,-0.8696548488814905,1.0003604987804469
0.26947568728207627,-1.0349185856043455,-0.05056964080186063
1.3146117227036171,-0.5714447635637316,-0.718572156063001
0.8916569853194655,-0.5683086078899745,-0.5467990596591062
-0.8263500797392305,-0.44922909753055146,0.1246290360478487
-0.06274286505113316,-0.006137869246031935,0.24626741787208634
0.7062860024356409,0.8270939796961465,0.7090910775169417
-0.3960430190773827,-0.13737919233537832,0.08754072159208615
1.709248465852563,0.5512189507012044,-0.7894808928144292
-0.13167975457574768,-0.21368216028703876,-0.0034466468615420498
-2.256334368825015,1.84085808520361,0.3249416346172279
-0.057315438032951416,-0.6931676461553373,0.2719928828258118
-0.22082869212953926,0.2871314208061624,0.23283128739947823
0.12636387885689626,-0.695340051084142,-0.3661906786943864
0.06514541282732467,-0.35636038179479224,0.06029608644199952
1.2975522867156986,2.70570540310082,-2.396691757955197
1.5165910736659602,0.35920009084078813,1.5018173583255918
0.9817591875769158,-2.7684665887464486,1.9207681692536167
-0.5017403629408368,-0.04964349969200621,-0.09845231133382533
0.20577093634881097,0.9619791892473075,-0.5840905296875714
0.5554505349860085,-0.10856485360266965,0.2291984029637735
0.40853664711961835,1.6342678545262623,-0.4714031855949852
-2.486335449102855,-0.9764195647827341,-1.2910735099497954
-0.7763820403008848,-1.4246774317056645,-0.9192843995121168
-0.19546215736463646,0.21104315524095113,-0.016566523870919225
-0.239387766886547,0.02081277892556513,-1.2064375048236977
-1.1975349472656613,-0.9852724109010893,0.698630477717318
1.0019918558701675,-0.8150510037951043,0.07391623299744154
2.4011837745510145,6.937193369429634,-0.6651800580149527
1.6315921137493579,-0.457482639772428,3.4478616232585395
-0.041297305130735054,0.8511381765991242,-1.5830968450634706
0.46650115778630336,-2.1223953038833177,-1.4091509017368327
0.01515523466763663,-2.463567266930481,0.9787943129700692
0.5543278878920597,-0.31653861751488227,0.5758828840609995
1.0125880045892859,-0.08371943947460862,-1.2673005831734965
0.4158989142757544,0.24477418832593661,0.8080242861563025
0.23622504938958705,-2.5574797954859805,0.9974624113825031
-0.7251884782899255,-0.14054877471876817,-2.6219296668359235
0.0668586252924534,-0.5030945430995214,0.3540030625651568
-0.11059124162222334,-0.03831297483360663,-1.0482018876639505
0.10182665756010667,-0.21074219975589972,1.2425064506046035
-1.4606413407847691,-0.7852082854265919,1.2931469952387729
0.6135299936264589,-4.9633371250776595,-1.7973056717132514
-2.0639440411645955,0.20283802269212028,-2.1110777995346948
1.7499238740604777,-0.01767989127734451,-0.30845279858708124
5.125444915632103,-1.5023476926644501,-6.385201887045544
-0.6763354166837257,-0.43144901009856756,-1.4553199022911396
-2.2686142544376304,-2.6620288273180104,-1.9173786646566755
-2.2375340121282936,-0.6350491121024993,-1.0149519166772816
0.39238516047816135,-0.6494366479426282,-0.2872420707880875
3.1799450047552678,-0.09143799863223104,0.20900335786576216
-0.3695379755465322,-0.11599227104915875,1.43137537578528
0.2934579294638233,0.6757750459609806,0.3992098602834183
-1.9368921914816024,3.637043095845965,-0.2545828535875721
-1.9408360296517873,0.3384524660650429,0.4557294475518475
0.23824877690614796,-0.19709463785508294,0.0563130951696776
0.020242143107656346,0.23269358635808884,0.19862340766208453
-0.4501558255328062,4.103915872747811,-1.004051665430259
1.8348929643973317,0.8401308073678748,1.4113073774859701
-0.23519587799947894,-0.20818641731259,0.7206861034019862
1.2588120023652936,1.189966231831383,-0.8208815401956548
-0.292330876634073,0.9815523297033015,-0.04126078866831723
2.640185226949179,0.5123928662317211,1.2675480259141483
-1.5111857719198287,1.3613710000257981,0.7156315648936243
0.37695785233631723,-1.133737336767761,0.8659027903341859
0.9588095930254742,-1.205283903958061,-0.2519723045371476
-0.35178973097882027,-0.8087067927427611,0.34298917628091996
-0.4065949026828941,-0.02263739820110383,-0.020059217590458908
0.7472295509571145,-1.2779751838805786,-2.676386024083277
-1.1540789023580806,-0.6239825419739967,-1.0497165289529307
-0.37347193155813035,0.7042689219942627,-1.3900756546463053
1.1537980037044242,-0.7927631466285803,-1.0184312458649047
0.4147012587481811,0.3996883934442475,-0.276225232946367
0.44812386242432056,-0.6052167042930736,-0.023198958689960403
-1.227622464868779,-0.7900770680729802,-1.9190673301734027
0.023926525076652567,1.1106324831123262,-0.09597833565182835
-1.2287261261927511,-1.5199276547463452,0.3813021320933359
0.6291091880509894,-0.9685911057610306,-0.5502440477407037
-0.15296231610525685,0.5298099940822992,-0.0070256906578504
-1.4769099423838923,-0.8213035935639234,3.5983002803761432
0.922578633341812,-1.8666349653616594,-1.170704286740836
0.9567786227110014,1.1274107188455746,-0.434733603976837
-0.6638314023299585,-0.2532884431573963,-1.5731314203641085
-1.1448605079935765,-0.14556852563982126,0.2134720597095323
0.08102187332815028,0.059151925157531496,-0.9892582885346429
-2.8959862218684598,2.651197482143835,-1.042941073108436
0.7600268634974217,0.4373570839091072,-0.6932466712102122
-0.012097345674935644,1.9126519395500994,-0.6863446695911686
0.7925723630480676,-0.30321398707509195,-0.18471314871798084
0.03730221109142401,-0.46595119130612406,0.7656593537319227
-0.7110525828942016,2.5216400113016535,-0.6107666288585748
-1.1238579786283736,-2.636472429175539,-1.4037695757675301
-0.7628718249585156,1.6465815463631726,1.6096211283599338
-0.8282516604688126,2.1622933200194403,0.16212263652831782
-0.5675846513632916,1.0474577666061962,-1.7107376196818351
0.3747137366381368,-0.45834333578112774,0.5096937281049093
-0.8619616591232728,0.7301511141718938,-0.29598626044071497
-0.5324688208956418,-0.019563205581331067,1.0533439725648375
-3.027837366726574,0.48641652928808354,1.952286018458487
-1.100931745232882,0.06206014326129056,-2.020257461788432
2.5773208831823,-0.45678595683351625,0.6318684014750133
0.0812944510262682,-0.09988898371468677,0.04329293901582072
0.307574217200422,-2.947963077542863,-1.5765805453067872
1.536059675477594,0.5292466767975464,-1.001902407794894
2.2497627863556815,0.919562437833799,0.06448805114936978
-0.49814301213987544,2.7481373034401777,-2.513828148900411
-0.6858549606033125,-0.4593943859205185,-1.9819074479348595
0.21992679538047977,0.10772379225428136,1.1001018847819826
1.472998607413419,-1.4664403836725532,-0.44515404665440944
-0.2188459379969581,1.408371315079066,-0.06846892651989499
-0.24258997531187884,0.5269023233750292,-1.6557651934051352
-0.3053596930438295,0.004782906162679512,-0.40802968903181214
-0.803058558550913,0.6914849290185242,-2.1700967600966843
-0.6868981156448047,1.8458799456814297,-0.9766430577868455
-0.4854163104264423,-0.7030108140275589,-4.468901229350586
1.5737731472856233,2.519124716860601,0.22906812927303558
-0.6984696129187391,2.9619025142790787,1.4772920996869756
-0.5763482536092417,-0.06669043271055047,1.0515139616981293
1.9727997652750557,2.3992424420784553,-0.41680185988759355
-0.34281012960192464,-2.3692731829798563,-0.07491070121531934
-1.4913201215622622,-0.0708233101614627,3.2620370174950004
-4.767338526801554,2.1372667073932443,-5.203044232630218
1.5095896192864589,2.55967670246561,0.1924247420572442
0.6184837225315196,0.08673131060808595,-0.5299918478504879
-0.15265737412419494,-0.48452330257474285,0.7861994702022471
0.16335785658941981,1.13893996362106,0.6427174419533261
1.9296122847167068,-0.4738561344502912,0.9330967415136536
2.958621848927982,-0.9548161467819362,-1.4545592611499398
-0.4236858747441787,-0.3932018017292143,0.8011975570095952
-1.635731959306557,-1.1148293797529316,0.4317319497952691
0.33716897101901955,0.4061530088124928,-0.10194769078577774
-1.223804231894799,-1.384774924138737,-0.025281326887779093
0.4917733327170358,1.390274688370046,-2.1008118671985
-0.3226322908806778,-2.6537307864783926,-0.5098997370243181
-1.5953665954061824,0.40464490870837705,-1.124571700011095
0.03199494057360436,-0.42245457039926876,0.6819773360971608
0.05068909887762045,0.06677432573951791,0.08720057925112275
0.4413014684877672,-0.3347258973757664,0.5126756971022643
1.684333074518123,-0.403843029895375,-0.4507633879861067
1.2089853542695155,0.5940637325885587,-0.8211149964609961
-0.3719128149311173,-0.5381896964625705,0.5933951075604084
0.5535034194886289,0.44003418641498543,0.9540952199701885
0.8084000538469935,0.06245264719565005,-1.1960965669611308
2.2398652360711053,2.089932214161439,0.6098636007759286
1.0377547698386265,-1.6340236824724759,1.3723504066918077
-0.6896959776944867,2.3558864945919495,1.6990794664716868
-1.9678771328396452,0.9586269711116142,1.2494012666536556
0.1812994216546813,-0.05219808644521208,-0.32418942784571825
-1.8293546829283218,0.7798892340228829,-3.731651411491727
-4.027819605957486,-2.06305980981009,-1.6548699379924892
3.6589223515714147,1.3011499028205455,-0.549842695664881
-0.47173722508652804,2.90820911261455,1.5584146165371884
0.2009236810635416,1.1151460742345642,0.9409002260878657
-0.2814775539777188,-1.2400774649991932,-1.765883438941495
0.8960268261641693,0.6827806810502871,-1.0051932215111041
-0.33554477693106033,0.2505027834822486,0.3357038795733537
0.6693933317179079,-0.9704860356944419,-1.191675749557972
-0.374391008228956,0.27971323866778475,-0.5860644807634154
-0.11635798661649446,0.9189578136629044,0.17220589393362926
-0.4093583210433782,1.9736280878048635,-0.04396941433492085
1.1102652664204948,-1.381485929557186,-0.08581560394323118
1.5752244058088194,0.11118451296698328,0.7998093461448117
-2.5737407260164282,-0.7870912561523479,-2.090578043793077
-1.1497589137288657,1.4025183077260621,2.1827178566809553
0.10733488534387121,0.9113505111209016,-0.048010030487251
-3.2191206069921994,-0.8130752034214375,-2.8577092813809606
0.31920928571800505,-0.1433509669218571,-0.0793228808549489
-2.1096392402656,0.09221885748014805,1.1412300335198804
0.7823638985764695,-0.0733520343608948,-0.05031482935875981
-2.1780047740022983,-1.3541734142472734,-1.2151376592212026
0.024975051092687522,0.15340680059426248,-0.2669716311825233
1.4295506734880306,0.614738687498442,0.7233155126263254
-3.0286370712285793,4.590316053802775,0.35121392099622717
0.2351074518871451,1.1505610759567861,-1.0472302293521594
1.7762087025570075,1.8036185601516117,-0.139080633151222
-0.3570086998920103,-0.9176649991122066,3.5635393259569823
1.1429770899527296,-0.411805221656159,-1.843348195524556
0.08479021919496726,-0.749075572155269,-0.3773987366381165
1.7371575472897345,-0.421698786886023,1.4741395210985513
0.7946161628196765,-0.2542694458611699,2.1048377521766257
1.3199694887412021,-0.10870511555580745,1.2500034120818506
-1.590132707618503,-0.4624843293508545,1.092840789889121
0.14413984002608962,0.9281080587890529,1.8334638534706125
1.9413388050888642,-0.15988574975895728,0.16304599755558252
0.41417334005820106,0.41238821982754514,1.03781860584657
-0.47243418342797894,-0.41271512505462576,1.4448020462593547
1.6051866887616781,0.4670517366165886,-1.7752469494098295
-0.3771379389022177,-1.2213081925685194,-0.7971435299438494
-0.9617893567199465,0.14467193294247632,0.12393497042980683
-0.024260749733325676,1.3375722071525216,-1.5306653894047124
-0.19649370222024093,1.6388473121955904,0.192513370055574
-0.47437370370437804,0.8528901570626453,-1.2602050485992469
2.890557540097726,-0.39896885558751216,1.8721221235861054
-1.8635703032883157,-0.1975763995526624,-0.6968883187670728
-1.1870893869457977,1.4096130008269543,-0.29411334673301825
0.8232603181791368,1.2985779251852647,-0.6965101513633123
-0.22703073319107592,-0.0211112114303863,-0.24220261157360456
-0.17079599745264618,-0.41017536024817314,0.14618734620011065
-0.5010300596785503,0.108912082058473,0.3104338740642582
-1.1771156242291403,-2.1110584521905444,-1.7877034248485293
-0.048912993013150274,-0.04101394072250941,0.6186060431529771
0.756641326417809,2.842715026847016,0.9256219466627214
-0.5702629328160124,-0.647406287555744,-1.2434546738927197
-0.2659486495917991,1.514516125840857,-1.393814188730194
-0.4386329529188808,0.8428886370071376,-0.6001087022234155
-0.25033952481558,0.07068224631504932,0.7798689099754986
1.5535209459203299,-2.039304638345264,-2.5947097586002457
0.25001798869099406,1.0469985935463355,0.13888149461173566
-1.9031560565591552,1.1300475883879249,-1.7725353657155702
-2.3445060360056478,0.5679862239417309,-0.7647333503509911
-0.18484856454172363,-0.2337801636150097,-0.11167737364899555
0.7322806865714269,0.0018301079334877308,-0.3205216930510457
1.4980292752969857,0.492328185743404,1.094812690606315
-2.2072215232701105,1.375995033883477,-1.0986816089870095
2.041025000876547,0.13327606624976024,-2.170292482478184
0.381150777899012,0.42790134474531843,0.5124746390045236
0.9463088744029768,0.3735002163925199,2.716124649396074
1.196725849213955,0.5660197645639241,0.628907639511475
-1.4215646761236589,0.06152351169626333,-0.3969467614439984
0.1635047321372285,1.164555211446407,-0.6596572890166394
1.3788022100357467,0.11861286204945698,0.9987219915740451
-0.37820964666567136,-0.7285248599239,-0.5937523687754137
1.4684308538655415,0.45223195807131406,-0.4042498574843392
0.9082451479224641,-2.3374141895144342,2.2203124722171736
0.04395510860111455,0.1319018419570876,0.48122914793756594
-0.6801033026490528,1.4018162373914378,1.6756600618087554
-1.0226521220337572,-0.05386884234463252,1.7109688299308439
0.11389001816219935,-1.9750719365079628,-1.326705482740901
1.4101221119987035,2.6559167749993935,-1.2775171116917114
0.39586334192007633,-2.345614694694269,-1.0413979547289625
0.04572602626973876,0.017226660439565195,0.17117610298034702
1.0497288070188997,-1.77504882204335,0.3777342692659342
-0.8202607503951663,1.1911588354866138,1.831284452190928
1.0622332237314116,-2.2738963969269874,0.4328180526299168
-0.5731158325096062,-0.8062225689424547,-0.2355767177611301
-0.6525333406950289,-0.7688670271418323,-0.5396196960398627
4.369713698587824,1.3597722301753834,0.49414394338126755
-1.6908695901510746,1.3401876520376759,-1.8938163957173557
-0.2599061438389032,0.24251024987446612,0.3491866917556746
2.609968583042854,-1.9834703705704395,-0.8524397964029216
0.5925387870671517,2.260270392173385,-2.944080040609339
-1.8638292417409328,0.9739004309491803,0.18482139161715525
-2.5814969203964435,0.9427379811597569,3.728702953257535
1.1924344671348086,-1.2644484870803185,1.1714228213045925
-1.2581972903768694,-2.3463208074431163,3.0822778439850103
-4.765882516898879,0.34535074676159216,0.8348964229527578
-0.03515967028012505,-0.16728987826771965,0.8027621854904108
-0.08428048211933331,-0.40196771161770606,-0.028634365371509762
-0.17856072028317982,1.191676622282369,-3.563953926506236
0.5529122057355945,-1.2187943698709793,-3.803482357492055
-2.0918384122248392,-1.6375758785556187,0.5742729179601409
1.3429074291619618,0.15691659191725515,0.15592885480059893
1.2705353312028758,-0.11862550385775229,-1.7189508119782477
-1.308838936716508,0.340345476266862,-0.4976138989878065
0.05643649543912255,-0.042169026148553196,-0.4475256307050053
-1.591581918088465,-1.9656704009182437,0.2253983915801786
0.7238918778313397,-0.0014252931476378301,1.5224543954765837
1.1158035435386389,0.23254131069822612,-1.0583686069486848
0.8843831313671683,0.5362757490236778,0.3282103304125211
-1.2234180892041564,0.2668166934728512,-0.47826525464094916
0.7513406265308613,2.2635679533099338,-0.2906472136150223
-0.02730453618606074,-0.30581299235629056,-0.16309425132824273
-0.35505460633719205,-0.06814291454108093,0.5066301456315592
-0.4399599041888616,-0.2604359850920141,0.8892718096352178
2.313881355008186,0.945433615268804,1.7593282803680537
0.05354180023579197,-0.680696599353577,-0.4287434006748543
-1.466260991048395,0.7339187680041179,0.08894878807790463
-0.8361790582290917,-0.5363118329716963,0.18183046275817988
-0.35800698000086095,-0.8667230771930674,-0.27013906458986753
2.1375532894025553,-1.7517087901806776,0.5349071014559544
2.0400484823907576,1.1243648498745942,-0.17745769862411254
-0.11767332770675556,2.208400781609717,-2.5877914145451815
0.22591686909948056,0.12659840307966147,0.8128930137708162
-0.034862011797962916,-2.9954532470803814,-0.2391707052630229
0.3382644183235811,-2.3929709117083187,-2.308142959527636
0.6183900962457908,-1.4866454433501581,-0.034666443919495235
0.4397603888400524,-0.0025530336649131,0.1253535498569737
0.6867596397616074,-0.24741402239377885,0.49565357295324547
-0.15525219334110119,0.7040932611193934,-0.9762386060049026
1.4849103646302617,-2.412424431110755,1.064532878296247
-5.5859203968372615,-1.1039755858638003,5.028009125691784
-0.4829035987529596,-1.2781061283203066,1.1736631402754898
0.47570307418489277,0.09882520345311892,0.20387211411869616
-0.014752018407809375,0.017488929148294863,-1.3155380348230403
0.8802091894860441,0.5089052528570495,0.8038651827049278
-1.280828707547822,-1.1497541082069926,-0.23801418680052383
-0.8091651358777738,0.6285471797775108,1.707253220202177
-1.4633528652074868,-1.3688213331997834,-1.1878927901289662
0.048896648558271714,-0.08193069119961516,0.016109367749323172
-0.9113788148227452,3.4916214184864414,-3.8829403233610154
-0.6774230693834639,-0.11030821174159017,0.9273722093642611
0.22055983599709042,1.1409452631748915,0.8526331346121417
-0.7327956319570821,1.572603292362124,-0.7991891812553847
0.44095683833255334,-0.4698605973205617,0.6388331379604371
-0.8822674513893706,2.196481007772202,-0.24826270901298542
-0.9225142055044444,-0.49165986813728146,-0.35162015662651896
-1.428767985247243,-0.3620755062785501,-3.425183016224084
-3.4963977925940437,-2.110454130386575,-0.0902090452182317
-0.35586053801274586,-0.3594153449921172,0.45517741625285246
-0.3276044055847848,0.8337048721621695,-1.250359763678158
-2.2475282473870255,-1.0009116159694202,0.23153009889358334
0.28034979674836014,-0.0052293219675012236,0.20333829987700824
0.8480636522323712,0.5866036989628297,0.48397233154717423
-3.2920703385859915,0.43555371156520906,-1.111344598649233
0.027463496747876875,-0.12337535526872576,-0.3678350965694063
0.9822314014656354,0.5312630871396444,2.5502091428953713
0.35484358735614663,0.001841621298371697,0.28372135508756446
1.713224811208691,-0.9168647007447529,2.1645643005392334
-2.5247733333588185,-2.0022630746568844,-0.09383559511611529
-1.9503127112956646,0.31644463900262276,-0.3307827557630034
-1.6977584727399155,0.2774203432410777,-0.5137818213267629
1.37119838943554,0.6433434433600325,0.44996882391997167
-0.9106669884391108,0.294780552791838,0.4688059947105585
0.08333463048407572,0.825578921786825,0.005810731598020147
-0.2499340968697937,0.7031880131070362,-0.37890523752964356
-0.1370189641726296,0.3760831260978209,-0.1518603488719303
0.20292721379441334,0.4944056836037026,0.6445894204743865
-0.30435728021079805,-1.7589004810744995,-0.692313961849812
-0.09989260766600776,-0.21408245469405335,0.09901058565236252
0.0359684864328145,-0.02765379417961991,-0.028336826522850522
-0.7006511407517236,-0.9145446572155125,0.2182274844823154
0.5273035041433096,-0.059462837277733716,-0.18200566347631847
-0.10047957080765846,2.148847326800974,0.7057760823223912
0.2144817432640324,1.4229103859118872,0.235556380172174
0.17151925498890103,-0.6184032586697333,-1.6340287211545443
-0.2049481849132533,-0.5438548999755543,-0.23081375254396072
1.2568114550352978,-0.7630515512976486,-0.6816006167895607
0.16688247450321161,1.8174149585604082,-0.5818786705455167
-0.2874389378143676,0.5182061012673276,-0.3760217678074469
3.228608602932493,0.44245880629196577,-1.3028981036482397
-0.7906315433632043,0.284960730972302,0.3511236145444164
0.7917021724868494,-0.2710223031056549,-0.3939088423028513
1.0200380019025204,1.9595170310287309,-0.6821466319366698
0.9123862852041292,0.6362107743641561,1.2813942106272458
2.556537883324117,-1.52223993065959,0.5391852943357778
-0.32855527291334874,1.176581229995826,-1.154617317209265
-0.14045527095042454,0.016436221316467436,0.3929481974067362
-1.8835525908709128,-1.575373524054505,1.0530355985357245
-2.5473607192071763,-1.6918602014886313,-2.2348566825873717
1.3718794887283252,-0.07216978211937267,-0.1594164367976625
-1.49205823610838,1.025291914497464,2.297142268746178
-0.9506915193782761,0.4724124508951502,0.7051451064099519
-0.10631992360526063,-0.3635777660029827,-0.7856868929238934
-0.8088177717271208,-1.5278109043057897,0.9915016293425127
0.4306114093112451,0.4278385145389447,0.6610572694730001
1.4002936508606316,0.010907361075393585,0.4623772358730265
0.7322188882785959,-0.7801601189906388,-0.7171119957388102
-1.5770600357993527,0.37276848748998914,-0.22484081589993835
1.5180910886817176,0.10700013580413648,-1.3821983892779772
0.6995402932762766,-1.1935464754901424,2.802295564895596
-0.648856303990546,2.2258657679192333,-1.4231962885559797
0.31941789160418027,0.353996458886032,-0.9441329688484345
0.04303251606919112,2.1696917889816167,-0.5287242937316449
-0.08693854888411615,-0.34300215769175496,-0.2473517280454424
-0.7323277293373971,-1.523486733377065,1.1463908636212885
-4.248255781446257,-0.1605345852259733,-1.7546611454652092
-0.9797511142725482,0.8275077287826137,3.273057989890134
0.16288277571944398,0.13906529973661486,-0.7394394389163633
0.7558381814522247,0.5621617086727124,-0.08300047235443542
2.310108566747819,1.848333943935858,-0.4138254797802554
0.22044093769592493,0.11149680375348675,0.3592935087002166
0.6237538744303525,0.3064276974871243,0.024837789850864225
-0.3757314900436217,-0.22238586766062018,-0.03378947543667605
0.604692374169438,0.7071004384475633,-1.6780135483996959
-2.214948081718461,1.1144217051236012,0.42958965607257343
-1.6702508302362584,-2.124790255025495,0.824750324037604
0.19276544129661355,1.1367517083718097,-1.10776968755893
-1.671237702211013,-1.0112154470280357,-0.3269773051125551
1.0697530846153995,1.0018667185002206,-0.02438286001194112
-0.6524663683115971,-1.6784014419607332,-0.9495879066448962
-1.26851987049529,-0.09299809078461756,-0.11626732836504161
0.39016288194574517,-0.5844726218724595,1.127924230762368
-0.31927622688606355,-0.9360589885686663,3.5021851523685172
-0.5217124285282453,0.8218629845462706,-0.9519096264194528
-0.10930039814737255,0.11685641388729168,0.19295913782693702
-3.321884345281952,1.0430211151687827,1.2029730322115955
0.331475995623114,0.4775533035617398,0.29418375328287516
-0.4005089400115704,0.4958078467742124,0.743860052470452
-0.9452316514107723,-0.9536766529062761,-0.4552121630184205
-1.216507358400129,-0.8660166711938169,0.05305227781660571
-0.009046098185346184,2.422127789770153,-0.768422163376193
-1.0729994899981325,0.5593874819607723,-1.6371592152155197
0.12569735026115442,0.7305504275449152,-0.07402216798071598
-1.2447786315182015,1.2435272284527459,2.188141420205711
-0.16045715711191438,-2.786830130087106,0.7333245075502619
-0.39230240947058004,-0.39444757871761005,1.7440843024957646
0.3591185966103556,0.1700434445638246,-0.17493047177035237
0.004988567952279005,0.04233824708259408,1.4860844522894765
-0.8612713213981601,2.00212417243495,-1.4899355238589573
1.279401315619655,1.1543447186321316,-0.15809786153913663
-0.06534941199505537,0.20173562820041843,0.03946557145271527
-0.4064422062880262,-0.42034461714379556,-0.7667908674718371
0.03454635813818414,0.32166333463901964,-0.5637366937568583
0.5824139468487858,-0.11872582657935678,1.6861748135458652
-0.367598109087771,0.29822275125135483,-1.0929994201408844
-0.0047747525603331,0.1699843538947509,0.1541010071380127
0.11084434672974575,0.8070333577074389,-0.2523643604996627
-0.49827573805573727,0.3510775019604087,0.44997996055076905
-0.5281770918925989,1.9179826695241133,-1.4675585957147967
0.44254265850670704,1.8588558105596453,-0.8949232564254417
0.6761975253360625,0.7514716498087868,-0.4811824889052849
0.1626690865058751,-0.46588303758856126,-0.860171866611708
-2.182069861564479,-1.8847839355044216,-1.3527179362770547
-2.5032518020958827,1.400222889573942,7.826364024321006
-0.7254209855951039,-0.7567885732386499,0.18127493241761033
-1.7923957745707881,0.9967218370840942,-0.4711965036508055
1.5658658865504527,0.07909519710721274,3.810070610830139
1.788734735554844,-1.741219842213049,1.3523448310292352
-2.1113850891381523,-2.115699682611891,0.34958940768817715
0.07063170710598843,-1.7312116906323498,0.9962665335061098
-4.090068103109872,0.15076679374061247,-1.0273692412622937
-0.3015858127072403,0.46250576497106743,-0.22335881744444566
-2.2377102293898714,1.5439849113812405,-1.226648803012132
0.4867519079242243,-1.612347833408381,0.3162652154476549
-0.017848173190826835,-0.12484776722114473,-0.2859170559330396
-0.7360167471485295,-0.3472339736777796,1.4512400311501454
-0.5609414909361418,-0.21543393417673823,-0.35468768264149253
-0.7210444206507396,-0.3645786774748186,-0.8635200396599668
0.07790910867508506,-0.0475261338819063,-0.3599770319455564
3.9621171926331535,2.1459826507472695,-0.9263559681399088
2.3378477208030177,-0.9106252722807373,0.41294645791504836
0.4832845736585622,-0.7575132255892062,-1.4037300046102417
2.1322146030786895,1.0389370591867784,0.10879288636549539
-1.2541032216738355,4.399170716854119,-0.9989893488432564
2.2794182223808894,-0.9608349730439352,0.7357356646568649
0.33953456154002526,-0.2676131562178171,0.10225345462707616
3.3805859963333944,4.143808751208207,3.1791618833241673
-1.0900888507188697,-2.7932010392075806,0.1552576548768792
1.070319704562351,-2.1888471929237534,-2.0617692836192534
-0.6038382938806464,0.8754215762709402,0.47611506293609557
-0.7325306393397691,-0.6796270723836124,-0.505648336251526
2.6417976513439525,-2.5548890819120653,-1.4888200938415506
0.7994886885560435,-0.25540358635484656,0.5733155440855501
-0.4326664867876245,0.11782445695827033,0.1742603079915634
-0.020203662808400406,-0.40373000297885153,0.15221158985922723
-0.818018457924098,-0.07006299697954847,0.021450090281921616
-0.036188251142407535,0.4955715556664547,1.033057701985046
1.1205745023533016,0.720690244757989,1.4903406857047248
0.2503142149374096,-0.12566130327880626,0.7069369949249255
1.2185897591388541,1.5454400048534644,-0.8701881219496617
1.066625773117791,-0.2635046706768006,-0.2752099892560701
1.3933189211459736,-0.3313308314818852,0.0643635146213069
-0.317197362587627,0.28254388038505335,-0.10477024373453975
1.7465513042537957,-2.336777734235904,0.11855363614650866
-0.5105364653470057,-0.8749777896760489,-0.3566310442644128
0.9337060496844907,-0.42729724153609805,3.3714663206556557
-0.5601561095147651,2.794394198326237,2.1689273452102764
0.5769780055214713,0.06545109966092381,0.039010588651631706
2.1186034802901097,1.2639044913066009,-0.353936660792713
1.2743644703914043,-0.7383359224808828,0.23135130814909594
-0.7528822869891986,2.885776860016287,-0.4907852895412542
-2.691160432678708,-3.535580143494498,1.5355313148480358
-0.08625941938709294,0.024949936838282782,-0.35018370021689205
-2.054168700336555,0.3315143564377681,-0.2418429830252251
-0.5254877919386857,-2.054821400431403,2.9379189668403543
1.1436806726791136,0.05898212520759911,0.5213443514477457
-0.8760310707531141,-0.023300135175053797,0.7028686543108387
-1.6418962098050485,3.549174201638603,0.0553586500271214
-0.5564581059585201,0.6429249353158828,1.1020881276628234
-0.7705333550341379,-1.1593387486495186,-0.6825462148070786
-0.9331328975655476,1.5412898759247329,-5.408106405430155
-1.593987540118399,-1.119745444566911,0.9837663893985237
0.1034795073689063,-1.3282209471320028,0.9992287467401675
-0.6932116565430304,-0.15180932506458789,0.11725819364653373
0.3619094356212777,0.11707786273977702,0.8183152734166625
0.991550379627462,2.005989498036222,0.9103277655905475
2.3603721916146334,-2.5614813428874226,-0.24884356327005597
-0.5924736923043974,0.36857215206619715,-0.05690897669990409
-1.6174270616345625,-0.9976974826701578,-1.4676099728893528
-1.1846618134787765,-2.3504346267553555,0.7791928039636429
-2.1741941852288402,0.962351973669766,-0.39920954046289403
-0.5967694806782387,-0.467018376093022,-0.4147491826227886
0.4479649299924431,0.9062802609277099,0.05567648998360322
1.2312818980009759,1.4171098253720187,-1.3151761010542782
-0.09073401988289559,-0.09158779412668383,0.41677937111358454
-1.004421077599921,-0.8886376679634788,2.4350163134129534
4.140224979056929,2.6597449307161507,1.015626300797515
-0.42346011455119953,-0.3565359697643088,1.0162428233516887
-2.78225906067084,-0.6365308657788039,-3.103514754224145
1.717364378468015,-0.43037347625292455,0.08430392496599462
0.5088209098111103,-0.13241430972528997,0.4192955921849657
-0.8627328441959196,-0.7907998470386921,-1.174788806723459
-0.16853041194123172,-0.5713775525911502,-1.26240073115432
-0.7249819343310545,-0.09041071005210163,0.037655062767408
-0.1456503111987631,-0.45995501421072915,-1.6059684263107747
-0.011734538200490904,-0.15787180783024699,0.29854715204383875
0.8517121514341016,0.5285380177206245,0.46327428469285903
-0.5807496559330593,1.583647155303869,5.026856693218461
-0.03252978468507517,2.324852185421081,1.1081731894985534
-0.823264295837101,0.9039133223312779,-0.8515000034984569
1.1172979974862567,2.0264361263383055,1.64310771659349
-0.9524359650743477,0.15958846920349334,2.277847114984565
-2.3387986843611186,1.3187943245842957,2.1147613761240343
0.4453139148733468,0.4115990243138149,0.03150935329546689
-4.073670556980822,-2.335318715320933,-1.2547511018332163
0.7639428286510809,0.8166611976438691,4.537619354740777
0.4100316765490642,0.2262122592014128,-0.5299200485149334
-0.2763766161392007,1.226752127080395,-0.5280052308778077
-1.149760238111122,-2.615905186628524,3.449082735835611
0.11213201559627825,0.26794069998568,-0.10549001787868378
-0.019683228366583455,0.3263907773394715,-0.47669978110018174
-2.6363741971688643,0.6305008187331451,0.9168334430618051
-1.2192808028264759,0.5900701813168818,-1.5972334713773204
-0.7069466372867856,-0.1931361911106375,-0.208451017138332
-0.7708815072074657,0.9397581854193329,0.6455947188640309
1.6836955009780967,2.041692399961135,-0.08893710255445075
-0.10100441600097863,-1.4445801623398515,-3.7559403390921235
-2.0324182688080925,-0.7689946571848308,2.07780249919961
-1.6915362717407465,-0.7969338090342298,-0.08207278466612672
0.6618455569635526,0.9494643571251451,1.6895209637830222
-1.9669018991035485,0.050161888751402844,-0.12395350931376353
0.5457024166489163,1.8179843103649287,1.7518714547966048
-2.2141353188238995,0.15647953280284488,1.5125681452345159
-1.5368798311803067,-1.9785833292724218,1.8960563506165333
-2.460832026753911,-8.368152518577359,-1.9029991440992562
4.352248305469968,4.213603077550373,-3.518037481122376
0.5281549598016497,-0.714843013675801,-0.2689473897219868
1.6411287730621757,-2.5427781994486436,-1.73635412266222
-0.7186202915008397,-0.7438719997252129,0.22985304613513702
0.8957403555878726,0.629067767260247,-1.3588821707772603
-0.34253323164724186,0.0664264843044568,0.6334920575606086
1.6750619501141168,-6.266071006088439,1.954681163203674
-0.5042879220414767,0.18205849930603515,1.5079308737926798
2.03690004639831,1.6606114216194567,0.7580537215210993
2.023743213639435,-2.1136472892505958,2.406860793110589
0.418207555307493,-0.7442536359863124,0.47175093618895164
1.4651400908787724,2.648812292198056,1.459644776198775
-1.5943831151117123,0.2723966855202138,-1.1209799902150233
0.3375069277413664,0.3229910904462989,-0.16921860248994347
-0.410359159508415,0.9903896802695606,0.0170876659049648
0.6836856788501003,1.273076358929455,-1.0424470370744565
0.7711945751070481,-1.772629952116702,2.1642876159945907
0.34078984060565254,0.6785883487177953,0.3428767347830875
-1.5108769378040392,2.2216460606190487,-1.8990779812667697
0.3408006074010216,0.10587017391635081,-1.7465707628217049
-0.4947553383419341,-0.9875291949435642,1.5647492285889992
0.2717246656638986,-1.125661534251151,1.0467251766571464
0.11234420881554004,0.11211085050766667,0.38938326553177177
0.24707949646515345,0.38808917518561736,-0.4262752163628699
-0.5201507837993019,-0.6389845479497533,1.312557470990458
-0.44258530816828656,-1.6710243484081677,0.9286097155158153
0.28485000701953606,-3.3224841042379305,3.053589053242254
0.08155897147122343,-0.1071041679036864,-0.051558015987771655
0.11253575981933259,-0.04046915634624619,-0.1767645207261918
0.1009229682919945,0.022311949424526197,0.1912129978162414
-0.18223053301480502,0.2048830532983072,0.016774409288093067
-0.27840608788856347,-0.6326555316393512,0.048843972326171235
0.0238949052136459,0.0700818923276599,0.38768110058274785
-1.9153045541487184,1.0224831458646175,2.700081134867673
0.5080181680454693,0.36185092534580954,0.044779271437760865
1.6214409800151088,0.14289539278490582,-2.340304944530142
-0.47528464803470416,-0.6150664761903104,-0.31207464534088436
0.17571954487661176,0.3278061884827299,0.1561524928805933
2.8156197009945982,-1.7542199598371955,1.261433102631545
-0.2284951679852374,1.6502205268783752,-0.7494048310836874
2.9484224546093687,4.820095408454593,1.9887763883569827
0.46904858090958224,0.17394317196011447,0.2004066190192348
0.532152041744102,-0.748232828778231,0.5216941436318139
0.35459628980163954,0.2082657216851907,-0.04713618571505407
0.1926107861780061,-0.7711433818891015,0.06344941945333009
-0.7373183832850448,0.30183172392330687,1.080175370424605
0.5273362350513421,-0.8704512680040474,0.8239692531144135
0.45076806633229366,1.000087821854982,-0.332036181226254
-0.12921533549187283,0.3464261044157092,0.14253355585707397
-1.0210988733432929,1.05487031222064,1.2551429819910673
-0.7608156133144008,-1.0260814276908303,-0.0864580978638545
-0.022862255551845873,0.46974379972660074,-1.9532142032835622
-0.8308419789676993,-0.12882147331723137,-0.5515359503288237
0.03873667249435497,1.144429891680252,0.18565533134415224
0.8816100027989744,-1.1211355848945739,-0.4303131295650402
1.5648977906553514,-0.7768909800916503,2.1026211061849125
-0.6095913091502101,0.19567897521246325,-0.23003905255468804
-0.29773869305849654,0.05609835296729452,-0.3344453548370191
-1.6790166937955433,-2.1373901699722286,-2.596729149935239
-0.16793129034527082,-0.00893325226919972,0.15777302400993068
-0.2046644378484741,-1.0377882071509563,2.034939468674077
3.364167237698368,-1.59809997630857,2.6614586240771305
0.313906072268809,0.5306070062812228,-1.4070134636531522
-1.522118463780224,1.0475710421408126,-1.344569546809954
0.24948479328119857,-0.1372537270409572,0.07020380465312209
-1.0019564086721133,3.010822582816765,2.1038171515359703
1.7426499049811002,2.4362691242651158,-4.164493549084982
1.5995166868424961,1.5465171009611853,1.047763863669733
0.28517377964725266,0.35441880020791033,0.2128317064439531
2.4240295298457624,1.5192724467591803,-3.942563316570281
-0.3189571344478252,0.40888029444938795,-0.921881707829316
-1.1629416812728741,1.782367330127733,1.6467716184291001
-0.7225318666445258,3.8055377072278094,3.732854743398728
0.48945441701257497,2.386054701955427,0.7449745098584527
-0.5824616443297395,1.7930041616550534,-0.4664027779042519
0.385432252925485,0.3237046493531067,1.1510533009732211
0.3019862097737234,-2.74595314046837,-1.4269934402619007
-0.6695708200628314,-1.5787739164909773,0.899806376467269
0.0014631506889343782,0.031014454066623443,0.015135930580714468
0.321143829473983,-0.018448976060635,0.0047632471898462
0.2186089533518203,1.917902854049093,-4.835630367820399
0.02535658221950232,0.6831855107547057,0.37883490974331446
-0.8163930742758517,-0.2730523017661969,-2.170971552025741
-2.9675844062798973,1.0197140713038548,-0.1959242368932751
0.2161699710698794,2.763180148926442,0.6276650413070924
-1.4120623038282805,-0.37137934695476943,-1.588765562309409
0.8277393183251005,1.8836864588775206,0.3379545776042146
-1.2595154375879714,0.8930356570519101,-0.07095084683259151
-1.3053622471704742,-0.39609685634280856,0.15044493030255146
-1.0036077617857593,2.0940166827195363,0.16396092046726407
0.4411323876277193,0.8922494139410813,0.12127355399086132
-1.3084833340890154,-1.6288753940297238,-0.8779338157361574
-0.49288224178762624,0.6045002554336045,0.026191014858036155
-0.2452171095894379,0.42340546866083034,-0.5039655564306249
-0.5426142852066994,-1.2195454355627386,-2.398490711141074
1.2295832699152245,-2.1506863592351695,-2.862800711156148
-0.2081298458555046,2.826092846531909,-1.512804585273435
1.3150678481643656,1.8677385025505318,-1.1183585296991783
-1.5833984791267683,2.816962282983725,-0.5218853027982283
0.5094213681634141,-0.46747563869806996,0.8145937803773181
-0.19035063470629915,-0.035518454287871426,0.3253571313895927
-1.296613420064595,-1.0826332307816653,-0.23113375761407012
-0.6128612057238305,-2.0799782321170803,0.8876814977305284
3.1685163465737913,-2.29432621880195,-0.23558402117113342
0.595108795949373,0.10918667444883612,0.6141002080169979
2.0472194244228925,-2.29795578195376,-3.648854669912194
-0.6568236701777037,1.0037864370094964,0.22658855856928417
-2.096979236800018,-2.6592381908331966,0.37013112812534094
-2.5310895171742045,0.6022900844700281,-1.8934086091961535
0.6309331578606875,-0.0462675920558749,0.160315083701271
1.6652268181853784,-0.6232308373931374,1.1017551211246635
0.32571454463783833,-1.5869988040286656,-2.047353299310964
-2.8805830192095008,2.98461776309718,0.14214029905213577
-1.1972717198576213,1.3645422615332785,0.5792059216199713
-1.236219278405907,0.5717966354592302,-0.5864361745714212
-0.13824721966815368,-1.8234224914547597,-2.197479953747722
-1.4782153616247122,-0.985151960371435,-0.964078079650593
0.5181759977291167,-0.8319591835037247,-0.5431510411034428
-1.321286983354739,2.025578362404844,-0.3477098618726445
-0.08517282730041992,-0.19465865538142577,0.219446672337841
0.20009913599506032,-0.6185699447787167,1.985444424881988
0.7309256188952941,-0.1830073990822278,-0.292192125220833
-0.7712636860578798,0.023845489865909814,-0.2557173786833228
-0.4536222126816908,0.45725961424614503,1.488363228792445
-0.43547171149258523,0.717298924086544,-0.6379345527951132
2.0123715062371987,2.8691044577759306,0.027365878795515497
2.2715246302893943,-0.7355728278695719,1.5949982587061384
1.098518279033055,0.12532058383532063,0.6396261421301448
-0.42869915422331467,-0.16448180170938945,-0.685956453100069
0.0954415111771267,-1.7195055980954126,-0.84164955845771
-0.7482594826355322,-0.1601496788807484,-0.38230110145914714
-2.6365417813701524,-1.4554077109709975,-2.690785440650377
-0.1664278277999367,-1.5264281160857014,0.5885552298607551
-0.25601935724545427,1.2261145054884313,-1.4577179255651789
-3.2635284276773513,-1.4765711333119094,0.41624419093723064
1.647870520712551,-2.82485018796745,-1.0135699909230107
-1.0204828025726234,-0.4763205683367032,-0.013849465014272866
-2.403738646058872,0.39154208167352,1.6451129896032939
0.949811101917184,0.5953533456178972,-2.9146810475389118
-1.3790349964903201,-0.09163064156408629,-3.3130757335758974
-0.9306121392586596,0.05707853352145387,-0.6507491670142432
-0.22937175280309774,-1.7250227502585105,0.9606682695851259
-1.1958911357144613,-2.388048612514874,1.564690619270864
0.21277490110943123,0.2164618264703459,-0.07328745785756972
2.3828063625437563,-0.028107531633512012,0.41068108815123683
4.0283738194171255,-3.116439784622501,-2.62566489683938
4.140435922617863,-2.367239230190641,-1.918760064043403
-2.908180061637731,-0.992776018666771,0.18273786304257478
1.30055962010206,-0.668518089198508,0.781501084858992
-0.1313422499003849,1.5790945246502992,0.9411156414410803
1.2116463009228973,-0.8123816911510394,-0.9391739137081837
0.4053632197169923,-0.18278152575834308,0.5118322865750319
-1.1679176893362293,3.065138651336274,-1.391383800694606
-0.9918379502387737,-1.3211803713298231,0.9163353617684944
0.7346616427933939,0.5752775192596125,1.0825201996520417
-2.5809533711639054,2.202110018604767,2.2094216788841723
-2.083067177906621,-1.0549105149028786,-2.12469921783407
-0.012553089883029389,-0.9564108645262297,1.5986058531692633
0.1172821092992276,0.1720770044410918,0.1682997834617144
0.1971353122259705,0.0233146984784668,-0.3098329234329171
0.3984580732334411,1.8042238836238673,0.029648524173035328
-3.0648507368151305,0.15978762832365823,-0.4497371709344688
0.36149367757279116,0.6206943502153153,-0.26518369930865265
-2.2905578115829113,1.619279528694545,-0.8690977266491654
-1.7388663724112616,-0.1151844563234794,0.05234248883000256
0.292530962072465,-0.33226997021406013,1.21953388870954
2.2779479428652385,-3.640740026967488,-1.306378022404037
-0.5009282365533788,0.9120430896992081,1.2363338182960997
0.3154060196028414,-0.09967380731467257,0.5366554528794969
2.068924379023332,1.3609717789203513,1.9370647552050535
-0.1028172292938842,-0.04541863524118646,0.20874436645749314
-0.0007326674600643401,0.1566803279662612,-0.08680938689265325
0.2129971784525519,-1.333788985834567,-1.591551303992438
-0.6005784242269324,1.5375360602752963,0.0818819905389828
0.7934909468142899,-0.4721206538675132,-2.1362284245486167
-0.15855629245718128,0.044766578690702885,0.5091869859109671
1.4619255687750394,0.10551552604883968,1.5969845587447644
-0.2200021280995182,0.001662111762260549,0.5161385774051707
-0.6352513213790176,2.356594331950097,-1.0079841462075085
-1.439038205833609,-1.2463334279442817,-2.538352996785509
0.4182782196609794,0.12240150156207148,0.3216080755143852
-0.398334858057959,1.225765356058583,-1.5027281227960083
-1.1687917423085081,-0.8595419335436101,-1.369202476255582
1.0535451030787846,0.26729918004404163,-0.3635793054723798
0.044375624687263415,1.6391404667260239,-1.1026130576766118
-1.9146261140097214,0.5847538302571148,-0.36226406102541187
0.054231617885074225,-0.10908668996321567,-1.2834533115898035
-0.6908931962920579,0.6631983961752166,-2.316215856624874
-0.9060869931548406,1.6020847072095452,0.7172530672223605
0.8131828520122351,0.5249730325348249,2.073906139564902
-0.254573490094397,1.0885875420826707,-0.6431587415021792
-0.8639431439583668,-0.988511906775267,-1.5398417382931295
-1.2510097075094968,0.7333607663987832,-0.4663993435624198
1.343189967147545,0.6427295918025389,-0.10201904704542253
-3.6292451595911555,0.0801599480450927,-0.5094604963465432
1.3488046809104353,-0.9004666114898578,-0.11953422411874252
1.0647813408470472,0.5576214129903172,-5.216647589751601
-0.1465526001808974,-0.30117088774168377,0.07124796891042975
2.9460369874680907,1.3987498056475263,-1.0644022859753892
-0.004542867021275,-0.0830332352513358,0.2788772039893282
1.9773269730027614,-1.1973920185550078,-0.6172462040802509
-1.1200001543619154,-2.9785482592311947,-0.5929595429926509
-0.45136471585407206,0.4384515333093605,-0.6094922338481347
-0.02714946113200231,0.0927800771218379,0.0028410196776093265
1.6715852095400596,-0.17455634424347366,-0.8054410440214474
0.24312534929807106,-1.6653819365647382,2.7828428791841366
-0.7238142404049606,2.570830020343678,-2.563500612749035
-0.28795733423984626,1.3981480960298835,-2.040606066004237
0.39342745805037893,0.16561727880964497,-0.02418973580855677
1.2973704139060904,0.02691263324317368,-1.243034295692187
1.3650791116898113,2.2587106478735826,-3.904916329441896
1.1613798512469629,0.5013561923993117,-1.1591307937566682
1.6952163862835765,0.6041590070419112,0.6764889110356799
-2.6172547176967265,-0.33664144239232535,-1.0069394509757696
-0.8961250730250934,0.7905172677501687,-0.06348662355114865
-0.1545210455508066,-1.469545747799657,0.6458501466517225
-3.583824251412582,-3.6148929205695417,-0.12495070915690112
0.48265662101420104,-0.08777248426616607,-0.014539572132115527
-0.36705633559865464,-0.22292235305764513,1.3925684268760934
2.7671163510887213,0.7070953999210849,2.5391354347602166
-0.2359732028988385,0.41110173107363424,0.0834551609007986
2.638889816436846,-1.7293006182820414,4.914904387365655
1.0242880052139929,0.7589083235814074,-0.964465403000637
2.479273560721512,-4.685021424359472,-0.08472935079953248
-0.43345297633322366,0.033405635856718116,1.074225394229925
0.8145984175088502,-0.4958179628437934,1.5791000145247651
-0.2506127627925319,1.4515486087301503,0.2429098774999992
0.3609133599961676,0.7555898104965707,1.8954406038354332
2.6524417082860623,-1.5410398278892576,1.2278545985207494
-1.7373636592219341,1.6670371009076386,-1.6845078299019904
0.08910012954095937,-0.9909751432931907,-0.8399332275169323
2.478847765723115,0.9033246196302653,-1.009467084041409
-0.21906315441249458,-2.9858791018047883,1.2045444397655298
0.02241421215235806,0.2657573617317204,1.2097948408954247
-0.14012127376508465,0.37035001411285756,-0.28031112972147637
-0.205853960797991,-1.8378852162022736,-0.7200560350888233
-1.5188268077563074,1.8877451159738046,-0.9934657382828144
-1.7613853528302927,0.893575245596634,-2.8042551044688246
0.1762921828385319,0.2789131900813327,-0.033463450556328406
-0.27230771645961727,0.04388366790406787,-0.30686840493781686
2.830233768111477,0.49453004508831655,-2.7457241767478093
-0.20670367142752893,-0.528626697971275,0.44530229606948896
0.19708436701635199,0.11443021258948746,1.0981696963489096
0.3171311095325414,0.17054367028630604,-0.8413122667406041
-1.4747110817581852,-2.3875292075680576,0.5805906195354154
-1.0130630920071055,0.10852210610528207,-0.1288743987255783
-2.5511608742805447,-1.5287688459904722,0.43592865006135595
0.9121706114404085,5.476731432621983,-1.0359418333826569
-2.8103676325306797,-5.98848397199458,9.50367121409324
0.804396852982311,0.8489870330281293,0.7626084364493315
-0.818189928391318,1.0004123909905929,-0.059473133170341176
0.9896407476340785,0.35470149882112284,1.1596945939373053
-0.4693673986912779,0.2036399154933378,-0.07060846518297656
-0.14914115744714407,-0.5280510615204207,-0.4222223341346879
0.3445403266994753,-0.724484384282105,0.332227427715991
0.4674177761121384,0.015254331478672528,-0.08164495368758502
1.2191953930783463,-0.499193437656219,-0.6159261293248325
-1.706969594382731,0.3359512205573219,0.44558367193814696
0.34378670244579557,-0.26466467427586693,0.4776946564753509
0.4933606916485775,-0.5602094887344328,-0.11880731137770646
0.6347175302498138,-1.924578377332196,0.10559584628796176
-0.44262937663262336,-0.13119415702427312,0.5544448717020017
2.06602902723055,0.9021881773282443,0.6415355996472416
0.5372321470265258,0.07007947140928976,0.2547769942492516
-0.002400943169550973,0.4473768546386717,-0.29575749419542785
1.044258341339322,-0.09438279549673001,0.46489478313075494
-0.8237514881389378,-1.2105898569213966,0.44747663869885845
1.4753297423421028,0.27069684151379125,2.5715868555620096
-1.8177509457164085,-1.2130362427464356,-0.7902791459753636
0.021896032255033393,0.1861127507117198,0.39528987597844295
0.32040291389724296,0.05229924610218853,-0.43831428587131327
-0.07084341341579903,-0.7251157329696928,4.102245422202172
0.7959174047127866,-0.05307613186332252,-1.0137738585685687
2.0927613489102064,3.6689229729258965,1.2248911871006507
5.224371809037718,0.4101293090004847,-2.603535183143717
-1.1350098564352973,3.1818867734178227,0.19272117821629212
-0.12884040294684615,-0.8343412134561949,0.869220056352884
0.49720381437115146,-0.5909185168109806,-0.20882827113487223
0.23675522292325218,0.26118303923665387,0.8338982436927503
0.6204406641237628,-0.46133731809406237,0.05176831661098323
-0.772289747959289,-0.446211813304653,-2.16389520849621
1.7586121509444923,-0.04344120821891728,0.14874761487800686
1.5327819695979152,0.02260605595716808,-2.3252421996220893
-1.6833602340175435,1.1348367580940246,1.261305047353446
-0.9515066999297668,0.34987812103922045,-0.9115314056952473
1.7647127411419847,-0.62682291633781,-1.0737314577692672
-3.442657673350273,2.67382362905494,-0.26303092237830517
0.4788730070163737,0.4919758728351302,-0.30733706400278893
-2.4156099739471113,-2.368745299696612,0.8819224895401362
-0.4043255765464578,1.4745414524056168,0.40369357817200324
-1.400750226213895,0.9495916093082284,1.5246048081713521
0.5029129863482048,-1.080101203593365,2.3741887394212675
-0.6335796205298141,-2.087834215431631,-1.4579577407350983
0.4687033793007504,2.4005646358839305,3.0403464909274867
-0.6466930814599803,2.4058680171957656,1.9317853585999705
-0.9113492523379851,-1.3701542760734513,2.3373119137273677
2.3934023340865527,-2.4077940725748217,-1.3337669553369835
0.05002643462527055,-0.46963407540188595,2.804234879321097
2.184049355545217,-1.2789001377249571,2.44639059348816
-0.5951523344395886,-0.3138734661517549,1.661334712689826
-0.9116527448227765,-0.47558727632232234,0.20360083806947382
-2.8352440812935256,-1.4995120018618073,0.8804886839219865
-1.2835865257171084,0.9728081782101959,-2.6230011115928695
0.189371910278197,0.025371215617150777,-0.2890164048806548
0.38301979799624675,0.6128185045466366,0.6356181219527022
-1.611607297017721,-0.13371385105356368,-0.9677851165788813
-0.5275965903944225,2.0183133744145554,-1.6245563757938897
-0.2218360985717009,0.1138474056019716,-0.2124640841185326
-0.6043691726984014,0.8580304906505298,-1.437483024519865
-1.6628124911674198,2.1683275917618015,2.3807747638527816
0.19870946941424214,-0.07587897153294287,-1.5398655185293908
-0.09347558201985778,0.2911842330334157,0.8625524980744703
-0.3070411451955011,-0.03934763914902694,0.296218237721023
-0.09783819580828611,0.15680104213003734,-0.1532710062380086
0.29168152295389527,1.9475959221290646,2.2425864349947506
1.6573105575815121,-0.5802275796756866,2.2113320010511464
-0.3295539917693145,0.10962853010975282,0.3958100207323255
1.726695685687863,-2.9227961899067485,1.7227711473584115
-1.2695588992264564,-2.2786403071538075,-1.3859708751476598
0.8009206817484079,0.6232302071834356,0.06307052362641277
-0.367119431584779,0.31224680021972445,3.5572835858061125
-1.6736912111695608,-0.8138918191411812,-0.7198571942960862
-1.244151851031596,-0.1703200804983217,-0.8012571683683505
-4.55607812730065,2.827785721437049,3.078615672880935
-0.03167314890548885,-0.14263513499135438,-0.04158901849880327
-0.2771035208759943,-0.623482984535656,0.2871326745126067
-0.8241290563052913,-0.9038938957938508,1.5368487244147784
-1.079125169812623,-2.7782732838792326,-3.3715671589280927
-2.190740561556433,-3.360357252329635,-0.9253408451855026
0.05370029710183277,-2.4026869725947946,-0.6450624404249393
0.756767816892561,1.16984224129686,-0.6841289944090576
-1.421579810132033,-1.38324907313162,-1.13116819361072
-0.5575902710316688,0.5546030166509391,-0.45263892129979233
1.8986635512319892,-1.3984171271442716,1.376751277300615
1.6965889710341857,-0.7528614604285768,-2.4118368765308302
-1.0203569465383617,0.2680512192611623,0.6220912450814797
-0.6789897689721212,-1.9313919493318432,-1.7941200526997527
0.790604334083783,-0.7142314047973349,-1.2094656209313626
0.6878281081020917,-2.9729372907929057,-1.7483343766072834
0.0535180884353198,-0.10133282837250124,0.6177749331234684
0.15158451638706938,0.1216770917893453,0.14781418003447006
0.6553126833992517,0.3968087635987725,-0.29612981397901533
0.8160637983790466,-0.587096685429095,-0.6115901097473735
-0.27441887693938083,0.43260113851308557,0.3230822242976549
0.8633407883317094,-0.06945826425546794,0.0026265039465541706
-0.3598306584078935,-0.8143869275856197,-0.6754883887282259
-1.6613578780187674,-3.3784526548380054,-2.2800076219047996
-0.2423606841638294,0.09867240569043942,0.3781039211468923
-0.7928064779129732,-2.396848408377947,0.909160488565764
0.18454576038548687,-0.42486845941429885,-0.0724150311953321
-1.3576219377332477,1.3086826748042482,0.3881152274924437
-0.5222823869331789,-0.9404026760315634,-0.5034629795643994
0.06300948632815562,-0.48018304010929513,-1.3493079183799308
-0.3891026881273941,-0.5051796253990581,1.0064103728320175
-0.3625110328596126,-0.7002663013096508,-0.5955082152528246
-0.035545033431866685,-0.03905162036148174,-0.08745662568195038
-1.0325180474444557,-0.6231648021766072,1.4650022975718593
0.04610307215410407,1.8446824748798676,0.0047386341628121165
0.20464785404173114,0.8441499825184205,-1.6985687145446824
0.8726372029888925,-0.03458295134143939,1.486145023539864
-0.22991867157182236,-0.06918000482254491,0.7462063601937763
0.5629276716717053,0.02359281955962901,1.6935427851656486
-0.5917068389044705,0.4231954767629794,-1.9587198559477579
-0.6114003716014996,0.29986854749083425,0.030385182145795997
-0.11810476052360502,-0.43630891765912094,1.148295086878543
0.2054370368593425,0.1943806265038872,0.5957858802922683
-0.8081574780168644,0.1981411146658728,-0.39898657412234845
1.8033523314223325,-1.2515105114357095,-3.4082716563939632
1.1595435018185478,-3.8436455629636543,0.7146443398405784
-6.43292762523715,11.31101609785194,6.012676610706591
-2.384764813308517,-1.0081025998205466,0.6622610263626088
-0.17994436408602976,-2.1979619774327976,-3.6499993752408613
-1.4432259418414473,-3.3833926652871735,1.685598337479911
-0.5013084824706779,-0.1306092710702213,-0.5100912729284466
0.9674998076581369,-0.3967639370770166,0.4796090919788622
0.5820321416280718,-1.473033628273425,-0.5040109928475703
-0.8536747782370294,3.2802843710109983,2.373719452033065
0.12575472691969036,1.5288509570990574,-0.7154986653597628
0.11613221863847431,-0.05076415784141086,0.27356656612676944
-0.7495019957861312,0.6172824692600856,0.3791043749224211
2.1798778866663087,3.0274746973646813,2.0427754827398132
-1.4080547374275538,0.47276954371176433,1.7148576829896185
2.043053445749586,-3.1398591925465245,1.254982490611076
-1.5054482070684188,0.2756399148790323,-2.5515202576816867
0.6662342483844519,0.38552998499153734,-0.23416442443427837
-0.31083206529857577,-0.05293178593621729,-0.15552826729389707
-0.041309252927474394,0.5327949324223725,-0.022085327764210967
0.7640513782683522,0.5759013591040195,-1.0074915742439006
-0.492503327559743,-0.3304669417610366,0.016296952657074232
0.591714143266177,-0.16946542807252468,0.11188599560940299
1.5666346514218876,1.7833905115127748,1.1892325142879114
-0.7117472782574517,0.3792938438808236,-0.3574529357261002
-0.7095389237205343,-0.742218448377491,1.215481235332524
-1.2295127026877766,0.9420451551847022,1.2651368824016325
-0.5869054397641105,-0.11720657022711911,2.438067632646586
-0.5943548149608765,-0.02230761289274416,0.15646227366522464
-0.4441470165041979,0.8470519714526926,-2.067946352539762
0.9537932451833886,1.5042684170942315,-0.9862802250252175
1.2023370971544503,1.2706549478358473,-0.8148443722487206
-1.5142656818701372,-0.43692315537914617,2.097455820230903
-1.761112994898534,0.5546662585969466,1.2274486649565808
-0.41064194540260257,-0.028090000430371596,-0.06452924087309572
-0.08783731027085392,-0.14541265171509205,-0.2309310411620719
-0.34602564839214206,0.2714334763210295,0.5074624018216837
0.3434357442911118,-0.38843343970650485,0.4092728431550496
-0.7147991760234249,-0.799943760764329,0.6792947399008519
0.44661613904058634,0.3845956312331068,-0.45902620021956736
0.1409609754072223,-0.06533618832494002,0.13954889227370287
0.5712795029839313,-0.48531583631840114,0.5072237207777279
-0.9196621503229392,0.8213144718963045,0.9305342413281266
0.1953227114806398,7.656855213264437,-0.5917505142983094
0.2809907044690709,-0.9908168813755237,1.8509409395075218
-0.6692602171097003,0.2749750045984629,-0.5079296798124646
2.289080646729638,-0.6701259522700319,-0.4948243302627151
-3.349885290818275,2.160821867877465,2.291828010066232
-0.3149920704614532,0.6635157185812631,2.887673238684832
-0.8503184916533719,-1.0365595691800409,0.7387753042739624
1.2275973346685287,-0.14102015709458224,0.7176133472977956
0.24819729209176827,0.2680291561030694,-1.3326044295805675
0.0714521376398942,0.2016649352967847,-0.06946712132910308
-0.5125477261960176,-0.9113106682117007,0.6101809106381504
1.0034552219520574,1.4796136478712905,1.7830855431984722
0.4114800710673517,-1.532151655844462,-0.42292905370429673
0.10230964752287657,0.19722469638098578,0.645789095236751
1.9105891980838008,-2.4047692812619235,1.7833668106745806
-0.017230150200582398,1.0743129124709536,0.6839793033554635
-1.712383807444503,-0.514001916555075,1.1503638135737304
-0.22164899578517464,0.5298499968694748,-0.6252230767148904
-2.8723179223540773,1.5549638369857637,-5.073863686264166
-2.164073937677187,-0.6022543618654301,-1.2863450489502222
0.48568198733523016,0.3667384153018789,-0.3096616889504481
0.22191671495761234,0.5692848142260856,-0.14962710784264258
0.1801290475681152,1.509887169204839,0.4133634089869379
-0.9125686406693405,1.6904713135006868,-1.8340719562432763
1.7561796560662122,1.0123108366168236,1.346347316108238
0.9712000757512542,0.585054704345404,-0.22088926667131303
0.17716215109999456,0.524841606904678,-0.6333007541506069
-0.0424637837905172,-0.7522437442852888,0.440999750567918
0.5109959393287455,2.09647122751549,-1.612796361053189
-0.2017528719790066,-1.7527705283323691,-2.0460839150044476
0.8025056761614515,0.30109177541696286,-0.20767968151854174
-1.5231257568785619,1.6027394187465334,-1.947308723656828
1.9820809163823743,-1.835834212197613,0.8367926762873441
0.39712642619532235,0.054467264924017,-0.4208599709369012
0.0001188605351166161,0.48723846732835036,-0.16654068654246632
-0.6753301103247598,-0.614329400933884,-2.6318933502791557
1.1709259540729888,-0.20649362994200943,0.38910897602220595
0.3410504871145732,0.785090521302348,0.324072547896483
-0.8417845572560427,0.9445504294454814,5.526084515601787
0.2032677578202819,0.1973214686831175,0.11262147616352036
-1.6625794814494759,-0.4618585789361089,0.02168370989215848
0.3329386744655108,-2.413238155021551,0.12950225509013202
-1.4549701634092058,0.01045421799499603,5.500908941831461
0.5105623312814379,-1.6324104934139563,-2.9496357132889504
4.607171997023559,-1.7675446510500357,6.224157591648833
12.053511570411237,6.8308900696577854,0.5753587964081337
-3.270099306229924,0.9919948723655104,2.6171852315543847
-3.193128515725599,-0.59421047118781,11.821962845503789
0.581387191752935,0.4205688518540632,0.3464522806561096
0.4922094876781612,0.022045221386176865,-0.6191297951925198
-0.7568772812173219,-0.771700701592704,-0.3228468779392665
0.8457979306110393,0.4371383117149037,0.0478208085589064
-0.7108720378320442,0.4577034795397401,0.6529645648481313
-0.8395312581429984,5.398341899953313,0.4752496844777274
0.3626807169926851,1.9175167652424536,-0.42605616616902786
0.12622867815823427,0.20136920370007977,0.641303805751678
-2.1816390726847192,-3.771561139752219,0.7081898528390466
-1.198044835200367,-0.577510355090939,1.7313715075119613
-3.4791006605592094,2.700606582998587,-1.5185781784335257
-0.5035712038833847,0.6223090055728719,0.05818196994948288
-1.1848336782067541,0.6256446926950089,-0.15211122124901938
-3.807730309874832,3.071000826164979,-2.3386249265186185
-0.49287785755204744,-0.5812489395448976,-0.17001191655147557
-0.44370251072221567,-0.291200117430083,0.3239873893565928
1.1982877116327266,-0.5106447487395493,-0.4026571019044785
-0.5950367301756628,-0.2539123325792027,-0.009996939168020826
-0.9189654070270098,1.2847357101266375,1.5351699716939058
0.3168901763633567,-1.538576817597017,1.2761521064128878
1.4571092022804446,0.35971208992731135,0.11937589892047562
0.40450854239425044,-0.06272275674660262,0.030102849608511232
0.7995046560506993,2.6498433567631556,-0.40694916540044146
-3.00809404203453,-1.3180967382075448,-0.38940051731497544
-3.6828864985554537,0.9934934877760593,2.0848964127495204
0.3866735397350711,-0.8124563906764326,1.2904271319845133
2.3243330002499816,-0.5734751694942748,-0.5459255962029589
-1.163683684656376,-1.112810686747572,1.2636648916108189
1.893849543729693,-1.5567768819458367,2.081833758849323
-0.03428040092353335,0.7590957074065211,-0.8701605409499289
0.42789020853683696,0.28907525047114246,-0.1243631425582068
-0.8101591123931914,-0.2839270281649934,-0.7401388207235947
0.016820656708717942,0.5571714513510387,-0.09728743694543653
-0.9281620657043217,0.009595666210022363,0.3718705924254118
0.031420144408912665,-0.27616191147196223,-0.9179037648690398
-0.3015198096230082,-0.8098241254924039,-1.490632776265034
0.4815965466863189,0.15242531209015778,-2.04291017477157
-1.2709282434233962,-1.3244894187626164,0.030284282938943453
0.4419218049906237,0.9719422564000012,-0.3903953801687773
-0.9349556867074148,0.5966137193215103,-1.942606062747553
-0.2430136608592708,2.8568280330251357,1.3826383939007998
0.8009932900540705,-2.5049853435436105,1.1618994718442113
-0.2891860295163599,0.07013579010946669,0.5210703106187821
-0.0533383862883441,1.5535799673087132,0.5095513343617277
0.04127006423762712,-0.4513834880822904,-1.9121828176789641
0.8105489024110585,-0.34402805356510313,-1.6729306323632382
0.7514840997007334,0.10399513660778945,-1.0670976901329632
0.2528384591341013,0.020261180557673522,0.03150546016790911
1.888267130004149,-2.2618254403857856,0.8950091147242804
0.10294308049603292,-2.109666565316972,-0.5520393800039891
-0.32050142432466344,-1.4709051735367438,1.1578101548593551
0.8284620853970162,0.1779008985463792,-0.3741607003902036
-0.6113650452662592,-0.8055556640785307,-0.06467713656665125
6.6328766419346366,0.7799567078060652,-0.5414266360906126
0.3590250766630435,-0.052191359988500996,0.6974157513878456
0.282284962962524,0.24592344978042976,-0.6226634904770739
0.06749190581192654,-0.953435513651391,-0.45192412405138904
-0.8427712187580754,-1.3866384949015174,-0.3762271296572373
-2.8197629898635705,0.2537029349240443,2.084532844494014
-0.19843396404168281,-0.3410715498603175,-0.43479800061509477
0.10740167345585877,0.2925070950543443,0.092791752807578
-1.0952159000267727,0.7894890855056047,-1.447376296853449
-0.336831124078282,-0.3611945665486808,1.0897063610428896
-0.5845175398093891,-0.3039563833917963,-0.39931807179868195
0.5626100473459064,-0.3305430573940739,-0.18483718722220144
-0.7395827099393171,1.2027855251354456,2.483194717651285
-0.5242245432134611,0.15493226626142553,0.16412024929038743
-1.8100203489381819,2.3715478823755207,1.0880570759815749
0.20744837486661985,-0.32749292462913376,-0.41076706040084104
-1.1357956712201505,-1.3162385411365434,-0.5111016776730118
-0.3626720062154952,-0.3647282783367956,1.67938279921765
1.0321547556586228,0.697817586620966,1.13451437857918
3.333500389817853,-1.8281497306185048,-1.35809536403816
0.14412151970314463,-0.03791512504293741,-2.40471536771591
0.6774953206191678,-0.56735644996415,0.12878575805228232
-0.6159428011985398,0.9821978021356702,0.6041322530514683
1.5562786859463027,-0.3610481173029872,1.9721931333955487
-0.45694974835322144,-2.2518235672297515,-1.5876338731617015
-0.24341787931798253,-0.4890651836710891,0.8557567175845294
0.2479724834599349,-0.3039425870191401,0.1289773033994713
0.13053380885914273,0.8277425062166917,-0.06214758837575829
3.2940561147411893,1.0355292013949788,-1.6980756702408166
0.8358323528952999,-0.7912157131730673,0.13363173700089823
0.939322629652266,-3.6305308000668846,-3.4302036779547276
-0.2882070368437871,-0.1665720058512391,0.3164398081880314
1.3313471768729337,1.8375564513599647,2.5728522208356592
1.880936624738555,1.5870648910475555,-0.24903693281594735
0.4845824124612167,0.23055123097143337,0.2574784684594207
-0.638973290547985,0.818673001288615,0.13838219198023194
-0.3826974526774727,-0.36524148025680775,0.9216090121833636
-0.31936283914751007,0.06865785865053659,-0.011443901707739651
0.3035694854037154,2.315170520329459,-0.09430524671483703
0.17894418463040496,-1.3640519242635762,-1.7578025317131685
0.19364601707052959,0.518976144575648,-0.10610909136340711
-0.8798994802535522,1.1671575793775515,-0.37390118508301956
-0.8715012209887961,0.9388581772628166,0.2757600493698534
-0.8382727977044213,1.3833245814959847,-1.5205722035452127
-2.152428356699851,1.1691930617372597,-2.262280666639772
0.057103182896449306,-0.7611880461882972,0.26830545511395604
-0.2448043473466712,0.143448618289109,-0.0023286747428213
-0.08134321885628559,-0.4697946729871172,0.10966525454398089
-7.126143477793838,13.960113518707631,10.788534540986104
-0.3675796049083872,0.25338796319552537,0.6899564441130106
0.019827653949310933,-0.06063671919532309,0.0882386320818517
-1.7419645293403558,-0.763665929755278,-0.7627005341726705
0.5918757977281143,0.2132802245128937,0.5203436112856477
-0.038030750181401785,-0.35200441390420645,0.14439988596790965
-3.900775798135795,0.5451686994165179,-5.936135760575577
0.39889274087777965,0.21736107152841125,0.0039323428485320555
0.20295116912773292,-0.09581028607334428,1.030678804206215
2.3381743350982114,-0.12981950530156205,-1.746865614677502
1.3823674869459301,-0.3257374926899411,-0.9216022190093714
-0.28222515679351984,-0.556549785994193,-0.447329246344673
0.8758326490826942,-0.22665959110565068,-0.03544990005849689
-0.1436397189613328,1.375065045426592,0.6852945245751636
-2.8125497027926545,-1.9350023386196222,-4.5286909821649735
-3.5423390772995393,-3.8438407605168994,-0.7785532509339153
-0.6081534995142177,0.7110527943322112,-1.936618576542767
0.5797245137775232,-0.023716116594909242,-0.5311686052273398
-0.22753895048441125,1.807109185065374,-0.8379470973370404
-1.7647899642133897,1.3953612409702647,-0.41626400892827514
-0.9814466380479936,-2.426097135371636,0.38758889026585175
0.6573290414911558,0.24030642747137404,0.14614970168431063
-0.2904464101730331,2.5564748216042394,-1.8979740879200497
-0.48862469012992493,-4.748420259486894,-0.25357503931933345
0.7690485530472041,0.19343858990847973,0.02883336761602573
-0.29498786319868436,-0.24890393841317016,-0.12297317555298252
-0.21705263463186286,1.3257811721536141,0.9142923452791385
-1.7556915995362048,-1.3933750072428945,1.0100643658490671
0.6260232992387549,0.7770778001549108,1.2643930454359482
0.41032998777222635,0.18908346650186553,1.2393542906531596
0.2691349529978385,2.0744038626473444,1.0951989577339032
0.8112996001865174,-0.557383349253481,0.7216451174601932
-0.44575408893069807,-0.05355804863555734,-0.09589721795611827
-2.3940245274003034,2.0831777298647736,-1.190230437431391
-0.7288473351749856,-1.7530795464825932,0.5013771158249039
2.9431644642535235,-4.5829709289841825,-4.421928531874146
0.34278175286094015,-0.42061532319673495,-0.37871269347587244
0.06906213820144556,-0.20073642013167406,-0.16840770602324384
-0.9382757878926721,0.15707785516120173,-0.18314915769462925
-1.1385798080470195,-0.24064259066102162,-1.251369395060295
-0.9762773264951136,-0.6274402291271161,-0.021438440454958074
2.2128255044984924,-1.0281494162660443,0.924923798806491
0.38855305645670435,0.7920411868900721,0.7872685114884497
2.6573350291254507,1.11243633778249,0.051723430820160066
-0.7058678396426329,-0.6030435151876645,-0.9510632943980715
-0.026492053430382856,-1.242203513510863,-2.5970481853614635
1.8420840308674393,-0.7305396299628641,-0.6340759097654667
-5.097594486915723,3.7646603645031043,-0.5699377860354776
-1.0692110785038076,-0.4058923288071408,-1.702420719185285
-4.0122345481907615,-0.1609397876018424,-4.074266456224331
0.515223807339477,-0.07190168659284991,-0.2530529937344077
1.3944387495264572,0.24392428970569552,0.10024389935263128
0.24275535797985956,-0.7095535008832538,-1.45480302575189
-0.7617676077924277,-1.3122876948746558,0.8112652802388804
8.668458919430387,4.548810568986699,-2.3145293357511103
-3.1259192181516315,-2.669830223419908,1.8198647361780047
1.2950688413935514,-0.2066166752314183,1.7318251481492677
-0.0240346552581227,0.1723208899011277,0.2846224543975668
0.5632525839904661,-2.361196398174618,-1.8979247973904256
2.343904321665898,0.10686810551132392,0.00920925185886945
-1.0337922185079353,-1.12910815891479,-0.6499190940438725
-3.4470580298156244,-1.6253654821223484,0.18195625797388848
0.21908329008384808,0.7100699331576589,-0.6714745702300124
0.6844779082508621,-0.2564121951567486,-1.5606710551556213
-0.8816227093562087,0.45429704135078774,0.5491629113349645
-0.9255629665786151,1.0419243946680152,-0.2038809507862877
-2.161825033579378,-1.3021650944754712,-1.1192820071903709
0.5285736256494776,-1.1660936403286026,-0.26603283462130045
0.4733169409910626,-0.2158000735105326,1.302019412125278
0.3743529323414514,0.020233228010028942,1.8273750996458098
0.2816185066344631,-0.1704278705117312,-0.7061866424849568
0.1700935150355885,0.47743449748494005,-1.9968074839259113
-1.0676020837117226,-3.2602717609425707,0.2695217443664773
0.23142314604778683,2.9542788066742856,-1.9841129130172508
-2.3576613871301113,-0.49491200984671263,0.22619514720378958
0.5264630544183468,-1.2432731093842488,0.5551816759871229
-1.0809076818757746,-0.6480938211539399,0.9745240763067278
-0.6712771209736158,-2.2093730781638508,1.3086195781184584
0.29982730217189224,-0.009267672194008814,-3.1358536266460937
-3.1930561655576137,0.850519123906602,0.1601444265565798
0.2826580445026167,-1.7707151904596636,0.053824957341993884
-0.0067120094553812515,-0.1695071349875709,-0.4782387305708041
-0.5433456096875621,0.5291586894890165,0.8753858082286652
0.8097313369254102,-0.43911579111274024,-2.3097563959176455
-2.027581844568244,0.8650115928000662,-1.0765310268818373
0.5973900443410437,-0.3233054992412564,-0.3307378754767088
3.1320328503149564,-2.4163031204685805,-0.5012385993149299
-0.5597699263861553,-2.0418035550606533,-0.44846004107369597
-0.12824421201864447,-1.373071690218472,-0.15114838956704874
-0.9815856343241284,-2.2789474045324187,-1.156758231666915
-0.6808186649871076,0.6887900236486814,-1.1681069336192558
3.191495934842644,-1.4337226770201748,-1.9737358283165167
-0.40391807201491636,0.6094066710420762,0.11498436816779894
3.512829929010157,1.080286309381498,-0.011738235307741485
0.17918357971969334,-0.5847080490233856,-1.4143510573372042
0.7043220995128147,3.456562272979601,-0.7611832645077309
-1.7300347916200063,-1.723485685086572,-1.300864444281613
-0.1262139370881512,-0.8292590711255203,0.2309933600166581
0.9505787131856431,-0.6942161681848111,1.3144767335541345
-0.7289892658571593,3.4312177038971794,-1.5523729903111498
1.4484377866818925,-2.9449379083921734,-0.5707689760342883
-0.5065064494979192,-0.5613273685230665,0.2808287173294377
0.065940234902407,0.2583646286675752,-0.7728988988413056
-1.2356200595074942,-0.2763581176306158,-2.1098068448990337
-0.7159326587558644,-3.500355524542414,-1.2669938443158162
-0.30026481646803116,0.9157057229779411,-1.4841566939128354
0.7028480469400543,0.41497821306529875,-0.2762541828016529
-1.7742559743673918,-0.7193987164670463,-2.063928039931718
3.761152154752076,-1.2438465569923858,-0.9977032535884817
-2.9404184231592474,-2.4472581370359383,-1.1373825280885506
-3.9664034134562645,-1.4716879551661042,-1.010715150403924
-0.4450020518159644,0.12749744132343155,-0.5862790149294322
-0.8395734507751658,0.7631502829432901,-0.48237653952323434
0.11214299530954887,0.06154107749763781,0.291905216546012
1.5198312301085977,0.989734120124481,-0.4564667397073634
0.33775354766686844,0.47230533932018115,-0.2740848018042237
-0.8469149100746766,0.04843283695848269,-2.1538181846927418
1.6108411974420889,-0.5479302419834449,-0.7207912340103472
-0.0013150851437338518,-0.8866891214354543,-0.8904698629880624
-0.3159829798758655,0.37981985701291177,-1.0179419111499104
-0.36988184202172436,-1.645938233023866,-0.8773231881104613
1.037380949785605,1.8440605928467861,2.3605807326084776
-1.6352382360354651,-0.2619304544173348,-0.3232517346830691
-1.6943810243697939,2.566441666741469,1.1478188201052635
0.5410166600359639,-1.9591274637921108,-0.46697524360124365
3.9425594156137858,-4.066610227767142,0.37194682522812966
0.21318629843954767,-0.19138429996334977,-0.26862074406487857
-0.0325895864914718,0.259168217276044,0.3124329040149219
4.059518592803861,-6.972012780930088,-2.063696946089343
0.13504096026714257,0.008257775425425065,0.08976743518446875
-3.23247580148217,0.24963094578282147,1.9244280281293091
0.7982414510877605,-0.8208234856076839,-1.2067730817326465
0.8534425434798327,-0.29760814648571526,0.31479814118034083
-0.28018361125559554,-0.7946906871971469,-1.085363456335501
1.8381211624370624,0.3043038052054307,0.30515061390707166
-1.272031061048216,-1.7278329959037118,0.6637527975492621
0.6173086635154781,1.1498852515221405,-0.3338262742135439
-0.5141865318468838,0.3806665908766921,-0.05532807157688002
-0.907821401209951,-0.9131909036938632,-0.7471112263512623
-2.254987185364676,0.3717859843220285,-1.503209431728113
-1.5163007132385848,0.6338622988412288,-0.5568124291614971
-0.32204268725567636,0.10374465252166859,-0.3632786442885931
0.5665939623108842,-0.7238026114029418,-0.8369582137743483
-0.14202023188926477,0.32112469712374064,0.5923161352090386
-0.2220047006831108,-0.5478174964688866,-0.009224307692124345
0.3189319713738224,0.5458548696510941,1.6891103042381883
-0.16522548996390501,0.5237030342729577,0.5694804847403209
-0.7678950508160914,-2.38239489010352,3.7327063660362763
-2.1456173020360394,1.6303565495106471,-0.8937766209604157
2.2748176637467306,1.4669693800729653,0.579986306147886
-0.7658141269523802,-0.5924616370989338,-2.0718319696248026
-0.06632311755320391,1.1786362069183067,-0.8678562979714797
-0.3088592278173098,-1.2075575198403279,-0.023045695638513775
-1.4035115774738705,0.06469390155408614,-1.6864850856516935
-4.1190377441114965,-1.5040770027524322,0.4586345569074067
0.9658767012229004,0.8674806642591439,0.9131916532824611
-0.5793415422587831,2.2234387455756996,0.344860054519879
0.3760652225571346,-1.422573611099979,-1.153926418875562
0.5218576650980088,2.5015216776880873,-1.2164171858640012
-0.4984982681402481,1.5549409539366579,-2.123783784295488
-0.2646905490774473,0.43355497446997543,-0.23036851223697927
0.8973232687852652,-0.7124914784863486,-1.4114605040677062
-1.6910143413083127,-1.7980254646768388,-1.7720611257877275
0.0183506825065205,2.293977110692491,0.6152532748320263
-0.19260708601361407,0.28186028171908184,-0.006321893042139967
0.1719342187319825,0.025758941315772083,-0.08840191829987444
-0.3963466578985712,-0.4455418552775589,-0.015094448293302254
0.8076161895067688,0.6934375326341061,0.5909972379812521
0.16528215229316331,-0.6543083483394243,2.821611580348001
0.25966756975799465,-0.32605816105509655,-0.3057994658593035
1.8649839716915189,1.8362928427155778,-2.1028597488956677
-1.5238596864915264,-2.9951060645067296,-0.014055809595992064
-0.45065429483989106,-3.4763203901257036,-3.46292280327003
-0.7216883785785995,-1.4956939086906331,1.1604094862175482
0.6436897147688099,-1.7850579604027947,0.3512541252804667
-0.2197881842863244,0.22111715035753654,-0.6523866859345745
-0.15950352922423686,-0.7216709000408076,-1.3528950731180958
3.817599811989388,-0.9646375161251494,1.1424231304891896
-2.128296146751371,0.05496795885780548,-1.323538397964771
-0.23955247193993343,2.0624618040716447,-1.1284711316391391
-0.37196989997472557,-0.8102518083345158,-2.283470957104105
0.09587971509139376,0.25179918165946846,0.5388442239852085
-0.12284575692164715,1.4225533544859088,-0.02132003107044661
-0.0452265703257255,0.25945508971331455,-0.17240697083194267
-0.19631368306962904,0.02698862056664035,-0.14608286034823845
0.720757910597953,0.5825738504711777,0.7670175863997013
-1.4998546694518318,4.773251231124586,-0.17916166587351348
0.31351739398257317,0.37916675059761384,-3.6435835109471175
-1.7788196168847397,-1.5654128774885787,-0.7121791905448114
0.20498761211664718,-0.9589640270096139,0.5461659369678301
-0.02089188396681432,0.4845934820243566,-1.2472557822981996
1.5707795533170987,-0.32260385422372123,-1.2351261039783739
1.1494861896601645,1.9878043053483303,-1.6671315751600693
0.28356058736272755,-0.21346323763503683,-1.096433644116019
-0.18115187786564718,-0.7497829351209975,1.6656928157572684
0.6003491056000285,0.5798955495115677,-0.8873006655532784
-0.04321820076404956,0.8018175888256677,0.897644022431585
2.2239736884128307,0.7881239086346339,-1.3717605256239387
0.27193704557595233,-0.05035504041709074,0.18370877975423522
0.19229522548066633,0.03249654774534239,-0.33157753326298306
3.663549840194921,0.9985950748481582,-3.0578458732468086
-1.3489660861581756,1.8038081160565955,0.7363087690547084
3.2699680802926907,0.6166836625681666,3.3904809754457883
-0.6323368053452744,-0.7410446967272815,-0.679485656739013
0.0541816371807507,-0.8564033741896634,-0.12986765574254697
-0.2534072923886565,0.6840295954028943,-0.7636153788658008
1.3380879387998799,0.27636199946458906,1.3263816617379158
-0.39382388253245637,-0.4606849193720792,0.6075665767377628
0.6580813339072746,0.004406025884755582,-3.1328996331339423
0.6282717768364595,-1.1822580349681198,0.16175318093253424
-0.1293686289491287,-2.064558012346159,0.24655210101538383
-0.20230325473122263,-0.0008272837570839214,-0.4279053545265809
1.350061524299399,-0.8423746717365402,-0.8983005202494022
0.36779728547870316,0.18378291510354755,0.009062852519889142
-0.02550317001000092,-0.026439875798894105,-0.36197775186374803
-2.539137455186154,1.621374835063051,1.3134458184348072
1.4259736160684122,-2.2677063752171964,-2.5611286967533586
1.6366969783153473,-0.7170282728707043,-2.225310396024912
0.2762800179601231,1.5183834709133723,0.5070106386057566
0.3211561965331903,0.8238193920443146,-1.2776861311961092
-3.078324209862026,-0.33130844778924207,-0.04639494858005988
0.16320085739566098,0.7981228766927606,10.167211622777232
-0.558763462087908,1.015062252703343,1.887080841825797
-1.4882456323582762,0.3598778668096996,-0.2003275071173214
0.16580597853793477,-0.37190943799586845,0.11773094649414811
-0.02313240747027051,-0.8483747448075507,1.3103009257219527
-2.2195892654868197,0.7987320177991328,-0.6022232351278052
-1.1342721469147545,0.011258303342093712,0.5418627643622687
6.330926836548288,3.378080220448698,2.827884083274582
-0.08316446977186169,-0.2108015208948466,-1.5160290834998802
1.1490992126100763,0.22325633552878452,0.21240501292977934
1.3717318594935985,-5.253926665674905,-6.441612818039504
1.1068183482660565,-0.35035281815342767,-0.14286311718963296
-0.9534499071339334,2.6524967129435124,3.2741657294211564
-0.9894017122255137,0.8874592656075243,4.969141985965023
-2.123112759733333,1.7723616452899251,0.9184318145209183
-0.3560915380808133,1.6818888836835093,1.743105176700349
-1.5371960533983962,-0.3267161917136848,0.8512413983834186
0.29723229428033915,2.4944137173738192,-1.0101052137432542
-0.19085858357356594,0.5622796858228528,0.10936153891561268
0.3208876346350353,-0.6605737233285836,0.6139237436122195
0.2231298862376484,-0.1516815521771407,0.0420557093296375
0.09423011278570433,-0.2538243134226356,0.4062965365863659
0.07818099197162466,0.2155258735905003,-0.7568344743808194
0.5791233946920178,-0.9410414255825608,-1.0087704114897642
-0.37170363936619566,-1.0164064457387134,-0.6202463118432697
0.9023791137409263,1.1202217132161045,-0.7283441281777938
-1.4098715916677975,-1.1522754329023508,2.1600189111873327
0.02192809582057731,-0.44863763217545194,-0.40871781205232904
1.144444429523677,-2.0215044053780518,-1.2122697075865285
-0.6924533044534693,0.0028327019402762943,-0.819217196853701
-1.1640082842411488,1.210408579037319,0.052938532448554954
-1.2174587164732737,0.019109093765091067,-0.060724884320285666
-0.8791849797261205,0.09546112934165474,-0.1190675954115527
0.353872881930799,-0.2578145193705554,0.25760112194718304
-1.3220388864997117,-0.015704598838124056,-0.12937418519176327
0.9904721554763509,-2.323961015963016,0.4215742391294298
-1.8468399101117379,0.42873943827943084,-0.7614165025174338
0.3815875642689426,-2.139080933099005,1.901916428320084
2.1784163614616383,-3.032091664340491,-1.4953056167712775
-0.289460661797521,0.6104871061581093,-0.40703298357395834
0.7918896444562398,-0.36330467864086613,-0.05425447540594245
-1.1627892558408512,2.1732476697079193,0.1437333604793289
0.0887902595228956,-0.5404567478755721,1.0135877065152992
-3.994843915095376,1.7424723464837053,-0.6126782448634605
0.10837958486255339,-0.5033659608251986,-0.5625322365270505
-0.9483992005904447,1.8975075481906767,0.017815467558959602
-0.13398789604939354,-0.8000865461127512,0.1077010973363049
1.1426674071333167,-0.8579178148656829,-0.07051170136025335
0.003928753679192598,1.7334292746070596,-0.10395823521772386
-0.5053006454984741,-0.4958081578262768,0.5902414327792219
-0.9708698343178618,1.34095331982578,0.15588876979249347
-0.4206559767203349,-0.4798596122938084,0.24080843988750575
-0.06985515304084777,0.25980865519137586,-0.5337004847042267
-0.05397389054956009,0.07587190758728696,-0.416952578868244
-0.12492559267137501,1.8367935625039828,0.14423765942753514
0.20891774214542413,-0.621272123550906,-0.8827567822837578
0.49305416316265527,-0.17401261497914824,-0.06889437054406997
0.13800634242730678,4.056134393807388,-2.8200950677381518
1.109588764061749,-5.904905138564442,1.1428774733827975
-2.483417554577469,2.1565655501288474,-0.4123829803607112
4.822711741737631,0.4335818565518229,-1.332106673457817
-2.03983634162747,-1.1834347089414576,1.1096773852557804
1.0938281288351497,1.1013178343022063,1.4961864286193975
-0.2478698950380251,-0.41164374577306306,-0.27091222618347743
-0.06918543203873334,-0.05828236396081654,-0.39607811502314827
-0.238401537258507,-0.9981565832171038,0.20577547563200857
-1.122964533604443,0.17321381813349251,-2.6460336433947353
-1.875347740764371,-1.2610500705066712,-1.4714475531930562
-0.06684903622111803,0.10229556334712114,-0.044194870516415
-0.3508987472052456,1.145400159950557,1.3876266679682228
0.239302170428632,-0.1354507473610107,-0.46148135854053696
1.6035800738748758,-0.9600473900306267,6.5324967548272515
2.8224540317618185,1.463505616265787,0.6352390083374896
1.404066262386113,-1.27506223677731,-3.6622405694684
1.445316874099025,1.4516919920941296,3.531779532021375
-4.423502873277242,-2.15518839323718,-1.2541538763066047
3.0776184430395173,12.98274451620711,-0.0266767318640377
1.203216285157465,-0.5683436202890835,-0.7395532060152424
-1.626235834248196,-1.42871183042462,-0.055073678061055883
0.02929137304542967,-0.16405782153246942,0.0743660749185112
-1.1010372592161985,1.0213265317953626,-1.312835375584662
0.4238997239115059,1.425871004692899,0.09517307129102015
-0.06310804632879649,-0.022274770613359723,-0.22201550444769708
1.2354758665949768,0.7310270776870124,1.436433331534201
1.6625115028062318,-1.688862971031737,-2.309411307399131
0.18956991242412388,0.08176523882716823,-0.14650320979439174
-1.5202355898044841,-0.9776506016786222,-2.3853872883092366
0.24647399490222932,-2.0078560745533163,-0.38990739129746943
-0.7871401943420007,0.20990161462685675,0.24516295065898647
-1.4211290747415612,1.1732873334797278,0.27847357002757644
-0.34504646910582193,1.8560603779609255,-1.1602444401093752
1.2256177158045538,-0.2921605812882759,0.2593384593674274
1.0628030899886174,2.2853018447292692,-1.1876370418878335
1.529660587711656,-0.7953684163096414,2.0790073997853478
0.853862543726283,1.2818395929308641,2.2349676935220097
-2.749096821764423,0.37494996622398025,-1.338428833888345
1.1944574971450366,-1.9118201019478342,-0.3921046822883346
0.9511276754173932,0.9639435162700911,2.4145774303848997
0.5031029420063029,-0.6561910113927604,2.0992941183048996
-0.20522784391199797,1.0442041309161934,-0.6181261766578765
-0.19865758701217837,-1.7149058307558835,-0.6549864082590802
0.17882072708321026,-0.07719748022601883,-0.5749557360457086
-0.016929397261310514,0.770724872651919,-1.347692478670405
2.2634464054326577,-1.5337215988638548,0.9136205203458695
-0.9782121820823118,-1.7406878723195691,0.46567506759259114
-0.7030163798503879,-0.5704569208445489,0.33189360442565713
1.3117627345625797,0.5205778780595228,2.0406221642071274
-0.3549981487074726,1.8734499577240473,-1.9941744787345124
1.045216153744588,0.022476761903025166,-0.10524215655025854
-2.9374990967481827,1.6161046987880998,-0.44031584274979796
0.1505662664480863,0.2511528098204557,0.4383067667274124
5.844369866739958,-0.9711595491165954,1.021543988840862
1.2309526377673201,0.8637913204892601,0.10679197857434697
-2.7223181117245048,2.1482718145772823,0.4608046306283241
-0.14021837670183393,0.2932445641629182,1.0148921565294946
0.017958085527716522,-0.0058419599609217665,0.5043194276406278
-0.24768935335878292,-0.4331336247956628,-0.44775461100840375
-0.687072622052445,0.469078986556526,0.13909749278782757
-2.3286093072109253,-0.5429009192303321,1.8331032719703448
1.4950650539156527,-4.253481281163726,-1.7980134233104805
0.9476338423967064,-0.4282093985047163,-2.2014405324869557
-1.8305054722508831,2.2413724738392724,-1.0199112979476217
-1.2923733623102531,-2.49986436005089,1.3498765959671553
-1.2393859676282528,5.788885946961185,-1.5916650170642537
-1.7156354597155759,-0.503420843775397,0.28690360826962763
-1.4104560029917432,-1.0813429523312965,-0.2726434670395475
3.804996279236338,-1.7519906090355264,-3.7592909764246354
0.33200764454294496,0.15951808200054435,0.516210123709389
0.48706517962756835,-1.5480379611922155,1.226328656582425
0.3396150603102273,0.6764053731161397,-1.4957037913114477
-0.3281912598546591,-0.1815070111884138,-0.1057685161482002
3.796278549668592,-0.3300082243009469,-2.3958134768882418
-1.4489187815842492,-1.293643190131099,0.08557186557720364
0.16612386873490995,-0.6039210590482044,0.9385614074338078
1.8150254935817904,-0.17685939977050644,2.264405055428941
2.714147034944234,-2.451418042853579,0.8148329950487679
1.0983662304158428,-0.5416275313503461,-0.2736375125533018
-0.9803302407646579,1.1620265030096781,-1.2595779229139445
-0.7631944549812552,-0.577775862633675,-1.5960611060638514
0.6925045575565768,-0.26155263490237207,0.011816290124648743
-0.8259367696794375,4.236057877333087,1.4050690381290425
1.7273610011910643,-1.3591485795045195,1.1645083272023504
0.6076359840405005,-0.38702033235757116,0.7616191679971807
-3.0386773852714883,-1.5169763252499882,1.6125202390390128
0.27395913494280477,-0.5002681284572721,-2.638011335017037
-0.4698848143033225,3.478058238994105,-1.2896437297586276
-0.01911974340876059,0.5636634504756459,0.620314141772641
1.275036046896396,1.4591761727240764,0.03425418635467897
-1.9214869534228027,3.321613683573643,0.011219230857748563
-1.196665336467867,-0.22629114485307436,-2.5328667210965152
-1.4477844907487363,1.4630408784643838,-0.39455640669558556
-2.0867392037343455,-1.7624049461306222,-0.17780448244630975
0.30158210560422594,0.20911690051063783,-0.1649138460754535
1.364456857817595,0.30382988513164894,0.9503094544738652
0.13745692638683904,1.409165463614148,-0.18985229548738056
0.21104043485531515,1.5425341868429001,1.0801373105082566
1.1241039137986766,-2.1466899973739735,0.3837170209334313
-1.3482169193688895,-2.637256299430721,1.0078897425645268
-1.4031150364823806,1.3725705463388094,-1.857883583021104
1.3544390270952518,2.2554384782079704,0.20359276127784853
-0.6542875927490694,0.18922823912327,0.11179452276751423
-0.7989076616751757,-0.43273660337718667,-0.5554738945938769
0.2325916838989615,0.023338616171481807,0.1760391359447624
1.5089398562729466,-1.364250226558115,-1.8239346837908248
-0.45554450608460617,0.07418346836161036,0.2072344522129146
2.2391579614742714,2.0980856063334574,3.4483454619343568
-0.07734656142378986,-0.15164811538955164,0.7586621933735096
0.19892149053282743,-0.9997097860866205,-0.4589369176043656
1.2810543380309298,-1.2432678998731785,-0.09518993603695955
0.11586772579090282,-0.15455923225334292,-0.327322251551836
-1.9492222918830362,-0.464856471212062,0.4241130922874672
0.7035918263294674,1.5797949977158654,-0.2829707289863202
-0.06579959311552977,2.1774630838323086,-1.4377378147649877
0.23773789233813203,-0.09695220299979229,0.3736654268736036
0.7459287954158019,-0.24077718792240133,-0.06457388098861447
0.3186194075917673,0.45920466737365373,0.012434248861773668
-3.804288219090087,0.6065584920086867,-2.7236994462332436
2.555596550106587,1.8657212534843417,-1.350147132944511
0.9274563775674174,0.9120992892175271,1.7653943630106292
-2.805942370613108,-2.7110544739897486,2.7281791372796085
-0.10563668699446908,-0.02697393252187956,-0.5498907451430862
-0.3211191649536519,1.1703419132602921,2.292516947034045
-1.4141451493025192,0.1681913856628885,0.1223242436180386
6.384930997866543,-1.2794083612115237,-3.184270838979844
0.05364159935032498,0.3126950432541602,0.304853312592827
-0.6316932800907846,0.22258960557360363,0.251018975910742
1.110874299848359,-2.2075216384965413,3.8394553637078364
1.1560624424944277,-1.1255483908720345,-0.8368998363387847
3.0289282300761875,-0.0020065606743273623,2.4856225426759644
3.3981544666822283,1.2650983670181537,1.6236743494682018
0.7831706669481153,2.412537052707079,0.5823628147788901
-0.7556567239884876,-0.23919133179211594,-0.06985549140593164
0.37840464923542133,-0.35396644925487114,-0.1517081561263075
-0.09180337535972002,0.27205614760866237,-0.5668538749353966
-0.048324661170580735,-0.28993105959210885,0.4523600657788222
0.5594086993151098,-1.2681766265128347,-1.3289164786386753
1.3750747638201828,-0.8202842108795609,-0.9495784733073198
-0.17501598198402735,-0.48828757259246736,1.0270158146256612
3.6603285120918554,1.3786358157947012,1.2609095775390031
-1.5672671375492286,-0.31224402948432506,-0.015894280545518835
-0.5301006273922271,0.5322281255586333,-1.2137072699435623
-0.2558920203494777,0.2167351864693678,0.013677595364008442
1.2065645426635732,0.8904846468378835,-1.0782522399764989
-0.08834702098033398,-0.0070451656843926735,0.5077558822838211
0.1385663926831347,0.0032257001202050106,1.6541205514497372
-0.022577424494247128,0.22229058144943048,-0.2971941920972744
-0.16094709776016025,-0.26876880583913065,-0.46061547240699874
-1.7139576993294756,-0.3282329910658522,-0.212812450486453
-0.7885185260973835,-0.6421887737924377,-0.5477716917161835
-0.578938663256577,-0.8189455311049465,-0.2832622122021967
1.7823576283139724,0.29957519175187636,-0.5943340195608102
-0.8020074540834877,-1.769921200605646,0.380520576046365
1.2174705677141813,0.1144219941468829,-0.5140208940773852
0.2669636439720487,-1.4695608812130578,-0.9564717613772189
-2.571279899544058,-0.7250091524635305,-1.9189504494387257
-2.071048215232824,-3.387735281729121,2.093528589881121
-0.7890897521834546,-0.25013790624100884,1.1392450130840306
-0.2978088462466634,2.203897229835304,-0.9607291487313032
1.4231877290379173,-0.38141440541273647,1.3963897224095845
-0.30841306005660685,-0.16802690032952358,-0.7171057448295622
-1.2657187926441342,-0.05889563142773835,-0.1966376015048733
-0.2430202816592908,-0.3499780624196415,0.04555944268366298
2.842460825079528,-3.9520652457437064,2.0458018904659956
-0.12451933545585371,-0.16117576503722558,0.24741455595976303
-0.31658605493071734,0.8390219712931714,0.41137871391011827
-0.3017651301735661,0.39689885096771604,0.24019135649443163
0.3279876264875951,0.09889946817540268,-1.504784327969344
0.9629223167660033,-1.7658713960736305,-1.96364155229779
-0.907941135368734,-0.8233338483955301,-0.22741261804885504
-1.3473487593358269,-0.17245231092558044,0.38824696043205514
-7.492517198903471,-2.809423813239494,0.9525696733913311
-1.345744879279284,3.961121290114721,1.7859483052926306
0.5413530091719518,-9.010492104404236,5.112125612846199
-0.7295539576969979,0.9763151455202449,0.4883013086725234
1.711535517986317,0.14252851021927848,-1.341957518386868
-0.8793789429849928,-1.5378440206431758,-1.9019011972382418
0.9140277853526271,1.4519214356076253,-1.077648760526637
-0.6877071911955864,0.5879299077805288,0.3609556156632516
-0.903275189316529,-2.5885076042991013,0.7138623377690956
-0.528898049973236,-0.9236380018147393,-0.7663949879189421
-2.3003987910041315,1.537101941022939,0.5418022877949042
-0.8658891285202452,-1.2906886231445236,-0.8991594653293444
-0.6419396566367971,0.3450996937328812,-1.1569060386054209
0.11787099618432399,1.1531943607970432,-0.49367678962949724
-0.9220976143011319,3.1522734146531297,-2.061469633145738
-1.1519925216999052,0.7142037963112178,-0.43795286368391406
1.0988642759090563,0.011874336885982162,0.8439237625967757
-0.22321928902295282,0.3533410605113024,-0.751015963265878
2.614801092289976,0.6580171422785118,1.9332079399371938
1.6276423637166821,0.1697810811262038,-0.45727504588555595
-0.6876011227689752,-0.4659435515515513,1.6272681772048674
-0.48252953798983217,-1.1678017829769831,3.1210419931368545
1.1531164382612362,-0.3649621975739703,1.4285289903094505
1.0553219841200612,-0.1751557375121106,-0.5366744375121703
1.6090170324718591,-1.970572299774672,-0.029175735265906166
-0.10694727857900402,0.9850728585059854,-0.0055032854977012935
0.03821664507226799,0.13128952702950672,-0.19092688383401096
1.170517001508346,0.9608448247485695,1.160739867354363
0.588673139051699,-0.557944809161726,0.22760028603239846
0.05730022706530677,0.2155038330032632,0.1711215509891644
0.14744415997623408,-0.6921107938966707,0.7248883580662855
-1.2572886525459177,0.46131373178720403,-0.4942076650433592
0.15198091178978557,-0.4972771633326693,-1.2738208473427965
0.12618759081328168,2.777881380116189,-0.585784792648441
0.8500698958090328,0.575770551598077,-0.2300952865743951
1.0469750914405713,-0.5725149889457125,0.29350655913197377
0.7089101097112762,-0.1799048661218154,0.24220236071751888
1.7756670507296273,2.326228942354672,-1.3035455730861634
0.7341274711283562,0.22880116630744446,0.2647307369769737
-0.04469690790119383,0.21336113311339572,0.06700004369262189
1.8154384529701424,-3.258121814288977,-0.7301243317894176
-0.8230746574666865,-0.7786587782398927,1.0040785353581634
0.14665020045410893,-1.6257990341691761,-0.8856634753804694
0.3922003860939683,-0.036674161960015605,-1.0419273881047468
0.44816986333896314,-2.477989433559744,0.720294559864133
-0.6860625780758334,-0.5753454989774115,1.7784067811614637
-0.009952162241484735,0.08082821341010919,-0.6941614514291558
-0.4207729800995648,0.26087120555374443,-0.8440017201641015
0.2157089971431414,-0.0876192801761647,0.2635309927552145
0.09191172444359014,0.025026303463445615,-0.279985606951495
0.1771309130842691,-0.6627066529889984,-1.3843858171914023
0.5013949652487911,-0.028191232048680823,-0.7735493283966424
-1.6850981478100118,1.073285594154037,-1.5534288539756982
1.4785887530126187,-1.1790885002314202,0.14902082411417059
0.2071385954959568,2.742196486228469,0.46493255546971507
0.6728966893199515,-0.9103361649131645,-2.9521491938482076
1.7108092191676187,2.0557087541167887,-0.8175931003632009
-0.021721549876251467,0.4436921732094782,2.8128518564782685
2.47732302370418,0.9257390123155403,-0.656738094230739
1.9834831590212825,0.6205529563799586,-0.7368183300960998
0.7135949640167533,-0.21655483339412362,-0.27914424687272554
0.06640966025386681,1.3853431429556573,-0.23349909139303965
-3.0211643624701128,0.180428804242245,-0.09062042959501615
0.41595606818489494,0.48345896992298787,-0.16930939145731178
2.409579613186397,-1.2251024784382942,0.7372189438610912
-1.0371232795973813,-0.820626293223365,-0.34089858194290046
-1.791149578997598,-4.633912526473453,3.993867746765936
-1.1135347116359173,0.30144751309349016,-1.7201176862972147
-0.3137256753616175,0.16819664182508479,-0.68470905201683
2.9834198360130904,-0.008337792555195477,0.8493039448291904
0.09937128237176263,-0.44149286217880157,0.1562840542892931
6.16904539206613,1.7226756429099672,-3.656980800763616
1.1680842354872398,-0.7717609381052881,0.8370401168531721
-2.4565911728584213,4.292028272537783,-0.11132752929290662
-0.7463452956554317,0.4956290077756855,0.24524403484038854
0.19275899237155042,1.1854533862391103,-0.11786577700356038
-0.03186356073205787,-0.25374019061205544,-0.05437559886559751
-2.9956268542706397,-1.5200673193398333,0.7417224704194381
-2.200737762114707,-0.6328111536039341,-1.1688893728643124
-0.11658321666748081,-0.18946850388142802,0.0995928975726158
-0.10625018018832261,0.3712520699313836,0.6316343662651833
0.1549290958714048,2.2285656669142457,-3.724843775416941
-0.09876164521869468,-0.17263343263559025,-0.10685420652783045
-0.17486031836141752,-0.6009583330174366,2.710711419513828
1.4722246932794318,1.65040063606423,-0.36288896717641117
-0.045013171367709534,-0.5765216348797362,-0.43023603324241205
2.087555552389652,-4.533233499656555,1.0387165481982419
1.3579348582402104,0.2938190575731894,-0.37452580690348847
-6.298285070684084,-2.1104313865613444,-2.208107503009668
-4.654687879917639,-9.574582631049472,-1.1377909299510762
0.7070473650307494,-1.4356943548519299,-2.4219287696069944
2.002944094255493,1.4923899331206583,-0.04461992038548142
-0.1192079421371879,0.4592619774301474,-5.032012903216903
-4.344802403335027,-3.9138598755719634,-3.0671564253428016
2.8825784298514043,1.0526237185354308,-2.4769362966275876
1.213523292806786,-0.05950032620412587,1.038985680923083
0.8187134377887115,0.2787894504137961,-0.48158589367789134
-0.2551862243343265,0.2661264994162298,0.21602165881840446
-0.5253986731572332,0.6789034024194414,0.24728102076639186
1.0324004573548407,-1.2166652133812728,0.2876897163395114
-0.9393773836995926,3.102917425269552,2.6396432604715714
-1.7103189096750941,-1.226438574396065,-1.693979231343671
0.5587283332981448,-1.7780461427562404,-5.8194749392764304
3.3227093875129547,-4.167863907884594,-0.29339642771008806
-0.28416108657851674,-1.027400140772484,1.0593690271516274
-1.215725973225078,-0.4621294863431273,-0.2723960022401013
-0.15973982161079878,-1.018174771950212,-0.5159146892054877
0.1747868778101796,0.41487448487008294,-1.440556737911448
-1.5300371169377902,0.12065572554535753,0.29173301514625405
-0.0009118480244557914,-0.5155739424454924,0.17715784993773576
-0.4794221657612756,-1.7485541425700515,1.204077413585361
-0.484061807490374,1.5720818778340209,0.14425350878113669
-1.16117468672117,1.606498101071291,-0.189821360220683
-1.711782697015244,-1.1272316397179711,0.1563476889047825
0.9252586479879508,-2.3117927687406086,-1.9185753622130486
-1.4314244150504536,0.9937839899539254,-0.8028054578318686
0.1091290038178454,1.0995829680365508,0.8892569062500655
-1.301864428432997,0.30721126458348946,0.4353210638256803
-0.7118843476054662,-2.6104415831182766,0.47406449158168207
-0.4072518319907012,-2.0240959851451312,-1.89483369146418
0.25540141992900256,-0.18314512005656658,-0.5151570648364858
0.7755724933344639,0.1811889336074315,-1.4901630168303743
-0.12818196597926196,0.2546131111988851,0.077253743891849
3.961946182442397,0.2563628427628078,0.36219761387253246
-0.20293103866699178,-0.33519458375142885,1.2636693942175032
-0.1436205813435017,-3.816949257174969,-1.6762735898044598
2.469737180065483,-1.6363750122942309,-1.1932408537824393
-0.2910249957223956,-0.3593196805949358,0.25958078734035617
-0.04873788949694896,0.07820808062477075,-0.026902288725017386
0.4323930233575392,0.1710985713746523,0.0137431776122928
0.2450661860065581,0.2059484156380616,0.069715496457115
-2.323819201938468,1.7446353222321969,0.8824628512591255
-0.15206692865444335,0.17459073259382724,0.14810077105763328
-2.286369456660448,-3.285419559856733,-10.698354812982531
0.06030597667208003,0.2358548770680107,-0.16935979648883248
-0.3240312055424138,0.30781079311346604,-0.83517510023828
3.516588530295704,0.4578426593355678,0.5476956666209267
-1.5375798013174877,1.0963431410740165,-0.44808252904725665
0.6426188233673165,-0.7519932360858171,1.0531519936568663
-1.760975935815119,-1.8102646760559629,-1.7012165972369988
-1.48076026454285,-0.5578276199985963,-1.1000276357475132
1.8723364077957374,-0.8553484304965544,0.45412939029688726
-0.6014447796502858,0.023526224935079804,0.38046422731203555
1.1198282033418927,0.07367915764551591,0.46304027234540573
0.16033507493554225,0.26562086721035094,-0.3312508369341892
1.1844953069193875,0.23954954250106125,0.6205944595837122
-2.464231151285854,-1.2312465117248443,-3.1452753471881696
0.0293653747195219,-0.07975826114181196,-1.1234379687631557
-0.05855059521138202,0.4970729855278849,0.2558475836831395
-0.3113680403717867,-0.45447665043092145,-0.6151655329415519
-0.7945028050286292,-3.2339890501800648,0.45880241168714087
0.6849281947423528,-0.17631953755328766,-0.36329136124891587
0.6174443522386701,1.5064348634964508,0.8955987964836174
-0.16944215453679762,-0.6994561541351831,0.9822928291300808
-1.573307153229725,0.2439479047737036,0.9263163074013393
-0.030187699219889456,0.05489914230976414,-1.334223060973773
-0.11129147692216892,-0.5596739242452521,0.3197870565982506
-2.8976735112688146,-1.3595222228280626,0.4031965262771181
-0.035187104069658304,-0.507181841610734,0.18763929265387955
0.16234178749092443,0.04407492973876348,0.4387602470561113
0.4720005517968768,-0.41957087933642667,0.11773761305235438
0.19350021066971834,-0.17945385195375818,1.5759096224693692
0.7362701701306047,-0.7899976250103404,-1.8431806505680464
2.621932689982963,0.12465634443122756,-0.7761812978943882
-1.8589289749534725,1.4002340187056252,-2.585773046692807
-0.29593692082676304,0.09216344581740894,0.006664791357393368
2.388936524580834,2.487759320221941,4.214882213900175
-0.08448361177577388,0.03838152059452519,0.13466757186595568
0.16797643070492815,0.25435893634251683,0.0642675466915563
1.1547398881922002,0.16632302734118895,-0.5956452912873726
-0.7555757324316885,-1.9680556501510813,1.3645952419799046
-1.1246629104365922,-0.20950990408553286,1.233781839814002
0.29648617415098916,0.2800854499888082,0.7774044146387894
0.541990999251499,-1.0419007598511354,1.3969601326976475
-1.3433219383252657,-0.4422225678131302,-0.1744565396679957
2.1651159470329744,-1.7522950041540726,-1.8398329699785725
-0.24966978642846394,3.480617663419847,0.6821907776239846
-1.107331125630351,-1.6176036506888958,1.0625744537902648
0.653468213284949,-0.009612982301486023,1.2241369791402912
-1.2680239025708018,1.1696202545038583,-1.0052841121948748
1.5143031963173683,0.27654494069531915,-0.8941643432395935
-0.12229028708798091,0.1226951601394299,-0.47693281241506036
0.46831046011866667,-0.9451434692919708,-0.6833471389986343
0.2810077206690688,-1.4562621807257699,-2.1528386798868597
0.04929751316864622,0.12009903559544591,-0.35143927549220627
1.9171996785271277,0.31864327485332583,-1.9726015278113567
-0.05777136958955725,2.8509928987032436,-2.410425476020612
-0.30092179202399216,0.37846901586075377,-0.10380754373668943
-0.7032920239561586,0.015310102667351558,0.3850862749879115
0.5962067339014132,-0.22502218016522924,0.013665729956007455
0.2794957584096652,-1.4950908893274633,-1.533254787377181
-0.6633553204500044,-0.07332564381920725,-0.7712269158822431
-0.19813129331295193,-0.032508863302963195,0.24423495342487844
0.13910060724657092,-0.26685905913258245,-0.4092217906142784
1.1596947361393453,-1.5177876743758452,-6.4354439074547924
2.8839795322020625,0.28034077141411073,1.5186879141369356
0.7476470049168072,2.0878576739390127,1.7284196607587141
0.0048572624939655085,1.0752236038987555,2.249941456194796
-0.12484493912053637,-1.1355059362320705,-2.222062374499146
-5.210752067740982,2.5662721373199022,-6.851926022051488
-0.4076807667062728,1.2837001792990694,-0.5832788289898394
-0.4533156406628913,-1.8565647778696397,4.638736722008138
0.3209014050709178,-0.2611857759055202,0.10691626658834871
-0.5725841028541235,0.18966706486914264,0.2712954315496462
-2.4170531157921484,0.6654768368129502,3.3620335526058716
2.1374875554172093,0.68370231643747,-1.3359356034679362
-1.1995264035578237,-1.8536066631605288,-1.0350501436580013
2.278499782857592,-1.575367672262108,-0.5229587154998427
-0.566230105629107,2.010779763503982,-0.4856097702797888
1.235523839235449,2.2186457539919475,0.8055068215274197
-0.0951679763253761,0.7722151595022968,0.44894268071495846
0.4612259988967116,0.9188925016530057,1.5735895366815824
1.1755875205118764,-0.3533420089593678,-0.5863084322793316
0.448532158319041,1.3038971830464414,-2.3150942917920894
-0.4931763576993095,0.9576102942160012,1.8174950606895828
-1.1195612004111033,0.9152182940556273,-0.2501288394375182
1.012072603266001,-0.3009756098852886,1.2794383464137058
0.7273672189198225,-0.5811301574732974,-1.4054397780629864
-2.963587769901587,-0.804629375017493,0.3352834505474578
-0.8865518083939081,0.24858710996627648,0.5630227707009655
-1.8885031435542523,-1.4812957067869055,0.2163236028926665
0.8665395219800671,1.1667025921012755,0.1698316484228028
1.3547953890787556,-0.7649451662544607,-1.4172845089419357
-1.4318727697444138,0.8298058033991917,-1.0472390437033012
-0.5202191344537324,0.08587558648009253,0.5046747583821863
0.40490744696922987,1.2775148904498856,1.395889555558761
0.19098908270052467,-0.03644104005247274,1.7688085425201057
2.232608986737773,0.5346128333013447,-1.2092224905240563
-0.5124130824492727,1.0535124424038051,-0.7369606375113442
0.5227052457444721,-0.2360255516093057,-0.1403802982712088
0.0086763782622446,0.1123675922013391,-0.0775078105895048
5.679621643799724,-0.9363949950825375,-5.572059923705601
-1.6793287802361416,-1.596782951495338,-2.284082375315121
-4.1430449923104415,-1.5841189621254512,0.19961614859943286
0.09391903778309829,-0.05784893410846055,-0.04510015768973734
0.008705450723301238,-0.590841954780573,-0.2523644821969463
0.17190120870474201,0.1676366823930677,-0.11895077332265824
0.5657087787365833,-0.24752725174606255,0.3966857507472168
0.3650970095469012,0.023397666843728918,-0.14505223338290185
0.26726312450287587,0.593070007010711,0.1782400356596675
-0.04775207943162869,0.7732360029157179,-0.12836093133372672
0.7427126846723345,-1.4310520143395569,-0.023936395270849564
1.5077398283367343,1.7183530116236063,0.9190561926643424
-1.6337043544857377,-3.4559473845923674,1.2054273577701125
1.2018704484857514,3.252339309550534,0.41423545179148824
-0.697885152584769,-0.7197694900351708,0.9937896652251943
-1.1641648445276118,-1.1938525880591497,-1.0744317560750327
0.3638837653690238,0.2566734273588188,3.581994311156364
-1.258133024534543,0.3479597158208795,-1.8073630004696561
-0.6543590310102556,-1.2128791000228545,-1.2335466492678249
-1.1250509646480586,1.6264910461645583,-1.9496542598181184
-0.949877356355006,0.3014911996999666,-0.14345456541808455
-0.07914105984603453,-1.7512133346670562,0.14428115326553076
-0.10507031234406747,-0.3407795261174166,0.896135638071946
-0.6198537060620954,-0.7857802822666762,6.459523561301798
-0.8348063244230737,0.7693115398560636,-0.7640282376078763
1.9882413344314716,2.155305409213685,-0.7006350837943836
-1.526728502618235,-0.45053401350673455,-2.435256166097835
-1.5022739895144213,-1.9734524091643453,1.157635912018578
-3.74964548202794,-0.3785670696055411,4.738289395331858
-1.5642429568395808,-1.3584508141595346,0.2845832100613569
-0.6227950003960885,0.33945104624069866,-1.1223365404885048
-0.0914846410449254,-1.815693535939379,0.6839932032534519
0.49989253439892234,-2.851258729157055,1.033998881226631
0.4536200805447173,-1.5202802323179494,0.9334430840988807
-0.09967851899440033,0.31386482043521463,-0.03881502967534779
-0.9129644594506993,-1.3365765104035927,-0.696693373321924
1.2953963714895311,-2.446555747500693,-1.7674866748485016
1.4524190033323563,-0.9133837402572046,-1.952605287695672
-0.35141714960982856,-1.4446327057969524,1.6460484335869792
-1.2721492407357984,-0.4270455547844657,-0.029702909747986506
-0.6153999480253178,-1.1264779478069329,-0.1402108617325607
-1.0309703909602286,-0.1260630690995644,-0.3159958273332232
1.5113955249440902,0.0005620242086690763,1.3157398704287924
0.8409198450145151,-2.12048776684365,2.017014257199861
2.447789819650573,0.3722212176653102,2.401447968615532
-0.7506388136924634,-0.5747714603698031,-0.8886106536419354
0.2164491882895988,-0.24205649579830976,-0.38222121259780295
0.02177957773653724,-0.19542641503757577,-0.4442204434743227
2.0299375390406014,-0.29077209324127484,-2.8740934477684386
0.9120634274430492,0.1241876476646952,0.2581886526660263
2.2802289553329516,-1.2583012137788505,-2.703832209278381
-1.4234947363214325,1.8888602894063369,0.8122394750719859
-1.3376963822595545,-0.5586530210051204,0.04879193479705801
-0.622147454744364,-1.502455402018056,0.08973533270254919
-1.1538270666609312,-0.13671021100520186,-0.42347590355696774
-0.5311448742790069,0.7796029931769648,0.4787984152286605
-1.0383932719865683,-2.151974257396687,-0.16265178040647837
-0.7017217433448684,-1.033261618903481,-0.5445863968661496
-0.5684803615273903,0.30231579005521014,-0.2105561160166114
0.4494221966877047,2.1783746525797514,-0.6467202041704693
-0.5771301130133113,-0.6743496180676061,-0.5538945161927561
-0.46345891335347333,0.513504728412315,0.6482367417070731
-0.33568616657662603,1.2929092816312093,0.6737283838090805
-0.38525244470565456,-4.634058931395971,-0.7523780454854729
-0.3015167407038229,-2.2787860391524193,-2.0716437288161176
-1.0152845290109762,-0.9052891226932379,-0.602757018949792
-1.8825901754072405,0.9870684206342866,-1.0613557250054357
1.7511923431799987,0.27556875870122366,-4.161044753689427
-0.1592070835775486,-0.2980820159809382,-0.20243834603167346
0.6319836366181562,-1.418327419119721,0.10164203259806637
-1.0528093087559145,-0.6343183447331595,-0.7311425762731184
-0.1204133318245311,-0.3369473449505355,0.1448750988218582
-0.1204133318245311,-0.3369473449505355,0.1448750988218582
-0.037661026933743555,0.2853192614104603,-0.11400084022016121
1.2656971828237151,-0.2989531342935553,-1.6508836749623816
1.5989607518923286,4.713125010524263,0.5386286403735001
-0.7962123830628347,0.7411076548091895,-1.555741112631875
-0.8105120029222274,-0.08643612635224875,0.02311612986522419
0.0527742071883077,0.0319720052263038,0.1439232174642208
-1.7399671468399405,-2.779715019849819,0.006189547678810359
-0.1982200320752407,0.171613188534879,0.2294582653207957
2.128029440856104,-6.4441367257858095,-4.024900301802136
0.14227239101647726,0.17289985850818082,-0.1005116873280812
-3.552365403623415,-3.048658776135997,0.11703766198517795
0.001491813046628345,-0.12471880140886486,-0.07281457481145857
-1.361234923547243,0.4890093086836681,0.8129085055029036
-1.2230048160901008,0.15849082888206573,-1.8067943143363911
0.029805725730209932,0.2566024849019888,-0.03784365460172459
-3.510011227366908,-3.1216727801658952,-1.3102986357206055
0.2527024286300265,-0.0441680511410108,0.1113746419222524
