0,1,2
0.0824396398138884,0.2150481938776616,-0.1577731152676118
-0.0102160937417856,-0.374262376682939,-0.1975141311560364
0.1970492759778558,0.0807341023889008,0.0687774699436566
3.12356816498124,1.2808167012232168,-0.27029505672962406
0.9240960547271784,-0.1844640464707234,0.0804116589047916
1.0965482780564575,-0.3843609117737341,-2.524503038438384
1.1141096608234358,-1.172775281027003,1.3517752945252537
0.0301680435306519,-0.0314466459147326,0.2061062092013711
0.2448412001383212,0.2371537341372183,0.333132093676473
-0.20867614164757436,-0.7464515886779272,-0.7260997699764056
1.184269874621806,-0.054146323845974995,-0.5925423714337945
3.901575724206282,-12.608724830445489,-2.337367347551967
-0.04658954415306221,-1.8257093141245098,-0.5086753518750513
-1.915467806438833,-0.10827374957204539,-0.9245798494726776
1.1871778689339867,-0.8488967500682232,0.4276859980975433
-0.2224821472144649,0.1933459266541509,-0.3827577985478718
-0.24061179369823638,0.581577829881531,0.45373419278298904
0.26428701166488533,0.09654871048154148,-0.20148946424382494
0.3293005697697113,-0.6609539217635132,-0.6377074606239135
-0.3112495519877025,-0.8069186765937552,1.778863416767837
-2.5378136120079007,-1.758541645214438,-2.783984621526364
-1.8953350488458918,4.166616565701087,-0.9685598832838643
-0.0745402375248307,-1.7398114498031207,0.3854204034039553
-0.10761174403244814,-0.3031658772148633,0.9590910706504574
1.7015685496517232,1.4660371767763407,-0.9170564931988864
-0.6880211103789308,-0.7297181904113526,-0.9784469329034149
0.6461191956368274,-0.0743034541941984,0.006499241139106035
-0.9176963618466953,0.4361009362817112,-2.9830333645154146
1.219748975980165,1.893559145950477,-1.3570657037919762
-1.5464924999028011,0.8590304758902282,-3.8865466739783368
-1.6350716921034822,0.9643585910684545,0.13556658473133693
-0.68595680310028,1.216377202737772,3.2288365115513087
-0.8274756285614764,-0.3156925180363299,-1.5641391572104943
0.6324230227212351,1.2203986919281697,-0.26424042225717637
-3.408904815510758,0.7598514059366713,-2.778600012755395
0.9362281184695834,-0.057686860800667095,0.37616207954297454
0.60368560144651,-0.1582283168348762,0.017821903605313646
-5.583328579125308,0.133003582976784,5.970498882407375
0.0249819902164154,-0.1139282418962985,0.2092594245198222
-0.17456024588288221,-0.06977270990400386,-0.033458826694677445
0.2802066708583072,-0.0094605605652602,0.0957716453121103
-0.25770033020907485,-0.044479807788758687,0.20771225304271726
0.020811651300096937,0.05897340393443638,-0.6442933309099771
2.7053776314957068,-1.554438463267878,-4.127103433610878
1.4664722456354105,-0.3508235903930371,1.017653389753964
-0.6874046669160498,0.26262986756547113,1.7253644232631125
0.559349259578326,0.40152978987711035,-0.21867351377652486
-1.2214092907049618,-1.1640627350235948,-0.7833159794077168
0.16437756840835052,-0.6735723265002653,-0.14743738704711332
2.108953551668249,-1.2784852058548168,-0.6659110870026012
-0.6679924306605906,2.1558803755743123,-0.4276813482163642
0.8799527602172883,0.6973985314426637,2.990434764472071
-0.23810782928390975,-2.982546322594199,2.5943521208313904
-0.034485825749177024,-0.8716569720327594,-0.1243598653752987
1.1395025919909423,-0.6589568437906619,1.8579544026548556
-2.8693059643430936,-0.45873435285059716,0.5208049474361457
-1.2416957353826241,0.8048687405642811,-1.269889425304654
0.9680766188429856,-1.8529701771142637,-0.6985089666000889
-0.7034820171054219,1.1736738947961223,2.5316758411805202
-1.3982839863945635,-0.823793914914805,-1.2569800877071202
0.2745838339009241,-0.9342186361546903,1.678969354865996
0.5492177525330549,0.6709524909793896,0.11680926488771687
-0.5189813881450561,-0.3872660108184981,-0.426004149511262
0.0216729568237135,0.4073314974085013,0.1936806038330457
-3.0200126069202935,-1.2031799094144477,2.411438329071995
2.383796721761661,-2.321622019422488,1.4078439822920792
0.8513586828078067,-0.5319664700072491,3.8028479214697612
1.8003520479603878,-2.193333060704563,-0.7826661669882637
-1.1736865842109185,-1.1972904453498472,-2.8676808914778817
-0.3646745788180253,-1.6039948393080177,0.6943954376561561
0.4224232733715067,-1.0872582781109437,-0.16282941344369362
0.485839871842255,0.02152627226364664,-0.30960045325204927
-2.581554270932907,-1.2985594520748631,0.0037944636132404286
-0.6253343102123222,-0.5819812736185226,0.37565734227726333
-2.846861664418599,2.086885438946546,-2.0750746999841976
-0.07726040199784076,-0.009151638495582343,0.21615455626244068
0.20846449725491084,0.21057834756530436,0.7395538995052712
0.33691465887719985,0.059121609836988914,-0.14579978836661464
1.358230245090413,1.4869352954763377,-0.040348162539940176
0.548681540614797,-1.3909163804377496,-0.0020554910040440633
-1.0972854230608782,-1.3522498850344524,-2.3019300570623513
-1.1899014862710255,-0.2391136051896357,1.3962434053276132
0.11405967697247088,1.7935486488677428,-0.29302880258883074
0.5385809368079966,-0.3481569630704773,0.8263015254525796
1.039585757252615,2.255464804802175,1.5147733585209697
-0.21951896486395092,-2.9658995163880215,2.2161602294868086
3.061517140561745,-0.4317621701269319,0.15915040418932014
0.15976239611041043,0.1648816670979361,0.5873931696741072
0.35854314759628664,-0.3892547505131692,-0.14972487557651007
-0.6635722221749271,1.9215141084263005,-1.413481135362717
-0.060359735371116933,0.035737675449699094,-0.08876663759860473
7.156111930276324,-3.0176166770322,-4.007547178728046
5.354863814887182,6.930720506227984,1.8750929808753454
-1.5884063836290352,-0.3085411672236069,0.3960490306562041
0.187487761973903,0.08971226705464293,0.7578205432954352
0.5022107355368882,-0.3515846993855297,3.061515446950211
0.3693653320990936,-2.531131149507827,-1.440459385715792
-0.8413044163837542,0.8848298482553778,3.0515766396810893
-2.0488095988171593,-0.8806967040402603,0.14593774451987676
0.8092490546967441,-0.7816634899815802,0.2290221487725369
0.011244807789016209,-0.13909404522791402,-0.01995865187742635
-0.8694481970870164,-0.5789914642869675,-1.2185340800078288
0.9576864785144423,-0.689663343140554,-0.39028065795526656
1.1051709298602876,1.098231354056329,-1.0118347999578945
-0.31458860929361393,1.2346545039957142,2.035613740003855
1.8956849338342168,-2.390805038656282,1.653686021807789
0.9211557081159525,0.09475186286403793,-1.6224217102540623
-0.0745973453692016,0.7275028649917039,0.15484699778325442
-1.1017507981690704,-2.6593481521949616,0.2088644837449199
-1.2181834663516082,0.40368782304575473,-0.4521950374935222
-0.4318123058702621,-0.36982093150176987,-0.13644522781670684
2.8393445817936946,0.43370581477717907,0.44678417885379207
-0.3326579682121233,-2.2720875329973302,-2.3508530740666362
-0.09804568841745251,-0.11227666412828113,0.4059720535027333
0.4565143073789928,-0.004757512533762442,1.1983997995474838
-0.20521917626800618,0.7947919116651834,0.5344647293042266
-0.4223555535331581,1.8087222535636698,0.9112313488136252
-0.5837562323553388,1.9895927187064228,1.7285006149125517
-1.6644018312585362,1.5907700176172321,-0.5285387068162005
-3.641417080015361,3.180027023656924,-2.401119145312813
1.1085193242831917,-0.22276277312368048,-0.4833341877611539
0.0517039347066509,1.882413376023809,-0.6874176829628744
-3.0741198421705587,-2.5075632874306617,-4.116718526637288
0.6446256803041963,-1.1222083101115337,-0.5215911107200119
-1.6389637335869778,-1.6975297414416983,-1.8137243051253975
-2.0003775649711724,3.5783849722498084,-0.990273641747539
0.2568661268240076,-1.309045651137027,0.37158095073532094
0.03991353732922498,-0.4107600218183283,-0.5683635366032699
0.41793859205633027,0.4436326138658001,1.9075311423651335
-3.5631519900707462,1.4791008119339684,-0.5245644023328027
2.2185468911739004,-2.2229850178282873,-1.120025772102426
-0.04024904405739171,0.2842814326135647,-0.1624514880684066
-1.195615499934656,3.49945498197971,1.5105019663505463
0.134541718093926,-0.3712303494487506,-1.6523424967197862
-0.20125117905548343,-1.6958679354212358,-0.3375686421817161
-0.8007630699886331,0.17506804169441564,0.09860683891079525
-0.25210739410545085,-0.2286994659722147,0.21433817641066694
0.7719399121164612,-2.1498311454665315,0.4883504816855001
-1.1051397761437445,0.35948497089633863,-0.8498542176942251
-1.296109484862515,-0.3492798045507547,0.569345657987141
-2.7009654393558464,-0.6406939807984602,1.2249221697193573
3.6482673378363617,-0.26354919407442956,1.622516246164626
4.333549088620223,-2.3273317918078584,-1.547560945963207
-0.7292477446631925,0.49375377767463097,0.25584358539141167
0.11548410297609354,-2.290671748711817,0.09013234395635211
0.660508802356315,0.8965080001620922,-0.8176442455294903
2.1076517262851473,-1.5266267236769813,1.9942429821942118
4.1833045700683,1.1819518916991951,-0.6864375919184245
0.25432777086729813,-0.5425233466827062,0.4367084789913036
1.3716701279208316,-1.0711077127423494,0.40532292490383287
0.21247387793098982,2.431565698894061,-3.596936756575662
0.4146722774402236,-4.796524852046306,-5.436158507624482
0.21696908601027023,1.0768734766333563,-3.352342579188442
0.29873342829308847,-1.1855013560260117,-0.49434211466503875
1.4717388907640527,1.406266821056527,-0.7222959176857818
-0.13171399715523446,0.13246403435237775,-0.28301046866599
-2.1585991892503458,-1.5956115068160173,0.6711700785445227
1.2101807672812233,-2.321716181844038,-2.342034763272272
-1.3604735094027034,-0.4695027881041284,0.5345347584684161
-1.898410108256762,-1.2159304426396769,0.8333356961591161
1.2929065472710306,-0.10025584518674371,-0.3267673771982058
2.4158549703998595,1.1987541808128939,-0.7578355009127341
0.239689016546219,3.6733769761363826,-0.24735834102662102
4.947754016720202,-3.2594502111436428,0.5801157455000426
3.838040915238979,-1.02575333475423,1.29110017748638
0.30619672985579177,-0.1339778025256649,0.4574462755913374
-0.3293010680090608,-0.41311121894123526,0.45978448905314007
-0.9181964597576937,0.6612165438240251,0.05507729173815734
-1.1975447752407173,-0.8121687566466536,2.03812241411544
-1.229905885598693,1.0915002914213134,-2.0451208308724405
1.1261345823308289,-0.175396810372214,-1.3444786797249804
0.7323003905669443,-0.19259715403969574,0.012223768043804095
-0.9982844999895797,-0.7535717602532259,0.4087664775054748
0.0011670295810669862,0.3725174825436227,-0.7530428386974171
0.6769201488733331,-0.21686769003060594,-1.785956865513575
-0.09519543737705183,0.05139557448161264,2.5108706131315173
0.056353905574405866,0.7983662993664647,1.4857772890299574
-1.3051344011428803,-0.003705948003404704,0.025590607317329997
-2.43968131403932,0.6377646906746078,-0.0728689243701906
0.9626141605779925,-0.706136423713214,-1.514851044988155
0.13172285723667082,0.9423135174413915,-0.23291297256317445
0.5593783089269797,-1.0739658242679369,-0.03537715128730404
-0.9075530250877291,-0.22855138977995584,-1.2858363536812059
-0.03970085476489141,1.7791831187191627,-0.2643082239159332
2.8509238390776135,0.07986705889747059,0.5492101917072871
0.911925547044966,0.9708732810062128,1.7739096506614602
1.0925538323153297,-3.012177501766165,-1.9333968601252738
0.2972734662289691,-0.006410443543431496,0.0018827105691925222
0.8062185862565251,1.1987834356444877,1.772923810510994
-1.2586523252530506,0.5501585119418992,-2.153173068621513
-1.0744905764951793,-0.8593884538905163,-0.6441921321182319
0.9010624308206494,-2.557291209562156,2.2372553562706283
-0.7028291807254113,1.3966550736445036,-0.07433294698978132
-0.03500355606416091,0.32387093580961157,-0.5235506339492274
-1.5541054363953184,0.262473364671964,-0.8146189141897848
0.693281138972753,-2.732199313454958,1.1557319278732137
-0.32375011360341627,0.6516557586409125,-0.1704445951741048
-0.8386376207255075,0.12386212199968595,0.22720469578082625
-0.198702605830629,-0.0653706959690276,-0.058579883617557005
-0.17095746175779414,1.1573463940329807,-1.001103643883717
0.7278568570439662,1.4915895261479426,-1.083078138628326
-1.8507613031224937,0.3062225528569983,0.5303020490504639
-2.0445288160780315,0.571194546461409,1.27153293340224
0.5628946651038924,0.2015687682703857,-2.411679739281377
0.7333119186591336,-0.31765594627769894,-0.9132787004710888
-0.8793777389504098,1.5880844113754604,4.046391543804953
-0.7497459978295826,0.8975117039307421,-0.10875355936221287
1.399246718479825,3.3802500292937108,-1.544859378254934
-0.46604642039019495,0.36924612478897995,-1.3969262066775632
0.3055113327533047,-0.23084572782644366,0.6719961406909823
0.757150669175743,1.4573492225818803,-2.9091762922438256
-0.7168707161170434,-1.530751687893887,0.8984270139563935
-0.6687054231668924,0.43650501319677126,0.9328116614294643
-0.924546755571338,-1.519611718149195,1.9088292505965991
-0.09560588777190106,0.8884154892148862,1.0426441217548221
-0.08616086239833161,-0.43505151412855014,0.24171194718233435
1.8621130058626876,3.585064780005891,-3.1815046285401944
0.4297987874819891,-0.5978461541952111,1.118427078308632
-1.1498995998034631,-7.3586091628519235,12.209859154411228
-0.0343141030095695,0.0846971346543017,-0.1992085061354657
0.7449668747762105,-2.7070702204554262,-3.226304250218267
-1.1226749580538864,-0.4298258480757866,-3.069229039786725
0.7614031918377177,-0.6081762929497354,2.2424137914642412
1.5468402096983667,-1.2407626873261897,-3.5545042149261032
-0.9660019354982213,-1.6313417664461456,-0.4298816725747255
-0.27150438835041873,-1.397160538760194,0.7733953897490174
-0.11956143657755847,-2.120049342874857,0.4178326790517055
-3.171083116760588,-0.7676039944767856,-0.10290928248035947
0.6433142311432084,0.5222054228662604,0.558945427100031
0.5842922143509116,2.4714273429559785,-0.3289683790270903
0.8843041494829585,-0.0647264754989943,-0.8302699033559211
-2.281895895929495,-1.0875851950209043,0.03265515674766237
0.2402508575016251,-0.04861942615541176,0.781550848972624
0.9797755974949554,-0.5943731209150711,-2.035527472488758
-0.438063234530261,0.7509201754905978,1.387843606278203
0.7249926225233735,0.8297632844638662,-1.1489065805551122
-0.6044956895786896,-1.5314290721705928,-2.000149523707181
0.41119458621562005,0.07514546548302373,0.49892118696215854
0.4846823360500503,0.08134403191767223,0.8600079883352783
1.9306200842856058,-3.5226307078126644,1.2962918378443447
-0.6064305063176626,0.7417059198477798,1.9583255136128153
0.8324406484858271,0.324134767101536,0.14188797194532232
-0.6974341977536255,-2.363612553594021,2.3528078595790927
-0.010976329885404736,0.9943009736391012,0.27017330597098205
-1.9409212469499952,2.414477460706775,-0.16617410602545618
-0.38148152580288613,-2.2358395590252513,1.6584728715204133
-0.49419677406823503,-0.31054440657417026,1.12063499796401
-0.8585539125900457,3.2229521245082333,-0.2576318227467658
-3.343451608839072,-0.9656675327966168,-0.9498696344089407
-0.1905380121041627,0.4804478096275514,0.33460591881935775
0.022100186023367524,0.7485784110388605,-0.09332616651843784
-1.9366686959709418,-3.5707853095155073,-1.6562023052613875
0.2185843799992285,1.1112431040335533,-1.109276017347476
-0.6849649981238756,0.490530886375329,1.2748254118006832
-2.889848768351812,-0.4407063902264089,0.20012932704196867
0.7670464452061685,-1.8984360230448756,0.7882405774139069
-1.4281623406768946,0.997886663458377,-0.17718243482222515
0.19267672359014343,-3.8458286630246428,-0.7962691000028532
-0.037989291215996195,-0.08817604922382445,-0.33136765974311955
-2.513560351530831,-0.4326839703159605,-0.30769863651625373
0.4878467191074294,-0.7663466954691498,-0.9158154554497406
1.6655708621130796,-0.10795710441928652,-0.3312669182590164
-0.562075833476105,0.9747710867153442,0.6241401855175719
0.7049711286610572,0.6563802125072611,-0.49628825128677406
2.9739704684664683,0.00044678848087317813,-0.08802575973280247
0.29263550064421007,-0.036646423120176186,-0.0731341743343849
-0.7564299773899692,2.5377587095886294,-0.05063492609288889
-1.5481773983269673,0.48264546030031724,-1.718616467334823
-0.3855822612677336,-0.8630631279361222,-1.4887326553157623
0.1779629938964248,-1.924963074677414,0.4831095458385065
-0.049572439631213744,0.7364186055221775,-0.24216804033304956
-0.36550271429601705,-0.05762331395935688,-0.28720881586806885
0.14492612649214803,-0.05547204307504827,-0.29445365457224465
-2.205864297816682,0.40566642579318696,3.0934764012523726
-0.28695560892107597,1.0885827722795276,-2.8960610623423033
-3.7925176452703058,0.15191982918846741,1.5130934070836428
0.029528004009699307,-0.4118727340105525,-0.8643506975686339
0.5758107550138607,-2.9443510424333406,-0.5105479574132189
1.6479538638952032,0.7184229345222607,-0.5296260638525518
-0.4047278555896359,-2.551582398195718,2.032659347080415
0.08507796799396423,-1.0666092767033688,0.29644140369395344
-0.5026175161291907,-0.8095195010117933,-1.3486142365603575
-0.32711177936567326,-1.284887504800978,4.929942339790254
0.8408845657528302,0.14707695064981682,0.875642900027135
1.742287501231767,-0.2769985811683234,0.04415478172070425
-0.8544417710591548,-1.088908842917335,-0.2016657124367965
-0.5758679220313806,-0.5311242785566638,-1.6786671050089228
0.863527277946299,0.1754425440253855,-0.3664355059393244
-0.12247020899230256,1.549129118813358,-2.0406458546103905
-1.2409907410667038,1.1814535909124038,-1.1012426653285157
-1.291013104179205,-0.13708357414127498,1.2839409314270065
1.4099943448752923,0.15364416689172794,-2.0944299037469536
1.606399164393741,4.631590592788913,0.23890679730797737
-0.2901134444002384,0.09198048348183883,-0.04720767768537536
-0.4870577489373095,-0.22474275318825382,-0.2266143192511652
0.7536301586582035,-0.4623739297235834,0.1961852125721004
-0.8763933508199768,0.3317341414572046,-1.6513587358873685
-0.5931662421485233,-0.13687837637876196,1.3585811443083304
-1.4133104099990632,0.03408454277532228,-0.5958900929082336
-1.1438368704905169,-1.7126765638413555,-0.38617795861507215
-1.3307452010384975,-0.2829478146605475,0.03126633037759143
-0.6181984885010885,1.72490829670708,1.2326789368275282
-0.6604923445386648,4.321241054870072,-1.1818241067963864
0.6776990692893508,-0.21670984965208712,-1.8723337558137692
-0.4913459593352308,-0.8515842804385637,-1.4138142115194678
-0.826756286762203,0.2473926130453077,0.09902168664274935
-0.2947402141203066,-0.31688961602874866,1.4542587517569416
0.12189802739149902,-0.14768759683908306,0.3082939714476125
-1.0054171261076101,-0.8522717174791967,0.41413780285438995
1.1930221833702541,-0.028087870831608623,0.5534631696467763
-1.2710934417403847,0.2797069486969583,-0.07548069846344663
0.8924295693370791,0.3617346949319884,-0.44162454404496354
-0.009747272749431768,0.1838788131862344,-0.7327892691865514
0.21016364202566606,-0.794744910131404,1.2184665240492445
1.2456828619330822,0.5061713858900472,-0.12095340587988879
-0.004655044235593819,-0.13380430895816903,1.0950239696223725
-1.796844619258223,-0.46629698837805905,-0.15431149872278319
0.477836791547445,0.17170871429938964,0.318363338392235
-0.9975909859442148,-1.5231658889207953,1.4888427553917079
-1.053467303053679,-0.9569888491971918,0.686182019028633
-4.13075803371475,2.2753134920062426,-0.054796112701039124
-1.3340700196991426,0.57226259443193,-0.1797611163012042
0.5996837254246397,0.8799148831641257,2.489463361732823
0.42339763422753574,-0.5777821860923394,-0.30103630974643497
0.5002400344861664,-1.7839188730107005,-2.452438586013783
0.4682569655587452,-0.11962550044122132,0.16698097563249958
0.16148183309599812,-2.946597029131833,0.7187640175895882
-3.4256169920387087,0.5436057994342005,0.42012499825190336
0.1799608406259181,-0.7730759711718898,0.14570451446439714
3.1758414792216625,-0.09404924947698007,0.26543163347542637
-0.0022787095947691682,0.7155720575355793,1.8000384771107456
0.9669995353689338,-0.3617505362722131,0.5261267725889404
1.0135194524764284,0.5571955746052019,-0.48595430091437597
-1.9374587641015855,-0.7330208725436056,-2.012020076959167
-0.2298899047650575,0.7352742525415417,0.5219957985485988
-0.16706544563616643,0.05257598233656849,0.012769356902327111
0.262334811290444,0.9890792985395488,-0.48635076061019544
-0.23422901451511155,-1.902999327140489,0.29360916283543104
-1.136123501140109,-1.4867208953900373,0.10764133035790846
-0.651206894451587,-1.1806968390789192,0.38784903503078555
-1.8685893873057307,-1.335794826167149,2.9179195424963744
-2.830293457394475,1.9116239025923119,-2.6712965682608134
2.4789528387128854,-2.137182428769295,0.5976466172603431
1.5901207248391782,4.401369372730816,2.036515392619326
-0.5564677072896782,1.0002472703880658,1.7754659225251532
-1.1889619841793388,-0.12898370294887582,2.748958503939177
-1.6131044697766275,-1.7072307135986373,3.581124496071348
-1.1531740901020555,-1.567071065909323,-0.5586203148457991
-0.4278798625241226,-1.0162895107564436,0.7763402973052074
1.7556383021950306,2.114401698329038,-0.4341011791900907
0.23162473200939346,-0.07936985685419812,0.09791097535389112
-1.348524434471434,-1.166946697493297,1.8251495130895714
-0.39089115379299444,0.8540903758992966,1.5348411719599284
-0.5063896453302617,2.0263886714719326,-0.559241690767824
0.7200560580943208,-1.6179130011376321,0.1628950249729557
2.000901650470579,0.7874365805045912,-0.20563769127021458
1.0112093880132798,-3.0766572649833126,-2.493837025392878
-0.47223894499178576,-0.024913610936384334,0.7627154832483647
2.350885783304128,1.080410645734271,-0.5906095836724312
-0.3104562570291596,-1.1016198450300172,-1.2141742981958312
-0.832247781347023,-0.4655087761901664,-0.06074348636191697
-0.27613426366219795,-0.5737525201340893,-0.6290197910758412
-0.5500457257509118,-0.01127497661777263,0.7158666365769529
-0.5053829405183139,-0.09155137841892796,-0.3220114646891444
-0.8484755561574958,-0.01080933539909304,0.5426872482778433
-0.41412430155200003,0.5795479382881878,-1.178925229689678
0.9508927617748502,0.6203915493770731,1.4452496594347222
0.283448301588067,0.019776205803136687,0.09143445756541457
0.5041190463298255,-1.9892233268349004,4.565312036675028
-0.2676331478165065,-0.4112004724553062,0.7696820879135697
0.31083084963111934,0.2632051113440932,-1.7417143912045165
0.44982821699177156,0.0684992884573028,-1.7479736473973895
0.33499169437057486,-0.8738954940381947,0.6444041720299949
-0.6450806287019544,0.5722494426607818,-0.3414852889251933
-1.0239796945456163,0.07796332327233502,-2.928985366192246
-0.4594825146919627,-1.0106976561713583,-0.3171464007504624
-0.1439731459464109,-0.09689419237973512,-0.01016173080331194
0.8069874632384886,-0.24514407059886548,-0.3358720876871519
-1.9980046515640186,-0.4170812029942216,0.3317049776443217
0.7085849310196809,-1.1118031002958575,1.3641397481620026
2.286816265980008,1.1770112044318717,-0.9663981278709352
0.09943491202441634,0.05812887854714739,0.3971959319757712
0.9397738565110281,1.5336268758472293,1.8383938701252935
-0.6743574996823741,-0.10709451974746775,-2.267584017737706
-0.12804341710525577,-0.7105080149533995,0.4711849508227489
0.4505161516798065,-0.4732486688650386,-0.292371486923115
0.19527751232813972,0.30829680250844127,-0.5658404767854188
1.9552776098139706,-0.9427547402027321,-2.7753733630671866
-0.3936079581581467,0.33759394234060913,-0.39167358831259225
1.852299385615058,-3.3573311713177283,2.6533795688021247
0.4235068848839076,1.2031260100199739,-1.6869923827756121
0.21813505319185128,0.6236615796643841,-0.9203231539854828
0.2215345413356011,-0.690364627755741,-0.3090450089721711
-0.8430972298323289,1.5013629655789453,1.3034639519316087
-1.6142107398867362,-0.5678650704121473,-0.22474572282658728
-4.110940528728997,-2.505897129575437,1.2595290566722548
-1.84387610514495,0.04607760859158041,-1.7071640246300808
0.5833971236515215,-0.06145406165535401,0.4933373969093672
2.3794984291687022,-1.9790066014442025,-3.698805274742759
-0.009245941434592887,-0.20789814692610642,-0.11012080187300531
-1.1098548206132437,-0.30465708653284385,-0.44230035244475874
-1.4506967123583956,-3.394406694011257,-4.05243380335632
-2.971379046329068,0.9598247957294985,-1.1679380197714586
1.475410584855412,0.3363227730724141,-0.5918151510670565
2.3518790630902155,-0.04253150466980471,0.2114507140205248
-0.855348774221892,-0.8807260860929806,1.6931140046840403
-0.2558233110510084,1.243016464051153,-0.5115157836860771
-1.000820782646724,1.6111636556217142,0.6013749821577903
0.03429780206485877,0.25374635776483895,-0.5000108227235023
-0.14900970601958918,-0.5530280221483374,0.16189711239445476
0.11499615742110632,0.20184465691407188,0.19406496880804253
4.455575077909624,5.874995104668127,1.7240768661342685
0.7700173241743349,0.02040390806267295,0.5209298956479708
0.5733141286708018,0.2419006806757817,1.1316834854493694
-0.34659444259097105,0.8355166095533219,0.27290363820292995
-1.237760067260279,0.6159752425825689,0.3278119975451735
1.1855693523784328,0.7968027092722827,0.8491637415977871
-0.10286040169909808,0.26683523979991186,0.9672303069785182
-0.02982169293307576,-1.205549164916913,0.6694402292143611
-2.460780585464225,-1.648204523782211,1.8404658668996994
0.4356585691428395,-0.6780091433014841,-0.522938271994057
-1.1706983602294987,-0.4602198814712558,1.252661349535439
-0.5547779393385069,0.03875566396325421,-0.8127807420773646
-0.22910781584721016,0.2678121913660508,-0.5337922091859552
0.24279508941655903,0.20801369819680288,0.5302416609489655
-0.4187863582419554,0.3037302937490425,-0.14582169531658523
1.2654343769456011,-1.164025270840452,-0.4335704365992958
0.5238125344158182,0.44794117794613064,0.03470784338659326
0.9738494804734809,-0.2912510541877509,0.19220767559028545
-0.5536233164944638,1.2200116435015276,-1.210799427862615
-1.8144288023661563,-1.7328776622498654,0.8217596672440304
-1.7317670390234225,-2.3470920345091093,0.5380633844565077
0.5640530038398904,-1.314203694645398,-0.6678441338998259
0.0213874650881092,0.7535895868982347,0.1680113828708782
-0.05882494810759837,-0.2255755666294813,0.25530561638188404
1.4220325599831714,-2.242711171616578,-1.55487897176928
0.7946914805449712,-0.06975045948386911,-1.5027241540877057
-1.0489286359866863,-0.5164284885984078,-0.7519465443392708
0.8469570068722461,0.3975774591307052,-1.006743650842923
0.2621483065336588,0.566010981288061,-0.7340166742906491
-3.3956633637204234,1.961895483713449,-1.302845255213423
-0.2787950395044675,-0.3505441043020928,-0.9526867213948798
0.023458520534241023,-0.14507027498336925,0.10165201727567774
0.0555680515667929,0.8614639072635555,-1.3395906019447306
-0.7390207176862025,-0.33804672946356507,0.4889597837176384
-0.14449325380252825,-0.9278679869777497,2.127127071716712
2.3626543779190725,0.6203469970660083,-0.9019334098191008
-1.133839712324637,-3.0272641434090355,-1.6326409160327486
-0.5623900673723831,0.8878785514700352,-0.097247275638135
-2.5998138854568995,-0.00621705250458922,0.025087568421838683
-1.0965837495975554,3.7074066462060027,-0.9823408000129794
0.9239097253429314,-0.6295250292781187,0.33954950814613105
-1.7952787361314209,0.13811292911687945,-0.0516122717841322
-0.21061304107290216,-0.3747950772396107,0.1256255271107782
0.31253682093071405,1.497718589245683,0.07595077348521584
-0.4312942527049834,-1.2931553605694581,-0.8863724520915617
0.8258613907404819,-1.119648953808978,-0.6229630794357062
-0.052742085554311785,-0.04115279795102503,-0.03470468902513251
0.3161575127925399,-0.420748680308567,0.15599795477620823
0.7798113079927993,0.7120666956123128,-1.1749060464662358
1.0425695688764745,-0.13651573114618226,0.20933566701744985
-0.19269716676455695,2.2895568793293717,-1.7891206539722708
-0.1337557975973959,-1.142838209396986,4.528682996265042
-0.2665628507137866,-0.26778627346098133,-0.8210639907184709
0.6019249941248442,0.2419351852827141,2.161845930021348
0.3276669263238055,-0.46913833626007506,-0.2166090771349093
-0.5740124667979427,1.2327979647358303,0.1454087350237246
-0.060483255765217625,0.6220828427496102,-3.296383814029843
-0.9389445020436866,-0.05271187892697725,-1.142507281743837
0.04396444147444538,-0.10260199598230783,0.127161670450614
-0.78530377242001,0.8340353835729709,-0.5293301431345856
-1.111193534039336,-0.9458127933082555,-2.400067723366841
1.3608506359954675,2.0124567638846718,-1.2036031053999938
-0.0703935198515898,2.732788480882545,0.6791265036567722
-0.3358445688211315,-0.27541911435087196,0.7702193895573229
-0.4126874726309747,1.596423835054978,-3.4868031173289626
0.2931741285328518,-3.3623953454425686,0.9889311113578778
-0.38591869992667394,-0.49303099191750066,2.151099141926727
-4.767338526801554,2.1372667073932443,-5.203044232630218
1.4867408267775146,3.1980228155626276,-0.3483980084182169
2.7240815421546403,1.9791262329623718,-2.142924848152327
1.6117691224928596,-0.047943110421596775,0.8906670586294516
-0.4912541192127093,0.8690910233206086,0.7826685743502836
1.0150639135987023,1.5008257372807174,2.497322830973912
3.2144330477165006,-0.04478795498735716,1.0712016031764071
-0.3644040001884409,0.42674975941031745,-3.888628282932945
0.25223209097972765,1.0581514502046663,-0.30669820214589955
-0.05011096554068195,1.03117285476994,0.8217719965833732
-1.567502578453577,-0.9184162800789524,0.4170205050290923
-1.7679373647466505,-0.0028323641006531286,-0.16697910696015342
0.6718843703680278,1.3638982906358992,-2.127214327830917
0.5981515329442754,-2.0939461480442567,-0.17328475094087423
-1.5818697916823483,0.6109222985059721,-0.8523179777942718
-0.07066210709816781,0.1822137975742374,0.7701874275953312
-0.05192766959448486,0.30769700928589233,-0.1125489640700281
1.1270535235158052,-0.5777270451932318,0.05332951710516143
2.2654612722184932,-1.967003883093987,-0.5617718467166689
1.6492913788190746,-0.39708502703622967,-0.9304997113168594
-0.17289370142124677,-0.31452761313007843,0.6342240080829344
2.038436369848445,-1.4972342253523967,-0.028533202006044457
2.8484282991006324,-0.21391490395339335,-0.6810804565949036
1.1734939642744788,-0.11741851455256808,1.5321291961601236
1.3811637547538933,-1.6870270338803446,0.715669723494609
-0.982035164491974,-0.605755045574875,-1.0035885944058744
-0.839575300798652,1.9676956996651778,2.1982351285106074
-1.223355753253582,-0.4679827650769696,-0.5045982078679291
-1.2077655974474937,-0.09964972209929468,-1.5621396537379577
0.6569228897168256,-1.7295337198597553,-0.204862793062923
-1.31388609002605,-0.15043897729569106,-2.0036131382772435
3.257155919112267,-1.403523130933859,0.17633714165408176
-0.8183518430139438,4.9911620095048335,0.554933922300642
1.7884980488218838,0.9372316875412126,-0.010201471791141059
0.11370426177296196,-0.540617607338822,-1.5946551611096411
0.6546446218534379,0.26622433995494194,0.251420708957753
0.10848405225613589,-0.07615681222417384,-1.6952594235063079
0.6176012563625785,-0.6246366018065443,-0.6080445733132567
-2.27885508750484,-0.054407266782452,-1.7050426056493966
-0.33200615742059525,1.8265487328043555,0.32801560016249254
1.4703138506673603,-0.56751825241252,-1.1705569299151273
0.2624904856093585,0.0436859843398414,-1.2810964203832318
1.5159287087501703,-1.9058763572771849,0.6851572070734531
-1.671341669949414,0.38449181116557635,0.4128525005940671
-0.34137727453487793,-1.365239912357336,-1.9620350784754088
-5.523663309746423,-1.958915460776422,2.2282185022923073
0.2987689909893785,1.1977358983452677,1.4533544779994583
1.0307420198563877,0.6980399822259041,-0.20375016060888335
-2.9870726359442483,0.6522367502691926,-5.760147009347174
0.5516145228963729,-0.5193585528264374,-0.6267609717757219
-0.5302428258040528,1.7267836873513192,2.983749432203008
0.1894449615093582,0.4198688225383997,-0.04189291704624408
-0.7695705596445587,-2.346514805422239,-0.7672188206169422
-0.4244273676747879,0.9135609807218479,0.4611831480311047
1.8696538998028942,0.4664513917289824,0.6313435211108123
-2.4915589740897954,4.308071445363524,0.7184383329999522
-0.8254426493544814,0.14367180753246955,-0.19948280091501125
2.2361553106284098,1.4518017409285906,-0.01775566738618898
-1.5942082674091287,-3.160109117651726,3.860707060194997
1.2453990193029592,0.8174552402286765,-2.34853375256892
0.006719861386043108,-0.7879811981204234,-0.4362397764200157
2.255609167396697,-0.690532105458159,2.2931534303060466
1.2726331841296357,3.2701806123223958,1.9492850929430316
1.617662912729612,1.0751112815468145,-0.9554010027280624
1.5711991455949925,0.5296519775547393,0.6542970614247335
-0.6549292319081517,-0.8156853607157332,0.33271259378796497
-0.5353683972222776,0.25899216941095454,-0.24472854524517418
3.94862962771397,0.10187957415966092,-0.17492594589939287
-0.1760243334528947,0.3671567507632014,1.6843527162437686
0.9065952921666736,0.1775028611809537,0.40634022053518054
0.5527814028555393,1.2825191007902506,0.5874905172351863
-2.135928995514866,-1.6881649708988566,0.6589891915596502
-2.1014899151440405,-2.119699415140553,1.5170578791271458
0.526039011360578,0.7599207731235283,-1.1940076182183477
0.37427984942240156,1.3060027450038039,-0.7499346554939167
-1.98216886741191,-0.5388443563606973,0.47804568350906623
1.577546409296679,-0.41483290856225197,1.1349219985950931
-2.0399965701677223,-0.47227905476807686,0.11982601106368468
-1.249849370862437,0.34544236704164066,-1.393425041628688
0.45514752212569565,3.3098293466676534,-1.416302972501215
-0.9302840741816768,-0.027798665183617562,-0.1054538605655561
-0.17790995674000648,-0.21986244369536678,-0.22724345525493173
-1.5166003952009675,-3.325707806861633,-1.682054965399057
-1.7341471756736404,-0.0674201422700217,1.3155392973772988
2.9929403677872615,5.723993562854836,2.538157730986339
-2.6776389307043393,0.7480058241648944,0.20878407301757984
-2.5464948700169274,-0.9532763588961473,-1.9472218969562016
-0.9708837271736261,0.21371463057755427,0.2945204426215595
0.6636847668177239,1.2011231438713847,-0.5662167421230299
1.401058651762634,-1.7112847511608855,1.2192443412748966
1.930631782986148,-0.6490199123529927,-3.232130509266125
0.41579585485130927,0.24229052210673527,0.2747980411042854
-2.270638271786743,0.011784233612473605,-0.8384752230269994
-0.9269749018205274,0.6890978054527653,-0.7854034989705097
-0.23744083652146195,-0.040106425572264036,-0.005948191975972522
1.3006238532490872,-0.5457790390368185,-0.8302842217918343
1.039408776860124,0.12064802173959184,0.6951696909017097
-1.847722579269151,2.1421009992682905,-0.8211455311328824
4.180241879573706,0.1756073954624835,-1.5235704573944184
0.3270460690240678,0.18784860711422824,0.8645695426437113
0.8617156460076393,0.3788463839159832,2.2756963997847532
1.5481066410298516,0.9410707802608458,0.1254123745665976
-1.6587670498624372,1.734693837831055,-1.5702434817729671
2.358141088550373,1.1597609653056407,-0.5814681884756263
1.4458996750720763,3.564461636607861,0.554197569043774
1.5051867287796303,0.26666389090262593,0.47650589562463797
1.1341241759762495,0.5179528749493245,-0.573860619273608
-0.2024189089195395,0.21649668270588723,1.0987264931458962
0.7481661713905348,-1.2067088990886115,0.7438597193718952
0.8978536658445841,0.6829823084018496,1.37846863982971
-1.8841076908877277,-0.0015119293592602695,1.0246751189086323
-1.1069830732899995,-1.2020359103980987,0.04781853527723379
-0.5223668587615921,-0.5313504289705837,-1.3985353649439556
2.116740285953798,4.3656575910384,-5.159567442182623
0.2714827853973043,-1.605699086593438,0.12717928118746022
0.8346475073631802,0.43934960851129357,-0.038283350051683734
1.829690182337819,-1.203221119273288,0.8656888353496874
-0.7580894678798057,0.9884221391816579,1.6507937313557157
0.07830931323172474,-1.2031222397563075,-0.5664794090415957
-0.5318824452885187,-1.157697345186963,-0.285641254077786
-0.12290694659187087,-0.7172881002727988,0.056792710262995025
1.8310211612350318,0.34407621430073054,0.4002785549507031
-4.734001516543841,8.419763023149267,-7.78382219043912
-3.3062315461954066,0.44424866300597204,-0.1354320705721622
-0.2136541251856119,0.651063841141796,-0.9040544896051352
1.8232868351521223,2.994851603789006,-1.4488552045398897
0.802710719853506,2.1434091944085076,-3.26399233265661
-2.431615529765501,1.3198936299680482,0.368411437154449
-2.4693414958004207,1.8502394502744561,2.6269681794543587
1.0694681895161742,1.221818494177016,2.8413776819557373
-0.9862910101536738,-0.017171199695784622,2.1250409889428474
-0.3563346834800339,0.44248995786566364,0.3913309743066973
-2.0150865712870876,-0.5287002527681701,0.8468377088770828
-0.273066480294744,-0.16470266147150014,-0.06158183784217998
0.22839570146831667,-1.1479930676284205,-0.03393537206305158
2.0348631512958213,0.7749910989260316,-4.602075427874563
0.08024723142361534,0.0074001934495243615,-3.729651660907711
-1.9817451112252988,-2.0136644249906506,0.5149181586035693
1.4071587517968687,-0.03195352747742669,-0.4985769586189825
1.3754419922233347,-0.6059597513588357,-2.0383920607096173
-1.064422916154402,0.029921929577225836,-0.31809994184578533
-0.1982419930893713,-0.799799224068916,-1.616644106394814
-2.2094290029028056,-2.8998554925209707,0.02419247776390003
-0.09830245469166143,0.4600374041593944,0.1185691557111781
-0.18504876094872624,-0.6996564092717312,0.7862717484935653
1.0458473507700574,0.2836152657141303,-0.9930333630402364
-0.6042090210696042,0.06367749423456023,-1.5867793117387163
0.8923036493910534,2.6957066886421526,0.10437983327416114
0.1422099028759006,-0.9304062763358342,-0.10622802224057803
-0.1484575920475873,-0.2403700881076956,0.09859312461984845
-0.12267628472267195,-0.010461385722870595,0.626624111496745
-0.7308535103844805,-0.41429035118973356,1.6531028536527317
0.9877709286991976,0.21218567620465373,1.4607165468058363
0.980341943361182,0.2456906690478695,0.5056891749906441
-0.8291574585878355,-0.10563024327392137,-1.411741617122272
-1.2301584593362298,-0.801622607563541,0.09156180834731938
0.823271053698619,0.9219836328540011,-0.4326781373002983
3.097641470565472,-3.33449105775578,0.650631947751705
0.8250060233108969,0.5670598377481567,-0.10458864572471754
0.43670939412888765,2.4788064478916585,-3.049133210042537
0.034727052450185605,0.05183508955828926,0.20749708511568382
0.2891686802406661,-2.1153446637152555,0.4772456012519825
-0.6230624090222894,-2.6550079459727667,-2.7057884534464787
0.31454730894437677,-0.9029332908106186,0.06511986318680016
0.16489817831682962,-0.3487185649890582,-1.2710696073876417
-0.18182687355912683,0.7669520413573234,-0.2228656909203241
0.6821782601401188,-0.8007514976695778,0.12446916481745068
-5.160410615824938,1.3130824221050788,4.5726300709490335
-2.726650122397121,-5.662455556425663,2.6933388138779293
5.774787083661345,-0.2532640148942591,-1.1808939297355063
-2.58733837365242,-0.1446078991977011,0.08179193076651553
-1.667864948003398,-0.40817017280572615,2.1103255846036917
1.1731931342144482,0.17402054410987838,0.2698479142681517
0.8797828561275802,-1.3985196574280696,-0.8047563908064186
-0.6692542290375998,1.0365536002349431,2.5137764003175844
-1.2287769396990473,-1.0720469311586596,-0.5316736454631001
0.07217265990307237,1.2418222626407867,-0.23789573956841475
-0.05713538074704395,3.242892463092576,-3.3245892839789257
-0.7436255330871951,0.08141153161691228,1.0624539680135623
0.23210118879419883,0.9863490199617009,0.6766684622179396
-0.7796169301584496,1.6919853652023529,-0.8158386376752436
0.604251618168867,-0.8699061995397442,0.5737918575131427
-0.8525350558012885,2.240022709928202,-0.06459351974407992
-0.6264964242521253,-0.3665482889920867,-0.1824028928856899
-0.6964294883919817,-0.5554372705238655,-3.223951055718958
-6.194501079857264,-0.9335115785469399,-0.38056468745152827
0.7923236498584674,-0.26419139926240054,-0.6509402938640076
-0.31262359942215884,-0.28997976928703434,0.07657124815463517
-1.9190127920926037,-0.0292401185016673,-0.7809282477463579
-0.15335625463309618,-0.052121912293058056,-0.41121523182893377
-0.5222451695154964,-0.5996240442877634,-0.04034415039280788
-1.6378212880785972,1.9578241765784954,-1.6024514167403272
-1.9490072091659476,-1.8735713681100952,-0.5739626889072892
0.7425374902826088,-0.06762316482966783,-0.008729411629936536
-0.7898124124436143,1.1844255464544469,2.672427159546342
-0.9360610434661883,-1.8910433645068438,-0.28409500657635806
0.881285618186286,-0.7237554256049974,2.4292149035338273
-2.4649497869805286,-1.9441808524851407,-0.08194549460591725
-1.9305228969895545,0.39776312061819463,-0.3946152297426234
-1.605129992374361,0.7501074733744081,0.21345575735067604
1.044473146273884,0.7720397330775527,0.8254619746732866
-0.770076905303726,0.429831555104903,0.6092920513959813
-0.5442411436424632,0.7623559640991001,-0.11686986454093468
-0.5013155802268631,1.0354158981796069,-0.7284424516003596
-0.35787938767539945,4.286063087072503,1.2669752178279745
-0.7878556260981924,1.2631180635029613,0.45660427629150313
0.4311897334320477,-2.640587435322602,-0.5388887092044305
-0.8109750677696276,-0.8652109476205062,-0.4963941757520013
-0.5274239471981719,-0.418558030514433,0.04217490025901287
0.10323710428001373,-0.26905020491743725,0.5838022691212752
-0.09182894695202981,-0.7924407288826278,0.4243209833774266
0.1592177818534676,-0.010432384649584438,0.03332484408897061
-0.2326848058580871,4.317850720130168,2.245897609167338
0.2829652291194406,0.8884675971846959,0.8148436616612621
-0.9654952963327583,-1.5395296728325247,-3.0293981086922646
1.0675000824250258,-0.42530713275234344,-0.9783049873274199
0.2479230335424916,-0.2225731084846048,-0.3513399234172184
-0.2698151236461674,2.5966889627722765,0.29416344181350684
0.5418364992504784,-0.47422336034954526,-0.13419222401719422
3.2223917540837257,0.9402877638175761,-1.9136163726333295
-0.6731908037147615,0.5222706184099374,0.5520636340514867
1.1337090331157924,-0.28727263853068197,-0.6054652145449864
1.0733057343890355,2.237436072562579,-0.8294458705839753
1.0345275840993164,0.5286145869095265,1.2562972615331947
2.9127111881590815,-1.5574983688580915,0.3342782306980113
0.18071062356173828,0.44290797723185615,-1.241245448746969
-0.17231685440313388,-0.30416725631414077,0.595042826650009
-1.0761751917574764,-1.018468605478383,0.4034099896163609
-2.836145025736203,-2.1621364869810615,-0.9177121232351327
0.13791336464164555,0.6225458460168091,-0.7815692309268625
1.0651099142286806,-0.028369239009741934,0.3132965375826446
-1.8548474844425644,0.5742285743023565,2.156590936502334
-1.3240649728932996,-0.1599924253593545,-0.6163956202035002
-0.9107760072933603,-1.388647673991488,-0.9603961786168732
-0.7906591330709013,0.6811860950343309,1.2010318396138955
1.9238244687644523,-0.7988982762266614,-0.06155314233606149
1.4054764235245987,-0.10280170220594029,0.4690004421317109
0.49452037166199325,-0.30928113972991833,-0.9747381949479678
-1.720664848547999,0.46004656962576773,-1.0257763687246875
2.429014672170032,-0.26584662939476233,-0.8097787178820304
0.5385165332274637,-0.869019833555956,2.0084983023610383
-0.8192295181193174,1.496903508513736,-1.154623302372896
0.26083917431362946,0.3924489069328543,-0.7796938798453726
0.06779657493505842,2.2578966363285837,-0.42021913457308413
0.13886021006236077,-0.29596993373760655,-0.5123819859572493
-0.5003778680980799,0.004289510625283056,0.9220677481700384
-1.319701085462695,1.1745703378134245,3.7927990950492885
0.4343884071146955,0.6383997858996784,-1.7415424379735773
0.89329896897545,0.4864383282268247,-0.23187787754307201
-0.7806946720357879,1.1315425787432563,-3.022869917921146
1.4363867951850877,2.732876128808075,-0.7807826014081753
1.4103722298365216,0.6871523391412229,1.4447424063227212
-1.8486529559682907,-2.0637374046663703,1.1211722482610191
0.5934534478036367,1.0951766784713195,-1.0272108461295224
-0.797483420314529,1.4230729794613923,1.2189893436189327
-0.03709624135816547,-1.2991243045980423,1.5203811872179123
-0.9984224883437774,-0.498016945613412,0.20347578856715606
-0.5070892873601233,0.40097243150121403,-0.3960520407444298
-1.222946558542589,-0.4735209244545721,-0.06233158158487587
1.3321210908316885,3.93503621843469,-1.8687645772287278
-0.9703192499199524,-1.8870174378240216,-0.677879692510516
-1.3984961047532636,-0.05004485974116002,-0.02416773603187633
0.2596135710100705,-0.9160204658542855,1.2644521856780342
-0.42575120692426877,-1.1699645753370085,3.8090749779774975
-0.5070904712600308,0.9782792855026743,-0.673994253592807
0.19444424913561859,-0.04338673640045042,-0.07574573660751993
-3.165246865956521,0.9238015235674091,1.477285321268339
-1.73258005974126,0.9983370437268448,0.2820091057611931
0.38385807547175527,0.04842040728634042,0.2704035081975064
-0.8724050705267241,-1.0792829467115848,0.11953403412210624
-1.7209037803848384,-1.0862915845380194,-0.3330305189918029
-0.15953971290163502,2.9231499103324907,-0.7401296227119205
0.663569058232504,1.9801353708851477,-1.3413042203405685
-2.3663151765511192,0.19185728938053076,0.44072819175611877
-0.3272545886553665,-0.00328647385660797,0.3038982628621358
-0.5477707364130279,-1.896532584103522,-1.2803070081109067
0.0016416017492580648,-1.1467918984010976,0.2046200218799269
-0.33433896909023564,-0.7229592851660696,1.0122800480028866
0.37315186375169695,0.8745050774809385,0.8528745576512395
-0.4880508420995831,-0.09114750927128118,2.759247379938591
-0.39069764528194306,1.0152019642236878,-0.985229342989193
0.7786788172183091,0.6867885312151405,-0.32655311142362964
-0.5858561318987726,0.11886844745276079,-1.081286572682956
-0.3456400742763545,-0.6231742974818428,-1.758609254447992
-0.06461288744202806,0.3214293715172442,-0.8101850306386202
0.5465191428271374,-0.23327482711311745,2.0844924289364464
0.017192764790394388,0.15218034650302115,-1.0326844967419024
1.7766374657243569,1.773928919829468,-1.5536228834198589
-1.4073544873722543,-0.3694693994997309,0.40285784798871294
-0.6858149258578097,0.1433657767983025,-2.2322909450118917
0.36553255203353713,1.0602989791551671,0.18455616957571033
1.1150519717275316,0.45835505783967645,0.7936950577573347
-0.14365649821686588,1.2440195195049468,-1.1620788527876644
0.1459644035078985,-0.9374908828107212,-0.12633999333814222
-4.718098741466515,-3.3369316647538736,-3.5445600716933163
-1.5105541064948447,-0.8747654446478881,-1.032415850408257
0.05331195345143643,0.12479364297208193,-0.12206887688824851
-2.9260812296567074,2.065184008647749,-0.34327621835077243
4.180501627640816,-1.7630285713427403,4.062958239358538
0.27113281447396964,-0.5114064689704656,0.29096522144645437
-0.6051070962274617,-0.8376078233720299,-0.43680698146225594
-0.023392411920782452,-1.543075904945106,0.6797675297977318
-5.341448733779261,0.7048049531307214,-1.7095012839253314
-0.613934553798779,0.4160221190161057,0.19169695049146224
-2.317628545882259,1.7750715347307586,-1.6068128563011435
0.6748364427507645,-1.84041750253406,0.5107840740046086
0.15637426582160777,-0.1921930869584061,-0.17725158790178822
-1.5556232012350202,-0.09101134007383108,2.078901418787262
0.05405559040632891,0.021500550976330773,-0.07432083623339453
-0.5119926727146542,-0.5495046997025993,-0.643453170164149
-0.023776667540995652,-0.01039127376857446,-0.07823164690891812
2.855319912920322,0.6533110428924354,0.34555234262571694
-0.7148373859311041,-0.3288731125827699,-0.576947127447984
0.33753649721048923,0.016050777377229732,0.3568854022503537
1.700775638498894,-1.79230167096567,-2.1487457333395876
0.32762357006127246,0.1469157577960078,0.27790416044509275
2.7726216800427084,0.6547191179229388,-1.64578013145616
0.30367240264352896,-0.5016434850390887,1.829931710547832
1.274214403960434,-0.13902864038300553,-0.10300708532654199
1.7968445084990265,1.0639688912626255,2.922449739865943
-0.09077524594359793,-3.7945984970407203,1.0733970075667372
-0.24135143769974685,-1.157975076551546,-2.0905980700115006
0.6189685763216308,1.309617372825667,0.4542720268038717
-0.617207134734721,-1.0339414411085055,0.022222632050742264
1.6566226417503298,-3.041434765147006,-2.4255651489329777
0.810494076287857,-0.5037763608450532,0.5275712098326857
-0.15184604246669886,0.065948883927279,0.19451807711114671
-0.15801432965754408,-0.14735460913964604,0.2475829063410903
-0.6005045188042106,-0.06402020015712631,0.07428460547954549
-0.07306847795428986,0.07349603392820472,0.09699973594054104
0.29819119615860445,-0.15174240684969237,-0.3277453312528046
1.0789824067351221,0.4501297437201267,2.5347536300157607
3.183772345414661,4.416577924008659,-0.3187446704792771
0.36937302973804975,-0.343270558268936,0.4803810512106631
0.47633682298413693,0.1570537981300837,-0.046593869949290434
-0.07737373676138443,-0.8859483010077391,0.21928311158714137
0.36481508086595277,-1.1693948743234297,-1.8125811856820087
-0.791948882243847,-2.3306957805539206,-0.7569732913850871
0.19961434125559108,-0.09771183679104908,0.04153348309201737
0.5774025812472046,1.3946237789637108,1.2229778783669731
0.2761618179102552,1.8239285160700751,1.8219851173024553
0.8641907075707042,1.247850204272504,0.006591650566992013
3.0511028702190757,-0.685993938274821,-0.26251632146942916
0.5512075295333811,1.4765048726993406,0.4464725053389925
-1.6387048498562544,1.7163281231431333,0.5124362670415452
-2.0049844947198143,-2.2151682759752913,1.3536109820574302
0.03016699969829756,0.2186110797426678,-0.19831217243568444
-2.278973443436308,-0.03435296305736228,0.8005517400932264
0.9794908273517576,2.1320630412123087,-2.1857665423913266
0.33487300966206024,0.2581295853828299,0.13821470727560967
-0.22339054038497352,-0.06967564950923397,0.3565444351647994
1.3575528999729567,1.6905339841128286,0.003248085988942287
-0.1786558532423764,0.060186067682296826,1.2688744700380197
0.08090397283848524,-0.9532182166985307,-0.6071479427434722
-2.0374379849133284,0.21508240395118577,-2.3729606824657417
-0.8987506800007798,-0.34501874690173445,0.6245687538766387
-0.6205581877917692,-1.461628712857484,-1.5670546870335418
0.21234687494618054,-0.5624031399246509,1.1307495226234217
-0.8040174564581998,0.15012942876349028,0.19316051476422794
0.49020534279932826,-0.25549103753578917,0.32071668805273557
0.09651816405087105,1.2973957670278453,0.9627393299752526
1.4924858561771597,-1.5995407938132757,-0.1279926858525068
-1.9990170188304808,-2.045833102953184,-0.09801054693279912
-2.1617870110091375,-0.16689597627173425,-0.8163401581531224
-1.41084812695993,-3.233585535417564,0.2755017649080225
-2.4362622350963954,1.1941889768458134,-0.362208173381384
0.5760887417292722,0.48249816008857965,-0.3919575665495606
1.6681669579554796,2.086402789842997,-0.16228825164509186
-0.1680363760146862,-0.01960964359647794,0.021812621801226693
0.4756028746937483,-0.5688873682307971,1.1071279553649895
0.4545242397661623,-1.2866309095608912,1.5803276500441577
1.717273830202624,-0.4463165533272338,-1.0722271708323774
-0.5409417369983045,-0.7287903551630373,0.022638719569785637
-0.8328873127597924,-5.388713511580688,-1.5366474074472882
0.7152177521382451,-1.27100821378125,-0.6749376525787605
1.8415985700941966,0.8099747061758593,1.3600156614670862
-0.7576491773815396,-0.4136749354361787,-0.9317079838579825
-0.06704539859578376,-0.13777608279355388,0.25073372594970467
-0.6999031321959186,-0.9587340986956474,-1.348392300976982
-1.255587818556081,0.07615980976271446,0.4718995177841408
-0.4914636265935372,-0.5568837994587343,-0.17879094293362624
0.014705196296328327,0.17936218413895327,1.1064102412301071
-0.8041041741256216,1.6008875867663233,1.2894307257835675
0.5089808009990244,-1.08960861086972,2.5633923793344144
-2.121148422055036,2.759568409500007,0.9092751642536401
-3.306966543186467,0.46665725688001386,-1.2369781018405646
2.320115506915009,-1.2780683274139282,1.7182175310779466
-1.5620324520329905,-0.4603951571464617,1.0283534407812343
-1.3591302845256894,1.3665130672725256,2.040710469683504
0.19506528688343672,0.30136304573970973,-0.3180343047911556
-2.3869018006134506,-1.3131149846727717,-0.04852618888477292
5.972793535914577,-1.3361865827891026,10.044259655556598
0.4124305366077689,0.23651779280225846,0.26216595063579085
-1.1390010640696178,0.2783512458075988,0.8881232719637631
0.12859124407496553,-0.512872337102666,0.9281408542786045
1.6523119766310004,0.4169069530204282,0.22177637455948654
0.12013679880053604,-1.3049032431574314,-1.1696520282872749
-0.9638132327956321,1.6838836203449359,0.6202634844390994
-2.1951224689568125,0.02877952664884509,-1.4420111232525443
-0.35801057006936804,0.048851923571760075,-0.9793247912374232
-0.40898195703868745,0.3038437963314725,0.17249074120084482
-2.7952272395720628,-1.5194123139970357,5.215388180724108
0.22778723345343768,1.281026388252092,-0.27174499028497584
-0.14113319503502314,-1.585515294479231,-1.9568861518040126
-1.8250566344705759,-3.621724669610024,3.0479351150310015
0.08580221197936787,-1.4680952284342301,-1.5200473697539985
0.0860275207511153,1.1781732613051,0.4930926619990643
-1.9675072956919744,1.2090589881887812,-0.42801235096340207
0.9669413818445605,1.970433940464058,0.31198252287344136
0.4642478624352381,0.547128135819239,2.6377558076046768
0.02644443364976312,-0.7281772976673847,2.252776975530132
-1.9086631367002573,-4.671863717043606,-0.6028395363512962
4.352248305469968,4.213603077550373,-3.518037481122376
-0.8628865433373749,-0.8223677604849525,-1.509307899523953
2.9850880910505126,-1.8804842462817393,-3.1485954278263204
-0.41737667817401775,-0.6668518288466412,-0.025935114155971654
-0.5795577751188632,-0.5131963802568761,0.7139949761618546
-0.15310769172170216,-0.024020646692172368,0.5173936907046527
3.158849943423302,-5.01483911382907,2.0123070308259927
-1.1372499288660334,-1.392584389253608,1.491459888734521
0.9799342413025444,1.295355010315629,0.5750369924808324
0.432667728432015,0.11039462720390689,0.20635390892653804
1.076243676297712,-0.23513848133224666,0.39437260637724453
1.3073573255566275,4.283926898113656,1.633803998653669
0.2867055747407047,-0.607415673708626,-0.4520630899142556
-0.3146887955930521,-0.8371452851729804,1.0911849993014988
0.7899727742924618,0.7291341288010321,-1.1904867668823065
0.3944732781671424,0.9671731662207875,0.6260768323917335
1.965318750309314,0.17675664030279575,-0.47059781513039384
-0.17203233375735072,-0.677637432157453,2.0004399630357934
0.5008857324155831,-0.06675451227989625,0.3500133869719264
-1.9113257025981516,-1.0214818786416497,-1.8218509564281842
0.2139728897246318,-1.0775424207254838,-2.7373677574175517
-0.38150810008876224,-1.790654112075082,0.8579168485312306
1.589831892071898,1.9926096491532967,0.8585621807383079
-0.24173270013061723,1.0045134781368839,-0.14722001706303817
-0.5729919555516235,-0.043439019396657896,-0.8936815083237218
-1.360102724179849,-2.096024567989464,0.9838489701821383
-0.9289295820161187,1.3452797349528036,2.8642132090861905
-2.40214426715525,-1.1953397220223225,0.49983493566325626
0.17208508523081245,-0.2232933233244506,0.8897202240084586
-0.009487691422645567,0.5938373576672255,-1.0429700566951674
0.029538646467416843,0.2640330050012082,-0.05403738248841191
-0.21960567582349266,-0.08465386197155443,-0.10213905053566047
0.43952370548587877,-0.45216580585735344,0.2591138632102624
0.7247906314682679,0.07748885173426634,-0.37899781935888355
-0.5605960156129514,-0.056059397282060774,1.9537146786309094
-2.1448297414095783,1.5844120925488852,0.989465470746337
0.9829544201714219,-0.23396491924985285,0.033513454897515116
0.08510429449810766,-0.40939635263972374,2.0763169901470837
-0.771406782752031,-0.15448037093401776,-0.9635004989027837
0.4224215351751215,0.6032767092745236,1.1484461865364113
-1.1557266770116699,-0.5703431553825091,1.6405244025250454
1.607763390330525,1.3881501188581429,-1.5198627052692328
-0.07305633801659821,-2.416140040145624,-3.2374158281070704
0.2958168599337021,-0.8203787188262353,2.5145440196398536
0.3911975943247438,0.24608906980924505,0.42519026813775873
0.34127547548559967,-0.8654170509955544,0.4996041025091443
0.21285334759047045,0.32195539392493194,-0.7312297426916798
0.9514272545600131,3.0112797149296338,-0.484418038386829
0.8128035171127477,0.4497724415790778,0.10517362753445392
1.5549801603741933,1.2766988750045645,7.863920959025937
-0.8004273714664882,-1.1453255303402066,0.4434488632548065
0.4928532639146749,0.35829562660525194,-0.250140354950548
-0.3805782760679248,0.3509841788743206,0.4087055991437067
-2.3844478251746244,-0.7859303817228189,1.1139495111668423
-0.02267795716547489,-0.5873997886828779,1.5675157307741783
-0.46387305496026043,0.8268281231414926,-3.169458339516305
-0.10203830255561058,-0.4003384539070232,-0.7207953625197878
-0.5172973618011592,1.1990035286412544,-0.49761267882614474
2.1090273147974297,-0.37734696672950774,-0.38814510356992105
0.3308202726107557,-2.460726351872382,3.2061808983448987
0.30503835707138816,0.16804301655849604,0.2668699975335972
-0.7934637145239866,1.5948239874164405,-0.2177572826510309
-1.7967295813152575,-1.1235112373456442,-2.3550978374139366
-0.251471606421652,0.23713128778329898,0.23548035075532975
0.6577390831063527,0.19751770455960949,0.7513005055936643
1.5101426487033192,-2.2635994281921117,-0.11000062436890179
0.01075528395161055,0.08322202055205988,-0.08209493446365068
-0.3403514766267558,0.03417566638835319,-0.26848519232909374
0.5891525863315996,-1.9939838390933164,-0.21412682848034442
-0.27754867849015474,0.4304256810603537,0.2855443428851512
-0.5820282009993892,0.10612644775845298,-2.9799762349952674
1.3643572052044057,0.2960449288064311,-1.5191477067129342
-0.10220812405072062,-0.10990943474065555,0.112105230981123
0.2903271253021596,0.05385439307594561,0.08859969290124262
-0.5765107093637939,0.8055357723124938,0.200554688755037
-0.45232397452036177,1.3925901513017451,-0.8109865903052655
-1.1937063810899557,0.2505370480991534,-0.6878005033917121
-1.2970694073789775,4.1457776705242315,3.4758344951756435
-1.0711236052303765,3.6441131804962166,-0.6620078735787273
-0.1264664115374784,-0.014158529866289762,-0.09979591805193572
0.2902534706342989,0.8079708344339779,0.9542486573393869
0.46464333801566654,-1.5228372282418838,-1.0033039348951835
-0.2095663745522796,-1.9836954703562717,0.7214185171860023
-0.04640255464520848,0.1385693515581503,-0.1540926714847126
0.321143829473983,-0.018448976060635,0.0047632471898462
0.14989362255180855,1.0899325118831829,-4.421482222929961
0.7096168659053681,-0.2699793077678712,0.0851676030191164
-0.3349415676142553,-0.16854442126118574,-1.2277999863429856
0.33968976257078887,1.9289817935292572,2.2525455939605434
0.3780143845889518,0.907048869570682,0.2628845863058022
-1.4810870785419672,-0.2293775459719458,-0.7554389314343245
0.3663864593463944,-0.9247710312482061,0.015266143526829942
-0.40422676626296344,0.21424462354128654,1.3600339989025363
-1.377337785479807,0.13701371859469635,1.8973179550737813
0.5716876624842518,0.8236167140743726,-0.13234481515365393
-1.2237346432216831,0.9151391576230523,0.17140531670904516
0.6818949770917486,1.780073301391849,0.3213813660338839
-0.7951146511977523,-1.809616893831703,-1.660108496760353
-0.16353640590212315,1.434134132870827,-0.3427755531475121
0.7756579794477377,0.9065947419335272,0.09994014707237364
-0.7559979811557601,-1.2595566148978155,-1.7123602141784389
-0.06253877698056187,-0.5102190614104263,-1.5286459239408
1.030805357431463,-1.4013481637083165,2.1290032954615867
-0.8315588303461965,0.2790550935438808,0.8812254464661167
-2.8578216781682544,1.7034206283725761,-0.4209022123466737
0.25609269801728674,-0.0647479690767705,-0.28765037547595174
0.364445456071564,-0.20169824743653383,0.5805327181197927
-1.2555839640983593,2.179919747071973,0.07490008599222055
-0.27223794823792563,-1.7524199086728005,-0.05989945478247788
0.8486418560609852,-0.04495510951953702,-1.3549614260003198
-0.2493348925614027,-0.16365392790377922,-0.1148639309945178
0.844000150212049,0.2583647772905972,1.6156064587972188
-0.11488589622327931,0.7164985530093688,-0.16460368362279942
1.2397764662066457,1.0667316107769416,2.6250781944152903
-0.683519937070199,0.7292485079092611,-0.8177513222383289
-0.01998612614337147,1.0842515439749372,0.09510469182374964
-0.07135916058479863,-0.9473772353308415,0.1651409493181849
3.290466238381999,0.10459261893208079,-0.24097739302566004
-0.4559627365818762,-0.09763378551761816,-0.6172522264276759
-1.011638824778673,1.6550246698116988,1.877330240059532
-1.6837270915230405,0.7092257860016252,1.23058635657584
-1.3639167221796427,1.9744710453682426,-0.26607059870553174
0.16094644015423965,-0.7815364147463981,-0.7526694677952136
-0.8189151391355125,-0.5719098070947782,-0.4844701446303304
0.7980810631373288,-0.7728731563623986,-0.49490998194019975
-1.0364629314779399,1.5517618328013196,-0.2739285284582182
-1.7437112906305328,-2.5681539383362253,-4.207330751214733
1.435654155226132,-1.9429575733212825,1.0820096245948512
0.11164500049976038,0.01104074616674039,0.20538465543061224
-0.15146858679263842,0.8009211904492923,0.6809867423708906
-2.396302400004062,-0.6782407864282024,-1.2595456935545184
-1.2661230830182273,0.264442332393006,0.11533109821623917
-0.7478940086607737,-0.8266441327726097,-0.7578676234370518
0.734204516924595,2.0195200586639963,0.7802337193337568
-0.18087030411579946,-0.20887531445860075,-0.21539759657856766
2.08862890620308,0.32697572409598974,-1.0365495268566025
0.9834764562783231,0.5542245857046142,-2.5141139347957417
0.11766770457391013,-2.393110848510187,2.0300380266381457
-0.015265418326442293,0.07097178049912264,-0.13606987032154003
-0.6620386969294845,0.35668594948330845,-1.068017161636764
-0.18625299895221709,0.588462466495233,-0.222613391306596
-0.595673180804396,1.8950307606536105,-1.8358220838698422
-3.3791821339062262,-0.523977867426065,-0.4513291971594757
1.3590834723222824,-0.7328924649936934,-0.24469783574533752
-1.1376379453316556,1.8218876667942783,-1.358585106399767
-2.3041243909206206,0.08081496730637638,0.21848354494598143
0.235343448658846,-0.1737058063186503,-0.48831199106620515
-0.1986054514798944,-0.5729032354548684,-1.4394142234824505
-1.623439356333379,0.26875892276463287,-0.7945548707199845
-0.5288340147540491,-1.1767245449437211,1.7448134737753767
0.5579615234712414,0.24506274835126188,-0.002870996211499166
1.5236948917877478,0.8937621498429617,0.5663719860868244
1.5969153091235002,-1.5803372734307386,-0.44956044295103026
3.325837046250618,0.855909507956271,1.146849281148675
-0.603817942760396,-0.4579909441058094,0.08737111005421816
-2.4836214580167773,0.9773874968819233,-1.2727755546365402
-0.23349869797239353,-5.746703807357266,-1.443913351724737
0.1242568678656235,0.0005160097140005336,0.2407337376918917
1.8193692663804675,-0.10674103971388896,-0.4710063174003788
-0.41650900888247855,-0.841919895549044,0.8639802379901402
0.2819561267893261,-0.9196300797770225,-0.5867537772374659
0.13864257844822836,-0.1865929147221474,-0.613211028768529
1.1689373422113243,-1.9735120613601826,0.11730731641703951
0.350428776036262,-0.2884436817017298,-0.5019516722887924
-0.7682672966766383,-0.33676521224413025,-2.31924548800002
-1.067979971858688,-0.22150980836973788,-2.5177144988448026
-1.046602214607773,-0.9054311869406935,-0.04587162984773735
0.1172821092992276,0.1720770044410918,0.1682997834617144
0.475265263793615,1.3708412387620477,1.1521158258560071
0.12079471382413884,0.5174154153040953,0.5903375754903787
0.45901821625898415,1.1159553645543094,-0.6514303330001352
-1.2753289721849275,1.3297463683604858,-0.39216743139936494
0.5785288263903103,-0.07876565375720737,-0.12378434707038502
1.9547210407592488,0.07453475365313184,-0.2705670109607614
-1.2744282323281564,5.95927087925093,-0.7993664398198318
-2.557025926344194,-0.4972419082536653,2.8017996324969676
0.9495806242483568,-0.6265471536054791,-0.4329768905132113
-0.44800813803112305,0.22866195419396249,-1.4771634282435864
-0.09134854128308152,-0.15706882078214063,-0.15484194368744264
0.19912873528559247,-2.0685847349633666,-0.14704589595024334
-0.11231034775767657,-0.8307774271952741,-0.9267093016450747
-1.8884598131778259,-1.250873480848624,-1.3879165465300602
0.016955108771477156,1.0719546310106625,-0.39906040419389227
0.7726763221545851,1.9119569145032969,-1.917972024754094
-0.21288253977257904,-0.4308811435719912,0.8803647964326593
2.867842405291687,-1.98433081600015,-0.6983751625102583
-0.2077368519340822,0.035015529035745875,-0.516073888547614
-0.8112172125593673,-0.2179534282905686,-2.476225651299823
-1.0918975598919904,-0.5037293692887305,-1.4767486103548153
0.9072258357435419,1.6016020176207113,-1.6009190088011687
-1.208192895315796,-0.28395811980341884,-3.1222446702208777
0.7852247774982153,-0.46335039375740394,0.7891936301311786
-0.41333573515211836,-0.9085604681030542,1.5984173077306023
-0.7225708961254661,-2.090887457962229,-1.117274163274926
0.6467469209356815,-0.29923460362308396,1.5886583985853857
2.371104612655101,-0.02054532175348516,-1.6036814768583272
2.3457459665956457,2.0746059738702765,-1.2297064806419855
0.06949833582366874,-2.9631406200079184,-0.32380303367244023
0.4551124778829926,-0.48381834563519477,1.4252539711648922
0.09243799459615376,-0.1101425970964352,1.212138596147224
-1.652335698242629,4.273301069772852,-0.5700109317790546
-0.47852098634612406,-0.6529700575975873,0.8298684776057949
0.17071185993883414,0.4791995702439533,0.6350022410829513
-0.41861077837793237,0.345321981142182,1.0432885344800686
-1.1385921835386035,2.4030110829944684,-1.9902298706336798
0.7459105405078816,1.2124305546412137,1.3027701339929874
1.9705955482752269,-1.3402925639663397,-3.1833444189538835
0.17331399531601482,0.9693227088531272,-1.1200424254179016
0.8946651383763013,0.12933935689568643,0.6518571049028612
0.442815509289684,0.0257541905188593,-0.1868877585080883
-0.1400590703416542,-0.016515261582844186,-0.3663781379463441
-0.06057510398104471,-2.1690885658141177,0.9992245967993307
-1.549911255663372,0.30952337318783063,-0.5943900718135883
1.7422543200837652,1.8811751139032822,0.025108821032115203
-2.6456622800759946,-1.1959093008641846,-0.6919082975472599
1.0399611906519006,-1.6206212894978278,3.541824648246985
2.5083502971719023,0.8965975488424556,-0.8975723374944048
-0.8480188857943355,2.7690176501242503,-3.1320091079817853
0.12490728956963726,0.3203522070128647,-0.5577498052128316
-2.4877387765391603,0.9229760211729512,-0.3337644054796485
1.2416344282270093,0.753720341460417,-0.780745833582301
0.08146587934492638,0.1830422729229747,-0.1457252384669488
0.35094597134826827,0.14453836204630832,-0.014931110735696432
-0.440332219729479,0.2616831432800978,1.009137362944832
-1.2757555601714707,-1.677072727150904,0.010218221881521418
-1.6397370325745293,-0.6388287845482263,-0.35867648506642197
0.2028011874064925,0.08283608794461436,0.46764317580005055
-0.6543096671829733,-0.5138255795983026,-0.4443699648203306
1.5228026567917803,-0.5335026063296407,1.1074594856578375
0.8990385189656764,1.6527142181972243,2.3702894312430245
-0.4648181180058598,3.9227447300177327,1.3569044460124449
-2.1671774468908365,-1.3084700217769663,-0.3265248014971016
0.7225861099427793,0.8582023230254013,-0.09671755511018172
-0.16955536024515944,0.4658508056333377,-1.273249727687832
0.06110065080048138,-4.128621399273869,-1.6999277239661652
0.08540189095604911,-0.17054418641033703,0.38364990910531455
-0.1813691929217156,-0.17674246930147697,2.479131845436857
-1.067475797190801,0.6571899849732069,0.21218669930435968
0.25035065339071233,-0.13356962638066314,-3.0868389319180736
0.35805481979501946,-0.8849467945614362,-1.8120294770971161
-1.0525207348305299,-1.5547692665242046,-1.4155895867147525
0.26028167514416356,0.09551764221848047,0.6457275537451126
1.3455015143861209,0.37092853159438405,0.37339639007394676
-0.06376306280099446,-0.17198098423232897,0.46405271805813636
-3.9415925115020567,-0.19112480763142248,1.6714614563361867
-2.7104659386560828,-1.2690365822365202,1.6037603322532765
-0.44545640196592806,-0.07842140959027277,-0.544175114469762
-1.8193202530128816,0.048498824904330017,1.5891557905551332
0.04238314826321243,0.25595022062398776,0.11823605140011542
-1.2209888392857917,1.4929910785847724,-3.940099796716604
0.4896213632080222,0.6370437947677408,0.6544277190881049
1.4337343166281231,1.3263270406564656,-1.1161253763365762
3.040319568319973,1.06082355225776,-2.336839266809019
1.0791899627882011,-1.7730490694397671,-0.8234945288112439
3.4959272632278573,-2.13001981298699,-0.73053041380175
-0.9582930754649883,-0.8705995232224646,-2.9488145321478436
-0.08068848291969305,0.20196693245204628,0.21052095898378015
-0.4766893881118121,0.4697514631672228,-0.38116825239173824
-0.028035244795689584,-2.0816533885712647,-0.5935059438442916
1.0986838671322372,0.027070382050431628,-0.9289250582057597
-2.2359318991633303,0.9239269607010363,-0.8165554347277305
1.6473122811206136,0.6891722079798566,-0.5569225775133934
0.3004223891575075,-0.4793296509211722,2.022036603500404
-0.8600104222835282,0.1732657162599499,-0.6435937885213526
3.7947703799799486,-0.1551577873557821,1.583830041807853
1.2678189434340437,-0.8113138416339576,-1.8002600547620289
0.8221023583149378,-0.6185047636636876,0.7949804023466606
-0.49354809053940396,-0.13387095054669365,0.33968705598736604
-1.549417661024774,0.631910827141679,-1.3412983352066918
-4.319755382520814,-1.9414489965958117,-1.6950795132882606
-0.014723652714077717,0.6375952068130581,2.2343121617716006
-0.2262525414053999,-0.44453569889233463,-0.8892121948873701
0.25856848768545204,-1.371893333149794,-0.7213015029147456
1.8700321470016399,-1.9790033000969132,0.0019440057968620195
1.2430199931290875,-1.8599541859144064,1.620416382875855
4.746543496172413,-6.658777759473324,5.942172314606515
5.439964758537395,0.21921864966759247,-0.19251370968331993
0.6837661340472398,-0.8402783330532574,-0.7473877368609746
-1.115093115773769,-0.3836203529138067,-1.6974303845653256
-0.6108193673435802,-0.4169539597721939,0.48510160561164223
-0.30927296862292364,-2.0233223367031132,0.9992530951531733
1.4195793482073835,1.3341235489621959,4.375645396197498
2.820161728313101,-1.048313492861658,2.1043688634081525
0.5283117788065255,-0.3356765560755732,-0.009130277468874709
-1.3836187922380918,-0.29355661609870976,-0.14158708754278068
-1.4884838877582767,-0.6858294985337001,0.2881496593511597
-0.22075713323094126,-0.2190618036184373,0.21235448635528847
1.2348554993450982,0.07429766834943877,-0.8073987382628953
1.1891449892028385,0.7931778765444131,-1.2299111831047111
-2.257458523673972,0.05773709311105468,3.3297643489570787
-1.100248278842964,-1.5149169988874025,1.0175953234650525
0.19316873006734847,0.5844054075575897,0.3773106898439641
0.5330948680732757,0.09136691345657438,0.20828927766999497
0.21590656196408048,0.28665323226625067,-0.24510532094964657
0.3350924801432168,-0.21548438535142764,-0.03584192666602959
1.4047865305833027,-0.7402645151267669,-0.9566157413399565
-2.5183745032490616,-2.3193689000146653,3.4791039761533855
0.3171285325082467,-1.0225341023099976,0.4529657037940448
-0.10331422803623112,-0.04018578561923347,0.5603502809657643
0.3938853918727564,-0.47216513614060107,0.20437351793512476
-0.32264721211800707,1.8175358964785628,-1.799027199255281
-1.5537055033469762,1.812452759952085,-2.064975882958173
-2.0376534517069183,-0.5414746225315912,-0.96394511554591
1.1288081573734277,-0.14139735721286217,-0.8022648179223173
-0.27076602867403693,2.655591651135749,-0.6166647659419059
-1.542920138364387,0.8601286138765507,0.700423514529238
-1.0188395538836097,0.9240092335289796,-0.25467007165780875
0.12059407987222778,-0.13527796997066438,0.3383369980475056
3.255785171159035,-0.6087796093665523,6.853244272106303
1.051605906999521,-0.6494762451961306,-0.3585356232330264
-0.1969184619831055,-0.42397328635626563,1.2296989053903615
0.1407374149462886,-0.13918412319460782,0.6191655541945045
0.4268620730493551,-0.23527481034777503,1.243485355395279
2.0331266712728375,-0.9217031120435156,-0.997840726594429
-1.957953805797392,1.349340336121923,-1.4667691924138926
1.0551190065299318,-3.015131467011811,2.034411004071576
1.2768089018554867,0.2267951220357392,-0.4429571516873107
-0.5257619177954471,-1.240485629229089,-0.3715738404461424
-1.3869418236698028,-0.7962146477193744,0.5214982975259771
-0.9789463434177962,0.7805169815600361,-0.6854552060072675
-2.3303091627713988,1.9175760966134618,-0.8372485475649987
-1.3070700967660436,0.3749041231937706,0.7223444925252488
-0.9116892375957305,1.4515402538225883,0.8298901769163345
0.4369168086782213,0.1284641249079861,0.05142599486326331
-0.5358767803297515,0.19908521370557608,-0.01582320039932522
-2.592466387416558,2.029139167757416,1.7320121152475034
1.060077450733119,-1.3867405950005116,-1.4144924713159754
0.030248019557939043,1.0594602164570417,-1.4687886230900178
0.4687674791872943,0.7786318604031928,0.09961706243649429
0.7230832917830199,-0.5467914181026146,0.8990855899531549
0.25392335316444503,0.09718206335058945,-0.41684880219642634
1.3916983685243713,2.286636924247615,0.9277350150811419
3.986845749429686,-1.551265860747956,-2.5533189750314347
-0.11776693618451678,2.78742193057494,1.002888012603614
0.7923217812253633,-2.7844562325625324,5.207440011791702
0.5142053108184761,0.46931063355756475,0.5965995804085343
-0.030649924768258535,1.4708444031818917,0.3041048426394347
0.07937456499892388,-0.30572987783979955,-0.27143299970922996
-1.649929600722638,-1.0436251232457667,-2.1346320591648804
-4.55607812730065,2.827785721437049,3.078615672880935
4.115656537532771,-0.688480594766846,-0.1324935881799604
-0.6586498868044699,-2.503657173031289,-1.842819684781043
0.12417704809706663,-1.046775455285064,-1.4527217396197587
-0.49491013870908623,-0.39223176856503084,-0.6035395591385655
-1.1556909214485898,1.0572451962419356,0.8505932178032249
-1.9488802142956083,-0.007874579607597548,1.2027664946759866
0.7301189489262447,-1.7321100767976214,-1.4294013804288177
-2.872630393260626,-1.6248665397790254,0.3907168847501441
-0.3885604192833235,0.012896118247457775,0.505286557341796
0.11840254986590978,0.39647910061798936,0.5980618135297262
-0.16235243633989213,-0.30357870239150414,0.8445035211639185
0.42542463607418285,-0.01269913295713685,-0.24223811721546867
-0.9285591759923136,-0.08817167272186063,-0.22599546027257983
1.739339660067395,0.13271510962954738,-0.19357056683231377
0.5293468329276336,0.4121967791922647,2.9152812409530906
0.1262243820847268,-0.43112896110093935,0.5283553738405037
0.5097341093872416,-0.1543756248059378,0.024802141012320547
1.245711607028993,-4.383885589021984,1.38706333109584
1.85803891076437,-1.2283607874698168,2.177581429673533
1.0869044134502617,0.1535716068367714,0.8623870831910858
-1.1081181174760584,-0.4525540406312576,-0.274192256121655
-1.6718069226036112,0.14812363959841096,1.5736315755773445
-2.8709138988917506,0.00034438136976825545,-0.7859570263872291
-0.24445052469244286,0.04410257801923968,0.279707927119554
0.7775653751039805,0.8022172496849846,-0.42881842596438213
-0.1967155953578953,0.1433946303293704,-0.21345463900075268
-0.14249320954231934,1.3440220800876574,-1.2624166392661638
-0.5079816842780104,-0.5425757095986211,0.07634779559965862
-0.43581804577222316,0.07183090316417078,-0.4809202249639837
-1.7593040686490782,-1.8821902970696631,0.32090185070390337
-0.49717319009647687,0.8207216824610968,-0.26713526118261793
-0.3835604244375581,-1.7834772303234678,1.614142828970289
-0.29232624848285393,-0.10710592218777257,-0.1672975287800476
-0.2055178083538845,-0.12858881328932575,-1.7291843358296888
1.8133360888865127,0.005248915891339842,1.0172623726586882
-0.05423454605933034,-4.477556196505447,2.741660791116103
-1.6755446956857478,0.8135177472419508,-1.1926226988200583
0.5382644902738742,-0.5206401791024283,0.5878304118588752
0.8357273456185559,-1.556561898807373,-0.7998158993874394
0.10878189961648763,-2.1374381735920873,-2.0003223523289604
0.3518973298918939,-0.12512480598134867,1.0631432606986193
0.05075792436087534,1.1384829634999682,3.7880929409983204
0.003709869918450237,0.3901603456436855,0.28933346204468796
-0.0820534759366653,-0.352821167540079,0.3767934464674697
-9.304537692204324,1.5136393158821644,-1.1846137862968351
0.21969674595307495,0.6327168511449494,0.2579685937459513
-2.5802332039723295,-0.44435877159577397,1.8277440506512046
-0.5850315307642184,-0.789143342048151,1.5055798217341285
-0.5986906365093717,-1.0617696538883823,-1.7888577556856387
-2.1902224323591826,-1.7593263842678635,-1.0012389097015642
-0.6055009844671736,-3.17373323721107,-1.2201785549970068
-0.10988904159870028,-1.2234666470044722,0.08942791009209006
-1.3069828750726726,0.17430728318285227,1.3694996582843377
-0.5436450216368054,1.61532867632652,-0.15085161952684273
2.527326678911929,-1.602438056353466,1.5784792342120764
0.42167531388192836,-0.9592082098049677,0.5844151226550418
1.4090339299211179,-1.2079602640149563,-1.347380510125056
0.017632869007667,1.112598555837049,-1.180438651790834
-0.7937024496753997,-1.4254798761978862,-1.299689544631568
4.305516430442822,-1.5283735582016014,0.39597755000150525
-0.6860864159571152,-0.8419303562344388,-1.8140452298831693
0.944349119436118,-0.36756658983524676,-1.0166913593372047
0.2915807197059878,0.14107536199447104,-0.07641999610967898
0.0737235589106616,0.08092707425103873,0.08772085117128475
1.1327716050047822,-1.6425542312004557,-1.5299934170885414
-0.17611244494236872,0.440908763102562,0.6673126568680784
0.28296573862943836,-0.47658476115222814,0.2655589070166513
-0.10585108533000258,-1.029589662420434,-0.48294618438800896
-1.1911749244937337,-3.360525925037001,-2.292075594773452
0.9216276097167838,-0.39602748520384234,0.7889610018026787
-2.4505342442824416,-2.7986579469958492,1.509924543844757
-0.4679659583543756,-1.8470357547453313,1.482268179031958
0.28104953253658105,-0.8390030185239058,-0.6855180500168547
-0.38420624548335086,0.797316767134114,-0.21238458545761896
-1.8669411920809176,-0.011313624726314808,0.16981094935808194
1.1523130063117308,0.04216453420800567,0.12786652000538434
-1.3870435368906087,-0.736922471567576,0.46824470913441874
-1.078632835003874,1.2344742391205323,-1.6835493629523517
0.8430830494403018,-0.5363330154706649,0.7697748481995629
-0.2751035243642128,-0.03638415489982136,0.002419122757843034
0.6660138863729973,0.18365010928949926,1.0791626021246254
-2.5843858624846674,1.3339843491153853,0.7202389330221569
2.219247529903776,-1.1206645904293202,3.5959447788495864
-0.02470500846267526,-0.4973358746588457,-0.9639159387525653
0.4255034338401418,-0.03582086078624716,1.0462937280882822
-0.8381525670859269,-0.15578942672771623,-1.5398808597653648
-1.441445806520929,0.6620862515050117,-0.008650386461722781
0.687440853344581,-1.4345270885572823,2.277191888287866
1.0262838344077063,1.0602458349938106,1.130079076422164
2.2217230615013985,-1.8671479444555874,-4.309539342122689
1.1595435018185478,-3.8436455629636543,0.7146443398405784
-2.8592674666296567,2.0040915854781174,0.35110534265120685
-0.056421417954049646,0.08432854140879381,-1.2584814420535622
-0.5475541467668763,-1.9069696786437147,0.6864007558479474
0.457338698967403,-0.49804500034996874,0.47455401033637357
-0.37940821154187454,-1.77169611484922,-0.35296537228796393
-0.3720026439392167,-1.2913595722315903,-0.4508719997137633
1.1164317393868017,3.761051265085604,1.965619728878235
-0.15991287757200148,1.487581357064973,-0.6310672245568572
0.3340930317475557,-0.03258901139871158,-0.07268659780207228
-0.4515016223116983,0.18003866296116164,-0.5343898595395766
-0.36640293674142055,0.6729688950344834,-1.6884858117175523
-0.8264898714659278,-0.16871034576838745,1.6515661885891253
-0.25661760519355786,0.41349597059891274,0.5975463763696149
1.7735391410086527,-2.1006342434300054,-0.2633624065654854
-0.9952629977094887,-1.0163948577862087,-1.5095861157589736
0.9490398787587951,0.47140430126387645,-0.9743182736522153
-0.4777540250130383,-0.017599591017788074,3.0652465044089454
-0.05019476786280502,0.314410069791278,-0.3083461850713728
0.9319139256085551,0.7852468488419472,-1.3306153109963326
-1.842724455584524,-0.8221462140828815,-0.8449414680379043
0.8922348578285206,0.4455855670508993,0.01317427290642681
0.8041580046654054,1.2991832263438519,0.891685999288322
-0.07332499347665156,-0.787602415968744,-0.5265249068246809
-1.1276628029212368,-0.3849274745990954,2.4746296011926487
-1.0327548249413707,-0.07071768131838224,-0.345582589136636
-1.343500631156591,-0.14535315262366477,3.920645134144632
1.672665021227722,-0.3430661102947825,0.6010410157389662
-1.1682516663029294,-0.25788565441073363,-0.08747089875551811
0.5195501487502016,0.7340608737354255,-1.2615972221631484
0.46183833794948836,0.2759884633091975,-0.09542207905344166
-1.496751682983055,0.24279291030721314,-0.16466341807589535
-1.4636414244581801,-1.0060638317337238,1.1078893768091824
-0.1243078053850358,0.3823479740429306,2.450074921232964
1.1274798213119013,-0.3489622175712491,-0.7687420677857907
-0.5109160466896794,0.7384807430193575,1.3557606140026857
-1.6653786083428452,-0.41999450954166573,-0.12365363853095644
-0.12857205420838727,-0.14610680694094708,0.15391152631102772
0.8356610357186829,2.2365394242155605,0.1606801575242686
-0.5493021389262708,0.18850972879398825,-0.6557472165995397
0.37114959106945944,-0.6396309866027982,0.13938815112580163
0.32278287797167876,-0.3875417391564581,0.37478666874725514
0.025502342768459,-0.1741385470067691,0.1541566768033489
1.865555455013304,0.1681149646823313,0.7858905671736617
0.1953227114806398,7.656855213264437,-0.5917505142983094
-1.2463771988913432,0.2960111341485152,0.0371829035747686
1.372398534001832,-3.496993473582459,7.662342236919794
-1.0966823248874693,0.2589710389357199,1.047042184582964
0.1776842816071293,0.18493726555803428,-0.5696260243607849
0.4575340186972482,-0.6395003736861528,1.7351444514939225
2.234678528449129,6.6824267184234,-2.0347013897773887
-5.721298635915578,2.368752636649654,1.7497281368545328
-0.2641734152320834,0.43471116485258227,2.1137330323340406
-0.7276176961002108,0.5203042430057268,-0.1335580813837916
0.3794013827512708,1.4522737593051718,-0.676051404345969
-0.2670419798616418,-0.8265712467530907,-0.5912849201012229
2.911956491533802,2.3764776388810254,-4.268697642498257
-1.147968152634524,-1.4630344085369902,0.6169615663671444
3.0589813048604553,2.9862356106485994,0.29452076422022655
-0.5320588457264505,3.5390124169346096,1.0541666318572582
-0.2640462110108649,0.16597683209341105,-1.0615352053502927
0.8398199513857172,-1.2558780151700337,2.5100022952788845
-0.1362303452891156,-0.20077861036470462,-0.20134252649117057
2.2364840704293023,1.903598983483235,0.6211386756816493
-3.0766089604040845,-0.550216229232539,0.6299349502816046
-1.4980012222525683,0.8592221064714262,1.7040720086191934
-3.063709571059999,0.7576903513740816,-2.884720692700416
-1.4757942605068382,0.029509786333809032,-1.2968528366846186
1.8756983768021367,0.6052479263473094,0.5066552426095119
-1.552911568518476,0.48158651757372917,-0.5139073898151771
-0.14648059090769544,1.7652229312915109,1.4834574847169273
-0.9240311549813038,0.005883524911133309,-0.8242379696397962
1.8532669577221772,1.1256136741053442,1.5394390626985186
2.254837788589089,-0.16696042626244356,-0.34803646474141076
-0.7948035322780971,-0.37650553079457505,-1.39040744851342
-0.15038155030424202,-0.5573199146905731,0.5960059072833199
-1.6333899913635062,-0.329761106627641,-2.8508329853560035
2.376384796313769,-0.4370131420945793,1.2887586733893508
-0.2911181117130914,0.287001257468519,-0.3969638443734648
-0.6017339766067384,1.166073808880596,-0.7977905314762007
2.7851573057084993,-0.9438235112816864,0.5180947341079836
0.04935844098146609,0.5665549579655715,0.5584503418788525
0.8912705340415326,0.08334238002292989,-1.4309764246488281
0.6018066294575303,-0.2095355005776051,-0.0069673970578739836
-0.542932294689064,1.017931843577513,-2.6104876436094804
3.2869604124805494,0.9229493305146892,0.7639861353366463
0.3603145800804664,-0.02533260302050297,-0.26123629926729086
-0.5878776736952007,0.8214054009236784,7.167295167126665
0.45051943870784245,0.09483583385225755,0.26737650810231395
-1.2704381589553921,-0.598108828863629,-0.03679710939860403
1.812042504396608,-2.3955845347087688,1.0057774578884022
-1.4714214713107152,-2.8550589016045036,3.282348572852721
1.136654106611688,-0.23866308860387464,-2.3506254977179584
4.607171997023559,-1.7675446510500357,6.224157591648833
2.0129926689167235,2.174894004707458,2.0567861183154417
-3.0881697486607593,2.8710186365151644,2.223904105709434
-0.21418281502694245,-0.2033243420142739,0.21074322906472856
-3.193128515725599,-0.59421047118781,11.821962845503789
-0.4128972589588821,-0.23169430868996663,0.9528443485946897
0.9949003019098684,1.0868364064994414,0.2804094225733232
-0.5680063181511058,-0.8200874347252086,-0.9227565474516357
-0.9338003006986524,-0.3334363233564956,0.015528684943024
1.7584001072508721,1.5100541965121979,0.017416858268714294
1.5628611194603779,-0.9445248308159189,-2.6107934437646434
-1.0822843215224074,5.157503932349885,-0.16481376068552223
0.560124398795343,-0.016999599613145955,0.22210915619979163
-0.8911384358425729,0.19918932685237903,0.7127222415009838
-1.3998968550369608,-3.303564889205633,-1.9539916908309694
0.582899843801467,-0.3083439510824382,2.3900078342610196
-2.121959539658662,1.753171325798996,-0.8983553677179449
-1.5222907670594203,1.8709686022964664,-0.4124623443368213
-0.37004033513100115,-0.02643035318194151,0.06545634465076317
-1.4548617646748654,-0.7357711635978029,-0.6021955147711843
-0.29608625205902994,-0.6718460195625688,-1.2405429467944995
-0.0013738878112702366,-0.452014794637298,1.260703905446342
-1.1572125508023339,-0.14698301666804045,0.450838278644524
0.6370410932253316,-0.7859000015462707,-2.3382641617227633
-2.1579816513811974,0.4635204972622312,-0.11805838612995702
0.10938300717735074,-0.05133843135769334,1.3054466994028462
-0.09988032848609991,0.08025937224116507,-0.04368472437177735
0.2086014078377758,1.1630074513385014,0.444277522809587
1.2829316671504352,-0.3040228151072149,0.2886638431087408
0.8095699416086299,1.814152038935983,-0.14488448587473293
-1.7177981296953158,-2.9576497605096637,-0.8559496929354171
-1.9805114871726097,0.8563543465381734,3.3173769626932557
1.9360259330495637,-0.8932012814016715,-0.37106932707177126
1.3683771373539382,-0.9505361894059458,-0.3756773518379696
-1.7362141144376755,-1.5629838154590037,1.5460977319214633
1.320472549807845,-1.1646280671126978,1.5338472941798504
-0.7577178195165514,-0.18567491277853593,-0.9521372172348087
0.29217558761274404,0.23179046173254508,-0.09810343580139369
-0.3803497230628836,0.0318642582853626,-0.45814883348479457
-0.17797840540454737,0.7204776544808973,0.10034247088544854
0.2628252811642487,-1.0658383127591193,-0.0986228467943764
1.0605925461701153,-0.2629834011238201,1.6334631044912789
2.639882289540951,-0.2908516563343562,-1.0143562561245145
-0.32464858071683067,-1.28726698553825,-1.8995426139290572
3.1525320017717027,1.2950694541172232,0.8637941783404246
-1.9098705071181965,-0.64828751077813,-1.0537014948581729
-0.7867968535914809,2.719784702506738,-0.6592341363588442
-0.7495986912721501,0.5542669109473342,-0.5432651439998704
1.4182101007423087,2.193010421425737,0.3336404120028679
0.050507299837581086,-1.4236036954176952,0.5325681375283268
-0.29945976076501307,0.4018858245820812,0.37491368856627527
-0.01213337214535802,1.9993670048435432,0.2759516399618492
-0.15887324837472477,-0.5624673366345433,-0.9690577943855703
1.237731831194888,-0.042240686538659394,-1.4703236290774284
0.6323582251058628,0.1734581020880534,-0.8736978457200533
0.3163552131784206,-0.3829604535306923,-0.1193392572576856
0.954118223071117,-1.0910817268955313,0.25804798983220706
1.1041763459885043,-0.3588987259814347,1.5011177475592064
-0.3934293951656639,-1.4936786656570948,0.12739077661840736
0.2639183734330114,-0.0069869369178014035,-0.00918669456330562
-1.0881861070566872,-2.814855668139956,1.0852420384646122
1.915352395883016,-1.3807129757974337,-0.06663388097336029
4.076686795803754,-1.4649342595537402,-1.2408291857967049
-0.2433280139157608,0.6653590988516719,0.4165410596380129
1.0057112433114004,0.8588726916448135,-2.056716483677741
-0.6109103382841667,-1.3645378208137462,-0.4112148577610033
-2.772488223168388,-2.3733328805526126,0.059816091158730676
-2.7056079538324953,0.7431498062107346,1.2342942363704932
-0.04795788557586015,-0.15904217101081947,-0.5889741782878298
0.12493406861728763,0.21821879195263105,0.05142017041891844
-1.2105507417984747,0.8430343862228392,-1.8760749134224406
-0.5958894919498011,-0.360139794622391,1.952348419360121
-1.619963255795215,-1.1512512383867346,-0.9083963606670195
0.678802092195366,-0.29716293290154216,0.4616813083356307
-0.9235194919121368,1.0890388422612562,1.1485378168769902
-0.4668586905668286,-0.42706530186642994,0.38140849681723926
-1.71966356520743,2.1042953243723046,3.3838118988460164
0.5484575528137297,-0.9692645971175261,-1.1762806420642566
-0.16295359491670713,-0.0813112150994954,0.013130951224271548
-1.2144760024336778,-1.985964121210539,3.0940424916762184
0.6105642574561932,0.5986335092767138,0.4687507442363851
-0.2688176938639838,-0.34220199580900307,0.32493305205061823
2.6692191089781727,-0.47524090264450763,-1.1585853898184304
0.1968314673294867,-0.8487880535769003,-0.4744152356795923
1.2521509953511318,-1.0621037315698567,-1.5612643270113216
-0.14239313629825925,1.1392487136990654,1.1013953908289906
1.3647726808628022,-0.028765862450702562,1.3031331696674628
0.42071861613396444,-2.833351888949986,-1.6893078479316834
-0.8321886758752186,-0.2825511832805583,0.69257406001725
0.5118098458559401,-0.3258037882556492,-0.0034031944221220856
0.015930847708965662,0.013485611812709249,-0.03985652221665187
2.1033265905410783,0.4277306867080491,-1.47247986921037
1.0380732000650996,-0.7265271894561353,0.6267196286230653
0.6913797307559488,-2.035643157751864,-0.9652413932342239
-0.3538413874160953,-0.0971083490070618,-0.11015125927290738
1.673133616571696,3.0697245264984887,1.7648722403988317
0.3569199447110506,1.1065229974246211,-0.8249028023276886
-0.5691445753346954,-0.18924921138928225,-0.5961888282776827
1.7688968835400432,1.5342235070322463,-0.22276232847867816
-1.7516416746850128,0.8141922522202896,0.6050856355539974
-0.17879433611030504,-0.049999131687369816,0.36121317363635963
-1.2651913659795495,0.31342687398745045,1.2073075687172037
0.20266172971245477,2.3150585234955874,-0.7784218098165241
1.3791266291359858,-2.582804498382359,-1.4009813882032218
0.42895322403135966,0.0069157681806866315,1.8029669746037436
-0.5663705447611752,0.5036849906707984,-0.2091272407271008
-0.7425335356236922,0.8317035597321638,0.03094277179197566
-0.3870790626927909,1.7326623179100682,-0.781676955201333
-2.7493667277866582,0.45223601893222026,-2.649103366767622
-0.2627760506005942,-0.6161684971150495,0.32729986123649424
-0.2448043473466712,0.143448618289109,-0.0023286747428213
-0.20280597573998094,-0.27880768301978165,0.09607607939681043
-7.126143477793838,13.960113518707631,10.788534540986104
-1.082269738164353,-0.22657208508681462,0.024162896031098478
0.26216134687565146,0.6924186174451206,1.5662292864319258
0.4235686704582471,-1.4077302990516847,0.3381955751916099
0.6459131944975972,0.31057489569384095,0.6827577214861625
-0.8897205101771793,0.20855829104964024,-1.9085061724857795
-1.7257396095100146,0.3443772959846448,-2.5946425884717854
-0.367099000413882,0.011483996325549688,-0.42375246082831663
-0.14687565558707869,0.127758526468465,-0.004520458663533696
3.2357863924334938,-0.12026844418277097,0.6760466446524008
2.157954221846648,0.33443554699758016,-2.327837071301086
1.6186373005327452,1.7532229058700284,-2.2739761948367145
-0.10593739885488834,-0.2707324770642139,-0.37615835242785933
2.1975009509220524,-0.13032305381529652,-0.8768835548281435
-1.0248578574170775,2.1158582544501785,0.8327648688825771
-2.8307740267643413,-1.8587144444994523,-4.493275328829584
-3.924584709242344,-4.805185070374961,-1.260666666196502
-0.5680368355568566,0.6251413681244662,-1.8214166743457432
0.8270427499677275,0.29314434410721746,-0.8266356734924308
-0.03756392184379001,1.01939651723822,-0.6000785358583534
-1.1941940711159864,-0.6309215038003111,0.5318358760832324
-0.9210874347013465,-1.5407460703217108,-1.656433633226303
0.9211418979488376,-0.2638604867971473,-0.33148632309215975
1.192497702016433,3.532417725152918,-1.3434997825763089
-0.8983176898177317,0.24848821057381273,-2.910016974724686
0.8531022547060881,-2.7443248325127723,0.8194578188751496
-0.4269369573933025,0.5057915491612291,-0.4641793034609913
-0.44712599260291336,-0.007965887107662772,-0.11547193837369647
-1.4257009764252027,0.9764879006300982,0.12470111632223269
-1.1512394987167438,-1.5554469106322812,0.37668419908994727
0.624268888426145,1.006426753513944,1.0989964199789386
0.2855236117163826,1.2506575414721648,0.13121481375090838
0.9042908146819894,1.0645651009370538,1.82813917980387
0.5227134428673339,-0.6320045192075002,0.2603016637143563
-0.3575734558573517,0.3166209721113167,0.012500765414693152
-2.2077285620128304,1.9546569740410964,-1.3528003575333654
-0.9256080404006182,-2.1354169327461205,0.5932126570214709
2.69803687217393,-4.346193219804885,-4.157804426210126
0.4030527654117703,-0.48412093480465584,-0.47312201649697183
0.04987010970606531,-0.22220419353151633,-0.18484186625201088
-0.6365441701190473,-0.19126450216058422,-0.9854400489385393
-1.6573314568349642,0.26445708050190175,-1.463823919231281
0.44906761000922435,-0.4380130676805279,-0.6553993942229526
2.255075504233834,-1.0364830439726946,-0.16218592434441864
-0.2855888663691732,-0.14719527825923023,-0.8158694811624383
1.7660004148794954,0.44963467094823567,1.0359814920614898
4.37997669846399,0.13835340055059686,0.3584517337572841
-0.5153806226628488,1.4755423303235005,-2.1366214194693947
-1.6850785289317938,-0.6763334948591047,-4.081459679253415
2.562754562077351,0.5525600836354976,-0.8451014043681553
-3.2647105043438627,0.8561128630473688,-0.243726940397492
0.058268458103232,1.254257244663978,-0.022254526490162907
-2.5853863854046346,-0.38614140008509334,-3.037277584219899
0.7699587700825705,-0.23562579256736632,0.23814583605072454
0.7058179466733578,-1.0136287507225303,-0.9325289775930173
0.6926233101521341,-0.7014720251683596,-0.9291449166041253
-0.8289417673793793,-1.244248328224598,0.8119339894391305
7.587749064121434,3.1549498276011256,-2.043524827083429
-3.1259192181516315,-2.669830223419908,1.8198647361780047
0.6956854051315825,-1.234669558653766,-1.3692244310389245
1.4705332041342767,0.33669537849055187,0.2418451086473996
-0.03194278197925869,-1.113704993497946,-0.4621249012176947
-1.646806620676356,-0.8063337868090045,0.017307552662019915
-0.016425646402131955,0.8914196223276033,0.4490821416132457
-0.49334899007932564,-0.3008214274800688,-0.15082058185623645
-2.040660123920784,-0.49310531062769586,1.303694642883662
-1.2070839960630075,3.1720908651752944,-0.3945404924036744
-0.754514187870137,-2.189841691528659,0.267468664730352
-0.16068831575377515,0.0323308356351297,0.04285778515964574
5.495996419834819,-2.221718815042988,0.5140968276862617
-0.08007656339816005,0.9382494004101125,1.4828050233023644
1.384817750101266,0.11131395614805778,1.6289518150812423
-0.38100864889658115,-0.2583496935972663,-0.5374564352308847
-0.17204961668125168,0.6982603639936843,-3.168739812492045
0.17900012183934938,2.3062516230092034,-1.5081614136528825
-3.561440358792381,-0.9725365657950586,0.7804534513585166
0.16370435017603518,-0.6962333929558673,0.08962957210009437
-0.1683514437831089,-0.4148099358462407,-0.29288723399541916
-1.9298193876354877,-1.1596846310724003,-0.28705627430286673
0.8879235079425685,2.5761835184222743,-1.4127872944176247
-0.23739017146186545,-1.8046990968278638,-3.0973120583828244
0.6558057945284502,-1.552707277990359,0.2338653816909031
0.8916483084623237,0.12225132582653891,0.2575806180373156
-0.21954105996093573,-0.7938348309863033,-0.26619177889972573
0.09027560842989038,-0.13055107266506832,-0.10246216453798838
-1.0729265801696588,0.13013846672712132,-0.6884000184069476
-2.0900540328290944,0.2998022047707486,1.0675096952718164
-0.04405127861762581,-0.34651677506737766,0.007519047662554887
0.08290763745965196,-2.4666037914788275,0.3390375722617942
-0.2681414524228074,-2.376274438956572,-1.3939713417931356
-0.21533906426471508,-1.3532559019804418,-0.031030242711442307
-1.5148769655834227,-1.910900579475529,-1.4984139109383257
-1.2905657826579606,0.7088409484271169,-1.932408184009349
3.4185922723136524,-1.1958520314864192,-1.6390824897857867
-0.3514442266804417,0.5630062138762816,0.11515939629037508
3.1652309510510346,1.5234250896956254,-0.8310557947999022
-0.011498544086115448,-0.39447433942487525,-0.9834284466221261
0.7529158139112051,3.3905055735540466,-0.8167519494091868
-0.9174127347608833,-1.316745843922156,-1.6476754033607388
-0.45942465086647943,-1.3385072240735296,0.4208885596060489
0.49930701360629526,-0.3139084646065649,0.44367101675014564
-0.6726507221034034,1.5905214333120121,-2.058917138439627
0.0275370598108204,-0.2447175488213063,-0.18358737036579748
-0.09955972959605064,-0.6821809783645711,-0.40806801626620465
-0.17257981619852003,-0.22448455126330363,0.28914044541672274
-0.29134281928839273,0.8298882519712856,-0.5193280172355472
-0.530246736398253,0.8162205541669307,0.5620750335393125
-0.549455844221149,-2.069170609476953,-0.5496725075664581
0.200490823111944,0.7041878402369245,-1.0351540373747006
-0.3542696666184002,0.17712728868862904,0.023587285194838235
-2.563909758101683,-0.5200935272767837,-2.863815861386935
1.9716956577211118,0.03364777249430827,-0.19210596537376368
-2.5638589696379093,-2.673793851529311,-0.36937180297908295
-3.2811059395903555,-1.0910607825969518,-0.82675529993337
-0.5406845020027363,0.21314517022753127,-0.5572891744378028
0.2857095631631235,-0.0464827311753771,-0.2188259837211581
-0.2879300275410964,-0.43587020868931076,-0.09313472770500764
0.31821286894973727,0.18931067679859875,0.29661819382602705
0.7564705576058178,-0.12629033108027882,1.4490904715224118
0.30233600151744355,1.7013714023813118,-1.1641494931625316
-1.2919397503800025,0.015925673559000188,-1.7494196751772892
0.07500091406340971,-0.7705180911417716,1.1917565939299253
1.0626029802278494,0.7617863763981763,-1.5381121031522658
0.1976364181065573,-2.1292418914287214,0.27440757857726217
0.48519633887380137,-0.07613600781658167,0.6632219543184233
-0.23929496835453243,-5.051985721629076,-0.4356033540671622
1.100350301090967,0.9483942119140193,1.9906663484210279
-1.9888824496211317,-0.3708772512079409,-1.1326412270407653
-1.3116913710331592,1.9268000335243007,-0.42132468712371196
0.9361962085619665,-2.1669582907722518,-0.9015702545586739
5.509156792089869,-5.2118902889147245,0.6159563767861805
0.12279409516658708,-0.25137186792606553,-0.13625166230069505
4.168168891725128,-6.982686573188349,-2.080975950023376
0.10794843008655863,-0.03367414355381407,0.09996037227959023
-3.2256273321518676,-0.5333861344021084,-0.050575116585284595
-1.2244666276393448,1.5849172392165094,1.1513722809733868
1.9555730345862556,-0.8935871947968318,0.11297626841665645
-2.451491724155371,-1.6842865448041349,-1.0959922974795322
1.6601300870475955,-0.35252880771544615,0.2742065503691347
0.0023969468547315187,-1.8945773406178388,-2.83796268655888
-0.15765832361707302,0.17819705686698156,2.0044962727261417
1.5720689250595814,1.517904106151125,0.5221538528925784
-0.8569792874822236,-1.7090855071573778,-1.3146601675955465
-1.2598825554186142,2.707218299395881,-1.0244065374795372
-1.1074472233947266,-0.6849385880937282,-0.7137064199479118
-0.8910080062886537,0.3244225272537941,-0.4768624897492756
-0.22424918397336108,-0.12467562924201624,0.32733609227349886
0.34757413438575324,-0.13779361657484396,-2.224288448909589
0.014950309417542745,0.5029621010719256,1.5594064226697932
-0.2346454353679282,-0.35772905226521756,-0.047664643369178306
0.23985821913462052,0.5975411952556033,1.851521868208318
-0.19931328407776536,0.5868531920418696,0.44682241951871643
-0.7295924523181401,-2.8289679223661706,3.9930975421177073
-1.6140139300989746,0.569833988752191,-0.651726492872733
0.8390832273697261,1.4491817595940606,0.6039685830657826
-0.5132556556558187,0.1556472086946725,-1.1098882737134699
0.06200344853537284,-0.06938323767432047,-1.7860324526341276
-1.0086723956438715,-3.6126604904920123,2.3609286601272594
0.02994527139353262,-0.7475288106787819,0.7946733793418088
-1.8861944553729857,-0.9534039851022346,-0.8227355133281293
-2.2179916628312486,1.0938029908690312,0.31596978904775375
-0.04843015851972007,2.175377410310844,-0.04523079954072834
-3.90188471418237,0.33469154567253334,0.44463643192623814
0.5338598865907713,-0.5880556097800578,-2.4654669293417295
-0.4512668607982773,1.3426392286649083,-1.4505657511445658
-0.3142156188231767,2.3737121490397497,-0.2802775773648783
0.09811285425979344,0.5411968399980565,-0.313463332497584
0.18611881915423356,-0.7127281953092337,-0.8763425253601331
-2.729837542395626,-2.580719543473879,-2.9592386740496623
0.24561729071366267,2.0220942499730645,0.8655628560591295
-0.6856353011414035,0.08968461249205792,-0.09018428236927412
-0.038436170761614125,0.10681501591115684,0.048879785964627165
-0.5390661484362448,-0.09003712358647956,0.005742368066586623
-1.4087684047603914,-0.3122250137615288,0.4008861347309492
1.385233703853705,-0.12413960185327756,1.9435543455043698
-0.04825547519278493,-0.6221511121951938,-0.3426042865708664
0.7634245825747559,0.7940578987491734,-0.992089383831714
-0.2772324985661484,-0.2763591755686855,-0.006232542484336329
2.1443905441899593,-4.653919786169011,-4.455034158288866
-2.0411522545983996,-1.1044722641473035,-0.18565549587945143
-0.28290138904548323,-3.0950828471664744,1.9058064498103975
-0.04329825534144982,0.48678659411606123,-0.7259549547924505
0.1490939514280795,1.532145871038151,-2.639042124236856
-1.586119773788052,-0.1714760732621941,-0.13634396089513431
3.1810448050348508,-0.8140106563737867,1.0692106046777614
-1.059835397708188,0.18587660130270015,-0.5339113239591287
-1.6646917065854394,1.4917782695654185,1.2848264374960467
-1.0424121909070265,-0.9869275779734294,-2.4784919955682896
0.3280879619165703,0.28454010189492174,0.6095612278982401
-0.15288411043276368,1.4704176372865738,-0.012441206132522198
-0.01595590179410336,0.22055690756773455,-0.16951834873536148
-0.6832479705786201,-1.0240906060432118,-0.4014234362280961
0.7439849539068685,-0.1486680340216003,0.24408319993216693
-0.6587056033187527,4.3168743580872135,0.23697184507341548
0.044839010798555484,0.031392437845536775,-2.712585286402494
-1.2045237526879542,-1.9748360990167964,-0.9153214184932744
-0.2629746027919042,-1.0140448739582992,0.5331562099237619
2.0136282514863346,2.947992228311411,-1.691624163612208
-1.1107358580089812,0.08197522750814668,-2.3279333578046195
-0.8629319944946311,-0.02527285149498426,-2.0198614455349078
-0.5419239467285486,3.9696641350904263,1.5516503352517428
-0.29231803242154797,-3.3337253368152373,-0.21392634591857917
-0.009488569186037979,-0.5143858381324848,1.2888766686767439
1.0632924509993287,0.042334570044881725,-1.7363227785050501
-0.1010277234718943,-0.0005440979658706234,0.5744229242095725
2.385127288100943,1.4647091091547737,-1.8548229036949537
0.7696352724122313,0.5418080584805618,-0.22614547459376044
0.0012867012456537694,0.10793844254166092,-0.13861055789068125
2.148319870850496,0.6219217323420935,-1.8913506249125422
-1.2132089834088329,1.8717257554191746,0.5299331939222518
5.266416105061767,0.9622470998921561,2.6084723714212616
-0.3743100540042883,-0.6750992756305592,-0.905373747813375
-0.7357444093822225,-0.2135214635734676,0.49495590804846207
-0.3580740263000433,0.48326871581098024,-0.8054831223393901
1.911601773432893,1.0135682190568254,1.445497378723044
-1.8023718015435368,-0.7269601072893883,1.711521303164096
0.8239947136034744,0.5863576190445668,-3.5499366380372512
2.7225066967395795,-0.8701188402601427,1.2963019711927863
0.0016361161838719662,-3.054541536241976,-1.0156668348743239
0.7376034808489321,0.2623835958826022,-3.0524475026615563
0.8969064535172463,-1.8228793857073702,1.3220529380505708
0.45777072613280895,-0.005268404483333142,-0.7218101488781651
0.6395042088461615,0.42081296686608594,0.31073687117231524
0.3745443365723995,-1.4806073911336652,0.3500131553489986
-2.9432793622044007,0.9298974501151106,1.2828605261984936
0.20190304677617338,-2.1045213939391334,-2.145662178307805
0.5496862207374302,-0.2129025150759646,-0.5167283586130957
-0.016544909630510196,1.0908439616946215,0.2827551663003911
0.1458014828731783,1.135819493557358,-2.553779619598475
-2.537378445354403,-0.09727327717946133,-0.4811935299764577
0.1456919221105765,1.0650040948343136,14.834639968508982
-0.37275717616058757,1.3351224942444584,2.0436619677487866
-1.4882456323582762,0.3598778668096996,-0.2003275071173214
0.14470411040220346,-0.14434650214139633,-0.16292900667575838
0.07473954036188328,-1.0672227318837484,1.5186049054777335
-2.787468923139733,1.3298148196043158,-0.34714176890031095
-6.806392421836041,-1.5360671222418345,2.0066097806472496
3.394354006957208,1.4483802062626834,4.168546326958514
-0.1136506046574879,0.8622422336616187,-2.275923850565232
0.750260373298343,1.0365573100709482,-0.17293961020878384
3.1996300474413393,-0.31819078022093383,-0.9072362308194217
0.839566025382168,-3.3093731639638877,-2.672103413416035
1.4360433113962465,2.360663039115403,3.0611763644811827
-1.2544295111457926,0.3897534323905876,0.734016211575128
-0.6853504712987417,-0.7271236281577689,2.969266509198328
-2.318047927334367,3.0698909698934367,1.6031243527550403
0.4474692535063596,1.035181134546703,1.5189436117082051
-1.4729859958193092,-1.1781306640220701,1.5258216744722155
-0.045885403730016414,1.5578282798336538,0.6413867866464744
-0.8929718048405437,0.276887060320515,0.15911546406644794
0.2231298862376484,-0.1516815521771407,0.0420557093296375
0.2603690553237846,0.0006800894725735446,0.4318203152625235
0.8985727362781907,0.9864734713686628,-2.933353354617545
0.14275673756375917,-1.0770995286443243,-0.9990577031125804
0.13067213942266231,-1.8227576157730094,-0.0770766255766337
-0.03836274719717192,0.29102672223468784,0.6596010636089978
-0.2688441726395554,-1.9596529925168178,1.9932441609242724
0.054542580573092914,0.3654751376003573,0.3314259805203652
-1.097903995040712,-2.8313613202423227,0.10136294845213757
0.6834893610024854,0.33877993341009716,-0.22672827549789365
-0.5315811853948149,-1.2445702915645869,-1.125868070726143
-1.935217734934879,2.1734311035609966,-1.4515303253858391
0.3718613638160798,-1.1667156761184687,-1.5120492129706968
-1.3647981518059402,-0.2287002130717563,-1.1738524162877353
0.32952051449641845,-0.8740595090356429,0.9525639785189621
-2.3337669253720845,-0.6995515484245638,1.1139291806862548
0.8410188001687449,-2.2010055311781835,0.31172956997098855
-1.876932875454167,-0.1268855577100169,-0.9536668099326122
0.29558319397262517,-1.1480532946325892,1.2787568468486634
1.6597614120504016,-2.901223417182603,-0.4224141868764155
-0.3861428881269589,0.8200414339317349,-0.4937352531322968
0.7985010220751341,-0.4015240284511332,-0.3771143701763897
-0.9892437249298831,1.2506821329492426,0.729644121732659
2.6150880631503215,0.04288283881720706,0.28174125818715884
-0.923623717463166,0.8397323062411592,0.09652886101676032
-1.2793833481138428,-0.2888430239823553,-1.1196693101868487
-0.8798095306906976,2.8270917540388014,0.3926837597564343
-0.5201446333694966,-1.315326322432039,-0.5405840517528961
2.3726422395390463,-0.823471149438374,0.6503958256986235
0.32572119729943877,0.16280735086845405,0.3776832724782137
3.195148145835738,1.7333490611613107,-2.0499397786744797
-0.3687552982440173,-0.7247990229188086,0.14344708012683685
-1.194648942199196,1.6999422188197737,-0.5617832172334121
-2.068651493192013,0.45424477065474766,-1.043216265357919
-0.5281991246254674,0.007477371926542908,-0.07495393036775269
0.10945638659238446,-0.11169636643688703,-0.34386081982336514
-1.5071976748624498,1.5899984073575089,1.2417223618718547
0.203868336121444,-0.2086350108514815,-0.10220270459027139
0.3808310980608239,-0.15787407702617118,-0.1566930149096315
0.0810316356581829,5.56131847879213,-3.9025499142856903
1.017705661882754,-5.894075989863717,1.1383497398810807
-2.4844875347811946,1.9748111773664907,-0.5026007131915459
2.880267971492237,0.42375327080972364,-0.8843306852773276
-2.652277647476259,-1.3165899608603866,1.2166358697201471
-0.04809720090525746,0.27459881786527535,-0.0025345599665379213
0.5594949887784719,0.7812993300329154,0.9405730023684027
-0.9884901740982418,-0.3642991562273192,-0.8351256320894711
-0.1985215159618416,-0.6334054444516681,-0.4496497865005993
0.04143774876762396,-0.3726259253892832,-1.1309523470729665
-0.4263333260406839,-0.619999990944099,-0.028537544678139137
-0.12808406165133945,-1.2428989574195386,-0.1804817718955285
-1.6423062916949476,-0.44341689822143354,0.6573327096737995
1.758181391500176,1.4178270689293708,-0.4170908710568373
1.2485726338929042,0.1763170757215247,-0.6922049988341141
0.6497433223521942,-0.4853641388775338,3.0971557686173066
1.6056167210643304,1.3242035051331067,0.7566777811354484
2.7464423804674034,-0.33041266105959305,-6.035236816600578
1.6684767022952516,0.748735550621713,4.313924861637473
-6.255365133828705,-3.2409372327208126,-1.633752089642581
3.0776184430395173,12.98274451620711,-0.0266767318640377
1.3417260415957974,-0.6794031159836449,-0.7870512769534244
0.06573078069673531,-0.04308925940273424,-0.2100912311351995
-0.9563879560899583,-2.9560962159954736,-2.2657594375149523
0.5937275554834966,2.6661136062289335,-1.2419710251039628
-0.7383109475070149,1.4592668274445417,0.005474434445423337
0.3200457621492365,-0.9252520614347378,-1.7525894297929951
0.5772573715316734,0.34032477148721785,0.13870297647524132
1.0182135763272822,-1.2666072551543546,-0.4356324968657195
0.06430256388188246,-0.024465586911338044,0.06376424942488042
0.15924784895245353,0.05548800616861175,-0.09125526037278248
-1.0065094003011748,-0.9371156706016525,-1.637797987990083
0.17927666796757769,-0.4300680727452766,-0.029434637323696777
-0.4874206960701696,0.3413788177651207,0.1895071257644244
-1.4138079539203656,1.090966088714749,0.3457436769674326
-0.9246653738668886,0.4799100402292425,-1.4500495674981229
0.383032376396051,-0.5502473396934245,0.42735938768090853
-0.5897908737664131,1.3537655805069835,0.5990479114612971
1.2167864770824242,-0.1147989503269317,-0.06466662297317788
1.218166039773457,1.3957245380434795,1.9681678407791223
-2.184077381472658,0.1681062864576241,-0.6043680348214355
0.48288051348769945,-1.0175506006274835,-0.44072878048116204
0.9370071695360686,-0.12347772720847194,1.5271866372297551
0.7471107993901548,0.4633048438275411,0.6165389992382799
1.5605233817277098,0.3854110641592902,1.0454930381087424
-1.9013952381263763,-1.4781688723705908,-1.9493154418017837
0.06249106013097233,-0.11654564529750078,-0.16479616173010203
0.6702305187724984,0.7142869350591992,-0.2318388193822874
-0.014872671410228161,-1.911276046032126,0.9761115961273892
0.6602923647533925,-0.1546789859772059,1.5148689770688568
-0.8426373507923585,-0.46179060030132646,-0.40064553799962876
-0.08169814915467143,0.11887049750662118,0.2280018219015783
0.2904176718080697,1.2717876597200697,2.5248309723378437
1.487312307107208,0.5384726087650075,-1.1942135163115781
0.21530268706586927,1.2010546043758734,-1.4513063852302313
-3.0638747911323967,3.1610521488668395,-0.2736198925994333
-0.169633980517927,0.0369754100196287,-0.0866444577588587
5.546351060337844,-1.209847782360444,1.8944578361450164
0.7499607543209653,0.518035694316392,-0.0768143793901662
-2.5972339906912207,2.658343144479449,0.35101981469811916
-0.2932257632775184,0.1481709160740598,0.6054301647841791
0.05115015437351786,0.5893156484012605,0.34544814464520734
-0.5364402030834726,-0.5736764395498342,-0.3739098477809717
0.1484055347083361,-0.40849634788989,0.405170858598073
-2.2183339114259484,-0.6609314097665567,-0.792316168003099
0.5467591377324652,-1.004864111070231,1.4540496517993797
1.9273577774203494,-2.46530708736239,-2.4137510423402726
-1.825251664828337,3.2233592844462997,-0.14032120738656717
-3.7627239859413475,0.16984420500828898,-0.8306495818841922
-0.13897746202384753,4.188199450532153,-1.52498858562095
0.31857233683355446,-2.446871767282869,0.33638466137502016
-0.5258302792006311,-0.34993831456954844,-0.7148174996988148
-3.4299617656457055,-4.230258893638483,-1.8814025761824402
1.4484870711895328,-0.10938158793467474,-1.4776965526832662
-0.8397473502655565,0.7687448934500785,0.37345314353574716
1.613618363687203,2.8725602459345994,-4.634499779974207
-3.119030778044043,-1.6578968775461924,0.6482576667470242
-0.14845786249285653,-0.30796741815211365,-0.5589425310151928
-0.24092224396450385,-0.3226990737034755,-0.29657054069838146
0.19127370415367015,-0.2216412115194758,-0.289776953551937
-2.045872718939154,-1.0097607654948677,-1.3141526871909868
-0.1286080488279458,0.12131232140321911,-0.01685518359204959
-0.8526735513677223,0.021850492967377247,0.45443048232675926
3.06703590510898,-2.972549032609444,0.335177599825163
1.4407055977477685,0.7338518442686228,-0.6549642502117102
-1.1680473621347351,2.586400671068005,0.22353677075347556
0.19826652468680805,-1.0643620036915902,-0.24123342745062398
-0.47233304750167404,-0.1314974145688284,-1.3517965594286072
0.024474593971866295,0.9680067051143704,0.010648440900832765
-1.1180263502209193,0.2655240579088929,0.3001594573304929
0.564808473272673,-2.8396716333268435,2.5071904239761085
-0.8332428065387986,0.011277081259009496,-0.1542363398310855
-2.030128040678533,-1.2602046642527291,2.5398012382839674
0.599918379113121,0.08061889518875512,-1.5185435290557006
-0.44093073361167967,3.3123268543438775,-1.1902330544215411
0.14513794969637892,0.39034336920235213,1.0261499451737877
0.44689177360496685,0.9714514282769934,-0.06756732557471387
-1.7441664126095178,2.888972562382814,-1.2498506026272704
-0.22368218106133742,-0.48676303258716686,-2.76505886959752
-0.16452130461712472,0.14035188906602705,0.94946521282971
-2.047795113521206,0.060379385535129115,0.581477907788752
-1.3297003274415682,-1.3229226704027655,0.1319433926937848
1.0409069401543976,0.19709215723047044,1.0820759535483668
0.8949673415607865,1.4660390334176931,1.0546896658947864
0.27344160475263307,0.4073416445664907,2.706297100958431
-0.5178166340954788,-0.2162916790565003,1.0807303608844367
-1.025705364601026,-2.582608872271507,0.5032916302525791
0.0004735907701897569,1.052374837816505,0.03664933509689567
-3.2733738395630345,0.6978705399181035,-1.117186666257329
1.3925895777173702,2.3915103284017625,-1.2543128046583418
-1.1939143418366827,-1.503695457741551,-1.5143864463656342
0.541415548932509,0.727810180934079,-0.3778208020870972
0.6728410799754774,-0.509563340982741,-0.6336871317765411
2.055224618271983,-0.9831151744086982,-2.294009332959463
-0.25037837836869703,-0.2331655123892272,-0.00017133601464190684
-0.06122566660580897,-0.05514890585391441,0.06806403708900523
-0.44961598357414645,-0.45782657351980527,0.5410767503548497
0.23837351415704833,-0.7224525591099,-0.12059800742222447
0.7169198600200484,-0.8658699903871299,-0.2750515670330413
1.5046812773084939,-0.9403223277005454,-0.8818050656434507
-2.2644727499807713,-0.7861683564455779,0.6370872722005444
1.412184566580221,1.9809629418624248,-0.3717118802851295
0.10722849657900635,0.8288750643132604,0.4028240837456939
-0.42601303793367323,0.043629128923115434,0.2011150076682893
-1.3930851487550702,0.07415079456832901,0.03104461807208389
-0.24624209103294872,0.13110042360444216,0.023290776290485135
1.7029033467174717,0.06982801764187874,-0.19870147366301008
-1.2754054415437188,-0.3529228790256662,-0.10088289462670189
-2.2047068065803863,0.26127883610053604,0.6762996814994513
0.12579825474502887,0.2604332606095058,0.3880337052695934
-1.5475983804045832,-0.5838066866382654,1.1912939566128669
0.29738263582100527,-0.24584758106598342,0.06559402301949144
-0.1984158612899647,0.9814528746497496,2.5922956940584143
0.4163214909642319,0.052182337355791635,-0.0834700860312447
-0.017372657036961763,0.008344243704775475,-0.18345540719744205
2.548691245942049,-0.3441529740475716,-0.8815435843048205
0.3002137500885909,-0.1598851896945539,0.3944597482876976
-0.0838412419138155,-0.6748455474723669,-0.09987088071435535
1.0237097079993642,-0.7537605632416433,-0.6957590819338899
0.3878872414179771,-0.14495333361071017,1.7647135342877218
0.31684901944414756,3.1920562401079944,-1.3980628078072268
1.7573282210026053,-0.10787015151636048,0.2027211191671894
1.669139792306916,1.6460849143311265,1.063390530890309
0.6671451260859319,1.0966171281205728,0.18336777279174094
0.8084653659144756,-0.25231560735311903,-0.2215043850616123
-0.4568420569987729,0.0056859117174788455,-0.09829077939115169
0.13123572564779518,0.35295493699028224,0.7199041958196657
1.5780404398646337,-1.3652616944427607,-0.8473297249629008
1.4926307129838534,0.2521512248601045,-0.8062815570423503
-0.016300196368842015,0.0058433815137863745,0.3409367478591086
2.033789861519903,0.46504882264079445,0.6517285228031479
-2.2856110552478053,-0.5641146363383507,0.05508096140102586
-0.6600086164787371,-0.17653091809613983,0.011392493561582943
0.1359578807083086,0.08324657946691663,0.4271308916122334
2.0858151492014723,1.3878032544563323,-1.0012916454134508
-0.7835682292512625,0.5865359384845044,1.9794961152055062
-0.32698469649438644,-0.02760465549429969,1.9047338653615133
-1.0250926353677305,-0.0017286922084991385,-0.769561610469953
-1.0128931924773072,-1.4387347814049216,-0.5183798028558801
-0.014884583975618981,0.7425283052884909,3.06880013131345
0.6293425025038888,2.747086693190449,1.0646827066120055
-1.370649751283004,-2.2561595058522936,-1.9067196546424507
0.2574184893196584,0.7232078279616431,0.017343551409315455
1.880125482763278,-0.856990047014055,-2.842626090487988
-4.424933146042559,-0.31014006709982694,-1.8655389785581382
0.1491747174862363,0.09380276243770362,0.008417492892793588
-0.309043499473386,-1.5817788783155247,-1.6649155332140246
-4.215961955764057,-0.8312370662826358,-2.758469574121982
-0.4549771387458945,-1.0851281195753923,2.1199298046102486
-0.12919287112377723,0.0743772502441028,0.09040375501715463
-2.1168694482804273,2.6970970170705133,-5.12650708190112
2.8433569596996633,-0.7605719356226234,0.09938356287501268
-0.8758410851368613,0.12514778005107932,-1.738387782654972
-0.5945212813529568,0.059022522453107185,-0.3413396007963721
-2.14123889014284,-0.2555105957731576,-1.8122617743044167
1.0223939721607431,-1.3330239699518138,0.28287730936779887
-0.09897385377079938,-0.15544384469693856,0.13021723147147346
0.22374729855383263,-0.5847208124657899,0.03705992749949355
-0.35899021576970314,0.542488958418059,0.05544748492266072
-0.43884652826399717,0.019673926224102134,-0.5312169942853747
0.3039070732101222,-0.47323971577597024,-0.30445201702324637
-0.5504473553709757,-1.5085744384050035,-0.23064538375408816
0.8514767961729991,0.683101171591982,-0.3243756038199171
-1.7421587723232315,-0.559116792066814,1.65236909864903
-2.2918431305402946,1.9051152970363103,0.04842657663778083
-2.122442786120512,5.792177059476952,3.566567356831787
0.5413530091719518,-9.010492104404236,5.112125612846199
-0.2864692232089783,0.7911142955918063,0.1242722217959209
-0.5739618780954971,0.5809513449712287,1.0015398936767108
-0.30824742179643555,0.2820475545992366,0.3146065835757682
-0.059399533905767465,0.7912069087673304,-0.04976021504292552
-3.7923783494394856,0.24410617547862,-0.6866506384341405
0.7867906584176076,1.151814382625058,-0.8727416595515923
-2.610883316989427,-0.48290582462525355,-0.14507835413140893
-0.5427787606632656,-1.300819931730005,-0.33866052213566905
-0.6839315819347381,-0.4380033298416105,-0.21614303966994353
-2.5285994356589705,-0.637482498070623,-1.1031857899086497
-1.8623246033618122,-1.2391186692123406,-0.7064431565625747
-0.7359783999243199,0.5638273601296978,-1.492577638709471
0.16173701368577822,0.5213055560353621,-0.11256339193906328
-0.4575748539326259,-0.08162422103695059,-0.1228228905550898
0.38784575006533817,-0.051488210570739976,-0.2801732233715615
2.3384973332869756,0.8006695749731578,0.7282364998626237
-0.36151235113875696,0.626057727951822,-0.6775868867576055
1.2077306087853767,-0.33181603382192815,2.2278716047493785
1.4254887329323769,0.17542348490489076,-0.3901085531349202
-0.9404195155598475,0.284965988509349,1.0263004775054427
-0.7863319988017273,-0.9536603949142524,3.0518034762247757
-0.04631367423706656,0.5722291618280799,0.2639243297570022
-1.6126361263445748,1.0511072585368184,0.24137997758044194
-1.357910689841404,-3.3587303642422794,-0.7549241111663108
2.766869558634847,-0.5357046017457602,-1.7718311392926662
0.24827560649782432,1.356637359619155,0.6837755031802799
0.43571340631756816,0.17354058297271763,0.905905766399954
1.0720004304904598,-1.7602845879036675,-1.7428082364106232
0.9950132802086649,-1.4218081815474592,1.866792059622307
0.4336767451677569,-0.061842028363532364,-0.0021070791986742
-0.32613892396830696,-0.46479253763865525,1.979729831635257
1.3385706374384263,2.0663089773010626,-2.2226988541629287
0.036259777797572806,-0.7237412356204749,-0.3501156429582326
-1.5569946335385008,1.401109200256653,2.2781303601506435
0.17471486167026057,-0.2768878728157258,0.08436014857387869
2.4085345694407936,-0.5800254782591907,0.4183212768935709
0.18773003101003755,0.6724683235658324,-0.2876963153821262
-0.10271795162296635,1.2115654968209952,-1.3100575261267395
0.7198396499873644,-0.13209347560465634,0.5867169935815245
-0.9045395441215657,2.225130918521137,-0.8415912062363533
0.8121659711384343,0.4312468901254043,0.7493066978840636
-3.0867399299589153,-2.406769116673009,4.008708946911164
1.004995436250924,1.3410647800529933,0.4993582533835527
-1.4360383128698058,0.05792954246545384,-2.70324606071219
0.44125830521511056,-0.9274533219491632,-0.459161291171535
-2.8169782406962454,-0.8393687612233252,2.754974552697997
0.4244437132794805,0.3757396304214896,0.4299605360611734
0.00886025570152843,-0.49896015942395355,-1.0118959275263784
-3.2916060240518195,-1.0347566358012448,3.8460286638277115
-4.639520319038137,3.458684191312439,-3.2869373267242747
0.42389231742443734,0.1456500399375557,-0.36119807805287474
0.34143109602026417,0.05690082587828016,-0.8173238780246499
0.01858784029108536,-0.3223932163514046,0.21010751659149562
-0.09059072172102534,-2.860851836003895,-0.9753467821174475
-0.9086360326164092,-0.2835807014031237,0.5691708117106159
-0.07964950318223127,0.013834767422446943,-0.03677955558218035
0.3223424025029717,0.6582221740123486,-0.7680050444302476
0.917589691911609,-2.0548139613290184,-2.5978638165873145
1.1913993696109328,1.1879666181388038,-0.7074625338913485
0.11905833230950985,0.6729297109612157,1.6663587878363249
2.706106646680927,0.9524104369730286,-1.2038667370979999
-0.6050289586467628,1.2370816620241332,-1.7767819043386404
0.03803497458561374,2.2687688186900443,0.40436923320237406
-0.6723059545924118,-2.1862119054094773,2.495927607720034
-0.12999101831122947,1.0929507095904136,-2.1658010928640086
-0.37266536973272724,0.05219585054942816,-0.02774968653721177
0.5610803970659561,0.090322865217318,0.3392537500650988
-0.5661471346259306,-3.1260228171222786,-1.4852943923495
-0.5434167877705247,-1.1938155803288542,1.2255203163126538
0.5021416678447579,0.5406218784209817,0.48179168036128295
0.5057734558550291,0.7431568543844778,-2.7071027547442226
0.29166812732010267,0.015366532911145148,0.07616120231264412
-0.14747423344092814,-0.26314521037704647,-0.529198146463177
3.1487368000776943,3.1676744683420046,-2.5949481572347204
1.5785332275389137,-0.7161992581933087,0.8858773565101307
1.004106870927383,1.9005745069074964,1.7703922488440127
-0.05513020102079891,-0.22257101705492977,-1.5756615623645556
-2.2544538331464583,0.9756453275490686,-0.9466334244808696
0.20241132944260576,-0.1699365144052527,0.42345071110808635
0.3106750972407696,0.8320962393200741,-0.7256419236277565
0.32159469045194394,-1.2391214646344002,-0.7953211841833108
1.349425942179514,1.6551569286291128,0.040318515010700766
1.8054656136536085,0.8272026820604468,1.4291829840423662
1.5269291429033651,0.544519308526712,-0.10923234205901244
0.2561990431974099,0.13233110907633214,0.4679441860318347
-0.45873724720135595,0.2607800408880189,-0.08846942153975978
2.5479482566785703,1.7238352162675525,-2.1537911662379954
-0.025150660291344343,-0.024202352650578355,-0.20452894617391063
0.46580566736090645,-1.0518734818996631,-0.8989717072051577
0.6686462746148815,-0.3047885229437639,0.5201533169012081
1.8598399403714,-1.166925281278668,-0.6777873855541444
-0.003547737769527659,-1.4069822973537367,1.7134007469170642
-1.9316021962740788,-4.449177022574029,-0.6209496848233015
3.2561050713945408,0.009361255382358269,0.7969663792569343
1.8782579266342971,2.017506616080058,-0.007713136658617642
-4.344802403335027,-3.9138598755719634,-3.0671564253428016
-0.0795517900173205,0.7625435332841349,-0.4707009174018223
-0.18255623045148456,-0.23055065880193745,0.024079674620288545
-1.021552679128419,-2.544400281682181,-2.2171097327686358
-0.09228094730646524,0.2848016160361417,-0.2125662145510433
1.1597252903972768,-1.135939904747216,0.24579857839024116
0.07740716514709452,0.25838717051835247,0.048128006049181826
0.5538204283053921,0.5670560324362753,-2.575312496526286
-0.8556993798473974,0.7644012079248357,0.1813968652393817
-2.0042528503298302,-1.0838516402269935,-1.0388066900704347
-0.09878917130584586,0.17060146292609818,-0.22205124933725912
-2.133071763670576,-1.2976773256262277,-2.4351589960652404
2.910983822762528,-0.9465808435333676,-3.775576262471521
1.6208886419947364,-0.004893539903753644,0.47251859559754206
-1.1070218287149125,-1.793523426184656,1.609684317492675
-2.3012703528354046,0.33765172527572607,-1.2605395102560066
2.5400279611411003,-1.1024235483818923,-2.123885526037717
-0.7136196251026481,0.2804829971623531,0.19741730811107785
-1.849104898651825,0.3722411524035253,-0.9553304795212582
-1.1629490986283675,1.2009521836936483,0.34550666090124715
-2.589811102346755,-0.012279987138367365,-1.7442673938704465
1.2795817402709753,-1.4176349865899844,0.6642272501776412
0.9372616677043666,0.41435193480016463,0.3307613170104974
0.8065968205918899,0.7136383079336953,-0.07710732816887535
-0.43289710679794585,-1.8127367493892808,-0.86346742008661
-2.7783680747677275,0.32902187112217746,1.080685952097517
-3.1883288773440177,2.719819322479016,0.9946051517058034
-0.21666346618407306,-0.07047625511495559,0.07621411217133275
0.29013152924081564,0.14131353274591607,0.026240642351201438
-2.3838440013335442,-3.7089897469264765,2.827990366173673
0.39649668983625685,-0.27384772122698386,0.6041568135815073
-3.4753989644989653,1.7314851369626085,-4.523216083917451
-0.06240429463783659,-0.233456203637325,-0.17794608731089426
0.07266377687458796,-0.0166762562609715,0.07952856506676166
1.979305591656599,1.4721481647849466,-0.8575607427479526
-0.1358215964436929,-0.7134059710228113,1.1795740060860775
1.2455310896134333,-3.7951621667883293,2.583365315505452
1.9386095896121955,0.9150804326248859,0.3347326557707174
1.0171695778456031,-1.7811319298499193,0.19539165857071655
-0.7982947506991244,-2.198949461764576,-1.19813116561133
0.5485956798686147,0.0992317609690106,-0.03950469017574201
-0.5720394339869304,1.018339845026081,-1.9080756089297886
3.1290245164965924,-1.069924331768508,-1.5120649145413352
-0.5906355302763447,0.6846608341797048,-1.094475142100306
-0.5374956229189384,-0.2650605005198233,0.5875990446387955
1.9050416250841784,-0.12771530719291105,0.2058322669312253
-1.6863551384698539,-1.5521021981755156,-5.906753723443495
1.3016629885932756,-2.4684295473713966,-3.0715971204787804
-0.4625958177531981,0.4286867127778007,0.22310194663282873
2.1704559208574548,-4.276232920168247,-0.9128667601033583
1.2829935809511177,2.263662634307166,-1.2550172153767438
-1.3285987199398153,2.775925804298426,3.5196785231749623
-1.0655924467892501,-1.4926200837093242,-0.311723863285004
-1.4447267289114112,-0.07287554590593119,0.203816748515249
4.100459964452822,-1.4447484063547842,0.6494789390700323
-0.19602273686100885,0.6127922943173862,-0.11386875495039604
0.03310414210243039,-0.3512984452945971,0.25564387470235495
-1.59731529133837,1.1027037043582415,-2.5644616215353224
0.08112322434938053,0.2022710181463534,-0.09091788904026127
-2.7818962069472355,1.3258663793154273,-3.2286658241596897
2.6589990837095097,-1.0557535840314605,4.57428733258427
-0.3110658681507374,-0.21702573697380978,4.0555681487040305
-0.05159999457441961,0.4107313450814676,-0.20009715028104283
1.3880654437559332,-0.883625931436646,-0.14408885555155543
1.1749983679306688,-1.3820253804833502,0.7402489849292626
-0.0666464785233701,0.6084914864163926,1.213556576229924
0.6592694215366266,1.6028130794996884,0.6124827063808258
-1.5308556282501333,0.8913689591324468,0.9023049126559044
-0.4091669960565818,0.6403647140007382,0.6690989045788676
-0.7989586286466853,1.2100307034217752,0.9123524921714584
1.2499969073808426,-1.0354079943011836,-0.14367549802837232
-1.0690515628911883,-1.587925252525325,-0.3191118235392743
-0.4699233556728111,0.11164055213996796,-0.4963986551305358
3.573265496028177,0.045830790192095724,1.2699517093927908
1.1011777348281848,1.0568949053524,2.1986257233934596
-2.5253959476058188,1.3992972631917688,-1.085113727920563
-0.19351686144133062,-0.5308957606269532,0.2500564971605005
-0.11629257444399088,0.8188188617395984,-0.4127542765418318
-0.26706473579979007,-0.8182535447228669,-0.9044187362604619
-0.6725508007031492,-0.42092828948095656,0.5268308999062873
2.14039291485665,2.855182922449595,0.27931061660886664
-0.049342946634745,-0.1337084805747343,-0.1101451503347786
-0.1000539259899724,0.0210675040334592,0.1438709969397198
-6.921906221608489,4.546142992065186,4.340404027622948
4.951900309379992,8.290381706551916,0.035259169306774696
0.09926852525092064,0.3355116675718963,-0.17790549039412945
-1.970898652706791,2.181768085184183,-2.3920501342943337
2.4454815231844425,2.438847442920729,1.0745179734418104
-1.3213746323383593,1.1324622679883503,-0.44168457052969445
-0.13461643280644223,0.5302061992814212,0.5760465038957878
-0.6295743320977366,0.5171557479268396,1.3019323314272175
-1.7316340360551263,-1.0422717742064258,0.1086377185880108
0.5916740600854482,1.3293017205572677,1.6170644093961606
-0.2911833985085801,-0.12965144855003116,0.3795972283403867
-0.008528450851963826,0.17419824453382596,0.07746817741032085
0.018340142703138135,0.2944010174913895,-0.18088061891022905
-0.0864000435601017,-0.23255299384718775,-2.0195618787717113
-2.308446305997685,-1.1267107576666207,-6.503319126914878
0.8902916916913393,-0.24547161088179997,0.25494871901508814
-0.7413960390578156,0.4855021154431581,-0.02766814487088083
-1.5744108445205474,-1.4962000211643802,-1.275742583620593
0.8161192586874715,0.8958098323776544,0.8736514074504943
0.14195153739484506,0.09870141413469463,0.6665250978729196
-0.15878847140281893,-1.5409793960403086,-1.6949985242882204
1.5562022288570798,0.46623048504992326,-0.9186147537258432
0.3670378356956588,0.6129160489261537,-0.01675750952214923
-0.11090444085285073,1.0761295482316229,0.5822599066427724
-1.6235860531974433,1.8866176748349661,-2.7748347377459854
-1.4412837735843176,-1.2718440842736283,0.17042969862293297
-0.42232251951643013,-2.8255959301569766,-1.1711673103736675
-0.16225307905796918,-0.8637078995776781,0.1953457557882666
-0.5925518461649745,0.16857694397288142,0.6312634895766305
0.1437805381011089,-0.1357094724663685,-0.1276698554349405
3.973555272269894,-1.9243416493453234,1.644547047095676
-0.34107109710850037,0.9658527805593375,-1.7769564849877109
-0.8241266366889257,4.864641354180776,0.725053299144523
-0.2928514796927203,0.02337420275428733,-0.6207279446611886
0.00205157098446683,0.07467637808898256,0.19525910791116718
-1.7356095627060775,7.127765210379424,-6.0621717180733175
0.1198910629908542,0.265643890184028,0.0138641647982716
0.2371135901240711,0.2381334255505952,0.1367375477517754
-0.1151826996809457,-0.3605046113883279,-0.0152712237286385
0.4626406334059279,-2.1854901798158908,-0.7074732031384285
-1.6874615492613918,0.7855309098791815,1.0391785459914658
0.46956458333589635,1.876440359981248,0.9777810201636109
0.07380307873132336,0.36815510374350396,-0.2253071828047839
-1.9545454931875252,-1.3355598413462568,0.37648748151160766
0.15149363882685088,-2.018564616961354,-1.2681599568543287
-0.4341471187820233,0.6917633182278624,-0.35721133382186143
-1.2157968242780353,-2.9552534718144985,1.54383505861987
-0.6331383472710693,1.3870549537594883,1.2687404357295557
-3.401602568393321,2.203664924071027,0.8620486981442961
0.6321362233728807,0.13656197011506094,-0.40496547181490783
-0.38199043027761076,-0.6809769238523026,-0.5302865500786316
0.48945863607085716,0.9684885352804615,1.7004986367590746
0.20778818899047458,1.4460949661384002,-0.9756344178857839
-0.6495178522726214,6.143874886097575,-1.7262468056339244
1.9305077841169433,-0.42055474650136604,1.1933487453411629
-0.7127164305976944,3.1088556725110053,3.024223032521999
1.1926945561741995,3.2370595808444387,-0.10895675452842772
-1.1127624831080165,1.127659087392553,1.5748445181404032
-1.3355989056250077,-1.0574225973959923,1.6829912439705508
-1.389469445645097,-0.7359015103998325,-0.34136168099300085
-0.54622657011573,-0.1407973348469893,-1.30757562798057
-0.5980095265147717,1.06990644226946,-1.3037478717439874
1.4532194899650455,-0.8362755955430056,0.7349238753710654
3.096555223103441,-2.8192963835953964,-0.9852934896105476
0.3125501988038667,-0.6703106734177395,-1.7096265281705771
-0.16976179560687385,0.5183035820045103,0.6153907292600769
1.8003694105366908,-1.1299846259794393,1.9318845441613366
2.1176163564591457,1.475616487403621,1.464105022792273
1.0651463715236498,-0.3915439708329729,-2.4435811505835145
0.17986243726104023,1.7792356245651686,1.0636229815182823
-0.4076807667062728,1.2837001792990694,-0.5832788289898394
-0.6638142643361421,-3.187997972636074,6.537805370331624
0.7167000765923143,-0.6492717376271815,-0.3986145268770921
2.3621912753252445,-2.222249386882713,-4.650138831140483
-0.27281609960744546,-0.04883762132637495,1.984195304185214
-0.1335360822370289,0.34816861326774956,-1.0280460442187178
-0.2368252830652795,-0.25954078360919497,-0.3251439427257631
0.12201687048062124,0.010578428886152125,-1.2604688173975709
0.5624730580543211,0.5323846276065245,-0.4829676275740205
0.7391903444285348,-0.1773310906562927,1.1885023154652066
-2.102685382836297,3.21688512228162,1.1450092612154463
-0.3242096930957684,-1.6198984109754246,0.7997878890829326
-0.02236100211836347,0.14551199979309934,-0.24488193889678744
-0.10653706388432126,-1.5115196845152727,0.2684096042578917
1.1984496800342708,0.21188381779044674,-1.3206346758889094
-1.4838661860346691,1.5608027692354793,0.9278202863475733
0.7930384254253158,-3.7263642220752895,-1.4400525252474805
1.3035994937755762,-0.24779660482836824,-1.2517817375385374
0.7453727145330267,-1.9830212827000238,-1.5775698921175791
-4.126418341659398,-1.4628171632494786,0.9833700876393741
-1.2482504350254757,0.44395653934249246,2.564184719134262
-0.5080936352514347,-0.6392349556787774,0.23191744111608137
0.8304885130492561,-0.1831020161233881,-0.8932203240834488
0.03585216147699444,-0.08232191234180553,-2.0636748435110315
-2.044483952336786,0.7206115210250466,-2.144361038059404
0.2943712589262354,-0.5925938070862107,0.26548232125728277
-1.257819273577159,-1.0486859812025493,1.464875717190738
-0.19589891505077026,-0.07068336227263064,0.715397499201569
0.01637344341168187,1.3810255563350429,-1.5863530500583454
-1.0112762598336824,0.6786218150872041,0.6124360523697212
0.4124387464507805,-0.5841592576581994,0.2436864492243235
0.1029267641439266,0.0189821824122913,0.0378621745203222
-0.25792856171215595,-1.2235705148058884,-1.1430586536164486
-3.2909489421447007,0.24233618400192553,-0.03737389305386693
0.2004294682470195,0.028256494279161187,-0.3077982096934377
-0.0968749957444534,0.2469722539936074,-0.1311824723324337
0.6437205151542273,0.3719514845944101,-0.8155505801478293
0.3970797557305297,-0.8606549066334017,-0.0948817009058241
-0.9275045921366746,-1.3277200683323818,0.6589527936673917
-0.00028159244521700454,0.23573272698868009,0.04734085128487486
2.3323411670855654,-1.139366433747825,-0.567225294830309
-0.3849075546401616,0.6486356321897023,-0.33675708489196476
0.8703847859785353,0.4269704961769487,1.318226055526789
0.30402880206750166,0.27528526604150755,-0.6789397734642165
-0.9079517070133786,-0.5728005368453581,0.14404115364586978
-0.2900138701776749,5.002613400935048,0.10148278340322085
0.33266517415948255,0.14761934381929193,0.8300576230141306
1.5456416468444873,2.115099809177483,-2.536046418549562
0.32994531131915306,-0.4680311860523543,4.445588829963877
-1.870630088673816,0.41531005972576723,-1.1804305845436296
-1.3742356872593253,-1.757470631476125,-0.3649180402326945
0.2266060322336462,0.20198390018379658,0.11496493007166965
-0.5051143847381674,0.10277198409319815,-0.47198839590693514
-0.3026419973429085,-0.13723291624304154,-0.6566151329679719
0.2367600403143283,-1.2428076494051012,0.3321892595444474
0.49864706743141624,-0.5136619264915069,-0.046161673111438206
-0.31375271122270443,-0.2730715514682974,0.2654823292650237
0.8516434768749005,0.7762370297282202,-0.5900882286372808
-0.26350459650936936,-0.8240439536771939,4.569418069954408
-1.0819958282793147,-0.8878253993947527,1.432079456029043
-1.6072889529275625,-0.6126715742544974,0.027741000258258534
-0.4724518062301017,-0.19708911001646118,0.033161618565087314
-0.39411685160780646,-2.600774071676426,-0.6114229700283969
1.2954096299770905,-1.9612872271210198,2.857354419706234
1.8858069097015369,-0.7856899762872919,-0.27938076726156574
-0.17364215729322163,-0.6916341806979184,-0.6667444431790625
0.11266878839642476,-1.4285970467372713,-0.4801892616321781
0.8138043102667274,-0.27103232937155797,2.3368513490386578
0.5011210208957497,-1.1677350368099224,-0.33925512178311673
-2.5641140895084673,0.401277699473843,-1.5044698060661086
0.39912286354215876,-1.6319312140444011,1.053088115881136
-1.7044219984276294,-1.2096422019461048,0.31196803659854305
1.6989341201341475,0.44929238707822383,0.028144258252680188
-1.0953148440484388,-0.4336550109605792,-2.082833951255332
0.579853723503538,0.7022707975547463,-0.009299378318838453
-0.43448884784782077,-1.730236035422298,3.625825890805114
2.9410074374254136,0.9831968685195543,2.638341561833262
-0.5622754086672531,-0.12374674110398176,-0.0007705741452984985
2.750300206251943,-2.246706066688697,-1.1048999486276938
-0.08935522828080504,0.08269919671923232,-0.6408991441036207
7.314885906943117,0.7971525590142527,-2.5522852160437295
1.9265262217078973,2.6546264703470697,-0.576891348259644
-0.13275600473243981,-0.40035914764371466,0.12644937455874666
-0.6638450089878001,-1.5175462925818808,1.8250508707055872
-1.0940611421634268,-1.3432933508910636,-3.1799528143887077
-0.45472729448143256,1.1910853903739913,-0.24187130322405315
0.24696527493125756,0.18863220826360336,0.4073956799143908
1.984023852668395,0.8243802610328858,-0.293002451896862
-0.757907585286509,-1.9753298347850379,-0.09510367934265111
-1.2429847780620167,-0.7599358195396799,-1.0205149724598856
0.3076780774459343,-0.4679958202856584,-0.46287973989781533
1.033781536316562,3.367541719062537,4.177097449518055
-0.06895653995147727,-0.5255978068775596,-1.8128586073525177
-1.6730527221515483,1.6332880573492734,2.121837970189472
1.1108116808005561,-3.1267776775322282,-1.9955954180495705
-0.2603310135255498,0.27996029103329306,0.2581437822371999
-0.5752258161340498,-4.274753040250509,-0.6029373417828622
-0.2879281772954546,-1.8172586193144757,-1.6361087671722239
-2.1484707291520433,-0.978578603739783,-0.8694582212184302
-3.4279156555379005,1.7356184451354926,-2.096024665884448
0.7521254385592624,-0.6781464933983993,-2.0774853617306936
0.778169228736759,0.11842022559227422,-0.26091613613926756
0.7992690134881029,-0.54667342530381,-0.29141486155209034
-3.5866454892375215,-2.2868559925652403,0.35553157472284935
-0.1204133318245311,-0.3369473449505355,0.1448750988218582
-0.0309260981502315,0.4493226371456477,-0.1750810733357521
-0.0462358023350313,0.0765134733782224,-0.0362347201526865
1.5989607518923286,4.713125010524263,0.5386286403735001
-1.5188456902939576,1.403558233181557,-2.7220520959746115
0.2057844969899215,0.3262661477723611,0.0794394208355969
-1.7148456861838166,-2.868712639924808,0.0158735556914986
0.141097464344918,0.1627687174598198,-0.1214079043285543
-3.2606581159286807,-2.585614600181012,-0.0871166149130902
-0.02225022237997849,-0.1798171199440796,0.08577562482218584
-1.1177143680930912,0.31185018581146773,0.7067475720624513
-1.4154132768935055,0.025897417019227945,-1.5779703244818082
0.24498237051858557,0.049201472979914965,0.1798749958313105
-7.379069901510835,-6.598416609449697,-2.2847057974226868
0.2527024286300265,-0.0441680511410108,0.1113746419222524
