0,1,2
0.0824396398138884,0.2150481938776616,-0.1577731152676118
-0.0102160937417856,-0.374262376682939,-0.1975141311560364
-0.1265014867105461,-0.026739875747994,-0.0885432792541825
0.7151134415030851,2.187972140490159,-0.9678981475688314
0.9240960547271784,-0.1844640464707234,0.0804116589047916
1.0965482780564575,-0.3843609117737341,-2.524503038438384
0.21172422522078843,0.19571757048459681,0.3135361968418844
-0.3845330043432459,-1.2945296600339136,-1.0987954129656639
0.9285874840005789,-0.0406375088684699,-0.48746958412501457
2.2221954026281194,-7.634938958435616,-1.5162133829509616
-3.9385791455521866,-2.3788429098588777,-2.839032408461396
-0.7193037675781999,0.42204699180447086,0.036425164151396176
0.07340034039429624,2.268287238297825,0.3522891257308005
-0.07028717926653426,0.02333824914694741,-0.11654469404631687
0.2153509464881904,0.21715749302849469,-0.2671671891807524
0.3293005697697113,-0.6609539217635132,-0.6377074606239135
-0.1582688340872733,-0.2759462954615754,-0.6355176279195588
-0.3112495519877025,-0.8069186765937552,1.778863416767837
-4.410332111598098,-2.7226507512579623,-5.458312143156109
-2.462289006081007,4.957298109252719,-0.8632489998473911
-5.002243621323681,-0.7447645789292434,2.791503459053734
1.2413420264774742,1.7431369655232656,-0.6650101421149348
-0.48798845954658876,0.037173554620582694,-1.4871289350857282
0.08004125529855412,-0.07046010091153315,0.07223186379391305
-0.3560541613115913,-0.36516157867190335,-3.198403030098672
1.7485525740994885,3.277779485941394,-1.9335046359539338
-1.0293214557928945,1.0702802510080887,-3.158633684636744
-1.9116879982402966,1.0854043815404228,0.0856977996718925
-0.5162302767320148,1.3383798455813558,2.562148049055229
-0.3501258944690544,0.0009358105258203825,-0.7429642667250531
-4.194652698406671,-0.8583643856480161,-2.1431285073177038
1.3563300256575181,-0.014362798703667412,0.34546896913414715
0.28976467700821606,0.6667985854928841,-1.302552298108235
-5.583328579125308,0.133003582976784,5.970498882407375
0.0249819902164154,-0.1139282418962985,0.2092594245198222
-0.8206687104260615,-1.4422077437820475,1.598341847097033
3.549513772698985,-4.477066429146026,2.734924926617181
-0.2804245936774097,0.0837123062994532,0.1379323311461653
0.1316584084407426,0.389075068725944,-1.5869361410626333
0.2461142607407487,-0.7126054981781054,-4.080114017936657
0.034813996649954326,2.448895759084288,1.2145603739951012
-2.2259042664951303,-0.12189917820870491,-1.7959937420498069
-0.15983484391529962,-1.569381092186481,0.6217429857769763
-1.7328776723411208,-1.500682665453295,-3.0646640885974272
0.08034847590458732,-0.41310866754231196,-0.5542505805535148
-0.4165515739824962,1.15471902777684,0.04330238983883776
0.7347713060874022,1.287195524469408,1.585452174938279
0.7232070364953802,-2.1115062498395667,-0.3744224103837541
-0.18034703108568942,-0.48775959255526563,0.308204265793642
-1.7243338875411744,-1.3317554012766075,1.354999951315016
-0.6848074720827952,0.04682084462711866,-1.177665053183831
0.23494559606186,-0.9907039083478175,0.8809780868463558
-0.05026252249779395,-0.8460080300640606,4.720237394929423
-0.22874380805792077,-0.29193990895125904,-0.6201727183532832
-0.5612890323006183,0.9234365398209539,2.2280620412042174
0.048051583233063605,-0.5163811582863967,2.528782753958868
0.009715693198154463,0.05234514580947647,-0.044974347347294164
2.2979635897433197,1.3568891930237428,-0.7442566245715954
-1.6962588922157256,-1.1705822271162283,3.705037535071956
-0.9935962680345387,2.7183170763535935,-0.34810588335671055
-0.26098681711520333,0.4925175386434929,-1.3990970122056072
-0.5931310810296784,0.1256846613112706,0.6297736779368426
-2.098553406176365,-4.4183821249188115,0.7000039337921247
0.7672993126221103,-0.8852517768608725,-0.8080481341638459
0.028957036194060315,-0.07033812011215422,0.37953193570301796
0.07065168271871307,0.4426165293617238,-0.09401416473137791
-0.6904588658489343,1.1978782556270344,-1.7453572761015939
0.4489744338531719,0.6283193164388339,0.9685377100911392
-0.17731727191500068,-1.104719286524038,3.567310260240795
2.1976666192062155,1.5480516913438025,-0.8786831416036652
-0.10206646194522603,-0.4203869278977002,-0.05870484388596456
-0.4758065031672862,-2.2097701347499745,0.370101929755817
-0.7373698084818079,-1.5183966931736963,-0.5336070029679716
0.5890666495202553,2.3709026946965444,-1.4487931091430488
1.1589106010463963,-1.6519487621026472,-0.8541054704708961
1.482261171623404,-2.378259534654621,-0.24820369675676404
0.6383234414813692,-1.9229341764017387,-1.18622082183807
0.9706749258540828,0.3904405684086204,-1.0499709774419417
0.15662026692131686,0.2549366051018833,0.41530998941674657
-0.020547648567306353,-0.011605865715120012,-0.4150527859432365
-0.3666236579202804,0.02724779403218069,0.8656123032044315
-0.14071036147422697,1.4918426826451487,-0.6027348612766179
0.16306148612063615,0.43362053393672745,-0.12271350403936951
1.7885306850735538,-1.688470059223571,0.9712387781920246
-3.6615078726706987,2.0940246074455153,-4.005782572650998
0.6472044784672581,-0.3529184588233454,0.7840956023065755
-2.312409518498655,-2.158566549153327,0.3993041493888
0.5630077742284049,0.3409455638259391,0.8462641252519922
-1.5006785548775254,2.636732779873844,-2.227802938013949
1.198398678602049,-2.5834585232285914,-0.9412328880356027
-0.06374199012946696,-0.04498523150037956,0.4274506243726002
-1.481242894610272,3.5663889692676456,0.9314620567810055
0.15366021487079612,-1.2860786702004383,-1.2476848368004645
-1.6056340976810817,-0.5596069918243978,-0.36563840363381644
-0.18025667309236548,-1.1259706763088693,-0.13992909838981493
1.0915414202974245,-0.9249260640605693,-0.8158214808271466
0.15280470575356275,-0.5074004153647638,-0.06096047358137222
-0.9388217978394772,-2.440837594967839,2.3653692519626555
-0.6868263022149321,0.3804224928245941,-0.13901934419085082
1.6448799174836097,1.1567153555247172,0.6243087516182397
-0.3146250507654416,-0.8401811225586503,-0.5555873186402239
0.754188043174354,-0.3958157622987004,-1.01438617390261
0.33140886932036767,2.4154273557565658,0.4517935189057111
0.7429279429651194,-0.2976528758182989,1.3607077840612836
2.2934552190537363,2.0228414167167346,1.8781570596569797
0.03621087081486883,-0.06343327597293992,0.9140212809672362
1.5651853719783964,-0.9421090688599922,-0.3042099127689254
-1.0761849730618498,2.472473061222379,0.32083366100305155
-0.7523549162651935,-1.7251951209538987,-1.3627920839671501
-0.03203938001260172,0.28029059245234,0.4499734982091048
1.2611548603090457,0.9307012752707391,-0.3682709605038381
-2.0413131089173833,-0.459408516223056,0.5218722285089608
-0.49556435539995436,-2.5100912549361922,-1.3766112062667344
1.4523622851291205,0.5162995726913111,2.056242735212251
-2.487285157418868,-1.8659877964152805,0.41685091662034346
0.44236077889722764,0.09096498431366243,-0.13559927758497983
-0.2131785022384948,1.3578583007838285,0.9006443026278399
-1.3952035118175405,2.4053901987744024,-0.5376734020868631
2.1018509674020973,-1.5284711709856997,-0.3395742597748498
0.8983473981592078,-0.1506400804271389,-0.010347788423153315
0.9116750732424495,0.15388207395465436,0.521577422121711
-0.10638305634257386,0.13513602610395117,-0.3775510283273358
-1.5247921575424028,-0.9524291190498679,2.317418660422608
-0.5309369271482143,-0.6867491828229942,-1.3916616428564659
0.9669233162078097,0.29456208301037035,-2.5287862573996405
0.5622720033256087,-1.4070148621277778,0.43546537191729384
-0.5078274693541354,0.601646509867077,0.8987787936477266
0.3694568599339285,-0.16493223272922594,-0.9317860516128353
4.146779743858411,1.142127755055505,7.899985500835993
0.0004640907532112793,0.435378831901347,0.7681733176177796
-0.10880447351710201,-0.9044744244351747,0.6135128094553916
-5.1984932180493795,1.158427231061811,-0.8539037426705894
1.6025278642726268,-0.18221325057769672,-1.8528974971618495
0.35373273106037395,-1.0431194158082169,-0.285375891604666
-0.29999210375718544,-0.2539563798916533,-0.8375678557000261
-0.16411046879476943,1.6202710338959627,-0.37061227504499883
2.299134679415358,0.6772260515553904,0.7746688988698611
0.2855810079698051,0.025432540962031236,1.4914903912083162
1.7550732075745339,-1.0298333309026624,-2.0748689730915717
-0.14377986747260332,0.44613535353320416,0.5524131303619605
-0.7405359434250949,-0.8850097055310154,-2.804199403952351
0.8402381398345683,-0.0471790504373549,-0.5797499364705025
0.35920820779996143,-4.546593254605272,2.6821837199800758
-0.7348742433326116,1.4675724481871744,-0.10825865071732133
0.10509277564670383,0.2164980555570289,-0.5960425808545258
-1.842565526313013,-1.6377440242995482,-0.04253834932084932
-0.6569725081624351,-1.1312553389853814,-0.09015061579740996
-1.1750646175417852,0.47836246653213055,-0.5406315650070264
0.13835116220566612,0.1566174080737667,0.22515099508558523
-1.5163258725727105,-0.6368777121540872,-1.4842336469429893
0.34771728628626986,0.21493855323303873,-0.09680594376980425
-2.335872246767829,0.5515451863885985,0.8764404136313245
-2.770903149886381,1.089644085467304,1.4323074182453484
1.1451073330381072,0.09171910197599839,-2.255104012526246
0.0712482527280973,-0.2799385367119084,-1.8633203306832933
-2.0670137868116627,1.6047631871480745,0.9878980695993658
0.6131701349801536,1.1506932127569296,-0.18414059810217337
0.4018802302222605,0.7415151760192769,-1.6866418023516325
-0.26533190212267277,-0.18470605390394257,-0.02373884385378762
1.149241941456903,2.220744472401283,-2.8470333318493615
-0.9011680887804752,-1.3719603456379506,0.8590241178549543
-1.7602328879373927,0.8230405539753818,1.3496782640857194
-0.12583607147013454,0.2141104246415222,0.5466294505119763
-0.13717032835870532,0.06495815319097206,0.15467641860790254
0.24014947337981568,0.9290563754687348,-2.585931847675991
1.3299525895119062,-0.5077825173549445,-0.03804963325867246
-1.1498995998034631,-7.3586091628519235,12.209859154411228
-0.0343141030095695,0.0846971346543017,-0.1992085061354657
1.2138228440218886,-1.6818064922396037,-1.7504320837926772
-0.8078428598285714,0.33007765332604133,-1.764760797308044
2.343347667311031,-1.4749231186601164,-2.4060527390365736
-0.08430592467060483,-1.5710589403434465,-0.18091367555697174
0.3367904541307522,-2.6023399019087172,1.5469355664885316
-0.07074955165050315,-2.8354514219456908,-0.6267242967866189
-3.063447435809378,-1.1347822778619026,-0.2780639780615999
0.3865679467279269,0.4393394583966834,0.5828302954918056
0.9663108822712905,1.9737330083663491,0.4596130373439953
0.20984349429028684,-0.37392648320106653,-0.17228825313490403
-0.6213374609205604,-0.6719317399026129,-0.4831286726146372
0.534644617982288,0.2814661441667491,-0.7185542369380934
3.3599212532878124,-0.1346948906933248,-0.16745228983863664
0.29244200359879574,0.3376343060897791,-1.5337009016412113
-0.5112082479155067,-1.3238065419207137,-1.6811419522782112
0.3300372191120108,0.18583767128576814,0.2668330211052822
0.34253454646337816,-0.031444207553459655,0.22902871905114894
2.4576306041046068,-4.491009101121996,1.7337867221100778
0.18247280015728815,0.2466934728219101,0.14896834462092756
0.09050942068612862,-0.1141672440232622,0.14724002323679555
1.0261381026261414,-1.0418050194198152,1.1683386955302493
0.18836264274453868,1.9653171733090455,0.8852654013142629
-1.3422438117744784,1.5493227916950458,0.07342665563333423
-0.8859152675692364,-1.6665400380979578,0.8968164946984252
-0.3693611606930802,-0.3043469012223787,0.6965808747292042
-0.21974407521370806,-0.715206123004716,-0.9505137882921573
-2.584897323173744,-0.401733271079036,-1.5315668719425615
-0.6290862577746248,1.4525718397832537,0.34232099072773514
-1.5010573343995248,-2.9088850619959983,-1.0425988820002925
0.11225442625182319,1.1418757932359251,-1.0382126182939233
-0.746004908064878,4.643923480741536,-6.021431182869923
-3.7279258373652624,2.535922687158271,0.8728661056848023
1.16047645531603,-0.7952446755034424,-0.02944158746552028
-1.2121446732258252,-2.515607886220505,-0.6336013269552234
-2.101160259119168,-0.12149950728027888,0.9253782635608125
-1.1280298264525659,1.7771555091885167,-1.9083926906181876
0.5647983925765342,-1.021429506572292,-0.9702467377944006
1.763536606236856,-0.21292565123602772,-1.0037903207864685
-0.8225970188914755,0.4193089902589849,1.1795477574451654
0.6726662597673135,1.0293508334924084,-0.6289493589650494
2.133172053200154,-0.3250345094890272,1.111287775505548
1.0003517433227398,-0.4410334063449832,0.6903640785823203
-4.216077781935539,4.449742175670152,-1.1126849268734509
-0.6020361370244356,-0.46439870202606304,-1.3746945955000758
-0.688443030555872,-2.1960138304725914,0.48656791004246913
0.31579780938167534,0.6410519057780175,-0.19443993597741835
-0.27799476541914947,-0.23146703401048188,-0.09160120199106271
0.8260981594495861,0.27869962569162726,-0.041353799012594464
-2.3909217556376317,0.11983397696114179,2.7161583736964356
2.4522201957705483,0.9703552921565091,0.7788415767839934
-0.6383432657229443,-0.2828312523766034,2.014756812768473
-1.2648082873905921,-2.28149496325789,-1.5405650653084098
2.1650485155113084,0.9675051573844143,-0.8073130672290275
-0.64285709070533,-1.0752926021851597,1.615441478900141
0.07093343446180761,-0.6290997621891127,-0.6461612169984474
-0.09327596999386716,-1.5739841153547132,1.9084310901464199
0.7984096793354932,0.15843312028282597,1.8025394693699983
0.865453207942813,-0.687875425991861,0.8226109468457511
1.621384836780694,-1.3133929691734294,0.5719563165452808
-0.30223507361134694,-0.8682328520068227,-1.881137672992055
0.47472644122926577,0.4217987503040487,0.12511407969249158
0.2715954246819053,0.7210653593103175,1.156624822524914
-1.8985208796215578,-0.9145098428050058,0.6539536030358022
-2.7708412716968747,0.4794021612698256,0.8587481859578202
1.5961797700904425,-0.0013702118451814956,-0.6011224437353991
0.11507740117359254,0.1382700127940501,-0.25044717032627856
0.37788580998073107,-0.29091316707303755,-0.1948790289284525
1.4768114969721133,-0.8284861659280578,-0.599387287001588
-0.06354392941387013,-0.7548503257227692,-1.9931864485919013
-0.25747966839508113,0.16741640353363513,1.0683179719850702
-0.22707779699413352,-0.6320875431348025,0.8997514772780447
0.07880053058761372,-2.2955481135604283,-1.421738761541353
-0.5355117619453154,-0.03355050128524856,-0.09275889626151299
-0.36554766783637405,0.025960999380534894,-0.05389711654462259
0.9466463200112714,-2.063458294903843,-3.460341004595206
-0.5277332652051845,-0.3657944087813594,-0.7526833256825929
-1.717588261005142,-2.787171250790961,-2.3323126261089118
0.07428043732679651,0.17088128495176524,0.15342010860365093
1.578121238394941,-0.3015445087405775,0.6945917089213091
0.48857274944959916,-0.6927366080706678,-0.3652212433033715
0.1026141713465336,0.5530368682880313,3.144989177341864
-0.17025775433937307,0.8111461944913727,-1.0455247134221897
0.531205155116911,1.473464425981179,-0.8525798396886406
-1.0232705053613333,-0.20577587515116802,-0.4831230008705667
-0.9752190751226415,0.5920405123666782,1.0587840721940671
0.8352015504824323,-1.4049435664865175,-0.4826871746045743
1.269666185888134,-1.298332758055581,-0.09374546136955358
-5.567069128892963,-2.6683723864176896,0.035109628862950215
-0.019503807207926147,0.03348283096853488,0.28921234608658486
-0.4500085311051224,0.04566565622927432,0.6400871248024128
1.0452431827252502,0.10331550581250186,4.2370387129239635
3.373712033297983,0.9239186269435554,-1.352074510802726
-0.5702046005770912,0.535450453357569,0.5507705585337458
1.3487155183318216,-0.6125642051608041,1.8472167972429594
-0.39280810443942304,-1.1191047928764941,-0.12414572678687896
-0.08527224990999871,-1.0112468463355442,-0.1934542470071734
0.12022160091523809,0.037539050560318976,0.5986184168711761
1.8516474862595205,2.186644558591952,-2.3778309015433106
0.9692003768918729,0.04772892121149057,-0.11814672772252847
0.893415088513181,-0.38847185254781236,0.3098762307655675
-0.49187075798217766,-0.36171974433665227,-0.16496655597144677
-0.03869394388532746,2.4633963506232073,-0.2153964005029451
1.0702627049176052,-0.17404325387120503,0.33135748913425417
-0.7909081522696282,1.1640202544472884,-1.8440995150505992
-1.8304324411814128,-1.17854926305744,-0.2455968164134437
-1.0993381446107342,-1.1781967462291427,-0.5042313411292014
-1.06217979105235,-0.5806662458690062,-0.04468778772656162
-1.8987690322919604,0.9058956864567228,-1.4555586548905506
2.2444946248925186,-1.2202748980218983,0.1784434699886882
3.0434166035676693,7.028564254708801,0.8637433014439628
0.631117043313649,-1.2303181982415299,1.4003845327452726
-0.3855288856840061,0.1781585672594228,-1.2349321497479466
0.4671885809586258,-0.9567392724578988,-0.277821871460616
-0.8898193998168717,-3.7315360036045,1.8467232479229982
0.9510856784783509,0.820910189776613,-0.5735185974099789
1.1195196777950984,0.16856736309782555,-1.329217212251062
2.754667233409915,-0.7702325657518586,3.148690859172649
-0.8899558163533513,-3.4698734614215807,-0.9713882704446407
-0.9178503745946838,-0.6994010324486867,-0.7497922521061707
-0.9679198657132198,1.834462038280042,-0.5714180295332599
1.4148884154139445,0.05778415599810244,2.9297054565996543
-0.41109794194572885,-1.1938972270234083,-0.995844508957815
0.20603285523965786,-2.1817000925833154,-0.4577657973567947
-1.6527310589393212,0.16558175367577313,-2.4056695421435292
-0.9266329800589644,-1.0424727063201833,-0.36562217412430803
3.7154693550273947,-0.5362518834807833,-4.005011382818902
-2.2587104481812634,-1.8818057469157596,-0.7092407025197341
-4.031946983674218,-2.060531279673358,-4.813522944652611
0.2859553989373847,-0.2048834668147439,-0.6980918176658537
2.1807870613527784,0.08456318491258381,-0.08139106530852439
0.10774109789615642,-0.2461069980245283,1.4703649071258378
1.047732370313472,1.6457072872587641,1.333665088345429
-1.8113995094647866,3.593848090275511,-0.3695619159052337
-2.2086014834493506,0.26890905345736704,0.6863982169312927
0.36353893993557723,0.44052303226285194,-1.2245135116001475
-0.2694998852682071,0.1390739704788282,-0.7780182738653951
-3.95100423784496,1.5600466570040108,-1.1114068657693836
2.010856508186189,0.8853864518563392,0.19933575793576586
-0.24736831947729687,-1.0556977530380613,2.7532609137987536
0.06573789352892323,1.4246781183861457,-0.5903775290367208
2.3747523898733243,-0.6737630676254447,1.912497310697167
-1.4824808319015004,1.0575974699839463,0.5092591899864827
0.13995376974203483,-1.0200366669806096,1.4457380067952177
0.21409960343429602,-2.181891367464205,1.0095284374321651
0.06222288720557774,-0.43097811601671354,0.07308001194212749
-0.3031352099730441,-0.5123983992497753,0.25045770376131404
0.8927867363296771,-1.3855503134639864,-2.6857016048100997
-1.0453938968700363,-0.6353004781048177,-1.0405716700850811
-0.7703602007037447,0.8251384353005724,-2.89142536488305
2.0734388508533597,-1.6401326314402698,-1.5343642326548637
0.3110674755801839,0.5570205992841314,-0.26942950143074285
0.40733853631261624,-0.07926467530590371,0.1607044077094655
-0.10587289922143185,1.090918930647122,-1.8696402043724183
0.3950705363554344,-2.8554247538819526,-0.860920992267042
-0.4704702161375923,-1.251698290945014,0.9184496058043042
-1.2254782565888847,-0.3339162493990706,-0.7640798191591719
-3.4954273123058877,-0.2731142861061354,4.140699142596693
-0.12782436983092502,-1.1110748742920442,-0.5108866463773292
1.0386233567991443,0.339909662833935,-1.9194835963203158
-0.4277869702144526,-0.4312010907080829,-1.1421536726778516
-0.5839958370037605,0.41320984274731587,-0.7972786946169761
-2.807078782355517,1.7485423405094076,-1.0594590229555123
0.23189711061237034,-1.1056302567253913,-1.613721914780346
-1.032997445656651,-0.2859004570385166,-0.711895053171832
1.1308609814302888,0.25449992610625066,-1.4973322756225158
0.6526547826892559,-0.4155216990613773,-0.5465313057921899
-0.9902122956741746,2.8155290065277008,-0.5475965563318537
-1.0374188236482953,-2.418772762623738,-1.2691965111538517
-0.7276935876273962,1.7252077012108815,1.8527823787308677
-1.2303646007078142,2.100573564211993,0.43821324323345556
0.08761093223225977,0.8759459498766928,-0.25000804581823205
2.0019404289608893,1.180799678915389,0.3831086391647967
0.49227879510239075,0.890809048101397,0.28154175733700615
-0.14264778457824917,0.8193362655263735,2.504083826237508
-3.8009323551054366,2.0600671562648376,0.5410421427308832
2.727653449825037,-1.5078602717317384,-0.7939628966956183
4.625510227920538,-2.0440255458175858,2.303957075665621
0.2911065466586039,-0.7786969863245933,-0.8412354462854814
0.5113853531453965,-0.23834293204684592,-0.029965655222807475
1.6042078091263274,0.38917163162327895,-0.2796242535802602
0.12288594162811606,2.264775870483631,-1.5335863757213186
-0.6107728530536667,-0.26832733151982774,-2.311727689679622
0.24361774255139487,0.10404517628934935,1.2627209331723825
1.123081568027661,-1.3887396964090035,-0.32751947347658095
-0.12266871542323479,1.8980412680861174,0.08151423631470295
-0.04415283018524436,0.6119983435386482,-2.3658681264649855
-1.0037432877323282,0.9386626781276945,-0.6220994782232296
-1.09099320315093,0.9617945235005896,-1.1073362020467539
-0.3897057459057405,0.6258891770814672,-1.5204785279021127
0.2784025974819387,0.505359977661321,-0.4109711766739081
-1.307592450935057,6.524778606718841,3.1966457598636193
-0.5901200400950064,-0.2445037362811913,1.624947314268711
2.2350275482468,0.8520982185106385,-0.42633348681538663
-0.16070168959367617,-2.4322649494682684,0.5915111968327156
-0.5985441637535076,-0.02955672275533719,2.7055921215108216
-4.767338526801554,2.1372667073932443,-5.203044232630218
0.8308650027301422,-2.474589034078461,-2.5694595290059405
1.029170948467958,0.05022851351700487,0.11893321094416345
-0.6670467889638922,1.2775217632732265,0.9680542919120563
0.9100038584634675,1.2870320165885472,2.017542930013027
2.6593411695722615,-1.1489463798772706,0.7674474201762819
0.67111769114006,-0.3711392568007507,-1.4944601606293915
-1.3871713914126504,-1.211399920300542,0.10968283166135645
0.8333043897895468,0.6600693990587125,-0.014753436259340044
-1.221688308396908,-1.377699063285138,-0.014813226535500157
0.438309655078975,1.4413007777462346,-1.8489128415462377
0.4664631227521878,-3.071821687410992,0.08938907295413073
-1.4226611998136358,0.13264333184982946,-0.8895673910110508
0.4963286298649775,-0.6198238223859831,0.632219177502364
2.20213972898024,-1.6266748513645184,0.09347345485367713
2.4782317284922275,-1.4999570528720971,0.7746055543540366
-0.3187578308143164,1.0772731041696122,0.19462421749516512
0.4378647372668526,-0.08793797024497324,0.20244579960219786
-0.5017730320423702,-1.0392780200520846,-0.24546588752151807
1.5950471760484994,-0.31863536009327537,-0.41640402553798317
2.0575511146315595,1.8626181601200804,0.7180819073439277
1.1015302061673442,-1.862997854422834,1.2609372639897198
-0.7711691212417358,2.1089486286246393,1.4889504802766056
-1.8665516297240474,0.7716824931355766,1.062589812231632
0.8884130856788073,-0.2827015289247238,-0.9198615494649168
-1.9324624272829447,-1.0292769142235607,-3.226714471945744
-1.8420181266916225,-0.35924084563429864,-2.0757579946178444
2.7868674464998935,1.4316911294677765,1.6021517829710987
-0.22719830377097514,2.7283473550327018,1.015337254183098
1.0050089635548916,-0.8018152152083691,-1.9331590700184518
1.3346228357526466,0.31876994237974116,-0.14823820826580386
-0.5222281506745268,0.24947320121045136,0.013412135560915889
-0.2528629985448372,-1.2574495491313658,-1.0278469376060875
-0.18438893268765788,-0.13915480147359083,-0.7407955952403802
0.5526636273931295,0.5688018766375084,0.29055389897494405
0.1301076996836863,1.6026769455714558,-0.4989278017760108
1.2310346246675443,-2.7236054858724232,0.6738658037944217
-1.250133552996231,0.6051472783740312,-0.37988191542791505
0.16015520797766092,-1.1419849575404735,-1.247450755826126
-4.4903720268315634,-1.2544973122524834,1.389901548547989
0.277187495972207,1.1601415163965125,1.1710820253933285
-0.7713981132549566,-0.34593985183103504,-0.8951554085488407
0.0260697586957101,0.17490382667755827,-1.0011369021126912
0.28576602508385907,-0.42152513722477003,-0.16886227226659134
0.3391896633585446,0.7792968863775105,0.3367952303915453
-1.9837300583386834,-1.6287103104750993,-1.1594803340809832
-0.24177870071377358,0.6861035866559748,0.2652812902997425
1.9843488842049481,0.5724721760786534,0.6591465465350672
-2.4770771203954696,4.295651551204262,0.13373963075891043
-3.195175193348895,1.0344652095383553,1.9458581180073609
3.4600632754324274,-0.0015468423344149052,0.021730247607966824
0.3567286925733052,0.23699648932755213,-3.0732994430007277
0.2541030495266834,-0.5876292879845514,-1.6619956698461964
2.892492829680758,-1.0248923183604395,3.0319371960735233
1.437401817246823,3.068253750560904,1.6918861068190036
1.5119577761285214,0.9160836450396791,-0.6874891560514244
-0.27151940697387544,0.14582363090319345,0.6516511750919838
0.16441348149977766,0.3571495053766819,1.6148168848192312
1.6612306658249838,0.044498644496162185,-0.04760273548755003
-0.18270002168446559,0.4364069315003607,1.3703371018930275
-0.5116782609700068,-1.0289594397951285,1.6881324353309586
0.8279482669340714,0.5906219712345502,-0.42382412207164477
-1.6420397448881463,-1.655273562876376,0.19187252592207915
-2.1448048557544857,-2.2900066788147626,1.395626300387208
0.5595835635051256,0.2153816232454436,-0.7210660041176497
0.30907437748868455,0.8986259054316006,-0.6756554262609932
0.0009408758714408716,0.6033534705072134,1.4669022197732438
-2.6545182809817534,0.6274516084312951,0.8757118503510615
-1.543633838567355,1.3601823647292828,-1.6284012092935334
2.081672149584034,5.148488928586085,-1.46422235845559
-0.6700293886637839,-0.157536144183288,-0.04177168671965815
-0.27061250549071403,-0.3950840024354165,0.023985568231940604
-1.3997890518238112,-3.56616823751091,-0.9880666660665673
-1.852201679583358,-0.3145596884102368,0.8038595611071445
3.018155708735488,6.256598207516473,2.9635684637914075
-2.27819119972178,0.9647935495724426,0.2545971369416571
-2.609271708536772,-0.9295978729291292,-2.4101636714216856
-1.2367038330469042,-0.043805117016999795,0.39419574513273653
1.0702986188371415,-0.04065898993633954,2.053324639832064
1.5849140308453658,-1.9209482876163706,-2.2017593905815596
0.2919441653602177,0.5602675401895306,-0.06157379647035591
-1.668087939416718,0.5316838184273295,-1.4607362732094975
-1.7830215589817189,0.6502030056173687,-0.5463496619850698
-0.24793384792086684,-0.2175903281572883,0.1605262588171803
1.0969573958296865,-0.5127751200245013,-0.8372615437478496
0.5897448822067064,-0.5309038551424576,-0.053932739036480666
-1.3323684185740827,-1.0188634194206903,-1.097243969044938
3.1414821088561027,-1.3851789011556042,-0.7871851505489904
0.5737519411324614,0.27190640507484537,-1.1539658717175656
1.355282598215235,0.7077863144747809,-0.4268532214048747
-1.387802657345122,1.9093330671752553,-1.9051842169993893
1.9727702996077643,1.2450062140946052,-0.4777135872436841
1.1206876192443103,1.6802384793120857,0.8126355518388518
-0.3883573215252226,-0.792660781698386,-0.7076931625859209
0.9598822166262312,0.5449047393722227,-0.34012214404906
0.5275904728994047,-2.0711767748071264,2.030740178473925
0.4749918888523366,0.21224501416894953,0.5296400549191447
-2.577164435361737,0.28127554934029503,1.2868861342694384
-1.0908532751209732,-1.2327265588218768,-0.04873862130778028
-0.5947984452237347,-0.15665760714311644,-1.2647593332719997
1.498194900948721,2.7362389492400006,-3.7066603903986075
0.31753110769345944,-0.48513304228600507,1.619390630780087
-0.7463833203589576,0.10838273572164982,-0.6611852608708462
1.3284754031147414,-0.09036523099237438,0.9183813395105614
0.00139483374888838,1.6942185997148593,-0.4869612565651258
-1.0211811254667407,-1.1941598214314673,-0.12055564927046254
0.04300913312845747,-0.6259617863297241,0.24381342481923834
2.620290162039878,1.1711791289897704,0.3262546221876965
-5.238769995776642,0.4569852175872238,-0.2702684697058802
-0.7294689349759924,1.9901389939727105,-3.2112897673622904
0.7560369043582842,1.3806572047915076,0.04547554786157959
-1.9034442773335194,3.088028541165186,-0.6841256264527713
-3.439711127525712,1.849109121646325,0.5065235367759673
-2.373355152507279,2.1184960555622485,3.240289531713221
2.7420690010046904,2.5741580924345033,1.9411445810982104
-1.3517356809721486,-0.36049213652198775,2.5531699263447374
-6.264667170586474,-1.7725369889432105,0.9694873714464319
-0.11984328637003777,0.0451135984977159,0.24886370341317804
-0.048448770636613736,-0.7644574469119849,0.17871662404837274
2.0827167233829336,2.1400835024439577,-4.304834745320297
0.2377687668759745,0.38738086630240304,-3.6900317241029694
-1.4961622722192256,-1.6388474067673118,0.40516721200847305
1.7582238440760893,-0.5144471103140169,-0.9888765343091135
-0.057315798127105966,-0.3609507624292573,-0.7081215742241094
-1.2958310376032067,-0.40586076160016715,-0.03425964942336823
-0.489203922981589,-2.1050054583402398,-0.8744419895153155
-0.5617090558941887,0.46076467260950416,-0.7534880955596098
-0.3465155562039328,-1.1405989558592327,1.4300579558798214
1.0981009381346511,0.7975480220435467,0.358058565826219
-1.5570502532173345,-0.014761552087973084,-0.3396816267214302
0.9269102888856315,3.345002966598054,0.46864141971232187
0.2650927091934774,-1.2661920834324163,-0.4553071344534681
0.32702554617216767,0.13836660825402597,0.5337742177122524
0.28965547322201995,-1.4166015414178021,-0.2454293304842844
0.4724887349553551,0.515880796005157,1.2496396812774637
-0.6828848984282452,-0.3152989461495064,0.5283250806400395
-0.8016881265061576,0.17575898848248286,-0.295146498125622
-1.6025118080766898,-1.0516512927335941,-0.18847671610817474
0.5246726839338646,1.7664288572455153,-0.013933349730820046
2.3881665842383573,-0.09829226281979576,-0.41823632238718966
1.0774444217151835,0.7592670643461213,-1.128958419674095
-0.2679685615292795,-0.06796769650287604,0.13654077894381156
1.110469434239706,-0.24827997188325623,0.8222303622351151
-1.330082001206622,-1.3714059000366876,-2.456591185861267
0.3026244804224038,-0.8066323623057002,0.05237059320898409
-0.5579901739688601,-0.7196970088720843,-0.8680545498428502
0.9126816723474221,-1.1564809497589243,0.44478120603072224
0.20217380698535334,-0.4916434859397226,-0.14660500746119368
-3.432103921159209,-0.12878278263748233,3.651914254158569
-1.552228885023504,-3.4311933955004843,1.6164446702728912
2.980823942746065,-0.4857423134872259,-0.46691459269320135
-2.41166271033549,-0.26577966497255556,-0.49610494429783725
0.1062927396613722,-0.8922862593189953,3.486811323602957
0.011653669280204795,-0.3324151335720676,-0.3200109056884471
-2.4573923820450565,0.5642888681910143,0.4174626264150061
0.06881102992317056,0.2866719431556274,-2.606675558939437
0.054981770013950736,1.379703496269608,-0.3534459414777764
-0.3945810061294657,0.6696559373355032,-2.729168553125372
0.048991022024800934,0.7075823734737028,0.8609826383681259
1.638855332126146,0.012364813020710297,-1.0480796364288105
-0.4936356214558767,0.3358027088853508,0.39324567965958196
-0.8196231911885595,1.4275105066184366,0.5124831239532414
0.47587914717776897,0.5567954532502861,-0.2972836503908718
-0.3378744019569776,0.06119243655043244,-0.9153200742150295
-4.7678643860230006,0.6218989882204642,0.0549744643776674
0.48816645061549013,-0.24003734369542284,0.1531695218866357
-0.5197118465034227,-0.3340542629385621,-0.2026797883104071
-1.0777393778125153,-0.4597568188008809,-0.2729061046301463
0.3064843802415485,0.26218427623650387,0.055000478142542886
-0.05919349952526495,0.0030450848372445966,-0.45732320336661575
-2.7956618800728537,-2.7398159737836614,-1.3473112684109878
0.4302628092381655,-0.0662163479358074,0.05657711867659637
1.5961232043387041,-0.5302409126386131,4.107318444412313
1.6740883851131834,-2.249047520179611,-0.7611830126808012
-0.3603749127940392,-1.0524505343030286,1.073751875937068
0.6773959230337303,-0.5746373041423972,1.6019551865373165
0.008985716680635317,0.028674983881279488,-0.2865455958717524
0.7211995760183496,-0.21327497900572245,2.3481755317526307
0.012291555757634576,1.5528583863023215,0.35764254467304946
-1.7546487518612832,-0.3690037386681011,-1.3660638324187668
-1.399743041569091,1.0257471302175294,1.4159152631213572
-0.6984041965116876,10.388125372355274,3.4660657946229025
0.1349178329516356,0.6613803581434647,0.1925819488544671
0.7197317985605025,0.9027012301850484,-1.0865411346444402
-2.912077137150386,-2.751539252992568,-1.6885179754446265
-0.9133948494481333,0.49602454774294313,-2.0363095862277825
0.7672221774357418,0.413953770321251,-0.032861103260545636
0.8711027829458221,0.058498338369559255,1.5402289056457805
-1.2225730197782694,-1.7906877569407962,0.6151906424233968
0.6868515251156688,1.6573780426123363,0.5520163494558004
-0.7930087062197646,2.896495062370118,2.7487182952301414
-0.8988728429414664,-1.307460430253227,0.8327013656985293
0.7800318970578487,0.24388639653435518,-0.3774011739091432
-0.19265025549557335,0.18194126323559398,-0.23155083293824474
-0.13619931210007857,2.2799948912859582,-1.2519118844813855
0.5166483252219658,0.27110095207110335,0.17387997745728684
-1.5118493507446364,-0.3450930777799576,0.6145253769399402
0.49243906213429267,1.059110715946405,0.825047178096328
2.2120414048724784,0.4527204706927611,0.9639094128803235
2.564109246292984,-2.190247610336995,1.8700295690100561
-0.5806197871983355,-0.791972947450539,-1.03672111443591
-0.44043535837263764,0.34432323046828917,0.5343649771271409
1.0139077753811059,0.4460433061122928,0.39610104472607965
-1.5782611472614212,-0.8320983371739645,-0.3638281407250326
-1.1076964583760027,-1.2249258062734638,-0.7240845905184576
-0.5661063787863209,0.5700402110375884,0.6281097027482039
-0.2987627928682519,0.0008160460354262183,-0.2532746399856616
-0.19168950343579283,0.21521098888295465,0.12841046777090223
0.1842178620248225,1.1190068004102882,4.994451714894945
-0.013358230455584263,0.01100473131097357,0.5991184072537122
1.589963195317696,0.006121970883385147,0.9956425407287924
0.7617629924967256,-0.9571653131921627,1.080855557203784
-1.8476139539823766,-0.5398996915596224,-0.003962982468220966
0.23211993534825137,0.09399128632116094,-0.3030794000150716
0.07035015727628917,-0.5574611723438273,-1.3324304609893325
-0.738341063604356,-0.21978682990892026,-3.4334101335966873
-0.03661775447922483,0.5837630501091153,-0.7481380150385735
-0.8733138623982843,-0.5816311366031628,0.8435874584785641
-0.5607928332566361,-1.1222088365152307,0.8031203074869616
-2.644765305797348,-0.20700303875908138,-1.08148546258737
-0.014490490051475197,0.1641999224725253,0.07437818474294246
0.9193034857831661,1.4964973445837837,0.5327506433572893
0.9947905240320282,-0.5076481074253776,1.3409856472313406
1.4486528005292907,0.010770952625796311,-2.8496146176011266
1.3983774242321712,0.6073091219112332,1.6488042547897608
0.27897690062393954,-0.579894552917511,0.432307634935158
0.5655998856998278,-1.2373734092075208,-2.828875886287004
-3.8643736956362416,0.9183782497962991,1.276380786377627
0.7398075554357934,-1.2820289228340707,1.1607617381614763
1.776851531074115,1.4097371429324423,-0.02090536351384284
-0.8576593523710316,-0.6590009831821049,-0.3304820570241089
-0.00285139591242628,-0.14303964334963923,-0.0045187619372518174
-0.2774006552319661,-0.85546632701571,-0.50133626229841
-0.3465884121782097,-0.39874225842404426,-0.03263869691693883
-0.7653155430529122,-1.1240874944043333,0.19881512771011484
0.02304257536905073,-0.040182256124983856,0.04778814128144934
3.2932169975870615,-1.5319259521065365,0.663215611083224
-0.9378121972977682,0.06002058378866418,0.803239999254544
0.10965851611085396,-5.196839174369981,-0.6484421902474139
-0.7062532445404014,0.2999320458584684,0.606955026466369
-0.5537372278243379,-0.6998123196928981,0.00020940062397623027
-1.9110969266294215,-1.5281467855255413,0.0995206580465336
-1.287019391302879,0.34665306274185964,0.029652385997367164
-0.02701825715807442,0.13899576301058628,-0.18067289344209458
-0.1254687132663797,0.5365899791172833,-0.24622794296964925
-0.35015953431761015,-1.3343781402321833,5.265938115718116
0.4427051291269025,-1.0501321221236302,-0.0777130097425488
0.9437850492454826,-1.4888388608256142,0.19304688828366512
-0.34705303701351836,0.022641029434761484,0.00019675444095350325
0.39790139196459384,1.785030307359565,-2.345247892488598
0.5027824736847448,0.28284543247374283,-0.23435167100185805
2.246536875450454,-1.3527698461817579,1.3047323383509335
0.472730989185084,-1.2688323120801241,-2.2537900893664635
-0.004331382585801763,0.39251732479578005,-0.7063299042026874
0.35257989074706736,0.027893651764896388,0.054816691651054475
0.08095354839916538,0.193450366996798,-0.4664501407036246
-0.020955937645063726,0.07805667230937695,0.17707478494084367
-0.7435235857351223,0.07672249932085384,0.12197614817155453
-1.1856458142253343,0.5529247500450315,2.638306259145527
1.26619607928692,4.362553882528428,1.7483234973235184
-0.09975326943013602,0.73336890362522,0.0649158570088085
0.4453589135278767,-0.6035447017786398,-0.8425730947082111
-0.8284293258093938,-1.1237181361056412,-0.7551143146715389
-0.8150380968654481,0.20476779275309373,-2.224766954517883
-2.9562263954051664,-1.5069700074155996,-0.20727271833981198
0.2561687374107917,0.3376263672500732,0.44275737120779246
1.106734230332943,2.5400486961822804,1.4349469924690554
4.426815518535342,0.09847822889272018,3.438866404917002
0.18532129153874966,0.27882662869450914,0.11925214497255066
0.11784958244960897,-2.5016167909755005,1.2138592025443593
-2.4626567420067333,0.07932984189756402,1.1925989696828354
-0.8079787581633637,-0.09552405318877386,1.3316054610588977
1.1376858392680411,-0.341727039937356,0.5297530308436681
-2.021806819047566,2.1008302493343223,-0.5352140094294879
-1.2053907779721633,0.10459203371063823,0.5031531676277843
0.2587443682208202,-0.6698942458389492,-0.1290769879080394
0.277533479275902,0.8030605481390237,0.0550659502661338
0.5232707189552094,-0.24415911632625276,0.3987364337752902
0.1112594457053058,-1.0176665906089255,-0.8061127790208246
-0.43686962632637627,-0.6600477435776264,-0.13955534766546118
-1.953784569380745,-1.2025444515670325,-1.08125757345868
-0.9900957984933558,-0.9657563467191543,2.005063608502534
-0.8039340503982004,-0.1882609893808968,-0.14348816961566094
0.07531741652024164,0.7206067527404784,0.9309786760834291
0.3195616099314311,0.33757521363101023,0.28504500232939844
-0.30762708316021325,-0.3583860571842789,0.3685021659082434
-3.2923664555380516,-4.30763284888582,0.28401260355084346
-1.5283756111910456,0.8778997369122543,-0.10654051385379669
-0.9620318063679397,-1.8008117497361271,-1.0895474960197047
1.8027676755217452,-0.17980930918108798,-0.2560994272937476
1.8781342132735637,2.240332539312332,0.15672606627593685
0.31927192901646945,0.32974107848231005,0.07101701398292548
0.8895106250029103,-1.816406567323565,0.5403499882998571
0.01936278971223424,-0.7162160702794127,1.2257392453933564
0.8921322040731849,0.8291055528779095,0.4684395260330742
1.0519445484437036,-2.551164629200555,0.11503534741223803
-0.4118628206274846,-2.991667892233096,1.3133397774061897
1.9743725668813057,0.9722189323324799,0.8320086515840338
-0.43903437478936397,-0.03236419462959113,-0.5846653379094928
0.06553122025165492,0.24995323172598027,0.2574348070544498
-0.8967673373142904,-0.46761781160199883,0.008202997650707589
-0.4316743844183382,-0.7036925154558028,0.17953298937337892
1.7827038510477113,-0.7198435246330979,2.6361897849941833
-0.0810280354107073,1.3928378602045364,0.2855740937723001
-0.5990355431721609,1.084853692416793,3.4978546270651396
-1.0454334423161549,1.9542013742342925,0.7237839474653689
-3.500672445054303,0.2567746690779735,-1.4763454016798752
2.491690304074059,-1.3532057692862847,1.455026994359435
-1.873077944736543,-1.384652036249323,0.3141635667875009
0.03801626235246326,0.20338105968997672,0.2111396780657016
0.1750837705454893,0.1520471990469635,0.20374684422412714
-0.5456912265154508,-2.3141025343449906,3.339196017435668
2.1002954474388327,0.42495164206542635,3.2779783402543314
-0.02715726725813067,0.8516930714270347,0.19959486617174024
0.4740062068945849,-0.8499778828073612,-0.17738872828788887
2.1533226134424788,0.08703437870192994,1.4833760440966568
-0.7373224895550065,-1.9676918466534552,-1.7520840302608054
-1.7201625733269987,0.5169473276640352,-0.6182802873229372
-1.4793424334863832,0.41174875309247966,-1.0493631108992543
-0.40886987289329846,0.33263452108821995,-0.4306250802572681
-1.2590766072390127,-0.5929893145864911,3.650528306029348
0.28631295689986747,1.5123602431462806,-0.4114303018310905
1.334604294986991,-3.142905624448196,-1.712470374292977
-0.5797777506262678,-5.440298345858591,3.9682832435010873
0.8260267309372786,-0.6825521794035909,-0.9583153896272892
-0.396398478042191,-0.22722887242987155,-0.2413702783214499
-2.2457281453280564,3.651286345576029,-0.7581731231165437
2.349039448956719,0.1703683285006255,2.5057699998649388
2.567612067155141,0.238500488576478,1.567936416724406
-0.9444121543265083,-2.011859101955671,0.2364252597969826
0.1728342742921683,0.8332504948063637,-0.5194810101672367
0.9707328072831922,-3.7975429394347096,1.597580634721693
-1.9465753818748575,-0.2687967184195852,1.155734374593327
0.9825269396130797,-0.9058457623640692,0.2730848955671784
1.5263802322122466,-2.1815131134993733,1.0843406958345718
-0.8857129651458597,-2.499031837843625,0.6651564663367784
0.8248862951001905,0.8121256591041709,0.6404279698711725
-0.1432691741300649,-0.1526357887189593,0.06263550412520086
0.9488529892961446,-0.5188278888841926,0.6098786293077054
1.0502150095341287,3.67389245711304,1.3376587037676628
-0.5888501731293391,-0.29925043452987166,-0.449656302378727
1.41607433253887,0.922669721699763,0.4723899570424462
0.5371414295887311,-0.5484501621408664,-0.3618666498579759
1.3529985939603493,0.6148761980872619,-0.012342143819592423
-0.8658455791481156,-0.243607849727966,1.7988232797772272
0.3743439761832288,-0.11756658839062215,0.5536487510112464
-2.310831667461757,-1.8355872723183628,-3.108799610999485
-0.4929460740590239,-0.4843960205536792,-0.4241196028025639
0.5149410546202766,-0.4271768232281373,1.6249001341271754
-0.060273062205982664,0.8184715899339647,-0.6410927146065561
-0.7881934925363618,-0.41115104363776794,-0.9667150127077822
-1.4599691013038645,-2.284659156943799,0.6580953122250881
-1.066924742714132,1.2853524409979946,3.0338714697080804
-2.293863193814645,-2.084186862157444,0.42701602052533105
0.19449500009907467,0.6974196295805246,1.4095275534913911
0.05281490481737578,-0.15229706870865342,-0.4312910186454235
-0.1632759147342511,0.24052645106477868,0.03433037169491504
0.21060371558507984,-0.10548431970582722,0.4335702214561101
0.5702708647439074,0.007053011316339931,-0.2291082949905908
-0.2509141693416661,0.28203760518619747,0.3465426652758229
-1.887845789723418,1.392274682381088,0.8960959452497659
1.5843393274623316,0.2794259808364975,0.40148466370728886
-1.2368117243688075,-0.7821825757809532,2.459080928168481
-2.42025767444067,-0.5470776548834717,-1.9881381050961704
-1.1738432523444304,-1.537601407934826,1.555703321835427
1.1143258850308841,0.9162503619150825,-3.002621110087379
-0.12322913039392264,-3.2969417297981414,-3.9730538625555707
1.2981185119328655,1.6747815491108533,2.141643830404777
0.865504531494429,0.04260182674606025,0.19396049241015378
0.16186122495466898,-1.0399989680829564,0.4648463278952944
1.1302620298128616,2.5501932064627786,-0.3722248985996981
0.42433895926485965,-0.8812940330124674,-0.6753135639101692
0.3778609172563146,0.6157553440670124,5.671364661653109
-0.5622466429402319,-0.8831994043204479,0.32638114327122747
0.048342913076791436,-0.0859856827842403,-0.03595744571478024
-1.7640310962108408,0.6782249682653999,-0.21805917086208249
-0.4821347746261735,-0.7719429167150412,0.19456777686100424
0.2600611254309089,0.36687885236266715,-0.858268017777599
-0.6723762972671019,-0.1424334953897568,0.01605498364943865
-0.6521634320515705,0.9617479424647398,-0.6051444238106621
2.1021251074182734,-1.4020377877817423,-0.8933945553527267
0.8296527787560951,-2.094917997080272,2.588918130055426
0.8602426302074992,0.0650511558954085,0.7011452507359743
0.14076852121679861,1.020490235711695,-0.8078639478785727
-0.8636288929968311,-0.5957009234410526,-1.1218763574204926
-0.6734247023282183,0.4469665610317133,-1.6832805852515218
0.7958512355390399,-0.988742735579947,-0.35820507237850024
0.11058682176715795,-0.2284771033427585,-0.04110895479988891
-0.6958567116388577,0.03570222258427945,-0.18235158274978758
0.4804559126572644,-1.3973528595264653,-0.021441161849387547
-0.7024686103198436,1.817794120145276,1.2247026907580665
1.0580533710010225,1.696502597439589,-4.151124823468081
-0.24789922020017852,0.4821113514548454,0.4833064934334799
0.21304749209128682,0.14097907354637304,0.2955863575806141
0.16700959297742696,2.163335552699129,-1.9133950177434407
-0.487573346664337,0.3199002431024425,-1.006900116506537
-1.2625781237612435,0.6151440907579017,0.12346594000404598
-1.5238103848135973,5.1017015841227,4.494663378160926
-1.162030288166814,2.1867241548029503,0.16631522474571536
-0.0662216114599535,-0.17254552499678188,0.005842148542057646
1.8589571454102747,1.592673405576182,0.14050048604596485
-0.654609775609909,-1.7173599439738791,0.5979559386101477
-0.0439569504299891,0.08467596921478183,-0.1526021211838956
0.321143829473983,-0.018448976060635,0.0047632471898462
-0.17228517854618802,0.38422485321801914,-4.529660212560093
0.11195347709515462,0.32415474054188853,0.19805984479653155
-0.2858573945281608,0.741678407155922,-0.013156407764649103
0.03357944481790691,0.6469226958276443,0.3966871412105832
-3.3852877439378997,-1.0188472420562713,-0.7395027513913186
0.3030740589690294,0.20426861501630147,-0.10770198667626767
-2.461165348622761,0.6174069915813369,0.5538531852368296
-1.3136781319867348,0.037282490321137174,0.9648338170621561
-0.7992226894948273,1.4309092723193255,0.2434083236144179
-0.05707315761742471,0.2506917372209839,-0.12907881254373135
0.9300470554245944,-0.2661715057337404,-0.5510283834546732
-0.7019614161016127,0.5237695916752162,-0.05555050985380133
-0.08233441129977545,0.47723221003641597,-0.5949715799592097
-0.6831041028900933,-1.3797646258002576,-2.2017257565225963
0.6623133952914315,-1.434575617300287,-2.3390134047147506
0.4095128717176444,-1.1401586633888545,2.5692305059146876
0.34748708504983306,1.2738814938401146,2.063468645609696
-1.1229250140078466,1.938255992909705,0.2115580925622149
0.4750138580239647,-0.7550846907682413,1.2734507057015703
-3.860623891342813,2.819574690037102,-1.0747887054212026
-0.2996091292150844,-1.5852321397775238,0.3385683367909542
1.4765222254568764,-0.8592806487615907,-0.9669204046960669
-0.28194031765471433,-0.26103206990388483,-0.18340275056130856
0.9821762381047574,-1.0143479206929729,-0.19016103024509418
-0.9022793164462779,0.2879241056044838,-0.08236182299683051
-1.2167029710595212,-1.9205534791420165,1.3462588240437308
-2.524527217922931,1.1090018832614705,-1.75064593111697
0.011335906925292408,-1.3631021691387561,0.598283174853819
3.2283313381238923,0.3086500285446833,-0.1079709302018562
-0.8355956470158157,-1.5705554411364644,-1.2561478079462214
-0.6566411583962256,1.8905639700802221,1.6003410245207887
-0.9287451169878923,-0.013646635966562876,0.16529136112338277
-2.573928472695878,0.13995044681196872,-0.497306708661314
-0.3158635357760704,-0.2181049230813111,-0.45736608039049587
0.5927657062012484,-1.5730669953790841,-0.9972972704852102
-0.6801580771778629,1.0935760538015666,0.0762208562316308
-0.7284699234891577,-1.0683470493694327,-1.5024931851069843
-0.025182394368198566,-0.5308183303269439,2.680826437853951
2.6873859695755757,-0.11352443609427543,-0.7937479008815816
0.3797723588359661,0.09662322268387152,-0.54976740810048
-1.063878513348656,-0.1912550595941585,4.466617152895616
-0.5619291219926985,1.0303889448818004,-1.781710052603066
1.2044707232505902,-1.3513023413463388,1.3816051619040088
-0.2413982970426229,0.6017207108576542,0.1063190120820694
1.472318332540944,-0.7253036518239251,0.6044789494954116
0.5789982746680995,-0.7211256535691193,-1.2443028966684682
-1.492282580736172,-0.24652151944612408,-0.5233991475272559
-1.1397147409308879,-0.4956422716618165,-1.1932660838809581
-0.6513414476651671,-1.4385933041004497,0.8017599642298634
-0.14223286596502419,1.7281960089230233,-1.8481443947440128
-3.769275163108325,-1.2385961074420488,0.06437914913534826
1.9493188087890445,-1.9423696082559478,-0.1682934190333706
0.01137728059903198,1.388906848113358,-1.4269239916586574
-2.2044421425052483,-0.9357814350569789,0.16021707615163824
1.8597274029066155,-0.0977898126951734,-4.338911556599628
0.015673590195562824,-0.6794672602892364,0.43118209721002015
-0.5489758818649138,-0.502033620358166,1.5233769167358315
-0.1356251483629215,0.14926365647803336,-0.3770135461377214
0.6630397091449387,0.7438641892584766,0.3731289566615785
2.3396289096605933,-1.4981415056426928,-0.7128621742961476
4.12668685258907,-2.020034157978385,-1.2164750720247084
2.4563082308116493,-1.6868110137471821,-1.7628148535724988
-3.211760225518021,-0.6276239348256436,0.38274805898410713
1.1149307251013438,-0.5917628380865313,0.548394085874877
0.6277198781710895,1.2786422412708216,0.9703664523828232
0.2817157838432056,-0.46102882821490787,-0.5772155501063884
0.18178576251266587,0.4419406271724395,-0.05638638860477382
-0.0841152495762249,0.05724956002897415,-0.5039190258821888
-0.21245202758604192,-0.35226574833838775,2.457547367697027
-0.4327726054085164,0.4649165502411659,-0.6125731176343641
-3.6541425772479625,-2.267409215894904,-0.9088554383657295
-0.022489214789065376,-0.15514114075264218,-1.0799131926034833
-0.05435229387492399,-0.4138983860790338,0.7867874608025099
0.1971353122259705,0.0233146984784668,-0.3098329234329171
0.8013373545295057,1.8293978479756854,-0.10812562488548133
-3.0452908638307763,-1.2499528613047954,-1.8682465399930943
-0.031186200831137323,0.759914903048747,-0.07629691485710645
0.25715985347676446,-0.1804561225066945,-0.02618953947235142
-0.6613447221613526,-0.29252571539659716,-0.3392983287302644
-0.6270899802565902,1.249665437396557,-0.4343474081528374
-0.11430031235957094,0.5771182655370048,1.879092221189276
-0.2812261711253798,-0.1421147479091788,0.19079647390648513
1.1017485005960395,0.4268449420061469,0.5620529641536872
-0.04246788625555552,0.1569754307957475,0.12303822228283134
0.19598856047322144,-0.28103284872649675,-0.3413073109161396
0.47683809997529764,-1.4473148970795313,-1.4146256591217505
-0.3561624353338798,0.8606589512644542,0.4435299077358809
0.9081282962162526,-0.3889400598789834,-2.2996123698262236
-0.4924361421259666,-0.6350974441184897,0.729484583600746
1.9343316296926567,0.6764288997564069,1.60458022545373
0.3510751148630353,0.5468024838982122,0.741881683501145
-0.960225212988564,1.8503033282417263,-1.3392439238905391
-2.289534898935709,-1.4232208668892143,-1.55043172576671
-0.006793502497029091,-0.3309051779348151,0.6467061414706483
1.0392174492156092,0.177929598558985,0.9999063967850919
-0.1761550287997252,0.857993070572822,1.2465635008048532
0.5409435421321136,-0.06327595235562633,-1.3213848133491863
-2.574145791755613,0.591128814587982,-0.07288079172163062
0.4145138596016016,-0.2698114459970007,-1.7862926438699405
-0.4372794328471034,1.5761678760032511,-2.450285389174687
-0.862177912898265,1.6025113645753728,0.8509386300405086
0.6774049757153902,0.6160814369142911,1.7433036270709963
-1.0358871538290495,1.8753080286598593,-0.8987937675047247
-0.5335566366501456,-1.2360848881582218,-1.5795024032942766
-1.7532522625146512,0.23437828557746976,-1.1933686912282762
-0.20462508988656528,0.3445615014023382,-0.12874455292793227
-0.7161409484024817,1.2858463252524122,-1.546410895155872
0.46576531535488325,1.5676375695401124,-1.2669750328280178
0.8190131592527885,-1.0284349911411157,-0.7436471245046041
1.0313444923272366,-0.24933576980297134,-0.7213227730759355
0.3620580636605255,-0.06410602295074633,-0.17856713712128042
2.023208751101159,-1.2975544922468671,-0.6192838827261641
-1.2410188023363087,-2.748140561319915,-0.39488890952000255
-0.4693645200013271,0.31675936689982814,-0.39876496828659624
0.06412260613787672,0.109380966060495,0.04851591775124335
3.689244741613605,0.1720272226226074,-0.8357576681965283
-2.5783483733589194,0.7977214446276665,-0.7313614496858027
0.7922370949042638,1.2574146250540972,-0.41938518636223476
-0.0566580921366753,0.0321183226842092,-0.0934413284106374
-0.06793326674246714,0.1904169853228594,0.08076211884102702
1.224734446176533,-0.24660358157487214,-0.3710086040984921
1.7752477218845617,0.7214365720642537,-1.5028940827771107
1.9625711576519143,0.39059514370066334,0.0559865031084803
-3.239710532843278,-0.5892076559686433,-1.1811759965355813
-0.9579588528625457,0.9017626962211172,-0.19025360411507597
-0.3994676453451438,-1.5932375763107607,0.4611964108167682
-2.6777555023650765,-2.698139811168141,0.7252752175176982
1.0011292086357695,0.5279528352452727,0.21702394633125213
1.521653013965615,-1.1058799628717535,0.6894464655568306
2.344986140519066,1.8372576130520053,2.085742040066215
2.1628058540077992,-1.2365832642141554,0.9986591297972092
0.5118869441138498,0.42760856645105355,-0.05280120957338075
0.5878725168114776,-1.9317323534657171,-0.8064644996972317
0.27746244696825795,-0.7469109970903867,0.5888782113226516
-2.0509487069463708,-0.8483100075459438,1.5492418216164017
0.74257291688205,0.6498579510678232,0.307237383232694
-0.1267044071827591,0.5955844854155177,4.644047469664444
3.177476647056276,-1.0528374916070853,1.728618794935347
-1.4983302328335577,1.4536906261469522,-1.4864529749565119
0.09727763353258118,-1.156104311592971,-0.9362897271461026
0.38233545631791593,0.40301717792072983,0.11937784676390907
0.5929928792089977,-3.216476500259127,1.062569672551047
-1.2761369045233275,-0.15940928945367439,2.373677150790259
-1.0293606617266475,-0.17405088791367956,1.0939054028716662
0.9945813335145817,0.6717887938855219,0.095216421870562
-0.5450777872384839,0.29275376694103367,-0.18075932985066517
-0.8679210521185068,0.030888039235937387,-1.5532876336175696
-0.11016736953203565,0.07159961243111151,-0.05421935327576083
1.6555983340508835,-2.067984126697681,-4.232220784075287
0.46978180195703384,-0.7323365241113106,-0.28907559910109076
-4.139551665310489,-1.958113482963264,4.811745047872376
-0.7235127435120787,-1.2161284475483127,0.6224988746319511
0.27856882843851816,-0.07064758416760489,0.3219743439053542
1.079763221177765,-0.22970730634398404,-1.1371299999680946
-1.0934910848230723,-0.9400416306188555,1.4587829697890378
-2.396020916595274,0.6223808142847196,-1.1636923341296326
-1.9487561325112035,-1.24044624141965,1.06266479331437
-2.197349234751455,8.751609647012238,-0.5873265871915189
0.24603040251433902,0.36022356856421944,0.4468579747186683
-0.8442289194009858,0.8316379119262008,0.10464145977732213
0.06333564141425468,0.41377487580251593,-0.28976621540892633
-0.21352407541080803,-0.13829505279985976,-0.26366072945897057
-0.22460395632537908,-0.5268358185693987,-0.48709563927644794
0.06712893080410134,-0.6598804001315269,0.9840591874298061
0.5618889517908343,-0.38521674579923837,0.781709189739134
2.0751556886523144,-0.7557842265560393,-1.212905887078584
-1.5148604374484116,0.5588967861127265,0.4438765125239794
3.8292464507344226,-2.6519737071517775,2.261442261582187
0.2830834140283753,-0.8170656330552932,-1.3505865343228047
0.9981591274777516,-0.597209939431946,1.4238472102649717
3.803460878566553,0.08296235262986651,0.15648252721551986
-0.5802767266531893,-0.305631520220075,0.41624770274844036
-0.06534518259711816,0.8384960798861274,-1.468898571943365
0.05291516381906197,0.5463019456114634,1.59023758592007
0.1934384517839635,-0.5543698058761597,-0.16993076759323572
0.8818225110860928,-0.6013773319498084,1.7970300762914384
-5.5886485347474375,-0.9654579792874418,1.4745023063492764
0.22940291062231535,0.5105361044415956,0.18712613357159957
0.4069723786667894,-0.07855372285827338,-0.2523232361136599
1.0379279355130884,-0.8026102583681587,3.8726798023037228
1.0596806160315038,0.10267102881032328,-1.5537833143312836
1.644731987849649,2.6219295384429357,0.7956024683221103
6.290523126062423,-1.2259097815350917,-3.9004261285636557
-0.2925110174399002,2.1091620275215264,1.4444028925617314
0.39481535352932584,-2.712896482065631,3.7342121331260434
1.2585565758680615,0.9165415630573582,1.0243540570650786
-0.21382761466990177,0.5862266461483787,0.05601091109176834
-0.37569003356889397,-0.543000821618538,-0.8697010316167998
3.291539194166092,0.05934801500076814,0.07444509269302854
-1.1947491514266955,-0.5235466829170621,-3.20183364380658
-0.3111707616108097,0.0612482965145414,-0.5992621470112883
-1.3682109309857822,0.4821446270079117,-1.1380862795363278
1.8749974623132744,-1.0078449323760514,-1.062390325522213
-1.0779376873353044,-0.19294164782754386,-1.5772741426890806
-2.91011905006997,-1.7532429665970528,0.1660123419963302
-0.3348412371385872,0.5692293205924541,0.21710601920977485
0.39257136707168117,0.5446727307121397,0.3826920099166967
-0.1313018136372917,-0.08176292352227484,1.3483092639806333
0.23774727778350924,-0.3899187624620596,-0.6134121786720683
0.2942964005891916,0.898281579116729,1.1555340157149774
-0.8626929594728754,2.341157559233012,1.939943544651686
-0.7603902722928064,-1.770478562560857,2.972885533817646
1.7848031990702806,-2.3831558737112832,-1.04688674311008
0.3821158141461629,-1.7125282316259498,2.9719877889556763
1.9708093238524524,-1.426001988759889,2.2728190645105335
1.7998959928878682,-0.23449450580466796,1.1081508862068674
-0.8658663806250453,-1.3793784506681053,-0.34459213687952517
-6.862690624320042,1.3221487769118059,0.8371593467956984
-0.06102948666370761,0.37105095524250575,-0.1578071458001582
1.0339658954253799,1.3915204769344458,-0.512559209836194
-0.6163791218099052,-0.061410540427054364,-0.4291094709597656
-0.05307673491861975,1.389485539130038,-1.0188332386566576
-0.38719529135046726,-0.5765931527755901,0.0906031055629305
-0.6886368408651738,0.19968028691576534,-1.2844642452973893
-1.909293410058859,1.1609778522898828,0.9263720765911931
0.12667896495696895,0.04815476258890941,-1.2092986525178182
-0.7192297834470573,0.3884229963613509,1.028590248620607
-0.4423269074628742,-0.13722565770923598,-0.7873011265041215
-0.16008175987445578,0.18206243336570677,-0.15131159753451745
0.29666039802353017,-2.8395030335310247,1.9799980079303976
-0.7233226445372898,0.6612410095122792,-0.12198561422870374
1.2500906566818955,-1.0484593946875007,0.3534807840141349
0.496100567979842,-1.238976485958289,-1.3236995556074076
0.5982059473675756,-2.841249226111926,-0.17978196391995596
0.6430755882162343,0.5333212292772691,0.7525598374184517
-0.9867890715000482,-0.5910772395442826,0.22221906518442944
-1.125780533216484,-0.2518921747324183,-0.6486961391187193
-4.55607812730065,2.827785721437049,3.078615672880935
-0.0820534759366653,-0.352821167540079,0.3767934464674697
-9.304537692204324,1.5136393158821644,-1.1846137862968351
0.15883937786714963,0.4372640617752037,0.1800398010085354
-1.9207204374532143,-1.34493094028324,1.2140825068472711
-0.42903771992278417,0.30773367179547617,0.6091923038640252
-1.6822637455930318,-0.5889862110587384,-1.4557214362213327
-1.7523338716310173,-1.4689280353835363,-1.0245289569588756
0.5804253637739729,-1.0287621064840022,-0.4490966543188088
-1.971814246677431,2.5954144780873536,0.10823777823829892
-0.7638766825178647,1.0578327714293283,0.02776143321938629
2.687968616755347,-1.6179735002033755,1.5433238139797323
0.4562319832638385,-0.9153266936518355,0.5611193154473438
0.11124921360542586,-0.5812019142111504,0.07214478573399821
-0.2842981559479434,-0.056499533230162824,-0.39690474591190117
0.6743159495685082,-0.5099561837945252,-0.5434063218110157
-1.7032106722813858,-2.3188015062678087,-3.5575025094433856
0.10514918698292575,0.1849162521417103,-0.06658295684838611
0.2719648068322831,0.12075654950655074,-0.03158180085964021
0.10672070434637289,-0.037095934611783704,0.1375915504854313
1.2404332795545416,-1.966426822896545,-1.2823383818918914
-0.05176897686792585,0.16126814410224313,0.10077356001259663
0.8452325108528823,-0.16452466739694233,1.0197640466883435
-1.217976370518287,0.03200959448512053,-0.16497891421536537
1.6873473029127501,-0.47230279632433814,0.3213963435577442
-4.754928452431802,-3.3234049974535513,1.4399677920734755
-0.4344949502444748,-1.9566740575350532,1.3355924353502642
-0.021300040760852457,-1.005885137118177,-0.4497823923554213
-0.3059058827733958,-0.21173158065361397,-0.34330154321649187
-1.2668525035676308,-0.1299833765619216,-0.6944821365407675
-1.193246112477207,-0.5104515332742814,0.7409878709347839
-1.4058092999119087,-1.116624153509962,-1.2389807185555792
0.8303055979225111,-0.01136002191805735,-0.2825921030180153
-0.32143080511034766,0.03880878740366819,-0.06945690750627637
0.6201746593240843,0.7319214893452755,0.574631102778125
-2.797586733755143,1.4712930542707845,0.7594784530612064
1.986461465022264,-0.4860295672197813,4.719680841303105
0.09370352106355123,-0.7561361046040169,-2.1438839508729393
-0.06099572412112396,1.8270556948775925,0.21430421766426716
-0.8543902800852993,-0.11231801735097405,0.41511655912355744
-1.1665509076099578,-2.1157130446513492,2.976121918146096
0.024567082114713923,0.1400014948937197,0.37222968915609894
1.0262838344077063,1.0602458349938106,1.130079076422164
1.7267009248394152,-2.131262066182396,-1.3439962926712243
-3.6978480176750512,1.9187869262451678,-0.4225396036541084
0.2213662454829355,-0.2000539099485637,-0.8042727271241429
-0.5362034280230112,-1.1601990801199236,-0.16560502062023144
-0.36824612073324214,-1.547819255766488,-2.618481759579885
-2.4869915960192235,-1.3787175519908896,-1.1658326524698297
1.0046242501434097,1.1877650229325234,1.752344518016577
-0.12007337938304438,0.9055605446983759,-0.28745701054784273
0.31775773613319025,-0.006497809068488236,-0.12439736943094372
-0.5175065541544885,0.22996617289045249,-0.9631339306324828
0.0099336268453111,-0.2587416199603643,-1.1480774561089173
-0.781117865623944,2.4893091165147365,1.6501545482775288
0.14813774562442955,-1.0599196212893012,2.632385709616286
-1.4155236857523672,-1.398092085147994,-2.8835163413374936
0.1587684478375815,0.253683766709055,0.3128329920285057
-0.45614026494210536,0.0037514837369769793,3.5056019939221104
0.023721099518118738,0.16542181311760296,-0.41779268809813974
0.2482926634077648,0.34393560433132897,-1.4864854920979291
-2.5261423700640195,-1.140051938900549,-0.5949460501870875
0.3476852251311735,0.42739666979781976,0.16711508585338222
-2.0359498074830826,1.2747655348974662,-1.7311581168993513
-2.36710077056225,0.685933625803264,2.44441182638198
-0.1587387334837289,-0.6124640998186834,-0.2863810638830354
-1.4269750312095226,-0.528964485756948,3.695355489600241
1.7677173067387937,-0.12412917863292729,0.7639622946198705
-0.8441730723033424,0.2997677434867674,-1.564000240154832
0.3188303864356097,0.5751922707544717,-0.29500625251946766
0.502368682705485,0.13178641863306112,-0.13567336175636568
-0.21224749343714577,0.20590075510517847,0.11879576175418782
-0.379747689058678,1.0236125015421,2.6750852686648336
1.1910173705666254,-0.49781285029557065,-0.7581041557075188
-0.5347712963200808,0.6458156813475604,1.0842897892604404
-1.765266479377182,-0.4405160723286495,-0.052363174117184344
0.0656533229071359,0.06774039507080301,0.056586896670608275
0.6533894036743157,3.475905223634803,-1.331049041244464
-0.5014068255266018,-0.09164803058129505,0.02306508000063856
0.5578743242478053,-1.2383785296628413,0.3831244031646555
0.26052642128891124,-0.3787108519924381,0.8587180990223813
1.865555455013304,0.1681149646823313,0.7858905671736617
0.1953227114806398,7.656855213264437,-0.5917505142983094
-1.2463771988913432,0.2960111341485152,0.0371829035747686
1.372398534001832,-3.496993473582459,7.662342236919794
-1.2432824157226057,0.5262134831118699,0.7940012567455154
2.289080646729638,-0.6701259522700319,-0.4948243302627151
0.7477273275603309,0.5561110346456178,1.119559150141591
-3.7228954437535835,2.1085157560704504,0.9989074319004378
-0.4804027224963928,-0.02048474674156292,-0.4205128154282325
-1.4246524383808947,1.2194295890981328,-1.2841813572224152
0.7113250384663184,0.1481616957499342,-0.8398800363389872
2.290318696717567,0.531766979406244,-0.3346361746416311
-1.9900999757953421,0.4082878143611901,-0.024400905774459247
2.43690679792975,3.056487117220595,-0.3065661891005381
-0.2970333848750032,2.1145170515628293,0.7673856912236431
-0.09845049752837792,-0.09236841288735172,0.27913570754769745
3.2780616074393136,-2.968613180595832,4.058641657986792
-0.7734571857972038,0.8606372789741992,-0.10909730685420538
0.6712324724545642,-0.26795599429252065,0.5358639217914566
1.5515700248601791,-1.8557191653027216,-0.20165303059336404
-1.746110766740331,0.6751794864928207,-0.09094825685510777
-1.469529659741461,1.0009866077529461,-1.8549252939350682
2.5755331297939166,1.3397075653476074,0.09800644445943452
-1.9165260964017992,0.37007237452110864,-0.7074727393986459
-0.8337522226151085,1.3180032280748328,3.4772030435667722
-0.23468342043524362,-0.027726287007657113,0.7145194063212447
4.722279698504666,-2.07173806584895,-0.5164544926551988
-0.7498906194234872,-0.8502184018939527,-1.6406250055799108
-0.2721926727976819,0.14573939943835984,0.1631299110954081
-3.6746796859708137,-1.314364112539827,-4.643488459748133
1.7836503233063608,-0.5526020312991679,1.6176563442903622
-0.17199611331214856,1.0103343819901949,0.13656951423645958
-0.7449848577616589,1.4248243342334672,-2.3314248125842703
1.021039252800044,-0.2831727125474455,-0.16026127639814303
0.6574668088524519,-0.2103161576624276,-1.69158506808316
0.27819403505766094,0.2935306454915648,-0.7539510007734811
1.0236813207432782,0.10866179206740234,-1.5804799199928412
2.268002885211594,0.6914143988476452,-0.025539694029742932
0.38481476381207913,0.030645184290186117,-0.29621225094323855
0.7233069869005113,0.03507959260266136,2.183202775033202
-0.36339059632648846,-0.02059738243751333,0.643448362640651
1.8476268591363296,-1.042849434872303,0.397809961443198
-0.13501668755991114,-0.23259455879702604,3.522640494515062
1.615841588575038,0.8360391903804596,-1.709574123225879
4.607171997023559,-1.7675446510500357,6.224157591648833
0.2233863128507006,0.207231417473685,0.1014507958599208
-2.340053691599728,1.2946292578043994,1.8668973760450747
-0.22653301873271248,-0.10352976216276416,0.16165949997079998
2.451251053787592,-0.20782348818127602,0.521398676430036
-0.3970814303171137,-0.09639471226659034,1.1262130442949005
1.1099103384712223,0.9902791972100866,0.2779127665577917
-0.7026713858020193,-1.1740679139169048,-1.397006896218158
-0.10761378491084503,0.13950285246814753,-0.0008097068316152043
1.5865894460348382,0.37828282626123527,-1.1952718643100124
-1.1337350929209942,3.25173174584556,-4.950618767647036
-0.9675554060867533,-0.32151440143034304,0.5810413008054709
-1.6141347546299576,0.055821162564041515,0.7835965647600606
1.6153663190822056,-0.887150586969308,-4.407912809403035
-0.06328016527155245,1.5182169069317613,-3.0497062741981233
-1.3973858674920825,1.1429511816911289,-1.6127106808402658
-0.3103609782354433,-0.11451901758133454,0.6376515188005335
-2.1293711117461323,-2.3510722546387073,-0.40016880998519766
0.2820870832593937,0.031571426952734793,0.5664812928348424
0.37268371775187636,-0.3580656728450656,0.20526149521439052
-0.4915466290112601,0.07914226590734216,2.030768208591674
2.09675196882146,-1.0358420633461334,0.3605377843444211
-0.9613143523987895,0.4183278673105695,-0.6240790475716096
1.1029127325153878,-0.7340769915543893,-0.8245120718678994
-1.1970565467177645,1.0248254844658062,0.22861829210535983
0.16100408624908757,-0.7759067739770324,0.839775324667942
-0.7066669326559442,0.9489961644572013,0.9508353561891035
0.37454252173517866,-2.2572551765582767,1.3486150450297454
-2.296602816933553,-3.1301418040643956,-1.9980760690770918
-0.9691381801322914,0.17744352358121546,1.3983108496557606
-0.3899887519575065,-0.717964356499921,-0.33106830398633014
-0.8540279324237332,0.8144118201891113,0.39192744745798636
-0.3796168973782065,-0.022443830469292304,-0.2927070287164683
-1.5122575810322951,-0.030822914572342056,-0.17056459029342708
-0.7565505750994274,-0.6612832030272279,0.9312111465731077
0.3141188345407637,0.6601298680002966,0.7529562129525981
0.5497028676619145,-1.6755721158075942,0.8848979184864169
1.6985332201643366,0.7243835185577158,0.04329383288300814
-0.10382908706557425,-1.5793327691145804,-2.201126762008947
0.3199822547763036,-0.7417059851963631,0.8223271385686108
-1.5901765786427249,-1.158613384137393,-0.6164562554565387
0.3447309278525206,2.2964989868677534,-0.8399679742738666
0.5336318915560836,0.11426552835838816,-1.2919810247683958
1.5953268428587801,2.2890710180988387,0.6404248847834675
1.0620362552174603,0.7232956576178425,-0.11125368434034072
0.2324932925819994,-0.2298354786949898,0.4974538945194126
-1.1677917603154029,3.426627579391864,-2.096722202907922
-0.6867138728493367,0.4465735346522167,-1.2638305774187022
1.5864758585449203,0.6844273928393049,-0.437870976823533
-0.6054350082815495,-0.23331830070305565,0.09246954528612192
0.07865241232813897,-0.0019387983942432407,-0.011201990450532575
0.8990176749954567,-2.7287205029852126,0.882887466295198
0.012052065762738942,-0.07458643911495975,-0.2829262940068854
-1.6579775970647503,-1.474396602515312,1.903713340947148
-0.40495398700316215,-4.300058843256087,1.6840931476527858
0.9343650189961947,-1.1999450918644683,-0.3815110561488416
1.342293091171178,-0.36515559709834855,-0.4537854334177838
-0.20482220695668615,2.1289169040744556,0.7194991998454039
-1.4064629803529924,-0.9211750337447713,-2.9185642316704428
0.10995498298612155,-1.8870254352563172,1.7009803594814397
-1.6890484232298957,-0.2458854151442556,2.027583911254341
-0.555504129207142,-1.0450777097258168,-1.014989561173422
-0.123365809537812,-0.0072508737861686,0.133182561725193
-1.350007728897602,2.4983335254792833,-4.173840014017317
0.2670397542258912,-0.3637884992470075,-0.21662299401430268
0.03468942566925787,2.2824443856047436,-1.2944038582017638
-0.4744186734690978,0.5116151199678243,-2.235830256961203
0.05816339562445566,-0.11573471294894573,0.20929139182973802
0.27809088249439246,-0.4495212270558682,0.08998639513324666
-1.6401643378239048,0.9521976944221637,-0.22908823152563196
0.9919881498549639,-3.7028469535346,-1.2969188913216398
-0.08110752835744452,-0.4549162100733213,-0.1948230474983288
0.38328269174386814,0.7671910711212542,-1.1013367765411053
0.496603228155793,-0.29316902930431665,0.5238943272157056
0.30323360522613885,0.5415364335836155,0.6773673424540786
-0.06335301850058203,-0.38225295900387307,-0.027679033618228988
0.3503312832290082,-0.2023709803119059,-1.4099578469794691
1.7499956998015975,-0.4226726045656626,2.476958614107918
0.09825640888643955,1.2588326892753066,0.5766745372675056
1.0025757374758721,-1.596654915242802,-0.429857535564949
-0.5329523466332583,-1.1501647665956676,0.810229627842243
0.32461797633024464,-0.3840002464836786,-0.6863207887722919
-1.2191147121409633,-0.6059590140288669,-1.1382823782498657
0.7698637696840278,0.4166667219817146,0.9488697933148735
1.7395810052119887,-0.8851672390101668,0.5347375118573844
0.7466884710320814,-0.9584145289782158,-0.40671807753197003
3.622739566376276,-0.024469429542152293,2.737766078486761
0.5438502212826447,1.7938536116850374,-2.7788687211510243
0.6265120686832036,0.9730045112362304,-0.6757762235108133
-1.0636133403812555,-0.08931808025788628,-0.3149317212797103
0.1663822249242139,-2.331300803590246,-2.521781145860407
1.3478889093660231,-0.1737845080683558,0.5111015691875702
-0.5540385966298683,1.7070693288371035,0.7772006645223373
1.6371582774964866,-2.9285519586984847,-1.5653996372731387
-0.21356912289579416,-0.21316073761881482,3.577982093309888
-1.2684563507761595,0.840823067822092,-1.8444658335913922
-0.06660384584447299,-0.3339684552496993,-0.6107380961023681
1.2940513971675696,0.9877673554003942,-1.719186274277757
-1.0274614473981298,-1.7018592250437303,2.9967214808425875
-0.25156302126034785,-0.2021425257110952,0.09062117249173118
-0.304710634652917,-1.4396552024106537,-0.9392119507253887
1.6113719538019509,-0.03022138368610472,-0.25246113153388705
0.04885202603444791,-0.012605214208050136,0.24520513802310573
-1.1628568014421075,1.143796869881304,-3.746909864088214
-0.31402370828862647,1.6140429993400147,0.8603241947546101
0.36102001373414516,-0.24482671333539985,-2.0226065801513133
-1.2821590962541167,1.4143460984621332,0.054553388495687506
4.242142010069065,0.597115929479557,0.9395623502336097
1.2985868507642595,-1.712036235945625,-1.02544959526512
1.9812144559969924,-1.2905263169009513,-1.328711727133812
-0.5606405359075854,-0.03694834695154239,-0.45583072490274557
0.40266185596163,0.22146545517506758,-0.7042867702070587
-0.1646503847557914,-0.037502371723664926,-2.9229750534047505
-2.647169903047127,-4.11442303418986,-0.5764884305803735
0.34555673007571186,5.143519118747495,-3.75540170654368
2.8328818472164516,1.2935292944858112,-2.8730615822673604
0.47555641548991157,-1.01941568426029,-1.1654793103479033
-1.4698558674907296,0.6368625772471479,0.2492540222418893
-1.1484124282927777,-1.2785571432251026,3.776759872867082
1.639564309317241,1.2009177456929923,-3.601434241113594
-1.165815833905567,1.2587238154535965,0.2961481929730092
1.587633773042012,-0.657384604251918,0.9835201983975213
0.03856292745938595,-0.1311780127670064,0.046898331138024024
-0.0018412766873099756,0.9158985720730572,-0.45383243941032614
-3.70532125908199,1.8493314439240778,-0.1381696421856219
0.6296686473769028,0.10991531050012221,0.1912665879528574
2.4004397962561055,-1.655655167879897,-0.015912498195176206
-0.05588375498774642,0.09921574907254542,0.5402754700402648
0.09364911718918488,-0.5417654206406319,-0.20305258209168295
-1.1006186027040084,-1.5509786878734557,0.22265097066711378
-1.5865863420038342,-0.6123942182018638,-0.5965198591286964
0.7372390424340873,-1.127849723399542,-1.9745725299001955
-1.0877168479776658,1.1987750822172631,-1.8035046165664146
-0.05132061727402148,0.8024291406754498,0.767471611671845
1.0740075381674985,-0.9512666697416776,-1.4434876427779495
-1.2167367143823542,-0.304317648172503,-0.5821337147889475
0.2451938865455148,-0.7365574187650779,-0.9565015015792694
0.04988467464478383,0.7779871445722433,-0.5963561410135307
-0.33157113317727854,1.7655725543450511,-0.37941973682613594
1.226467406363702,-2.464135000969206,0.20436065678297827
0.11862565164186581,-0.047454372743231985,-0.146017371177701
0.20127607391000552,0.578679569989933,-0.43247551486191727
0.15694551511126198,2.0105832433994473,0.459515008072913
-0.14458046704576477,-2.6016478122869935,-0.880183010988013
0.25808770412364623,0.13381540840634817,-0.7641782637373687
-0.3073677612187242,-0.1547705810808141,-0.767193323031183
0.19618051797599242,-0.327575992945865,0.6565662312926357
-2.057027724841904,-2.6668279814114317,-3.6920641927900126
-1.5967218282746996,-3.8233511573517878,1.1565485809041862
1.676470191339053,-2.4343486547035904,-1.135797212861438
-0.032490139879010754,0.08281127034486495,-0.016126782862298964
-0.1331683714118259,-0.3079902061278322,1.054479365761026
0.2854818164154305,0.0845325270399066,-0.09196661667729122
3.677571196237627,2.2540811068548376,-1.3476549628001144
-2.287308304525345,-2.3422178237233906,-1.488725396419123
-1.5111598062016698,-0.34527092920920943,-2.1235076539714863
-0.6700133334416014,1.931040256835339,0.734239541123938
-1.4157257292129217,-1.0716545261337715,1.8157333517455947
0.45332871392321017,2.2254347966644774,-1.8488945711517388
-0.7262031180866957,-1.3543551909911873,1.3409324349801601
1.1612858420876966,0.18908873183947336,-0.25177811693398233
-2.4874963600918223,1.4838792761746433,0.8564777538338741
-0.014395453337600214,0.6391426448624021,0.4019758447859944
1.7589428360734833,-2.0310515072374544,-0.31833627378085816
1.0399582939572583,0.9439413375196445,-2.5045630025704617
-0.0325895864914718,0.259168217276044,0.3124329040149219
-1.8930833552236628,-6.913726335773057,6.601545088797963
3.161209248136472,-3.3973911677477115,-1.1850191758645934
0.2553286277308236,0.23752537071998295,-0.06955816065853924
-1.8656227052004337,0.7371884936829038,2.6692530704616177
3.4164555860319457,-2.72386215128997,-1.782912612225683
-2.171994693835254,-1.9708117476876612,-1.3813335187011737
0.46995829530699595,-0.7777267310449844,0.9856062401552794
0.6623854510421594,-1.7227087622350494,-1.7569779911781502
-0.39659904916339683,0.8001047263726508,0.1969301498599483
0.3124707987486228,0.6923424029116716,0.42464481690697914
-0.08691265026151568,-0.845389354527001,-0.4167286975880401
-2.020058242458586,3.500313551428898,-1.4533252396042027
-0.4329331285052509,-0.45791245697221816,0.9462031103213921
-1.108499630854152,-1.4183894126008378,0.3613713816835434
-0.34938628902382896,-0.35426289705585884,-0.18166799251136534
-0.7699271586847498,0.900967370493423,0.8664497492086163
0.686076958550882,1.6564010670363307,1.0465403579456867
1.3738893763778777,1.114636780969804,-0.28101745178757875
-1.1564145276451423,0.4763693355308568,0.19254351172593687
-1.534029900717212,0.19557544835631077,0.01173623303396252
-1.8598937410367462,0.8373636504718729,0.7993519558789892
0.7061261272205966,0.5174545329947977,0.00541371210531115
-0.07362466174404103,-0.29620960865833623,-1.6975010530989376
-0.7422626761783249,-2.3553892377242103,2.0050541011193
-4.7065117982712446,0.29283677144646786,-4.304710429444433
-4.569872871302848,-2.465155755517941,-0.9522294966681145
-4.18798527533415,0.5763476567679521,0.8435948499564949
0.1207512469253792,0.019002732730940802,-0.16061841608376057
-0.643768560720489,-1.021563723458034,-1.9311832425104323
0.1840788097396958,1.401919683027165,0.09375191239817043
1.735180718975257,0.13294301483440557,-0.6464828449553929
1.0159266949657064,0.7720386472488184,-0.09235422558849418
-0.9724317401355508,0.6870442604670539,-0.9489994486689923
-2.352441092686517,-0.3741133395861804,-1.6420947456626718
1.7183283499068351,0.6480976647339782,0.40594095904514216
-2.830727803589479,-1.0571164695581183,-0.400476843990705
-0.7764035418203058,0.9086984536318397,0.07957446870837376
0.2857095631631235,-0.0464827311753771,-0.2188259837211581
-1.4087684047603914,-0.3122250137615288,0.4008861347309492
0.8418074135779945,-0.45117650518044955,1.8758957425271992
0.7720045142362919,0.6730116925754795,-0.6961194348973364
0.8816919615832661,1.0990378209789298,-0.9230957898190262
-0.8495159036753704,-1.8515568871893398,0.04132787792053944
-1.5542335282473079,-0.0916040819639729,-0.3874613845612865
0.2239233002040722,0.5868060698279166,2.270456389042937
-0.4552679236333321,-0.7940039201930605,-1.7263072992316788
-0.5927347324065667,2.3954657707961085,-4.897782988416445
-1.6403964557745059,-0.0031967712931395,0.7167362401892917
-0.42654096430003285,0.02805625279655849,1.7801550675043225
-0.20252619082279769,0.3274005761552933,0.02037201178618399
0.3161053634076931,-0.5761401146546252,-1.5080830521706445
-0.821793150509431,0.6486232017365701,0.2090285564701767
0.008290241206404855,0.07345527758797343,0.28109867928699
0.16104909974033374,-0.10534153022610723,-0.18915616581108946
-0.9922670611276192,-1.920342577308808,-0.4257850446040969
1.9201934929440465,-0.23417698935026154,1.5041966451002602
-1.0944187764806537,2.230166166605282,-0.40367333400867883
-0.7581501004278965,-0.23860295723394642,-0.553717643888424
-0.8653953496590745,-0.3738379576229628,0.4369584546240528
3.671711422129556,1.211326272502518,-2.8464058173521436
-2.3924711470515354,-0.12246559114252631,-1.714899689690054
0.24782927672099575,0.856040866539736,-1.8715937030909315
-1.253680223095281,3.378278799062801,0.6358449309821885
-1.1283698813218317,-1.918561584602402,1.9594864292260556
-0.0490482898975167,-0.08104849536775854,0.30329643761616043
-0.43360172002288444,2.264096865300099,1.4844927734842661
1.0467008256724488,0.9285333472408681,-1.6969190677849046
0.8076079174112619,1.0408354390925283,-0.3794740783032041
-0.2668074833947603,1.212445912108407,-0.7444749642841534
-0.2962562575444474,1.1732007479785984,-0.2867274710702716
1.0907002139359396,0.7642521886990027,-0.22296397009673058
-0.2838682832563697,-2.050948369709496,0.041560730426992265
-0.01110603795818771,0.1576145930496481,0.9415367413545388
0.12637458547102448,-0.1695986776845944,-0.29479902094244614
0.46375114252913685,1.1207032966512962,0.8220773369713992
-2.2418055425454546,0.0564825304603126,2.0012368878193088
0.9740915069378495,0.9773895862977621,-4.1306213068140405
1.895908462182668,-0.6340320079312132,0.8793877031770044
-0.1793084009250593,-1.6468875615615262,-0.7121122223081381
0.4896769992333813,0.2311190025158802,0.327643638837489
1.632569648396034,-1.057343084099425,-0.9642280178163296
0.37184796990083324,0.3143595571209281,0.3688339990413204
0.05844011545829209,-0.5620142006231132,0.02298647219436943
-1.6119115209329336,1.0688432616584795,1.5474058016528303
-0.5478442296412228,-1.7768748177002642,-1.2859920271140644
-0.0008283139962265706,-0.007216944108124405,-0.03269228559462516
-1.2489058059647768,0.04264179559727624,0.3863895753776127
-0.08061767526161223,0.4602541743329358,-3.060017250195575
4.739147317340875,-1.009508237384062,-4.099241327082472
0.16156709743558606,5.2699865572031275,2.174066132486737
-1.4882456323582762,0.3598778668096996,-0.2003275071173214
0.1618401112946395,-0.1469888770243201,-0.1562505223553462
-0.20844632723471973,-2.4326127104910067,-1.5445930065696387
-2.877959174352541,1.6235196655791206,-0.9291068841319603
-1.0438120730740754,-0.2650473951037833,0.381826931844527
2.7671493964594553,4.16000828988896,-0.11195626737101878
0.29103645602042194,0.032386904317356385,0.4502068715352656
2.5211864923056044,-0.027270914966101317,0.3506966744647837
0.6644198759150914,-3.9143252453798056,-3.3366613727932117
0.14638436245790223,2.633383366578232,1.7877503186803871
-1.428164977570405,0.9400612062384148,2.191854679719151
-0.5646118752643489,-2.0443427129113316,1.8446317035996305
-1.4518232523306411,1.9702374132656248,1.1150512369477876
-0.3369989420403866,-0.9113020808731589,0.3042920383623442
-0.09693059147662969,1.0092095239206407,-0.7797056243343832
0.37839041166898274,0.17476438496332786,-0.3946052517732421
-3.467286936014956,0.6307845595025086,1.01272678178296
0.2231298862376484,-0.1516815521771407,0.0420557093296375
0.7067736996078742,0.13006888479931938,-0.5388972841862819
-0.37071472991810506,-0.027936792445915154,-0.08017102230952805
0.24192764467363162,-0.5687694258488407,0.08902975165792928
-0.76297140928061,0.29534350919207153,-0.22727412943420205
0.3592547935883844,-1.2248460081844503,1.45560152589802
0.1429079046344427,0.3702758481735374,0.3468776135728875
-0.9778850119430327,-3.1655743000277847,0.08671545998700372
-0.7354431707221076,-0.6993850548129552,1.1478368054756047
0.43232056541259445,1.242835080490703,0.319540368684531
-0.7323660705246087,1.3273094145985767,-0.156189593496045
-0.59148489544642,-0.21198940764722982,-0.46160250925642793
0.7173706822117177,-0.09276931501155884,-0.5652984143633658
-1.8602726150624291,-0.4738799334730752,0.7811446387194162
0.7036571270736318,-2.188390378441581,0.30991799655138896
-2.124081425539424,-0.6629270989723347,-1.0929651449882754
-0.12335537170343985,-0.4459423698268252,0.948171934177672
-0.02314966303550528,-0.9507640132302329,-0.7447954197720738
-0.4258649314506979,1.601710678085593,0.17832469577408433
0.6746762948460816,-0.4823780544072974,0.24284678421746364
2.5383425871971568,0.4781474219390797,-0.130116451482186
-0.37758492693035484,0.46132714806005815,0.12308555691375124
-0.589766584792026,-0.6399095176628462,-1.0462032885049308
-0.6853708673307491,2.6730653173354275,0.4465740467717981
0.5149382756440252,-0.3511053975285416,0.36214927178402384
1.5651562667618695,-0.8921486629288786,-0.1418378296041498
1.7402438825243212,0.15823126510286567,-0.8805229668538233
-0.029166471603207372,-0.8187627230343469,0.0756739437880361
-1.1844051079283822,1.4798242925246126,-0.5477188154129661
-1.7944395616888427,0.3736690872994011,-0.8126603762703954
-0.8484044633720264,-0.04385157342322435,-0.11828085039085427
0.12619466857689338,-0.05195810963523613,-0.30689087025786055
-1.9706414862935941,0.752165905818954,1.9682770929885234
0.012787016999501785,0.028559621984037612,0.20913100329797402
0.11733934611906814,11.860289504101143,-8.425835450138631
0.5100426833401878,-3.9689976339393986,0.8400714054098464
-0.2925855937721535,0.2312804648165985,-0.154692630514749
2.481612143585875,0.4077593995041369,-0.7898122028324395
-2.2527871295592616,-1.1105897308433526,1.168071817350796
0.5563419159581088,1.0316677149771913,0.9040825870158608
-0.7590570484969309,-0.7434325661145836,-0.6336659892204127
0.07166279197071507,-0.17540380810764405,-0.37356962887954837
0.4036616078910487,-2.133026567284092,-0.08727297009208895
0.24098822599284647,0.007513970811747955,-1.2412552762361067
-1.3617966062521847,-1.7112692499898805,-1.1598615426244185
-1.47977518257375,-0.4039556764424255,0.5263598299092997
1.2374499507804688,1.0419070274033055,-0.2611406353185076
1.3574591802838312,-0.03283587039705743,-0.12121890454336431
2.0816161327839486,1.4733010470621657,0.12348605694858246
0.6022741875697706,0.2811692925491618,-2.11477559287397
1.8207028994862746,0.5712863826507721,0.8223939765642149
-5.069324190791249,-1.2355456867242665,-0.4394891459191136
3.0776184430395173,12.98274451620711,-0.0266767318640377
1.2175807762880118,-0.6300518533855275,-0.7273494823610775
-3.3395336678313945,-2.7489413252575496,0.27946081617397206
-0.011522355448527106,1.4256569488703645,-3.471076931920853
-2.9859257174271256,1.1298753248398494,-0.6832023314956087
0.33582047783678826,-0.8876632408972038,-1.855470734348506
0.23272748821315842,0.1998263753129471,0.16604797642077646
1.2929321373536915,-1.627298930205046,-1.159571945843267
0.18590723012413476,0.14129067890167893,-0.09329300992964774
-0.7746742863157465,-0.5435235087226671,-1.0612585554177771
-0.32876480928826746,-1.6219755970725476,-0.909220838555204
-0.7044646804873187,0.3870486361169767,0.24237218551444156
-0.8999082460736348,1.0546179253888937,0.18434196593772997
-0.6378385797588358,1.2932957301620887,-1.5429619627949578
0.7577914975811112,-0.8653626326586529,0.262459136380628
-0.806530296486622,0.5529377853284551,1.5210649590745131
0.9058409038804465,-0.05388564287052272,0.13735013539159324
1.2411286533245953,1.5381275432928223,-0.1684162921140301
-0.12993797047394923,-2.5437135307240304,3.1413351307291344
1.1524034293762029,-2.0144465068695543,-0.30689139473451765
0.5232519963947766,0.49230212051957595,-0.04388874850806425
1.8989835674736555,0.4519414725089613,1.2199442651121326
-1.6065320904678222,-1.9621868807039644,-1.4918709979992097
-0.007165183801652514,-0.07432663426296109,-0.3319608378944882
0.2013061978076035,0.9146354427899946,-1.3092976176414084
2.2543782156532406,-1.5613219733509873,1.3553987110844745
-0.4285096985117116,-1.0009659419645005,0.04856335263547566
-0.42948203693189846,-0.3195700815006175,0.49678555709837113
1.138227996999353,1.4155266697032736,3.1195048531507936
2.0514590567145894,1.133386280253299,-1.4794389399842534
0.3188491810888858,1.047053220180252,-1.0412966377026749
-2.7122072682619542,3.6559698147819675,0.09446547283708129
1.1434888126150282,-0.7058105661724641,-0.8701283502848084
5.997614081225768,-0.37721372431743555,2.398397763720017
-0.2659810195968788,0.7447089033520875,0.10479556616316542
-0.56278313221591,0.16337387981522433,0.47774057109317286
0.13053412934763428,0.6495087939677185,0.4118173859567148
-0.38229101728960646,-0.5662403106259613,-0.33817852537246806
-0.311793622617068,0.04855428917453479,0.26866972782340337
-2.942939741625045,-0.8810014574123687,1.928599448969585
1.3137990870843053,-3.377341346633721,-1.4221860664773496
0.8235794554380582,-0.27610903819099125,-2.07600080918101
-2.978923517681992,0.8043113029677232,-1.2250958353508048
-0.6247767352453436,-1.0847975395654852,0.3859529220167239
-1.0000311697306041,1.995365209685535,-0.6574720793996314
-0.7803465285933804,-0.3714314167160911,-0.5204946770310966
-2.5315380736441044,-4.173789042684884,-1.7699431813008382
0.36992314157839556,0.041228821915773026,-0.6017421248406247
-0.2130895482129552,0.13963834717447748,0.500739153246199
0.7283390453204037,1.2523780595481222,-2.3354071828090155
-0.3281912598546591,-0.1815070111884138,-0.1057685161482002
-0.2072167787578888,0.0825155890960139,0.0477433906733843
-0.9840529217368226,-1.3419542732039988,-4.353709261536094
-0.791180852633572,-1.136912696696739,0.5696874259930027
-0.1876288503924012,-0.49418352406193605,0.10239959752953033
3.6398232204973797,-1.8514709297510323,1.4675107239707117
1.189464601753801,-0.5553999490331496,-0.1280794945674953
-0.7020282701139153,2.0068218070697603,0.1851908901067706
-0.20630635885520593,-0.9167658729476617,-1.235612259513025
0.5218037344687786,0.3576034619150673,-0.2078655141532868
-1.162348156677089,4.313793111409384,1.4590641076622142
1.2196007915311207,-1.4783965197390827,0.9442143082571863
0.44372615950072875,-0.341854665006898,0.6926851790035229
-2.700207012727059,-1.494547515328846,1.6649294811751134
0.3958268891032987,-0.48751228116441436,-1.7823016502833342
-0.5434739856009336,1.965821361292508,0.21596700375910416
0.6421407838326371,1.122802218414556,-0.5975232519967979
0.1625539420813933,3.594164443427614,2.0025442349127207
-5.532058907821629,1.8574086396730354,-0.8943122622769866
-0.9967823618926666,1.1280744779549494,0.37146677957345825
-0.8636460798679725,2.3320336318015644,-1.1789559138440335
-0.849227706673297,-0.8323842148582916,-0.5274607824913091
1.1139269467805244,0.16970127938268623,0.8835766000877364
0.3532311942393051,1.3132781310219106,0.295392724164256
0.4993715703426267,1.5119739745959169,1.0637034634822489
1.2689142443166885,-2.1299888839053587,0.48782828911674414
-1.2837085578301684,-2.3603672572850303,0.8101701285378182
-2.407740872535604,1.1540315503084644,-1.4633252897964886
2.8507575740193554,2.9764428573088195,-0.48579824002081085
0.08809216779176166,-1.0463765739478315,-2.530011943447052
0.2929886606681606,0.3518330938122901,-0.33545243132948116
0.13861788041957973,-0.01879424240450346,0.3139872852167265
1.8875616425607795,1.1050048861137531,-2.23901819928469
-0.17270222509883842,0.131577405155119,0.7620360244903056
-0.2949264697578887,0.4293675937690106,0.6985960384972589
0.04049978198388021,-0.09123798734425846,0.1155521545371948
0.091913288039577,-0.3407595921797629,-0.6571892715539297
1.2865957168793878,-0.9109061117920789,-0.22980954923337663
-1.7592426658416973,-0.3229170086090005,-0.03539932953474634
0.8283013790084159,1.706590966308226,-0.3279386596653973
-0.0656821584174902,2.1057286910393103,-1.26314325839047
0.4315702557314128,-0.03413862169247313,0.37430202970359355
0.4449583492247244,-0.13130149735156554,0.1897437027190752
0.35013913809494057,-0.03222154036923015,-0.6757080950002805
-3.1596813060689835,-0.5250069068135792,-0.9575571307712909
0.13407277284447927,1.7842492778918897,-0.2930122844242466
0.6387078709201657,-0.607963965343987,1.27877043451207
-1.5347590260958162,-0.47352583716356933,1.2514056363758679
0.08891434846473982,0.00423317848383814,0.6427566171963233
-0.9181990427549196,0.1750759583459267,0.1362420258114717
7.427980530636219,1.1868105257812847,-3.619981878462352
-0.0396452815519515,0.017614402488677863,0.12141712132738372
0.2643264563375254,-1.4273378541263666,2.2041965942439137
0.23110813062161725,-0.20026616300866504,-0.1549812486735218
2.162920868244521,-1.4269696389960451,3.916428377262097
2.6302155459227965,1.5745114090687982,1.5498030582592002
-0.33276912887319127,1.5289921305239156,0.30097324045681084
-0.08861060972059742,-0.2932198716316451,-0.19650610938322574
0.3687745048992596,-0.3327153220596012,-0.1470364569774988
-0.025904710823150864,0.014492885441287733,-0.07818753536176407
0.03941697159801176,-0.1203589664195702,0.7836284096420371
1.8839324745742152,0.9528439494259098,-1.2332258425397462
-0.03517515693132631,0.12477745301315715,0.23329220646608695
5.3071275412933705,1.9172609450793696,-7.492432629607339
2.9438393574863473,2.065323257999,1.4293616698173601
-0.2105371565400502,-0.37353447884605695,-0.024858417451925487
-0.39588129049710297,0.6085561763548106,-0.8573990538910585
0.6674705646187541,0.12993815262985764,-1.2761792819063984
-0.510912599876962,0.2960428304537248,1.6399522183544726
-0.3285112150790779,0.6340418577136824,0.6026926942551944
0.24965781109938362,0.33645786020319124,-0.26433814462455774
-0.41328791913143925,-0.6552851900793912,-0.54046637085416
-2.3098537824387826,-0.771864216458807,-0.0954321116968602
-1.2094333427335158,-1.7504761021703201,-1.4127485577462646
-0.3299867113423107,-0.5049822602701651,-0.5278796345110623
2.548724391034123,-0.6813762718684813,-0.8592615732789899
0.24037265432562283,-3.019063563129004,1.2875707348095502
0.5127825587726436,0.061874141379528076,0.35147497117730264
-0.5634079503320412,-3.1052899679461605,-2.2706539631401577
-1.851359490070528,-2.3868132399945923,0.4315090371169742
-2.0954049944485615,-0.5098434923601755,3.8616123786315666
0.4030180479322983,5.317337895277607,-0.3542869784283956
0.8633691949992195,-0.6963049410872449,2.0081282381312167
-0.9049980149454633,0.3840498516864807,-1.495408262324336
-1.1283671427195556,-0.7045032310535123,0.14719599040816855
0.08628143357981599,-0.1281070307559046,0.2253459138108003
4.495827877909936,-5.0418211444764065,2.454438729676978
-0.11364822367070156,-0.08951536108998233,0.08616261191405813
-0.5385986788197143,1.3477219737333481,0.2995247412986787
-0.22979031693816107,-0.2632866714382404,0.6269952610309422
0.8343663864937679,-0.3564975365776164,-1.0744863548129566
0.21643098637373948,0.014941091241962502,-0.31298602616296706
-0.4275558152911656,-0.2543574543177033,-0.2880358126903186
-2.576750165028995,-1.1183045689713864,0.531154281842747
-0.4322686597918074,3.6691269928033208,-0.31713926365961165
-2.593169505660505,7.302356986646088,4.622286553719347
2.118681543975908,-0.8755669620402496,-1.91708893790291
0.29668432995395244,-1.6941732115445032,-3.4886049643632755
-1.692786864596417,0.1493256037800175,-0.3020840351427798
-0.6133563760651897,0.5038783378642877,0.32104838637889194
-0.2061094729583015,-2.0435415210079277,0.37073574106760576
-0.3680538106548256,-0.6088005061386932,-0.5288912044479253
-1.8752778329639215,2.0734044388023865,0.2125670450321595
-0.46249181066406203,-1.5630419515728315,-1.4891528420862694
-0.9162215052258493,0.6196643319111328,-1.5353533029954618
-0.6788187380210515,3.6075898146905665,-1.5159154420487617
-2.4628871262936096,0.5901236796496333,0.3691978530087383
0.6775323533842655,1.271302591836948,-0.7171688192226215
0.6337670900201968,-1.7427075220166737,1.5202159058000284
-0.14488083861036116,0.30612567020453135,-1.196569098700703
0.3125133248974922,-0.5261775046187962,0.7427117692886502
-0.42760002763072474,-0.2782451024883779,0.8024171865894447
-0.9954464351470735,-1.731545622529542,5.343616924194133
1.6003092564073187,-0.7363882666097447,2.4277517609537744
0.7221532800666896,0.2866297110074163,0.2841810103682985
0.8559156622122287,-1.4331224186583824,0.4694114950483693
-0.29133773645876393,1.3889392310729765,0.21334249753941084
0.19520078307718403,0.07344649766335652,-0.08723217726549251
1.8488461199707986,0.27912943081698594,0.5329339095925905
-1.0845444392485553,0.36793824181708495,-0.37946715030216344
0.07059532709414848,0.1715008426989788,-0.12998931723489812
-0.34110825160223535,0.07640563314949628,0.25360672256210576
0.4050592907768041,0.8878161945159287,-2.3573064591353026
-0.4029309575405496,0.060761648194271954,0.4290857123834716
-0.4871289517174625,-0.20656399687017934,-0.30550995096311734
0.43861328493279006,0.15840545542854753,0.4614862818391154
2.673792436694308,-0.14007582462562318,1.2044934371743117
0.9016991629377233,1.2994302228820642,-0.7367396084241873
1.4157543270680628,0.6136966455701269,0.9908187071555321
0.055040862996626215,0.18372047989643597,0.08975054736406332
1.5068450880282995,-3.026030555892074,-0.6745018916789561
-0.333683459641371,-0.08521128632765632,-0.6622400321835542
-0.2459993712211282,-2.635328173761554,-1.8589955148885557
0.8366453396467414,-0.10823082099286785,-0.7622406842233006
0.7065647346602306,-2.4996910871515694,0.9094614612351977
0.2991176612952042,0.9309260905003915,1.138816562202526
4.1747169919322955,0.3766415708479167,1.1519650172640026
-0.14718975582595248,0.07448291874035359,-0.3689805654695357
0.4765773711248631,-1.89077437921796,-3.206597557971988
0.2425470462597818,-0.062290493280184316,-0.5217245317017477
-0.018569773363262543,-0.20797150147287458,-0.09658276640274424
1.6168797045286882,-1.017787071517952,0.01722128861483277
0.10543097055645897,2.796752302316336,0.34087252324244954
0.6879889175331803,0.2842778225908044,-2.954032807800261
0.39447496852381303,2.2516067708493877,0.1175384349980296
0.752686341763289,0.007278226670048319,1.865030428451692
2.9597227527560723,1.187611505333542,0.45552664537905296
1.7847375912381749,0.05486860038708076,-0.6623383977184594
0.11060489971065751,-0.22220383068908528,-0.4220627498671391
-3.6204045432310394,-3.389841825265309,-0.4144600039872473
-1.371058207387426,1.442810932029585,-1.8336296410467368
2.805652236743376,-1.2151228294322634,-0.41287012618270397
-1.0809596624780924,0.13909704921054644,0.5797945147155097
0.05131003734128773,0.03859259538165261,0.007393005601347305
-1.0854807776803614,1.5717860248910926,-1.5923932664840978
-0.09167313982500876,-0.12288979617572027,-0.24312057764633926
1.8966868967854613,-0.0002432193601251964,0.9106103595846484
0.18652836306078857,-1.4804229714313584,1.006133038938432
3.2351715651569175,-2.826882438823176,-1.5943985114057408
-1.0723061113489534,-0.8964813361862233,1.267275039387957
-1.1694220026642448,2.199597346235336,0.6244651352896428
-0.14306808292961073,1.4941750916556134,-0.26407002330832224
0.1479698024231107,-0.1963297721562597,-0.06444488802361673
-4.430530221565039,-2.7234788807258052,2.8907539776473286
-1.9353958022325888,-1.1012625630977515,-0.0947349453960803
-0.14181028914950913,-0.19423065586302873,-0.001946930750546915
-0.2969463520575839,0.29073280474179597,0.04045568226966973
0.01817086850351013,2.0090219381329595,-2.5229161903822375
-0.19482212960772816,-0.1508555070922441,-0.5216161683169198
0.9615772400816989,-2.2579656177884604,2.842394927887704
1.3712102460835969,1.8633381950388217,0.39543843973111564
-0.6404816043666414,-3.095167534106273,-1.5963321551471255
2.2684621209986346,-5.800757869951725,1.4504406456305188
5.573405709567298,-3.0084172426861095,-2.3420374218253412
-12.697022975563428,-3.864823995492257,-4.066695826983124
-0.8195634688219908,-0.8703203702866046,-2.3501181262868385
2.4883062524252546,-0.9420067655316788,-1.3294314538967877
-0.07830503372030234,0.35475063412871966,-1.416764487269245
-4.344802403335027,-3.9138598755719634,-3.0671564253428016
8.320146167636436,6.033207630292957,-3.0571678117167957
0.6352403771479591,-1.2863562633193604,-2.5434111772813752
0.08794078879617163,-0.6209261534764514,-1.443511477290219
-0.44958799211067224,0.43664427463257083,0.24839104229223063
-0.5783980134376384,0.19065731133232572,0.1790662939475755
1.9287860378527424,0.31096583324300575,-0.8298164062360734
-0.4557917253948305,1.668053882381215,2.620251957301719
-2.801276502625827,-4.2630522489327864,3.833039472458318
0.5166624509682896,-0.0455937783645993,-1.0131488255064443
1.4659507782028984,-0.1039838868435668,-1.8419863958241525
0.1562633651140699,-0.10522294044006722,-0.2633704445518236
-1.7006287767872266,0.606536437602732,-2.379360002517836
0.003556407734969763,1.3874795315617097,-0.4220804673618449
-3.757531349456675,1.150560075266787,-2.8078482683848542
0.6986829824486392,-0.58433787411069,0.5022120062140729
0.5401745574471867,-0.6777701777917284,3.824386807210438
1.1268870017208297,0.7130787155527331,-0.3780364495227517
0.5836131496101623,-0.1868474074253974,1.0433989956981944
-0.22967844816533659,0.4310593453539632,0.9006421141855185
0.9285295585413267,1.4584214440399252,0.5161289949719189
0.037259726388197995,2.8621286686146155,0.7140100392216822
-1.3058586956035712,-0.16089643054323172,0.45445000800812607
-0.32286933052956857,0.4444554076460663,0.46518452354058154
2.5907182215569184,-2.59632122988006,-1.0207129145827136
-0.3555671106328556,0.2314212680798449,-0.22114113008252068
1.1233416537720533,-1.422976541885818,1.4437917528629056
0.45553611627257745,1.1313601282645667,1.6475638147647695
-0.1827184405108191,0.5826382329100297,0.3834072516131092
-0.05436125252112343,-0.1594524928890085,0.15917304269080726
-0.9812434690094525,-1.8466453910155185,-0.8250936327212468
1.355495259780735,-2.5245403989911206,-1.5787813617831232
-0.19032115721250525,-0.208533736342268,0.07053567089549359
-0.0552454847229425,-0.013426047789963112,-0.052360160121185065
0.2450661860065581,0.2059484156380616,0.069715496457115
-6.747242131761158,4.446109499440039,4.230105807398905
2.9203666045158,5.604474737308431,-0.503738220401346
0.1324643891353585,-0.0242647671428586,-0.0525791870929942
0.08274181715523234,0.3231748758738103,-0.252620028958265
-2.1576805364683165,1.7169891695831165,-2.7812888196484904
2.681209657072441,3.2786829318602484,1.4885027818456085
-1.6997752820488137,1.452201173700131,-0.6142139490325232
1.4664711005540705,-0.2941054089935774,-0.2639045590831378
-0.5077501157598968,0.36924186092173117,0.1896339968531554
-0.39943063956179387,2.043619452304047,1.7900879845058388
-0.7143908776726418,-0.1247526272489622,0.19834399480966702
0.02339223155229897,-0.0006238117470327709,-0.1374137949128891
0.061797395014961114,0.5209143005390048,-0.4899387499641621
0.46273533403931044,-1.057321081157799,-1.1947262250645845
-3.535885110224922,-1.5413993188163573,-5.226758672636512
-0.42692947921587215,-0.5808411309419745,-0.9946453555647136
0.02138653697558329,-0.44631838735729884,0.012090804973091486
-0.8328366312654021,-0.7416638927421046,-1.6605031766889928
-0.6439015203059976,-0.05546407788805155,-0.33039711899024593
0.12242197111985229,-1.961780718057191,-2.3147194104810356
0.9384630038269067,0.2892000707041088,-0.17045217579977723
0.45263953633282517,0.02873262151702758,0.040555627390274566
-0.15236694868785017,0.7094147889738888,-0.359095252830391
-2.074895596264384,-0.3688241851135665,-1.0736109800542686
-0.8105612673157266,-0.5989341433872875,1.0981158881111206
0.10874938708796325,-1.197373572706085,0.19929996396131083
-1.178395866291433,0.635797329419641,1.1877966691790947
0.28371725751797894,-0.7313196136278914,-0.3438216363070412
3.476492997867758,-2.229936510589336,1.5684852468657227
-0.12455121679338739,0.5326413827443706,-2.541312906692936
-0.09586434144099706,0.7873828425416224,-0.12419151794906874
-1.2382473174753232,0.9777354119406991,-1.8511942799848244
0.0074889305749970825,-0.0879281972187743,0.14591578683890005
0.32384568946143766,6.360670082711934,-0.9170964734436833
0.1198910629908542,0.265643890184028,0.0138641647982716
0.2371135901240711,0.2381334255505952,0.1367375477517754
-0.1151826996809457,-0.3605046113883279,-0.0152712237286385
-0.38305181180129394,-1.761445892050448,-0.5107027472398802
-1.219908101790861,0.6108765003297584,1.1826701889048874
0.3775887135956133,2.5089471018534013,0.7604377549606351
-0.5509508637096832,-0.5672671165852422,0.16996767258274523
0.26914482600039175,0.22540305591268764,-0.021974464580728048
-1.1286325735725247,-0.22538318047341988,0.06698583259333812
-1.01932071246777,-2.6907435314734944,1.3684183668651992
-0.7407778971934915,1.4804410231601408,1.5556060645803842
-1.4997549391935112,3.247423546734235,1.195272724501807
0.8893624973007076,0.0007866863090174592,0.21136501625804605
-0.5947688729191465,1.782792429938382,0.9207064196747939
0.4363828384850914,0.4593163607521866,-0.8791444196482878
0.43750181342342676,2.8209081176035458,-3.5038181784879487
1.6967224130121195,-0.5337256710033312,0.7165922408239354
-0.6792865543777724,3.368104755205639,3.369845759146576
1.5509411008812057,3.215272610092332,0.20618566944739236
-0.9367110245509703,0.9944404504572882,1.3148617416338566
-2.0474558123093747,-1.3432031721351256,1.3188211493847177
-0.02259957002827155,0.08958102136715751,-1.209981110496904
-1.8668043353110177,-0.5480882635354787,-1.1914920927807129
0.059089045024382295,1.411390283763737,1.4957863933107625
3.288574285609683,-1.6954000435648868,-2.16612280714258
0.35585008068999335,-0.7380368130961129,-1.854062477261339
0.5035719008228028,0.4699642440832057,1.2024235857264918
2.2053795673120176,-0.32364504280702605,2.470423328197877
1.573244306842347,1.6729360507935402,0.816983659072098
1.2563119089845851,-1.3612556718458881,-4.268281180319644
0.5227052457444721,-0.2360255516093057,-0.1403802982712088
-0.4076807667062728,1.2837001792990694,-0.5832788289898394
-0.03362721733695612,-2.608561249291162,2.3883464433528716
1.4200514334784737,-0.17806892076733716,0.13607624249505978
0.11277531853923506,-2.50592145032234,-3.804672421249288
0.18516607400545815,0.9061226726036145,0.735926647491852
-0.7251962121693427,-0.887495696547822,-0.41608564245005264
-0.18756820888306297,0.2106669574268238,-0.42895494022001696
0.10588024392843458,0.7623038516338965,-0.10809319339525654
0.6738820369538157,-0.31284782229070596,0.2074480532252099
-1.2393145309209919,0.695611949137177,0.5092416706730511
-0.2723488377813924,-1.179281308051574,1.2063131857904466
0.1558896123855037,-2.24668255794106,0.49315963583462386
1.5055729867284056,-0.8109238529479692,-1.4981312356747747
-1.038167039577676,1.7487483072737287,0.6316428630120788
0.8304753725833327,-3.5220747083901944,-0.3679185680538819
1.721442542604412,-0.209541757327932,-1.5609621475289301
0.7043525539200173,-1.3728071822896653,-1.355594517203564
-1.6519231653109598,-1.3009160086619143,-0.3771042120512538
-0.623701015394665,-0.5452555177050267,0.6164642899139919
0.1726383007844612,-0.15815886338701934,-0.38070172222584003
0.3693279214416815,-0.9682274835592694,0.9818324079656993
-3.124357663929576,0.49866258464830326,-1.7333922541977151
0.2634861929456199,-0.8939110008026023,0.5213761969533621
-1.831095972865323,-0.6704106370801204,1.7769210117664087
-0.19920644812136312,-0.015274841659475288,2.0524763861797615
-0.6835530966018967,0.9333196421725416,-1.5573472220483229
-0.07230373908732934,0.4048925158149329,0.5352893757972228
0.1271438613246929,-0.2059117443206925,0.13609894226878644
-0.2544352278415455,-0.09385221098493206,-0.6918857567497203
-1.5868325462207005,-1.7347598122918328,0.3100320555234533
-1.8653897898861997,-0.6655953767186453,-0.08809423763222274
0.7331197193848216,0.3183682686799946,-1.0507933870663442
0.775644823590561,-1.211239013183933,0.975613620661635
1.1683576678052703,-0.99575763013075,1.3129346431309163
0.2587198247006705,-0.48900184575708705,3.0465735566602063
0.16089820713197905,0.9292946188449667,-0.07959023767168277
-0.3242436809016346,-0.05903748892145542,0.07055432604815653
1.1912876255609004,0.040722227782693354,-1.9540740312252747
0.5300648785951907,-1.676787908319134,-1.2639025980854157
0.9916966904542082,3.2733522385488216,-0.7833551554351376
-0.2769122357819941,1.3653444236128869,-0.0116961979660237
2.322901056809692,1.4059059585557523,0.6418566936312309
-1.645142154975428,-2.6199098798561824,5.664667934987306
-0.28384658815048,-1.1034744386655035,0.07863381403426822
1.2641631338866723,-0.39961299536878575,1.1377120460131247
-0.2421629719248406,-0.4543223144449907,-1.0632222008681906
-0.062228937122637454,-0.04072879138590901,-0.5960597992990504
1.9692488244312958,-1.980008132327476,0.2826044675898951
0.642744161296061,-1.115711360125343,-0.751231871464664
0.32639131705709734,-0.5918196278677276,0.1572384283125123
-0.5171980550741191,-1.643316964296954,8.84012537830471
0.8508422989245198,-0.8454387340649001,-1.3641513151160274
-0.17300033484532146,0.6204592570586098,0.5012952741624501
-0.3908260505393318,-1.0976739202267483,0.5906807702648023
-3.433066052971275,-5.824395842336615,0.7246972683833087
-0.8531246914081392,-0.3694529773389845,-0.09333174899192481
0.09204172666899546,0.027909712833274893,0.2972558239972149
-0.2543838881032356,-0.7965228961614257,-0.40723163167832394
0.8015658194673649,-0.36330667462109756,1.2133259388811506
-0.019118416309189326,-0.20188402757634716,0.8396118616064511
-1.6822691271596883,0.42919463919552925,-1.37270937578612
0.7545715356906686,-0.10173483033766209,-0.6363139520744765
-0.3203454501197585,0.46998355729409513,0.5257639938411711
2.337328024730893,4.385551451229376,-0.48373226201016284
1.8833481101138192,2.48681134642418,-2.112552928656586
-1.1104054866619548,0.4718946830844323,1.007220697962865
0.04988685543577631,0.03735514506179905,0.03744819318388218
-0.2503260398045187,0.10883601469956089,-0.06764019294589285
2.444702973643942,-2.5177947574399875,-1.3045569618760715
1.4114613825956341,-0.31199153915411226,-0.8644119458051531
0.02838249798359571,0.30390702085176824,-1.1826255158611345
1.460286861215304,0.044439487863562555,0.5032594155601258
-0.4042899511178479,-0.8069156928161387,0.7523894823974957
-0.27453189627747226,0.19733686567981126,-0.6819126906424662
0.8455107302735023,0.1949340107752893,-1.017702579987772
0.6103813727824263,2.3769194191413403,0.26219908477647347
0.6517241498780161,0.21408031548539969,-0.21048980825286434
-0.6167207874491711,-0.4292038513121293,-0.5511811081924958
-3.283422881074417,-1.2092191762155675,-1.6291721525287788
-0.4233636599519771,-0.06454772357406645,0.06807392067186917
-1.335237974305538,-2.10772648096103,0.06933328894533126
2.128029440856104,-6.4441367257858095,-4.024900301802136
0.1456649750733887,0.20215338422257817,-0.040174157879129604
-0.26854054359551566,0.03914131483250946,-0.48611572055604396
-0.11940845259131982,-0.32693994725610687,0.25177768642169784
-1.2632292492798576,0.6319540971114701,-1.0317256960457266
0.025865819669522488,0.454892258627047,-0.04170465919014213
-1.179745275826003,-1.8361542785455556,-0.7832533183199164
-0.2199014511721105,0.38536751247023227,-0.38677605701552276
-2.668946563987709,2.4578757983160324,-4.578284389059439
0.2057844969899215,0.3262661477723611,0.0794394208355969
-1.3477484355131049,0.4508597150279939,-1.4258856791457952
0.2527024286300265,-0.0441680511410108,0.1113746419222524
