0.0,0.0,0.0,0.0,0.0,0.0,0.0,0.0,0.0,0.0,0.0,0.0,0.0,0.0,0.0,0.0,0.0,0.0,0.0,0.0,0.0,0.0
0.0,0.0,0.0,0.0,0.0,0.0,0.0,0.0,0.0,0.0,0.2708535664345405,0.0,0.0,0.0,0.0,0.0,0.0,0.0,0.0,0.0,0.0,0.0
0.0,0.0,0.0,0.0,0.0,0.0,0.0,0.0,0.0,0.0,0.0,0.0,0.0,0.0,0.0,0.0,0.0,0.0,0.0,0.0,0.0,0.0
0.0,0.0,0.0,0.0,0.0,0.0,0.0,0.0,0.0,0.0,0.0,0.0,0.0,0.0,0.0,0.0,0.0,0.0,0.0,0.0,0.0,0.0
0.3023224391490434,0.0,0.0,0.0,0.0,0.0,0.0,0.0,0.0,0.0,0.2708535664345405,0.0,0.0,0.0,0.0,0.9408009326897075,0.0,0.0,0.0,0.0,0.0,0.0
0.0,0.0,0.0,0.0,0.0,0.0,0.0,0.0,0.0,0.0,0.2708535664345405,0.0,0.0,0.0,0.0,0.9408009326897075,0.0,0.0,0.0,0.0,0.0,0.0
0.0,0.0,0.0,0.0,0.0,0.0,0.0,0.0,0.0,0.0,0.0,0.0,0.0,0.0,0.0,2.822083491632379,0.0,0.0,0.0,0.0,0.0,0.0
0.0,0.0,0.0,0.0,0.0,0.0,0.0,0.0,0.0,0.0,0.2708535664345405,0.0,0.0,0.0,0.0,0.0,0.0,0.0,0.0,0.0,0.0,0.0
0.0,0.0,0.0,0.0,0.0,0.0,0.0,0.0,0.0,0.0,0.0,0.0,0.0,0.0,0.0,0.0,0.0,0.0,0.0,0.0,0.0,0.0
0.0,0.0,0.0,0.0,0.0,0.0,0.0,0.0,0.0,0.0,0.2708535664345405,0.0,0.0,0.0,0.0,0.0,0.0,0.0,0.0,0.0,0.0,0.0
0.0,0.0,0.0,0.0,1.5037650275359757,0.0,0.0,0.0,0.0,0.0,0.10706746558044239,0.0,0.0,0.0,0.0,0.0,0.0,0.0,0.0,0.0,0.0,0.0
0.0,0.0,0.0,0.0,0.0,0.0,0.0,0.0,0.0,0.0,0.0,0.0,0.0,0.0,0.0,0.0,0.0,0.0,0.0,0.0,0.0,0.0
0.0,0.0,0.0,0.0,0.0,0.0,0.0,0.0,0.0,0.0,0.06165028208612318,0.0,0.0,0.0,0.0,0.0,0.0,0.0,0.0,0.0,0.0,0.0
0.07366562386949034,0.0,0.5519490230285525,0.0,0.0,0.0,0.0,0.0,0.0,0.0,0.3683542734062657,0.0,0.0,0.0,0.0,0.5679144790609058,0.0,0.0,0.0,0.0,0.0,0.0
0.0,0.0,0.0,0.0,0.0,0.0,0.0,0.8049897865566087,0.0,0.0,0.2112082003797457,0.0,0.0,0.0,0.0,0.34807737264201505,0.0,0.0,0.0,0.0,0.0,0.5091650073955665
0.0,0.0,0.0,0.0,0.0,0.0,0.0,0.0,0.0,0.0,0.16084909418314092,0.0,0.0,0.0,0.0,0.024301150406437256,0.0,0.4050743208509369,0.0,4.3712956913357255,0.0,0.0878154261264905
0.0,0.0,0.0,0.0,0.0,0.6150483146140189,0.0,0.0,0.0,0.0,0.28967659046163263,0.0,0.0,0.0,0.0,0.4462715284454949,0.0,0.0,0.0,0.0,0.0,0.53102563378948
0.0,0.0,0.0,0.0,0.0,0.0,0.0,0.0,0.0,0.0,0.2046703202109496,0.0,0.0,0.0,0.0,0.0,0.0,0.0,0.0,0.0,0.0,0.0
0.3023224391490434,0.6987094936398556,0.0,0.0,0.0,0.0,0.0,0.0,0.0,0.0,0.541700716286717,0.0,0.0,0.0,0.0,0.9408009326897075,0.0,0.0,0.0,0.0,0.0,0.0
0.0,0.0,0.0,0.0,0.0,0.0,0.0,0.0,0.0,0.0,0.0,0.0,0.0,0.0,0.0,0.0,0.0,0.0,0.0,0.0,0.0,0.0
0.007619129663028385,0.0,0.0,0.0,0.0,0.0,0.0,0.5829694161912985,0.0,0.0,0.07242976937740736,0.0,0.0,0.0,0.0,0.0,0.0,0.45227324944340436,0.0,0.0,0.0,0.0
0.0,0.0,0.0,0.4698908248886171,0.0,0.0,0.0,0.0,0.0,0.0,0.20098637259970312,0.0,0.0,0.0,0.0,0.0,0.0,0.0,0.0,0.0,0.0,0.0
0.20934834493347868,0.0,0.0,0.0,0.0,0.0,0.0,0.0,0.0,0.0,0.0,0.0,0.0,0.0,0.0,0.0,0.0,0.0,0.0,0.0,0.0,0.0
0.1072525318535638,0.11759670029876915,0.0,0.0,0.0,0.0,0.0,0.0,0.0,0.0,0.18725981805793535,0.0,0.0,0.0,0.0,0.37457045235143627,0.0,0.0,0.0,0.0,0.0,0.0
0.1611908390254383,0.19253168834333914,0.0,0.4291494058648244,0.0,0.0,0.0,0.0,0.0,0.0,0.004673194626180549,0.0,0.0,0.0,0.0,0.016232187454004746,0.0,0.0,0.0,0.0,0.0,0.0
0.0,0.0,0.0,0.0,0.0,0.0,0.0,0.0,0.0,0.0,0.07980082613806626,0.0,0.0,0.0,0.0,0.0,0.0,0.0,0.0,0.0,0.0,0.0
0.0,0.0,0.0,0.0,0.0,0.0,0.0,0.0,0.0,0.0,0.0,0.0,0.0,0.0,0.0,0.0,0.0,0.0,0.0,0.0,0.0,0.0
0.0,0.0,0.0,0.0,0.0,0.0,0.0,0.0,0.0,0.0,0.13292730387739854,0.0,0.0,0.0,0.0,0.28285171531422976,0.0,0.2678852560177221,0.0,0.0,0.0,0.0
0.0,0.0,0.0,0.0,0.0,0.0,0.0,0.0,0.0,0.0,0.2546406642508653,0.0,0.8919255546490422,0.0,0.0,0.0,0.0,0.0,0.0,0.0,0.0,0.0
0.0511069840244338,0.0,0.0,0.0,0.0,0.0,0.0,0.0,0.0,0.0,0.32557523570226843,0.0,0.0,0.0,0.0,0.0,0.0,0.0,0.0,0.0,0.0,0.0
0.0,0.04813624713156459,0.20984126530172786,0.11476281938171483,0.0,0.0,0.0,0.4750772556666711,0.0,0.0,1.4997950607968469,0.0,1.4134200394575225,0.34313264969265955,0.0,2.0689829407597973,0.0,0.6194238144731785,0.8803827222086523,0.0,0.0,0.0
0.13987884432645614,0.06735786532512573,0.0,0.45801486813701947,0.0,0.0,0.0,0.7636409793716539,0.0,0.0,2.019699280154258,0.0,0.0,0.0,0.0,0.6922446001355962,0.0,0.8470321831660944,0.41441818932427843,0.0,0.0,0.5642347809306265
0.0789339564764289,0.0,0.0,0.0,0.0,0.0,0.0,0.0,0.0,0.0,1.6841273136795842,0.0,0.0,0.0,0.0,1.9375156713973967,0.0,0.0,1.1223818287727487,0.0,0.0,0.6126647736487848
0.0,0.0,0.0,0.0,0.0,0.0,0.0,0.6137221988161731,0.0,0.0,0.7335748344522772,0.06378540701838996,0.0,0.0,0.0,0.7387063865417213,0.0,0.24143728677732118,0.0,0.0,0.0,0.9885875371410735
0.16450079715094224,0.0,0.0,0.0,0.0,0.0,0.0,0.7169906168385337,0.0,0.0,0.28417880308407556,0.0,0.0,0.0,0.0,0.4362436034014687,0.0,0.0,0.0,0.0,0.0,0.8425348536573127
0.10742168733923903,0.0,0.15066007662806352,0.0,2.496488732399735,0.0,0.0,0.4269280610216103,0.0,0.0,0.9564298918380221,0.0,0.9320769329807127,0.0,0.0,0.5170508985851469,0.0,0.23332296147630852,1.1650776015488244,0.0,0.0,0.7898949272687961
0.04090835307943255,0.0,0.0,0.0,0.0,0.0,0.0,0.0,0.0,0.0,0.05423890972025289,0.0,0.0,0.0,0.0,0.18839706460065808,0.0,0.0,0.0,0.0,0.0,0.0
0.0,0.0,0.0,0.0,0.0,0.0,0.0,0.0,0.0,0.0,0.2708535664345405,0.0,0.0,0.0,0.0,0.0,0.0,0.0,0.0,0.0,0.0,0.0
0.0,0.0,0.0,0.0,0.0,0.0,0.0,0.0,0.0,0.0,0.0,0.0,0.0,0.0,0.0,0.0,0.0,1.2947152331688792,0.0,0.0,0.0,0.0
0.0,0.0,0.08015939629305155,0.0,0.0,0.0,0.0,0.0,0.0,0.0,0.0,0.0,0.0,0.0,0.0,0.0,0.0,0.6272955112515829,0.0,0.0,0.0,0.0
0.0,0.0,0.0,0.0,0.0,0.0,0.0,0.0,0.0,0.0,0.27085356643454045,0.0,0.0,0.0,0.0,0.0,0.0,0.0,0.0,0.0,0.0,0.0
0.15494111995753165,0.34061886770339295,0.0,0.853732733137888,0.0,0.0,0.0,0.0,0.0,0.0,0.1388132321437451,3.4689422733618844,0.0,0.0,0.0,0.0,0.0,0.0,0.0,0.0,0.0,0.0
0.026448688274816595,0.0,0.0,0.0,0.0,0.0,0.0,0.0,0.0,0.0,0.14927183654182047,0.0,0.0,0.0,0.0,0.0,0.0,0.2786934031491548,0.0,0.0,0.0,0.0
0.11044585807068148,0.19790171635793838,0.21293404853893516,0.0,0.0,0.0,0.0,0.6579385470709365,0.0,0.0,0.03759929596580425,0.0,0.0,0.0,0.0,0.0,0.0,0.0040108323817064475,0.0,0.0,0.0,0.0
0.0,0.0373488584258737,0.0,0.0,0.0,0.0,0.0,0.0,0.0,0.0,0.08998800995366184,0.0,0.0,0.0,0.0,0.16170507423553004,0.0,0.0,0.0,0.0,0.0,0.0
0.42284164496585996,0.06522003394301928,0.0,0.0,0.0,0.0,0.0,0.0648184185276373,0.0,0.0,0.25751607261717135,0.06493555056313421,0.0,0.0,0.0,0.0,0.0,0.0,0.0,0.0,0.0,0.0
0.5723597160739298,0.11836398362916166,0.20820289686945959,0.004713199762019087,0.0,0.0,0.0,0.0,0.0,0.0,0.10368932295157282,0.0,0.0,0.0,0.0,0.0026618768623461278,0.0,0.0,0.0,0.02182189924393572,2.314958076801652,0.0
0.21108726235734662,0.01630404850116781,0.13457426511671255,0.23410769498910133,0.0,0.0,0.0,0.0,0.0,0.0,0.33730227662103374,0.0,0.0,0.0,0.0,0.12125810041732268,0.0,0.16687346313166218,0.31039083843613835,0.0,0.0,0.039669010559883935
0.05491094744892917,0.0,0.03560598073336386,0.0,0.0,0.0,0.0,0.0,0.0,0.0,0.38788985853528024,0.0,0.0,0.0,0.0,0.0,0.0,0.0,0.0,0.0,0.0,0.0
0.06398298127492764,0.07740199268360842,0.05913999544089105,0.0,0.0,0.0,0.0,0.0,0.0,0.0,0.058563416010095515,0.05193905745754474,0.0,0.0,0.0,0.04117576295759773,0.0,0.0,0.0,0.0,0.0,0.0
0.0,0.0,0.0,0.0,0.0,0.0,0.0,0.0,0.0,0.0,0.17167478306388734,0.0,0.0,0.0,0.0,0.4373626305212887,0.0,0.0,0.0,0.0,0.0,0.4545969415311032
0.16785437020062957,0.0,0.0,0.0,0.0,0.0,0.0,0.0,0.0,0.0,0.4411421165966959,0.0,0.0,0.0,0.0,0.0,0.0,0.0,0.0,0.0,0.0,1.4054501735465372
0.009404687884161834,0.0,0.0,0.0,0.0,0.7543761584994324,0.0,0.7354764029577483,0.0,0.0,0.1254602005437081,0.0,0.0,0.0,0.0,0.2869257568835374,0.0,0.0,0.0,0.0,0.0,0.0
0.04588709623755418,0.0,0.0,0.0,0.0,0.0,0.0,0.4988965276302105,0.0,0.0,0.7435214057421575,0.0,0.0,0.4211107626109918,0.0,0.8696156671244085,0.5828658022757747,0.9556279536282369,0.0,0.0,0.0,0.8366980881181239
0.07455467368608092,0.003326536693934414,0.0,0.0,0.0,0.0,0.0,0.5214833757807409,0.0,0.0,2.4248293035666286,0.5871800323647527,0.0,0.0,0.0,1.3880016073559633,0.0,1.4943431277080856,0.020466463816317476,0.0,0.0,0.0
0.0,0.0,0.14185457043483185,0.0,0.0,0.0,0.0,0.0,0.0,0.0,0.9907286907646115,0.6211017708888538,1.9632836015610224,0.0,0.0,0.7748237193260885,0.4381810502441083,0.0,0.0,0.0,0.0,0.0
0.06842081568582814,0.0,0.07561334726770325,0.0,0.0,0.24394019296259697,0.0,0.39823399631093576,0.0,0.0,0.7365286353286837,0.0,0.0,0.0,0.0,0.14283827711462752,0.0,0.0,1.7480654578707404,0.0,0.0,1.6203978442026934
0.0,0.0,0.0,0.0,0.8296384946378608,0.0,0.0,0.0,0.0,0.0,0.3439661796125786,0.0,0.42548200745912895,0.0,0.0,0.0,0.0,0.11613700513758873,0.0,0.0,3.2516917257564555,0.0
0.20270234025167955,0.0,0.0,0.0,0.0,0.0,0.0,0.0,0.0,0.0,1.1473963040739432,0.0,1.0849181747084031,0.0,0.0,0.5388427736184549,0.0,0.0,0.1628217043161213,0.0,0.0,0.0
0.06357736159835688,0.11175159209455919,0.12262762963814076,0.0,0.0,0.0,2.5614934901219035,0.0,0.0,0.0,0.48227884079712124,0.0,0.0,0.0,0.0,0.13327530708304697,0.0,0.0,0.3794428097471116,0.0,0.0,1.1298289883601125
0.057468425789203324,0.0,0.0,0.0,0.0,0.0,0.0,0.0,0.0,0.0,0.5335998336940716,0.0,0.0,0.0,0.0,0.3304131602896887,0.0,0.0,0.0,0.0,0.0,0.0
0.13136522814665605,0.0,0.0,0.0,0.0,0.0,0.0,0.0,0.0,0.0,0.42379094542305523,0.0,0.0,0.0,0.0,0.5109746543241172,0.0,0.0,0.0,0.0,0.0,0.0
0.0,0.0,0.0,0.0,0.0,0.0,0.0,0.0,0.0,0.0,0.0,0.0,0.0,0.0,0.0,0.0,0.0,0.0,0.0,0.0,0.0,0.0
0.0,0.6987094936398556,0.0,0.0,0.0,0.0,0.0,0.0,0.0,0.0,0.2708535664345405,0.0,0.0,0.0,0.0,0.0,0.0,0.0,0.0,0.0,0.0,3.399708796603373
0.1071004171952208,0.45118543132505595,0.0,0.0,0.0,0.0,0.0,0.0,0.0,0.0,0.0,0.0,0.0,0.0,0.0,0.33328711117948573,0.0,0.0,0.0,0.0,0.0,0.0
0.3023224391490434,0.1575576950367779,0.0,0.0,0.0,0.0,0.0,0.0,0.0,0.0,0.0,0.0,0.0,0.6531510634682398,0.0,0.2121488655762353,0.0,0.4942180611673652,0.0,0.0,0.0,0.0
0.21702726968900052,0.026256247373885225,0.20510907113533108,0.4456349399667527,0.0,0.0,0.0,0.0,0.0,0.0,0.0,0.0,0.0,0.0,0.0,0.03535360867876701,0.0,0.0,0.0,0.0,0.0,0.0
0.08382789990585093,0.016479039314046838,0.19915871235677768,0.039288085903606364,0.0,0.0,0.0,0.15260385783256256,0.0,0.0,0.48665354211691847,0.0,0.0,0.0,0.0,0.4421629735512877,0.0,0.2574065098629776,0.0,0.0,0.0,0.0
0.0,0.0,0.1876991691004937,0.0,0.0,0.6055461526810455,0.0,0.0,0.0,0.0,0.18610957382903703,0.0,0.0,0.0,0.0,0.0,0.0,0.0,0.0,0.0,0.0,0.0
0.1585741319829388,0.0,0.0,0.0,0.0,0.0,0.0,0.721685868697532,0.0,0.0,0.3895948939098034,0.0,0.0,1.7943431218021892,0.0,0.16073327029898557,0.0,0.0,0.0,0.0,0.0,0.0
0.03937940691694976,0.0,0.0,0.0,0.0,0.0,0.0,0.0,0.0,0.0,0.3650100358402951,0.0,0.0,0.0,0.0,0.33176639566556965,0.0,0.1406835533326948,0.4888866977488175,0.0,0.0,0.7880897248045005
0.2192744162676997,0.1664545256391392,0.0,0.8781006098523043,0.0,0.0,0.0,0.0,0.0,0.0,0.4985924158476676,0.0,0.0,0.0,0.0,0.058757514558905016,0.0,0.0,0.0,0.0,0.0,0.0
1.1361758334844625,1.285454111243723,0.8599437912379524,1.0192599042930808,0.0,2.586113530602742,0.0,0.7706042800241677,1.3004331363935357,0.0,0.08554183827177422,0.0,0.0,0.0,0.7687506802152816,0.11437951305435667,0.0,0.0,0.0,0.0,0.0,0.0
2.509107774140919,0.962430328151314,1.523687874513724,1.5501159741907735,0.0,0.0,0.0,0.03772063245547457,1.0422476990679455,0.0,0.10528818972309313,0.0,0.0,0.0,0.0,0.0,0.0,0.0,0.0,0.0,0.0,0.0
1.145768174141434,1.6443781823665815,1.0967053275476337,0.42663764595029924,0.0,0.7220548824245321,0.0,1.1095152372092112,2.9014951562896067,0.0,0.057928230431952984,0.0,0.3095744598017485,0.24520664777156834,0.0,0.2012117984520499,0.0,0.0,0.0,0.0,0.0,0.0
1.7251218841260114,0.856800689323745,1.5114908244844378,2.0377269970006253,0.29511076326441843,1.021958166931502,0.0,0.3312388956288505,0.0,0.0,0.578863597420616,0.46166757098925604,0.0,0.0,0.0,0.0,0.4606969234219329,0.0,0.0,0.0,3.081102016416035,0.5540419802901124
0.037656072999503715,0.0,0.0,0.0,0.0,0.0,0.0,0.13307277242467666,0.0,0.0,0.2242328986702817,0.4719242756152478,0.0,0.0,0.0,0.23992085924383313,0.0,0.0,0.5609771418192565,0.0,0.0,6.15514960317229
0.06899916816446182,0.11071080304691701,0.0,0.0,0.0,0.0,0.0,0.0,0.0,0.0,0.10801964571425575,0.0,0.0,0.07243599414185604,0.0,0.17474647678670258,0.0,0.0,0.36369701698556134,0.0,0.0,0.0
0.08916370120536694,0.15358306564617769,0.0,0.0,0.836187564086762,0.0,0.0,0.0,0.0,0.0,0.18129910669572222,0.31049919190952197,0.0,0.0,0.0,0.050695437837252055,0.0,0.0,0.0,0.0,2.4599022337500394,0.0
0.0,0.0,0.12362732176496252,0.0,0.0,0.0,0.0,0.0,0.0,0.0,0.19583558022988395,0.0,0.0,0.0,0.0,0.13844536048821227,0.0,0.0,0.0,0.0,0.0,0.3267426078681085
0.12041809778418464,0.0,0.1303170351306344,0.0,0.0,0.0,0.0,0.4026627086685201,0.0,0.0,0.7175426101936563,0.40339035219572117,0.0,0.4639113280266165,0.0,0.567276980348496,0.0,0.17006531037099473,1.128485740651328,0.0,0.0,1.155038211000352
0.09661562049274984,0.029881338313474462,0.26264010616291744,0.0,0.0,0.0,0.0,0.22320130374720187,0.0,0.0,1.1947867344572274,0.10149834839865969,0.46342448172306444,0.0,0.6887068521545807,0.6708083799872995,0.14367511570030392,0.15706427726624242,0.0,0.0,0.0,0.0
0.3202519312763974,0.08132611199674787,0.0,0.11344431130072033,0.0,0.2879052097994895,0.0,0.8139710023800734,1.1228123523094058,0.0,0.8315083509065238,0.16162653885862277,0.0,0.0,0.0,0.6428207664665593,0.0,0.3705669077652238,0.0,1.3097602104732935,0.0,0.23152549255771573
0.04455047969793016,0.0,0.0,0.0,0.5605818316006442,0.0,0.0,0.0,0.0,0.0,0.28199033257051875,0.0,0.0,0.45517098298771647,0.0,0.0,0.0,0.04889538320451343,0.0,0.0,0.0,0.0
0.36112808051085543,0.0,0.0,0.0,0.2927059963364144,0.0,0.0,0.21001282399498486,0.0,0.0,0.06454870262509944,0.0,0.03552490835328316,0.0,0.0,0.15579011784642538,0.18222842462484914,0.28940882576981214,0.0,0.5934401520913244,0.0,0.0
0.05676602179076049,0.0,0.0,0.0,0.0,0.9377292623853204,0.0,1.5178292412387404,0.0,0.0,0.14172210595748694,0.0,0.0,0.0,0.0,0.0,0.0,0.0,0.0,0.0,0.0,0.0
0.07069650531330154,0.0,0.0,0.0,0.43361807128714497,0.0,0.0,0.1881421713228166,0.0,0.0,0.1801937069250068,0.0,0.0,0.0,0.0,0.16121669110952602,0.0,0.0,0.0,0.0,0.0,0.38751817482826645
0.1747694981077469,0.0,0.0,0.0,1.7211502638984104,0.0,0.0,0.5330820603798858,0.0,0.0,1.1090689366543116,0.0,0.0,0.0,0.0,0.701716998908497,0.0,0.0,0.0,0.0,0.0,1.2514129866944785
0.04312140920469294,0.0,0.0,0.0,0.0,0.0,0.0,0.0,0.0,0.0,0.5855078928442305,0.0,0.0,0.0,0.0,0.6283424700573143,0.0,0.0,0.0,0.0,0.0,0.0
0.11840870276391093,0.0,0.0,0.0,0.0,0.0,0.0,0.0,0.0,0.0,0.5222667565690314,0.0,0.0,0.0,0.0,0.5747167049053745,0.0,0.0,0.0,0.0,0.0,0.0
0.0,0.0,0.0,0.0,0.0,0.0,0.0,0.0,0.0,0.0,0.1552833902201557,0.0,0.0,0.0,0.0,0.0,0.0,0.0,0.0,0.0,0.0,0.0
0.0,0.0,0.0,0.0,0.0,0.0,0.0,0.0,0.0,0.0,0.0,0.0,0.0,0.0,0.0,0.0,0.0,1.2947152331688792,0.0,0.0,0.0,0.0
0.2680778670363994,0.0,0.0,0.0,0.0,0.0,0.0,0.0,0.0,0.0,0.0,0.0,0.0,0.0,0.0,0.0,0.0,0.0,0.0,0.0,0.0,0.0
0.3023224391490434,0.0,0.0,0.22222687754141948,0.0,0.0,0.0,0.0,0.0,0.0,0.5778321288287772,2.056704653574515,0.0,0.0,0.0,0.0,0.0,0.0,0.0,0.0,0.0,0.0
0.03779658705350592,0.0,0.0,0.3385092457711232,0.0,0.0,0.0,0.0,0.0,3.377722047590005,0.2918661214455245,0.0,0.0,0.0,0.0,0.11761966611712754,0.0,0.3112404692980378,0.0,0.0,0.0,0.0
0.19484268844657737,0.1571830659960396,0.13139041217599767,0.45872582815809326,0.0,0.0,0.0,0.37372157837056214,0.0,0.0,1.0266730706023768,1.610612999211855,0.0,0.0,0.0,0.3329163258974118,0.0,0.2042447742234636,0.0,0.0,0.0,0.1960513656951904
0.04856407663343808,0.11213960730201107,0.008575663375867806,0.0,0.0,0.0,0.0,0.0,0.0,0.0,0.5737149820012869,0.0,0.0,0.0,0.0,0.32787117823410494,0.0,0.02895835240051734,0.0,0.0,0.0,0.0
0.11829090011620337,0.04036053548622841,0.0,0.0,0.0,0.0,0.0,1.2753063995458997,0.0,0.0,0.8608209897272814,0.5631624958876396,0.0,0.0,0.0,0.9228206994002471,0.9779696942435494,0.0,1.7919619021386066,0.0,0.0,0.0
0.06885304287332991,0.16396211521027748,0.0,0.0,0.0,0.0,0.0,0.0,0.13936008310121276,0.0,1.263260673707351,0.0,0.0,0.0,0.0,0.2694667997503538,0.05051049801725765,0.0,0.0,0.0,0.0,0.0
0.37245232646668947,0.0,0.0,0.0,0.0,0.0,0.0,0.14525002368533668,0.0,0.0,1.2080210820135133,0.0,0.0,0.0,0.0,1.2756365008155588,0.0,0.43251263178104077,0.8625262896242045,0.0,0.0,0.0
0.2119874495923143,0.0,0.34966219614677463,0.0,0.0,0.5216698466961915,0.0,0.4996329313327693,0.0,0.0,0.2138339969740316,0.0,0.0,0.0,0.0,0.4314368190838708,0.5806040595135251,0.0,1.9604896783644044,0.0,7.256328643537707,0.0
1.2056132093905783,0.6068588465540018,1.4620655230743713,0.5087265971170226,0.0,0.7600885337156953,0.0,0.10084735028075736,1.2026270536688055,0.0,0.0995397392571856,0.28798798992344915,0.0,0.0,0.0,0.0,0.43588730759956024,0.0,0.0,0.9988102171950303,0.0,0.0
2.371389276900633,2.0197712615808654,1.6940247039702214,1.8507074232195064,0.0,0.31835794738341794,0.0,1.6737344695291627,0.0,0.0,0.15718813856075767,0.0,0.0,0.0,0.0,0.10591310719868303,0.0,0.0,0.0,1.6177355651824255,0.0,0.0
1.3858921371527697,1.8571503520836918,1.1143307110689793,0.9419222744049374,0.530449939699951,0.0,0.0,1.5919619920315342,0.0,0.0,0.07468356419967989,0.0,0.0,0.0,1.038913479623034,0.0,0.0,0.0,0.0,0.0,0.0,0.0
1.2328444050363503,0.5711046021004464,1.2344072515005458,0.1713897733967919,0.0,0.0,0.0,2.358403720418288,0.0,0.0,0.13800320401878366,0.0,0.0,0.0,0.0,0.0,0.0,0.0,0.0,0.0,0.0,0.0
0.12508190087262389,0.0,0.20196454813092946,0.21346728559415715,0.0,0.0,0.0,0.07767351718100524,0.0,0.0,0.0905960703696695,0.0,0.07141432732560953,0.0,0.0,0.05844901574321905,0.0,0.0,0.0,0.0,0.0,0.1114662040253332
0.0627707220648566,0.0,0.0,0.0,1.0559761198155126,0.0,0.0,0.6576102279727665,0.0,0.0,0.2585484569530442,0.6587985819362806,0.0,0.102723708160897,0.0,1.6643707947979725,0.0,0.0,0.5157699107248881,0.5449058473635046,0.0,0.0
0.060968177030408466,0.0,0.0,0.0,0.0,0.0,0.0,0.4818858070165116,0.0,0.0,0.1331173332567155,0.0,0.0,0.0,0.0,0.011467072908652384,0.0,0.0,0.0,0.04221726691950379,0.0,0.9221418327984214
0.0,0.0,0.0,0.0,0.0,0.0,0.0,0.0,0.0,0.0,0.0,0.0,0.0,0.0,0.0,0.0,0.0,0.0,0.0,0.0,0.0,0.0
0.1590695717279848,0.10514481983454757,0.0,0.0,0.0,0.21593150255795615,0.0,0.20680990146043765,0.0,0.0,0.2842038599171731,0.0,0.0,0.0,0.0,0.5316866432582636,0.0,0.19483433553967788,1.1417632727648976,0.0,0.0,0.10014288583611888
0.0,0.0,0.0,0.0,0.0,0.0,0.0,0.0,0.0,0.0,0.04986762492995604,0.0,0.0,0.0,0.0,0.0578229289783398,0.0,0.0,0.0,0.0,0.0,0.45396051396350856
0.2764173591282269,0.0,0.0,0.0,0.0,0.0,0.0,0.0,0.0,0.0,0.14455634615268878,0.0,0.5886652432139584,0.0,0.0,0.0,0.28266417911773817,0.0,0.0,0.0,0.0,0.0
0.08551850463780006,0.0,0.44457047412929357,0.0,0.9709905623645452,0.2661804294491812,0.0,0.25493616138898967,0.0,0.0,0.1765531012078249,0.0,0.5104401158061174,0.0,0.0,0.0,0.0,0.0,0.0,0.993635793556908,0.0,0.0
0.025059703701548926,0.0,0.0,0.0,1.4426440819770219,0.19089853878911958,0.0,0.1976946581056453,0.0,0.0,0.2235808324746023,0.03831991071871203,0.0,0.0,0.0,0.3958811612134422,0.0,0.1830017148876225,0.0,0.0,0.0,0.0
0.21263286222305425,0.0,0.08100045869042156,0.0,0.0,0.21450060580835095,0.0,0.697027478683349,0.0,0.0,0.16185720783079555,0.0,0.5067915151408414,0.5490021471515225,0.0,0.2321452570053546,0.44378076876567213,0.6019381739795375,0.0,0.0,0.0,0.0
0.048639658866735,0.23436306788016814,0.0,0.0,0.1488497234804968,0.09678480369880796,0.0,0.0,0.0,0.0,0.6646188883492428,0.0,0.0,0.0,0.0,0.16365334332169687,0.3537993683030219,0.3656313879234386,0.0,0.0,0.0,0.591383034978162
0.20228088433971575,0.0,0.1412005125163669,0.0,0.0,0.0,0.0,0.0,0.0,0.0,1.089842756112573,0.0,0.0,0.0,0.0,1.6798191768339876,0.0,0.0,1.0033530328427223,0.0,0.0,0.0
0.0,0.0,0.15185721951764095,0.0,0.0,0.0,0.0,0.0,0.0,0.0,0.9697386783849693,0.0,0.0,0.0,0.0,0.251503111997058,0.0,0.0,0.7740330700738326,0.0,0.0,0.0
0.05250048065280817,0.0,0.0,0.0,0.0,0.0,0.0,0.05199906287979747,0.0,0.0,0.7123417495744506,0.0,0.0,0.0,0.0,1.1410565923682772,0.0,0.02841831318389962,0.0,0.0,0.0,0.0
0.060492535767378036,0.0,0.0,0.0,0.0,0.0,0.0,0.47381411620416236,0.0,0.0,0.05419584170259295,0.0,0.0,0.0,0.0,0.3303362388610675,0.0,0.36296430259113655,0.0,0.0,0.0,0.0
0.0,0.0,0.0,0.6178257292687814,0.0,0.0,0.0,0.0,0.0,0.0,0.0,0.0,0.0,0.0,0.0,0.4772710443789011,0.0,0.0,0.0,0.0,0.0,0.0
0.0,0.6987094936398556,0.7667102311904567,0.0,0.0,0.0,0.0,0.0,0.0,0.0,0.2708535664345405,0.0,0.0,0.0,0.0,0.9408009326897075,0.0,0.0,0.0,0.0,0.0,0.0
0.0,0.0,0.0,0.0,0.0,0.0,0.0,0.0,0.0,0.0,0.5465989069530203,0.0,0.0,0.0,0.0,0.0,0.0,0.0,0.0,0.0,0.0,0.0
0.13438167819931376,0.0,0.0,0.0,0.0,0.0,0.0,0.0,0.0,0.0,0.22023634358498398,1.1024803895458775,0.0,0.11888779357413919,0.0,0.1555142579175863,0.0,0.0,0.0,0.0,0.0,0.0
0.06653088754782208,0.0,0.09398395058192384,0.03162165440106054,0.0,0.0,0.0,0.0,0.0,0.0,0.31453735968771324,0.0,0.0,0.0,0.0,0.4936613406728941,0.0,0.2603455462237988,0.0,0.0,0.0,0.0
0.09091592282307047,0.14516253645397936,0.024435809386043117,0.31533890222904537,0.7541618616000966,0.0,0.0,0.0,0.0,0.0,1.1386978303621924,0.0,0.0,0.0,0.0,1.0427740596396973,0.0,0.4363776656679986,0.813765107235228,0.0,0.7171195152891178,0.0
0.05297520200646669,0.08791631984657959,0.0,0.0,0.7427986381921761,0.0,0.0,0.0,0.0,0.0,1.5763509692791813,0.8334636522124198,0.0,0.0,0.0,1.1780810789667049,0.0,0.06330994467847419,0.0,0.0,0.0,0.21518517170133022
0.0,0.0,0.09724823075245581,0.21128860480602363,0.0,0.0,0.0,0.0,0.0,0.0,0.9312158497613725,0.4523732100239229,0.0,0.0,0.0,0.41309039357861244,0.0,0.7258057201954129,0.7859502466391288,0.0,0.0,0.0
0.1712554852848999,0.06464891679251088,0.004830936929046674,0.55230876555809,0.0,0.0,0.0,0.0,0.0,0.0,1.5850965604591045,0.652895878005104,0.43888369152504614,0.0,0.0,0.6834561550803109,0.37411262141020385,0.5960624494215977,0.0,0.0,0.0,0.15330833546494185
0.17829807009115986,0.0,0.0,0.26524034591453394,0.0,0.0,0.0,0.48899467113932166,0.568929371485097,0.0,1.2115724166758521,0.0,0.0,0.0,0.0,0.9154635518523301,1.445547993962832,1.4806843951552822,0.0,0.0,0.0,0.0815799764003132
0.05918278965890022,0.0,0.0,0.0,0.4921312014919473,0.0,0.0,0.05889859914474132,0.0,0.0,0.5698883381286339,0.0,0.2749059175066885,0.0,0.0,0.7927732542097485,0.0,0.0,0.0,0.0,0.0,0.7919177678193863
0.19752346457389197,0.0,0.2657773146154883,0.5774471942542772,0.0,0.0,0.0,0.0,0.0,0.0,0.29457843785684323,0.0,0.0,0.0,0.0,0.6665295739895716,0.0,0.264037213731633,0.0,0.0,0.0,0.0
0.560976009411202,0.00873003905945535,0.17567675224292442,0.2506073823520121,0.0,0.6436475711010076,0.0,0.622703600705131,0.0,0.0,0.21715015634051993,0.0,0.0,0.0,0.0,0.0,0.0,0.0,0.0,0.0,0.0,0.0
1.468312190536687,0.9397675212882743,0.6800646185538377,0.8795212192525895,0.0,0.4334110495077207,0.0,0.764554553403614,0.0,0.0,0.2707058995668512,0.0,0.0,0.0,0.0,0.0,0.0,0.0,0.0,0.0,0.0,0.0
0.9071373349579492,1.698707699919857,2.0621229450645506,0.6049258645578688,0.0,1.335742257959074,0.0,1.4081113841618205,2.5355765717623653,0.0,0.1677382300231943,0.0,0.0,0.0,0.0,0.14297736598582833,0.35992421848192474,0.0,0.0,0.0,0.0,0.0
0.9774059342654806,0.4600396786486989,0.7543974516598915,0.4976216096263999,0.0,0.0,0.0,1.26190160598228,0.0,0.0,0.17476886976832284,0.0,0.0,0.0,0.0,0.0,0.0,0.0,0.0,0.0,0.0,0.0
0.07883546662924559,0.0,0.0,0.0,0.0,0.0,0.0,0.231540209905283,0.0,0.0,0.7584189389788355,0.0,0.13046209484193752,0.0,0.0,0.628478024344838,0.0,0.0,0.0,0.0,0.0,0.0
0.12969485267681727,0.0,0.0,0.0,0.0,0.11942128512812554,0.0,0.0,0.0,0.0,0.2978641283513871,0.0,0.0,0.0,0.0,0.3817580730914751,0.45427985960882206,0.0,0.0,0.0,0.0,0.0
0.0,0.0,0.0,0.0,0.0,0.0,0.0,0.0,0.0,2.9857782828100468,0.12264476131389265,0.0,0.0,0.0,0.0,0.14272365538775694,0.0,0.0,0.0,0.0,0.0,0.0
0.0,0.0,0.01808709758294885,0.0,0.0,0.0,0.0,0.05588678178107176,0.0,0.0,0.15645509169874164,0.0,0.0,0.0,0.0,0.2944157668253226,0.0,0.030543013268644864,0.0,0.0,0.0,0.0
0.06200970802980591,0.0,0.0,0.0,0.0,0.0,0.0,0.897649647829251,0.0,0.0,0.2648340159431501,0.0,0.0,0.0,0.0,0.056182552267824946,0.0,0.11926783435922748,0.0,0.0,0.0,0.697318235646436
0.124791874698447,0.0,0.0,0.0,0.0,0.0,0.0,0.0,0.0,0.0,0.14711305457382262,0.0,0.0,0.0,0.0,0.0,0.0,0.0,0.0,0.0,0.0,0.0
0.02070325206605977,0.0,0.0,0.0,0.179338656173104,0.0,0.0,0.08111864225112457,0.0,11.20266388147551,0.5903226442403221,0.0,0.0,0.11713663088779912,0.0,0.012137976512582981,0.0,0.0,0.05546202105249146,0.2640897336314178,0.0,0.0
0.11391119896335664,0.0,0.0,0.0,0.0,0.0,0.0,0.0,0.0,0.0,0.1804882562693504,0.0,0.0,0.0,0.0,0.11816654300670491,0.0,0.0,0.0,0.0,0.0,0.0
0.38493855568885665,0.0,0.0,0.0,0.0,1.61594864824766,0.0,0.45942437496436933,0.0,0.0,0.4706006639109979,0.19048782736645306,0.0,0.0,0.0,0.18244849859912762,0.0,0.25108271282187444,0.28551788876611023,0.9145188283603217,0.0,0.0
0.1809103691799933,0.0,0.09740867739965164,0.15115262060852638,0.0,0.0,0.0,0.0,0.0,0.0,0.11051006964038565,0.0,0.0,0.0,0.0,0.2026723249045367,0.0,0.0,0.0,0.0,0.0,0.0
0.0,0.0,0.0,0.0,0.0,0.0,0.0,1.23223452457045,0.0,0.0,0.5411413182314737,0.4453358015674104,0.0,0.0,0.0,0.29736982856903543,0.0,0.20206134873283507,0.8066389210976715,0.0,0.0,0.6961353940659251
0.0,0.0,0.0,0.0,0.0,0.0,0.0,0.0,0.0,0.0,0.22264907399888909,0.0,0.0,0.0,0.0,0.9408009326897074,0.0,0.0,0.0,0.0,0.0,0.0
0.06344292561503,0.0,0.0,0.0,0.0,0.5190736424187903,0.0,0.0,0.0,0.0,0.32947769784682196,0.0,0.0,0.0,0.0,0.4742308685365974,0.0,0.14821516513936264,0.0,0.0,0.0,0.0
0.0,0.0,0.18268252019714776,0.0,0.544200472540474,0.0,0.0,0.4935322441594987,0.0,0.0,0.9479938136412873,0.0,0.0,0.0,0.0,1.7864335501040234,0.0245925679098313,0.5161405233029387,0.0,0.0,0.0,0.0
0.0,0.0,0.0,0.0,0.0,0.0,3.1108252675734733,0.32087516227238777,0.0,0.0,0.17214552783138543,0.0,0.0,0.0,0.0,0.11669861791247348,0.08811781653546323,0.0,0.0,0.0,0.0,0.0
0.0,0.0,0.0,0.0,0.0,0.0,0.0,0.0,0.0,0.0,0.04020896359432228,0.0,0.0,0.0,0.0,0.115283052929591,0.0,0.0,1.303433382132405,0.0,0.0,1.0308213872173377
0.0,0.0,0.0,0.0,0.48147448805142345,0.0,0.0,0.0,0.0,0.0,0.31077086399713094,0.0,0.0,0.0,0.0,1.9010349093016967,0.2997490265072218,0.0,0.0,0.0,0.0,0.0
0.0,0.0,0.0,0.0,0.0,0.0,0.0,0.0,0.0,0.0,0.4462438125031614,0.0,0.0,0.0,0.0,0.0,0.0,0.0,0.0,0.0,0.0,0.0
0.033746047195253155,0.0,0.0,0.18594227996093157,0.0,0.0,0.0,0.0,0.0,0.0,0.7394583667771044,0.49249824686378424,0.0,0.0,0.0,0.5721817123821386,0.0,0.0,0.0,0.0,0.0,0.0
0.0,0.002763417542083089,0.0,0.0,0.0,0.0,0.0,0.009369606339193015,0.0,0.0,0.8177615107204187,0.0,0.0,0.0,0.0,0.0,0.0,0.0,0.0,0.030503676758894763,0.0,0.0
0.14599990213221076,0.13954846871299237,0.2504968909067683,0.0,0.0,0.0,0.0,0.0,0.0,0.0,0.8765809502343638,0.9437885679787419,0.0,0.0,0.0,0.351714548676122,0.0,0.12716620243906648,0.0,0.0,0.11619386104747598,0.0
0.4169727628784588,0.0945373005557153,0.2337137168551451,0.8272969093950944,0.0,0.0,0.0,0.0,0.0,0.0,3.3163947191989838,2.602096117269876,0.4549882392606498,0.0,0.0,2.9231878466276644,1.7637450669237276,0.0,0.0,0.0,0.0,0.0
0.03943006526958652,0.03310682121029453,0.39044020981272237,0.3224581119253882,0.0,0.0,0.0,0.0,0.0,0.0,1.7198951714895263,1.3921480992209594,1.5739641256087344,0.41215442527985097,0.5587013704606649,0.21050230395384614,0.11221795675402521,1.4013407498285475,0.0,0.0,0.0,0.0
0.11242199300788486,0.19211807742037817,0.0,0.3919925313700654,0.0,0.0,0.0,0.0,0.0,0.0,1.7738849989184138,1.027537693933509,0.1585988335502872,0.0,0.2053932512276469,1.030810523123213,0.35139138410556664,0.6680100370551028,0.637817937559101,0.0,0.0,0.2955883302407461
0.48303663376614037,0.010418091872013268,0.3534308583189548,1.6093955980129484,0.0,0.0,0.0,0.14417994470844644,0.0,0.0,3.1628847768575157,2.6915807607853734,1.146324241064648,0.48589979626097246,0.0,1.5131198172399272,0.10018802985141192,0.12426660791498448,0.0,1.6913839729169111,0.0,0.0
0.34029754617041297,0.03341907106681071,0.0,0.061434811599052695,0.0,0.0,0.0,0.0,0.0,0.0,1.4193846139259945,1.425931053000941,0.7949329574653953,0.010028120659493447,1.0294770837016072,1.0731927966901482,0.5710132279770836,0.6150828736935562,0.0,1.4356137064868315,2.775318044254118,0.0
0.03751658170699927,0.06469236443876666,0.0,0.0,0.0,0.0,0.0,0.0,0.0,0.0,0.44984876974845306,0.0,0.0,0.0,0.0,0.32769066665914903,0.0,0.11987555696753764,0.0,0.0,0.0,0.4287942369674484
0.0,0.0,0.0,0.0,0.0,0.20591900389052306,0.0,0.0,0.0,10.253401299739036,0.2134738533011942,0.9007034464772173,0.0,0.0,0.0,0.34509667523459797,0.0,0.0,0.0,0.0,0.0,0.2830231693393358
0.2962182929981707,0.09383802829083407,0.11126267570265241,0.0,0.0,0.0,2.21014201645842,0.6082376572095047,0.0,0.0,0.21572523913603958,0.0,0.0,0.0,0.0,0.09002533839982502,0.0,0.0,0.0,0.0,0.0,0.0
0.1550792964041309,0.0,0.15828467705751895,0.0,0.0,0.0,0.0,0.9779296894676369,0.0,0.0,0.21526666976387154,0.0,0.0,0.0,0.0,0.19422510062893827,0.0,0.0,0.0,0.0,0.0,0.974154503315234
0.07675929625162058,0.0,0.0,0.0,0.0,0.0,0.0,0.8858050930732622,0.0,0.0,0.6077063821759932,0.0,0.0,0.0,0.0,0.06872213254381496,0.0,0.06462252450045342,0.0,0.0,0.0,0.0
0.2024082521006194,0.0,0.0,0.0,0.0,0.5171011475143493,0.0,0.5253608609508572,0.0,0.0,0.6145837977943129,0.0,0.0,0.0,0.0,0.2582540997314796,0.0,0.210877657267451,0.0,0.0,0.0,0.6932089648917742
0.17560309784852082,0.0,0.0,0.07538762884027687,0.6325058587533754,0.0,0.0,0.9705991191654175,0.0,0.0,0.4875531047291226,0.7566968334527411,0.0,0.0,0.0,0.42807815075391414,0.0,0.0,0.0,0.0,0.0,0.15385661651852728
0.08010751722976116,0.0,0.0,0.0,0.0,0.0,0.0,0.03076447150568408,0.0,0.0,0.4368263048113347,0.0,0.0,0.0,0.0,0.4832331048327214,0.03075526673163108,0.0,0.0,0.0,0.0,0.0
0.23014623812723684,0.0,0.0,0.0,0.0,0.0,0.0,0.0,0.0,0.0,0.539968339804187,0.0,0.0,0.0,0.0,1.0963782956103323,0.5910790140993559,0.0,0.0,0.0,0.0,0.9890327220878992
0.09598827445590641,0.0,0.0,0.0,0.0,0.0,0.0,0.017509205445141847,0.0,0.0,1.0526986780350107,0.0,0.0,0.0,0.0,2.740063292856556,0.0,0.0,0.031771820320114906,0.0,0.0,0.0
0.03548724527389663,0.023472924108773618,0.0,0.0,0.24821794071047137,0.0,0.0,0.5546520506907902,0.0,0.0,1.2772603775295106,0.0,0.0,0.0,0.0,1.9651586379588015,0.07956316813979737,0.0,0.8097433596435799,0.0,0.0,0.6903038640286044
0.17624601137082274,0.0,0.0,0.0,0.27834375010887985,0.0,0.0,0.17333886015895328,0.0,0.0,0.237874204794489,0.0,0.0,0.2503041165074438,0.0,0.7173740595898884,0.0,0.27058649032393,0.0,0.5643217408106572,0.0,0.0
0.026705678855805114,0.13339070874045977,0.0,0.0,0.0,0.0,0.0,0.4332471392404377,0.0,0.0,0.5751691411193938,0.1586587887844597,0.0,0.1812271399653883,0.0,0.0017308267309846883,0.8946152387656443,0.3729002501994998,0.0,0.0,0.0,0.0
0.0,0.0,0.0,0.0,0.0,0.0,0.0,0.0,0.0,0.0,0.38425148751913557,0.3116653747133838,0.0,0.17289002766361175,0.0,0.5399004297179356,1.4677827131669372,0.49600336237817144,0.0,0.0,0.0,0.0
0.0,0.0,0.0,0.0,0.0,0.0,0.0,0.0,0.0,0.0,0.4979803643473974,0.24700848658058577,0.0,1.6506005314045427,0.0,0.823339452027567,0.9724270919844653,0.434158478772958,0.0,0.0,0.0,0.7861958610567564
0.05369899204274982,0.28706050739001865,0.15787487504210104,0.0,0.0,0.0,0.0,0.0,0.0,0.0,1.3438484447767776,0.0,0.0,0.7811408921865157,0.0,2.2891677161211836,3.617561713760528,2.5005162034389983,0.0,0.0,0.0,0.540819770201685
0.07152618727950047,0.0,0.0,0.0,0.0,0.0,0.0,0.36339914349307945,0.0,0.0,0.4695948296639911,0.0,0.0,0.6380504610511092,0.0,1.1665826242161794,0.8831272503672817,0.8817958938852226,1.017048890839278,0.0,0.0,0.0
0.005366224678862468,0.02268397189951157,0.013609110113464747,0.0,0.0,0.0,0.0,0.0,0.0,0.0,0.9338090788619489,0.0,0.0,3.7564521087326144,0.0,0.9965224079089572,3.2684403763332344,2.388454212470897,1.2925715558530486,0.0,0.0,0.0
0.0,0.08753556468700883,0.0,0.0,0.0,0.0,0.0,0.45236075693264427,0.0,0.0,0.8621249488939055,0.0,0.0,0.0,0.0,1.0730198526010342,0.6672518846015112,2.535968290093865,0.0,0.0,0.0,0.0
0.0780887750631796,0.05586679969313786,0.0,0.0,0.0,0.0,0.0,0.252577849617199,0.0,0.0,1.0870449831494824,0.6130188125679149,0.0,0.0,0.0,1.1075603787240091,0.912612730986937,0.9717114614142822,0.5187643008709566,0.0,0.0,0.7245197066419408
0.020440426877214597,0.1263095338371326,0.0,0.0,0.2572033346267283,0.0,0.0,0.0,0.0,0.0,0.30830056782890836,0.7118008856550782,0.0,0.0,0.0,1.1864937652291139,0.21670549624905577,0.23067311029336995,0.7658960885183176,0.0,0.0,0.8101753372597951
0.0,0.14709694690701514,0.0,0.0,0.0,0.0,0.0,0.0,0.0,0.0,0.13835549687731513,0.0,0.0,0.25690936186256047,0.0,0.14125648208801858,0.0,0.19439491691439878,0.0,0.0,0.0,1.4306501155930735
0.0,0.11177638931716934,0.0,0.0,0.0,0.0,0.0,0.37898752178029216,0.0,0.0,0.22752363609107787,0.0,0.7588191233939267,0.0,0.0,1.7310073658084857,0.0,0.0,0.0,0.0,0.0,0.0
0.0,0.6987094936398556,0.0,0.0,0.0,0.0,0.0,0.0,0.0,0.0,1.0833757674600095,0.0,0.0,0.0,0.0,0.9408009326897075,2.368326190027672,0.0,0.0,0.0,0.0,0.0
0.10078543711725607,0.0,0.0,0.0,0.0,0.0,0.0,0.07818249405760887,0.0,0.0,0.9545319292302852,0.0,0.8585788053296898,0.3097166919853954,0.0,0.25773758433067273,0.8570382833763228,0.0,0.0,0.0,0.0,0.6153710307371901
0.0,0.0,0.150298608405509,0.0,0.0,0.0,0.0,0.0,0.0,0.0,0.7902264674098379,0.4771392800821026,0.0,0.0,0.0,0.1569778308140242,0.0,0.0,0.0,0.0,0.0,0.0
0.123248663773635,0.0,0.0485013520225056,0.0,0.0,0.0,0.0,0.0,0.0,0.0,0.5387273601383794,0.5689567610360208,0.0,0.0,0.0,0.28505304626360217,0.0,0.0,0.0,0.0,0.0,0.0
0.039711134186774584,0.0,0.044564191872994395,0.14990528610343945,0.0,0.0,0.0,0.2582615867357446,0.0,0.0,1.1610241935725794,1.0159582471701145,2.43062747888756,0.0,0.5527927493571227,0.6447314435038074,0.9024538179581463,0.8506486293106201,0.0,0.0,0.0,0.0
0.03588969589868918,0.1133022363016617,0.0,0.3954332411359946,0.0,0.0,0.0,0.0,0.0,0.0,2.0626327296775475,2.1118235901773743,3.5120335221097143,0.0,0.7292398803690464,1.647404084465973,0.0,0.8506333581163759,0.5534585663330346,0.0,0.0,0.0
0.13413009067464288,0.0,0.0,1.3645835299858249,0.5688668698648529,0.0,0.0,0.0,0.0,0.0,2.2834621100243577,2.7057837695076907,0.0,0.0,0.0,0.5928123410250781,0.5771691761501099,0.09321341925378748,0.0,0.0,0.0,0.0
0.0,0.0,0.0,0.9875499581936398,0.0,0.0,0.0,1.1613507787678072,0.0,0.0,1.8130482624140078,2.1204207148092746,1.1388089619931,0.0,0.0,1.140927561759923,0.0,1.3621768868116457,0.0,0.0,0.0,0.0
0.12321964445963704,0.09270912976893894,0.0,0.10046115279757559,0.0,0.0,0.0,0.3143383280867948,0.0,0.0,2.3314202784282316,1.4236105956620497,0.0,0.0,0.0,0.6070311165550305,0.0,0.6057094061801213,0.8760677912093875,0.0,0.0,0.0
0.01692368014779339,0.27921494071849995,0.050192005277787846,1.5268534897162942,0.0,0.0,0.0,1.1089906588784177,0.0,0.0,3.128943315641851,0.9709566931897222,0.5305252328118382,0.0,1.0513652040934358,1.1205722420643367,1.59839134772744,1.8713997019590514,0.2406420749923717,0.0,0.0,0.0
0.22934016055975354,0.0,0.0,0.3804822265931077,0.0,0.0,0.0,0.32072095993859595,0.0,0.0,1.734087934532469,3.447585144508474,1.286494310273737,0.0,0.0,0.172693049253079,0.0,0.4857416745761855,0.292266688518548,0.0,0.0,0.0
0.18739663254930478,0.0,0.15058791409541086,0.40019812359786094,0.0,0.14939723585104686,0.0,0.0,0.0,0.0,0.7220856878026563,1.1727984183790308,0.5540017837619147,0.2623960953463455,0.0,0.6063974614075014,0.23260345495542736,0.11230184904684998,0.0,0.0,0.0,0.20533743065103033
0.08559629759733367,0.0,0.0,0.02585468144030594,0.0,0.0,0.4280216766769066,0.3210919271494575,0.0,0.0,1.3618575939719708,0.44227605680516036,0.8702517080273156,0.0,0.0,1.2505062813411782,0.0,0.0803479716284331,0.0,0.0,0.0,0.3450138919578166
0.10197414168681446,0.11206725880640296,0.0,0.0,0.530040603904735,0.0,0.0,0.3799737399571323,0.0,0.0,1.3481318568156304,0.38066038271404523,0.0,0.0,0.0,1.1225021339450354,0.5018375910580852,0.36459372605536167,0.0,0.0,0.0,0.0
0.16273336148730042,0.0,0.0,0.0,0.0,0.29437764180007964,0.0,0.34123028505444286,0.0,0.0,0.425689384577463,0.0,0.0,0.0,0.0,0.6694874068989436,0.0,0.1864877667300428,0.0,0.0,0.0,0.0
0.20115009392406508,0.0,0.10663442039751377,0.0,0.0,0.7258841356537373,0.0,1.8295793475703672,0.0,0.0,0.243256348015508,0.0,0.0,0.0,0.0,0.289580965639582,0.32938792298849434,0.38303799857657733,0.5978789896404556,0.0,0.0,0.0
0.36516026634402243,0.0,0.0,0.0,2.498250139652995,0.6351708936921429,0.0,0.4930482559201917,0.0,0.0,0.10914028097565859,0.0,0.0,0.5535605036489119,0.0,0.009460153857551444,0.0,0.4188611397177929,0.0,0.0,0.14992634302836355,0.0
0.19649326662207284,0.0,0.1781835257864166,0.0,1.0312133554562446,0.0,0.0,0.0,0.0,0.0,0.22927408335798682,0.0,0.0,0.0,0.0,0.14873491748122553,0.10305387164613657,0.0,0.8368473598863009,0.0,0.0,0.0
0.13039466748667305,0.0,0.0,0.0,0.0,0.0,0.0,0.5109070956367324,0.0,0.0,0.6024562341987075,0.0,0.0,0.0,0.0,0.9285423829774404,0.0,0.0,0.9722468185284717,0.0,0.0,0.6181116210811215
0.17768830316707246,0.0,0.0,0.0,0.0,0.0,0.0,0.23603034464522304,0.0,0.0,0.5611668510546299,1.1584462067557055,0.0,0.0,0.0,1.3982090010565702,0.0,0.0,0.42829548854505833,0.0,0.0,0.0
0.0036963419915369386,0.0,0.0,0.0,0.0,0.0,0.0,0.0,0.0,0.0,0.9376114277232547,0.0,0.0,0.06952418348732195,0.0,0.12041796948838762,0.0,0.05260667721322511,0.026280275180805477,0.0,0.0,0.0
0.06866546203853187,0.0,0.0,0.0,0.0,0.0,0.0,0.5380708223842422,0.0,0.0,0.7372424632525203,0.0,0.0,1.9227735680233478,0.0,0.5108217539484191,0.5123149541625676,0.8582404376537955,0.0,1.1175770283840705,0.0,0.0
0.0,0.05700421096504791,0.0,0.0,0.0,0.0,0.0,0.09664794139702237,0.0,0.0,1.4668256112078915,0.31487201289973515,0.0,0.22701145328074177,0.0,2.1609659588135446,7.032866773714368,1.8289196321771828,1.606925067283138,0.0,0.0,0.0
0.0,0.15291765056267853,0.0,0.0,0.0,0.0,0.0,1.3867775788666996,0.0,0.0,1.3583272884543316,0.0,0.0,0.7217803057392799,0.0,2.93958583292134,1.6043941942821693,1.6408084582126488,1.1267009778653208,1.6272857366511815,0.0,0.0
0.0614389833499564,0.0,0.0,0.0,0.0,0.0,0.0,0.0,0.0,0.0,1.761314914002908,0.0,0.0,3.261820228758534,0.0,1.4386702159293565,3.870677375390814,2.3816353092425167,1.2012113170675665,0.0,0.0,0.0
0.055184558488402424,0.0,0.0,0.23218465297387292,0.0,0.0,0.0,0.6602492256736655,0.0,0.0,0.5923597846144644,0.0,0.0,0.7191438346393826,0.0,0.3563871518575623,0.3283467453435227,0.595101105625715,0.0,0.0,0.0,0.0
0.07819224620773296,0.0,0.0,0.0,0.0,0.0,0.0,0.10696435816224771,0.0,0.0,0.5598058113980863,0.0,0.0,1.2222216490388187,0.0,0.08629442891398734,1.2082807864990912,1.0272262353332569,0.3779330581332408,0.0,0.0,0.15350033580386935
0.030339234388552662,0.24890120027125678,0.11444662186668846,0.24865508474419737,0.0,0.0,0.0,0.0,0.0,0.0,1.0009858757696375,0.0,0.0,0.3433031344084613,0.0,0.741719179414519,1.333441703288762,2.3636681080098003,0.0,0.0,0.0,0.0
0.0,0.0030859397744043447,0.07571049857617781,0.0,0.0,0.0,0.0,0.0,0.0,0.0,0.6282658953059398,0.0,0.0,0.3039406699643574,0.0,0.4549952586905993,1.478162934245002,1.6549857450721552,0.0,0.0,0.0,0.0
0.05332792142380988,0.12324829436999503,0.0,0.0,0.0,0.0,0.0,0.0,0.0,0.0,1.906583132072408,0.0,0.0,0.11190987732100309,0.0,0.9289899785259262,1.674762225418181,1.7961674129310286,0.0,0.31144624256546394,0.0,0.0
0.125558318903432,0.0,0.17725741857156388,0.0,0.0,0.0,0.0,0.0,0.0,0.0,0.4709892075776707,0.0,0.0,0.3269248060397909,0.0,0.9616174348679868,0.542978898384525,1.2332132436907368,0.0,0.0,0.0,0.0
0.051239516254768656,0.0,0.0,0.0,1.288764464774724,0.0,0.0,0.5186935953633527,0.0,0.0,0.5867659393802022,0.27490731798677237,0.0,0.0,0.0,0.05394520087112051,0.26026837224940536,0.6161282427190677,0.7285876006561491,2.9958428332413236,0.0,0.0
0.1203875449271827,0.0,0.0,0.0,0.7104128736735129,0.5230564188109148,0.0,0.0,0.0,0.0,0.05058111108261049,0.0,0.0,0.0,0.0,0.0,0.0,0.0,0.0,0.0,0.0,1.733522158535182
0.0,0.0,0.0,0.0,0.0,0.0,0.0,0.0,0.0,0.0,0.0,0.0,0.0,0.0,0.0,0.0,0.0,0.0,0.0,0.0,0.0,0.0
0.3023224391490434,0.0,0.0,0.0,0.0,0.0,0.0,0.0,0.0,0.0,0.8125414498605429,0.0,0.0,0.0,0.0,0.0,2.368326190027672,0.0,0.0,0.0,0.0,0.0
0.0,0.0,0.0,0.0,0.0,0.0,0.0,1.2480418117805894,0.0,0.0,1.096280270240108,0.6725360649005264,0.0,0.48487443539605923,0.0,0.7980369362736296,0.0,0.374719996062328,0.19512757616194004,0.0,0.0,0.0
0.04860598497262991,0.0,0.17829434306008715,0.0,0.0,0.0,0.0,0.0,0.0,0.0,0.667664337837752,1.311704320256705,0.0,0.0,0.0,0.5863176965986031,0.8891857653133127,0.48609957543670224,0.0,0.0,0.0,0.0
0.09996755682864525,0.015900334872828388,0.16813439762717694,0.0,0.0,0.0,0.0,0.0,0.0,0.0,0.5751147201469252,0.26432114535462636,0.0,0.0,0.0,0.33766803152254293,0.0,0.6175684602627418,0.0,0.0,0.0,0.0
0.05444086818659447,0.0,0.16523994612332704,0.045893276163208874,0.0,0.0,0.0,0.4860539636771372,0.0,0.0,0.5677603220314315,0.06538513300574188,0.0,0.4179910455322209,0.0,0.2027596464821482,0.0,0.15720357180357225,0.0,0.0,0.0,0.0
0.04507479428695913,0.12604410548771425,0.3476949799913153,0.11322824980517704,0.21460487673825898,0.0,0.0,0.2077973472341854,0.0,0.0,2.5276150768162715,1.3447873694052852,1.1535766334715842,0.0,0.0,0.5440569617769755,0.7243408821823578,0.6964199172803665,0.0,0.0,0.0,0.0
0.1760296657227703,0.04040936615286404,0.1572206478704842,1.197942174921042,0.0,0.0,0.0,0.0,0.0,0.0,2.1397334014273057,3.849969298099418,2.043357974330737,0.0,0.0,1.1549116578513292,1.3789435853691088,0.1868616034666917,0.24400540320860473,0.0,0.0,1.0749487320893563
0.09493443315679902,0.024537471648802857,0.0,0.058500394083878825,0.0,0.0,0.0,0.0,0.0,0.0,0.9966019721955716,0.4314498750092369,1.5042456171351248,0.0,0.0,0.6038894634266937,0.0,0.14449004013697836,0.0,0.0,0.0,0.0
0.24663609133216363,0.4559076912375854,0.5503302715702401,1.679036221095103,0.0,0.0,0.0,0.0,0.0,0.0,2.5247031127610517,2.008096816153713,1.136347459250167,0.0,0.0,0.9368884015445889,0.5306041640152025,0.9346215754978701,0.0,0.0,0.0,0.9519961776807867
0.07638752938275788,0.0,0.016068879701390607,0.4638263842103074,0.0,0.0,0.0,0.3037132790189674,0.0,0.0,1.866496018050394,0.8877581939664188,1.908233541516652,0.0,0.7875231289484331,1.1929880378179973,1.219128413533635,0.0,0.0,0.0,0.0,0.0
0.213156213737711,0.013919512637898594,0.07780807438940561,1.0377579946645332,0.0,0.0,0.0,0.3518703578952595,0.0,0.0,3.0919837994755737,1.204306060063287,1.942078202703252,0.0,0.0,2.0750185497521514,0.014295178167630094,0.675206587837105,0.0,0.0,0.0,0.0
0.3537259310219025,0.08652275647949736,0.3615986970732129,0.9998540727878444,0.0,0.0,0.0,0.0,0.0,0.0,2.9763819567852616,4.635638458165721,1.2970641927054125,0.0,0.6588475781507255,1.3345062830604093,0.34657672641599285,0.48069922179501934,0.0,0.0,0.0,0.0
0.7004551204940948,0.36369081630814604,0.17202633300767886,0.739869776255017,0.8287210939002324,0.0,0.0,0.1699089475284151,0.0,0.0,4.029385919718363,4.642342745838099,0.5319464681289042,0.0,1.3382042118971629,1.3096883301370048,0.5159325100441533,2.2493049105257814,0.0,0.0,0.0,0.0
0.19836518147062057,0.07581160270846907,0.09859503771235666,0.9281755509236389,0.0,0.0,0.0,0.0,0.0,0.0,1.8304729170077052,1.7165701276525895,0.0,0.22003566607336508,0.0,1.5262315923010379,0.2299768239121354,1.1453172352228607,0.0,0.0,0.0,0.0
0.0167580050589282,0.0,0.08168627132549951,0.0,0.13664855066995357,0.0,0.0,0.0,0.0,0.0,1.557994332712524,0.0,0.0,0.0,0.0,2.8321375081800104,0.0,0.02326699909867668,0.0,0.0,0.0,1.2338293992905156
0.19390088249151416,0.0,0.11266705691732236,0.09656092916939872,0.0,0.34410624501267023,0.0,0.5601636742579199,0.0,0.0,0.3581337163331536,0.0,0.0,0.0,0.7363723709390785,0.2769892818386246,0.0,0.0,0.0,0.0,0.0,0.0
0.18511491772186936,0.04601387995704613,0.044938657668997406,0.0,1.3481241642623583,1.0729623028274868,0.0,0.4472686965074485,0.4303189530550271,0.0,0.39168418989317255,0.0,0.0,0.0,0.0,0.11104211435817143,0.13881306857862521,0.13507967083309833,0.02767778633391996,0.0,0.7779113334373723,0.0
0.18787427075227672,0.010712464951324345,0.03166289784847202,0.0,0.983209129461704,1.048763388533171,0.0,0.0,1.2070597911678962,0.0,0.6566746525027347,0.0,0.5984384279788131,0.3267670378334311,0.0,0.1719714828486462,0.39660191613594886,0.21681411305896997,0.0,1.306482549406754,0.6115504229495397,0.0
0.4303698281750961,0.0,0.041544239276099695,0.0,0.7751432201302751,0.17901091215410786,0.0,0.611087549547519,0.0,0.0,0.4091538041590084,0.0,0.939869056939507,0.13231532464916815,0.0,0.293468715322835,0.08915706916039769,0.2565409948737475,0.0,0.6345401819395342,0.0,0.0
0.06337816904848091,0.0,0.12992754497630818,0.0,0.644654457733287,0.06690556667694884,0.0,0.0,0.0,0.0,0.9676336521293973,0.0,0.0,0.0,0.0,0.8669269971306024,0.0,0.0,0.0,1.30699010007264,0.0,0.0
0.0,0.0,0.0,0.0,0.0,0.0,0.0,0.0,0.0,0.0,1.119400072879615,0.6058560428300326,0.0,0.0,0.0,0.7523792200186552,0.0,0.2207468496925754,0.9694831846845268,0.0,0.0,0.0
0.0,0.11303385144883726,0.09453061706390377,0.0,0.0,0.0,0.0,1.114844222509802,0.0,0.0,0.7174776801514328,0.0,0.0,0.9589214583555042,0.0,0.0,3.7501082290658276,2.08257126601318,0.0,0.0,0.0,0.0
0.029487778873885265,0.04754141079412016,0.052168299404657094,0.22664659551177352,0.25884062359301396,0.0,0.0,0.5223151033076371,0.0,0.0,1.5055212631010573,0.0,0.0,0.6989362664012617,0.0,0.3068783540533149,3.4268638757689525,3.5902525331674577,0.0,0.0,0.0,0.0
0.00110406043792164,0.1795328058908552,0.16665208941037213,0.05682698763985691,0.0648989802136647,0.0,0.0,0.0,0.0,0.0,0.9447753287928355,0.0,0.0,1.027564815101011,0.0,0.6000490271191589,1.2617100322078647,1.906628893418453,0.0,0.0,0.0,0.0
0.0,0.0,0.0,0.3255737888068354,0.0,0.0,0.0,0.0,0.0,0.0,0.30841295610824193,0.0,0.0,1.5076241587693104,0.0,0.28932236165429737,0.39276984574886004,1.3130453912942939,0.0,0.0,0.0,0.0
0.052194568125492335,0.2716129129832127,0.16567821888337925,0.0,0.0,0.0,0.0,0.0,0.0,0.0,0.6045727281696526,0.0,0.0,0.12185656457717015,0.0,0.32315131759776594,1.6905741650391086,3.1415382212334286,0.0,0.0,0.0,0.0
0.0,0.07928753113460492,0.0,0.0,0.24481944781130024,0.0,0.0,0.0,0.0,0.0,1.3249261584606429,0.0,0.0,0.49452766991846997,0.0,0.6138841091969047,1.0869244888639091,3.1894306937261034,0.0,0.0,0.0,0.0
0.06854124441206247,0.17688187436876654,0.0,0.0,0.1005793025114887,0.0,0.0,0.3476715958592759,0.0,0.0,1.4841473819595676,0.5380680158885173,0.2325547315768481,0.7509467612312349,1.3926841012108873,0.7664763388601161,1.4210291283167336,2.932116001035639,0.0,0.0,0.0,0.0
0.14166500242853555,0.29763237880030435,0.35927206418850033,0.0,0.0,0.0,0.0,0.0,0.0,0.0,1.1246133080845426,0.0,0.500121645735386,0.0,0.0,1.3223975892128086,1.1097718594961135,1.1582050420869,0.0,0.0,0.0,0.0
0.0,0.0,0.0,0.0,0.0,0.0,0.0,0.0,0.0,0.0,0.4699165049803089,0.0,0.0,0.0,0.0,0.21068129443121844,1.776674771740323,0.2899362359941466,0.0,0.0,0.0,0.17618326511452634
0.029003153458804817,0.0,0.0,0.0,0.0,0.0,0.0,0.0,0.0,0.0,0.2659921940763277,0.0,0.0,0.0,0.0,0.9963949226100127,0.6878717124228391,0.5001301408944273,0.1136574902669398,0.0,0.0,0.9370552446436942
0.045694553825810794,0.04439148232046476,0.0,0.0,0.0,0.0,0.0,0.0,0.0,0.0,0.8304378450603289,0.46413749408392435,0.0,0.0,0.0,1.0777152466667195,0.0,0.5053553351602806,0.20815727498789002,0.0,0.0,0.0
0.11014791107756275,0.0,0.2793425807397308,0.0,0.3750343843517705,0.0,0.0,0.0,0.0,0.0,0.499870314540816,0.0,0.0,0.0,0.0,0.2782171701587164,0.8628740338166738,0.0,0.0,0.0,0.0,0.0
0.07502946004495872,0.1734035891733469,0.0,0.0,1.6553458796231035,0.0,0.0,0.0,0.0,0.0,0.8952554724278221,0.0,0.0,0.0,0.0,1.1742596193466635,0.0,0.9733967589925265,0.0,0.0,0.0,0.0
0.0,0.0,0.0,0.0,0.0,0.0,0.0,0.0,0.0,0.0,0.541700716286717,0.0,0.0,0.0,0.0,0.0,0.0,0.0,0.0,0.0,0.0,0.0
0.0,0.0,0.0,0.0,0.0,0.0,0.0,0.0,0.0,0.0,0.8471294421306149,0.0,0.43229857051131887,0.0,0.0,1.0727941809885995,0.0,0.0,0.0,0.0,0.0,0.0
0.059868756875885575,0.0,0.0,0.0,0.0,0.0,0.0,0.0,0.0,0.0,0.7012983083791792,1.3859416333704317,0.0,0.0,0.0,0.7120861588749996,0.0,0.0,0.0,0.0,0.0,0.0
0.04213811740820418,0.0,0.10686512662081062,0.0,0.0,0.3120589230380476,0.0,0.0,0.0,0.0,0.16284412456963826,0.0,0.0,0.06961012543210018,0.0,0.3648176330495717,0.0,0.0,0.0,0.0,0.0,1.0987729232628058
0.0,0.0,0.04230734304691436,0.0,0.0,0.0,0.0,0.0,0.0,0.0,0.3225817886785054,0.2855328303854251,0.4257498346506528,0.0,0.0,0.8835993974635445,0.49750700507534007,0.2940682674345897,0.0,0.0,0.0,0.4090177867027769
0.032943189378052476,0.0,0.0,0.0,0.12888574938223107,0.0,0.0,0.0,0.0,0.0,1.2776482289652253,0.0,0.0,0.0,0.0,0.5003235206543646,0.8691068150989386,0.21650870808290806,0.0,0.0,0.0,0.0
0.1565090727030257,0.1069331103309251,0.0,0.5343402461548773,0.0,0.0,0.0,0.42136621603103686,0.0,0.0,2.616265889272053,1.1272596550352367,0.8864228351621459,0.26186945143613233,1.092595101385738,1.223968576273863,0.0,0.7037789128352662,0.106624477749759,0.0,0.0,0.0
0.1249956383651205,0.0,0.0,0.06843509212118197,0.0,0.0,0.0,0.3231921808975259,0.0,0.0,1.560440444873142,0.406708894017965,1.0485821904099593,0.0,0.2523621662018773,0.9250526314673677,0.0,0.3802020029393207,0.0,0.0,0.0,0.0
0.22374501727451707,0.5031118768867924,0.0,1.0476933036607499,0.0,0.0,0.0,0.08827670742936027,0.2232165756407503,0.0,2.6979126618747418,3.2993191892535276,0.0,0.0,0.3172104069413213,1.013489472381402,0.0,0.3062068468424721,1.0875359471386994,0.0,0.0,0.0
0.14195926544585197,0.2300577276834766,0.0,1.2877256048587427,0.0,0.8937444918053163,0.0,0.0,0.0,0.0,1.590913992082133,0.6672360909466593,1.0412617275700535,0.0,0.0,0.98174084829228,0.592180915229564,1.1298252247822593,0.0,0.0,0.0,0.0
0.0,0.0,0.02944704350035791,0.7971359427257002,0.0,0.0,0.0,0.5210347224324582,0.0,0.0,2.087245921555845,1.0671369271151578,2.1769604908227653,0.0,0.11797697037105716,1.0873447421614717,0.3267356190254291,0.26980617597538276,0.0,0.0,0.0,0.0
0.09153310058364342,0.1153763321635335,0.0,0.9493214134270871,0.0,0.49123106634074293,0.0,0.0,0.0,0.0,3.3494019055971167,1.1393265871864746,0.7410045527544352,0.0,0.0,0.520570188022878,0.3699794130633055,1.1021912091192978,0.0,0.0,0.0,0.0
0.28450532728550604,0.04220840415333985,0.30023392923590964,0.391167779724823,0.0,0.0,0.0,0.3603356718646789,0.0,0.0,3.9540318553292044,3.4311504076888353,3.278277286526334,0.0,0.962992118460103,2.5138158618546473,0.556133385930215,0.7877212921954748,0.0,0.0,0.0,0.0
0.20021705061886633,0.1772205631894764,0.13202720506815316,0.12476621016922027,0.0,0.0,0.0,0.0,0.0,0.0,1.9198382131586373,2.5979448465688573,0.42601588319155526,0.0,0.8062080765738218,0.8007800689470208,0.3108262198449614,0.5952855017842232,0.0,0.0,0.0,0.5854285389725795
0.07518287006419595,0.0,0.0,0.0,0.0,0.0,0.0,0.0,0.0,0.0,1.601573961211503,0.47435407740577434,0.0,0.5087617529230906,0.0,1.6188632137160472,0.0,0.0,0.0,0.0,0.0,0.6172589844794063
0.02005503299941417,0.0,0.0,0.0,0.0,0.0,0.0,0.0785788166044193,0.0,0.0,0.5518336595393319,0.0,0.49732002651178076,0.38752231697126754,0.0,0.14833033864454281,0.0,0.0,0.0,0.0,0.0,0.0
0.3946885311173828,0.1164896925230406,0.09174377743352385,0.2777259620242995,0.0,0.8127288459317868,0.0,0.17945034511923436,0.0,0.0,0.1650437155443623,0.0,0.0,0.6032669856625835,0.0,0.17538943277162844,0.04666655884210321,0.20537484612433982,0.0,0.0,0.2937932052436783,0.0
0.816451552313264,0.0,0.3442983266569405,0.34665987651963565,0.0,0.7804738477039275,0.0,0.5160765397081188,0.7019674697077484,0.0,0.4402113732715566,0.0,0.9871037180594423,0.3875214397949276,0.0,0.030949998676187085,0.07791201081888294,0.29263941989892817,0.0,0.0,0.0,0.7074889674145867
0.21167705549629615,0.0,0.021760038502117517,0.0,0.9023778957041694,0.7825167222770557,0.0,0.7481684000827205,0.0,0.0,0.20632856036071623,0.0,0.0,0.9627373220003592,0.0,0.4389529035096035,0.0,0.0452397169522669,0.0,0.0,0.0,0.025702023319808504
0.23457500311457516,0.0,0.0,0.5085295499986147,0.0,0.0,0.0,0.19589621441860317,0.0,0.0,0.7653510754388249,0.19625021445226962,0.0,0.0,0.0,0.9738689263583389,0.0,0.0,0.0,0.0,0.0,0.04569180535792683
0.03271690503673789,0.0,0.0,0.0,0.8517288944785959,0.0,0.0,0.04036856221464236,0.0,0.0,0.8928323147086259,0.04044151141596033,0.0,0.38310131951711707,0.0,0.6325936691403685,0.7139126719648214,0.5796712306656395,0.9624795310881802,0.0,0.0,0.0
0.0,0.0,0.0,0.0,0.0,0.0,0.0,0.6782178917532743,0.0,0.0,0.8283314382597486,0.35942186196631754,0.0,2.407919231684308,0.0,0.9041617340046871,2.571969967920085,1.1098083070974956,0.0,0.0,0.0,0.0
0.0,0.07398946603863245,0.09800391730211863,0.0,0.0,0.0,0.0,0.43785888493255554,0.0,0.0,1.4503405436669063,0.0,0.0,1.45427310039507,0.0,1.6123526405654722,1.3047460636554218,3.1574605072527566,0.0,0.0,0.0,0.0
0.06971327514328227,0.0,0.0,0.0836952810204765,0.22370526092144857,0.0,0.0,0.13466578898953324,0.0,0.0,0.9428494101883677,0.0,0.38102743788161886,1.7003598740501742,0.0,1.094482669568574,3.366868772935878,1.2594440081649014,0.0076313725109420985,0.0,0.0,0.0
0.15813289512393763,0.10522344984490407,0.0,0.0,0.42081435603654604,0.0,0.0,0.6431678442476235,0.0,0.0,1.0977310588113174,0.0,0.0,2.262665560058101,0.0,0.16401924783831429,3.6419638975609994,4.103148260186887,0.0,0.0,0.0,0.0
0.033280953683615104,0.0,0.24995272617752343,0.0,0.0,0.2722961730445883,0.0,0.0,0.0,0.0,1.344599077785955,0.0,1.0762300889688212,1.928879661414196,0.0,0.6060058734740698,2.000094798020204,4.024713870570668,0.0,0.0,0.0,0.0
0.013635689577575069,0.18325572988223698,0.0,0.0,0.0,0.0,0.0,0.0,0.0,0.0,1.0989233800089415,0.0,0.0,1.6259740148134125,0.0,0.6948077241535772,3.4671327261095706,1.1691124039441232,0.0,0.0,0.0,0.0
0.0,0.09975657232109154,0.0,0.0,0.0,0.11670121637813534,0.0,0.0,0.0,0.0,1.2878774096009287,0.38127181095090684,0.0,0.0,0.0,0.3813781918884373,1.0233801685258284,4.762967036072939,0.0,0.0,0.0,0.4853852703106741
0.08671789485374191,0.035130356787920626,0.0,0.0,0.0,0.12008799467509221,0.0,0.6795318579987057,0.0,0.0,0.4465491317866346,0.0,0.0,0.84556271415473,0.0,1.0650375346672778,0.6408088968444564,0.826681958946888,0.0,0.0,0.0,0.0
0.0,0.0,0.0,0.0,0.0,0.0,0.0,0.0,0.0,0.0,0.6976491517369661,0.0,0.1242471670173667,0.0,0.0,1.1616804099078981,0.0,2.912233289658104,0.0,0.0,0.0,0.0
0.04077598104386665,0.06037318699762087,0.06624890685185071,0.0,0.0,0.0,0.0,0.40930539904161384,0.0,0.0,0.808713218476461,0.0,0.0,0.0,0.0,0.23637637117904656,3.2389837904559347,2.0974804965067024,0.0,0.0,0.0,0.20253934664421178
0.09563959011539981,0.061121900238245874,0.0,0.0,0.0,0.0,0.0,0.0,0.0,0.0,0.39831474252474264,0.0,0.0,0.21620828281268478,0.0,0.04816175483076837,2.3849898198168886,1.560179193083541,0.0,0.0,0.0,0.0
0.025748734633134422,0.2640090006393957,0.0,0.0,0.0,0.0,0.0,0.11145857263750072,0.0,0.0,1.2282408919701138,0.26004635148306143,0.0,0.19931873872123568,0.0,1.0475582894241107,3.159210067958912,1.4088639032620223,0.0,0.0,0.0,0.0
0.05435833589941344,0.0,0.0,0.0,0.0,0.26407031220851684,0.0,0.6108983176641741,0.0,0.0,0.5214221885774736,0.0,1.2231572261671726,0.0,0.0,1.623506757093064,0.5144689599296828,0.5413778429131728,1.108522693590987,0.0,0.0,0.0
0.0026173805390880445,0.0060491329597517456,0.0,0.0,0.0,0.0,0.0,0.0,0.0,0.0,0.2751830157253735,0.0,0.0,0.0,0.0,0.12980157519877508,0.0,0.0,0.0,0.0,0.0,0.652564376727596
0.0,0.0,0.0,0.0,0.0,0.0,0.0,0.0,0.0,0.0,0.3287980827971191,0.5077426525630335,0.0,0.0,0.0,0.2624622276321622,0.0,0.3611963301049095,0.0,0.0,0.0,0.0
0.0,0.06628113009983475,0.0,0.0,0.0,0.0,0.0,0.0,0.0,0.0,0.7030168850995328,0.0,0.0008114689866428044,0.22485956260435797,0.0,0.7603166707474214,0.0,0.12281955461183004,0.0,0.0,0.0,0.0
0.0014108283044075372,0.0,0.0,0.007773729172993433,0.0,0.0,0.0,0.0,0.0,0.0,0.17170898697311585,0.0,0.0,0.0,0.0,0.3908801380041622,0.0,0.40556466939467206,0.0,1.5653432260203615,0.0,0.0
0.08458906623757612,0.0,0.0,0.0,0.03777942104002852,0.0,4.2337742905256,0.6506174017543072,0.0,0.0,0.48204011618584036,0.023569689257644185,0.0,0.016992902489104626,0.0,0.37061290605951025,0.3702259661510475,0.012857973892252194,1.2621058141944208,0.0,0.0,1.2288132442428883
0.10288595003669479,0.0,0.0,0.0,0.0,0.0,0.0,0.0,0.0,0.0,0.9933376333144938,0.0,0.0,0.0,0.0,1.0759372760885015,0.0,0.0,0.27355383676015793,0.0,0.0,0.5056729017146747
0.1894850299621654,0.5215170752174653,0.0,0.0,0.0,0.0,0.0,1.7680019454611906,0.0,0.0,0.9460356489655396,0.0,0.0,1.2768099470236267,0.0,1.5303950229259118,0.0,0.0,0.0,0.0,0.0,1.2688913653856948
0.0,0.0,0.0,0.062131016908790665,0.0,0.0,0.0,0.0,0.0,0.0,0.9686486690461025,0.44929106707793304,0.0,0.0,0.0,1.013317669149589,0.0,0.1006096008401532,0.0,1.8950608610688326,0.0,0.10735464750157003
0.1546408380386942,0.0,0.0,0.2772081281303764,0.0,0.0,0.0,0.5044335726774306,0.0,0.0,1.1653175136403773,2.3195749339889153,0.2685334593431336,0.0,0.9366412459657197,0.9572356793830521,0.0,0.5514932730001192,0.0,0.0,0.0,0.0
0.1773712395389982,0.09372807023175807,0.10284999853382189,0.2709074853301487,0.0,0.0,0.0,0.2572292860329034,0.0,0.0,1.8612452458572222,1.264703707562024,0.9942748098780404,0.0,0.0,0.9982952488632029,0.8711394087277743,0.5703261877756444,1.745338518036703,0.0,0.0,0.0
0.12520187463081706,0.060446994919820835,0.07803168778234636,1.2757546278964627,0.0,0.0,0.0,0.5833270996120308,0.0,0.0,2.22489909736484,2.033353700182451,1.2227597744229586,0.17414420435751404,0.6251881784304031,1.317289748904169,0.33199587300377686,0.17622563121133436,0.0,0.0,1.3898930897316137,0.0
0.22590467347034898,0.23127913627525903,0.14857401075769147,1.3937436860219132,0.0,0.0,0.0,0.0,0.0,0.0,2.507203494474515,2.44537666775554,0.9586543661155349,3.0274475269413426,0.46954001684992197,1.110783421293044,0.0,0.19110770423294474,0.0,1.315552910939842,0.0,0.579892797452043
0.21362003465191925,0.0,0.0,0.8790507054014836,0.0,0.0,0.0,0.0,0.0,0.0,2.180492893619309,2.275071951145727,0.0,0.0,0.2024382533933637,1.7542998949170627,0.5746088687931367,0.0693011183780357,0.0,0.0,0.0,0.0
0.2990316711940011,0.0943775615063041,0.059507681236913,0.49805664169265806,0.0,0.0,0.0,0.5657786877765975,0.0,0.0,2.963102661771451,2.439669052692402,1.5870321382172108,0.0,2.4811509560554343,1.3357385876054884,0.8957275985842723,0.9750618444547898,0.0,0.0,0.0,0.0
0.44845288128459193,0.4275319346993997,0.0,0.5939759525411783,0.0,0.0,0.0,0.0,0.0,0.0,3.833705941006208,0.8870753153555009,3.563360527184174,0.0,0.0,1.7684452843268597,0.0,0.825042056283586,0.0,0.0,0.0,0.0
0.0,0.0,0.0,0.0,0.0,0.0,0.0,0.0,0.0,0.0,0.6617596914602191,0.0,0.0,0.0,0.0,0.45047751638693967,0.0,0.0,0.0,0.0,0.0,0.0
0.06476152987936991,0.0,0.0,0.0,0.0,0.0,0.0,0.0,0.0,0.0,0.7903913859828521,0.0,0.0,0.6434017782684011,0.0,0.6690458575147183,0.0,0.0,0.7121102771290764,0.0,0.0,0.0
0.2206959916205407,0.0,0.0,0.0,0.9886014753510911,0.0,0.0,0.0,0.0,0.0,1.3773882877402044,3.5534817690497325,0.0,0.4446655880042935,0.0,0.4846724285518429,0.0,0.33646391633260275,0.0,0.0,0.0,0.0
0.25684642288068127,0.0,0.0,0.0,0.45751677528497886,0.0,0.0,0.9617279139251068,0.0,0.0,0.9467712162855162,0.0,0.0,0.0,0.0,0.22628364826802988,0.0,0.0,0.0,0.0,0.0,0.0
0.09418780783578173,0.0,0.0,0.0,0.5349130693872453,0.0,0.0,0.0,0.0,0.0,1.510691382704642,0.0,0.0,0.0,0.0,0.3216254949697952,0.0,0.0,0.0,0.0,0.0,0.0
0.12490047029604812,0.0,0.0,0.0,0.5917092036526461,0.25493112078778185,0.0,0.12089243252832622,0.0,0.0,0.85131733587547,0.0,0.0,0.4490343848180532,0.0,0.943549463419576,0.6407306074555723,0.9455095727117967,0.1886054843314909,0.0,0.0,0.17348796653457843
0.0429300983407038,0.0,0.0,0.0,0.0,0.0,0.0,0.1682069695134578,0.0,0.0,0.4766317862677682,0.0,0.0,0.6608908706036611,0.0,0.5231346389485532,0.3361842795360318,0.42434173661055397,0.0,0.0,0.0,0.24138719428113112
0.05819935719562516,0.5856682689889962,0.0,0.0,0.0,0.0,0.0,0.0,0.0,0.0,1.3744580212514064,0.0,0.0,1.7066609291326775,0.0,1.2462989706740446,3.9899444857174835,1.9469244200876374,1.6538739346161537,0.0,0.0,0.0
0.027115820572854114,0.06266845860140655,0.0,0.0,0.0,0.0,0.0,0.0,0.0,0.0,1.419326257434136,0.0,0.0,0.5092482783034018,0.550964204502465,0.1687545668516951,2.2944237118362256,2.3756615005310984,0.0,0.0,0.0,0.0
0.03902313965066059,0.09018794047274975,0.0,0.0,0.07915640180721718,0.0,0.0,0.0,0.0,0.0,0.5308071612016858,0.0,0.0,0.8583926368888859,0.0,0.5883739338206778,0.7351960224743035,1.7574761669738574,0.0,0.0,0.0,0.0
0.0,0.14626841207424013,0.0,0.0,0.4139258442358336,0.0,0.0,0.0,0.0,0.0,0.853337598880393,0.0,0.0,4.82685960736472,0.0,0.8239200010483084,3.0773040867367625,4.154474224680289,0.4550751950287154,0.0,0.0,0.0
0.055959595375757766,0.0,0.0,0.0,0.0,0.0,0.0,0.0,0.0,0.0,0.5870563928774885,0.0,0.0,0.2620828251739406,0.0,0.14332412087588775,3.7598229608773037,2.80383938361829,0.0,0.0,0.0,0.0
0.0,0.07506222332439148,0.0,0.0,0.0,0.0,0.0,0.0,0.0,0.0,0.3629975850933014,1.0533538402146236,0.0,0.13107586926882672,0.0,0.2066324442264237,0.3736753638366044,0.556057464026549,0.0,0.0,0.0,0.0
0.06058996286184395,0.0,0.0,0.0,0.0,0.0,0.0,0.0,0.0,0.0,0.18391157823541698,0.0,0.0,0.011786053811286484,0.0,0.09209912477476925,0.7787410345018989,0.6802884002346071,0.0,0.0,0.0,0.0
0.05562542207047076,0.0378556233548495,0.14106984693482127,0.0,0.0,0.1340139214389621,0.0,0.0,0.0,0.0,1.145080322928633,0.0,0.0,0.09270497501689491,0.0,0.9390881992700127,0.6721831620899058,2.2723993580306328,0.0,0.0,0.0,0.9419633825016946
0.03865027349516221,0.0,0.0,0.0,0.0,0.0,0.0,0.0,0.0,0.0,0.20683673439664194,0.0,0.0,0.20095014750847853,0.0,0.11048842559229727,1.6233649208029597,1.4940919914563047,0.0,0.0,0.0,0.0
0.0,0.5278286841180326,0.0,0.0,0.0,0.0,0.0,0.8949085491523769,0.0,0.0,1.2562691311877232,0.0,0.0,0.0,0.0,0.319436721809788,2.1941806759944305,3.422190183532932,0.0,0.0,0.0,0.1191775131698577
0.0,0.13576814323918218,0.0,0.0,0.0,0.0,0.0,0.0,0.0,0.0,0.5503365267255392,0.0,0.0,0.0,0.0,0.3845112974771162,1.781062101291971,1.7930248122641197,0.0,0.0,0.0,0.3141305313914455
0.059338931951752355,0.0,0.0,0.0,0.45475229114024107,0.0,0.0,0.0,0.0,0.0,0.9765345226577334,0.0,0.0,0.10169071410016407,0.0,1.2217147663941064,0.9902390541218222,0.9955848636319451,0.0,0.0,0.0,0.0
0.014746893904349507,0.0,0.0,0.0,0.0,0.0,0.0,0.0,0.0,0.0,0.5848982973343502,0.0,0.0,0.07112153300665913,0.0,0.4984929822514591,0.0,0.8795375093713813,0.6532250674263654,0.0,0.0,0.0
0.016947225711400303,0.0,0.1697829245659294,0.0,0.0,0.5477456147224058,0.0,0.0,0.0,0.0,0.2574238227802549,0.0,0.0,0.0,0.0,0.7357286733981017,0.0,0.0,0.9519406868745572,0.0,1.5299699976727368,0.0
0.0,0.0,0.0,0.0,0.0,0.0,0.0,0.0,0.0,0.0,0.13551244724484296,1.1874086405724356,0.0,0.0,0.0,0.6782656193233371,0.0,0.46673556537205085,0.0,0.0,0.0,1.700929638889895
0.14236377870916306,0.0,0.0,0.0,0.0,0.0,0.0,0.0,0.0,0.0,0.3533616601547795,0.0,0.0,0.0,0.0,0.2085767254196612,0.0,0.0609150997977427,0.0,0.0,0.0,0.0
0.08359221334126533,0.05136615617314187,0.0,0.19302804121866432,1.5432138422529595,0.0,0.0,0.2745151119221308,0.0,0.0,0.672844073378383,0.6562223484864045,0.0,0.09796543032469672,0.0,0.5939669095418949,0.0,0.4046521148838177,0.0,0.0,0.0,0.0
0.005438233522941582,0.13851671783656258,0.0,0.0,0.0,0.0,0.0,0.16896664971703063,0.0,0.0,0.6584544021806927,0.17065532782852064,0.0,0.0,0.0,0.6482687958222493,0.04260190185062469,0.0,0.0,0.0,0.0,0.0
0.140216426270278,0.0,0.1326026032385389,0.0,0.0,0.0,0.0,0.0,0.0,0.0,0.2526534325005019,0.0,0.0,0.4310650008679945,0.0,0.23701248227169106,0.8695580313471941,0.03306738089962081,0.0,0.0,0.0,0.08682949180255109
0.22809984507100223,0.0,0.0,0.0,0.0,0.0,0.0,0.33592038380209166,0.0,0.0,0.2846003200289867,0.0,0.0,0.0,0.0,0.009827137292552876,0.3596380022818746,0.0,0.0,0.0,0.0,0.0
0.15837673390709683,0.0,0.0,0.0,0.0,0.0,0.0,0.043618214688903326,0.0,0.0,0.32090544007687505,0.0,0.0,0.0,0.0,0.09025392197524003,0.0,0.0,0.0,0.0,0.0,0.0
0.13269450691706086,0.0,0.0,0.0,0.0,0.0,0.0,0.10942297035056013,0.0,0.0,0.43250503027273857,0.3276421964548408,0.0,0.0,0.0,0.24640333725405794,0.0,0.43298077957459663,1.8493082740078246,0.0,0.0,0.7318067890361124
0.004793745849368534,0.0,0.0,0.0,0.030160785371738715,0.0,0.0,0.45201967529319476,0.0,0.0,0.489063050907095,0.0,0.0,0.0,0.0,0.27060437931123793,0.0,0.0,1.5545525217852771,0.0,0.0,2.0638662226343145
0.10948160181457241,0.0,0.0,0.3016319852625235,0.0,0.0,0.0,0.09738563696268608,0.0,0.0,1.670222332237709,0.42974154656203745,0.1949881709140415,0.0,1.451112621821754,1.0941748949952932,0.5261945219134777,0.0,0.0,0.0,0.0,0.0
0.08247364620281297,0.4092375158756264,0.0741226569690142,0.8224406080349322,0.0,0.0,0.0,0.0,0.0,0.0,3.0116754286859435,5.685117379062635,9.859259791228062,0.0,2.3306204648885225,1.0409595309546766,0.8985496052994124,1.0949546282410776,1.7809717143815336,0.0,0.0,0.0
0.17807089716338764,0.03146157379380054,0.14138133840419967,1.3102522646967547,0.0,0.0,0.0,0.11936872370800744,0.0,0.0,2.04763366446316,2.6882225018167483,0.0,0.0,1.2434911659987933,0.9843504336973912,0.46799463398884156,0.5409642951476309,0.0,0.0,0.0,0.0
0.20123711658161375,0.0,0.0,0.8654938388801166,0.0,0.0,0.0,0.0,0.0,0.0,2.8836677117795766,4.431089667395538,2.9499127196681196,0.0,0.31903954743726043,0.7250553082900909,0.05958902411700529,0.11430586766797744,0.0,0.0,0.0,0.0
0.07881503572178111,0.12607887844799334,0.19067531490547587,0.12088879704338049,0.0,0.0,0.0,0.343764041327462,0.0,0.0,3.5578925860659742,1.7949495473307817,0.7678256012609199,0.0,0.3549473581566451,1.4097636386606682,0.7798600934264255,0.513055763595903,0.0,0.0,0.0,0.0
0.0,0.0,0.17358991768390555,0.0,0.0,0.0,0.0,0.0,0.0,0.0,2.288180560469118,1.100893684080774,0.0,0.0,0.0,0.8901887770562124,0.38917022783737093,0.7036543205835202,0.0,0.0,0.0,0.0
0.3244271936728139,0.0,0.0,0.0,0.2554209064861008,0.0,0.0,0.8787792246121643,0.0,0.0,2.5933176374625444,2.1453883662878575,0.9083608273042028,0.4483411797797034,0.0,0.40275200344513185,0.0,1.7834998046307189,0.0,0.0,0.0,0.10104134871038854
0.03526923313240281,0.09511905281209997,0.0,0.4534659179873003,1.257068742358347,0.0,0.0,0.28449537713463696,0.0,0.0,1.1856534667323801,0.0,0.0,0.0,0.0,1.4840761900962331,0.0,0.0755232897147159,0.0,2.356098946456237,0.0,0.0
0.27473211977344947,0.14241438194744668,0.0,0.0,0.0,0.0,6.789316041292543,1.2429837513299589,0.0,0.0,1.6048130577419593,0.6976352923705793,0.0,0.0,0.0,3.0538124221243352,0.0,0.10680123145195294,1.5498899820963805,0.0,0.0,0.5605681546174326
0.07096563109522491,0.0,0.0,0.0,1.4799227453868289,0.0,0.0,0.0,0.0,0.0,1.5037819417390081,0.7182239377251951,0.0,0.0,0.0,1.615566896498543,0.0,0.0,0.31644057483335836,0.0,0.0,0.0
0.21149515434620303,0.0,0.0,0.4494580580008925,1.0264092618287297,0.0,0.0,0.0,0.0,0.0,1.6887316264252323,0.0,0.0,0.0,0.0,1.5804516931150463,0.0,0.7778275672443091,0.0,0.0,0.0,0.0
0.17799300967709888,0.0,0.0,0.0,1.2909377834327769,0.0,0.0,0.0,0.0,0.0,2.698455659439665,1.7150083530935742,0.0,0.5806542098708002,0.0,2.8038492892119056,0.0,0.161456298873762,0.0,0.0,0.0,0.0
0.11199833564625972,0.0,0.0,0.0,0.0,0.06443076417512701,0.0,0.0,0.0,0.0,0.9690914030852363,0.0,0.0,0.0,0.0,0.8161939333163843,0.0,0.0,0.0,0.0,0.0,0.0
0.0,0.3428754787947907,0.022435541699223596,0.0,0.0,0.0,0.0,0.0,0.0,0.0,0.5047881436791579,0.0,0.0,1.5036632580732192,0.0,1.415680838711907,0.9656943567319365,1.4021882010812043,0.12579183112886186,0.0,0.0,0.0
0.141846298840411,0.13116435305777707,0.0,0.0,0.6676015599510867,0.0,0.0,0.0,0.0,0.0,2.157115970113331,0.0,0.0,5.3184948681417135,0.0,2.6244890646242376,3.3945852411422117,4.246266482897932,0.0,0.0,0.0,0.0
0.0,0.19409277381128143,0.0,0.0,0.0,0.0,0.0,0.6580883475621574,0.0,0.0,4.440035957186409,0.0,0.0,12.49533927318878,0.0,5.770483606579133,7.670722827583296,8.797680634220853,0.0,0.0,0.0,0.0
0.0,0.40582624722351024,0.0,0.25033800658064614,0.0,0.0,0.0,0.0,0.0,0.0,0.739902811568519,0.0,0.0,1.434205366645791,0.0,0.6864652885960876,2.294660707169336,2.525800727818347,0.0,0.0,0.0,0.0
0.12072294606601869,0.10293970046881921,0.3074644702220076,0.0,0.0,0.0,0.0,0.0,0.0,0.0,1.6484434184548908,0.22140121571951543,0.0,0.7533267048082077,0.0,1.5318862179166186,1.1706767441503232,3.018517661479697,0.0,0.0,0.0,0.0
0.0,0.03914996487819932,0.0,0.0,0.0,0.0,0.0,0.0,0.0,0.0,0.7490574894546257,0.1329812183549662,0.0,1.473584258906433,0.0,0.4577303750453515,0.2128075528393517,2.782002517991391,0.0,0.0,0.0,0.0
0.0696164375862406,0.033088025891210474,0.0,0.0,0.0,0.5304542659994304,0.0,0.0,0.0,0.0,0.36711354756605447,0.0,0.0,0.8379561804393196,0.0,0.5130071143236691,0.645746022232688,0.5517942273460882,0.0,0.0,0.0,0.9269620212790264
0.13530371494842974,0.28574599993835875,0.0,0.19142394033421184,0.0,0.0,0.0,0.0,0.0,0.0,0.8458101296474041,0.0,0.0,0.66305657770671,0.0,0.37766169543694256,1.7323976281579405,2.791551971841952,0.0,0.0,0.0,0.05500264743037191
0.16373581484494792,0.5180794617229724,0.15328339969479707,0.0,0.0,0.0,0.0,0.6859319999829152,0.0,0.0,2.16188898847205,0.4744816710007104,0.0,0.6381325877519196,0.0,1.505370900340009,6.228705299811745,5.759056107381036,0.0,0.0,0.0,0.0
0.08953975318052795,0.0,0.13115567796363586,0.0,0.0,0.0,0.0,0.0,0.0,0.0,1.7548580468061448,0.0,0.0,0.0,0.0,2.923996456802672,2.460221303197823,5.089131589195558,0.0,0.0,0.0,0.7307322208056363
0.0,0.1030500739915759,0.0,0.0,0.5610591896146395,0.0,0.0,0.0,0.0,0.0,0.8994461082444606,0.0,0.0,0.0,0.0,0.9442385774642432,0.7076541910600125,1.5865205099921078,0.3214890995127899,0.0,0.0,0.0
0.0,0.0,0.0,0.0,0.6682815524703819,0.0,0.0,0.0,0.0,0.0,0.6333829895914389,0.0,0.0,0.0,0.0,0.326434455777446,1.375460013582523,0.3370564527771349,0.0,0.0,0.0,0.0
0.0373834038432834,0.0,0.0,0.0,0.0,0.0,0.0,0.0,0.0,0.0,0.5741003541319251,0.0,0.0,0.0,0.0,0.8306713316606584,1.0369041114368378,0.2140001719584338,0.0,0.0,0.0,0.0
0.0,0.0,0.0,0.0,0.0,0.0,0.0,0.0,0.0,0.0,0.3640555234823267,0.18783799168775495,0.0,0.0,0.0,0.5391556111444564,0.0,0.13409043272823518,0.34023187541374633,0.0,0.0,0.0
0.07595206834122788,0.0,0.0,0.0,0.0,0.0,0.0,0.0,0.0,0.0,0.5251634943088195,0.0,0.3424841695664197,0.0,0.0,0.2914885838606745,0.0,0.0,0.0,0.0,0.0,0.1976794111193914
0.0,0.0,0.0,0.0,0.0,0.0,0.0,0.0,0.0,0.0,0.1258547251209802,0.0,0.0,0.0,0.0,0.22089095646530196,0.0,0.0,0.0,0.0,0.0,0.0
0.0,0.0,0.0,0.0,0.0,0.0,0.0,0.0,0.0,0.0,0.5691490262272516,0.8172459868052555,0.0,1.132759839569102,1.484232637857665,0.4097659113341451,0.24604776649714055,0.1345092549803307,0.0,0.0,1.54901419251476,0.0
0.0,0.07039140616654363,0.0,0.0,0.6784685874988693,0.0,0.0,0.8448366466655547,0.0,0.0,0.3115065773991666,0.0,0.0,0.025250509017331894,0.0,0.3625642530387618,0.33887516439639975,0.24363563149178166,0.0,0.0,0.0,0.0
0.01177136954295258,0.08159123603431369,0.0,0.0,0.0,0.0,0.0,0.04379533302758355,0.0,0.0,0.17265058454901838,0.0,0.0,0.38579005838450237,0.0,0.0,0.0,0.0,0.0,0.0,0.0,0.5680021729208304
0.19947074209347354,0.0,0.11718891197322653,0.0,0.0,0.0,0.0,0.793352673758038,0.0,0.0,0.29769177881035425,0.0,0.0,0.0,0.0,0.1863933666338439,0.0,0.15794673443917395,0.0,1.3797636273155818,0.0,0.24607581909304327
0.0034300691672528236,0.0,0.0,0.0,0.09590304459102211,1.0560945875496346,0.0,0.0,0.0,0.0,0.1523987055432396,0.0,0.0,0.0,0.0,0.0,0.0,0.0,0.0,0.0,0.0,0.0
0.1524137142534845,0.0,0.0,0.2328164132293471,0.9729151581606713,1.8140158931584098,0.0,0.5708883832339233,0.0,0.0,0.5143370387533363,0.0,0.0,0.0,0.0,0.0,0.0,0.0,0.9627459694571592,0.7474864642717522,0.0,0.0
0.5514812151492912,0.0,0.05173291819668729,0.4109061726236394,1.4466799982560792,2.3194688300031783,0.0,0.0,0.0,0.0,1.126962606008931,0.0,0.0,0.0,0.0,0.9292940192447726,0.0,0.0,0.0,0.0,0.0,0.05505242280201973
0.0909723804068934,0.0,0.0,0.0,0.0,0.2760719545148808,0.0,0.2517691800034637,0.0,0.0,0.21283004157447216,0.802989079471974,0.0,0.0,0.0,0.2515597048944351,0.0,0.0,0.0,1.6500816617111196,0.0,0.9547406311642178
0.18686985819654095,0.0,0.0,0.5708085143035713,0.0,0.0,0.0,0.07517006387439298,0.0,0.0,1.6948266998315096,0.23128489296217114,0.0,0.0,0.0,3.3221340880224353,0.20902339699030023,0.4052893814452917,0.0,0.0,0.0,1.7252922463887068
0.2349923631825762,0.072999265084965,0.00973500087011573,0.5112093727021798,0.3672537825520348,0.0,0.0,0.4007873178911253,0.0,0.0,2.826110343693833,4.612302077509539,0.3313531563110999,0.12428745635174097,0.0,1.6854592429140214,0.41794676293341926,0.6182021534276514,0.0,0.0,0.0,0.0
0.3245108356169285,0.09909524656927154,0.5213288388175727,0.726884051526256,0.0,0.0,0.0,0.0,0.0,0.0,3.530345368183866,4.828455887232038,1.3441192381791398,0.0,0.0,1.1686109965527307,0.6715232780423929,0.7368746248587725,0.0,0.0,0.0,0.0
0.12296827752196537,0.0,0.0,0.5613438928388687,0.0,0.0,0.0,0.0,0.0,0.0,2.5144588732265154,1.969184720983879,1.177375600190925,0.0,0.28969025383465974,1.7063960944400622,0.0,0.061057234068806386,0.0,0.0,0.0,0.0
0.2509614751199287,0.0,0.14716003259711438,0.30533695844498115,0.0,0.0,0.0,0.742212818537568,0.0,0.0,2.488157690390481,3.0423452348755986,2.635543197262725,0.10570042098235521,0.0,1.457267706723531,0.007411580378645796,0.8391345584860739,0.0,0.0,0.0,0.62315411755336
0.12099465983099225,0.17955604351131388,0.0,0.0,0.0,0.0,0.0,0.0,0.0,0.0,1.9874037291808673,1.92311559197192,1.375997263646293,0.6983296725617859,0.34969858905400647,0.49904108360146754,0.0,0.28599975547006207,0.0,0.0,0.0,0.1935372578925278
0.0,0.0952007287409082,0.0,0.056986991264860745,1.5959181324216587,0.0,0.0,0.3227863100392044,0.0,0.0,1.8411998372415113,0.4569320855335721,0.0,0.3775513945633243,0.0,0.6266613509843,0.0,0.2057426872733273,0.41394168144475985,0.0,0.0,0.0
0.08203038160969271,0.17506515089827385,0.0,0.0,0.0,0.0,0.0,0.0,0.0,0.0,0.6603473262078838,0.0,0.0,0.6291849927810369,0.0,0.35484782706281315,0.0,0.3723327088847633,0.15915809780415216,0.0,0.0,0.0
0.15412702727987507,0.0,0.0,0.0,0.2576139086932385,0.0,0.0,0.4833706144025522,0.0,0.0,0.9396954262953405,0.0,0.0,0.0,0.0,0.9655731784634731,0.0,0.0,0.4036265254139864,0.0,0.0,0.0
0.14952952955540227,0.05739688434475756,0.0,0.0,1.2526862629812083,0.0,0.0,0.38505640857658063,0.0,0.0,1.329613371894108,0.0,0.0,0.0,0.0,0.681251143273182,0.0,0.42081407722693254,0.0,0.0,0.0,0.0
0.13496026678802953,0.1292691586070658,0.0,0.0,0.0,0.0,0.0,0.0,0.0,0.0,1.8134671258486943,0.195620586443316,0.0,0.0,0.0,1.4178099914714666,0.0,0.23953696114190762,1.0115724446864434,0.0,0.0,0.40029863761928125
0.3023224391490434,0.0,0.0,0.0,0.0,0.0,0.0,0.0,0.0,0.0,1.354203669389088,0.0,0.0,0.0,0.0,0.9408009326897075,0.0,0.0,0.0,0.0,0.0,0.0
0.022779218599915847,0.0,0.0,0.0,0.0,0.0,0.0,0.7957791822152138,0.0,0.0,0.9337616842861342,0.0,0.0,0.0,0.0,0.9236066429220952,0.0,0.09755346445341166,0.0,0.7547139780479679,0.0,1.1419913492163283
0.02321492209561956,0.0,0.0,0.0,0.0,0.0,0.0,0.0,0.0,0.0,0.9116292032425708,0.0,0.0,0.6216331999899654,0.0,1.4765416240126674,2.5162318702122204,2.180903287648005,1.0077832805171982,0.0,0.0,0.0
0.0,0.18392925614372485,0.0,0.0,0.0,0.0,0.0,0.2471810256431411,0.0,0.0,0.8957216897952764,0.0,0.0,1.070101237800123,0.0,0.19631198627821037,3.350909491007595,3.162656791307254,0.0,0.0,0.0,0.0
0.019277312642362838,0.0,0.0,0.0,0.0,0.0,0.0,0.0,0.0,0.0,1.3701268678622178,0.15133231755730073,1.0326469593842593,2.7215719893351604,0.0,1.3501431161414854,6.364778036687156,7.034238681321275,0.0,0.0,0.0,0.0
0.10919807301699717,0.0752629500379693,0.00521234640712503,0.2060544804337841,0.10914001292489256,0.0,0.0,0.1753860069356031,0.0,0.0,0.5495842912078429,0.23923074129754948,0.0,2.25504991940673,0.0,0.4428043401250586,4.17085598298196,2.8550933423191456,0.0,0.0,0.0,0.42053113575429796
0.04865484938636321,0.0,0.0791444091866618,0.0,0.0,0.0,0.0,0.3543660166692211,0.0,0.0,0.8918382137648908,0.0,0.4896365369532365,1.1204500574644505,0.0,0.8518634991054285,0.8430737205934666,1.8584503868800955,0.0,0.0,0.0,0.0
0.05053153303240793,0.11678544919556327,0.0,0.0,0.0,0.0,0.0,0.0,0.0,0.0,1.1737684454956696,0.0,0.0,0.4017894096960966,0.0,0.8498735370461923,1.342711843622951,1.048459780962581,0.0,0.0,0.0,0.0
0.0,0.0,0.0,0.0,0.0,0.0,0.0,0.0,0.0,0.0,0.8088516845509226,1.0150008204463854,0.0,0.0,0.0,0.21973295855297345,1.5651402459739785,1.4449797492311374,0.8745019714088099,0.0,0.0,0.0
0.038442584980892994,0.12366551003122636,0.1736810847368031,0.377352202618958,0.48372576111798066,0.0,0.0,0.35299310733655476,0.0,0.0,1.006818900086198,0.42005632044891794,0.0,1.8092439498511095,0.0,0.276752679696174,2.1808917423985963,2.7535413851854305,1.280116054352164,1.1492038464061554,0.0,0.1993521957503515
0.05134230536528353,0.19942163884214562,0.0,0.0,0.0,0.0,0.0,0.22307942940022513,0.0,0.0,1.0623612851269593,0.0,0.0,1.769240462030904,0.0,0.9055832028319577,2.963936124417678,4.418372625257493,0.0,0.0,0.0,0.3201324993875937
0.09541082924094749,0.0,0.0,0.0,0.0,0.0,0.0,0.4241657804687129,0.0,0.0,0.7249006933441939,0.0,0.0,0.7125822150193437,0.0,0.7352500042505834,0.2464186903679736,0.8086425898082166,0.0,1.1064253006147533,0.0,0.6087035986295265
0.07887998587656835,0.17968633456785876,0.0,0.0,0.4195513633932493,0.0,0.0,0.0,0.0,0.0,0.8655671790032602,0.24023358825167904,0.0,2.6770425710709436,0.0,1.0746127163397698,3.436496835755041,2.590066393452937,0.0,0.0,0.0,0.0
0.022348540404440318,0.0,0.0,0.0,0.0,0.0,0.0,0.0,0.0,0.0,0.4046922877497272,0.12285575076243786,0.0,0.0,0.0,0.4798549162906925,0.9703157439592833,0.5107223047035083,0.3177795307527478,0.0,0.0,0.0
0.02858918680845426,0.0,0.0,0.0,0.5990813499976045,0.0,0.0,0.36526312670245825,0.0,0.0,0.5462535517656829,0.0,0.0,0.0,0.0,0.8026130323372465,0.0,0.2630306851305554,0.30567176435392224,0.0,0.0,0.0
0.08141384623563187,0.0,0.0,0.0,0.0,0.0,0.0,0.0,0.0,0.0,0.8539463052893889,0.0,0.0,0.0,0.0,0.89196060420967,0.0,0.0,0.0,0.0,0.0,0.0
0.0344346470242147,0.0,0.0,0.0,0.0,0.0,0.0,0.0,0.0,0.0,0.38010025453307095,0.0,0.0,0.0,0.0,0.3776134703451081,0.0,0.0,0.0,0.0,0.0,0.0
0.0,0.0,0.0,0.0,0.0,0.0,0.0,0.0,0.0,0.0,0.1931893753006093,0.0,0.0,0.0,0.0,0.2986037972946647,0.0,0.0,0.0,1.4403263387369503,0.0,2.1762288851324407
0.0,0.0,0.0,0.0,0.0,0.0,0.0,0.0,0.0,0.0,0.16800607471836038,0.0,0.0,0.0,0.0,0.38871596867917696,0.0,0.0,0.0,0.0,0.0,0.0
0.0,0.0,0.0,0.0,0.0,1.0106597491813603,0.0,0.0,0.0,0.0,0.8537309862497521,0.0,0.0,0.0,0.0,1.1127332980773397,0.0,0.0,0.0,0.0,0.0,0.0
0.10929238339567919,0.0,0.0,0.0,0.0,0.0,0.0,0.0,0.0,0.0,0.8354281171059719,0.0,0.0,0.0,0.0,0.16150691636292946,0.43564153245294895,0.8342957230894954,0.0,0.0,0.0,0.9616965930767828
0.0,0.0,0.08886761240144361,0.0,0.0,0.0,0.0,0.0,0.0,0.0,0.04783992382669965,0.27508558209197703,0.0,0.0,0.0,0.42305351546125514,0.0,0.0,0.0,0.0,0.0,0.0
0.06979277263859152,0.0,0.0,0.0,0.0,0.0,0.0,0.0019526073139803203,0.0,0.0,0.08116082147738699,0.0,0.0,0.0,0.0,0.005904983654866005,0.0,0.0,0.0,0.3670761192575202,0.0,0.34647540540762833
0.04433784453448999,0.0,0.0,0.0,0.0,0.0,0.0,0.22766765393560398,0.0,0.0,0.17029986004492775,0.0,0.0,0.0,0.0,0.0,0.0,0.23116851356279464,0.0,1.4113902304152586,0.0,0.8439537763822113
0.3016597767809184,0.12587725276360523,0.13836982418111315,0.0,0.0,0.11556109087186354,0.0,0.0,0.0,0.0,0.34361272128564996,0.2335437229207358,0.8545460018956138,0.3082619314773606,0.0,0.12583486811976266,0.0,0.06048807073189855,0.0,0.0,0.0,0.0
0.05964237613141784,0.13330138054218213,0.2526805662868469,0.3178071239472308,1.7244947885837822,0.0,0.0,0.0,0.0,0.0,0.631369502949148,0.37156294551116464,0.0,0.26522585902876733,0.0,0.07954494064519003,0.0,0.28074193145357856,0.0,0.0,0.0,0.0
0.08001178524258198,0.0,0.03861771571391958,0.0,0.9195480036599425,0.18527648507347114,0.0,0.12073010887847907,1.5131650516090343,0.0,0.28328228227428165,0.0,0.0,0.3962390939635916,0.0,0.0,0.0,0.014301554204821503,1.3590088418214707,0.0,3.452753116304838,0.17325502226053666
0.0,0.0,0.0,0.0,0.8590701838759945,0.0,0.0,0.0,0.0,0.0,0.1281622153575068,0.0,0.0,0.0,0.0,0.1278378006485784,0.0,0.0,0.0,0.0,0.0,0.6131987186662752
0.05385358063242736,0.0,0.0,0.0,0.0,0.0,0.0,0.0,0.0,0.0,0.5282969552606362,0.5355190740531802,0.0,0.0,0.0,0.18570179447057836,0.0,0.5841935415641758,0.0,0.0,0.0,1.6302240517187494
0.1607544648923116,0.0918526920906113,0.0,0.7614032383353904,0.0,0.0,0.0,0.5415174043822522,0.0,0.0,2.3929520602203795,1.6015118272210784,1.140189121901198,0.0,0.0,0.6374194550336211,0.5006955453945332,0.6182111892337994,0.0,0.0,0.0,0.0
0.15877713062734392,0.09826721863241145,0.05113260223376251,0.2480485040695354,0.535018791506083,0.0,0.0,0.0,0.0,0.0,2.9664081638325954,2.0995563029185926,0.0,0.11411320946389081,0.0,1.4220352113199,0.0,0.9614863409349045,0.0,0.5143621002202876,0.0,0.0
0.20607090314860144,0.2132049568715634,0.12083431541971298,1.4086423463341293,1.1734952252188946,0.0,0.0,0.0,0.0,0.0,2.7405115064724903,1.4205936063167992,1.4473897346733222,0.0,0.0,0.9860438152517124,0.0,0.4917836073566785,0.0,0.0,0.0,0.0
0.10796201106503953,0.0,0.0,0.3312081742138603,0.0,0.0,0.0,0.8221994847281058,0.0,0.0,3.163415750669445,2.2103336015236255,0.0,0.0,0.0,1.5818148949915805,0.8457501833244239,0.5278579322411506,0.0,0.0,0.0,0.0
0.274431685430474,0.0,0.0,0.11892762333330602,0.22926344490495074,0.0,0.0,0.839402057287874,0.0,0.0,3.5274373542858872,2.3812903101736875,1.7358477721621148,0.0,1.8107172247102157,1.4014352107819932,0.3422376199810137,1.5794152091650935,0.6982598815476118,0.0,0.0,0.0
0.38300688596562943,0.0,0.0,0.0,0.0,0.0,0.0,0.8024156803740046,0.0,0.0,2.2928632540527167,1.3812694958020442,1.2085181632165418,0.0,0.0,0.5940227554701666,0.0,0.2251594178233298,0.48770635973931187,0.0,0.0,0.0
0.33224830818989537,0.0,0.0,0.0,0.0,0.37098917058104697,0.0,0.4897819332807825,0.0,0.0,0.632139042103222,0.0,0.6825639296893831,0.0,0.0,2.297908043398227,0.0,0.0,0.0,0.0,0.0,0.5099020919130024
0.20019236291361553,0.0,0.0,0.0,0.0799073805389813,0.0,0.0,0.0,0.0,0.0,2.8579304853021155,0.5914273549190388,0.0,0.2958657323280242,0.0,3.063238619083709,0.0,0.354160351499769,0.4568885357349795,0.1620064113950406,0.0,0.6329171463889856
0.17105920821966508,0.0,0.0,0.0,0.0,0.0,0.0,0.2806590868063665,0.0,0.0,3.35423019190148,0.5324345219412838,0.6935994656678428,0.009173253434925368,0.0,3.262553625200421,0.0,0.4129310766860523,0.9644012604022832,0.0,0.0,0.0
0.28035990171740466,0.0,0.0,0.24912971239424989,0.7265358885938089,0.0,0.0,0.3283829493480528,0.0,0.0,2.464558104186655,0.0,0.0,0.0,0.0,1.9582621357287682,0.0,0.3272130908534759,0.0,0.0,0.0,0.0
0.13152667614110491,0.0,0.0,0.0,1.3724546144826428,0.0,0.0,0.0,0.0,0.0,1.9347860744263785,0.0,0.13954135281848115,0.0,0.0,2.130659877480434,0.0,0.03808836689937527,0.0,0.0,0.0,0.0
0.06829958356817042,0.0,0.0,0.0,0.12925867348325717,0.0,0.0,1.1814651031666186,0.0,0.0,0.5717472520043443,0.0,0.0,0.16869871064851627,0.0,0.6495629635773689,0.0,0.11228454984516487,0.29191558084712116,0.0,0.0,0.0
0.014218706683243171,0.034736793662565546,0.010887497349211388,0.0,0.17891499013096157,0.0,0.0,0.2538679257387735,0.0,0.0,1.105010355710431,0.0,0.6425523711908719,2.563376671294976,0.6582750147219002,1.6253833569321932,1.1079813142490067,1.570291990146826,0.42055608416196083,0.0,0.0,0.0
0.13144406928028224,0.0017030283299845836,0.0,0.0,0.4525219576902441,0.0,0.0,0.0,0.0,0.0,1.2488599438828527,0.005784699498938343,0.0,0.8692148241433079,0.0,0.5953150571189559,1.3335689463974947,2.8165728744213094,0.0,0.0,0.0,0.0
0.029873227882236404,0.38359668484712944,0.0,0.0,0.0,0.0,0.0,0.0,0.0,0.0,0.9385047903693068,0.0,0.0,1.8283152700428864,0.0,1.0591907185669003,3.989815931966515,2.3946322377639406,0.3258382596733151,0.0,0.0,0.0
0.03365631288802374,0.0,0.0,0.0,0.3089289927540831,0.0,0.0,0.4266277099734735,0.0,0.0,0.9247052485474216,0.0,0.0,1.3470668387044653,0.0,0.4019309905862277,3.1529793328711877,1.5693449564855415,0.0,0.0,0.0,0.0
0.0,0.0,0.01368693956532849,0.0,0.0,0.0,0.0,0.31163086250310423,0.0,0.0,0.8570154603543305,0.0,0.08467592037297186,1.3794430024464837,0.0,0.9539548189053284,0.4187070749790482,1.6722930218879908,1.6088557705243576,0.0,0.0,1.3710959911784044
0.0,0.1663683075885194,0.0,0.0,0.0,0.0,0.0,0.0,0.420821953717822,0.0,0.9944830010717923,0.0,0.0,6.953277798463774,0.0,0.21635863354987267,0.3553558354199636,2.0425435195492065,0.0,0.0,0.0,0.0
0.0452234602118054,0.13623855554361003,0.0,0.24918335622693033,0.0,0.0,0.0,0.09355994001444472,0.0,0.0,1.3404117785149046,0.0,0.7375577764862099,1.3214102114553041,0.0,0.6212886679124437,2.8352520347677417,2.4465556775650374,0.744892809592026,0.0,0.0,0.0
0.2182076842487791,0.12373354823810308,0.03517414673258992,0.0,0.0,0.0,0.0,0.29828721859649415,0.0,0.0,0.7456215122881539,0.42028742675190706,0.0,1.147996274733345,0.0,0.6666373154797166,1.6446906568916713,1.0611699956014242,0.0,0.0,0.0,0.6020499738577357
0.0728935078507146,0.13952589981463653,0.0,0.0,0.0,0.0,0.0,0.3466633021974638,0.0,0.0,1.3229104781947432,0.0,0.0,3.5728420985930143,0.0,1.4897142151372376,1.9824511158394278,2.3087361024808275,0.0,0.0,0.0,0.0
0.07440988668819676,0.07783809266634228,0.0,0.0,0.0,0.0,0.0,0.9021037513499199,0.0,0.0,0.9027652438840162,0.0,0.0,4.700227280429254,0.0,1.3940814653814921,0.638955166728157,0.9389695301677603,0.0,0.0,0.0,0.0
0.09143072454281315,0.0,0.09706484327337664,0.0,0.0,0.0,0.0,0.4633242380791363,0.0,0.0,0.5103327331898823,0.0,0.30671312363968056,0.4305801908984729,0.0,0.11764134569307613,0.9205078021959398,0.0,0.0,0.0,0.0,0.030192431952418552
0.0707075941303235,0.0,0.0,0.0,0.9860458162994242,0.342267848102045,0.0,0.0,0.0,0.0,0.29531132379691605,0.5550744695154406,0.18081661588699532,0.0,0.0,0.24115200683431506,0.0,0.0,0.0,0.0,0.0,0.0
0.28726137902328264,0.1740334448342777,0.0,0.0,0.9475302611868675,0.0,0.0,0.5550960451299262,0.0,0.0,0.9259080956970545,0.5517706040874293,0.0,0.0,0.0,0.9234037927300773,0.0,0.0,0.0,0.0,0.0,0.0
0.0,0.0,0.0,0.0,0.49898935369891906,0.0,0.0,1.2173613729120059,0.0,0.0,0.9304246433950558,0.0,0.0,0.0,0.0,0.02007426960968722,0.0,0.0,0.0,0.0,0.0,0.0
0.07954790788238769,0.0,0.0,0.0,0.0,0.0,0.0,0.3049213388481081,0.0,0.0,0.3312403852356206,0.0,0.0,0.0,0.0,0.12386543771922687,0.0,0.0,0.0,0.0,0.0,0.0
0.07303754710642024,0.0,0.0,0.0,0.0,1.3501408857541386,0.0,0.0,0.0,0.0,0.08288929338440916,0.0,0.0,0.0,0.0,0.0,0.0,0.0,2.3541003774381353,0.0,0.0,0.0
0.0,0.0,0.0,0.0,0.0,0.0,0.0,0.0,0.6745666150123398,0.0,0.2903265913976968,0.0,0.0,0.0,0.0,0.0,0.0,0.0,0.0,0.0,0.0,0.0
0.0,0.0,0.0,0.0,0.0,0.0,0.0,0.0,0.0,0.0,1.625025155951726,0.0,0.0,0.0,0.0,0.9408009326897075,0.0,0.0,0.0,0.0,0.0,0.0
0.14105763827447287,0.0,0.0,0.0,0.0,0.0,0.0,0.0,1.1876753424238788,0.0,0.6120407011629669,0.0,0.0,0.0,0.0,0.1878447379301222,0.5878128866807731,0.3632530119590992,0.0,0.0,0.0,0.0
0.06382081315326785,0.0,0.0,0.0,0.0,0.2610893250736192,0.0,0.25006012069199973,0.0,0.0,0.7897344063304278,0.0,0.0,0.0,0.0,1.5013323030356769,0.0,0.20264054989294406,0.0,0.0,0.0,0.7309905779800278
0.19628550348740104,0.0,0.19508820567736568,0.0,0.0,0.3921486596159553,0.0,0.05329990391877053,0.0,0.0,0.7245764744509686,0.619726622749044,0.0,0.0,0.0,0.48634094671874517,0.0,0.2965641106023048,0.0,0.0,0.0,0.0
0.18502195956560158,0.0,0.06086744053285693,0.03295003408715661,0.0,0.048926753661241607,0.0,1.1488892295872668,0.0,0.0,0.15749983136992682,0.18841234570129792,0.0,0.0,0.0,0.0,0.0,0.025609700581875738,0.0,0.0,0.0,0.0
0.07513298535828952,0.04118767307144142,0.0,0.0,0.0,0.0,0.0,0.0,0.0,0.0,0.3588360418984948,0.0,0.0,0.3277012067200953,0.0,0.4868702703033547,0.0,0.0,0.9166716451405176,0.0,0.0,0.0
0.7113637941407545,0.0,0.0,0.0,0.22206508069324418,0.4415807139471484,0.0,0.5869694878157447,0.0,0.0,1.0017047380791124,0.0,0.0,0.0,1.09664220273066,0.6346223686910903,0.0,0.0,0.2509402887729127,0.0,0.0,0.0
0.19063559279644127,0.0,0.0,0.0,0.9097333213514283,0.0,0.0,0.4689890814351764,0.0,0.0,0.41501182406395903,0.0,0.0,0.0,0.0,0.18624687419745206,0.0,0.0,0.0,0.0,0.0,0.0
0.06517588961213225,0.15195149513065367,0.12890559377294084,0.0,0.18128930076711883,0.5820993238761755,0.0,0.0,0.0,0.0,0.3020235686377539,0.0,0.0,0.0,0.0,0.12252189169875571,0.0,0.0,0.204862418458231,0.0,0.0,0.0
0.08094250159976997,0.18706945625970228,0.0,0.0,0.9707278046135092,0.0,0.0,0.4024353802906157,0.0,0.0,1.9526349091129354,0.0,0.0,0.0,0.0,1.7596291961997628,0.0,0.21993732271324742,0.0,0.0,0.0,0.5775191575521466
0.08826174976263598,0.12632008020640592,0.0,0.0,0.1884987878333941,0.0,0.0,0.0,0.0,0.0,1.9004781996921523,0.22903908289278047,0.0,0.0,0.7761573317510247,1.6622284574697672,0.0007277527636029432,0.07481595282896548,0.0,0.0,0.0,0.0
0.1284215444074619,0.0,0.0,0.0,0.25072006490715354,0.0,0.0,0.06109189420249296,0.0,0.0,1.7650286562578708,2.203728603538111,0.0,0.23860047399601766,0.0,2.0431582825861088,0.12554552279293105,0.0,0.6968930404553993,0.0,0.0,0.0
0.02702731802973744,0.0,0.17575888770890347,0.0,0.0,0.0,0.0,0.0,0.0,0.0,1.0920315436950538,0.6086720621999592,0.0,0.28586232962054486,0.0,0.6251341212013433,0.0,0.43253875664263836,0.0,0.0,0.0,0.0
0.00792170050597235,0.0,0.0,0.2220707726394464,0.0,0.0,0.0,0.0,0.0,0.0,1.3335552088948188,0.12433908575063812,0.0,0.0,0.0,0.23763268308892382,0.0,0.033925190424345886,0.0,0.0,0.0,0.0
0.14778099842338777,0.2883795484522013,0.0,1.5750072051233943,0.0,0.0,0.0,0.0,0.0,0.0,3.1493913401231874,4.181909097690113,0.0,0.0,1.1575911691072962,2.220305906595316,0.9774832651976781,0.4318759718823056,0.0,0.0,0.0,0.0
0.32886975591931045,0.0,0.0,0.3672786991447119,0.03011148721694169,0.0,0.0,0.24274824961090755,0.0,0.0,2.744507438706396,2.207849610716965,0.4140344386467415,0.0,0.0,1.4075373637870567,0.0,1.0683822684241786,0.4711264187328062,1.3052458243287075,0.0,0.0
0.1645548545639622,0.0,0.0,0.0,0.0,0.0,0.0,0.16242240374516342,0.0,0.0,2.8258182803862457,0.1627159139416959,0.0,0.2775671839628662,0.0,1.6567190682027189,0.0,0.7428300609472129,0.10418503556225407,0.0,0.0,0.0
0.06726654869643227,0.0,0.0,0.0,0.6170702605562973,0.0,0.0,0.0,0.0,0.0,1.0940132517994159,0.0,0.0,0.3484946838580472,0.0,0.5471875131861323,0.4823567847953673,0.11627891313542647,0.04027225313198712,0.0,0.0,0.0
0.06497347670422605,0.0,0.0,0.0,0.0,0.0,0.0,0.30234636352973904,0.0,0.0,1.1292706400271324,0.0,0.0,0.0,0.0,0.9865535598160377,0.005506552064881319,0.006642744979181184,0.006632819418663282,0.0,0.0,0.43388535329213856
0.0,0.0,0.0,0.0,0.0,0.0,0.0,0.0,0.0,0.0,2.0024151397624346,0.0,0.0,0.0,0.0,1.674181725727494,0.0,0.0,0.0,0.0,0.0,0.0
0.08405376505349793,0.11266664466407131,0.0,0.2754853111599366,0.0,0.0,0.0,0.0,0.0,0.0,0.9696337275876814,0.0,0.0,0.0,0.0,1.202820703384205,0.0,0.14635399423738993,0.0,0.0,0.0,0.0
0.0,0.0,0.0,0.0,0.0,0.0,0.0,0.0,0.0,0.0,1.0703118611839693,0.4759807947487742,0.0,0.10298483985555199,0.0,1.37839258271294,0.1364187446355896,0.34281225870169946,0.6543415879717274,0.0,0.0,0.5085732728325617
0.1797709402244776,0.0,0.0,0.0,0.0,0.0,0.0,0.2941399257516995,0.0,0.0,0.8585818528452076,2.102412887222737,0.0,0.4849376815701956,0.0,1.256585112123559,0.0,0.22509047003580362,0.0,0.0,0.0,0.0
0.0,0.0,0.0,0.0,2.0440642577644543,0.0,0.0,0.0,0.0,0.0,0.9641764021908702,0.0,0.0,0.0,0.0,2.4362186950598286,1.2295627799004587,0.31303840434590546,0.0,0.0,0.0,0.0
0.0,0.2257297419099827,0.0,0.0,0.0,0.0,0.0,0.0,0.0,0.0,0.7176273342580797,0.0,0.0,2.829996397064258,0.0,1.021312655085007,0.7651272302722645,2.904515514041075,0.690528724251825,0.0,0.0,0.0
0.0,0.37617923454569996,0.0,0.0,0.0,0.0,0.0,0.0,0.0,0.0,2.2605939287854975,0.0,0.0,7.079437884727977,0.0,2.0045689383142875,3.1474031335415904,3.9126185256362347,0.0,0.0,0.0,0.0
0.0,0.0,0.0,0.0,0.0,0.0,0.0,0.0,0.0,0.0,0.25433272357616626,0.0,0.0,0.4786058848277067,0.0,0.2631518879158351,0.12424592130437333,0.06793829283360389,0.0,0.0,0.0,0.0
0.10736018272360022,0.0,0.0,0.0,0.0,0.0,0.0,0.3190761982123588,0.0,0.0,1.1101376073214138,0.2802364826433776,0.6388630419439828,5.874098195432748,1.2297320625158104,2.7020267966091875,2.9698296410758873,4.38087678269115,0.0,0.0,0.0,0.0
0.09842516512435474,0.16907666050569195,0.0,0.0,0.0,0.0,0.0,0.0,0.0,0.0,0.9627682135710628,0.0,0.0,1.7578676552273138,0.0,1.6937063379765087,1.4644964132985194,4.239142495514948,3.8175969758580877,0.0,0.0,0.0
0.34274780332088906,0.012774662856136007,0.0,0.0,0.0,0.0,0.0,0.5327172893791865,0.0,0.0,1.9773797341526145,0.980291854091395,0.0,1.4124012053356132,0.0,2.489205768043517,5.62879095707991,5.151838334968009,0.0,0.0,0.0,0.0
0.01067931843952905,0.09975519868883821,0.027083476611179404,0.0,0.0,0.0,0.0,0.15740722003916954,0.0,0.0,1.3919944020486803,0.0,0.0,2.073435559733443,0.0,0.5029490550745207,3.8639514140988025,4.318035133250626,0.05337532715946842,0.0,0.0,0.0
0.09442406517948446,0.09189122042148451,0.0,0.0,0.5003044798065156,0.0,0.0,0.019154706015421817,0.0,0.0,1.0377413531481232,0.0,0.0,0.5692232701880909,0.0,0.7469079082185182,3.306292660803958,3.729391511823613,0.0,0.0,0.0,0.0
0.033983098792263605,0.0,0.08618344574396439,0.0,0.1764410869229589,0.0,0.0,0.0,0.0,0.0,0.37706764655208347,0.0,0.0,0.5765961479910476,0.0,0.0,0.4830992378875726,0.060050546745337115,0.1993837894982509,0.0,0.0,0.0
0.09519959699819679,0.0,0.02813366759198017,0.0,0.0,0.0,0.0,0.6797460854395772,0.0,0.0,1.0007887780367404,0.6374469619793607,0.0,0.4281800256397276,0.0,0.29235554214278103,0.0,0.0,0.0,0.0,0.0,0.8507438912314756
0.06345407963480677,0.0,0.0,0.0,0.0,0.0,0.0,0.25522938536242384,0.0,0.0,0.47553252466828266,0.4981323438464409,0.0,0.0,0.0,0.2556908338258044,0.0,0.0,0.0,0.0,0.0,0.0
0.0,0.0,0.0,0.11376964983708114,0.0,0.7173217105639975,0.0,0.0,0.0,0.0,0.231112683002724,0.0,0.0,0.0,0.0,0.2399562415275857,0.0,0.0,0.0,0.0,0.0,0.0
0.047688266883533365,0.0,0.0,0.0,0.0,0.0,0.0,0.2546464721505988,0.0,0.0,0.5194937083480418,0.5159161484136756,0.0,0.0,0.0,0.0,0.0,0.0,0.0,0.0,0.0,0.0
0.3683602382632821,0.0,0.0,0.0,0.0,0.0,0.0,0.4176980890491869,0.0,0.0,0.18455998904239995,0.0,0.27123587897597423,0.0,0.0,0.24656307604103184,0.0,0.0,0.0,0.0,0.0,0.0
0.05351628706247323,0.0,0.2058071754041682,0.0,0.0,0.0,0.0,0.0,0.0,0.0,0.044237982425391294,0.0,0.0,0.0,0.0,0.0,0.0,0.0,0.0,0.0,0.0,0.0
0.12491799081512175,0.0,0.0,0.0,0.0,0.0,0.0,0.0,0.0,0.0,0.014728560564619202,0.0,0.0,0.0,0.0,0.0,0.0,0.0,0.0,0.0,0.0,0.0
0.0,0.0,0.0,0.0,0.0,0.0,0.0,0.0,0.0,0.0,0.2708535664345405,0.0,0.0,0.0,0.0,0.0,0.0,0.0,0.0,0.0,0.0,0.0
0.27059271217950837,0.0,0.0,0.0,0.0,0.0,0.0,1.3088096226145436,0.0,0.0,0.7163547583445393,1.0621412976528102,0.0,0.0,0.0,1.6838784953367982,0.5288111825470848,0.2890902006643603,0.0,0.0,0.0,0.0
0.0,0.19727573149888203,0.0,0.0,0.0,0.0,0.0,0.5934844368507718,0.0,0.0,0.6830308923869611,1.0045015005237032,0.0,0.42865425557405357,0.0,0.3749894233298795,0.0,0.3655537774012105,0.0,0.0,0.0,0.0
0.08954352508544886,0.0,0.0,0.17427986556665792,0.0,0.0,0.0,0.0,0.0,0.0,0.3868460105768877,0.0,0.0,0.17901559842841466,0.0,0.35850892834023596,0.7156948536344906,0.0,0.7881490866922248,0.0,0.0,0.0
0.09209027755054999,0.0,0.0,0.0,0.0,0.0,0.0,0.0,0.0,0.0,0.216770595199698,0.37549238316104977,0.0,0.0,0.0,0.32666001282737483,0.0,0.0,0.0,0.0,0.0,0.5431004062259864
0.07447710731368747,0.0,0.0,0.0,0.0,0.11158942561866822,0.0,0.0,0.0,0.0,0.3177848995605731,0.0,0.0,0.0,0.0,0.16407152475121697,0.0,0.18266672424427466,0.0,0.6679834776537521,0.0,0.47965270922164227
0.07059292610029869,0.0,0.0,0.0,0.0,0.20860527673260798,0.0,0.0,0.0,0.0,0.7265416714728017,0.0,0.0,0.0,0.0,0.48231642356591237,0.0,0.0,0.0,0.0,0.0,0.0
0.0,0.0,0.0,0.0,0.0,0.0,0.0,0.0,0.0,0.0,0.3751701616865413,0.0,0.0,0.0,0.0,1.321508888730251,0.0,0.0,0.0,0.0,0.0,0.0
0.0,0.0,0.0,0.0,2.0974980357086848,0.0,0.0,0.0,0.0,0.0,1.2379607418335496,0.18227443730682583,0.0,0.0,0.0,1.5226532045163448,0.0,0.0,0.3586323543269831,0.0,0.0,0.0
0.12769858603231624,0.0,0.0,0.0,0.17660967435767702,0.5210910386333324,0.0,0.0,0.0,0.0,1.0911096141599117,0.0,0.0,0.0,0.0,0.5540512036477887,0.0,0.0,0.19957429842211943,1.3254589277293547,0.0,0.5636410578864339
0.17169060147083917,0.0,0.0,0.0,0.0,0.0,0.0,0.5436718474227024,0.0,0.0,1.5072913590586676,0.0,0.0,0.21402470751187957,0.0,0.8425596282454697,0.0,0.0,0.3063668751863465,0.0,0.0,0.0
0.15578750770135388,0.10179178032276202,0.0,0.0,0.0,0.0,0.0,1.4916575037207287,0.0,0.0,1.4997777784618884,0.0,0.0,0.3592928257849721,0.0,3.2010714029770257,0.0,0.2399051827319868,0.0,0.0,0.0,0.4952879760978135
0.012822368324533269,0.0,0.0,0.0,0.0,0.0,0.0,0.9674192132726601,0.0,0.0,1.2425025903235012,0.0,0.0,0.0,0.0,1.0961502911835714,0.37937666968673733,0.39066881422476046,0.0,0.0,0.0,0.0
0.1595072131373077,0.15520029681003478,0.0,0.0,0.0,0.0,0.0,1.2575255105438894,0.0,0.0,1.8463030143113581,0.18084991136219558,0.0,0.0,0.0,1.6159491233322951,0.3207593619471613,0.0,0.0,0.0,2.6223350679353765,0.0
0.03794922072387902,0.0,0.0,0.0,0.5496713831390351,0.0,0.0,0.0,0.0,0.0,1.4915072647881555,0.5787080521341932,0.027793292829896874,0.0,0.05735261327788176,2.5362232523834587,0.25306324424286003,0.16421794531540668,0.3721237145622646,0.0,0.0,0.7578705622383455
0.3074432346108988,0.0,0.07561655541733982,0.6487443836105342,0.3751825645371272,0.6060485343927958,0.0,0.013758509539100086,0.0,0.0,4.077904681961137,2.0208626337069027,0.0,0.0,0.0,2.526704435484244,0.683863966285132,1.455307507059972,1.8221456514963732,0.0,0.0,0.0
0.35123542865162605,0.024248046386035883,0.0,0.1233337157487199,0.0,0.0,0.0,0.350716506364921,0.0,0.0,2.8186033765172054,0.6765644838007897,0.0,0.0,0.0,1.095567565337442,0.0,0.19168740283397648,0.0,0.26765935937309226,0.0,0.08646296479174687
0.20425613627448774,0.0,0.13377295119461186,0.46766629804947846,0.0,0.0,0.0,0.9444561006505305,0.0,0.0,1.126215903596843,0.6171509727073823,0.0,0.0,1.1905589481313843,0.7680476317020535,0.0,0.2258974390216495,0.2387660622470341,0.0,0.0,0.3146043719660221
0.17039077645784903,0.0,0.15086378550270452,0.0,0.0,0.24586602478555666,0.0,0.35979346579780813,0.0,0.0,0.5378008678948871,0.29022256373415684,0.0,0.1700793726540536,0.0,0.8385933832342128,0.0,0.15832513134325776,0.0,0.0,0.0,0.0
0.04697473294497443,0.0,0.0,0.0,0.0,0.0,0.0,0.6619043545504252,0.0,0.0,1.031138499122874,0.0,0.0,0.0179148971182829,0.0,0.42487471264765136,0.5515515496158209,0.0,0.0,0.0,0.0,0.0
0.18514044628082366,0.0,0.0,0.0,0.0,0.0,0.0,0.2823441803164748,0.0,0.0,1.70232340080235,0.0,0.0,0.058311992718153266,0.0,1.081019329930884,0.0,0.03793762633840671,0.0,0.0,0.0,0.09328194464818022
0.08001952286937768,0.12130154445424997,0.12947219946362137,0.0,0.0,0.0,0.0,0.0,0.0,0.0,0.628148434663833,0.0,0.0,0.8662124244188831,0.0,1.2362910490061112,1.8012403780885795,0.3560740991179451,0.7463058125777223,0.0,0.0,0.0
0.06797732359834685,0.0,0.0,0.374558195286843,0.6577322734638092,0.0,0.0,0.0,0.0,0.0,0.9175652171102787,0.0,0.0,0.2958430828006985,0.0,1.0086777213552744,0.0,0.0,0.0,0.0,0.0,0.0
0.2699031493993854,0.0,0.0,0.0,0.7275081961061679,0.0,0.0,0.22915019164743286,0.0,0.0,1.340946047903901,0.0,0.0,0.0,0.0,2.957550837198748,0.0,0.1936983864127235,0.41581091375920803,0.13784884823922441,0.0,0.0
0.05129894515958237,0.0,0.0,0.0,0.009500895763805837,0.0,0.0,0.018074501217864695,0.0,0.0,0.4073931217662341,0.0,0.0,0.17052942443486116,0.0,0.9471585047281843,0.5675329102289465,0.24322190063443383,0.0,0.01926237623296454,0.0,0.5509344089328264
0.06936498594874367,0.3481603430631975,0.06421689940244418,0.15373512844007986,0.0,0.0,0.0,0.31205875359452945,0.0,0.0,1.3109095628690755,0.3353720186384111,0.0,2.038510654799697,0.0,1.6928553034404499,2.345863675583137,2.4654778557215966,0.8695016133481366,0.0,0.0,0.31375395493530733
0.16972737662860582,0.0,0.0,0.0,0.0,0.0,0.0,0.0,0.0,0.0,0.3867811753747767,0.0,0.0,2.9283890747684955,0.0,0.8872569438117417,2.8826735837473327,0.9356039116271124,0.0,1.4952697585825718,0.0,0.0
0.10711476459039077,0.029458848708454506,0.03232588208613325,0.0,0.0,0.0,0.0,0.7783188589095179,0.0,0.0,0.4994111998492642,0.0,0.0,0.5086413502678248,0.0,0.4845998222274529,0.5124959115268306,1.5129044541016807,0.0,0.8108667115219454,0.0,0.0
0.05843324134397139,0.0,0.0,0.0,0.07666883281342637,0.0,0.0,0.4101443144245091,0.0,0.0,0.7560260798599836,0.0,0.0,0.6415294146178747,0.0,0.70796655160009,0.0,0.7981269497390078,0.0,0.0,0.0,0.4789472712456448
0.03984764795278583,0.10399849283509033,0.08526118121394907,0.0,0.0,0.0,0.0,0.0,0.0,0.0,0.5691335792107813,0.3532530955600344,0.0,0.5068746934919305,0.9403561734209394,0.44732316796080485,0.9207060173171344,0.4356965354219471,1.2064528172121574,0.0,0.0,0.0
0.006801383695142778,0.0,0.259762666852634,0.0,0.0,0.0,0.0,0.5715634714807272,0.0,0.0,0.5781317338612433,0.0,0.0,0.7029602704748728,0.0,0.35271288961567987,0.48666348730705217,1.1102695534917726,0.0,0.0,0.0,0.0
0.07958362038667771,0.0,0.0,0.0,0.0,0.0,0.0,0.0,0.0,0.0,0.4022796017692035,0.0,0.0,0.47425204583462693,0.0,0.522465217717461,0.30471601285099925,1.081165732689872,0.0,0.0,0.0,0.0
0.03578819010661849,0.0,0.0,0.0,0.10945525041316118,0.0,0.0,0.0,0.0,0.0,0.67557389593522,0.0,0.0,0.2025529796752078,0.0,0.7596385924532119,0.5348351941650327,0.6127778239097664,1.4476040011883553,0.0,0.0,0.24654945362639072
0.0,0.0,0.0,0.0,0.0,0.0,0.0,0.0,0.0,0.0,1.0949754354202164,0.0,0.0,0.0,0.0,0.05615707004944499,0.0,0.0,0.0,0.0,0.0,1.0074530545574245
0.10894710011089528,0.0,0.0,0.0,0.5155035395817935,0.0,0.0,0.9982173273785451,0.0,0.0,0.7174062013741749,0.0,0.0,0.0,0.0,0.3642755441855234,0.0,0.0,0.0,0.0,0.0,0.6958629091974203
0.0972262785320221,0.0,0.0,0.0,0.9710546777477933,0.0,0.0,0.0,0.0,0.0,0.2565330344709046,0.9054365982808876,0.0,0.0,0.0,0.8841618815880641,0.0,0.0,0.0,0.0,0.0,0.0
0.10318629937859791,0.0,0.0,0.0,0.0,0.0,0.0,0.0,0.0,0.0,0.5612693909244257,0.0,0.0,0.0,0.0,0.41983316601743403,0.0,0.0,1.1789915749057618,0.0,0.0,0.0
0.0,0.0,0.0,0.0,0.0,0.0,0.0,0.8560418168011932,0.0,0.0,0.2901583213030803,0.0,0.0,0.0,0.0,0.4245173008515905,0.0,0.0,0.0,0.0,0.0,0.0
0.020989882243719647,0.0,0.373034985739585,0.0,0.0,0.0,0.0,0.16447924277111745,0.0,0.0,0.2448555271166664,0.0,0.3293248132017165,0.0,0.0,0.06531867382230022,0.0,0.0,0.0,0.0,0.0,0.0
0.20345057409235265,0.0,0.0,0.0,0.0,0.0,0.0,0.0,0.0,0.0,0.16190109631919647,0.0,0.0,0.0,0.0,0.0,0.0,0.0,0.0,0.0,0.0,0.0
0.1682823139329516,0.0,0.0,0.0,0.0,0.0,0.0,0.0,0.0,0.0,0.0961190453675409,0.0,0.0,0.0,0.0,0.26184653957650733,0.0,0.0,1.2187106948348985,0.0,0.0,0.0
0.0,0.0,0.0,0.0,0.0,0.0,0.0,0.0,0.0,0.0,0.0,0.0,0.0,0.0,0.0,0.0,0.0,0.0,0.0,0.0,0.0,0.0
0.023272351111299838,0.0,0.313752413502454,0.0,0.0,0.0,0.0,0.0,0.0,0.0,0.5116280890323945,0.0,0.0,0.7567625732573047,0.0,0.2081200158419532,0.9691641350976961,0.0,0.0,0.0,0.0,0.0
0.0,0.0,0.0,0.0,0.0,0.0,0.0,0.2393698237971652,0.0,0.0,0.39399908541835343,1.202568345122451,0.0,0.0,0.0,0.5303377230032418,0.0,0.0,0.0,0.0,0.0,0.0
0.08216830033538512,0.0,0.0,0.0,0.0,0.6478455185468734,0.0,0.6419256631929615,0.0,0.0,0.11041206652278748,0.0,0.0,0.44815122165535204,0.0,0.0,0.0,0.047020611620051694,0.0,0.0,0.0,0.0
0.0,0.0,0.0,0.0,0.0,0.0,0.0,0.0,0.0,0.0,0.3619309809877584,0.0,0.0,0.0,0.0,0.32481087741756154,0.0,0.0,0.0,0.0,0.0,0.0
0.0,0.0,0.0,0.0,0.0,0.0,0.0,0.5572435642173618,0.0,0.0,0.3769525288083547,0.0,0.0,0.36332671854819154,0.0,0.039692990857096946,0.0,0.0,1.1237092397035466,0.16270952694968044,0.0,0.0
0.08509144742477161,0.0,0.0,0.0,0.0,0.0,0.0,0.22832375915694217,0.0,0.0,0.48565382650356653,0.19337056877644515,0.0,0.0,0.0,0.17471134031313573,0.0,0.0,0.0,0.0,0.0,0.0
0.05694116624755596,0.0,0.06450311390647377,0.5326823822301135,0.0,0.0,0.0,0.0,0.0,0.0,0.9986263537621681,0.19966640439885605,0.0,0.0,0.0,0.9470449747243308,0.0,0.0,0.0,0.0,0.0,0.0
0.024454619477892896,0.0,0.22399857054300837,0.0,0.31907914616161387,0.0,0.0,0.19870687045967808,0.0,0.0,1.7259716660973483,0.0,0.0,0.0,0.0,1.9941648250524586,0.0,0.3256890761737047,0.0,0.0,0.0,0.0
0.06595689486605476,0.10506395822211692,0.133184056842985,0.0,0.11563452904019142,0.0,0.0,0.07201152334479778,0.0,0.0,1.2872522554175152,0.0,0.0,0.0,0.0,1.6283600435413614,0.0,0.11802997278238325,0.7730561770050727,0.0,0.0,1.2529149682342458
0.12160770293445522,0.0,0.0,0.0,0.0,0.0,0.0,0.0,0.0,0.0,1.9497265024379233,0.3027929979044023,0.0,0.0,0.0,2.141220095406915,0.0,0.2250806861491359,0.7473277526947062,0.0,0.0,0.0
0.15822507859395252,0.0,0.0,0.0,1.9909573356956412,0.0,0.0,0.0,0.0,0.0,1.9071470887654525,1.0563716291884582,0.0,0.0,0.0,0.39675109451501456,0.0,0.0,5.453327070176304,0.0,0.0,0.0
0.0,0.0,0.0,0.0,0.0,0.0,0.0,0.09205058872103945,0.0,0.0,1.3678838102407205,0.0,0.0,0.0,0.0,1.6501061338334526,0.0,0.0,0.5007613258681471,0.0,0.0,0.0
0.06266118512157462,0.0,0.0,0.0,0.612609251262494,0.0,0.0,0.8172353783868328,0.0,0.0,2.802954671431981,0.0,0.0,0.7090416647462287,0.0,2.0564998111859345,0.0,0.26835054365687333,2.5810846949780433,0.0,0.0,0.0
0.0,0.0,0.0,0.0,1.9630969862947683,0.0,0.0,0.0,0.0,0.0,1.2573487765225932,0.20166683256071735,0.22913735085347456,0.17471730545217112,0.0,1.2123022376577453,0.0,0.42565548020480815,0.8772456782227243,0.0,0.0,0.0
0.0,0.0,0.0,0.0,0.0,0.0,0.0,0.29583008402393535,0.0,0.0,2.017188992855635,0.29636467250495746,0.0,0.0,0.0,2.144344816856344,0.0,0.0,1.4136475151052963,0.0,0.0,0.0
0.06306429437960745,0.0,0.0,0.0,0.0,0.0,0.0,0.0,0.0,0.0,1.2175755629285279,0.0,0.0,0.0,0.8882340627199655,0.3289757519046042,0.0,0.0,0.9218957609777204,0.0,0.0,0.0
0.2198632679672671,0.0,0.0,0.0,1.2974470042907635,0.0,0.0,0.4132810179106596,0.0,0.0,1.9235181480208363,0.34839419564131746,0.0,0.0,0.0,1.6312864506010958,0.0,0.3917551233127597,0.39278387863484654,3.823959488881525,0.0,0.11936662681497205
0.1084230322796249,0.03569225717096399,0.03916594664357664,0.0,0.08946338280372096,0.0,0.0,0.3910679923508239,0.0,0.0,0.8720491805500662,0.0,0.0,0.0,0.0,1.1649758727966297,0.0,0.0,0.0,0.0,0.0,0.20901590913976198
0.0,0.0,0.0,0.0,0.0,0.0,0.0,0.0,0.0,0.0,0.811757218547356,0.0,0.0,0.0,0.0,0.9275728289429522,0.0,0.0,0.0,0.0,0.0,0.0
0.16281650343310983,0.0,0.0,0.0,0.0,0.0,0.0,0.11823627256222932,0.0,0.0,1.7825118930016919,0.0,0.0,0.0,0.0,1.3315202344461974,0.0,0.23211795587531567,1.0207364555985783,0.0,0.0,0.0
0.0744094112027208,0.0,0.0,0.0,1.1089047087504602,0.21327752668804817,0.0,0.7509680079184131,0.0,0.0,0.5523162023929619,0.0,0.0,0.14753607364803467,0.0,0.9656509815547571,0.0,0.0,0.2934070323425805,0.0,0.0,1.7282896641735983
0.0,0.0,0.0,0.0,0.0,0.0,0.0,0.9120003329768533,0.0,0.0,1.3169263015711485,1.3546836614920132,0.0,0.0,0.0,2.795449832148862,0.4985057603697304,0.0,0.0,0.0,0.0,0.015225136145655297
0.05325233755003396,0.19351814087602334,0.06752748255041403,0.0,0.48330416562969597,0.0,0.0,0.0,0.0,0.0,0.5281711903828784,0.0,0.8124177944100701,0.0,0.0,0.8252166568695392,0.40563564369574495,0.2280272150044359,0.0,0.0,0.0,0.14721772028060873
0.022816090706791227,0.0,0.13787280945382624,0.0,1.1982513723039967,0.2562190157519031,0.0,0.20724390886420235,0.0,0.0,0.555035072066852,0.0,0.0,0.3282051419102624,0.0,0.577481765183145,0.21693001087229474,0.2892256833398479,0.0,0.0,0.0,0.0
0.13176118647890078,0.11726094687068367,0.0,0.2795647286226595,0.0,0.08376311984552483,0.0,0.002143211253151387,0.0,0.0,1.0818463001405676,0.0,0.0,0.057943666219433136,0.0,0.2968160386190584,0.0,0.2196278696270928,0.0,0.0,0.0,0.0
0.1392024523819604,0.0,0.3022070349219825,0.40749731031973074,0.9374418834451868,0.605000168591239,0.0,0.4935487723018677,0.0,0.0,0.48727400288278405,0.0,0.0,0.1460412105781978,0.0,0.2813143196291931,0.0,0.0,0.4165970983341158,0.0,0.0,0.8082873019607479
1.5383921025017813,1.083640709712364,0.0,0.7554048829166063,0.0,1.8923812161136269,0.0,0.31072792371319996,0.0,0.0,0.9490994027075937,0.5026169463140129,0.0,0.36395876827603746,0.0,0.2543405856744062,0.0,0.004717798263976177,0.0,0.0,0.0,0.0
1.205120960979509,0.27141860396001394,0.25600210898765696,0.6288914840373914,0.0,1.8996613076797255,0.0,0.37868711381386827,0.0,0.0,0.28253483553000525,0.0,0.0,0.0,1.163382123165866,0.01907496846994292,0.0,0.026250667268839272,0.9490912070262967,0.0,0.0,0.1377820078318993
1.7189024067202388,0.5824057239376145,0.19377062379735888,0.9331313631138478,0.0,1.0904280761028564,0.0,0.33625308958949623,0.49444793828821204,0.0,0.23245861803275142,0.060561206886901704,0.0,0.0,0.0,0.4186164789338054,0.0,0.06606574377432253,0.0,0.0,0.0,0.31739617766597844
1.878332221170681,0.23718601720898544,0.0,2.1079133462343984,0.7565712892059,0.7646221350517433,0.0,0.5555778292272967,0.0,0.0,0.9927322733402544,0.0,0.0,0.0,0.0,0.0,0.0,0.0,0.0,0.0,0.0,0.08077922226320568
0.3861530031698899,0.0,0.0,0.0,0.0,0.0,0.0,0.0,0.0,0.0,0.060197015087144944,0.0,0.0,0.0,0.0,0.0,0.0,0.0,0.0,0.0,0.0,0.4060453452780827
0.07377921093582603,0.0,0.0,0.0,0.0,0.0,0.0,0.4223148471482589,0.0,0.0,0.3679300421545717,0.44322137270108597,0.0,0.0,0.0,0.1677114101843107,0.0,0.0,0.0,0.0,0.0,0.03454723388774845
0.01867896611675326,0.17159715766396513,0.0,0.0,0.0,0.0,0.0,0.0,0.0,0.0,0.4164596642539957,0.0,0.0,0.0,0.0,0.2083024410558847,0.0,0.0,0.0,0.0,0.0,0.0
0.0558765166188617,0.0,0.0,0.0,0.8307334175539126,0.0,0.0,0.2560562869807357,0.0,0.0,0.983251140422601,0.6898730017894771,0.0,0.0,0.0,0.6305684830310794,0.0,0.0,0.0,0.0,0.0,0.0
0.08522996976765393,0.0,0.0,0.0,0.38900055522422505,0.0,0.0,0.0,0.0,0.0,0.458754284106627,0.0,0.0,0.0,0.0,0.529624810404564,0.0,0.0,0.0,0.0,0.0,0.3476441485019421
0.0,0.0,0.0,0.0,0.0,0.0,0.0,0.0,0.0,0.0,0.1976627398659225,0.0,0.0,0.0,0.0,0.35227926586606073,0.0,0.06857301310565841,0.0,0.0,0.0,0.0
0.0,0.0,0.0,0.0,0.0,0.0,0.0,0.0,0.0,0.0,0.29819578792932344,0.0,0.0,0.0,0.0,0.27410383183123715,0.0,0.0,0.0,0.0,0.0,0.0
0.14980357721093068,0.0,0.0,0.04298060936100139,0.0,0.0,0.0,0.0,0.0,0.0,0.18422704032638346,0.0,0.0,0.0,0.0,0.36333434113210417,0.0,0.0,0.0,0.0,0.0,0.0
0.13631533534766377,0.0,0.0,0.0,0.5163367863788602,0.0,0.0,0.0,0.0,0.0,0.5170827033358841,0.0,0.0,0.0,0.0,0.2553754923718857,0.0,0.0,0.0,0.0,0.0,0.02981655131935105
0.0,0.0,0.0,0.0,0.0,0.0,0.0,0.0,0.0,0.0,0.2505356373282611,0.0,0.0,0.0,0.0,0.20707261485344686,0.0,0.3803723759832435,0.0,0.0,0.0,0.3877770700360059
0.13208829232385466,0.0,0.0,0.0,0.0,0.2655671856525269,0.0,0.7807109286863317,0.0,0.0,0.6773527505324267,0.0,0.0,0.0,0.0,1.0638546810911147,0.0,0.4266709138352785,0.0,0.0,0.0,0.0
0.07034240746353457,0.0,0.0,0.0,0.655571821737156,0.0,0.0,0.0,0.0,0.0,0.6132517624564233,0.0,0.0,0.0,0.0,0.785172775877558,0.0,0.0,0.7408160785322031,0.0,0.0,0.0
0.1198590101754159,0.0,0.0,0.0,0.3247375576992519,0.0,0.0,0.0,0.0,0.0,0.41705069932790373,0.20259609900183603,0.0,0.15259542419560634,0.0,0.7383958881834957,0.0,0.0,0.6337971407154315,0.0,0.0,0.0
0.0,0.0,0.0,0.0,0.0,0.0,0.0,0.0,0.0,0.0,1.5452073026925828,0.0,0.0,0.0,0.0,0.5453298265826875,0.0,0.0,0.8867526577987386,0.0,0.0,0.0
0.1472830126938732,0.0,0.0,0.0,0.541148634596825,0.0,0.0,0.0,0.0,0.0,0.5684436529565765,0.0,0.0,0.0,0.0,0.76936989657662,0.0,0.0,0.0,0.0,0.0,0.0
0.030670139048447252,0.0,0.0,0.0,0.0,0.0,0.0,0.0,0.0,0.0,0.46156473969416945,0.21144835741163023,0.0,0.0,0.0,0.2465556468861707,0.0,0.0,0.0,0.0,0.0,0.5880676378486424
0.02085695188462857,0.0,0.0,0.0,0.0,0.0,0.0,0.14764144915499655,0.0,0.0,1.6827087767780657,0.0,0.0,0.0,0.0,0.46085386155475383,0.11210031261202649,0.0,0.5925296354608889,0.0,0.0,0.07362394891544322
0.0,0.0,0.0,0.0,1.3686700647746344,0.0,0.0,0.18994219272274412,0.0,0.0,1.153821976244587,0.0,0.0,0.0,0.0,0.6463809757919841,0.0,0.0,2.0449853507316407,0.0,0.0,0.0
0.08205974252465605,0.0,0.0,0.0,0.0,0.0,0.0,0.0,0.0,0.0,1.0137181664237052,0.0,0.0,0.0,0.0,0.21085653684167754,0.0,0.0,1.0169025842302255,0.0,0.0,0.0
0.07097056829410059,0.0,0.0,0.11918141872262898,0.0,0.0,0.0,0.0,0.0,0.0,0.5991848423039917,0.339502173725431,0.0,0.0,0.0,0.8867038044291833,0.0,0.0,0.0,0.0,0.0,0.0
0.0,0.05252939744607621,0.0,0.03261002925245907,0.6905538394861772,0.0,0.0,0.0,0.0,0.0,0.9928668967824281,0.09289347228048782,0.0,0.0,0.0,0.6297994266667171,0.0,0.0,0.0,0.0,0.0,0.0
0.12759770600105158,0.03275220065206925,0.03593975402155869,0.0,0.0,0.0,0.0,0.04619527826422754,0.0,0.0,1.4639650974179743,0.09453594543979932,0.0,0.0,0.0,0.9912267301985394,0.0,0.0,0.4027155871188761,0.0,0.0,0.0
0.21058049267262446,0.0,0.0,0.0,0.0,0.0,0.0,0.195765890642539,0.0,0.0,1.6824315348343835,0.0,0.0,0.0,0.0,1.4756133421622293,0.0,0.0,0.3552324930899584,0.0,0.0,0.5444481921683502
0.09061020938688184,0.0,0.0,0.0,1.1401546624014476,0.0,0.0,1.4197332926116377,0.0,0.0,1.7180606228010227,0.0581121051852882,0.0,0.0,0.0,1.9649461251264269,0.0,0.0,0.0,0.0,0.0,0.0
0.22183157356341274,0.0,0.0,0.3311119885932037,0.7407566252390849,0.0,0.0,0.6703093885545792,0.0,0.0,1.8188892000556107,0.47174233839767227,0.0,0.3401093441982475,0.0,1.5607603501267955,0.0,0.1832101560533004,0.8370774948841355,0.0,0.0,0.0
0.0707315049443108,0.0,0.0,0.0,0.0,0.0,0.0,0.0,0.0,0.0,1.5604883249409776,0.07478140838414488,0.3070518491801718,0.0,0.0,0.7091692478951146,0.0,0.020403668760447444,1.3644081617564308,0.0,0.0,0.0
0.14237315110575216,0.0,0.0,0.0,2.2192796027047006,0.0,0.0,0.6527543759504973,0.0,0.0,1.678372939534559,0.07209358569773269,0.0,0.0,0.0,1.8149229997345002,0.0,0.0,0.13058346528755096,0.0,0.0,0.0
0.1543689093666566,0.0,0.0,0.0,1.593792488340803,0.10559897989108828,0.0,0.0,0.0,0.0,1.3183872489827182,0.1013209236327169,0.28928685605200194,0.0,0.0,2.20157284468684,0.0,0.0,0.0,0.0,0.0,0.0
0.008397516861847245,0.0,0.0,0.0,0.0,0.0,0.0,0.0,0.0,0.0,0.9810059922228909,0.0,0.0,0.2748840827240731,0.0,0.647534714889294,0.0,0.4395511943812335,0.0,0.0,0.0,0.877522830701817
0.011145731769801125,0.11754004395872981,0.0,0.0,0.48969871547846644,0.0,0.0,0.0,0.0,0.0,0.9395825082827054,0.0,0.0,0.0,0.0,0.14122791623468878,0.0,0.0,0.0,0.0,0.0,0.0
0.1150359801602662,0.15371754478196156,0.0,0.0,0.0,0.0,0.0,0.0,0.0,0.0,1.0389933283177883,0.0,0.0,0.0,0.0,1.0788879725812353,0.0,0.0,0.0,0.0,0.0,0.0
0.014288732892276692,0.0,0.0,0.0,0.17979613486354867,0.0,0.0,2.0620734749086465,0.0,0.0,0.9239617747487539,0.49244694607858824,0.0,0.3550366254004324,0.0,1.1274720987145006,0.0,0.0,0.9793622160575357,0.0,0.0,0.0
0.06675196799340813,0.0,0.0,0.0,0.035834029343092884,0.0,0.0,0.9927051012230131,0.0,0.0,1.0511965768668365,1.4776429112789797,0.0,0.0,0.0,0.030822494454132144,0.0,0.0,0.0,0.0,0.0,0.0
0.07789158551399819,0.0,0.24323491904471906,0.0,0.9801153201891111,0.0,0.0,0.0,0.0,0.0,2.294534728373738,0.2993842581605773,0.0,0.0,0.0,0.42217784750491494,0.0,0.24741870788309164,0.0,0.0,0.0,0.0
0.5217687909366827,0.0962902221190591,0.0,0.0,0.0,0.07665918448093001,0.0,0.32648033162912904,0.0,0.0,1.0679407736451563,0.0,0.0,0.3233052873777154,0.0,0.4346092609684101,0.0,0.5501912439935996,0.0,0.0,0.0,0.10031775856885206
1.8750524111455182,1.3788037148758907,0.3451349503724222,1.0523795858870206,0.0,2.5505156836842193,0.0,1.050571247798215,0.0,0.0,0.2572067987968968,0.0,0.0,0.0,0.0,0.10441228626849591,0.0,0.0,0.0,0.0,0.0,0.0
2.2290230047827975,2.783539073121507,0.6319669733564519,2.621774774394529,0.0,1.8461812830857043,0.0,1.433308236644943,0.0,0.0,0.19485342600186145,0.0,0.0,0.0,1.272542182581233,0.10983350132781072,0.0,0.0,0.0,0.0,0.0,0.0
5.274346708664551,1.5961051683456668,2.4963905395791564,3.4507923359768604,0.0,0.879679377430757,0.0,2.2385943297151165,0.0,0.0,0.32909869676896203,1.286479891919781,0.0,0.0,2.3121995348319024,0.2550592675908416,0.0,0.9745220638958358,0.0,0.0,0.0,0.0
4.592610568573193,3.4992306355356977,1.2271575777459514,1.8144206811846995,0.6056786970576473,2.9865563893362626,0.0,1.1018046103099692,3.039004690561595,0.0,0.15632095602413273,0.0,0.0,0.20016837817852948,0.0,0.0,0.0,0.0,0.0,0.0,0.0,0.0
4.612007057891316,3.7746751686326676,2.668995058208413,4.0316926366310355,0.0,4.895698133863423,0.0,2.818702799751309,0.0,0.0,0.22452369483831852,0.21301326688739722,0.4029263762538711,0.0,1.4263025894264207,0.0,0.0,0.0,0.0,0.6922347583605872,0.0,0.0
2.339610377287478,0.5487271141949167,0.3075120091106149,1.1779205180740893,0.37125993246161965,0.5633076439253821,0.0,0.3732610615659461,2.855933317031959,0.0,0.10734162316380942,0.0,0.13146388772393977,0.0,0.14620173402118802,0.0,0.0,0.29485177365934434,0.0,0.0,3.3955253276308883,0.22429251202618888
0.9163936581665083,0.0,0.0,0.0,0.0,0.13016923987207066,0.0,2.111918003461577,0.0,0.0,1.1569314071367038,0.0,0.0,0.0,0.0,0.04950966073416371,0.0,0.0,0.0,0.0,0.0,0.0
0.13134194843673064,0.09943443935617848,0.0,0.0,0.0,0.0,0.0,0.0,0.0,0.0,0.5211288072679962,0.0,0.8409156959044678,0.0,0.0,0.6126506642491624,0.0,0.0,0.0,0.0,0.0,0.0
0.07592770784452114,0.0,0.0,0.20444045388722576,0.8954584698208286,0.0,0.0,0.0,0.0,0.0,0.33370632731457983,0.29127069119303084,0.0,0.0,0.0,0.8534672588216061,0.0,0.0,0.0,0.0,0.0,0.0
0.0,0.0,0.1299273005784778,0.0,0.282531462966793,0.0,0.0,0.0,0.0,0.0,0.21260303538708472,0.4741564533926795,0.0,0.12113315683205372,0.0,0.2260314908709412,0.0,0.0,0.6506893953774612,0.0,0.0,0.0
0.26767966272634014,0.0,0.0,0.0,0.13273244923246696,0.0,0.0,0.0,0.0,0.0,0.7789147977614191,0.0,0.0,0.0,0.0,0.3114717716481707,0.0,0.0,0.0,0.0,0.0,0.628230369960173
0.0017857847970594964,0.0,0.0,0.0,0.0,0.0,0.0,0.0,0.0,0.0,0.8396743023666138,0.6368886644909557,0.0,0.0,0.0,0.0,0.0,0.0,1.2212011435503831,0.0,0.0,0.0
0.07304808527656305,0.0,0.0,0.2915263137749287,0.0,0.061179846418687164,0.0,0.05859542428653937,0.0,0.0,0.49001312550320625,0.5512825240393902,0.0,0.0,0.0,0.10422614644573422,0.0,0.03202332938898608,0.0,0.0,0.0,0.0
0.02520263821262485,0.0,0.1654642111338781,0.0,0.8701239269321088,0.07978124743869341,0.0,0.19749090542360126,0.0,0.0,0.7320933110903719,0.07654912658622123,0.0,0.0,0.0,0.2761505638782049,0.0,0.041759849286138594,0.0,0.0,0.0,0.0
0.0,0.0,0.0,0.0,0.0,0.0,0.0,0.0,0.0,0.0,0.1743512262542644,0.0,0.0,0.0,0.0,0.13753551409923778,0.0,0.0,0.0,0.0,0.0,0.0
0.0,0.0,0.0,0.0,0.0,0.0,0.0,0.0,0.0,0.0,0.0,0.0,0.0,0.0,0.0,0.0,0.0,0.0,0.0,0.0,0.0,0.0
0.0,0.0,0.0,0.0,0.0,0.0,0.0,0.0,0.0,0.0,1.003578058555716,0.0,0.0,0.0,0.0,0.6038001992019583,0.0,0.0,0.0,0.0,0.0,0.0
0.2426797186532798,0.230185036331242,0.0,0.0,0.0,0.0,0.0,0.535761770052306,0.0,0.0,0.3638894307002753,0.0,0.0,0.0,0.0,0.0,0.0,0.0,0.15863830499536075,0.0,0.0,0.0
0.013801413722394351,0.0,0.0,0.0,0.0,0.0,0.0,0.5762986091005569,0.0,0.0,0.5307762161591212,0.0,0.0,0.0,0.0,1.4539082613068146,0.0,0.0,3.056814384393115,0.0,0.0,0.0
0.0,0.0,0.0,0.0,0.0,0.0,0.0,0.0,0.0,0.0,0.5919061130053862,0.0,0.0,0.0,0.0,0.4723608279955262,0.6623230041399714,0.0,1.20219650112876,0.0,0.0,0.0
0.09513711608543624,0.0,0.0,0.0,0.0,0.0,0.0,0.0,0.0,0.0,0.7786850615353201,0.8419807863156901,0.0,0.0,0.0,0.29605836668465696,0.0,0.0,0.1670972064064237,0.0,0.0,0.0
0.0739468874390824,0.0,0.0,0.0,0.5920599354968165,0.0,0.0,0.0,0.0,0.0,0.9790168246877131,0.0,0.0,0.0,0.0,0.6902705961450379,0.0,0.0,0.0,0.0,0.0,0.0
0.021180491686989423,0.0,0.0,0.9230086559863799,1.0541174711130994,0.8380326018089169,0.0,0.0,0.0,0.0,1.40546295664992,0.0,0.0,0.0,0.0,0.2606932188019436,0.0,0.0,0.0,0.0,0.0,0.0
0.04070743188223418,0.0,0.0,0.0,0.0,0.0,0.0,0.4472194955955825,0.0,0.0,1.1223725670035585,0.0,0.0,0.0,0.0,0.946017572382176,0.0,0.0,1.0747026200131795,0.0,0.0,0.0
0.1473504488203801,0.0,0.0,0.0,0.0,0.0,0.0,0.0,0.0,0.0,0.8057104342879604,0.0,0.0,0.0,0.0,1.147368273725852,0.0,0.0,0.0,0.0,0.0,0.0
0.09115798924212537,0.0,0.0,0.0,0.7329119414078289,0.0,0.0,0.7068278557925856,0.0,0.0,1.7343210121085741,0.0,0.0,0.0,0.0,1.3705584684852892,0.48290462050716415,0.0,0.0,0.0,0.0,0.0
0.07261963717528519,0.08169888356384505,0.0,0.0,0.0,0.0,0.0,0.23634274559837798,0.0,0.0,1.368438198201963,0.0,0.0,0.0,0.0,1.5841502116009387,0.0,0.0,0.0,0.0,0.0,0.0
0.1428641403046167,0.049502245865114466,0.0,0.0,0.0,0.0,0.0,0.0,0.0,0.0,1.2654748309090627,0.22989524068947426,0.0,0.0,0.0,0.4359767002765548,0.0,0.0,0.0,0.0,0.0,0.0
0.10918677471314991,0.0,0.13649437810045859,0.0,0.8583396410153571,0.0,0.0,0.7745215965074099,0.0,0.0,2.015987170260752,0.378889398471447,0.0,0.0,0.0,3.313638312533449,0.023612724924324494,0.3994908881292607,0.6401317935274284,0.0,0.0,0.5427484571870382
0.07187866871538295,0.0,0.0,0.0,0.0,0.0,0.0,0.0,0.0,0.0,1.960896482259391,0.6540861410055058,0.0,0.0,0.0,2.0307194241710382,0.0,0.0,1.0220609132473066,0.0,0.0,0.0
0.08382243298396072,0.0,0.0,0.0,0.0,0.6056942420803547,0.0,0.819217107597116,0.0,0.0,1.721582198474834,0.6574639747168965,0.0,0.0,0.0,1.6225535554692927,0.0,0.1585707845815829,0.0,0.0,0.0,0.0
0.08241926426568907,0.04797097666274994,0.02959496087373157,0.0,0.0,0.0,0.0,0.7254453177291198,0.0,0.0,1.6311246554634646,0.16294366909745098,0.9636909039263188,0.0,0.0,1.897573203915963,0.32039261837123983,0.08889066886969282,0.0,0.0,0.0,0.233412244754854
0.02319657876946421,0.0,0.014009466249245086,0.0,2.052238012373664,0.0,0.0,0.0,0.0,0.0,1.4312645855064097,0.0,0.392479917646128,0.0,0.0,1.0393440065441701,0.0,0.08347168561999144,0.0,0.0,0.0,0.7722806249401585
0.1684161147187101,0.0,0.0,0.0,0.0,0.0,0.0,0.0,0.0,0.0,0.6613113583833036,0.0,0.08087014465315708,0.0,0.0,0.8401825462559287,0.0,0.022073827424919788,0.0,2.2311536445474576,0.0,0.0
0.064680008884841,0.11208043657165555,0.0694878777568003,0.0,0.0,0.0,0.0,0.0,0.0,0.0,1.1639121175589642,0.4833896772338559,0.0,0.0,0.0,1.1552814896791865,0.0,0.0,0.0,1.4760098607113277,0.0,0.0
0.09226170317101903,0.1632946955624214,0.0,0.0,0.0,0.0,0.0,0.0,0.0,0.0,1.078122583515522,0.0,0.0,0.0,0.0,0.6726387491110117,0.6380103838189785,0.09253006076935838,0.30722441607295886,0.0,0.0,0.0
0.07923047441360732,0.0,0.18195605875465187,0.0,0.0,0.0,0.0,0.30866021406426764,0.0,0.0,0.5015328621291173,0.0,0.0,0.43374454389954237,0.0,0.1328787474107701,0.0,0.24443398783838688,1.0582818981733197,1.0048737436026156,0.0,0.4429461114167795
0.1222856773465563,0.2504478823948297,0.0,0.0,0.9006214879992418,0.0,0.0,0.4531683113993088,0.0,0.0,2.019452631106592,0.8347728040232107,0.0,0.0,0.0,1.3161102456182996,0.0,0.0,0.0,0.0,0.0,0.0
0.13423932902601485,0.0,0.0,0.21718866109988946,0.0,0.0,0.0,0.0,0.0,0.0,2.1574856119461874,0.0,0.8334195134953175,0.0,0.0,2.615827906730171,0.8738711658464935,0.24354668469685056,0.0,0.0,0.0,0.0454999440167516
0.032739758158331626,0.0,0.0,0.0,0.6329968699629318,0.006892902337342364,0.0,0.35486108858048426,0.0,0.0,0.6635671228241953,0.0,0.0,0.0,0.0,0.1957076400249024,0.0,0.0,0.16696131183804033,0.0,0.0,0.009473875789037531
0.42760805604415575,0.35543684469319525,0.053078836051096145,0.11532295371533596,0.0014564360342571585,0.6423812416226891,0.0,0.38480082400917787,0.0,0.0,0.973767425330462,0.449234050161178,0.0,0.26118680309812514,0.4252664752882394,0.5844001367271003,0.0,0.0,0.0,0.0,0.0,1.1182735812712723
1.3609359502417162,0.8483967399037899,0.5488633717291466,0.1478211959797591,0.6192702448952462,2.0581897139044236,0.0,0.0,0.0,0.0,0.10172667223385834,0.0,0.0,0.0,0.0,0.0,0.0,0.0,0.0,0.0,0.0,0.2827334728212267
3.3870816902687664,2.7730638667509835,1.6848697658292664,3.0358791758849395,0.0,0.9850263843785807,0.0,0.0,1.0446078108969443,0.0,0.085080287159619,0.41135815644393253,0.4712331616847591,0.0,0.610270006393378,0.22255614067182558,0.0,0.0,0.0,0.0,0.0,0.0
2.346458446243749,1.683252142245126,2.265123775880276,0.8253844182359786,0.0,1.565860672013256,0.0,1.3404743436369642,0.0,0.0,0.13574176226382303,0.0,0.0,0.0,0.0,0.0,0.0,0.0,0.0,0.0,0.0,0.0
1.7151720082733732,1.8414993671304412,3.155225836540287,0.8364105730394353,0.0,1.236905326215737,0.0,0.9924089515879554,1.1012544180358983,0.0,0.19261408181007011,0.0,0.0,0.0,0.0,0.0,0.0,0.3476723069836279,0.0,0.0,0.0,0.0
4.537529419297938,1.757983011663328,2.6559486025463808,3.7192859293704363,0.7171612960381912,2.5538777688450214,0.0,2.3775977014673018,0.0,0.0,0.2940019280676429,0.0,0.0,0.0,0.6807483997976946,0.10917198688865397,0.0,0.0,0.0,0.0,0.0,0.6409166381678727
4.768880341372922,1.627547523282226,5.041332668781097,3.2150812148774417,0.7659132122829719,0.08557305072869027,0.0,2.785186193096391,2.4746095386654208,0.0,0.3648638456851867,0.0,0.0,0.16787937840069783,0.0,0.22717705987805692,0.0,0.0,0.39081445304997336,0.0,0.0,0.0
1.9985351768102575,3.099752769712933,2.568762803041683,1.4123623169327169,0.0,1.5091188693420312,0.0,0.17969395756165685,0.8490420453844133,0.0,0.10024315500237321,0.0,0.2092496317062444,0.0,0.7981820359349229,0.0,0.0,0.0,0.0,0.0,0.0,0.0
2.5229643428474184,0.7622157197195292,0.32396293456156255,0.8569872205035389,0.0,2.0199963157827963,0.0,0.19465244559970335,1.0807235117378429,0.0,0.20840596642761403,0.0,0.7043494473122255,0.0,0.0,0.14836100353428872,0.0,0.0,0.16087771290072023,0.0,0.0,0.0
0.3566024504886438,0.2846963023963429,0.0,0.0,0.0,1.3582831870316554,0.0,0.0671617470603939,0.9864841275192299,0.0,0.24167257280728188,0.29581219290442223,0.0,0.0,0.0,0.0,0.0,0.0,0.12187023372781915,0.0,0.0,0.0
0.06234071030662832,0.0,0.0,0.0,0.5923049887786396,0.0,0.0,0.0,0.0,0.0,0.7252951567999882,0.413279918929734,0.0,0.0,0.0,0.3708810081221424,0.0,0.2431085236990091,0.0,0.0,0.0,0.0
0.1160576991291946,0.0,0.13577016418416538,0.0,0.0,0.0,0.0,0.6899783447830534,0.0,0.0,0.22005535342690785,0.1476664831574746,0.2951285279349585,0.0,0.0,0.5960240027781567,0.0,0.0,0.0,0.0,0.0,0.17417769781726236
0.03027620403677148,0.0,0.0,0.0,0.557402585213881,0.0,0.0,1.329382722024462,0.0,0.0,0.5046870691004827,0.09269410156090603,0.0,0.0,0.0,0.4807787676163662,0.0,0.0,0.0,0.0,0.0,0.18612851504567438
0.10321218469059086,0.0,0.16861099393289614,0.0,0.09137957652033643,0.0,0.0,0.0,0.0,0.0,0.37391333814507594,0.0,0.0,0.0,0.0,0.18476693096089972,0.0,0.0,0.4376087933140044,0.9369515960882736,0.0,0.0
0.11227947091912009,0.056378946748929896,0.0,0.0,0.0,0.0,0.0,0.5495894457900548,0.0,0.0,0.2520113137585931,0.0,0.0,0.0,0.0,0.5676590950448466,0.0,0.0,0.0,0.0,0.0,0.0
0.03156106236384362,0.0,0.0,0.0,0.0,0.0,0.0,0.20361111428139647,0.0,0.0,0.3869778892333021,0.44827119674432836,0.0,0.0,0.0,0.2759134476232702,0.0,0.0,1.6227060565421965,0.0,0.0,1.2726313153861608
0.0,0.0,0.0,0.0,0.0,0.0,0.0,0.0,0.0,0.0,0.0649453949766844,0.0,0.0,0.0,0.0,0.0,0.0,0.0,0.0,0.0,0.0,0.0
0.1460844013894208,0.0,0.0,0.0,0.0,0.6946511813079775,0.0,1.1447349462092982,0.0,0.0,0.5534022297581761,0.8846956591375491,0.0,0.0,0.0,0.6289916466338428,0.0,0.019379355768307484,0.0,0.0,0.0,0.0
0.19704121241245184,0.0,0.06607127551524537,0.0,0.0,0.0,0.0,0.0,0.0,0.0,0.199871921495604,0.0,0.0,0.0,0.0,0.08107354656299152,0.0,0.0,0.0,0.0,0.0,1.080056733418563
0.02536346298078645,0.0,0.0,0.0,0.0,0.0,0.0,0.0,0.0,0.0,0.3422858638098639,0.0,0.0,0.0,0.0,0.6914760199176606,0.0,0.0,0.0,0.0,0.0,0.0
0.12741054948744876,0.09239229302489921,0.0,0.702038017243803,0.6380982583811337,0.0,0.0,0.0,0.0,0.0,0.5684089746083534,0.0,0.0,0.0,0.0,0.1607375009013154,0.0,0.0,0.0,1.3177159315698026,0.0,0.0
0.41249928757408844,0.0,0.0,0.0,0.0,0.0,0.0,0.0,0.0,0.0,0.0,0.0,0.0,0.0,0.0,0.6418470753384367,0.0,0.0,0.0,0.0,0.0,0.0
0.0,0.0,0.0,0.0,0.0,0.0,0.0,0.0,0.0,0.0,0.0,0.0,0.0,0.0,0.0,0.11712367840779365,0.0,0.0,0.0,0.0,0.0,0.0
0.0,0.0,0.044981673410432986,0.0,0.0,0.0,0.0,0.3950587060672486,0.0,0.0,0.7325456825551384,0.0,0.0,0.0,0.0,0.7355930663809658,0.0,0.0,0.0,0.0,0.0,0.0
0.06629590828237437,0.0,0.0,0.0,0.0,0.0,0.0,0.0,0.0,0.0,0.8891748844251057,0.2700885565324558,0.0,0.0,0.0,0.4479306090286358,0.0,0.0,1.4415551499284835,0.0,0.0,0.0
0.005966362612539917,0.0,0.0,0.0,0.7798923101348553,0.0,0.0,0.0,0.0,0.0,0.9483109792491031,0.0,0.972439198338246,0.0,0.0,0.7245690544106062,0.0,0.0,0.0,0.0,0.0,0.0
0.09815533627525248,0.1251568068912661,0.0,0.15172644681688863,0.41793058817466494,0.0,0.0,0.0,0.0,0.0,0.7067963656148586,0.0,0.0,0.0,0.0,1.6021693682434324,0.0,0.0,0.0,0.0,0.0,0.0
0.17313669597873166,0.0,0.0,0.0,0.2226610520457876,0.2894621398277184,0.0,1.8143410666248931,0.0,0.0,1.7285050583566868,0.4859944976799894,0.0,0.383846951828499,0.0,1.6132739474770401,0.0,0.0,1.206271425409701,0.0,0.0,0.0
0.1013910757547305,0.0,0.10442170044149425,0.0,0.0,0.0,0.0,0.0,0.0,0.0,1.321528679008841,1.4903383112074695,0.0,0.016647265054371738,0.0,1.5842578767782978,0.0,0.15389841794186923,0.0,0.0,0.0,0.51247028414173
0.21050723535453117,0.0,0.0,0.0,0.5694433689739168,0.0,5.852438219348714,0.7778881479871459,0.0,0.0,1.7212370567888868,0.0,0.0,0.0,0.0,3.416666643042119,0.0,0.0,0.0,0.0,0.0,0.0
0.24115916319115205,0.0,0.08276607630163466,0.0,0.004404854907457558,0.0,0.0,0.0027431279794340384,0.0,0.0,1.7636101630630332,0.0027480850297780337,0.0,0.0019812709634108184,0.0,1.1542489244830034,0.0,0.26386063743379634,0.0,0.0,0.0,0.0
0.126208342640827,0.052596146811012344,0.0577149791841589,0.0,0.0,0.0,0.0,0.35658026235025597,0.0,0.0,1.4186602870584948,0.0,0.0,0.0,0.0,1.3895317644693757,0.0,0.0,0.0,0.0,0.0,0.0
0.07681689611361521,0.0,0.0,0.0,0.6997749462456901,0.0,0.0,0.0,0.0,0.0,1.0926722300884122,0.0,0.0,0.0,0.0,0.9515537704163253,0.0,0.0,0.5431198097819481,0.0,0.0,0.0
0.16341597935793148,0.0,0.0,0.0,0.0,0.0,0.0,0.10512998357292513,0.0,0.0,1.4702469347949398,0.0,0.0,0.0,0.0,2.292477238113005,0.0,0.0,1.389649096747129,0.0,0.0,1.0657742312172926
0.24491526379313128,0.0,0.0,0.0965435705521018,0.6280967952219896,0.0,0.0,0.24398485840078146,0.0,0.0,1.910872817400163,0.0,0.0,0.0,0.0,1.3007315575811154,0.0,0.0,1.2504397010712975,0.0,0.0,0.0
0.11326386034526131,0.0,0.0,0.0,0.0,0.0,0.0,0.0,0.0,0.0,0.7241789114660334,0.0,0.0,0.0,0.0,0.23497675038807725,0.0,0.0,0.9138738496333952,0.0,0.0,0.0
0.15537101382810525,0.04927494265612675,0.0,0.0,0.0,0.0,0.0,0.0,0.0,0.0,0.7906720625296861,0.0,0.0,0.0,0.0,1.807591560978,0.3339138068006364,0.0,0.0,0.0,0.0,0.0
0.0023253494650611437,0.0,0.0,0.0,0.0,0.0,0.0,0.0,0.0,0.0,0.25526276284771604,0.0,0.0,0.0,0.0,0.35504590896648713,0.0,0.0,0.0,0.0,0.0,0.052269009104197274
0.10565310939815892,0.0,0.0,0.0,0.0,0.0,0.0,0.9301729106451397,0.0,0.0,1.567722589076027,1.2627707359225857,0.0,0.0,0.0,1.1873710598938825,0.0,0.22344895632558623,0.0,0.0,0.0,0.0
0.3654120391991382,0.0,0.0,0.0,0.2878020286382134,0.0,0.0,1.0716350194931246,0.0,0.0,0.9068671502801601,0.0,0.0,0.0,0.23250160312863308,0.03560841768309475,0.0,0.0,0.0,1.5324899629956727,0.0,0.0
0.10149543576270315,0.0,0.0,0.0,0.0,0.0,0.0,0.0,0.0,0.0,0.6153890157109069,0.0,0.9848167025451373,0.0,0.0,0.3769458735825955,0.0,0.0,0.35509569858669254,0.0,0.0,0.0
0.9728142692422223,0.5082890264620684,0.157908259348034,0.5783313744349435,0.7304663135707378,2.264223378956124,0.0,0.2406234834251795,0.0,0.0,0.26193758971513365,0.0,0.0,0.0,0.0,0.37515607169520393,0.0,0.0,0.0,0.0,0.0,0.7749909156327823
3.120616770036037,2.6569131689075807,1.7991616657721725,2.83690557957233,1.7323073697495806,1.2758538561824744,0.0,2.0840140645167677,0.0,0.0,0.18488899497084227,0.0,0.0,0.0,1.3994489284320684,0.0,0.0,0.0,0.44246893794258546,0.0,0.0,0.0
2.6833199191273516,4.975290558239662,2.272590743457158,1.5498571359892166,0.0,0.6047940236026553,0.0,0.862149330627854,0.0,0.0,0.15505100156064888,0.0,0.0,0.0,0.0,0.0,0.0,0.0,0.5133507418016396,0.0,0.0,0.0
2.4496379456476243,1.030840575778951,2.858281054823116,1.3877323086251179,0.0,1.4702117116143367,0.0,0.3293190302354549,0.0,0.0,0.3080887188585143,0.0,0.6593715187938958,0.0,0.0,0.0,0.0,0.017893024395514667,0.0,0.0,0.0,0.0
2.332062269299948,0.8900272057710618,4.3238208238117,3.2128994010727583,0.0,2.579490480815692,0.0,0.0,0.0,0.0,0.31382142682864866,2.566355584374282,0.0,0.5328167401658396,0.0,0.3630470751047031,0.0,0.11478103670852285,0.0,0.0,0.0,0.0
2.9852027085539277,0.29037400975601857,2.902963269346688,3.963869582638403,0.8914456868105015,0.8484666058093062,0.0,0.5189874485184256,0.0,0.0,0.1844311028808113,0.0,0.0,0.0,0.0,0.1499710094321529,0.0,0.0,0.0,0.0,0.0,0.0
3.856498168035193,0.25508185989990906,5.698020508391399,2.633480212294999,0.0,3.0402491675467966,0.0,2.1225798031243386,0.6311223091745649,0.0,0.27178017616736516,0.0,0.0,0.0,0.0,0.0,0.0,0.0,0.0,0.0,0.0,0.0
1.7981887074055383,2.257899687075097,2.200159289536209,2.112687768687023,0.0,0.9290912040923809,0.0,1.0014380068635802,1.4110598512209787,0.0,0.0,0.0,0.2177289662987844,0.0,0.38655727850814253,0.0,0.0,0.0,0.0,0.4853389696009278,0.0,0.0
2.006021975240973,1.8837040472745719,1.417847775720709,2.1707859413362613,0.0,0.3981532833822859,0.0,1.5422404809195656,2.3036602160322737,0.0,0.20774057898659282,0.0,0.0,0.0,0.2767910042666512,0.0,0.34068107126883496,0.0,0.0,0.3475227819381308,0.0,0.0
2.418338203537945,0.7395732913036942,0.0,0.9063991308579311,0.3272487042778253,6.702753598763771,0.0,0.5597585218718105,0.0,0.0,0.8499615889640757,0.5607700500229583,0.0,0.0,0.0,0.256002048745819,0.5595910413182402,0.0,0.0346142843156034,0.0,0.0,0.027374735882068336
0.2207043017701138,0.0,0.0,0.0,0.0,0.5307053624903897,0.0,0.0,0.0,0.0,1.3247411434823864,0.5729845006687178,0.0,0.0,0.0,0.24189910618218338,0.0,0.0,0.3570216048347484,0.0,0.0,0.28235083664976357
0.0,0.0,0.0,0.0,0.0,0.0,0.0,0.5657308813575437,0.0,0.0,0.6350833756764295,0.0,0.0,0.0,0.0,1.168764419312329,0.0,0.0,0.0,0.6575916291402957,0.0,0.0
0.06719405407107595,0.0,0.0,0.0,0.14016319574069516,0.0,0.0,0.0,0.9330195087846661,0.0,0.5962165939126632,0.0,0.0,0.0,0.0,0.119281945669162,0.0,0.0,0.0,0.0,0.0,0.0
0.0,0.0,0.0,0.0,0.0,0.0,0.0,0.0,0.0,0.0,0.4698863953117939,0.484024172973219,0.0,0.0,0.0,0.1357347707270819,0.0,0.0,0.0,0.0,0.0,0.0
0.0,0.0,0.0,0.0,0.0,0.0,0.0,0.0,0.0,0.0,0.32199956852520745,0.5630826052077315,0.0,0.0,0.0,0.0,0.0,0.0,1.0706064454983137,0.0,0.0,0.02839291207663371
0.028245948470307432,0.0,0.0,0.0,0.0,0.0,0.0,0.0,0.0,0.0,0.4740664155613937,0.19353810998242452,0.0,0.5880057373697556,0.0,0.13043116445765016,0.0,0.0,0.0,0.0,0.0,0.0
0.0,0.0,0.0,0.0,0.0,0.0,0.0,0.0,0.0,0.0,0.0,0.9295962221631509,0.0,0.0,0.0,0.0,0.0,0.0,0.0,0.0,0.0,0.0
0.01796709963571671,0.0,0.18937111676488722,0.0,0.0,0.0,0.0,1.5200473124641398,0.0,0.0,0.616390214063792,0.0,0.0,0.0,0.0,0.9337547255819771,0.0,0.0,0.0,0.0,0.0,0.0
0.13726108377503066,0.1118426628317286,0.0,0.0,0.0,0.0,0.0,0.37921222786711356,0.0,0.0,0.4065850971275336,0.0,0.0,0.0,0.0,1.0181836651954308,0.3790987670239781,0.0,0.0,0.0,0.7444126659666076,0.0
0.08940615274813263,0.0,0.07558385417995135,0.0,0.37502031258000973,0.0,0.0,0.0,0.0,0.0,0.2427004272814623,0.0,0.0,0.0,0.0,0.2311682464164926,0.0,0.0,3.5046330700377983,0.0,0.0,0.9252531118653325
0.061208323450533474,0.0,0.0,0.0,0.0,0.0,0.0,0.0,0.0,0.0,1.4764509954175222,0.0,0.0,0.0,0.0,0.0,0.0,0.0,0.0,0.0,0.0,0.0
0.0013958451930658148,0.0,0.0,0.0,1.3613359234938256,0.0,0.0,0.0,0.0,0.0,0.10245369751438593,0.6244894667721637,0.0,0.0,0.0,0.3146755607180107,0.0,0.0,0.0,0.0,0.0,0.0
0.02020423112294461,0.0,0.0,0.0,0.7679729028978155,0.0,0.0,0.0,0.0,0.0,0.6530933659349795,0.15860888792037486,0.0,0.0,0.0,0.0628737963951587,0.0,0.0,0.0,0.0,0.0,0.0
0.0,0.0,0.0,0.0,0.0,0.0,0.0,0.0,0.0,0.0,1.0816094069917417,0.0,0.0,0.0,0.0,0.2822719782264905,0.0,0.0,0.0,0.0,0.0,0.0
0.0,0.0,0.07916280975939045,0.0,0.0,0.0,0.0,0.0,0.0,0.0,1.4113840066669918,0.0,0.0,0.0,0.0,0.5211565237329663,0.0,0.0,0.0,0.0,0.0,0.0
0.0,0.0,0.0,0.0,0.0,0.0,0.0,0.0,0.0,0.0,0.42270780234895383,0.5727968887168245,0.0,0.0,0.0,0.0,0.0,0.0,0.518905357597937,0.0,0.0,0.0
0.08240153924472472,0.0,0.0,0.0,0.0,0.0,0.0,0.0,0.0,0.0,0.5065769714159742,0.0,0.0,0.0,0.0,0.38550552215688055,0.0,0.0,0.0,0.0,0.0,0.0
0.16450463686238534,0.0,0.0,0.0,0.3075857378011228,0.3018186628859221,0.0,0.0,0.0,0.0,0.7575193666999097,0.4175245601964522,0.0,0.0,0.0,0.810554451165717,0.0,0.5226828835109039,0.0,0.0,0.0,0.0
0.06688252615403198,0.0,0.0,0.0,0.0,0.5472155662493399,0.0,0.6269706567410149,0.0,0.0,0.7072720072364869,0.0,0.0,0.0,0.0,0.7467621757289828,0.0,0.0,0.0,0.0,0.0,0.0
0.0,0.0,0.0,0.0,0.2268409660917712,0.0,0.0,1.983115921848933,0.0,0.0,0.9884700094768464,0.0,0.0,0.0,0.0,1.5734008251674139,0.5903309738914426,0.3227218056900094,0.0,0.0,0.0,0.0
0.14356807057637347,0.0,0.0,0.0,0.0,0.0,0.0,0.0,0.0,0.0,1.2291101261772557,0.0,0.0,0.0,0.0,0.9453162441273116,0.0,0.0,0.0,0.0,0.0,0.0
0.24535350173629944,0.0,0.0,0.0,0.9842131860974154,0.35214560598447125,0.0,0.22299265991672487,0.0,0.0,1.682494802383388,0.0,0.0,0.0,0.0,1.7729184064882957,0.0,0.0,2.222730252095907,0.0,0.0,0.0
0.15758619009858013,0.0,0.0,0.0,0.13838754373934647,0.0,0.0,0.5753480473507727,0.0,0.0,0.6245831074709356,0.17620408717277738,0.0,0.0,0.0,0.9709643660286607,0.0,0.0,0.15531656252473314,0.0,0.0,0.0
0.0,0.0,0.0,0.0,0.2937513285253154,0.07291292381722476,0.0,0.0,0.0,0.0,1.4032460317906414,0.922899588722947,0.0,0.0,0.0,0.8586648534800619,0.0,0.0,0.0,0.0,0.0,0.3475489860782974
0.12460016989832683,0.0,0.0,0.34328504504468754,0.31823896319816075,0.16165735046711222,0.0,0.19818364564448837,0.0,0.0,1.4322073052872988,0.006565991345021081,0.0,0.0,0.0,2.316387256516706,0.0,0.0,0.0,0.0,0.0,0.0
0.0,0.0,0.0,0.0,0.0,0.0,0.0,0.0,0.0,0.0,1.713218628407955,0.0,0.0,0.0,0.0,2.54740255891334,0.0,0.0,1.0784964338823853,0.0,0.0,0.0
0.15673803069436798,0.0,0.0,0.0,0.0,0.0,0.0,0.0,0.0,0.0,2.032904491057361,1.6260727838353208,0.0,0.0,0.0,1.0793642392837466,0.0,0.0,0.2543954288541221,0.0,0.0,0.0
0.04156202840846845,0.06889386100427691,0.0,0.25757549246609945,0.0,0.0,0.0,0.32568505536528103,0.0,0.0,1.2512315428839527,0.0,0.0,0.0,0.0,0.6193855677122463,0.0,0.0,0.590980960982639,0.0,0.0,0.0
0.05931514273548395,0.06984812797424321,0.0,0.0,0.0,0.0,0.0,0.0,0.0,0.0,1.8902135415494854,1.3961118492788263,0.0,0.0,0.0,3.593930451630636,0.0,2.145116996168423,0.0,0.0,0.0,0.0
0.061699773028417046,0.0,0.0,0.0,0.0,0.0,0.0,0.0,0.0,0.0,1.553746513671732,0.0,0.0,0.0,0.0,2.118044760475535,0.0,0.5283851043042397,0.0,0.0,0.0,0.6938329212464767
0.16413141078389282,0.0,0.0,0.0,0.0,0.0,0.0,0.6537260242243583,0.0,0.0,1.502518910980777,0.0,0.8924590760436196,0.0,0.0,1.0203965564675168,0.0,0.0,0.0,0.0,0.0,0.0
0.18305042541300143,0.03845239987250527,0.16740428498544904,0.0,0.0,0.0,0.0,0.009995613213091184,0.0,0.0,0.757147148985512,0.0,0.0,0.0,0.0,0.9589021748207397,0.0,0.010923840395576085,0.0,0.0,0.0,0.7422958467248546
1.3975974569198661,0.5140010191246696,0.5001652792526644,0.33002131248683003,0.0,0.6845080821291645,0.0,1.0148609105063453,0.0,0.0,0.3568687718419993,0.0,0.0,0.0,0.0,0.034805356038419874,0.0,0.0,0.0,0.0,0.0,0.8823479451939372
1.665131831220879,2.819274547207511,1.2054536916858547,1.989443439618477,0.0,1.5888987091043956,0.0,0.2623514355936582,0.26320084567125257,0.0,0.184824832116031,0.22384350093501793,0.0,0.0,0.24743437383310832,0.08873330420949192,0.0,0.15332740025885058,0.0,0.0,0.0,0.0
1.9349400247120452,1.2561855134827289,1.982617547672341,1.9207577025985658,0.0,0.366341736082129,0.0,0.6681580631886643,0.04920906883951338,0.0,0.09149351897399002,0.2593521245596459,0.0,0.0,0.04626130704163314,0.13933748928714726,0.0,0.0,0.0,0.0,0.0,0.0
3.118309376902319,1.149995248520494,2.821916955084055,3.939864838488811,0.0,1.8086629313363636,0.0,0.3560983526726531,0.0,0.0,0.24745355675136055,0.0,0.0,0.0,0.9233566929177197,0.3610268281404935,0.0,0.2020627658733792,0.0,0.0,0.0,1.8345388948448602
2.7177034485634497,0.7367125879535428,3.8084890874848254,3.7742421484451265,0.7659255906645434,2.0639962972668977,0.0,0.23811755884355146,2.2818870067057513,0.0,0.2907339344086222,0.0,0.0,0.0,0.6174345935869506,0.0,0.0,0.0,0.0,0.0,0.0,0.0
2.0953423612362783,0.45196705652474556,2.7082576481889458,1.934537713867998,0.0,1.3445019281837711,0.0,1.4010228473005482,0.0,0.0,0.17660259725886607,0.10547857276146003,0.0,0.6069683291707021,0.4433671318968454,0.16692455830478806,0.0,0.0,0.0,0.0,0.0,0.6032040036519503
2.0146879178394483,0.15335669180488054,1.8733841099568547,2.2036421390020227,0.694123821941995,0.47083718926457335,0.0,0.0,0.2977242150485097,0.0,0.18208583259397876,0.0,0.005641108870221018,0.0,0.0,0.0,0.0,0.0015397630883498346,0.0,0.0,0.0,0.0
3.304674320061023,0.7050734804294965,2.9720904680805624,2.0403163427328677,0.46693935764948097,1.5916874424601144,0.0,0.0,0.0,0.0,0.07141498209071113,0.0,0.3206520028218565,0.0,0.7540054424900599,0.13836690263348503,0.0,0.08752323869459329,0.07917708807227328,0.0,0.0,0.0
2.223455299694978,1.4883791518697125,1.6544691623192833,1.5178710078694801,0.0,0.49367416080505444,0.0,0.10807946994467961,0.0,0.0,0.16329353743550698,0.0,0.0,0.2692571506118892,0.0,0.1822138445786881,0.0,0.0,0.0,0.0,0.0,0.0
1.0284956299454917,0.037757058372498785,0.10828186893728771,0.05462143679716074,0.0,1.9097738750162232,0.0,0.11533955177192765,0.0,0.0,0.5688407252316788,0.0,0.0,0.0,0.0,0.24994190510676612,0.0,0.0,0.5855279573925466,0.0,0.0,0.0827789594386891
0.19264194103811805,0.0,0.0,0.0,0.6273328075015167,0.02371324939537614,0.0,0.0,0.0,0.0,0.6945198240850345,0.0,0.8153554932265448,0.0,0.0,0.3265554729387025,0.0,0.0,2.910276747159935,0.0,0.0,0.0
0.09782991842180475,0.0,0.0,0.0,0.0,0.0,0.0,0.0,0.0,0.0,0.1994952195857811,0.0,0.0,0.0,0.0,0.36062546100725756,0.0,0.0,1.0013776440801336,0.0,0.0,0.0
0.008286725190819428,0.0,0.0,0.0,0.0,0.0,0.0,0.0,0.0,0.0,0.49470224674860575,0.0,0.0,0.0,0.0,0.05674434626563004,0.0,0.0,0.0,0.0,0.0,0.0
0.0,0.0,0.0,0.0,0.0,0.0,0.0,0.488033737093628,0.0,0.0,0.30147040636349604,0.03637459109364746,0.0,0.0,0.0,0.4394325002263715,0.0,0.0,0.0,0.0,0.0,0.0
0.041688047528872146,0.0,0.13142086649743281,0.0,0.0,0.0,0.0,0.0,0.0,0.0,0.11864344643000058,0.0,0.0,0.0,0.0,0.19758750692325047,0.0,0.0,0.0,0.0,0.0,0.0
0.0,0.0,0.0,0.0,0.0,0.0,0.0,0.0,0.0,0.0,0.3070757334708095,0.0,0.0,0.0,0.0,0.05313343592184944,0.0,0.0,0.0,0.0,0.0,0.0
0.0,0.0,0.0,0.0,0.0,0.0,0.0,0.0,0.0,0.0,0.2609343879204026,0.0,0.0,0.0,0.30204975646095644,0.29480156478114306,0.0,0.0,0.0,0.37923621082686154,0.0,0.0
0.038761000066191174,0.0,0.0,0.6202476307230746,1.3155571840643194,0.0,0.0,0.0,0.0,0.0,0.29817876167591684,0.0,0.0,0.0,0.0,0.3502976535073651,0.0,0.2239984812558463,0.0,0.0,0.0,0.0
0.07569021722241988,0.0,0.0,0.0,0.5917753076932968,0.0,0.0,0.0,0.0,0.0,0.40020397888147285,0.0,0.0,0.0,0.0,0.8850630383231293,0.0,0.0,0.0,2.049610838920583,0.0,0.0
0.01451549905999984,0.0,0.0,0.0,0.0,0.0,0.0,0.4017639603090464,0.0,0.0,0.18135178646153802,0.0,0.0,0.0,0.0,0.04517096082097958,0.0,0.0,0.0,0.0,0.0,0.0
0.18586165929557713,0.0,0.0,0.46625534657360435,0.0,0.0,0.0,0.14066431169889246,0.0,0.0,0.7575550309942158,0.0,0.0,0.0,0.0,0.28889905919796155,0.0,0.0,0.0,0.0,0.0,0.0
0.14609573824204214,0.0,0.0,0.0,0.0,1.4721367285682854,0.0,0.0,0.0,0.0,0.2319311289321767,0.0,0.0,0.0,0.0,0.5286045827067465,0.0,0.0,0.0,0.0,0.0,0.15931899653206727
0.2219178902576686,0.0,0.0,0.0,1.0323280616380441,0.6712385247494284,0.0,0.0,0.0,0.0,0.7097442906030461,0.6440451164927772,0.0,0.0,0.0,0.20098352372220618,0.0,0.0,0.0,0.0,0.0,0.0
0.12776109930734209,0.0,0.0,0.0,0.0,0.0,0.0,0.0,0.0,0.0,0.44909689958728766,0.0,0.0,0.0,0.0,1.0489240061574563,0.0,0.0,0.5559129320940396,0.0,0.0,1.5878446801101571
0.04371558772768538,0.0,0.0,0.0,0.7461589118001675,0.0,0.0,0.28782286955018666,0.0,0.0,1.1708379656824262,0.0,0.0,0.20788497595471994,0.0,1.019455964211756,0.0,0.0,0.6216029639199311,0.0,0.0,0.0
0.0,0.0,0.0,0.2936982893088717,0.0,0.0,0.0,0.15413797941798726,0.0,0.0,0.5160565975371987,0.0,0.0,0.0,0.0,0.9364450415526365,0.42856998141214586,0.0,0.0,0.0,0.0,1.2297211720804349
0.05938846532016921,0.0,0.0,0.11562960394527719,0.09314364489566149,0.0,0.0,0.12911935494476706,0.0,0.0,0.7584874725326494,0.5848750197502844,0.0,0.0,0.0,0.7627323394711429,0.0,0.03170081809958622,0.3741419050580197,0.0,0.0,0.4667946869866767
0.21930650862175227,0.0,0.0,0.0,0.0,0.0,0.0,0.0,0.0,0.0,1.3840321569376295,0.0,0.0,0.0,0.0,0.9201888613988662,0.0,0.0,0.0,0.0,0.0,0.1807304135291352
0.0556040624807189,0.0,0.0,0.0,0.9681848478828141,0.0,0.0,1.4570035948034115,0.0,0.0,1.2283628839228464,1.03631872819515,0.0,0.0,0.0,1.5909463483273545,0.0,0.0,1.3222322501410555,0.0,0.0,0.24423795836049259
0.1505512732001169,0.0,0.0,0.0,1.4264424313275934,0.0,0.0,1.776222013147032,0.0,0.0,2.4703648317946296,0.0,0.0,0.0,0.0,0.7075021980470662,0.0,0.0,0.0,0.0,0.0,0.0
0.008619861434020031,0.0,0.0,0.0,0.26588321192110825,0.0,0.0,0.9487615689772299,0.0,0.0,1.4374954939798747,1.3668246213226922,2.2973412109940092,0.0,0.0,1.3420363167997036,0.0,0.0,0.0,0.0,0.0,0.0
0.19765529685594047,0.028895523485379448,0.0,0.0,0.0,0.0,0.0,0.0,0.0,0.0,1.141696862409279,0.6549005027566541,0.0,0.0,0.0,1.841130276061812,0.0,0.0,0.6781664906894654,0.0,0.0,0.0
0.10158040389636772,0.0,0.11426734589442229,0.0,0.0,0.0,0.0,0.0,0.0,0.0,1.2635684344450353,0.0,0.0,0.0,0.0,0.8535045073903443,0.0,0.05101062055099837,1.2382273823659968,0.0,0.0,0.0
0.20677422858342015,0.0,0.0,0.0,0.5899918130918151,0.0,0.0,0.36741801583274286,0.0,0.0,1.801239907000976,2.7705781059374166,1.2145273852649703,0.0,0.0,1.5856084982879053,0.0,0.0,0.0,0.0,0.0,0.3197663906137868
0.0,0.0,0.0,0.0,0.0,0.0,0.0,0.0,0.0,0.0,1.0369579708950778,0.22677638094005811,0.0,0.0,0.0,1.7608145544572433,0.0,0.0,0.0,0.0,0.0,0.0
0.18516489134840766,0.0,0.04873613699810637,0.286507564033027,0.0,0.0,0.0,0.3011063117821004,0.0,0.0,1.6492131170313902,0.0,0.0,0.0,0.0,1.720685741433878,0.0,0.0,0.0,0.0,0.0,0.0
0.048976404798195365,0.0,0.032798017904220336,0.0,0.0,0.0,0.0,0.38378500085531464,0.0,0.0,1.3561424596636131,0.0,0.0,0.0,0.0,0.8067776515596705,0.0,0.0,0.0,0.32992761242920243,0.0,0.0
0.0,0.0,0.05928217955456758,0.0,0.0,0.0,0.0,0.0,0.0,0.0,2.197006427997886,0.0,0.0,0.0,0.0,0.8331524879081547,0.0,0.0,0.0,0.5963417672724972,0.0,0.0
0.1276932438581282,0.17320330264113365,0.1424925270711874,0.0,0.4715495947463396,0.0,0.0,0.571168520569854,0.0,0.0,1.08966308278579,0.13112164338442195,0.0,0.0,0.0,1.3183335411216146,0.0,0.0,0.0,0.0,0.0,0.0
0.19240598137356457,0.0,0.04016164463784983,0.0,0.0,0.0,0.0,0.534461919558299,0.0,0.0,1.4098025228774627,0.4625253369418979,0.0,0.0,0.0,1.3700818697306942,0.0,0.0,1.0177072581512518,0.0,0.0,0.0
0.13208697358492857,0.0,0.0,0.0,0.0,0.0,0.0,0.03719755071062728,0.0,0.0,2.462157239776903,0.46375809460699763,0.05971769082493458,0.0,0.0,0.5486768871232506,0.0,0.29364582296120667,0.0,0.0,0.0,0.0
0.9669419979764586,0.4489444613763873,0.02913397440185626,0.4726211111588542,0.0,0.35608115475479324,0.0,0.9841703817255782,0.0,0.0,0.632142397320678,0.26563465445335327,0.5025970919146715,0.0,0.0,0.1318016460225581,0.0,0.0,0.0,0.7874319924994408,0.0,0.0
1.3847704643219936,1.483024494166279,0.791215614021697,0.9189863859850503,0.0,0.8138376497907366,0.0,0.40827059386135717,1.181361357320432,0.0,0.07418130189848468,0.0,0.0,0.0,0.0,0.0,0.0,0.0,0.0,0.0,0.0,0.0
0.5952512360421406,0.5352122132147424,0.4945328558091495,1.3478026303144663,0.0,0.08713203589617925,0.0,0.2685789647837174,0.0,0.0,0.10803812769330862,0.0,0.0,0.0,0.0,0.15336905749631427,0.0,0.0,0.0,0.0,0.0,0.0
0.954812494265206,0.37363056776389736,1.5544388317176245,1.0629317290882634,0.0,0.0,0.0,1.5662011134769904,0.004300578765481592,0.0,0.04617834648497516,0.0,0.0,0.0,0.0,0.30149554316350824,0.0,0.0,0.0,0.0,0.0,0.0022375377001557025
2.2826008038124925,0.38247366046628173,2.49944074510112,1.0173596288107432,0.0,0.7169968770363161,0.0,1.9823505265267565,0.3125337547011998,0.0,0.1916983973622338,0.0,0.0,0.0,0.0,0.0,0.0,0.0,0.0,0.0,0.0,0.0
1.8576873539617738,0.30570271208770405,3.435468002908616,2.0596790941508316,0.0,0.4403739829814514,0.0,1.7704685935902074,0.0,0.0,0.0880628378904521,0.0,0.0,0.0,0.7315417403365417,0.11203812572470656,0.0,0.0,0.0,0.0,0.0,0.14369753015846218
3.100128431328481,1.0378079217731593,3.427847631046358,1.3714984313375882,0.0,0.4124622044925635,0.0,0.6395246436200872,0.47618320719001267,0.0,0.21312240796858245,0.0,0.0,0.0,0.0,0.11900017813409186,0.0,0.13440214273640064,0.16610521951110233,0.0,0.0,0.29865845479946784
4.151110139437474,2.4829115564351896,3.859481482856118,3.870399568765994,0.9589124603645602,1.7726112707428872,0.0,0.41312158036910135,1.9306173405499902,0.0,0.3891737682145102,0.10251236723091879,0.0,0.0,0.5357335960665148,0.20141703588066373,0.0,0.17549663886659475,0.0,1.045434600318287,0.0,0.0
2.472892375486829,1.7229780149421376,0.5054188275493238,0.8414470645424514,0.0,1.0202433431769378,0.0,0.9132686844444067,0.0,0.0,0.13961278970686225,0.10404611133159065,0.0,0.0,0.3503841537458181,0.0813658289343253,0.0,0.0,0.07488090714045907,0.0,0.0,0.4846220376977658
1.2205159764026356,0.1447093281934611,0.0,0.0,0.0,1.472916393444622,0.0,1.6054561393135152,0.0,0.0,0.15910649684926334,0.0,0.0,0.0,0.0,0.1166789371920933,0.0,0.0,0.0,0.0,0.0,0.0
0.09312234213135784,0.0,0.030764386854330545,0.1582052941190255,0.0,0.0,0.0,0.22882667924468716,0.0,0.0,0.6474043085488178,0.30183885757163637,0.0,0.0,0.0,0.5923639733283093,0.0,0.0,0.5467222027961831,0.0,0.0,0.8642631440297273
0.020660188238168342,0.0,0.0,0.0,0.0,0.0,0.0,0.20571830215438358,0.0,0.0,0.7192838008484678,0.0,0.0,0.0,0.0,0.06429269497402837,0.0,0.0,0.0,0.0,0.0,0.0
0.04261857062287572,0.0,0.0,0.0,0.0,0.0,0.0,0.0,0.0,0.0,0.3538554037373938,0.0,0.0,0.0,0.0,0.28831097536785194,0.0,0.0,0.0,0.0,0.0,0.0
0.0,0.0,0.0,0.0,0.0,0.009879851504055376,0.0,0.0,0.0,0.0,0.01965523993248328,0.3959345077012353,0.0,0.0,0.0,0.6175645311845955,0.0,0.0,0.8639510567463489,0.0,0.0,0.0
0.08112717877388768,0.0,0.0,0.0,0.0,0.0,0.0,0.0,0.0,0.0,0.31809602245498064,0.0,0.0,0.0,0.0,0.19135215141198983,0.0,0.0,0.12452479191285466,0.0,0.0,0.9123000730528908
0.1336218495337652,0.0,0.0,0.0,0.0,0.0,0.0,0.0,0.0,0.0,0.23114192015650148,1.0489690415561508,0.0,0.0,0.0,0.0,0.0,0.0,0.6302755656294725,0.0,0.0,0.0
0.0,0.0,0.0,0.20482947267300713,0.0,0.0,0.0,0.0,0.0,0.0,1.0196311112649987,0.0,0.0,0.0,0.0,0.36059959659357355,0.0,0.15919927280269094,0.0,0.0,0.0,0.0
0.0,0.0,0.0,0.0,0.11229608491881984,0.0,0.0,0.06993250379261978,0.0,0.0,0.31895412088116837,0.0,0.0,0.0,0.0,0.027771883721299743,0.0,0.0,0.0,0.0,0.8737475932815673,0.0
0.0,0.0,0.0,0.0,0.38012003104469855,0.0,0.0,0.23672014506918126,0.0,0.0,0.3501967208221649,0.32369612330054975,0.0,0.0,0.0,0.25032993578281243,0.0,0.0,1.1644624794809106,0.0,2.957618357964304,0.0
0.0,0.0,0.0,0.0,0.012202152124890701,0.0,0.0,0.0,0.0,0.0,0.18316164858260037,0.0,0.0,0.0,0.0,0.2386654220370421,0.0,0.0,0.0,1.450278056914544,0.0,0.0
0.11087463273161138,0.0,0.13387612269221363,0.0,0.0,0.0,0.0,0.4136598268618349,0.0,0.0,0.20491034426688048,0.0702011327974555,0.0,0.0,0.0,0.0,0.0,0.0,0.0,0.0,0.0,0.0
0.4733277543699021,0.0,0.0,0.11119334420755017,0.22515193526178998,0.19941729849794146,0.0,0.19449220203036194,0.0,0.0,0.21642785343349716,0.0,0.0,0.0,0.7103802154451313,0.0,0.0,0.0,0.0,0.0,0.0,0.0
0.21873233325494554,0.0,0.09937976026150022,0.43394068658241275,0.0,0.3206142668031546,0.0,0.6834884228723768,0.0,0.0,0.2651095858214989,0.0,1.2356332363676483,0.0,0.0,0.0,0.0,0.0,0.0,0.0,0.0,0.0
0.4548838954957918,0.0,0.0,0.0,0.0,0.0,0.0,1.2447123742514732,0.0,0.0,0.22213950760524526,0.0,0.0,0.0,0.0,0.0,0.0,0.0,0.0,0.0,0.0,0.48715603280388825
0.02086915526953706,0.0,0.0,0.0,0.0,1.6441218138726748,0.0,0.8693600356114475,0.0,0.0,0.23343010422667582,0.0,0.0,0.0,0.0,0.03247231371794857,0.0,0.0,0.0,2.2287493152297926,0.0,0.0
0.07857329826909859,0.08431496681356118,0.19926721896947194,0.0,0.0,0.0,0.0,0.0,0.0,0.0,0.827756074514163,0.0,0.0,0.0,0.0,1.0043050032894405,0.0,0.0,0.0,0.0,0.0,0.0
0.07897698016307249,0.0,0.0,0.0,0.0,0.0,0.0,0.0,0.0,0.0,0.7479021664063872,0.0,0.0,0.0,0.0,0.47421658871281525,0.0,0.0,0.0,0.0,0.0,0.0
0.06492941975669518,0.0,0.1451767200110009,0.0,0.0,0.0,0.0,0.0,0.0,0.0,0.7261343251970375,0.0,0.0,0.0,0.0,0.6918737335022418,0.0,0.0,0.0,0.0,0.0,0.0
0.1250461972717499,0.0,0.0,0.0,0.0,0.0,0.0,0.0,0.0,0.0,1.818176022940867,0.0,0.0,0.0,1.3631498368688197,2.0844054267663337,0.0,0.0,0.0,0.0,0.0,0.0
0.034366701490105594,0.0,0.0,0.0,0.0,0.0,0.0,0.8392739927208762,0.0,0.0,1.2560830501470805,0.46413497760025063,0.0,0.0,0.0,0.6333682978241664,0.0,0.0,0.8406899608283275,0.0,0.0,0.0
0.016547561023959628,0.0,0.0,0.0,0.0,0.0,0.0,0.0,0.0,0.0,0.7422128046081095,0.13996964709428664,0.0,0.0,0.0,0.2299112022678376,0.0,0.0,0.4849730186974386,0.0,0.0,0.3835413199858424
0.15305832484294823,0.0,0.0,0.5764201914399689,0.0,0.8849772796689029,0.0,0.0,0.0,0.0,1.2846943269055542,0.1933164188365455,0.0,0.0,0.0,1.2447761178921444,0.0,0.0,0.0,0.0,0.0,1.2163475432231532
0.06719940423409894,0.0,0.241943134102675,0.0,1.2004361349680885,0.0,0.0,0.1698076842530721,0.0,0.0,1.25528429546102,0.0,0.0,0.0,0.0,1.2508209271123483,0.0,0.0,1.3565293085339005,0.0,0.0,0.0
0.20569783094143468,0.1765100528562196,0.0861346968898138,0.0,0.0,0.190166234932217,0.0,0.5984726104496889,0.0,0.0,1.6068765265457057,1.4852937132359156,0.0,0.0,0.0,0.877841113562279,0.0,0.0,0.0,0.0,0.0,0.0
0.0524806354664321,0.10470513801580997,0.0,0.0,0.0,0.11593499012009452,0.0,1.1523260121370382,0.0,0.0,2.106097749107711,0.0,0.0,0.0,0.0,0.8421344061226461,0.0,0.0,0.0,0.0,0.0,0.0
0.25706840775075496,0.05622337180505857,0.0,0.0,0.0,0.0,0.0,0.3678123564539989,0.0,0.0,1.8536784900665029,0.19097469195494277,0.0,0.0,0.49430073776100747,1.8184567322958367,0.5699878419659835,0.0,1.0851240642654738,0.0,3.588405899130279,0.0
0.13015954384499465,0.1851601471886757,0.07137075584527044,0.0,0.0,0.0,0.0,0.2205263635684152,0.0,0.0,0.6496470323334089,0.0,0.0,0.0,0.0,0.3368914541248649,0.0,0.0,0.8456704780028197,0.0,0.0,0.0
0.3556280165412631,0.02985462303626026,0.032760174491107505,0.0,0.5414669995433166,0.33884964583851834,0.0,0.33719913767710885,0.0,0.0,0.8739800013634378,0.0,0.0,0.07311125369068237,0.0,0.7046826113675398,0.38998019555719227,0.0,0.24025759096834298,0.0,0.0,0.0
0.12129229620461311,0.0,0.0938183663653387,0.28375498702287566,0.0,0.0,0.0,0.0,0.0,0.0,0.962454429370103,0.81383409676872,0.0,0.0,0.0,0.44401756769104184,0.0,0.0,0.4782207776599289,0.0,0.0,0.0
0.3355239552548867,0.07446240115282739,0.10697341211631116,0.0,1.7353671060830087,0.0,0.0,0.12624747647700352,0.0,0.0,1.4725434288933696,0.6410000627888961,0.0,0.0,0.0,1.012836771528066,0.0,0.0,1.2180595829870229,0.0,0.0,0.0
0.10729215496928832,0.0,0.0,0.0,0.0,0.0,0.0,0.0,0.0,0.0,0.9700617358663243,0.9392746681900869,0.0,0.0,0.0,0.4656811831237274,0.0,0.0,0.0,0.7671408075618434,0.0,0.0
0.1411687215928589,0.0,0.0,0.0,0.416520157299752,0.0,0.0,0.279554366975873,0.0,0.0,0.614437646606355,0.41283735412127065,0.0,0.0,0.0,0.16365193708670103,0.0,0.0,0.0,0.0,0.0,0.5913779533617228
0.6602703200688458,0.3555615655838973,0.061692486812232404,0.13169745142203346,0.22314325808600116,1.4531227969983709,0.0,0.9499987394539643,0.0,0.0,0.884094117406388,0.0,0.0,0.0,0.0,0.5819575808858748,0.0,0.0,0.69827826511819,0.0,0.0,0.0
3.2469303127801714,1.7949908231196732,0.19343390149721107,0.9290483270432728,0.0,1.8297611995392509,0.0,2.299236747710294,0.0,0.0,0.15077657860990185,0.0,0.0,0.0,1.4757078367693237,0.0,0.0,0.0,0.0,0.0,0.0,0.7351340704214978
4.204946626540234,1.903576997604483,1.5022656757430575,3.0912339310948287,0.0,3.984854719408651,0.0,0.29379504410644064,0.0,0.0,0.34216738680020614,0.0,3.4422424756896346,0.0,0.7618053222816036,0.0,0.0,0.0,0.0,0.0,0.0,0.0
2.5463639182329665,1.929984654705048,1.9933706247072243,2.4994934364068015,0.0,0.0,0.0,0.7353235194434002,1.2805906279696773,0.0,0.22916706479912446,0.542901557650027,0.0,0.0,0.0,0.21526063652876684,0.0,0.06518226757446367,0.0,0.0,0.0,0.0
2.5106535733787134,1.1607918542224762,2.9294989022286715,2.1780059009132073,0.1326892758995299,1.4299094702260748,0.0,0.4612204328722564,0.8206154173426932,0.0,0.04992632850502388,0.0,0.0,0.0,1.1295567460666311,0.0,0.08260766097867324,0.12342246935510283,0.0,0.0,0.0,0.0
2.152015646150528,0.874617336745796,3.088692813330856,2.188722433280504,0.0,2.8291268732157775,0.0,1.0990177734374682,0.0,0.0,0.08720961570708645,0.0,0.0,0.0,2.9094586908619817,0.0,0.6142735212848911,0.0,0.0,0.0,0.0,0.0
1.6398261876746645,1.4503790526689255,2.450860784437497,0.12758690805002176,0.9564831178566852,0.8061918281970444,0.0,0.9463860321665509,0.25028256536673466,0.0,0.16166395225835312,0.0,0.0,0.0,1.0388837167009795,0.0,0.0,0.2189627211175927,0.0,2.2183478846584315,0.0,0.13021890918373644
1.3985199998392286,0.4677531186864943,0.3227155449346443,0.35061463221412587,0.0,0.4762104462134287,0.0,0.0,1.375316569175443,0.0,0.5450686430498385,0.4995281722654199,0.0,0.0,0.0,0.0,0.0,0.0,0.0,0.0,0.0,0.0
2.3536006449042386,0.6773022552632743,0.46990267476702674,1.5421743340440057,0.0,1.6133196331252688,0.0,1.915750366576287,0.0,0.0,0.15773663724480788,0.0,0.0,0.0,0.18663089700050853,0.07624034441578517,0.0,0.0,0.9123464078448508,0.0,0.0,0.0
1.435025980749474,0.3224576653922668,0.0,0.15825858745267385,0.0,1.3537625800552524,0.0,1.2814499877619563,0.0,0.0,0.5055926679241944,0.0,0.0,0.0,0.5835964957698112,0.43870530616263825,0.0,0.0,0.0,0.0,0.0,0.7351258601941066
0.1031402745513074,0.0,0.13603684492056675,0.21082175924639343,0.0,0.0,0.0,0.0,0.0,0.0,0.34025575954763027,0.0,0.0,0.0,0.0,0.21325999769215478,0.0,0.0,0.0,0.0,0.0,0.3891767796592847
0.1358888947648725,0.0,0.0,0.0,0.0,0.0,0.0,0.4009047205162662,0.0,0.0,0.49962657436557073,0.0,0.0,0.0,0.0,0.2801758169660518,0.0,0.0,0.0,0.0,0.0,1.0119379908968305
0.0,0.0,0.0,0.0,0.0,0.0,0.0,0.0,0.0,0.0,0.04885516717673752,0.0,0.0,0.0,0.0,0.2606251565278634,0.0,0.0,0.0,0.0,0.0,0.6314187427388045
0.0036439901908090276,0.0,0.0,0.0,1.5724325855273704,0.0,0.0,0.0,0.3887133578502468,0.0,0.39436850570509385,0.0,0.0,0.0,0.0,0.9520647545638072,0.0,0.0,0.8578871000842205,0.0,0.17971499033909227,0.5817403380806347
0.06406131725274516,0.0,0.1442118234822399,0.0,0.7155279881769798,0.0,0.0,0.0,0.6490319577611297,0.0,0.2638959170972694,0.0,0.0,0.0,0.0,0.3914131903166451,0.0,0.0,0.5229884430872128,0.0,0.0,0.0
0.3023224391490434,0.0,0.0,0.0,0.0,0.0,0.0,0.0,0.0,0.0,0.541700716286717,0.0,0.0,0.0,0.0,0.0,0.0,0.0,0.0,0.0,0.0,0.0
0.11154213650151709,0.0,0.0,0.14992987122952903,0.0,0.0,0.0,0.0,0.0,0.0,0.4912801472322069,0.0,0.0,0.0,0.0,0.7188005673473132,0.0,0.11652974623064384,0.0,0.0,0.0,0.0
0.0,0.0,0.0,0.0,0.0,0.0,0.0,0.0,0.0,0.0,0.11971076962102431,0.0,0.0,0.0,0.0,0.13017983866720448,0.0,0.0,0.0,4.303831105837852,0.0,1.0321675248152586
0.014111993186820597,0.0,0.0,0.0,0.0,0.0,0.0,0.384369276326834,0.0,0.0,0.3140707957111838,0.5730685043381025,0.0,0.0,0.0,0.2126295122958572,0.0,0.0,0.0,0.0,0.0,0.9179798781366033
0.007901058800661307,0.0,0.0,0.0,0.0,0.0,0.0,0.0,0.0,0.0,0.3845114347956504,0.15523614125958732,0.0,0.0,0.0,0.11964543383152226,0.0,0.0,0.0,0.0,0.0,1.231025442996826
0.2659986110162538,0.0,0.0,0.0,0.0,0.6176768617313175,0.0,0.0,0.0,0.0,0.02484705884960319,0.0,0.0,0.0,0.0,0.0,0.0,0.0,0.0,0.0,0.0,0.0
0.8462054914160638,0.0,0.09592127679529248,0.0,0.0,0.6316812154954236,0.0,0.0,0.0,0.0,0.12072945379225004,0.0,0.0,0.0,1.0573173995465681,0.18113029958784158,0.0,0.0,0.0,0.0,0.0,0.0
0.26830641997423,0.2349895823083578,0.0,0.09614699527615127,0.0,0.0,0.0,0.8922418954660174,0.0,0.0,0.08014629525542642,0.0,0.0,0.0,0.0,0.0,0.0,0.0,0.0,0.0,0.0,0.0
0.011807297188898253,0.0,0.11464769535819933,0.0,1.0211653702219383,0.0,0.0,0.526882085151307,0.0,3.6919025102614134,0.5519960571127227,0.0,0.0,0.0,0.0,0.01837210244147374,0.0,0.0,0.08394759466960867,0.0,0.0,0.0
0.0822249769010539,0.0,0.0,0.0,0.7473158467765706,0.0,0.0,0.16032872331940137,0.0,0.0,0.8416816781896468,0.10655112845315967,0.0,0.0,0.0,0.41926571662969403,0.0,0.0,0.6136243138740733,0.0,0.0,0.0
0.09730485279532497,0.14006366922670535,0.0,0.0,0.49806698269941313,0.0,0.0,0.0,0.0,0.0,0.7993704963407354,0.38194488603735877,0.0,0.0,0.0,0.7488053313725394,0.0,0.0,0.0,0.0,0.0,1.064716878657355
0.11564956019615616,0.0,0.0,0.0,0.0,0.0,0.0,0.0,0.0,0.0,1.2981650785545793,0.0,0.0,0.0,0.0,0.8597326076252076,0.0,0.0,0.0,0.0,0.0,0.0
0.08055734002895316,0.0,0.0,0.0,0.0,0.0,0.0,0.5655944075638001,1.54870751513025,0.0,1.7049837713081888,0.5666164816243601,1.132448505238328,0.0,0.0,1.1051039467352521,0.0,0.0,0.0,0.0,0.0,0.0
0.14148785335974862,0.0,0.0,0.0,0.770932361580705,0.0,0.0,0.0,0.0,0.0,1.3743998800340524,0.0,0.0,0.34675964017965744,0.0,1.5311140251636217,0.0,0.0,0.0,0.0,0.0,0.5308071931405702
0.17168268035828665,0.0,0.0,0.9009475658218172,0.0,0.0,0.0,0.36721269471175416,0.0,0.0,2.080822870018093,0.9911280988158788,0.0,0.0,0.0,1.135401420344686,0.0,0.0,0.0,0.0,0.0,0.0
0.17198842817654392,0.0,0.0,0.0,0.0,0.0,0.0,0.5530037756324138,0.0,0.0,1.2131221942662185,1.5968862860415454,0.0,0.0,0.0,0.9486013427279003,0.5528383161086182,0.0,0.0,1.3459677284813,0.0,0.0
0.12783032626072202,0.0,0.17859937044986565,0.0,0.0,0.0,0.0,1.4768988947947679,0.0,0.0,1.7664089666908473,0.5528460870482871,0.26787339625117096,0.0,0.0,1.2494535037812966,0.0,0.0,0.0,0.4355590815331607,0.0,0.0
0.1947909386598675,0.08733204081834223,0.0,0.0,1.026472968647707,0.0,0.0,0.0,0.0,0.0,1.9145224895184842,0.0,0.0,0.0,0.0,2.200493552977865,0.0,0.0,0.0,0.0,0.0,0.0
0.0,0.0,0.0,0.0,0.3201894475978807,0.0,0.0,0.0,0.0,0.0,0.8640527986505974,0.6317307710386992,0.0,0.0,0.0,0.23753075915782876,0.0,0.0,0.0,0.0,0.0,0.546278695771059
0.3201797048440392,0.0,0.0,0.0,0.0,0.0,0.0,0.0,0.0,0.0,2.1968828486493672,0.3449370767738296,0.0,0.0,0.0,1.132535807559635,0.0,0.0,0.0,0.0,0.0,0.0
0.047238050695400394,0.05527261427936772,0.0,0.0,0.0,0.0,0.0,0.9632624478867652,0.0,0.0,2.0438370286629395,0.2834527928580619,0.0,0.0,0.03363366451838099,2.4018652253037946,0.0,0.0,0.0,0.0,0.0,0.0
0.14011593241609635,0.0,0.0,0.1076345491065768,0.9173277841952128,0.23375654325307899,0.0,0.3766101409441049,0.0,0.0,1.1179241030541913,0.0,0.44826254603109156,0.0,0.0,0.4910733825058706,0.0,0.0,0.0,1.2783054736612685,0.0,0.24219003278134704
0.06519020373905739,0.0,0.0,0.10990765873511196,0.0,0.5333694210476168,0.0,1.0214379066855441,0.0,0.0,0.8965607720790081,0.46093484593691675,0.0,0.0,0.0,0.7455612737760196,0.0,0.0,0.0,0.0,0.0,0.22430763193632738
0.06977017208898587,0.0,0.09877477212428605,0.36533776969649523,0.0,0.0,0.0,0.5888217646076672,0.0,0.0,1.2257231055329574,0.0,0.0,0.0,0.0,0.7386365750595503,0.0,0.0,0.0,0.0,0.0,0.0
0.0,0.23384336872240072,0.0,0.0,0.0,0.0,0.0,0.8402782994637955,0.15936677723301024,0.0,1.3320937200039888,0.0,0.0,0.0,0.0,1.297048734958041,0.0,0.0,1.4387175867831146,2.735608808572953,0.0,0.0
0.25418013413396856,0.1756519106407319,0.0,0.04236298161069445,0.0,0.0,0.0,1.1908477745271233,0.0,0.0,1.4966992812000548,0.7928305406695522,0.0,0.0,0.0,0.34202563242349254,0.0,0.0,0.5534919692160445,0.0,0.0,1.522401761719919
0.23174588235968113,0.0,0.06168150181163886,0.10456924206516445,0.0,0.0,0.0,0.24776148691647829,0.0,0.0,0.8281484448858984,0.0,0.0,0.0,0.0,0.1563390891294029,0.0,0.1955874591817575,0.0,0.0,0.0,0.0
0.3493542453944366,0.03776341907497784,0.2465342630750982,0.24540599806524663,0.0,0.0,0.0,0.23854314248163133,0.0,0.0,1.325395225779782,0.0,0.2212521156124388,0.0,0.0,0.0,0.0,0.0,0.0,0.0,0.0,0.36728321695866684
0.9972418174611408,0.0,0.10373308541758991,0.1305135414606439,0.22106290998393058,0.6240283129743843,0.0,0.5902765590891033,0.0,0.0,1.2016462344506627,0.27764653244555826,0.7365839593155328,0.0,0.0,0.8164949629860511,0.0,0.0,0.0,0.44818899702976117,0.0,2.790736439084581
1.455805095548447,1.1268416140944615,0.2485968772700266,1.4703018993277628,0.0,1.0266497062427438,0.0,1.0140447119496334,0.0,0.0,0.2847121159119059,0.0,0.0,0.0,0.6405709909921964,0.09810564355680775,0.0,0.21577100188951384,0.0,0.0,3.131946026689137,1.2217801457315771
2.533334339828889,0.8226844299161249,0.7407272664917645,1.4479956107192395,0.44365220476341816,1.9471526662250198,0.0,1.0573566828015912,0.0,0.0,0.10823424277923355,0.0,0.0,0.0,0.0,0.02384509059384619,0.0,0.0,0.0,0.0,0.0,0.0
2.6479599708334645,1.7894420302230074,0.9301468425367255,1.8907061592415855,0.0,0.0,0.0,0.7199926643714663,0.0,0.0,0.12974976222575466,0.0,0.0,0.0,0.0,0.0,0.0,0.0,0.0,0.0,0.0,0.0
0.7001573395926879,0.4610608580747582,0.5489767691465262,0.39198749658679377,0.0,0.0,0.0,0.056241263580594586,0.0,0.0,0.2338184101852011,0.0,0.0,0.0,0.0,0.0,0.0,0.0,0.0,0.0,0.0,0.0
0.8924578489217372,0.14285354386550667,0.0,0.21317853798467729,0.0,0.0,0.0,0.0,0.0,0.0,0.20742710979646647,0.0,0.0,0.0,1.6970392215428225,0.34018915003170863,0.0,0.0,0.0,0.0,0.0,0.0
2.1562663525555292,1.2952396476766026,1.9917486020053743,1.258140961306555,0.0,0.4236469513005964,0.0,1.7248145832343258,0.0,0.0,0.2767047417348466,0.0,0.0,0.0,1.4661819706627515,0.26361648328962106,0.0,0.031786877490160945,0.0,0.0,0.0,0.0
2.0611396158940254,1.0463902142949773,0.5609432421727657,0.4275330666974169,0.5513964874478889,1.0571934154171516,0.0,0.10134982501382901,1.4613737407591596,0.0,0.10748675340656413,0.0,0.0,0.0,0.26279829308445285,0.0,0.0,0.05538928797686891,0.0,0.0,0.0,0.0
0.3807540196639227,0.04583524946065587,0.05029608876155556,0.10927695382633618,0.0,0.0,0.0,0.0,0.0,0.0,0.7349919511949011,0.0,0.0,0.0,0.0,0.5066667116457064,0.0,0.0,0.0,0.0,0.0,1.3750091334563386
0.06588360667104842,0.0,0.0,0.0,0.0,0.8477332997845484,0.0,0.5109222396231918,0.0,0.0,0.31338344842229415,0.0,0.0,0.0,0.0,0.17169944813994673,0.0,0.0,0.0,0.0,0.0,0.0
0.015783669261814848,0.16832696783443238,0.0,0.0,0.0,0.0,0.0,0.11410574180858084,0.0,0.0,0.5954853490033774,0.1098367614464046,0.0,0.0,0.0,0.2934361698919872,0.0,0.0,0.251206507675462,0.0,0.0,0.0
0.0,0.0,0.0,0.0,0.08219618030841501,0.0,0.0,0.0,0.0,0.0,0.13477588560613227,0.0,0.0,0.0,0.0,0.0,0.0,0.0,0.5027024570680771,0.0,0.0,1.4803558537386792
0.05600402022620921,0.0,0.039451848272429424,0.0,0.19574609725194517,0.0,0.0,0.0,0.0,0.0,0.25034733553024213,0.12212137080493128,0.0,0.0,0.0,0.3850658760492049,0.0,0.0,0.0,0.0,1.0663641946697104,0.0
0.0,0.0,0.19094843553934196,0.0,0.9474185030593786,0.0,0.0,0.0,0.0,0.0,0.05837864420783689,0.591072046614802,1.0825220018405757,0.0,0.0,0.09159914540534629,0.0,0.0,0.5061863199218698,0.0,0.0,0.33100564590810816
0.21787548513707433,0.0,0.0,0.0,0.0,0.0,0.0,0.0,0.0,0.0,0.4928498308554176,0.0,0.0,0.0,0.0,0.3011639761993496,0.33051410240037266,0.0,0.0,0.0,0.0,0.0
0.08866245196004821,0.0380694989819006,0.0,0.0,0.0,0.0,0.0,0.0,0.0,0.0,0.35478064845930557,0.0,0.0,0.0,0.0,0.051259959217990744,0.06128537206428638,0.0,0.0,0.0,0.0,0.03582797866463543
0.0959786491039634,0.0,0.0,0.0,0.0,0.0,0.0,0.0,0.0,0.0,0.3042677664323627,0.0,0.0,0.0,0.0,0.19700730606164393,0.0,0.0,0.0,0.0,0.0,0.08158370964482983
0.027460663505516986,0.0,0.0,0.0,0.816865060022708,0.0,0.0,0.5716828324315905,0.0,0.0,0.2686690044451181,0.0,0.0,0.0,0.0,0.0,0.0,0.0,0.0,0.0,0.0,0.0
0.010724626565363186,0.0,0.0,0.0,0.06900727158287687,0.0,0.0,0.0,0.0,0.0,0.535439609775985,0.0,0.0,0.0,4.3253206816712915,0.4247161654279941,0.0,0.0,0.6940198893114976,0.0,0.0,0.0
0.13539935780034135,0.0,0.0,0.0,0.6064006775142263,0.06580895027324225,0.0,0.8709859648503911,0.0,0.0,0.5537547116158008,0.4310979539002232,0.0,0.04552375622966661,0.0,0.2999202762229937,0.0,0.0,0.6852511914636171,0.0,0.0,0.0
0.31604805614806286,0.0,0.0,0.22774260685773937,0.0,0.10300487317932493,0.0,0.9620628186462113,0.0,0.0,0.33195487979591076,0.0,0.0,0.07125427039351996,0.0,0.11239516479258722,0.0,0.0,0.0,0.0,0.0,0.0
0.07433711915413065,0.030286400890234638,0.0,0.0,0.0,0.5544263666438745,0.0,0.25986299258645745,0.0,0.0,0.09799466623844212,0.0,0.0,0.0,0.0,0.0,0.0,0.0,0.0,0.0,0.0,2.0420841616326606
0.0,0.18803108043648778,0.299544200186417,0.0,0.0,0.0,0.0,0.0,0.0,0.0,0.6866411265249383,0.0,0.0,0.0,0.0,0.15199291900938067,0.0,0.0,0.0,0.0,0.0,0.0
0.06555718487642273,0.0,0.0,0.0,0.8249106860753856,0.536371965993717,0.0,0.0,0.0,0.0,0.2651273862311128,0.0,0.0,0.0,0.0,0.006422034678084834,0.0,0.23556161610647522,0.8936119520523232,0.0,0.0,0.0
0.1446055932783905,0.0,0.0,0.0,0.0,0.0,0.0,0.0,0.0,0.0,0.41674886346484113,0.0,0.0,0.0,0.0,0.1637059744306456,0.0,0.0,0.0,0.0,0.0,0.0
0.10967656814765328,0.0,0.0872549996294924,0.0,0.0,0.0,0.0,0.0,0.0,0.0,0.40927286836110466,1.1814534403909562,0.0,0.0,0.0,0.26914115977204167,0.0,0.0,0.0,0.0,0.0,0.6797560975906656
0.01928061612209376,0.0,0.04119137481253806,0.0,0.0,0.0,0.0,0.6333555276359195,0.0,0.0,1.284618777794586,0.553464466958395,0.0,0.1051617768176745,0.0,1.0597539506179667,0.0,0.6915905834371898,0.0,0.0,0.0,0.03416768915024952
0.15085816767542398,0.0,0.0,0.0,0.0,0.21867259563977678,0.0,0.4850477840153791,0.0,0.0,0.5722332531949981,0.41950567066421685,0.0,0.0,0.0,1.5300100647861419,0.0,0.0,0.0,0.0,0.0,0.23028209850467624
0.12570053122594968,0.0,0.0,0.0,0.0,0.0,0.0,0.0,0.0,0.0,1.3164640206914735,0.725190388240818,0.0,0.3273943026110337,0.0,0.7231757224576221,0.0,0.0,1.3135409062153038,0.0,0.0,0.0
0.09160838990965275,0.0,0.02077443338753431,0.09025509082533836,1.049639458249475,0.0,0.0,0.0,0.0,0.0,1.438616348236835,0.06430629727313394,0.0,0.0,0.0,1.9729509905852343,0.0,0.0,0.0,0.0,0.0,0.0
0.13256204971645677,0.0,0.0,0.0,1.5447182187302424,0.0,0.0,0.6181109194627804,0.0,0.0,1.5264390847612777,1.084269184018831,0.0,0.0,0.0,0.3340905545647983,0.0,0.0,0.7633226851326732,0.0,0.0,2.156432837406132
0.060261407516459996,0.0,0.08847313564395191,0.0,0.30470819312059433,0.05474132252430481,0.0,0.06376077809207338,0.0,0.0,0.793952097980933,0.019751805952369618,0.0,0.0,0.0,0.4631472900107997,0.0,0.0,0.0,0.0,0.0,0.43890009006910324
0.07625539744990231,0.0,0.0,0.0,0.0,0.0,0.0,0.17417646846215812,0.0,0.0,0.7639409352145861,0.0,0.0,0.0,0.0,0.16711980736355891,0.0,0.0,0.456115991059285,0.0,0.0,0.6484506329764079
0.11063291771773019,0.0,0.0,0.0,0.0,0.0,0.0,0.6134799801252224,0.0,0.0,1.2842425064400875,0.30736609134597365,0.0,0.0,0.0,0.4620825725495137,0.0,0.0,0.0,0.0,0.0,0.4672506989907385
0.1762583917534332,0.12004860096620301,0.0,0.0,0.0,0.0,0.0,0.6633696872485056,0.0,0.0,2.597807387895095,1.1797836752561932,0.0,0.0,0.0,0.5866660300338072,0.0,0.0,0.9332118656692767,0.0,0.0,0.0
0.0,0.0,0.0,0.0,0.0,0.0,0.0,0.030840180201562796,0.0,0.0,1.3998011136723791,0.0,0.0,0.0,0.0,0.5280179679546284,0.0,0.0,0.0,0.0,0.0,0.0
0.07753699654677036,0.09556634920664712,0.11738666681705585,0.0,0.0,0.0,0.0,0.0,0.0,0.0,0.7833417423174441,0.8585423324597126,0.0,0.0,0.0,0.8606373196689614,0.6542578561579053,0.0,0.0,0.0,0.0,0.5205101843525021
0.2697769002621654,0.3511928906920798,0.14777328792173258,0.0,0.0,0.0,0.0,0.8358379310154644,0.0,0.605816722609045,0.8512340160344269,0.0,0.0,0.0,0.0,0.7963230597305171,0.0,0.0,1.589238606706524,0.0,0.0,0.377446873953257
2.227338209005052,3.0104463389916094,1.4613188114877098,0.9902613263798499,0.0,1.7134382154437824,0.0,0.47087649109099916,1.3352499675464973,0.0,0.2974330265548093,0.3898339755937114,0.22770878212339152,0.0,0.0,0.08740378145971185,0.0,0.0,0.0,0.0,0.0,0.0
3.7350136882464797,8.122304528584872,2.7920839916568667,0.7129049214738781,0.0,0.6668859638561474,0.0,0.6815927152449823,1.1376984624062376,0.0,0.18978308315761555,0.6643718592952932,0.0,0.0,0.0,0.0,0.0,0.0,0.0,0.0,0.0,0.0
3.0597707283251987,3.823404443859202,1.8143939328411294,2.8976825434488998,1.2713731101039643,1.8035820557064701,0.0,0.0,2.249362693920996,0.0,0.34427489716276044,0.3721707321858588,0.0,0.0,0.2237020067778987,0.09679754332495655,0.0,0.05447939432367483,0.26141065393472956,0.0,0.0,0.0
3.9592959359905224,4.353029959575867,1.4488761265126076,1.7222326735210678,0.0,1.1242189306932695,0.0,0.5665638435036923,5.4412868213105225,0.0,0.1861467857272494,0.3087278997518159,0.0,0.0,1.1641674362727235,0.19677095610160422,0.12418243372832179,0.05892085200403537,0.0,0.0,0.0,1.101659342072049
0.8332291891936195,0.2550006614140131,0.6477777599455945,0.7819633395975496,0.0,0.3467930121324396,0.0,0.017299363951764863,1.5453561950943129,0.0,0.21329073939403753,0.0,0.0,0.0,0.0,0.006869994610025107,0.3666702082363539,0.17317012617459285,0.0,0.0,0.0,0.0
0.2605714359625343,0.5110489651024074,0.12169529595374791,0.0,1.5675610800123807,0.7849591576629783,0.0,2.1937910194970374,0.0,0.0,1.100792128730386,0.7671518706853679,0.0,0.0,0.0,0.6062265206870338,0.19662034028226694,0.0,0.0,0.0,0.0,1.2404688441516782
0.2418811233267992,0.0,0.02445261050370745,0.0,0.5787751135304829,0.46493052324079803,0.0,0.0,0.0,0.0,0.3652629523282953,0.0,0.0,0.0,0.0,0.349135898070326,0.0,0.0,0.0,0.0,0.0,0.0
3.328555317525863,1.952410748895959,0.3580812820550499,2.9298437025115796,0.0,2.8022098669347084,0.0,0.9855214278557856,0.0,0.0,0.2056340208080036,0.0,0.7147044094870239,0.0,2.7961941849946474,0.06784649773630011,0.0,0.0,0.0,0.0,0.0,0.0
2.821213253690681,1.114414218378446,1.3315366420252515,2.2577652461616786,0.0,2.3153758738753245,0.0,0.27767583414242625,0.0,0.0,0.17220985643597136,0.0,0.0,0.0,0.0,0.0,0.0,0.0,0.0,0.0,0.0,0.0
2.4615272251879556,0.5659142310295383,0.972821063379457,1.6983155560772927,0.3848859534777297,1.7176411873562236,0.0,0.0,0.0,0.0,0.2278177437261681,0.0,0.0,0.0,0.3132691327483811,0.0,0.0,0.0,0.0,0.0,0.0,0.0
2.543225531963585,1.340044143956654,0.1310636853349454,2.049240118021401,0.0,1.3303232421793019,0.0,1.3841850639311173,0.0,0.0,0.21434591675470033,0.0,0.8296436632797348,0.0,0.4790302758541535,0.0,0.0,0.0,0.0,0.6014427186262534,0.0,0.1793540866094708
0.8051664802288829,0.21877420288296864,0.0,0.6112240571318599,0.5956173187076251,0.4494545607370785,0.0,0.0,0.0,0.0,0.2952785722634861,0.0,0.0,0.0,0.0,0.5225574591073127,0.5116339087604365,0.0,0.0,0.0,0.0,0.6248018030172444
0.17133699032067884,0.0,0.0,0.0,0.0,0.030806697296808676,0.0,0.5179470015699091,0.0,0.0,0.7140538347862617,0.0,0.0,0.0,0.0,0.35364033547645535,0.0,0.0,0.29689512646178023,0.0,0.0,0.0
0.11505744821614192,0.0,0.14590044651862863,0.0,0.12648728171893178,0.1385809489890637,0.0,0.0,0.7958620286517122,0.0,0.5418993672207031,0.18894299425659572,0.0,0.0,0.0,0.13748660191226345,0.0,0.0,0.0,1.122888883905179,0.0,0.1130405767337512
0.0,0.0,0.0,0.0,0.0,0.27286275027953594,0.0,0.0,0.0,0.0,0.44945549523447825,0.7870571603619235,0.0,0.0,0.0,0.0,0.0,0.0,0.0,0.0,0.0,0.0
0.0,0.0,0.0,0.0,0.7475140945448735,0.0,0.0,0.0,0.0,0.0,0.08617819200030491,0.0,0.0,0.0,0.0,0.0,0.0,0.0,0.0,0.0,0.0,0.0
0.0,0.0,0.0,0.0,1.341246323813917,0.0,0.0,0.0,0.0,0.0,0.0543862611069169,0.0,0.0,0.0,0.0,0.12908003903831455,0.0,0.0,0.9258440506447433,0.0,0.0,0.0
0.13409661640189968,0.0,0.0,0.0,1.6873471923023635,0.0,0.0,0.0,0.0,0.0,0.0,0.0,0.0,0.0,0.0,0.6564466412139296,0.0,0.0,0.0,0.0,0.0,0.0
0.0,0.6987094936398556,0.0,3.330993450552253,0.0,0.0,0.0,0.0,0.0,0.0,0.2708535664345405,0.0,0.0,0.0,0.0,0.9408009326897075,0.0,0.0,0.0,0.0,0.0,0.0
0.05523469506040625,0.08139956890345451,0.14218971568683353,0.6505607831305202,0.742969725225438,0.0,0.0,0.0,0.0,0.0,0.2774977678080538,0.0,0.0,0.0,0.0,0.17702389737012553,0.0,0.2528647889961221,0.0,0.0,0.0,0.0
0.2130070324511004,0.009268010775670176,0.35845464028158813,0.0,0.0,0.0,0.0,0.0,0.0,0.0,0.2665765442128157,0.0,0.0,0.0,0.0,0.012479225287903536,0.0,0.3384981342605666,0.0,0.0,0.0,0.5018087380933223
0.012245583128275585,0.0,0.0,0.0,0.0,0.0,0.0,0.0,0.0,0.0,0.4678184704495321,0.5694550412986187,0.0,0.0,0.0,0.5764891498931145,0.0,0.0,1.3494442073222532,0.0,0.0,0.0
0.0,0.14778580803303154,0.0,0.3523398063858226,0.8046242227670365,0.0,0.0,0.0,0.0,0.0,0.6007289022181277,0.5019860648393409,0.0,0.0,0.0,0.3356179228451126,0.3015476861306822,0.0,0.5968151623397611,0.0,0.0,0.0
0.049826608962170366,0.0,0.0,0.0,0.0,0.0,0.0,0.0,0.0,0.0,0.5546868454631861,0.0,0.0,0.1612746806430729,0.0,0.3044287359321967,0.0,0.0,0.0,0.0,0.0,0.0
0.033764121421272254,0.0,0.0,0.0,0.0,0.0,0.0,0.2645797179669543,0.0,0.0,0.5839419270015664,0.5299619678286764,0.0,0.0,0.0,0.30886347950927495,0.0,0.0,0.0,0.0,0.0,0.0
0.06938226370695447,0.0,0.0,0.0,0.0,0.0,0.0,0.0,0.0,4.216566406325901,0.54151540597364,0.0,0.0,0.01560173220473693,0.0,0.06908146286204118,0.0,0.0,0.0,0.0,0.0,0.49672334167012083
0.0,0.13067098385835882,0.0,0.0,0.3498638146461352,0.0,0.0,0.6693330429034202,0.0,0.0,1.0927429057330176,0.6349320471483166,0.0,0.4834372047889507,0.0,0.08652462982718334,0.0,0.0,0.0,0.0,0.0,0.0
0.11934211084340648,0.0,0.12395550425769303,0.0,0.06546812066355759,0.0,0.0,0.0,0.0,0.0,0.5683148287788514,0.0,0.0,0.0,0.0,0.44512592785275434,0.0,0.0,0.6949950247742953,0.0,0.0,0.0
0.07788777202560598,0.0,0.0,0.0,0.0,0.0,0.0,0.0,0.0,0.0,0.5497610888808591,0.6438883884243141,0.0,0.0,0.0,0.017018239622358395,0.0,0.11851377005011586,0.0,0.0,0.0,0.31119762572952864
0.08312717117111593,0.0,0.0,0.0,0.0,0.0,0.0,0.0,0.0,0.0,1.234428768708011,0.26638864867776724,0.0,0.602230207831791,0.0,0.25868447075834694,0.0,0.01001230024656904,0.0,0.0,0.0,0.026290650137160268
0.10183999368347887,0.0,0.0,0.0,0.0,0.2312076267269172,0.0,0.4268383708805305,0.0,0.0,1.2469416911500526,0.0,0.0,0.0,0.0,2.545579071423715,0.371081011842456,0.0,0.6735569975432137,0.0,0.0,1.8261855687873392
0.2353877835130054,0.0,0.0,0.02262274919469399,0.0,0.0,0.0,0.16713471718349698,0.0,0.0,1.1614254178349919,0.5858533615532194,0.0,1.017579436937394,0.0,1.375818780975574,3.725951672912778,1.0983192877834187,0.058380376776361285,0.0,0.0,0.0
0.02883455837675863,0.0,0.0,0.15887974953686593,0.0,0.0,0.0,0.7417156187513172,0.0,0.0,1.8035173147294732,0.0,0.0,0.7642266899981618,0.0,1.5505673597734946,1.1626227531731235,1.645118295077105,0.0,0.0,0.0,0.0
0.014541162857886454,0.0,0.049565809059956924,0.0,0.010854589067764759,0.0,0.0,0.113946301751754,0.0,0.0,1.0425863612272526,0.0,0.0,1.800776494239497,0.0,1.9691101504618125,1.9707090046996205,1.6467060618982545,0.04895500353114277,0.0,0.0,0.0
0.08838923246447564,0.1429350245867588,0.0,0.0,1.1816665253527086,0.0,0.0,0.9423246920278436,0.0,0.0,0.749490443498756,0.0,0.0,0.18146994936910354,0.0,1.5097247996925398,0.0,0.0,0.0,0.0,0.0,0.0
0.03002118056335982,0.053154279861746506,0.29562340416750377,0.0,0.0,0.5555647280539701,0.0,0.0,0.0,0.0,0.03895467588678576,0.0,0.0,0.0,0.0,0.0,0.0,0.0,0.0,0.0,0.0,0.0
0.23980579334296026,0.0,0.40764343883951265,0.0,0.0,0.0,0.0,0.6655468152122749,0.0,0.0,0.20460653701960355,0.0,0.0,0.0,0.0,0.43587024297396393,0.0,0.0,0.0,0.0,0.0,0.7797389296452972
0.045747152560171506,0.0,0.0,0.0,0.17432779863951345,0.41111330257419487,0.0,0.10856281809227791,0.0,0.0,0.4174129295460977,0.0,0.0,0.0,0.0,0.2500652754466244,0.0,0.0,1.3649742998628538,0.0,0.0,0.8935057213492126
0.08988227415730894,0.0,0.0,0.0,0.0,0.0,0.0,1.2171216602554669,0.0,0.0,0.9806014804723128,0.2926952232626821,0.0,0.0,0.0,0.39573242145987947,0.0,0.0,0.5301602931362653,0.0,0.0,0.0
0.17665977148624806,0.045070691984138336,0.0,0.21843978565268332,0.490497159094915,0.0,0.0,0.2674987819695838,0.0,0.0,0.9111334081110654,0.0,0.0,0.0,0.0,0.7565804276495658,0.0,0.0,0.24275541780070714,0.08682035508152118,0.0,0.2193003378403443
0.19511911642952134,0.0,0.0,0.0,0.0,0.0,0.0,0.0,0.0,0.0,0.6054610802373488,1.366340082119109,0.0,0.0,0.0,0.038676239226031,0.0,0.0,0.8942012194225682,0.0,0.0,0.5080888960121045
0.6193752562367927,1.1527559652576334,0.13643432111664358,0.0,0.9225286486078398,0.008608787573883434,0.0,0.5382219631417464,1.1627614888461635,0.0,1.3813978312973645,0.0,0.0,0.0,0.0,0.5062954842765076,0.0,0.29414684542243813,0.0,0.0,0.0,0.0
2.1114474094255957,3.0976323067170717,1.4564777431179086,1.6158454280067607,0.0,1.7517529973951538,0.0,0.2573469524255101,1.416787136739265,0.0,0.38952974581146554,0.0,0.0,0.0,0.0,0.3661494412131558,0.83889935212549,0.0,0.2576893595264683,0.0,0.0,0.0
4.370502008377816,7.0366606409090595,4.548378686460311,1.9058553081020984,0.3649491861877829,1.4991661104325023,0.0,0.7800859795355246,5.314545458417587,0.0,0.3597080542634182,0.0,1.1068582122895958,0.0,0.7791499706171641,0.029074104560292937,0.0,0.04001131882101487,0.0,0.23834768215505295,0.0,0.0
4.205637664146686,4.182401625342078,3.803486450387248,1.7009996847944682,0.0,2.243764671598217,0.0,1.530488361621235,1.45150265138677,0.0,0.0900162475725412,0.0,0.0,0.0,0.0,0.03402696446550596,0.0,0.0,0.0,0.2789509164179735,0.0,0.0
4.891550654265914,4.604297387903843,6.934085126975921,3.9694547568358187,0.0,0.8776744519406411,0.0,1.632226931099724,1.998044386550094,0.0,0.2625356300546938,0.0,0.0,0.07774011939856654,0.5233223755624486,0.20509071789748645,0.0,0.09066838284577657,0.0,0.0,0.0,0.0
3.84882594324066,4.770022879658017,4.196009452230091,4.148153539274591,0.722605869872626,1.2068320718044632,0.0,0.4547171577529061,4.127255824423122,0.0,0.2823492434519672,0.0,0.0,0.05166808916149954,0.18549155089618552,0.0,0.0158817099416575,0.0,0.0,0.0,0.0,0.02279803737386588
3.229908629318178,3.122044198958458,3.584344627065298,0.5277305231306635,0.0,2.4265898152811824,0.0,1.1495249002641441,2.245637368465235,0.0,0.19114089757803746,0.0,0.0,0.0,1.175205471213571,0.0,0.0,0.0,0.9193782375930727,0.0,0.0,0.0
4.486029278754405,5.178055940238249,2.363031406193662,3.6418242515456107,0.0,0.8170660768237789,0.0,0.0,0.6343687001893913,0.0,0.8763425133702326,0.0,0.0,0.0,2.154625248843848,0.0,0.0,0.0,0.0,5.398395749635579,0.0,0.0
1.7302414749253836,1.2750583473974033,0.24866324009817325,0.5596522579428618,0.0,0.6844647643376047,0.0,0.0,0.0,0.0,0.48275165655554875,0.1220411885043393,0.0,0.0,0.0,0.4969863445489897,0.0,0.0,0.0,0.0,0.0,0.0
0.14454196405652847,0.0,0.0,0.0,0.4131925068251002,0.18398634489527416,0.0,0.6907261185911366,0.0,0.0,0.9669802189649106,0.6090835136432782,0.0,0.21962738690058162,0.0,0.3585268654279536,0.0,0.0,0.0,0.0,0.0,0.5069789588398541
0.37533122541500086,0.08447098303858651,0.19978457131188634,0.519235556415826,0.0,1.8865460125025446,0.0,0.28640617861881135,0.0,0.0,1.0129614878449287,0.28683936620148526,0.0,0.0,0.0,0.5476353119999172,0.0,0.0,0.0,0.0,0.0,0.9134152758657201
0.5142352148570192,0.27561482339338783,0.1945638123792452,0.33099520174966857,0.33546954282597463,0.644275553807314,0.0,0.6170594017910709,0.0,0.0,0.4404685580142403,0.0,0.4536565083742876,0.0,0.0,0.23874184627724,0.0,0.047446493593336775,0.0,0.0,0.0,0.0
0.6284745709388868,0.146996471895263,0.0,0.0,0.26843085763538393,0.7867109120409758,0.0,1.7556958822002207,0.0,0.0,0.48259908111215716,0.0,0.0,0.0,0.0,0.6664063356211197,0.0,0.09135865146513708,0.0,0.0,0.0,1.081286386748706
0.033157327638926794,0.0,0.0,0.0,0.0,0.16699857901281812,0.0,0.2598248088788737,0.0,0.0,1.2321404379878969,0.16031617100041487,0.0,0.0,0.0,0.31330760487332265,0.0,0.12406255063197397,0.0,0.0,0.0,0.3728643456410677
0.013991151650362577,0.0,0.0,0.0,0.0,0.0,0.0,0.0,0.0,0.0,0.30159337615739157,0.0,0.0,0.0,0.0,0.06303838521135403,0.0,0.0,0.09947437664311554,0.0,0.0,0.0
0.05478294365357251,0.0,0.0,0.0,0.039996323146292326,0.0,0.0,0.4528298232983889,0.0,0.0,0.5750802292131283,0.0,0.0,0.0,0.0,0.3588761578756328,0.0,0.0,0.04519706046917746,0.0,0.0,0.0
0.0,0.0,0.3548629162756464,0.0,0.0,0.0,0.0,0.5229419705670116,0.0,0.0,0.2905969312353326,0.0,0.0,0.0,0.0,0.0,1.0961522414801856,0.0,0.0,0.0,0.0,0.0
0.07735212145220191,0.20554121631092598,0.0,0.0,0.0,0.0,0.0,0.0703501990680714,0.0,0.0,0.22632027019187315,0.0,0.0,0.0,0.0,0.26865078279251664,0.0,0.0,0.0,0.0,0.0,0.6024700461437222
0.0,0.0,0.0,0.0,0.0,0.0,0.0,0.0,0.0,0.0,0.07205240151370908,0.0,0.0,0.0,0.0,0.07639930166147076,0.0,0.0,0.0,0.0,0.0,0.09166681198400985
0.0,0.0,0.0,0.0,0.0,0.0,0.0,0.0,0.0,0.0,0.08707871819366142,0.0,0.0,0.0,0.0,0.0,0.0,0.7182736666458795,0.0,0.0,0.0,0.0
0.30850791960190393,0.23426196453026596,0.0,0.0,0.0,0.0,0.0,0.0,0.0,0.0,0.36223951803857823,0.0,0.0,0.0,0.0,0.9387773493390061,0.0,0.0,0.0,0.0,0.0,0.0
0.0,0.0,0.0,0.0,1.795286831674201,0.0,0.0,0.0,0.0,0.0,0.194624232389281,0.0,0.0,0.0,0.0,0.0,0.0,0.0,0.0,0.0,0.0,1.0747903534783685
0.0,0.0,0.0,0.0,0.0,0.0,0.0,0.6748383533155999,0.0,0.0,0.33972476314453515,0.800252964284984,0.0,0.5769537493711896,0.0,0.7842065661920946,0.0,0.0,0.0,0.0,0.0,0.0
0.04062155240286361,0.0,0.0,0.0,0.0,0.0,0.0,0.648879304124981,0.0,0.0,0.5995892784457205,0.0,0.0,0.0,0.0,0.1487600722059324,0.0,0.0,0.0,0.0,0.0,0.0
0.1761818685417255,0.0,0.14330540782319945,0.0,0.0,0.0,0.0,0.0,0.0,0.0,0.2653598734874748,0.0,0.0,0.199255256009031,0.0,0.10955652334865336,0.0,0.16636573662729953,0.6334238007564136,0.0,0.0,0.0
0.15203997277018988,0.0,0.0,0.14372807483157798,0.0,0.0,0.0,0.0,0.0,0.0,0.6579024972917114,0.26648505751578205,0.0,0.0,0.0,0.26797435932889213,0.0,0.0,0.6962149000945286,1.2119461574512582,0.0,0.0
0.22112693856821117,0.0,0.0,0.0,0.0,0.0,0.0,0.0,0.0,0.0,0.8314435064823346,0.0,0.0,0.0,0.0,0.0,0.0,0.0,0.020025417144283384,0.0,0.0,0.0
0.0,0.0,0.0,0.0,0.0,0.0,0.0,0.0,1.2517981237031863,0.0,0.5466655510719713,0.0,0.0,0.0,0.0,0.1802327759673121,0.7038735411243258,0.0,4.824620936689914,0.0,0.0,0.0
0.03110987051867993,0.0,0.0,0.0,0.0993026532490471,0.0,0.0,0.0,0.0,0.0,0.6459067738739352,0.0,0.0,0.0,0.0,0.09195299621175948,0.0,0.0,0.0,0.0,0.0,0.0
0.0,0.0,0.14472110159984358,0.0,0.13080111958553423,0.0,0.0,0.0,0.0,0.0,0.6337304670432483,0.0,0.0,0.0,0.0,0.2651757801463019,0.0,0.0,0.0,0.0,0.0,0.0
0.10275890076791311,0.0,0.0,0.0,0.0,0.0,0.0,0.0,0.0,0.0,0.8890125955922767,0.0,0.0,0.0,0.0,1.1211418943132008,0.0,0.0,0.0,0.0,0.0,0.0
0.0636156970585537,0.0,0.0,0.0,2.4812534321082076,0.0,0.0,0.0,0.0,0.0,0.622126462681232,0.0,0.0,0.0,0.0,0.6299198323606559,0.0,0.40334305803696374,0.0,0.0,0.0,0.0
0.02041788783010446,0.0,0.31950668016267575,0.0,0.0,0.0,0.0,0.04757353277871212,0.0,0.0,0.9630463523997599,0.0,0.0,0.983506762484196,0.0,1.1474344964371288,0.9065011311457363,0.7694042911061436,0.0,0.0,0.0,0.0
0.09552915179517743,0.0682513214916541,0.11037227329877358,0.0,0.0,0.0,0.0,0.0,0.0,0.0,1.0937017038373473,0.3416522648324767,0.0,1.4601353650267248,0.0,1.1496675526963072,0.8061416354530693,1.9066981375279144,0.41991516410199875,0.0,0.0,0.0
0.13473447260659466,0.0,0.0,0.3220894214201159,0.0,0.0,0.0,0.1396988624638558,0.0,0.0,0.9952953292347155,0.13995130941471773,0.0,1.4461485469779807,0.0,1.3370041361643588,1.7057531529110317,2.236331748551325,0.8143728905477916,0.0,0.0,0.0
0.056688973905118754,0.0,0.0,0.0,0.0,0.0,0.0,0.6902977023235717,0.0,0.0,1.319199872448043,0.38507031411783466,0.0,0.07365556852898904,0.0,0.5671644022985617,0.5053092897597622,0.05573276123793229,0.0,0.0,0.0,0.0
0.07743220582810921,0.07824450305335957,0.0018708222800457718,0.0,0.0,0.0,0.0,0.0,0.0,0.0,0.15554345190125057,0.0,0.0,0.0,0.0,0.25893427076671494,0.0,0.0,1.4153970867078245,0.0,0.0,0.11888489018380495
0.04533241578102421,0.0,0.0,0.0,0.0,0.0,0.0,0.0,0.0,0.0,0.7544545465603822,0.4699751814816248,0.0,0.0,0.0,0.6763374485717851,0.0,0.0,1.7642155881265145,0.0,0.0,0.0
0.016633824104287518,0.0,0.0,0.0,0.7792351600489297,0.0,0.0,0.4852695071681147,0.0,0.0,1.3018841903183478,0.2610846598031254,0.0,0.3504941771543702,0.0,1.15802991184776,0.0,0.0,1.4437659507219665,0.0,0.0,0.0
0.26265052582128107,0.0,0.11497856728309226,0.0,0.0,0.21841611196310556,0.0,0.20918955343414034,0.0,0.0,0.28055526150852994,1.0733900206034694,0.0,0.0,0.0,0.5760861191713325,0.0,0.0,0.0,0.0,0.0,0.0
0.3958834368434146,0.002318130133648569,0.07364486246329864,0.0,0.46770799925957507,0.0,0.0,0.5294889050391477,0.0,0.0,0.7436873066708152,0.42730625120167176,0.0,0.0,0.7552466314107212,0.22918084842952555,0.0,0.12436135765113364,0.12254843963170464,0.0,0.0,0.6629311281550341
0.0,0.0,0.0,0.0,0.0,0.07970882162831575,0.0,0.0,0.0,0.0,0.5366921293962008,0.15070260265673194,0.0,0.0,0.0,0.06063081373314709,0.0,0.0,0.0,0.0,0.0,0.2158772597385737
0.3012223147931714,0.30813238416847516,0.11272814454328424,0.0,0.0,0.2581615473703484,0.0,0.0,0.0,0.0,0.7275676290371023,0.07929056036099176,0.0,0.0,0.0,0.5738001249252075,0.0,0.0,0.0,0.0,0.0,0.11358150816317204
2.434031239847326,3.4829824476414695,2.5883933431285246,0.13940906880743476,0.0,0.0,0.0,0.6865081245176289,1.0178550703382043,0.0,0.1180648266017886,0.0,0.0,0.0,0.0,0.20424463486652653,0.0,0.0,0.0,0.0,0.0,0.0
2.4437681221127563,2.3506452054568374,3.282052590443498,1.2333506432586168,0.0,0.5242613260915108,0.0,0.0,0.8995692765006487,0.0,0.13708356844529312,0.0,0.0,0.0,0.8518381730800642,0.049899254546765526,0.0,0.06867055796890535,0.0,0.40907095308206176,0.0,0.0
2.1308224630692245,1.4986728992145415,3.233700973014908,1.4119652134921508,0.0,1.3695806952962761,0.0,0.2190458105656256,0.0,0.0,0.025043673388640376,0.0,0.0,0.0,0.0,0.0,0.0,0.0,0.0,0.7131252220207386,0.0,0.0
3.802490063314551,1.8494823852307096,3.894551458185239,2.283547638110202,0.0,0.4872932864515069,0.0,0.7724140827465582,0.0,0.0,0.23723646282784738,0.0,0.0,0.0,0.6363075416333228,0.0,0.0,0.0,0.0,0.0,0.0,0.0
4.511455531016486,2.3718750395864667,7.602423725584669,2.9817689822176896,0.0,1.0334923368877216,0.0,2.848583143353813,1.9619464196618992,0.0,0.13155762410012137,0.0,0.0,0.0,0.0,0.0,0.0,0.0,0.0,0.0,0.0,0.0
4.376993260687862,3.454654300864206,8.701085363516885,2.680900986813288,0.42247124229633676,0.9152576376867273,0.0,2.5500430380945067,0.0,0.0,0.09187479205060736,0.0,0.0,0.0,0.0,0.0,0.0,0.1930012378925283,0.0,0.0,0.0,0.026231225886128737
4.380196280730532,8.165731143925127,5.576881005138722,2.980206676163351,0.0,0.9058573639048777,0.0,1.3402957051785966,1.3625392846177862,0.0,0.2777563722281232,0.49488733993295697,0.0,0.0,1.8929052879323272,0.0,0.0,0.26895379984714224,0.0,0.0,0.0,0.0
2.539762833021892,4.0503163619920235,2.5839955473167007,1.743239541489411,0.0,0.835080422812956,0.0,0.46993409399620945,2.7430284632099395,0.0,0.2354645060290323,0.3304780399929859,0.0,0.0,0.0,0.0,0.0,0.4105933217011625,0.0,1.5775734678963305,0.0,0.0
0.31388619921916405,0.6128195926116419,0.3800650655026806,0.0,0.0,1.0608598411452181,0.0,0.5044675211058485,1.5532934570947154,0.0,0.25471855627073303,0.4052757669562552,0.0,0.3643602701165498,0.4397395986004728,0.40064977003578567,0.0,0.0,1.4670660225015222,0.5521116159063177,0.0,2.169373578489323
0.0,0.0,0.025636831647910162,0.0,0.0,0.08270832974765062,0.0,0.4228729509122685,0.0,0.0,1.8947250296933786,0.8911493939353443,0.0,0.0,0.0,1.2182930443903877,0.0,0.17808942485303975,0.59130426484452,0.0,0.0,0.0
0.08611899341494855,0.06248584567502243,0.20660023064659375,0.0,0.0,0.0,0.0,0.49010741225927784,0.0,0.0,0.8395341962691187,0.5837604770169518,0.0,0.0,0.0,0.3653749915603729,0.0,0.0,0.0,0.0,0.0,0.0
0.0,0.0,0.029660427721149265,0.0,0.0,0.0,0.0,0.0,0.0,0.0,0.5556378444552914,0.0,0.0,0.0,0.0,0.0,0.0,0.0,0.0,0.0,0.0,0.0
0.0,0.0,0.0,0.0,0.0,0.0,8.930143959072762,0.1243757790682244,0.0,0.0,0.803699832205589,0.0,0.0,0.0,0.0,0.0,0.0,0.0,0.0,0.0,2.786140413493582,0.43898144728180427
0.06616717305598496,0.0,0.0,0.0,0.0,0.0,0.0,0.0,0.0,0.0,0.26715602141729566,0.0,0.0,0.0,0.0,0.0,0.0,0.0,0.0,0.0,0.0,0.0
0.14354184414353227,0.0,0.0,0.0,0.0,0.0,0.0,0.10639623593736956,0.0,0.0,0.8262362396851766,0.0,0.0,0.0,0.0,0.1272780376730776,0.0,0.0,0.0,0.0,0.0,2.307168772690301
0.0,0.0,0.0,0.0,0.0,0.5221731992255262,0.0,0.0,0.0,0.0,0.44438869655287566,0.0,0.0,0.0,0.0,0.1303479139550596,0.0,0.0,0.5167394571104738,0.0,0.0,0.40866383453914296
0.0,0.0,0.0,0.0,0.0,0.02448594872154907,0.0,0.0,0.0,0.0,0.3051947526214318,0.0,0.0,0.0,0.0,0.00931570170433395,0.0,0.0,0.0,0.0,0.0,1.5457541725543438
0.10676045483334322,0.0,0.0,0.0,0.0,0.0,0.0,0.0,0.0,0.0,0.6212528211532284,0.0,0.0,0.0,0.0,0.9408009326897075,0.0,0.0,0.0,0.0,0.0,0.0
0.0,0.0,0.0,0.0,0.0,0.0,0.0,0.0,0.0,0.0,0.0,0.0,0.0,0.0,0.0,0.0,0.0,0.0,0.0,0.0,0.0,0.0
0.0,0.0,0.0,0.0,0.0,0.0,0.0,0.0,0.0,0.0,0.12264915105060509,0.0,0.0,0.6243423336788252,0.0,0.34328216393015376,0.0,0.0,0.0,0.0,0.0,0.0
0.06966903852305231,0.0,0.0,0.0,0.8766504308352717,0.0,0.0,0.0,0.0,0.0,0.687106152810026,0.0,0.0,0.0,0.0,0.5316868962792894,0.5457716239410464,0.0,0.34988889346243524,0.0,0.0,0.12715060117516166
0.07613831247738143,0.0,0.0,0.0861903617925595,0.0,0.0,0.0,0.0,0.0,0.0,0.7838334215390448,0.29886113844105666,0.0,0.4554870434747228,0.0,0.11847087899766116,0.0,0.05558489896673281,0.8755841860690176,0.0,0.0,0.0
0.04857788294072753,0.0,0.0,0.0,0.6112589309663469,0.0,0.0,0.5765078923132135,0.0,0.0,0.5022484493764404,0.0,0.0,1.0704169897659523,0.0,0.15117011395967533,0.0,0.0,0.0,0.0,0.0,0.0
0.20679529901695884,0.05844515520028713,0.09500346757088494,0.0,0.0,0.0,0.0,0.0,0.0,0.0,0.7932941935878489,0.0,0.0,0.0,0.0,0.20939939599984808,0.0,0.0,0.0,0.0,0.0,0.0
0.05115204827899794,0.12170920472241574,0.0,0.0,0.0,0.0,4.023277033323002,0.0,0.0,0.0,0.2039930445761326,0.0,0.0,0.0,0.0,0.6448775567113931,0.0,0.0,0.7273438714553468,0.0,0.0,0.0
0.03606819767812675,0.0,0.0,0.0,0.0,0.0,0.0,0.0,0.0,0.0,0.3156180407982937,0.47644667179668976,0.0,0.0,0.0,0.7570401035863288,0.016626430170718697,0.5808604879238544,0.0,0.0,0.0,0.0
0.12230522707140959,0.0,0.0,0.0,0.0,0.0,0.0,0.0,0.0,0.0,0.04315164733273149,0.0,0.0,0.0,0.0,0.6830240614169178,0.18865985118405076,0.10313646162588369,0.0,0.0,0.0,0.0
0.0,0.0,0.0,0.0,0.027144258901189093,0.0,0.0,0.0,0.0,0.0,0.5032965235989888,0.49544216426655296,0.0,0.0,0.0,0.07122974285568473,0.09533081048177776,0.05211539400307479,0.0,0.0,0.0,0.0
0.12402191137537374,0.2486655021138448,0.0,0.0,0.3550347003174512,0.0,0.0,0.0,0.0,0.0,0.41191325912675764,0.0,0.0,0.08011908240147693,0.0,0.0,0.0,0.5311317888158986,0.0,3.1639554634386706,0.0,0.0
0.13341948229438713,0.0,0.0,0.0,0.3759248511046468,0.0,0.0,0.16269611652646296,0.0,0.0,0.3183840822801356,0.0,0.0,0.0719726030786198,0.0,0.46270682010536385,0.0,0.10179978856604968,0.0,0.0,0.0,0.0
0.066339121864503,0.0,0.0,0.0,0.0,0.0,0.0,0.0,0.0,0.0,1.3682257031776515,0.0,0.0,0.5054730947824935,0.0,0.3225228879596341,0.0,0.0,1.2699186415154289,0.0,0.0,0.0
0.05781727154582801,0.0,0.0,0.0,0.020069145288614466,0.0,0.0,0.0,0.0,0.0,1.034780197695706,0.6292500548109974,0.0,0.0,0.29218454426548585,1.2774343887767259,0.0,0.0,0.0,0.0,0.0,0.48103798234522227
0.06978592228074432,0.0,0.0,0.0,0.0,0.0,0.0,0.0,0.0,0.0,0.5212457433685962,0.5220158177288943,0.0,0.0,0.3539369379686913,0.7346305509756064,0.0,0.0,0.4961643823767753,0.0,0.0,0.35538102691348866
0.06859494283800059,0.0,0.006549414046838913,0.0,0.0,0.0,0.0,0.01431636337966797,0.0,0.0,1.1124097498057188,0.5182161554849007,0.0,0.0,0.0,1.0201401351364632,0.0,0.28270248813768845,0.0,0.0,0.0,0.0
0.13071315064553157,0.13533502960780183,0.0,0.0,0.0,0.0,0.0,0.0,0.0,0.0,1.1619358502814223,0.0,0.0,0.0,0.0,0.38123078712847347,0.0,0.0,0.0,0.0,0.0,0.0
0.27641807722541006,0.0,0.0,0.0,0.0,0.0,0.0,0.9032096877064625,0.0,0.0,0.8748760333842998,0.0,0.0,0.0,0.0,1.3433722769118674,0.0,0.0,0.0,0.0,0.0,0.8843068868191764
0.21827046576331535,0.0,0.0,0.0,0.0,0.0,0.0,0.0,0.0,0.0,0.9569627979536732,0.0,0.0,0.0,0.0,1.6798661043738705,0.0,0.0,0.0,0.0,0.0,0.0
0.23945292653658823,0.0,0.0,0.0,0.0,0.0,0.0,0.0,0.0,0.0,0.7840782087432036,0.0,0.0,0.0,0.0,1.444296089535434,0.0,0.1711248827542388,2.8767986516362813,0.0,0.0,0.0
0.026320059843776035,0.0,0.0,0.0,0.0,0.0,0.0,0.0,0.0,0.0,0.6075546879122324,0.0,0.0,0.0,0.0,0.7082822107170118,0.0,0.0,0.0,0.0,0.0,0.0
0.05957681594656776,0.0033953077175054936,0.0,0.0,2.2448196551507826,0.5899143169801115,0.0,1.3979637772863271,0.0,0.0,1.8071555000161352,1.6109304797807023,0.0,0.0,0.0,0.8343563387999283,0.0,0.30877848817486836,0.0,0.0,0.0,0.6699596160221288
0.18677347804750882,0.06455570852572853,0.0,0.0,0.2198842088454256,0.15129776841031303,0.0,0.0,0.0,0.0,1.1126953495891656,0.0,0.0,0.0,0.0,0.734978663352216,0.0,0.0,0.0,0.0,0.0,0.0
0.5969728921357358,1.1446501476544644,0.17637661420539666,0.0,0.0,0.0,0.0,0.5603342390592421,1.7822411288008186,0.0,0.33296536860614556,0.0,0.0,0.0,0.4711411699898817,0.20526364892791663,0.0,0.0,0.0,0.0,0.0,0.0
2.6678718796019103,3.71347246304598,2.86066114455098,2.572136223155884,0.0,1.702434560093224,0.0,0.6043094797861097,4.087812248311007,0.0,0.22507721030567168,0.0,0.0,0.25243345645172494,0.34109124674212116,0.0,0.0,0.14596500667082554,0.0,0.0,0.0,0.0
2.8277748445377973,2.3159195031984097,5.704024569102434,2.5766011991613764,0.0,1.7529525701575137,0.0,0.2813357182254655,2.260619589628331,0.0,0.2024653522787253,0.0,0.0,0.0,0.7727824414212459,0.0,0.0,0.039734280045178955,0.0,0.0,0.0,0.0
1.9233788972623687,0.479305933085851,4.089732274552318,2.085384934010087,0.0,0.8555792979475019,0.0,0.6276898254572252,4.228834990805074,0.0,0.05702951696444229,0.0,0.0,0.0,0.0,0.0,0.0,0.0,0.0,0.06272175876054219,0.0,0.0
1.4057240713677652,0.10780713472379069,2.1299666122743197,1.9916922070830791,0.0,0.046175765194171166,0.0,0.6890307681758785,1.1761585882079935,0.0,0.05941834433284433,0.0,0.0,0.0,0.11467505544494946,0.0,0.0,0.0,0.0,0.0,0.0,0.0
1.7876765422421022,0.6794386109354054,1.8462948935122565,0.1314543601883627,0.0,0.725140989954491,0.0,0.275158527223645,0.8630527517809935,0.0,0.14106019114466684,0.0,0.0,0.0,0.0,0.04271666737924843,0.0,0.0,0.0,0.0,0.0,0.0
2.7583418701132274,0.7802749697319544,4.492339656917803,2.1075622490249524,0.0,1.7835629745361523,0.0,1.1094170876669043,0.0,0.0,0.30361333382010086,0.33431486118316467,0.0,0.0,0.0,0.0,0.0,0.0,0.0,0.0,0.0,0.0
3.2061819436367953,2.0484110616203273,5.787001952073821,3.5680501492369574,0.0,1.0535747633117827,0.0,1.9750887370546357,0.8678521016066394,0.5793175427193227,0.11937460361673372,0.0,0.0,0.0,1.2438350538049008,0.11138871682964371,0.0,0.0,0.0,0.0,0.0,0.0
3.1123866391326196,3.174977564349423,2.3761569304547545,2.5050944340357235,0.0,1.1200088097404894,0.0,1.9349990781349289,0.9078408963073575,1.8805911776482414,0.4729868932717705,0.4532145978991087,0.0,0.0,1.6006438041990907,0.14762577895190604,0.0,0.0,0.0,0.0,2.339601819192979,0.0
1.1962795473091197,2.0863903406453677,1.1779196684967923,0.8075766363195214,0.0,0.11541856907187321,0.0,1.6625930501234036,1.8915878197283478,0.0,0.09649457239546727,0.0,0.0,0.0,0.0,0.0877935668824036,0.0,0.0,1.2444440711966236,0.0,0.0,0.0
1.0695944551450505,0.6507882020013036,0.21735394748971437,0.27029548145253174,0.0,0.5980160714598943,0.0,0.48190050893205394,0.7875751899956427,0.0,0.7664288443678531,0.6053326842742311,0.0,0.0,0.0,0.1758890223404052,0.0,0.0,0.0,0.0,0.0,0.0
0.026136234833847864,0.0,0.12420314717823173,0.0,0.657372535083909,0.0,0.0,0.5156928836719712,0.0,0.0,0.7690176312778353,0.06609528260114986,0.0,0.0,0.0,0.17897300142795883,0.0,0.05355125412878033,0.32642439665143674,0.0,0.0,0.6132132750233061
0.0,0.2113228537576558,0.5081727633543904,0.0,0.0,0.46526834398426004,0.0,0.523968428222498,0.0,0.0,1.4594970212452574,0.2625189622953455,0.0,0.0,0.0,0.44308123282720796,0.0,0.0,1.3001604785776895,0.0,0.0,1.2250816641692166
0.04710949169608809,0.11951427790866481,0.0,0.0,0.002148215904837938,0.0,0.0,0.47912138209198457,0.0,0.0,0.631846213617191,0.3698227387591715,0.0,0.0,0.0,0.1908019292426549,0.0,0.0,0.6698617401523431,0.0,0.0,0.0
0.0,0.0,0.0,0.0,0.0,0.0,0.0,0.23335224856365552,0.0,0.0,0.12316445345939876,0.5985897077986706,0.0,0.0,0.0,0.0,0.0,0.0,0.4234358741113733,0.0,0.0,0.0
0.0,0.0,0.0,0.0,0.0,0.0,0.0,0.6066003128614791,0.0,0.0,0.33348963367095924,0.4114709964476556,0.0,0.0,0.0,0.0,0.0,0.0,0.0,0.0,0.0,0.799209101820553
0.07496202791401343,0.0,0.0,0.0,0.0,1.8387605706228325,0.0,0.0,0.0,0.0,0.1343168053606068,0.0,0.0,0.0,0.0,0.23327526060031423,0.0,0.0,0.0,0.0,0.0,0.0
0.06340173634270017,0.0,0.0,0.0,0.0,0.0,0.0,0.5289782170258679,0.0,0.0,0.05680222233883462,0.0,0.0,0.0,0.0,0.0,0.4966749841536571,0.0,0.0,0.0,0.0,0.0
0.0,0.0,0.0,0.0,0.0,0.0,0.0,0.0,0.0,0.0,0.0,0.0,0.0,0.0,0.0,0.0,0.0,0.0,0.0,0.0,0.0,0.0
0.0,0.0,0.0,0.0,0.0,0.0,0.0,0.0,0.0,0.0,0.2736097360157676,0.0,0.0,0.0,0.0,0.0,0.0,0.0,0.0,0.0,0.0,0.0
0.09474959260052465,0.21897957708609822,0.0,0.0,0.0,0.0,0.0,0.0,0.0,0.0,0.4997529282090197,0.0,0.0,0.0,0.0,0.5002407944496092,1.2592816754849079,0.0,0.0,0.0,0.0,0.0
0.1371625108388372,0.0,0.0,0.0,0.0,0.0,0.0,0.0,0.0,0.0,0.27367213906115934,0.0,0.0,0.0,0.0,0.0865156330905177,0.0,0.0,0.13178678695416507,0.0,0.0,0.0
0.1292768123352919,0.0,0.0,0.13916643657256103,0.0,0.0,0.0,0.7601817636519794,0.0,0.0,0.21546414334895522,0.0,0.0,0.0,0.0,0.0,0.0,0.31889518504876824,0.0,0.0,0.0,0.0
0.20591918495805306,0.0,0.0,0.0,0.0,0.0,0.0,0.5860600652014358,0.0,0.0,0.389417476270934,0.40920351294537965,0.0,0.0,0.0,0.14451571452484333,0.0,0.3038534343004841,0.0,0.0,0.0,0.586172577598151
0.0,0.017604177135449307,0.1918760422789172,0.0,0.0,0.0,0.0,0.0,0.0,0.0,0.5523098877312149,0.0,0.0,0.8148732367901297,0.0,0.8237117372170748,0.5926946552707913,0.0,0.0,0.0,0.0,0.0
0.22007727902239513,0.0,0.0,0.0,0.0,0.0,0.0,0.0,0.0,0.0,0.9302815433314122,0.0,0.0,0.9247971634884675,0.0,1.4793462137691726,3.5878540572993027,0.9147448917992347,0.0,0.0,0.0,0.0
0.008120748566325721,0.0,0.0,0.0,0.0,0.0,0.0,0.34341066613506216,0.0,0.0,0.22854654653116496,0.0,0.0,0.9262396973106387,0.0,0.169911169629089,0.7744512855049337,0.9693279910154984,1.0324278183021165,0.0,0.0,0.0
0.0,0.0,0.0,0.0,0.0,0.0,0.0,0.0,0.0,0.0,0.4267957047955298,0.0,0.0,1.6100892837020764,0.0,0.0,0.0,0.7454413389215858,0.0,0.0,0.0,0.0
0.08448227253663201,0.10648909186518532,0.0,0.2538832822269058,0.0,0.0,0.0,0.5975767479438262,0.0,0.0,1.4302067265555465,0.0,0.0,2.352304478029681,0.0,0.5744860958125476,3.612488105655779,2.546195978029271,0.0,0.0,0.0,0.0
0.1037267171685474,0.0,0.0,0.0,0.5502556169532367,0.0,0.0,0.3426722583188074,0.0,0.0,1.5647444452385086,0.0,0.0,3.029567733545942,0.8885430691300118,1.1370997270562027,4.1999300392575245,2.601721583000034,0.0,0.0,0.0,0.0
0.018934062232163196,0.14899814444288562,0.0,0.0,0.0,0.0,0.0,0.0,0.0,0.0,1.6305214681076392,0.0,0.0,5.9369032120606775,0.0,1.3535259166086553,3.5164628175642934,2.1516141392532355,0.0,0.0,0.0,0.0
0.0,0.08410005244145762,0.09228494995053754,0.0,0.0,0.0,0.0,0.0,0.0,0.0,0.2933834010077611,0.09938145232696295,0.0,0.4834095239043158,0.0,0.11323934839356736,0.8545338318920223,1.5214860781267046,0.0,0.0,0.0,0.0
0.10602254719935744,0.0,0.0,0.2375572611437147,0.49023146308607846,0.0,0.0,0.6199244654531433,0.0,0.0,0.3539201851804491,0.0,0.0,0.1472890694215434,0.0,0.6369357027514015,0.0,0.11144882461666586,0.0,0.0,0.0,0.6832092653225887
0.08586113089585484,0.0,0.0,0.24654427066521778,0.846367004357488,0.0,0.0,0.0,0.0,0.0,0.7471000003411137,0.3512569002901568,0.0,0.0,0.8503669857288143,0.10471708607112129,0.0,0.0,0.0,0.0,0.0,0.28012889212120645
0.04630261955777056,0.13091661987136052,0.0,0.0,0.21739247533297593,0.0,0.0,0.08923405487201974,0.0,0.0,0.754234697659588,0.0,0.0,0.0,0.0,0.20224759483292143,0.4437513192157295,0.24258972228849862,0.0,0.0,0.0,0.0
0.1674803159115082,0.0,0.045457914296508514,0.0,0.18624831649539256,0.0,0.0,0.0,0.0,0.0,0.7438852765966939,0.0,0.0,0.0,0.0,0.49695348797146843,0.0,0.35693678076565183,0.0,0.0,0.0,0.7356899052792658
0.11937752274099758,0.17502816634942917,0.0,0.0,0.0,0.0,5.095266487506005,0.25321280499101173,0.0,0.0,0.7209879246236086,0.5962969029279066,0.0,0.0,0.0,0.5597807749093622,0.0,0.0,0.0,0.0,0.0,0.0
0.0,0.0,0.0,0.43395591880272777,0.0,0.0,0.0,0.10038822788601288,0.0,0.0,1.2096341052807007,0.31758752775018795,0.0,0.0,0.0,0.5343457265670175,0.0,0.0,0.42714662174686335,0.0,0.0,0.0
0.0,0.0,0.0,0.3211237739338578,0.0,0.0,0.0,0.4654147673311984,0.0,0.0,0.4758635881951885,0.819051501977251,0.0,0.0,0.0,0.5790117281232703,0.0,0.0,0.0,0.0,1.211831195182376,0.0
0.14103076239038337,0.0,0.0,0.22485356403457465,0.45007142047662807,0.0,0.0,0.22936416557928374,0.0,0.0,1.0946475211727227,0.33041602403523285,0.0,0.0,0.0,1.1505256291059445,0.0,0.0,0.41619918616467244,0.0,0.0,0.0
0.1622198092425715,0.054703649255724476,0.0,0.0,1.370831054319565,0.0,0.0,0.4785954696760032,0.0,0.0,0.7064360561020779,0.18581262969509899,0.0,0.0,0.0,0.18575664066760628,0.0,0.0,0.0,0.0,0.0,0.0
0.15624407668749887,0.04799757997706198,0.0,0.0,0.7371584867235856,0.0,0.0,0.12261057445406191,0.0,0.0,0.9566101582117081,0.0,0.0,0.0,0.0,0.5769400719006879,0.0,0.0,0.0,0.52981594078101,0.0,0.0
1.8429249602881197,1.575942584303854,0.9405415477532614,0.5924136047438444,0.0,0.4399136141774469,0.0,0.0,0.0,0.0,0.2872035185066461,0.3291505649668084,0.0,0.0,0.0,0.0,0.0,0.0,1.0376858460776166,0.0,0.0,0.0
2.6891001142685247,3.898612321750371,4.470724982477131,0.8454480252006032,0.0,0.5176961303110477,0.0,0.659251785025242,0.0,0.0,0.14568548790079017,0.0,0.0,0.0,1.5714243589338202,0.0,0.0,0.0,0.0,0.0,0.0,0.0
2.119016321737786,1.178769817152546,4.520536253697161,2.197576041905438,0.0,0.5928594929554466,0.0,1.1491245212568555,0.0,0.0,0.08257570285740093,0.0,0.0,0.0,0.7166318570364847,0.0,0.0,0.0,0.0,0.0,0.0,0.0
1.4314582792111592,0.7736372567845788,1.6907056095485962,0.7538104297658821,0.0,0.0,0.0,0.0,0.24094693811544765,0.0,0.2265688605719036,0.0,0.8218367906371734,0.0,0.0,0.0,0.0,0.0,1.0056472685627906,0.0,0.0,0.0
0.6066259611014716,0.26157629201353017,0.6546692001913822,0.2627156042076822,1.3335962797366017,0.26159751846302876,0.0,0.0,0.0,0.0,0.18309788784599537,0.0,0.0,0.0,0.0,0.011857360436796376,0.0,0.09249682995372863,0.0,0.0,0.0,0.0
0.5501546028711701,0.1742369642129367,0.9127032367634523,0.11598573186317665,0.0,0.7278801585997703,0.0,0.39497775080704645,0.0,0.0,0.42658492210855525,0.0,0.0,0.0,0.0,0.13462804742574724,0.0,0.0,0.0,0.0,0.0,0.0
1.351421897156696,0.7500441511969291,2.879666631043671,2.087618330967209,0.45360660125271635,0.0,0.0,0.4187770815834739,0.0,0.0,0.42353990159500127,0.0,0.0,0.0,0.0,0.04494838273839105,0.3055009256258048,0.0,0.0,0.1718028083999905,0.0,0.0
0.9883214278623447,0.35740648170749917,2.1016760280962252,0.7795323992388742,0.0,0.4356264221859199,0.0,1.004659957868499,0.12117647501370443,0.0,0.2338845668804074,0.0,0.0,0.0,0.0,0.2101102093417487,0.0,0.0,0.0,0.0,0.0,0.0
2.1839868373931544,1.8681723618352177,2.2285569254803663,1.279631422441026,0.0,0.0,0.0,0.36498385525867816,0.0,0.0,0.41833814332183833,0.0,0.0,0.4455157535024767,0.0,0.10123326954703857,0.0,0.06015385947674913,0.0,0.0,0.0,0.0
2.5180551383130667,1.8728109005023297,2.583734000342843,0.6317681227396614,0.4543713668081332,0.6260594263735846,0.0,0.8822007968457803,2.22326277633636,0.0,0.2292363872548999,0.0,0.0,0.0,0.0,0.0,0.0,0.0835223466027154,0.0,0.0,1.9921702424352088,0.0
0.6503382229827166,0.5047902534767972,0.47738432604985104,0.3026168199645937,0.30746930748330203,1.2768000129313961,0.0,0.7468294652862251,0.0,0.0,0.2171073851082367,0.0,0.0,0.0,0.6909406495951161,0.17686778152872223,0.0,0.11185047559981977,0.0,0.12097451045583288,0.0,0.7426765013986634
0.36362493939082213,0.0,0.0,0.0,0.0,0.3830282713502014,0.0,0.27741491304227667,0.0,0.0,2.3044239349909708,1.2212857346383759,0.0,0.0,0.0,0.0,0.0,0.0,0.0,0.0,0.0,2.6694116821398493
0.07404958510013682,0.0,0.0,0.0,0.0,0.0,0.0,0.0,0.0,0.0,0.5908098744023268,0.0,0.0,0.0,0.0,0.2943413793343228,0.0,0.0,0.0,0.0,0.0,0.0
0.0,0.0,0.0,0.0,0.0,0.0,0.0,1.2158862440297509,0.0,0.0,0.8131196608340316,0.06177738350232373,0.0,0.0,0.0,0.5008396891062574,0.0,0.0,0.6475516752049334,0.0,0.0,0.0
0.03831876421809574,0.0,0.0,0.0,0.0,0.0,0.0,0.7290148796221658,0.0,0.0,0.22840560119055425,0.13825942899840205,0.0,0.0,0.0,0.0,0.0,0.0,0.9651826480300769,0.0,0.0,0.41777157192113057
0.19976297334472215,0.0,0.0,0.0,0.0,0.0,0.0,0.5794799748136954,0.0,0.0,0.4489966177205021,0.0,0.0,0.0,0.0,0.0,0.0,0.0,0.0,0.0,0.0,0.0
0.0,0.08423455375155472,0.0,0.0,0.0,0.0,0.0,0.0,0.0,0.0,0.2574947511003063,0.0,0.0,0.0,0.0,0.048985388639302824,0.0,0.0,1.4832995116438017,0.0,0.0,0.0
0.04421447196689613,0.0,0.0,0.0,0.0,0.0,0.0,0.3464699222319758,0.0,0.0,0.09709856133200692,0.0,0.0,0.0,0.0,0.0,0.0,0.0,0.0,0.0,0.0,1.491411103080078
0.19466034808635824,0.44988732436140694,0.0,0.0,0.0,0.0,0.0,0.0,0.0,0.0,0.0,0.0,0.0,0.0,0.0,0.0,0.0,0.0,0.0,0.0,0.0,0.0
0.042868530692356195,0.5611176081839709,0.0,0.0,0.0,0.0,0.0,0.0,0.0,0.0,0.35107639805284063,0.0,0.0,0.6113062956418648,0.0,0.5379831289235111,0.0,0.09179594154964944,0.0,0.0,0.0,0.0
0.10029919092923432,0.0,0.0,0.0,0.0,0.0,0.0,0.0,0.0,0.0,0.5059996166518126,0.0,0.0,0.0,0.0,0.9130116328135884,0.7857213688302673,0.36108621898875215,0.0,0.0,0.0,0.0
0.19627751390928383,0.0,0.0,0.0,0.0,0.0,0.0,0.5269607647833416,0.0,0.0,0.31833617911986484,0.0,0.0,0.3614331680928166,0.0,0.5068229958808836,0.0,0.16615177106749057,0.0,0.0,0.0,0.0
0.21027019767262634,0.0,0.0,0.0,0.0,0.0,0.0,0.0,0.0,0.0,0.39282163707030043,0.0,0.0,0.0,0.0,0.8945919179791771,0.0,0.03026004648829861,0.0,0.0,0.0,0.0
0.0,0.0,0.0,0.0,0.0,0.0,0.0,0.0,0.0,0.0,0.48638364654854194,0.0,0.0,1.545572902154767,0.0,0.3326604549058364,0.6324019338335951,0.32244924026974014,0.0,0.0,0.0,0.0
0.07470433611223871,0.13444729024881222,0.0,0.0,0.3809655552335892,0.0,0.0,0.0,0.0,0.0,0.7155155571536611,0.0,0.0,0.9800724103451535,0.0,0.4986520245466668,1.5987951720241387,2.6857830702166527,0.0,1.1039506135213493,0.0,0.3534542568713387
0.0009424898700052729,0.034177543949545496,0.17651647021167194,0.0,0.18608065349781588,0.0,0.0,0.2317097035987562,0.0,0.0,0.3753213470426528,0.0,0.0,1.5974531870213404,0.0,0.25426857877268594,1.1048420932594862,0.7463444662870087,0.0,0.0,0.0,0.3324073560344762
0.08076822943548309,0.0,0.0,0.0,0.0,0.0,0.0,0.0,0.0,0.0,1.1651648889188644,0.0,0.0,1.3354664761794415,0.0,0.7125513620762798,0.0,3.045125443065375,0.8153173135158149,0.0,0.0,0.0
0.09776869883592122,0.0,0.0,0.0,0.0,0.0,0.0,0.4472013616423745,0.0,0.0,0.5263511616404539,0.8957591891501575,0.0,0.0,0.0,0.15212766493859592,0.4470675583527795,0.8043202562371674,0.0,0.0,0.0,0.0
0.13014734181255636,0.08318130201329581,0.0,0.0,0.0,0.0,0.0,0.44896233952144426,0.0,0.0,0.5219872518882794,0.0,0.0,1.1437276152192957,0.0,0.6170988749737172,0.9794998845169469,0.9529193684674788,0.0,0.0,0.0,0.6442881634955282
0.16602684492536512,0.0,0.1956182928683058,0.0,0.0,0.0,0.0,0.0,0.0,0.0,0.8686816717733591,0.0,0.0,0.18157685180729688,0.0,1.6447220862848986,2.999101287012196,2.7156632349346843,0.0,0.0,0.0,0.0
0.0,0.32621102732507623,0.0,0.0,0.29773220943802026,0.0,0.0,0.0,0.0,0.0,1.1786717298686065,0.0,0.0,1.444483676506259,0.0,1.0087487115219018,2.8513261424475163,4.364908990667539,0.0,0.0,0.0,0.0
0.03973917068034165,0.0,0.0,0.0,0.20275906475400443,0.0,0.0,0.0,0.0,0.0,0.2046746655751972,0.0,0.0,1.4891501008443977,0.0,0.3956237048555058,2.5412719316909,0.8689538509921965,0.7357925050588259,0.0,0.0,1.6022080735902802
0.0,0.0,0.0,0.0,0.0,0.0,0.0,0.0,0.0,0.0,0.32609770568569446,0.0,0.0,0.0,0.0,0.0,0.0,0.0,0.0,0.0,0.0,2.0750352802376146
0.07577552750013009,0.0,0.1256910478318089,0.0,0.0,0.0,0.0,0.0,0.0,0.0,0.8389777232171333,0.0,0.0,0.0,0.0,0.6571514391202857,0.0,0.19778081208921697,0.0,0.0,0.0,0.0
0.08465433195247174,0.0,0.0,0.0,0.0,0.0,0.0,0.12962818130844925,0.0,0.0,0.8398826861272979,0.0,0.0,0.0,0.0,1.1146512876235843,0.2590793762398798,0.0,0.7614736937542516,0.0,0.0,0.0
0.0,0.0,0.028948610530140154,0.0,0.9211188364620928,0.0,0.0,0.0,0.0,0.0,1.4463030014012068,0.5746643052515636,0.0,0.0,0.0,2.3160494988667293,0.0,0.048884448788756425,0.0,0.0,0.0,0.0
0.0,0.0,0.0,0.0,0.0,0.0,0.0,0.11161738720497216,0.0,0.0,0.391701503900742,0.0,0.0,0.0,0.0,0.27012771935825725,0.0,0.0,0.0,0.0,0.0,0.16017771444507964
0.06077239686452072,0.05240771178419982,0.1825691255962737,0.0,0.5703447764649747,0.0,0.0,0.5530091366400006,1.4336081446620403,0.0,1.5890931322888038,0.0,0.0,0.0,0.0,0.9478558641369341,0.0,0.0,1.0378704751196306,0.0,0.0,0.0
0.12912988810295972,0.21828625013721373,0.0,0.0,0.6185463509640585,0.0,0.0,0.0,0.0,0.0,0.9376150517548011,0.0,0.0,0.0,0.0,0.5313558547132153,0.0,0.0,0.0,0.0,0.0,0.0
0.09142910383224082,0.06841322435963174,0.0,0.0,0.0,0.0,0.0,0.43068227155644045,0.0,0.0,0.7490761340373702,0.4499220613703937,0.0,0.0,0.0,1.1799287545235406,0.0,0.0,0.0,0.0,0.0,0.0
0.022290057021063747,0.2824221760673492,0.0,0.0,0.3351146407800746,0.0,0.0,0.0,0.0,0.0,0.6240499762888676,0.33535558347300193,0.0,0.0,0.0,0.600161870835784,0.0,0.0,0.695876094187266,0.0,0.0,0.0
0.15540321780046387,0.07926932599885715,0.0,0.0,0.6009323314179263,0.0,0.0,0.22125770600126884,0.0,0.0,1.0077922834389204,0.0,0.0,0.0,0.0,0.5246622493033106,0.0,0.0,0.0,0.0,0.0,0.5830855632431341
1.1291334518588034,0.7178717686140229,0.3485823383127195,0.544411218494566,0.0,0.3901736320862869,0.0,0.8782412532913726,0.0,0.0,0.42905313661015937,0.0,0.0,0.0,0.30679964375254515,0.25182965612311686,0.0,0.0,0.0,0.0,0.0,0.0
1.725572175240992,3.3041141565714227,1.8317084794543703,0.8340449559035275,0.0,0.2259571455941693,0.0,0.33019816986498235,3.0512646128609844,0.0,0.20816576267368275,0.0,0.0,0.0,2.1313602618613214,0.0,0.0,0.0,0.0,0.7855030654802706,0.0,0.0
1.3880621423065294,1.8564409860361113,2.1519512866916584,0.2226876354041089,0.0,1.493669990110473,0.0,0.5940390267676612,0.0,0.0,0.07199990846849337,0.16364604375780745,0.0,0.0,0.11838324914378935,0.23741037146777993,0.0,0.0,0.0,0.0,0.0,0.0
3.22411660858256,1.4393897804609843,4.04357695781418,2.8477881742180005,0.0,0.35465620223236544,0.0,0.8716858180578524,0.32737523053767753,0.0,0.4282898280069204,0.0,0.0,0.0,4.1468556533443985,0.017521461592509825,0.0,0.02411275589018567,0.0,0.0,0.0,0.0
2.564482360123823,1.250715846217235,4.428008371103119,2.264845234083864,0.0,0.9366457287474522,0.0,0.5565975267911405,0.0,0.0,0.4188388157994818,0.0,0.0,0.0,0.0,0.0,0.6547579605009037,0.021698914809124788,0.0,1.8120580980032424,0.0,0.0
2.2678111638775365,0.9860808527934699,3.4204769683123972,1.0191178008280046,0.0,1.3604909173534894,0.0,1.0562571732412342,2.6749880242067987,0.0,0.500873949505285,0.0,0.0,0.2366255986956307,0.22299190191898105,0.972042621983249,0.0,0.19476001235836107,0.0,0.6821812667662921,3.557020747225263,0.0
1.4003059350997962,0.47383678983336885,2.802199058396488,2.3845827023117145,0.0,0.8171426117591889,0.0,0.5816309764397262,0.07578893743687955,0.0,0.13299504456216057,0.0,0.0,0.28455650875634697,0.0,0.009464405593957425,0.0,0.0,0.0,0.0,0.0,0.0
3.2855433942465546,1.4380020222402747,4.202714207717505,3.389272889915972,0.0,0.0,0.0,0.9395921437711869,1.37690577037934,0.0,0.260351062170805,0.0,0.0,0.0,0.0,0.3684087131650109,0.0,0.09501340789973467,0.3154697891516391,0.0,0.0,0.0
4.540239024164746,4.709979371951094,3.6021745568794468,3.2512025668146087,0.0,0.9634432577004226,0.0,0.02068596447850547,1.2426799388955965,0.0,0.1343821473125975,0.0,0.0,0.0,2.5949324832984737,0.0,0.0,0.0,0.0,0.0,0.0,0.0
2.4085381066582374,2.8005936557185196,0.8619424818053918,0.9575495900327337,0.0,1.2219318800645917,0.0,0.39401283794924646,0.0,0.0,0.20745950305025934,0.0,0.0,0.0,0.0,0.11736376511265684,0.0,0.0,0.0,0.0,0.0,0.0
0.3057773365834844,0.4131649037450016,0.7262759243388784,0.1839554436240931,0.0,0.2731512401787957,0.8205735734404179,0.0,1.6589075221091112,13.968630763589902,0.775730634739022,0.0,0.0,0.0,0.0,0.1695713900904167,0.0,0.0,0.0,0.23675282343623763,0.0,3.925737677522261
0.052783298972908184,0.17213659053413208,0.15487077276342934,0.0,0.6352229183649649,0.3009378510894647,0.0,0.8270393298148657,0.0,0.0,0.6790973664373324,0.0,0.0,0.0,0.0,0.43044990995726723,0.0,0.0,0.0,0.0,0.0,0.0
0.02702985078006791,0.0,0.0,0.0,0.0,0.0,0.0,0.0,0.0,0.0,0.45618144160165275,0.19395067881784903,0.0,0.0,0.0,0.0,0.0,0.0,0.0,0.0,0.0,0.0
0.0639451555856446,0.10349081398443151,0.0,0.0,0.7776898721396668,0.0,0.0,0.3463716844837421,0.0,0.0,0.8835291405633297,0.0,0.0,0.0,0.0,0.18789275448337045,0.0,0.0,0.0,0.0,0.0,0.3145609868943688
0.0,0.0,0.0,0.0,0.0,0.0,0.0,0.36169636894402096,0.0,0.0,0.3955549839155921,0.0,0.0,0.0,0.0,0.143638350637601,0.0,0.0,1.36546479635086,0.0,0.0,0.0
0.0,0.0,0.0,0.0,0.0,0.0,0.0,0.0,0.0,0.0,0.12856971790704153,0.0,0.0,0.0,0.0,0.10839081486702663,0.0,0.0,0.0,0.0,0.0,0.0
0.06309967054968793,0.0,0.0,0.0,0.0,0.49990228169006534,0.0,0.0,0.0,0.0,0.33602111713382943,0.0,0.0,0.0,0.0,0.0,0.0,0.0,0.0,0.0,0.0,0.0
0.0,0.0,0.0,0.0,0.0,1.1423502319813337,0.0,0.0,0.0,0.0,0.1404070532286649,0.0,0.0,0.0,0.0,0.45405548681743096,0.0,0.0,0.241659436098258,0.0,1.8509466449001517,0.7978716229462116
0.0,0.0,0.0,0.0,0.0,0.0,0.0,0.0,0.0,0.0,0.0,0.0,0.0,0.0,0.0,0.0,0.0,0.0,0.0,0.0,0.0,0.0
0.3023224391490434,0.0,0.0,0.0,0.0,0.0,0.0,0.0,0.0,0.0,0.2708535664345405,0.0,0.0,0.0,0.0,0.0,0.0,0.0,0.0,0.0,0.0,0.0
0.22067342280730634,0.15411905325120376,0.34257007061279887,0.0,0.0,0.0,0.0,0.34099496584486994,0.0,0.0,0.46797619650096633,0.0,0.0,0.8285652005857267,0.0,0.23552220189968992,0.0,0.1863591610470656,0.0,0.0,0.0,0.0
0.23916382611289155,0.16632777853170674,0.0,0.0,0.0,0.0,0.0,0.0,0.0,0.0,0.40978003424138376,0.0,0.0,0.0,0.0,0.10289208152442614,0.0,0.0,0.0,0.0,0.0,0.838172495224808
0.0,0.0,0.09179342346886328,0.0,0.0,0.0,0.0,0.0,0.0,0.0,0.46676173941486343,0.0,0.0,0.20485642627422468,0.0,0.6980194799696031,0.0,0.0,0.0,0.0,0.0,0.0
0.0,0.0,0.11671839038896326,0.1264362073920284,0.0,0.0,0.0,0.0,0.0,0.0,0.7113269036057395,0.0,0.0,1.986963643880638,0.0,0.8066804955262611,1.3016335866856914,1.50351422196226,1.317192557135321,0.0,0.0,0.0
0.0,0.0,0.0,0.8469957035936975,0.0,0.0,0.0,0.0,0.0,0.0,0.8616555169208463,0.0,0.0,2.86063093026552,0.0,1.9131085503928809,2.440497848987287,1.3164154314802403,0.0,0.0,0.0,0.0
0.0,0.08994919522659077,0.0,0.0,0.0,0.0,0.0,0.0,1.3320734570313755,0.0,0.31012564566981043,0.0,0.0,0.11014905010031681,0.0,0.6242616834486618,0.47896200226720564,0.2618386787493883,0.0,0.0,0.0,1.1438565085584806
0.0,0.5386353871613363,0.0,0.0,0.0,0.0,0.0,0.0,0.0,0.0,0.4101721992698807,0.0,0.0,0.38495296122767286,0.0,0.0,0.7635002081807801,1.9954587757713365,0.0,0.0,0.0,1.3105415418569049
0.07044663784979553,0.027485941119473813,0.22891847656577477,0.0,0.0,0.0,0.0,0.0,0.0,0.0,0.5795745295318155,0.0,0.0,1.65095355711265,0.0,1.0769979875931457,0.4592713291610156,1.0470914013663914,0.16910681322255525,0.0,0.0,0.0
0.04970830546130763,0.0,0.0030274146095089034,0.0,0.0,0.0,0.0,0.0,0.0,0.0,1.4978057564189888,0.0,0.0,2.953827936644029,0.0,1.2779701373475063,3.113247812119419,4.604525953810341,0.0,1.268121599630593,0.0,0.0
0.022407283431419033,0.0,0.0,0.0,0.0,0.0,0.0,0.0,0.0,0.0,0.33096952140161584,0.0,0.0,0.0544082263193072,0.0,0.4448169736407163,0.9246749891062938,1.103346658478756,0.0,0.0,0.0,0.0
0.0,0.3334931112717967,0.04770574010818164,0.0,0.0,1.1806097919845304,0.0,0.0,0.0,0.0,1.1138650348480927,0.0,0.0,0.0,0.0,0.8980352604273735,4.710039764225937,3.279309652970172,0.0,0.0,0.0,0.0
0.055228791169150686,0.3849647222513043,0.031198787346771607,0.0,0.0,0.0,0.0,0.8005737580554012,0.0,0.0,1.1439104002477205,0.7437405729031208,0.0,0.0,0.0,1.849605847365937,2.1111067149271263,6.4071811090577455,0.0,0.0,0.0,0.0
0.03066113862896335,0.06572552011237517,0.12271748811783231,0.3133366284862712,0.0,0.5022762992116996,0.0,0.0,0.0,0.0,0.8604394137326761,0.0,0.0,0.17094752573940825,0.0,1.023400181355256,2.4186059906595165,1.637552272427679,0.0,0.0,0.0,0.38813275306445033
0.14772718675347637,0.0,0.0,0.0,0.0,0.0,0.0,0.0,0.0,0.0,0.4386273111260499,0.0,0.0,0.0,0.0,0.0,0.0,0.0,0.0,0.0,0.0,0.0
0.05157332615665503,0.0,0.0,0.0,0.0,0.0,0.0,0.0,0.0,0.0,0.2819853667207625,0.0,0.0,0.0,0.0,0.3254785245669074,0.0,0.0,0.0,0.0,0.0,0.0
0.013846999114031087,0.1672321601409719,0.0,0.0,0.7430410855277323,0.0,0.0,0.0,0.0,0.0,1.4357634810710804,0.5680397536209008,0.0,0.0,0.0,0.43509480524571775,0.0,0.0,0.7223887457689192,0.0,0.0,0.0
0.28782564554781814,0.0,0.20501499014325547,0.0,0.0,0.0,0.0,0.20114117170464638,0.0,0.0,1.4242937611269744,1.0057298425648447,0.0,0.0,0.0,1.0810501174322893,0.0,0.0,0.22176244631017328,0.0,0.0,0.0
0.2515218980092259,0.0,0.2697350087155703,0.0,0.5068151963671562,0.0,0.0,0.7516949649274711,0.0,0.0,0.5530711382993889,0.1910432310524853,0.0,0.0,0.0,0.8737922885961864,0.0,0.0,0.0,0.0,0.0,0.0
0.16887025028385289,0.0,0.044526128828846406,0.0,1.3650747817038964,0.0,0.0,0.13757995355537442,0.0,0.0,1.34990203451302,0.2792049303961155,0.0,0.0,0.0,1.206492487141405,0.0,0.0,0.6179133964179258,0.0,0.0,0.06489560820121812
0.008838009629188405,0.0,0.0,0.0,0.0,0.0,0.0,0.06435887062909691,0.0,0.0,0.970596995476613,0.0,0.0,0.0,0.0,0.6514382998344304,0.0,0.0,0.23339499219663437,0.0,0.0,0.0
0.11111184079925378,0.0,0.0,0.0,0.5498654398411847,0.0,0.0,0.5831703942983546,0.0,0.0,0.8358222021518262,1.4171994071436558,0.0,0.0,0.0,0.9634091075865094,0.0,0.0,0.0,0.0,0.0,0.0
0.059065781328694694,0.0,0.07248646748044653,0.0,0.05222078704287786,0.0,0.0,1.2655221947270525,0.0,0.0,0.9455502991116429,0.0,0.0,0.0,1.5570363058385408,1.0471562885369594,0.0,0.0,0.4064178881289776,0.0,0.0,0.0
0.0,0.4657931283910064,0.0,0.0,1.8538080926110403,0.0,0.0,2.369035008704266,0.0,0.0,0.9260573205509037,0.0,0.0,0.0,0.0,1.1259769319750945,0.0,0.0,2.094859473795375,0.0,0.0,0.0
0.32947543458635853,0.2582186276178275,0.1679883398945756,0.1307919027412628,0.0,0.0,0.0,1.9405298251131662,0.3277829523737886,0.0,0.2868976419516958,0.0,0.0,0.0,0.0,0.0,0.0,0.0,0.5549462015452867,0.0,0.0,0.0
3.416156646147555,4.4440430250461835,3.54774905723451,2.786675281555282,0.0,0.4151315817347294,0.0,0.566627766071097,3.7570176397141655,0.0,0.2279326765944954,0.0,0.0,0.0,1.4024064587653011,0.0,0.0,0.0,0.0,0.0,0.0,0.0
4.168535149118577,5.208827847078993,4.901734971128399,3.217529124816058,0.0,1.485665000604757,0.0,0.8680401661082005,1.3712478264807204,0.0,0.1309403190650918,0.0,0.0,0.2613346498653231,0.0,0.0,0.0,0.0,0.6565606497427674,0.0,0.0,0.0
3.2130932037480697,2.827313913713703,4.08243540488561,2.4925800710493995,0.0,1.2666181021026428,0.0,0.6982831208589694,0.0,0.0,0.2412528849946884,0.0,0.0,0.16588091549083014,0.0,0.07758204013498804,0.0,0.0,0.0,1.6746839440739372,0.0,0.0
3.7355347270381642,2.003910566103687,3.2691457069042986,2.6279287587696274,0.0,0.3734336239548038,0.0,0.7350886542896351,0.0,0.0,0.1368310147869017,0.0,0.0,0.0,4.171818148727557,0.0,0.0,0.0,0.0,0.0,0.0,0.0
2.8823411829687147,1.2354998919651838,3.4035636853680993,2.7573229122945975,0.0,0.7455182384759256,0.0,0.693234158239406,0.5868179525479355,0.0,0.2318876372099173,0.0,0.0,0.0,0.0,0.017761360093771387,0.0,0.0,0.0,0.14560651391662363,0.0,0.0
2.721908648940245,1.007126954392672,4.859021286344066,3.0670532957418226,0.0,0.0,0.0,0.9974808135045888,0.0,0.0,0.09882342453347558,0.0,0.0,0.0,0.0,0.22856191909607104,0.0,0.0,0.0,0.0,0.0,0.8207747383282025
5.049251380246671,5.886733829996699,5.6751583251666124,4.637506108757211,0.0,0.01919270577592108,0.0,0.4050032437791223,0.10119920530207313,0.0,0.4126126660142943,0.0,0.0,0.25309025544604324,1.814418477005532,0.08842310338693109,0.0,0.15516344088347073,0.0,1.9895371215062705,0.0,0.0
3.9411700795779914,4.341200183092151,3.5323146852218263,1.9952413691703454,0.0,1.4165774360153875,0.0,1.938734796720801,3.382173408764129,0.0,0.12038090531147938,0.0,0.3096604674134671,0.0,1.0029942316708396,0.07573265193117787,0.0,0.0,0.0,0.0,0.0,0.0
2.2406105164098586,2.6002720292638006,1.4344099146230724,0.8260124770015298,0.2786488999897525,0.88643302861693,0.0,0.48425275849236626,5.832267375352426,0.0,0.4395953960965937,0.0,0.0,0.0,1.9388251292095853,0.4015551457892849,0.0,0.0,0.31488172391351693,0.0,0.0,0.0
0.3344966079246616,0.0,0.2092220157229052,0.0071552926038085714,0.0,0.01062473069601781,0.0,0.0,0.0,0.0,0.5942489940531889,0.36342769248725043,0.0,0.0,0.0,0.4321477934899873,0.0,0.0,0.0,0.0,0.0,0.04375970520821576
0.0,0.0,0.0,0.0,0.0,0.0,0.0,0.7228201814081094,0.0,0.0,0.5109043606088127,0.3020511706077593,0.0,0.0,0.0,0.29721978082699585,0.0,0.0,0.0,0.0,0.0,0.0
0.0,0.0,0.0,0.0,0.0,0.0,0.0,0.3293571749544809,0.0,0.0,0.4505019284247161,0.0,0.0,0.0,0.0,0.3046192309206561,0.0,0.0,0.19853373987395492,0.0,0.0,0.0
0.10183129509095261,0.0,0.0,0.0,0.4326388662896816,0.0,0.0,0.0,0.0,0.0,0.4250972172007569,0.7994042619877527,0.0,0.0,0.0,0.21843726906733724,0.0,0.0,0.0,0.0,0.0,0.0
0.0,0.0,0.0,0.0,0.0,0.0,0.0,0.9093085474823801,0.0,0.0,0.7904412916788622,0.3815162050267826,0.0,0.0,0.0,0.506654325833529,0.0,0.0,0.4442808793297847,0.0,0.0,0.0621528640168375
0.10603300919513703,0.0,0.0,0.0,0.0,0.0,0.0,0.0,0.0,0.0,0.16814674361495682,0.03718862033997969,0.0,0.0,0.0,0.01670259923854799,0.0,0.0,0.0,0.0,0.0,0.0
0.1669124670126528,0.0,0.17059012487281539,0.0,0.0,0.0,0.0,0.0,0.0,0.0,0.2429508296081804,0.0,0.0,0.0,0.0,0.20932464712099444,0.0,0.0,0.9564665060436341,0.0,0.0,0.0
0.005047393557673004,0.0,0.0,0.0,0.0,0.0,0.0,0.25756469112400354,0.0,0.0,0.18320175330595367,0.0,0.0,0.0,0.0,0.0,0.0,0.0,0.0,0.0,0.0,0.342083257929566
0.06582121545161958,0.0,0.0,0.0,0.0,0.0,0.0,0.6216365436983801,0.0,0.0,0.1795619866375725,0.0,0.0,0.0,0.0,0.4937057944436795,0.0,0.0,0.0,0.0,0.0,0.0
0.0,0.0,0.0,0.0,0.0,0.0,0.0,0.0,0.0,0.0,0.2708535664345405,0.0,0.0,0.0,0.0,0.0,0.0,0.0,0.0,0.0,0.0,0.0
0.17769302211376803,0.0,0.0,0.0,0.0,0.0,0.0,0.0,0.0,0.0,0.2233107296581503,0.0,0.0,0.0,0.0,0.0,0.0,0.0,0.0,0.0,0.0,0.0
0.1881929556100135,0.0,0.2894401188220034,0.0,0.0,0.0,0.0,0.0,0.0,0.0,0.3611908183756234,0.0,0.0,0.0,0.0,0.31379089988276254,0.8940647795797985,0.0,0.0,0.0,0.0,0.0
0.06860754167799436,0.08981213211274551,0.0,0.0,1.290486607101634,0.3295153976593671,0.0,0.5183127788074556,0.0,0.0,0.4325586212084671,0.4508893565926591,0.0,0.6756669823709252,0.0,0.12533065078072037,0.1453345251947969,0.0,0.0,0.0,0.0,0.45289890893823287
0.06381073595456212,0.0688139015484077,0.0,0.0,0.0,0.0,0.0,0.0,0.0,0.0,0.63127800640669,0.0,0.0,1.581597862707417,0.5705464595613164,0.023907036744846497,1.5738347428021027,0.8728162070377665,0.0,0.0,0.0,0.0
0.05748604719182049,0.3138782835757645,0.0,0.07067232897510005,0.0,0.0,0.0,0.0,0.0,0.0,0.5875609947217693,0.0,0.0,1.7609143997762398,0.0,0.6214672350725279,1.3211391513376183,1.857425558504989,0.0,0.0,0.0,0.0
0.03837742704590689,0.0,0.0,0.14280118721436422,0.8703931730546524,0.0,0.0,0.106300975445372,0.0,0.0,0.5102443542737478,0.0,0.0,0.8598799433970646,0.0,0.19261476465712069,0.14857916536490764,0.6062159783197363,0.0,0.0,0.0,0.23774768758401132
0.0,0.0,0.0,0.0,0.0,0.0,0.0,0.0,0.0,0.0,0.347449396301216,0.0,0.0,0.3068681761309793,0.0,0.160991579605455,1.4648388831918606,0.5871741031748913,0.0,0.0,0.0,0.0
0.046002727953511964,0.0,0.0,0.0,0.0,0.0,0.0,0.0,0.0,0.0,0.3763425241777594,0.0,0.0,1.0427178849439298,0.0,0.6138788435370713,0.4626026011572384,0.0,0.0,0.0,0.0,0.0
0.3023224391490434,0.0,0.0,0.0,0.0,0.0,0.0,0.0,0.0,0.0,0.0,0.0,0.0,0.0,0.0,0.0,0.0,1.2947152331688792,0.0,0.0,0.0,0.0
0.03805184993443162,0.0,0.0,0.0,0.0,0.0,0.0,0.0,0.0,0.0,0.4615833135171056,0.0,0.0,0.0,0.0,0.2615383616334035,0.17301941392104786,0.6355991891940301,0.0,0.0,0.0,0.0
0.030405933511196085,0.070272370344238,0.030165138428319693,0.0,0.0,0.0,0.0,0.0,0.0,0.0,0.4254169915683413,0.0,0.0,0.6943892103685082,0.0,0.20565151594612446,0.15169563819329954,1.0947138943059171,0.0,0.0,0.0,0.5456798339577033
0.0,0.4768432096697281,0.09958327173563086,0.0,0.0,0.0,0.0,0.0,0.0,0.0,1.1931518998622923,0.0,0.0,0.6840198499616902,0.0,1.3575429048429934,0.02634566491818084,3.637804958005934,0.7588636552615803,0.0,0.0,1.659313239931292
0.15069216023848836,0.20352411366518264,0.0,0.0,0.0,0.0,0.0,0.0,0.0,0.0,0.7976039334254401,0.15210529933951134,0.0,1.0377605177735203,0.0,0.7363202434175449,1.0173617143007316,1.6974390440666736,0.5208374672004924,0.0,0.0,0.6226716760991712
0.06768354465292307,0.0,0.0,0.025404459155457654,0.0,0.0,0.0,0.0,0.0,0.0,0.33278949795576096,0.29582044789339096,0.0,0.013049848150314843,0.0,0.13786037488990058,0.3195520285764622,1.4506511053863997,0.535821027834509,0.0,0.0,0.0
0.08798082818726896,0.0,0.0,0.0,0.0,0.0,0.0,0.0,0.0,0.0,0.30914878335272505,0.0,0.5442068687694732,0.0,0.0,0.0,0.0,0.10532676438185634,0.0,0.0,0.0,1.2667912141597748
0.17906111581089484,0.0,0.36711671498185383,0.32254801987523063,0.578597754936561,0.0,0.0,0.6756308165091707,0.0,0.0,1.5805403222758994,0.959849228038397,0.0,0.0,0.0,1.4874308473302604,0.0,0.0,0.0,0.0,0.0,0.5170844132191863
0.19082559612291886,0.17124982083051274,0.24147629845947252,0.0,0.0,0.0,0.0,0.7476851083520951,0.0,0.0,0.20416025813194383,0.7474787082505313,0.0,0.0,0.0,0.89012035224283,0.0,0.40862177884253664,0.0,0.0,0.0,0.0
0.08793977239835982,0.0,0.08675364448369943,0.0,0.0,0.0,0.0,0.10541129696238942,0.0,0.0,0.9575492673181331,0.0,0.0,0.0,0.0,0.8800625758002966,0.0,0.0,0.0,0.0,0.0,0.0
0.10949974363214637,0.14844391878751081,0.0,0.0,0.0,0.5253891858795062,0.0,0.0,0.0,0.0,0.962772397489768,0.0,0.0,0.0,0.0,0.7566058801493234,0.0,0.0,0.4566923526403483,0.0,0.0,0.3611755314338359
0.05817931512613149,0.13092361170141686,0.0,0.0,0.0,0.0,0.0,0.0,0.0,0.0,0.7381674182079894,0.4447100131418485,0.0,0.0,0.0,1.5822679324704778,0.0,0.0,1.6601896321894243,0.0,0.0,0.2604202271189097
0.2921681899377206,0.0,0.0,0.19172970493048047,0.0,0.0,0.0,0.31821568100904063,0.0,0.0,0.4502714917441565,0.6219496767153299,0.0,0.0,0.0,0.2532985857841879,0.0,0.3485854723988519,0.2548399637229942,0.0,0.0,0.1607477329865611
0.4542888806283278,0.0,0.0,0.8549076447103863,0.11460375734443241,1.5934488078791387,0.0,0.4651732710276263,0.0,0.0,0.17309603007866348,0.0,0.0,0.0,0.0,0.0,0.0,0.0,0.0,0.0,0.4491788796036481,0.0
1.4929102453007839,0.2037855743339634,0.22361866588778326,0.9546452878097409,0.0,0.7214279287699795,0.0,0.03199827518327244,0.0,0.0,0.04773836600240412,0.016031794176702845,0.0,0.0,1.3728449139082477,0.0,0.0,0.0,0.0,0.0,0.0,0.5484494219823145
0.9387718451405422,0.0,0.052196365677891425,0.36325950175519806,1.0116742663870473,4.674033078553051,0.0,3.6218206363406185,0.0,0.0,1.4956083737858126,0.2685797830891281,0.0,0.0,0.0,0.500364918235731,0.0,0.0,0.0,0.0,0.0,1.8072161814596375
0.11051326974555499,0.06965586681535225,0.0,0.0,0.0,0.0,0.0,0.0,0.0,0.0,1.0928531617286816,0.1274918658177502,0.0,0.0,0.0,0.4806072536263447,0.0,0.0,1.142859439498477,0.0,0.0,0.0
2.614353336188193,1.5212264511910416,1.1599042523284202,1.9834562562481848,0.0,2.0797199996251177,0.0,3.643562744434398,0.594800384754254,0.0,0.22638410240244755,0.0249763832593302,0.0,0.0,0.0,0.11322838231736665,0.0,0.2929291962266891,0.0,0.0,0.0,0.0
2.6366307719762925,2.4681771172347244,1.66460733479455,1.36429202390398,0.6294187110215084,0.1340304892358689,0.0,0.26145637318555276,0.0,0.0,0.15203508664571835,0.0,0.0,0.0,0.0,0.1038306309728927,0.0,0.0,0.0,0.0,0.0,0.0
3.7244184823609303,3.5278654580983684,4.44579649672507,2.460004493815882,0.0,1.9686217220736784,0.0,1.1410268718425702,0.7489551093758604,0.0,0.055488761215867655,0.0,0.9717516924278257,0.0,0.0,0.18391766924884717,0.0,0.0,0.0,0.0,0.0,0.0
4.927480703178482,6.246204983021909,5.9933682191506,2.5341108881337706,0.0,0.48477825341986835,0.0,2.0662331400132556,5.851372863141238,0.0,0.7629481161809074,0.0,1.0555522602687726,0.0,1.6279780369530625,0.0,0.0,0.0,0.0,0.0,0.0,0.0
3.89358476663989,2.7717581160839138,6.534271555863566,3.004569950167341,0.0,0.6709230805112409,0.0,1.9735598842024364,1.0430445045137011,0.0,0.43522712201443253,0.0,0.0,0.0,1.8018970523552795,0.034381373106190924,0.0,0.0,0.0,0.0,0.0,0.0
3.01272700596682,2.7641507620595323,4.142051281974121,1.741111710334657,0.0,2.56358736224775,0.0,0.815711791593424,0.0,0.0,0.19348695191725274,0.0,0.0,0.0,2.115126162776923,0.18161105946977496,0.31239152979868656,0.0,1.1011767077134067,0.0,0.0,0.0
3.629938221947551,4.25130172691249,3.557046968086018,1.6192368386640752,0.0,1.6119544729110442,0.0,2.3312494271314264,3.4444791703165505,0.0,0.34845281613750667,0.0,0.0,0.0,2.8197713451480837,0.2734232793280911,0.3335048346184292,0.0,0.0,0.0,0.0,0.0
3.0820693630755915,4.189185813353706,0.9581772592872265,0.845459558150723,0.0,0.6401998917939562,0.0,1.3484499781310413,0.0,0.1541548089213474,0.24540731436581853,0.0,0.0,0.0,0.0,0.14239022567782048,0.0,0.0,0.0,0.0,0.0,0.8799158842209426
0.01817540738789596,0.0,0.09420553512961354,0.0,0.0,0.0,0.0,0.2910828650209252,0.0,0.0,0.5160275850556119,0.0,0.0,0.0,0.0,0.0,0.0,0.0,0.0,0.0,0.0,1.1577427761119399
0.0,0.0,0.0,0.0,0.0,0.0,0.0,0.0,0.0,0.0,0.517371779063998,0.5612912031067107,0.0,0.0,0.0,0.0,0.0,0.0,1.7210236488685262,0.0,0.0,0.0
0.06229782519367524,0.0,0.0,0.0,0.0,0.0,0.0,0.0,0.0,0.0,0.3195516103352194,0.0,0.0,0.0,0.0,0.5458451004833222,0.0,0.0,2.3493377235660073,0.0,0.0,0.8171461455127162
0.02636305939751542,0.09252026766235907,0.0,0.0,0.0,0.0,0.0,0.0,0.0,0.0,0.6687456119016413,0.0,0.0,0.0,0.0,0.5153505117796281,0.0,0.0,0.0,0.0,0.0,0.0
0.0913692295520461,0.0,0.0,0.0,0.0,0.0,0.0,0.43129051153080683,0.0,0.0,0.9751391666296854,1.475922266086099,0.0,0.0,0.0,0.8115137869903589,0.0,0.0,0.38923873045342794,0.0,0.0,0.0
0.011232455273079584,0.0,0.0,0.0,0.0,0.0,0.0,0.685306882330717,0.0,0.0,0.4318547374703935,0.1745863963987899,0.0,0.0,0.0,0.06920740498510167,0.0,0.0,0.0,0.0,0.0,0.25009012570307826
0.2728002999973426,0.06769350040614931,0.0,0.0,0.0,0.5338440804190661,0.0,0.0,0.0,0.0,0.05782998532065949,0.20681234692786354,0.0,0.0,0.7762707372242124,0.0,0.0,0.0,0.3746002181015245,0.0,0.0,0.0
0.6305562731436697,0.28433742424900865,0.0,0.0,0.4522771629164373,1.2788117721085392,0.0,0.0,0.0,0.0,0.32581363747534214,0.0,0.0,0.0,1.233674702340989,0.02376919732841123,0.0,0.0,0.0,0.0,0.0,0.0
0.10387209956263108,0.0,0.0,0.17095939821348147,0.6184016183191894,0.0,0.0,0.0,0.0,0.0,0.4678828820181201,0.0,0.0,0.0,0.0,0.0,0.3849950260747144,0.0,0.0,0.0,0.0,0.0
0.0,0.10486741062401786,0.15411495701360628,0.0,0.0,0.0,0.0,0.0,0.0,0.0,0.05077923154794257,0.0,0.0,0.0,0.0,0.0,0.0,0.0,0.0,0.0,4.77563318142647,0.6373724461184893
0.32554101271284525,0.0,0.8255750349482641,0.0,0.0,3.7886928396266977,0.0,0.0,0.0,0.0,0.021274529090477667,0.0,0.0,0.13439858019386822,0.0,0.0,0.0,1.9834545424266037,0.0,0.0,0.0,0.0
0.16985949334072384,0.3342908765375727,0.12112061273055989,0.0,0.0,0.0,0.0,0.0,0.0,0.0,0.2765161856729918,0.0,0.0,0.41810407955615375,0.0,0.15006728282197143,0.0,0.3163656910656718,0.0,0.0,0.0,0.0
0.19941810938373988,0.08096555423877806,0.0,0.09975660792118257,0.0,1.2984787304089012,0.0,0.0,0.0,0.0,0.016328045973860075,0.0,0.0,0.8973253280375467,0.9786404585522728,0.1745103356667963,0.3206475411935601,0.07753366364257736,0.0,0.0,0.0,0.1969954533596296
0.0,0.0,0.0,0.0,0.0,0.0,0.0,0.0,0.0,0.0,0.5224630086486662,0.0,0.0,2.138444310109489,0.0,0.2474222893682476,1.0851367065795603,1.124925741991198,0.0,0.0,0.0,0.1604389219589292
0.1959314188116466,0.18470586285154236,0.0,0.0,0.0,0.0,0.0,0.0659081347223178,0.0,0.0,0.3623236072678885,0.0,0.0,0.04760327427553643,0.0,0.3041907290715089,0.17705375116482608,0.9128707607451096,0.0,0.0,0.0,0.0
0.0,0.0,0.007073264101345729,0.0,0.0,0.0,0.0,0.0,0.0,0.0,0.7397990703126754,0.43167425688845684,0.0,1.381866696879875,0.0,0.5375285039228135,0.43076666971176397,0.9034478986525389,0.0,0.0,2.500220217946357,0.0
0.13552686949251552,0.0,0.0,0.2285395921703432,0.5219066605270098,0.0,0.0,0.0,0.0,0.0,0.5376966725120113,0.0,0.0,1.7125505883536245,0.0,0.2817427412927823,0.2367059129557608,1.0188526058848624,0.5897703848632999,0.0,0.0,0.0
0.048531920914833035,0.0,0.0,0.0,0.0,0.0,0.0,0.0,0.0,0.0,0.04348021239409608,0.0,0.0,0.5491621955764376,0.0,0.5516465979685594,0.59944987771478,0.0,0.0,0.0,0.0,0.0
0.0,0.0,0.0,0.0,0.0,0.0,0.0,0.0,0.0,0.0,0.11339076828189307,0.0,0.0,0.0,0.0,0.6803393331692207,0.6556732739170434,0.39424953297744275,0.0,0.0,0.0,0.0
0.0,0.0,0.0,0.0,0.0,0.0,0.0,0.24655995674359102,0.0,0.0,0.45546688484709563,0.0,0.0,0.0,0.0,0.0,0.22980857139855276,0.7725423927523565,0.0,0.0,0.0,0.0
0.11499409253968326,0.0,0.0,0.0,0.0,0.0,0.0,0.19559857595948374,0.0,0.0,0.738989691270596,0.4417553729324639,0.0,0.8904491731026232,0.0,0.30130195144445526,1.3339706371922053,2.625582362040856,0.0,1.7891407875845735,0.0,0.049258817889691914
0.29965285239136147,0.0,0.0,0.0,0.0,0.0,0.0,0.0,2.14750611724987,0.0,0.38087979537886096,0.0,0.0,2.27249834597233,0.0,1.5813105387964934,0.070909039921569,2.265410745176939,0.0,0.0,0.0,0.0
0.11108283126552879,0.5315537769170937,0.11670114104573961,0.0,0.0,0.0,0.0,0.0,0.0,0.0,0.2125591019698817,0.0,0.0,0.5206997606358613,0.0,0.3284596025017225,2.894819208147328,1.0160041055445008,0.0,0.0,0.0,0.0
0.15072662804160675,0.0,0.0,0.11512537141520586,0.0,0.0,0.0,0.0,0.0,0.0,0.4240774208071291,0.0,0.0,0.05913798857214714,0.0,0.17447845751090021,2.2199322773959658,1.0595901663377745,0.0,0.0,0.0,0.0
0.0,0.0,0.0,0.0,0.0,0.0,0.0,0.42792165150210426,0.0,0.0,0.39794723046345315,0.42869493994715124,0.0,0.0,0.0,0.279884620645719,0.0,0.15256423711324035,0.0,0.0,0.0,0.57882740059539
0.07462032866622671,0.0,0.0,0.0,0.3666471997642454,0.0,0.0,0.0,0.0,0.0,0.5148532877931306,0.0,0.0,0.0,0.0,0.30427492420368585,0.0,0.0,0.0,0.0,0.0,0.26552580429915534
0.038747744368442714,0.0,0.007013012487715872,0.0,1.3633026005833688,0.0,0.0,0.043328471535197526,0.0,0.0,0.8272693029389944,0.6693286023177982,0.0,0.0,0.0,1.0015791951449402,0.0,0.0,0.43738623810733684,0.0,0.0,0.0
0.0,0.0,0.01218915937284917,0.0,0.06437255587249234,0.13188599213627175,0.0,1.954868586947536,0.0,0.0,0.4155204044021089,0.2907435770399291,0.0,0.0,0.0,0.2790543190299986,0.0,0.0,0.0,0.0,0.0,0.0
0.05185770051172539,0.11985040795470697,0.0,0.0,0.0,0.0,0.0,0.0,0.0,0.0,1.0945433851959812,0.4070975113193951,0.0,0.0,0.0,0.509355176743574,0.0,0.0,0.0,0.0,0.0,0.0
0.11563548514748062,0.08908871956001739,0.0,0.0,0.0,0.7768325086798807,0.0,0.0,0.0,2.110559412320982,0.8311955879283434,0.18540073494644377,0.0,0.0,0.0,0.41615521543126616,0.0,0.0,0.0,0.0,0.0,0.0
1.4401051888677856,0.15051627075010965,0.6562361239688742,0.8599919612815611,0.0,4.245557524849525,0.0,0.5103384425608151,0.0,0.0,0.27926779894697523,0.0,0.0,0.0,1.3232985018184331,0.05720789059550464,0.0,0.17569938915359223,0.0,0.0,0.0,0.0
2.252216898133025,0.49721900180690726,0.749613767308153,1.5282818383094596,1.099586461659837,1.4519474879758882,0.0,1.1611573993149378,0.0,0.0,0.13276481531543932,0.0,0.0,0.0,1.194029889097796,0.0,0.0,0.1930440639038575,0.0,1.499154894415544,1.7151761175759563,0.0
4.5141726728768825,0.7944607800968059,0.9348767677050709,2.561625451207681,0.3294803896536363,3.7898311802054243,0.0,1.6974012865752357,0.0,0.0,0.33011469579594754,0.0,0.0,0.0,0.0,0.3442051350536919,0.0,0.0,0.0,0.0,0.0,0.6839585424355865
3.455873923902045,0.6211657869396636,0.11667736915846694,2.819792953106538,0.0,3.795288594006599,0.0,0.05399965277345432,0.7404789532592367,0.0,0.48458379363024046,0.0,0.5375257701877129,0.0,0.0,0.010335925967160594,0.0,0.0,0.0,0.0,0.0,0.0
1.113036102279089,0.2294685993875296,0.19136870622393679,2.657322414026779,0.0,0.7895240405489199,0.0,0.0,0.0,0.0,0.3827505045836853,0.0,0.0,0.0,0.0,0.14579180974018513,0.0,0.0,0.0,0.0,0.0,0.0
0.17837474384684945,0.18539300189155206,0.11114243838129845,0.10046575336034408,0.0,0.0,0.0,0.0,0.0,0.0,0.7789377862356505,0.0,0.0,0.0,0.0,0.136884978628907,0.0,0.0,0.0,0.0,0.0,0.0
1.6308809230278978,0.7924589316053099,0.48066478224114095,0.47469601250134585,0.0,1.6018903963051503,0.0,1.5047795887230677,0.5211537862518804,0.0,0.4707350041239097,0.0,0.0,0.0,0.3963669377830029,0.1426411804437689,0.0,0.0,0.0,0.0,0.0,0.0
3.3019877034181833,2.990596717858071,1.6963809777780987,1.9718277459921147,0.0,2.146677378703422,0.0,1.2819701116093292,0.1208741220638597,0.0,0.06913841369480414,0.0,0.0,0.0,0.6431987763833387,0.09850809789918731,0.0,0.0,0.0,0.0,0.0,0.0
4.494147761036017,6.07388281293556,3.2384250805871355,3.1758084990714526,0.0,0.8886586117773144,0.0,1.5901090952629067,0.8231378742346549,3.403423763425255,0.258182086919918,0.0,0.1938981569575742,0.0,1.0586563890390461,0.20233641958588594,0.0,0.0,0.0,0.0,0.0,0.0
1.53929691995677,2.3727303736786793,0.8551701773741884,0.6137998461200301,0.0,0.4215325691210793,0.0,0.5185790589370655,0.3765314322324291,0.0,0.19563211406893138,0.0,0.0,0.0,0.7978844597043887,0.0,0.0,0.0,0.0,1.6882852293995632,0.0,0.0
2.4816057559274016,3.111943998155464,1.6910401575721095,1.1768424660358132,0.0,1.6963956654874501,0.0,0.853519597774659,0.0,0.0,0.25898176302232706,0.0,0.0,0.0,0.0,0.11841688201722846,0.16360056428141106,0.0,0.0,0.0,0.0,0.0
1.792427715316585,3.130279351286209,1.887752358863591,1.4848349742777538,0.0,1.1431929472457574,0.0,0.0,0.0,0.0,0.3942365229477847,1.1861229118857863,0.0,0.0,0.0,0.1673958022743417,0.0,4.03818331652506e-05,0.9937156885434164,0.0,0.0,0.0
0.2821191511768279,0.3967946377636425,0.06679014583712384,0.013297667208907023,0.0,0.4564049576296929,0.0,0.3291716559997301,0.0,0.0,0.36523392469016414,0.7484514766926373,0.0,0.0,1.0127712027929838,0.5371866577680032,0.0,0.10030436869663012,0.0,0.0,0.0,0.43629807262893694
0.2929144561615203,0.0,0.0,0.833657124760981,0.0,0.0,0.0,0.0,0.0,0.0,0.8544608329975114,0.42820333133178323,0.0,0.0,0.0,0.16974312992723986,0.0,0.0,0.0,0.0,0.0,0.0
0.06071453120805405,0.0,0.0,0.0,1.4301880490792187,0.0,0.0,0.3745027901396216,0.0,0.0,0.8338259857679797,1.2477748257740238,0.0,0.0,0.0,0.574297100953961,0.0,0.0,0.0,0.0,0.0,0.0
0.12961395865058253,0.12062480972997626,0.0,0.0,0.0,0.5368443168255363,0.0,0.0,0.0,0.0,1.0148650456332344,0.0,0.0,0.0,0.0,0.27716503377916435,0.0,0.0,0.0,0.0,0.0,0.0
0.13825566531481237,0.0,0.1116431667528247,0.0,0.9006436667398297,0.0,0.0,0.5175917365937052,0.0,0.0,0.46366791890590714,0.0,0.0,0.0,0.0,0.3935924398741608,0.0,0.0,0.0,0.0,0.0,0.0
0.0,0.05523302562487528,0.0,0.0,0.0,0.6776622384423547,0.0,0.17333095124059028,0.0,0.0,0.09508122789584351,0.0,0.0,0.0,0.0,0.0,0.0,0.0,0.0,0.0,0.0,0.0
0.0041635939201784935,0.0,0.0,0.0,0.0,0.0,0.0,0.0,0.0,0.0,0.5993347379227059,0.0,0.0,0.0,0.0,0.0,0.0,0.0,0.0,0.0,0.0,0.0
0.6180505473127051,0.0,0.0,0.5465108299227777,0.0,0.8115014593946923,0.0,0.7824771655006487,0.0,0.0,0.45745979115366453,0.0,1.543742987304359,0.0,0.0,0.42128089134165425,0.0,0.0,0.0,0.0,0.0,0.0
0.5215671750069782,0.0012008683089021152,0.0,0.46189947764417294,0.5717616736343459,0.39177841763264615,0.0,0.17813432168327256,0.0,0.0,0.12232036111961443,0.0,0.0,0.0029408171550050544,0.0,0.001616949583963943,0.0,0.0,0.0,0.01325565107947386,0.0,0.0
0.2104964390372553,0.07016197146629741,0.0,0.16727489446454488,0.0,0.24838267339963238,0.0,0.5624443496408315,0.0,0.0,0.11008760737273762,0.0,0.0,0.1718202801985019,0.0,0.09447194978127031,0.0,0.0,0.9366036063744129,0.7744751076456701,0.0,0.0
0.09159292123312202,0.0,0.0,0.0,0.7021337170310712,0.2928494983705349,0.0,0.36739820351639907,0.0,0.0,0.1314145642576759,0.0,0.0,0.0,0.0,0.0,0.1370521074089469,0.0,0.0,0.0,0.0,0.0
0.3023224391490434,0.0,0.0,0.0,0.0,0.0,0.0,0.0,0.0,0.0,0.0,0.0,0.0,0.0,0.0,0.0,0.0,0.0,0.0,0.0,0.0,0.0
0.5461465405213459,0.0,0.0,0.0,0.0,1.953844007988281,0.0,0.0,0.0,0.0,0.061413525247549894,0.0,0.0,0.1655044563734652,0.0,0.0,0.0,1.1694834206244447,0.0,0.0,0.0,0.0
0.06105723362178254,0.11291894933729324,0.0,0.0,0.0,0.0,0.0,0.0,0.0,0.0,0.282669601763103,0.0,0.0,0.0,0.0,0.11227322316091354,0.9305797849836238,0.3790946637019702,0.0,0.0,0.0,0.0
0.11178612532162792,0.0,0.03835682734817413,0.0,0.0,0.0,0.0,0.0,0.0,0.0,0.29569657411397,0.11873178420288627,0.0,0.39012567695998385,0.0,0.37842949592607494,0.0,1.2280516350089732,0.0,0.0,0.0,1.0752180817034473
0.18866065216071248,0.1928732257494981,0.4944252632152827,0.0,1.8813869948384108,0.0,0.0,0.0,0.0,0.0,0.6600833069174601,0.22033841627035294,0.0,2.206647109475288,0.0,0.3935136395142653,0.6537577005259687,1.1326932502389395,0.0,0.5550599443431746,0.0,0.7429055362385356
0.03869677182663398,0.08943365872737935,0.0,0.0,0.0,0.0,0.0,0.0,0.0,0.0,0.5128697424077442,0.0,0.0,1.9388307675858925,0.0,0.8546928655055444,2.3842832383901453,2.088542448228491,0.0,0.0,0.0,0.0
0.0,0.0,0.0,0.0,0.0,0.6411363640454066,0.0,0.0,0.0,0.0,0.6805621205977588,0.0,0.0,2.998219872053797,0.0,0.5583879551340932,1.6765246496542485,0.9024958167726889,0.0,0.0,0.0,0.0
0.02975122697217462,0.3596725049710603,0.0,0.0,0.0,0.0,0.0,0.0,0.0,0.0,1.3207202349963767,0.0,0.0,0.26411709332324274,0.0,0.9296880628875432,0.0,1.5544855559118944,0.0,1.3950092217428853,0.0,0.0
0.0,0.0,0.0,0.0,0.0,0.0,0.0,0.0,0.0,0.0,0.07064636143943187,0.0,0.0,0.2906616698909122,0.0,0.6368732165553352,0.4552135925998403,0.9647405940010048,0.0,0.0,0.0,0.0
0.10578644973659704,0.37794383786304975,0.0,0.0,0.0,0.0,0.0,0.0,0.0,0.0,1.4866272859159255,0.0,1.2413035031764603,0.17909685144138304,0.0,0.9360736265312782,2.934426745992956,1.956257376157175,0.0,0.0,0.0,0.0
0.0,0.0,0.0,0.45306653572538813,0.0,0.0,0.0,0.0,0.0,0.0,0.9267672946223999,0.0,0.6282181875702662,1.9091910090098674,0.0,0.6373418983020651,2.2330018756661008,4.226565272189651,0.0,0.0,0.0,0.0
0.007126448068602451,0.01647021946329683,0.0,0.0,0.0,0.0,0.0,0.0,0.0,0.0,1.1696320087290217,0.0,0.0,2.0086392735535963,0.0,1.5512073777052662,1.9497055221766006,3.505410230710709,0.0,0.0,0.0,0.13277224547228414
0.15487516089258166,0.189317476216742,0.0,0.5088177443012748,0.0,0.0,0.0,0.0,0.0,0.0,1.4327727648354014,0.0,0.0,0.18226250299633928,0.0,0.3988928591842016,0.5852737320171286,3.16700011151147,0.0,0.0,0.7016090027150264,0.15997767639207947
0.08150199339648304,0.0401988026992788,0.0,0.0,0.0,0.0,0.0,0.3386000740176778,0.0,0.0,1.005145164420411,0.0,0.0,3.2222973866347395,0.0,0.39809869808816867,2.3142544704619366,2.085729485351476,0.0,0.0,0.0,0.0
0.2706152178587701,0.0,0.0,0.6744901446206982,0.0,0.0,0.0,0.0,0.0,0.0,0.8683558735098802,0.0,0.0,0.0,0.0,0.18927875607468356,0.0,0.7363025858935284,0.0,0.0,0.0,0.0
0.0706618069403027,0.0,0.0,0.0,0.0,0.0,0.0,0.5505918606334329,0.0,0.0,0.5301332809030536,0.8078050923473994,0.0,0.0,0.0,0.1821699172701552,0.0,0.0,0.0,0.0,0.0,0.6582951278005582
0.040688486888137636,0.0,0.05814436471862224,0.0,0.40944122469708333,0.0,0.0,0.3188398789071743,0.0,0.0,1.1020216234214468,0.25648760470533205,0.0,0.0,0.0,2.3900091181888237,0.11244653189373721,0.0,0.0,0.0,0.0,0.8219657193392316
0.1258214081209324,0.0,0.0,0.0,1.286273450672263,0.0,0.0,0.3229888016872684,0.0,0.0,1.228084768396567,0.7314933328468158,0.0,0.0,0.0,1.3788602205510572,0.0,0.06529893067645641,0.0,0.0,0.0,0.0
0.027733801770852332,0.0,0.26266608543915787,0.25379419987507146,0.5290285163030517,0.2146314217554641,0.0,0.0,0.0,0.0,0.8493197962464585,0.41175300574683504,0.0,0.0,0.0,0.5354566396824574,0.0,0.05938739688973456,0.0,0.0,0.0,0.0
0.18662360482477147,0.0,0.09445670992566091,0.0,1.3087462408174244,0.0,0.0,0.0,0.0,0.0,0.43863878240504367,0.7914528850000457,0.0,0.0,0.0,0.5793502570016762,0.0,0.0,0.0,0.0,0.0,0.5568839814121161
0.28863384916969037,0.0,0.0,0.260537691982012,0.0,0.12672426013790175,0.0,0.43756452880332075,0.0,0.0,0.7060221598225722,0.7331830358982563,0.0,0.0,0.0,0.46232068706336443,0.0,0.0,0.0,0.0,0.0,0.0
2.632433590470968,0.6574249084400484,0.28865737774520533,2.188593816694297,0.0,3.2019494304156826,0.0,1.1220343910271051,0.0,0.0,0.37339163026932914,0.0,0.0,0.0,0.0,0.12680460935472296,0.0,0.0,0.0,0.0,0.0,0.45822525349822313
2.7369169769988644,0.3396964879585016,0.19800030977959088,1.0844425443430783,0.0,1.5182749306717505,0.0,0.4154789731604477,0.0,0.0,0.13885283670332738,0.0,0.0,0.0,1.8409139567508268,0.4552029415585616,0.0,0.0,0.0,2.0405346523375822,0.0,0.5102040363567484
2.8413791382913005,0.33177027464127046,0.6325204528045933,3.4491686672038853,0.0,2.3482555421163984,0.0,1.51041342053302,0.0,0.0,0.29086185284886257,0.0,0.0,0.0,5.046005356621924,0.0,0.0,0.0,0.0,0.0,0.0,0.0
1.3719320774278243,0.1979903417075003,0.6982622541969177,1.6406543566829797,0.0,1.401367008249515,0.0,0.9189189967386396,0.0,0.0,0.19420714932441568,0.0,0.0,0.0,0.0,0.0,0.0,0.0,0.0,0.0,0.0,0.0
2.71438080958369,0.6259022589090055,0.690435892932821,2.0342901721960427,0.0,1.3764410624588392,0.0,1.0667910539322696,0.0,0.0,0.2443571324153389,0.0,0.0,0.0,1.5727832144503007,0.2880358509731276,0.0,0.0,1.100639228921077,1.9746956716295925,0.0,0.0
1.2448108430951843,0.46153056624585787,0.0,1.6983904821114817,0.0,0.0,0.0,0.6617074886770347,0.0,0.0,0.1106310123710636,0.0,0.0,0.0,0.0,0.21312645949133713,0.0,0.0,0.0,0.0,0.0,0.3179483787054167
0.12658477178064637,0.0,0.0,0.0,0.6966058885494827,0.21748426224034645,0.0,0.3691261183947887,0.0,0.0,1.275179528225516,0.0,0.0,0.0,0.0,0.4428790515265351,0.0,0.0,0.0,0.0,0.0,1.238262832513655
0.37535564764671697,0.5249076846986394,0.0,0.2638961496894344,0.0,0.22183482594617054,0.0,0.0,0.0,0.0,0.5576228136274488,0.0,0.0,0.0,0.0,0.14628829427851503,0.0,0.0,0.41656137057230974,0.0,0.0,0.9871984624641507
1.9032872343633573,1.9633574065211863,0.41344739553054505,1.3950343607653424,0.0,2.07291846406742,0.0,0.12340740710800713,0.34038311833326756,0.0,0.27429995693252707,0.0,0.2507609367162428,0.0,0.0,0.15821723539378568,0.0,0.0,0.3377489186066492,0.0,0.0,1.2130291190665508
2.3306504029176858,2.9368940629808247,0.6692661278872761,0.6136272354429175,0.0,0.8040294842868684,0.0,0.6893257420642109,0.7438354718040242,0.0,0.43348398779553565,0.0,0.0,0.0,0.0,0.0,0.0,0.0,0.0,0.0,0.0,2.1782207207805993
0.7408150120875052,0.4102877857255519,0.6620424514124496,0.06879750887891617,0.0,0.439385698828788,0.0,0.37616835211830646,0.0,0.0,0.1272789536136181,0.0,0.0,0.0,0.0,0.18838198907085113,0.0,0.0,0.8164563744941679,0.0,0.0,0.0
0.3112165332360326,0.8718631418900726,0.2549546476338808,0.0,0.0,0.5485740922781412,0.0,0.04486015818128001,0.0,0.0,0.9477239197563333,0.43720288332165247,0.0,0.0,0.0,0.5145243064835467,0.0,0.0,0.3389888973381152,0.0,0.0,2.2940000444287625
0.008095479834874516,0.0,0.0,0.0,0.0,0.4677807005606578,0.0,0.0,0.0,0.0,0.5522682585317312,0.6020998603761993,0.0,0.0,0.0,0.3624903403531028,0.0,0.0,0.0,0.0,0.0,0.0
0.0,0.0,0.0,0.0,0.0,0.0,0.0,0.18665746861942914,0.0,0.0,0.5476771748699354,0.0,0.0,0.0,0.0,0.41138706842331185,0.0,0.0,0.24830149656051317,0.0,0.0,0.0
0.0,0.0,0.11194519668830658,0.0,0.0,0.0,0.0,0.0,0.0,0.0,0.7162242601512738,0.0,0.0,0.0,0.0,0.8109397984898106,0.0,0.0,0.0,0.0,0.0,0.0
0.15356348988699037,0.0,0.0,0.0,0.019547341776676736,0.0,0.0,0.0,0.0,0.0,1.7672900294162976,0.0,0.0,0.0,0.0,0.0,0.0,0.0,0.3691176687206925,0.0,0.0,0.0
0.023849633914213162,0.0,0.0,0.0,0.3001016274860811,0.0,0.0,0.0,0.0,0.0,0.46241454934330395,0.0,0.0,0.0,0.0,0.6080987311051284,0.0,0.0,0.0,0.0,0.0,0.0
0.0,0.0,0.0,0.0,0.0,0.0,0.0,0.0,0.0,0.0,0.25763624862055606,0.0,0.0,0.0,0.0,0.02172232028027593,0.0,0.0,0.9845766513378075,0.0,0.0,1.540508751441314
0.0,0.13747531600487153,0.0,0.0,0.0,0.0,0.0,0.35740806707714784,0.0,0.0,0.26652217953253937,0.0,0.0,0.0,0.0,0.11047913088953557,0.0,0.0,0.0,0.0,0.0,0.6689132542093318
0.16309230994346663,0.33459604837657025,0.20297462532699057,0.0,0.0,2.817754341321327,0.0,1.0776857229101373,0.0,0.0,0.29945735955720204,0.628298560624648,0.0,0.2731831112724675,0.0,0.24906243460906818,0.0,0.0,0.0,4.074501475876271,0.0,0.0
0.7482440447711496,0.268560873275186,0.12925429839274227,0.28082732365693264,0.0,1.601110435598764,0.0,0.3993789902118179,0.0,0.0,0.22829569509720454,0.0,0.0,0.0,1.4755533017508267,0.09185939409343016,0.0,0.0,0.0,0.0,0.0,0.0
0.03009454700596828,0.02568859537690338,0.0,0.39100014184852544,0.0,0.2726452603799027,0.0,0.0,0.0,0.0,0.38674343216090445,0.0,0.0,0.0,0.0,0.03458927452692713,0.0,0.0,0.0,0.0,0.0,0.7979818414309661
0.04499291782625089,0.0,0.0,0.0,0.5661490618083925,0.4685908332749916,0.0,0.0,0.0,0.0,0.6928522759432244,0.0,0.0,0.0,0.0,0.6930329445707754,0.03294500235675192,0.0,0.8143756293092053,0.0,0.0,0.0
0.0,0.0,0.0,0.0,0.0,0.0,0.0,0.0,0.0,0.0,0.0,0.0,0.0,0.0,0.0,0.0,0.0,0.0,0.0,0.0,0.0,0.0
0.21064613465622814,0.0,0.0,0.0,0.0,0.0,0.0,0.0,0.0,0.0,0.18871988790472283,0.0,0.0,0.0,0.0,0.0,0.0,0.0,0.0,0.0,0.0,0.0
0.27217470744544825,0.0,0.0,0.0,0.0,0.0,0.0,2.1327937556901944,0.0,0.0,0.0,0.0,0.0,0.0,0.0,0.846983834015009,0.0,0.0,0.0,0.0,0.0,0.0
0.06125133325382963,0.0,0.0,0.5599683548146773,0.0,0.0,0.0,0.0,0.0,0.0,0.3957824363354696,0.0,0.0,0.9218530111652621,0.0,0.007385137798106296,0.0,0.24012394428487002,0.0,0.0,0.0,1.376802301586295
0.0,0.15189704848833294,0.0,0.0,2.0177592802937556,0.0,0.0,0.0,0.0,0.0,0.06598941364430588,0.0,0.45472536389660206,0.574743942649754,0.0,0.2045268973607171,0.0,0.12411909551339713,0.0,0.0,1.4293606825824867,0.0
0.1497903608993777,0.07277010599342988,0.0,0.0,0.0,0.0,0.0,0.24382930549969473,0.0,0.0,0.36343459681072066,0.0,0.0,0.6142354901598734,0.0,0.5608637475846293,0.6719960863420417,1.6640204850710536,1.357869504454673,0.0,0.0,0.0
0.010932436766975046,0.02526639233000196,0.0,0.0,0.0,0.0,0.0,1.0345633235395555,0.0,0.0,0.5663572219239985,0.0,0.0,2.0410196363712343,0.0,0.8659955746188845,1.2921698236947912,1.5659561554395276,0.0,0.0,0.0,2.1268743325278563
0.03557086174186368,0.0,0.0,0.0,0.0,0.0,0.0,0.0,0.0,0.0,0.5153581638428761,0.42357036137806775,0.0,2.8404438848470317,0.0,0.6245841238226567,0.4226798124924685,1.0761892031084597,0.0,0.0,0.0,0.0
0.014944853652145368,0.0,0.0,0.18732838097878482,0.0,0.0,0.0,0.0,0.0,0.0,0.46968047915295025,0.0,0.0,1.0587405029294716,0.0,0.8733148697945113,0.44534376647128543,1.240883024761846,0.0,0.0,0.0,0.16191471968713508
0.09810637973019098,0.0,0.0,0.0,0.0,0.0,0.0,0.0,0.0,0.0,1.3197721033697087,0.0,0.0,0.709124043889698,0.0,0.09899170023478074,3.9668817043824136,3.8233841398901167,0.0,0.0,0.0,0.0
0.030824291372882447,0.1392355615346566,0.0,0.0,0.0,0.0,0.0,1.020433687468258,0.0,0.0,0.9294981984508863,0.0,0.0,3.66164885287244,0.0,1.1717642879801569,0.47194897159320204,0.8393069184348042,0.0,0.0,0.0,0.0
0.09493073852933565,0.10478402976523433,0.0,0.0,0.0,0.0,0.0,0.4629467759293759,0.0,0.0,1.5941862884696096,0.0,0.0,1.3606265358972576,0.0,1.569218196032031,2.4050725055557196,2.213035855397541,1.409277065376844,0.0,0.0,0.5098473557023622
0.0584655765754363,0.06631469919460482,0.0,0.06373292391590814,0.0,0.0,0.0,0.12925732903071147,0.0,0.0,1.253789913413377,0.0,0.0,2.234475772369085,0.0,1.0698595935233297,0.9034588144492476,1.8854498710920755,0.0,0.0,0.0,0.0
0.0,0.31308340116804234,0.0,0.0,0.0,0.0,0.0,0.0,0.0,0.0,0.4245015018080363,0.6991944316379378,0.0,1.374795051556336,0.0,0.5543008592700972,2.0296600379235814,0.0,0.0,0.0,1.1443120969533904,0.26092081149122154
0.005597081639352489,0.0,0.0,0.03830936865647334,0.0,0.0,0.0,0.05448172482092764,0.0,0.0,0.4446529443875177,0.0,0.0,0.0,0.0,0.29133546848305963,0.37912930165244174,0.027494409819178424,0.9191715476617986,0.0,0.0,0.0
0.05099398751093273,0.0,0.09652379904623358,0.1316901334092876,0.0,0.11372837168096595,0.0,0.42809858152853664,0.0,0.0,0.94759813688153,0.0,0.0,0.0,0.0,0.23306354099830004,0.0,0.0,0.0,0.0,3.1978306094584514,0.7291547121216463
0.0,0.0,0.0,0.0,0.0,0.0,0.0,0.0,0.0,0.0,0.2742180690104704,0.0,0.0,0.0,0.0,0.0,0.0,0.0,1.5903321726414785,0.0,0.0,0.8519419962736089
0.07880289593391197,0.13051740899254166,0.0,0.0,0.3316655797074915,0.049575582072028286,0.0,0.0,1.2205907183996307,0.0,0.977186431017759,0.41371666944693075,0.0,0.0,0.0,0.37203441012625693,0.0,0.403800203603936,0.0,0.0,0.0,0.0
0.04360151378114505,0.0,0.0893922251398793,0.0,0.0,0.21761828941720587,0.0,0.0,0.0,0.0,0.8870474702050073,0.0,0.0,0.0,0.0,0.4255439167026634,0.0,0.0,0.0,0.0,0.0,0.0
0.1180583931821158,0.0,0.0,0.5893047690921518,0.0,0.0,0.0,2.5130676856481053,0.0,0.0,0.7631709744788494,0.0,0.0,0.0,0.0,1.0850984600884135,0.0,0.0,0.0,0.0,0.0,0.0
0.1471495010953094,0.0,0.0,0.0,0.0,0.0,0.0,0.8817331211425699,0.0,0.0,0.5883790913889769,0.040690899542779185,0.0,0.0,0.0,0.7379073126328803,0.0,0.0,0.07370362587098837,0.0,0.0,0.0
0.6525770786695926,0.11030968820319907,0.2775713181230705,0.4626172792779094,0.0,0.8879337581948175,0.0,0.0,0.0,0.0,0.3162329471097299,0.4734121133618583,0.0,0.0,0.5975926503271043,0.20971281432560082,0.4449685761544149,0.0,0.6786785927588354,0.0,0.0,0.0
2.4257350502614936,0.0,0.21202195835171544,1.885424478023543,0.0,4.150890351955292,0.0,1.072669746550917,0.0,0.0,0.1865166596678729,0.0,0.0,0.0,0.9811865332086932,0.40589585433684716,0.0,0.0,0.3656289385199286,0.0,0.0,0.0
1.5856271279968834,0.15053530553831435,0.0,1.7279214250062878,0.9941352271948558,2.3439896225512835,0.0,1.3697210153652986,0.0,0.0,0.10435660441089967,0.0,0.0,0.0,0.0,0.43106058250573187,0.0,0.0,0.0,0.0,0.0,0.0
1.0428754549825583,0.0,0.12976423555488836,0.9517365605502374,0.0,0.8019379152123781,0.0,1.6719822983239652,0.0,0.0,0.3230790705625573,0.0,0.0,0.0,0.0,0.22820761563025513,0.0,0.0,0.0,0.0,0.0,0.0
1.137334866506633,0.0,0.4631307340623976,0.385522612934985,0.0,0.0,0.0,0.5482715494090948,0.0,0.0,0.47470937903282007,0.0,0.0,0.0,0.0,0.31837628278644986,0.0,0.0,0.0,0.0,0.0,0.0
2.242843352180839,0.0,0.8544728697173998,1.9639715970158638,0.0,0.6402661579386553,0.0,1.2573986957277923,0.0,0.0,0.2936024710586871,0.0,0.0,0.0,0.704032710902538,0.0,0.0,0.0,0.0,0.0,0.0,0.0
1.8210376956431844,0.07282076963472478,0.10456941515577067,1.8637358847869194,0.0,1.230530518559085,0.0,1.0506176608975726,0.0,0.0,0.28649401333829305,0.0,0.0,0.0,2.2181491849849087,0.17934815841544918,0.0,0.332575757784056,0.0,0.0,0.0,0.35432381176462074
0.7779002552333492,0.378363492055507,0.10637472446373313,0.6930912419898737,0.1604842633539496,2.620204649823495,0.0,1.0566193785928664,0.0,0.0,0.3235755044114804,0.0,0.0,0.0,0.0,0.37895643657240263,0.0,0.0,0.5964229237480009,0.0,0.0,0.0
0.07878338925694066,0.0,0.0,0.0,1.1925261895426031,0.0,0.0,0.22213281426407122,0.0,0.0,0.6675032453477271,0.0,0.0,0.0,0.0,0.13898330904053843,0.15079808153759564,0.0,0.0,0.0,0.0,0.0
0.0823431596785626,0.0,0.0,0.0,0.5756292904715179,0.0,0.0,0.0,0.0,0.0,1.2990628302828893,0.9152283734814751,0.0,0.0,0.0,0.49359446894651327,0.0,0.0,0.0,0.0,0.0,0.32311088519766
0.06715004992346728,0.0,0.0,0.0,0.0,0.0,0.0,0.0,0.0,0.0,0.29832777603968014,0.0,0.0,0.0,0.0,0.0,0.0,0.0,0.0,0.0,0.0,0.0
0.13385290093497096,0.0,0.0,0.0,0.0,0.0,0.0,0.9058483293353706,0.0,0.0,0.867088961868616,1.2438989002814174,0.0,0.0,0.0,0.34968593683077126,0.0,0.0,0.0,0.0,0.0,0.0
0.06696385601969113,0.03217175582549139,0.03530281836914547,0.0,0.8473405300399868,0.0,0.0,0.6669369956275509,0.0,0.0,0.7500775236714399,0.0,0.0,0.0,0.0,0.7706700716369828,0.0,0.0,0.6015277880566927,0.0,0.0,1.251112689356725
0.11394515166863818,0.004278570839068207,0.004694975618690535,0.0,0.0,0.0,0.0,0.0,0.0,0.0,0.011732496205344225,0.0,0.0,0.0,0.0,0.8491455761667408,0.0,0.0,0.026323838670714222,0.0,0.0,0.0
0.01950061478374334,0.1351805361682974,0.0,0.10744928887668748,0.0,0.0,0.0,0.4886012840390819,0.0,0.0,0.24107926412650044,0.0,0.0,0.0,0.0,0.4459084095006364,0.15276344304437087,0.0,0.0,0.0,0.0,0.0
0.11558132246792374,0.0,0.0,0.0,0.27803148375686154,0.0,0.0,0.0,0.0,0.0,0.9933321632169078,0.7871853887024943,0.0,0.0,0.0,0.4693686788632899,0.0,0.0,0.0,0.0,0.0,0.0
0.020919864285365943,0.0,0.0740270293196301,0.0,0.34245733931501277,0.0,0.0,0.0,0.0,0.0,0.6200955931372779,0.4703753884804312,0.0,0.0,0.0,0.09871782818897343,0.0,0.0,0.0,0.0,0.0,0.0
0.0,0.0,0.0,0.0,0.0,0.0,0.0,0.0,0.0,0.0,0.6994785225659648,0.40150528781803024,0.0,0.0,0.0,0.8098597741458999,0.0,0.0,0.0,0.0,0.0,0.0
0.03240751178041716,0.0,0.0,0.0,0.0,0.985080346303118,0.0,0.0,0.0,0.0,0.17644066076810885,0.0,0.0,0.0,0.0,0.10084933620867692,0.0,0.0,0.0,0.0,0.0,0.0
0.023018067150019073,0.0,0.0,0.386606553604371,0.0,0.0,0.0,0.6175045832374675,0.0,0.0,0.334437001028561,0.469313029742018,0.0,0.0,0.0,0.06204907834822305,0.0,0.3004815732393441,0.3717162742057502,1.8248319758532918,0.0,0.0
0.058833415325293834,0.16771567082560923,0.0,0.0,0.9890292206426912,0.5185901630728362,0.0,0.33793217324980945,0.0,0.0,0.3455124995601848,0.5696821009417925,0.0,0.0,0.0,0.2258264142332425,0.0,0.0,0.03873484841632291,0.0,0.0,0.40261561584947003
0.03738621030531693,0.23512921860034702,0.0,0.0,0.0,0.0,0.0,0.4042880656054906,0.0,0.0,0.38620003652063845,0.0,0.7981887936605896,0.0,0.0,0.16055254050677648,0.0,0.23928523770995277,0.0,0.0,0.0,0.0
0.06755296807636688,0.0,0.0,0.0,0.5260569389344233,0.0,0.0,0.0,0.0,0.0,0.37601073539607527,0.0,0.0,0.0,0.0,0.0,0.0,0.5618323926435304,0.0,0.0,0.0,0.0
0.0,0.0,0.0,0.0,0.6158372199554263,0.0,0.0,0.0,0.0,0.0,0.3137470245485523,0.0,0.0,0.0,0.0,0.0,0.0,0.0,0.0,0.0,0.0,1.50068287863016
0.0,0.0,0.0,0.0,0.0,0.0,0.0,0.0,0.0,0.0,0.0,0.0,0.0,0.0,0.0,0.0,0.0,0.0,0.0,0.0,0.0,0.0
0.0,0.0,0.0,0.0,0.0,0.0,0.0,0.0,0.0,0.0,0.0,0.0,0.0,0.0,0.0,0.0,0.0,0.0,0.0,0.0,0.0,0.0
0.1213491794532764,0.0,0.0,0.0,0.0,0.0,0.0,0.0,0.0,0.0,0.0,0.0,0.0,0.0,0.0,0.0,0.0,0.0,0.0,0.0,0.0,0.0
0.21167933368780562,0.0,0.0,0.5353063738539732,0.0,0.0,0.0,0.0,0.0,0.0,0.1327889239598048,0.0,0.0,0.0,0.0,0.0,0.0,0.2500225878669097,0.0,0.0,0.0,0.35372377198533045
0.12332166671182077,0.0,0.0,0.29058318378662135,0.0,0.0,0.0,0.0,0.0,0.0,0.1441735143756343,0.0,0.0,1.3628937812612878,0.0,0.7612219506506918,0.0,0.34703568750101405,0.0,0.0,0.0,0.0
0.13901780426886523,0.0,0.0,0.0,0.9297677177338389,0.0,0.0,1.101469497151,0.0,0.0,0.1972112347495686,0.0,0.0,0.3773525267846965,0.0,0.22994034888561796,0.5788405724184364,1.5131767433735113,0.0,0.0,0.0,0.0
0.09668310563087795,0.0,0.0,0.0,0.0,0.0,0.0,0.0,0.0,0.0,0.4650097515254818,0.0,0.0,0.6153866526027402,0.0,0.4063086847492171,1.3580067420502295,0.33061202532688605,0.0,0.0,0.0,0.0
0.08417496327579148,0.18848043289611016,0.0,0.0,0.0,0.0,0.0,0.2705803620926403,0.0,0.0,0.2500001493141774,0.0,0.0,2.0622446474315064,0.0,0.3790973243010476,1.773706678544915,0.5184222593160296,0.0,0.0,0.0,0.0
0.05680383371229831,0.1364436956625041,0.0,0.0,0.3043286486080878,0.0,0.0,0.0,0.0,0.0,0.21818651838194486,0.0,0.0,0.6648392496480345,0.0,0.2318828393135892,0.816722056532309,0.8243368011170705,0.0,0.0,0.0,0.0
0.0,0.0,0.0,0.0,0.0,0.0,0.0,0.0,0.0,0.0,0.9169843594997878,0.19912227804107452,0.0,0.7699684403663545,0.0,0.7021388057575375,1.0243393049789646,0.9150303476591116,0.0,0.0,0.0,0.3310314456850055
0.06941175059322417,0.0,0.0,0.1481013515203251,0.0,0.0,0.0,0.0,0.0,0.0,0.27416671299445394,0.530027230487097,0.0,1.141669987765251,0.0,0.5261262425349683,0.5435612837251014,0.4123306046507552,0.0,0.0,0.0,0.7592491707990332
0.15400416835246272,0.0,0.1565803366147281,0.02347787611161661,0.0,0.0,0.0,0.5976825157565148,0.0,0.0,0.34736907946800255,0.0,0.0,0.5170841767454789,0.0,0.263871870673791,0.35432922365801844,0.4619770828170034,0.0,0.0,0.0,1.1599044405916819
0.5850135761257296,0.0,0.0,0.3950849813176339,1.1815796082493797,0.4646990048484678,0.0,0.0,0.0,0.0,0.7425117737140728,0.0,0.0,0.7659962580598401,0.0,0.3274730452122671,0.0,1.0564951754776368,0.0,0.0,0.0,0.0
0.7684040160963643,0.4199185588730374,0.17907035331335447,1.6766757650966353,0.5805272828469107,0.0,0.0,0.7228790425600469,0.0,0.0,0.1581439751001191,0.0,0.0,0.0,0.0,0.0,0.1806940580717382,0.0,0.0,0.0,0.0,0.0
1.3480701949311418,1.0251826400036057,0.0,0.0,0.0,1.115572450020105,0.0,0.0,0.0,0.0,0.16676220676362896,0.0,0.0,0.0,0.0,0.0,0.0,0.0,0.0,0.0,0.0,0.0
0.36671017711359843,0.17899829239509624,0.16971140859094475,0.12557134034164863,0.0,0.2945675810600092,0.0,1.2843830760360104,0.0,0.0,0.17501306592671914,0.0,0.0,0.0,0.0,0.9033786946290212,0.0,0.0,0.0,0.0,0.0,0.0
0.07653428119190685,0.0,0.0,0.0,0.0,0.0,0.0,0.7696181739147858,0.0,0.0,1.0681817213203588,0.356462636006101,0.0,0.0,0.0,1.5258529169645285,0.0,0.0,0.0,0.0,0.0,0.0
0.0,0.061766966096563056,0.0,0.0,1.2806165117110229,0.0,0.0,0.9104978629884146,0.0,0.0,1.8486960769418426,1.156336811714012,0.0,0.0,0.0,1.0229163062902225,0.0,0.0,0.3094638743026371,0.0,0.0,0.0
0.08644647674657668,0.0,0.0,0.0,0.0,0.0,0.0,0.0,0.0,0.0,0.4881396034351096,0.22538710229001702,1.02651209032722,0.0,0.0,1.8932295319001942,0.0,0.0,0.0,0.0,0.0,0.3228607148452124
0.0,0.0,0.0,0.0,1.689506242621397,0.0,0.0,0.5263714977536024,0.0,0.0,1.1748586523741535,1.5088307900396707,0.0,0.0,0.0,0.6496943666140216,0.0,0.0,0.0,1.4751526877103367,0.0,0.0
0.09769988055012437,0.0,0.18205847341627732,0.0,0.0,0.0,0.0,0.0,0.0,0.0,0.7649186923775797,0.0,0.0,0.0,0.0,0.4507454780396694,0.0,0.0,0.0,0.0,0.0,0.0
0.6468250933044399,0.12830237430492594,0.0,0.8129578851511695,0.0,0.9612253557435212,0.0,0.7266020607845569,0.0,0.0,0.7303241035301878,0.0,0.0,0.0,0.25146930349199376,0.0,0.0,0.0,0.0,0.0,0.0,1.1580991728865695
1.0469166931955958,0.10000419255867621,0.0740199994250343,0.5762953839369057,0.0,0.22263258264468516,0.0,0.003620037317277549,0.46793523383607616,0.0,0.07480206018797572,0.0,0.0,0.0,0.0,0.042352781307457614,0.0,0.0,0.0065688403484103,0.0,0.0,0.0
1.8970377501152875,0.0,0.0,2.500621430815865,0.0,3.2534609460421797,0.0,1.1533843097173921,0.0,0.0,0.13186730149988846,0.3981688764391426,0.0,0.0,2.153073579331593,0.08385953888978215,0.0,0.0,0.0,0.0,0.0,0.0
0.5234754419006249,0.0,0.06410845899997435,0.5095513757953914,0.5398321796117095,0.12645701849092997,0.0,0.559445127755392,0.546364335779657,0.0,0.027694032035782922,0.0,0.0,0.0,0.4236000764351492,0.07866504915009209,0.0,0.0,0.0,0.0,0.0,0.0
2.003756088757599,0.2566138727989178,0.2810235676472847,2.9885125038018234,1.4075274029408895,0.38485368997797564,0.0,0.3607988283188141,0.0,0.0,0.16891380399113337,0.0,0.0,0.020190631726230746,0.0,0.0,0.0,0.0,0.7767576228100808,0.0,0.0,0.0
1.253131009831373,0.30591881171148305,0.9741780820027275,1.7106139918840855,0.0,1.7893859118036068,0.0,2.403965449659553,0.0,0.0,0.11001758853529178,0.0,0.0,0.0,2.6850878534035343,0.0,0.0,0.0,0.0,0.0,0.0,0.0
2.439198544825041,0.5524848041841244,1.106781608924456,3.811804370730081,0.0,1.7819076742786448,0.0,2.861319925414928,0.0,0.0,0.23767724904445195,0.0,0.0,0.0,2.613618795974374,0.0,0.0,0.0,0.9416427130337175,0.0,0.0,0.0
0.14167662053150049,0.0,0.15930039934699153,0.23454811928800173,0.0,0.7289842022495125,0.0,0.7040678385568375,0.0,0.0,1.126758469466931,0.8172150326887162,0.0,0.16144492539334115,0.0,0.43379845740086065,0.0,0.0,0.0,0.8650330136670408,0.0,0.682266914448087
0.11474853790279588,0.0,0.0,0.0,0.0,0.0,0.0,0.0,0.0,0.0,0.17025510824790738,0.0,0.0,0.0,0.0,0.2524430956561671,0.0,0.0,1.2862819340865896,0.0,4.461352300393704,0.0
0.07899348675882047,0.022337015987424366,0.0,0.0,0.0,0.0,0.0,0.0,0.0,0.0,0.6510633509872105,0.0,0.0,0.0,0.0,0.6558464625888873,0.0,0.0,0.0,0.0,0.0,0.10868515518047211
0.0,0.06888422560739371,0.0,0.0,0.0,0.0,0.0,0.0,0.0,0.0,0.7338715682219019,0.0703441379984013,0.0,0.05071560615926547,0.18207207957154625,0.26850880324649684,0.0,0.0,0.0,0.0,0.0,0.33516978068338266
0.018562415675489025,0.0,0.0,0.0,0.0,0.0,0.0,0.0459256134359306,0.0,0.0,0.690782805858378,0.7308545847475597,0.0,0.0,0.0,0.3109657094898244,0.0,0.0,0.0,0.0,0.0,0.0
0.0386643914853382,0.0,0.0,0.0,1.3136866354386632,0.0,0.0,0.12379232770075348,0.0,0.0,0.9345689413094539,0.0,0.0,0.0,0.0,0.3273720490977188,0.0,0.0,0.0,0.0,0.0,0.0
0.0,0.0,0.0,0.2555680951366771,0.8385554296626406,0.0,0.0,0.0,0.0,0.0,0.9250232352356652,0.34410469532550514,0.0,0.0,0.0,0.7254275832372259,0.0,0.0,0.0,0.0,0.0,0.1623843423716339
0.008895545410760805,0.171915980225072,0.0,0.04901486641094758,0.0,0.0,0.0,0.8656602816918147,0.0,0.0,1.193372966779508,0.7392903774843895,0.0,0.0,0.0,0.9120943397523278,0.06968570784948941,0.0,0.0,0.0,0.0,1.472248852826613
0.06447190574342392,0.0,0.0,0.0,0.802398296778366,0.0,0.0,0.09978603468347273,0.0,0.0,0.44915924149877495,0.1865591971790484,0.0,0.0,0.0,0.23374003972224333,0.0,0.0,0.0,0.0,0.0,0.0
0.1916499690203862,0.0,0.0,0.0,0.885298930811717,0.0,0.0,0.47524773332673187,0.0,0.0,0.9730089989775186,2.314700677699771,0.0,0.0,0.0,0.11319615649061632,0.0,0.0,1.000414692191638,0.0,0.0,0.0
0.0,0.16748121053506526,0.08333343140361629,0.0,0.0,0.0,0.0,0.35438860846106207,0.0,0.0,0.4301047023362863,0.0,0.0,0.0,0.0,0.24299154352670083,0.0,0.0007115077618350724,0.0,0.0,0.0,0.0
0.0,0.0,0.0,0.0,0.0,0.0,0.0,0.7008490806745297,0.0,0.0,0.3681847263783325,0.0,0.0,0.0,0.0,0.0,0.0,0.0,0.0,0.0,0.0,1.0057609009179582
0.045863862811927364,0.0,0.0,0.0,0.0,0.0,0.0,0.0,0.0,0.0,0.26242118647441276,0.0,0.0,0.0,0.0,0.1725877836689106,0.0,0.0,0.0,0.0,0.0,0.0
0.057583211535798595,0.2933591127781067,0.0,0.0,0.0,0.0,0.0,0.372589104941054,0.0,0.0,0.27565899337983224,0.0,0.0,0.0,0.0,0.23934487813960914,0.0,0.0,0.0,0.0,0.0,0.0
0.022368807801375772,0.0,0.0,0.0,0.0,0.4854645800942688,0.0,0.0,0.0,0.0,0.3543513524631579,0.0,0.0,0.0,0.0,0.0,0.0,0.0,0.0,0.0,0.0,0.0
0.0833194231577839,0.0,0.0,0.0,0.0,0.0,0.0,0.0,0.0,0.0,0.3922444509876331,0.0,0.0,0.0,0.0,0.10235440826459212,0.0,0.0,0.0,0.0,0.0,0.9369525352955695
0.0,0.0,0.0,0.0,0.0,0.0,0.0,0.0,0.0,0.0,0.0,0.0,0.0,0.0,0.0,0.8090573104499524,0.0,0.0,3.6968232339492775,0.0,0.0,0.0
0.0,0.0,0.0,0.0,0.0,0.0,0.0,0.0,0.0,0.0,0.2708535664345405,0.0,0.0,0.0,0.0,0.0,0.0,0.0,0.0,0.0,0.0,0.0
0.0,0.0,0.0,0.0,0.0,0.0,0.0,0.0,6.5342878729936205,0.0,0.0,0.0,0.0,0.0,0.0,0.0,0.0,0.0,0.0,0.0,0.0,0.0
0.0,0.0,0.0,0.0,0.0,0.0,0.0,0.0,0.0,0.0,0.0,0.0,0.0,0.0,0.0,0.0,0.0,0.0,0.0,0.0,0.0,0.0
0.0,0.0,0.0,0.0,0.0,0.0,0.0,0.0,0.0,0.0,0.0,0.0,0.0,0.0,0.0,0.0,0.0,0.0,0.0,0.0,0.0,0.0
0.0979763233602323,0.0,0.0,0.0,0.9934458620151237,0.0,0.0,1.5351498369050613,0.0,0.0,0.0,0.0,0.0,0.0,0.0,0.5505822870078769,0.0,0.0,0.0,0.0,0.0,0.0
0.0,0.0,0.0,0.0,0.0,0.0,0.0,0.0,0.0,0.0,0.013568529990813698,0.0,0.0,0.0,0.0,0.49510058643025384,0.0,0.0,0.0,0.0,0.0,1.2137690611903524
0.0,0.0,0.0,0.0,0.0,0.0,0.0,0.0,0.0,0.0,0.0,0.0,0.0,0.0,0.0,0.5586994129139002,0.0,0.0,0.0,0.0,0.0,0.0
0.0,0.0,0.0,0.0,0.0,0.0,0.0,2.369035008704266,0.0,0.0,0.0,0.0,0.0,0.0,0.0,0.0,0.0,0.0,0.0,0.0,0.0,0.0
0.7064250869122536,0.41438529672907387,0.0,1.071161111207285,1.5035123774786656,0.0,0.0,0.0,0.0,0.0,0.227842027485954,0.0,0.0,0.0,0.0,0.18602265238464893,0.0,0.0,0.0,0.0,0.0,0.0015291981820926004
0.10576703346901313,0.1461550407180813,0.0,0.6989829563819141,0.0,0.0,0.0,0.0,0.0,0.0,0.1070265157743129,0.0,0.0,0.0,0.0,1.8750285770263324,0.0,0.0,0.0,0.0,0.0,0.316120150229559
0.12900268837241952,0.036021628341611496,0.0,0.0858800565799167,0.0,0.0,0.0,0.0,0.0,0.0,0.2742160014137655,0.0,0.0,0.8029263603845347,0.0,0.09640286365705512,0.0,0.20607769413409388,0.0,0.0,0.0,0.0
0.14402646379942152,0.0,0.0,0.0,0.0,0.0,0.0,0.0,0.0,0.0,0.44172667909909735,0.0,0.0,0.0,0.0,0.0,0.6136586177201379,0.8807730214578552,0.0,0.0,0.0,0.0
0.30232243914904344,0.0,0.0,0.0,0.0,0.4131396095760131,0.0,0.0,0.0,0.0,0.8322256162972397,0.0,0.0,1.5045425095004257,0.0,0.22352877248005518,1.1249690837292008,1.22989880943193,0.0,0.0,0.0,0.0
0.0,0.0,0.5647465031200501,0.0,0.0,0.0,0.0,0.0,0.0,0.0,0.5562252971057702,0.0,0.0,0.0,0.0,0.692978931614924,0.0,0.0,0.0,0.0,0.0,0.0
0.0,0.308054500048388,0.0,0.0,0.0,0.0,0.0,0.0,0.0,0.0,0.2556313114825864,0.0,0.0,0.0,0.0,0.0,0.0,0.0,0.0,0.0,0.0,0.0
0.4462946477302119,0.1387004242536795,0.0,0.10135036071186342,0.0,0.7911325830157514,0.0,0.08703850608148259,0.0,0.0,0.14007289600692246,0.0,0.0,0.1256850099676162,0.0,0.30090600374825244,0.0,0.16429994243776241,0.0,0.0,0.0,1.0255291167287428
0.800141736251701,0.07048388673761359,0.0,0.7392251088447026,0.0,0.7211729391352993,0.0,0.32958661791713506,0.0,0.0,0.17034897424319959,0.0,0.0,0.2948584818834574,1.6670129405495924,0.01898821844575264,0.0,0.0,0.0,0.0,0.0,0.878097428743152
1.5781818546904975,0.5940598943920647,0.0,0.38128207789201535,0.0,0.7017935783409199,0.0,0.5729237287179241,0.0,0.0,0.1313214485995278,0.0,0.0,0.0,3.790947106987549,0.183476193655092,0.0,0.0,0.0,0.0,0.0,0.0
2.379632977774906,0.8286853065328507,0.5745231970683544,0.6988154552125965,0.0,0.0,0.0,1.130188323062693,2.1890072075377955,0.0,0.18387333033565617,0.0,0.0,0.0,0.6755743957541284,0.07722854059546318,0.0,0.0,0.0,0.0,0.0,0.2790755617775646
1.539855856228744,1.1341097104008275,0.7307875858888689,1.9437298630609292,0.0,0.837503953496755,0.0,0.7254268754186879,2.3531502134424835,0.0,0.15532422699314516,0.0,0.0,0.0,0.0,0.023234626020438066,0.0,0.14398559851452325,0.0,0.0,0.0,0.08396139897697731
2.337765546408015,1.128898591100366,0.07388505444975281,0.2521561379868193,0.0,1.642423989452863,0.0,0.6710690349371691,0.629685369578126,2.6035567277183396,0.08565961361485414,0.12514869707251428,0.0,0.0,1.35076510043458,0.0021389305323090695,0.0,0.0,0.0,0.0,0.0,0.0
0.710531872395546,0.100694258234942,0.0,0.09750136257375493,0.0,0.35647101319554336,0.0,0.9370781928502057,0.9416864611887078,0.0,0.6816518443133155,0.5082793814207933,0.0,0.0,0.0,1.0250052658228508,0.0,0.40293966441473705,0.0,0.0,0.0,0.0
0.0,0.0,0.0,0.0,0.7715506357949912,0.0,0.0,0.0,0.0,0.0,0.9575104025687916,0.22674903791361875,0.0,0.0,0.0,0.4516001210866537,0.0,0.0,0.0,0.0,0.0,0.0
0.055545996880928664,0.0,0.0,0.0,0.0,0.0,0.0,0.0,0.0,0.0,0.6037803161567674,0.0,0.6169019221987911,0.0,0.0,0.4444663199489586,0.0,0.0,0.0,0.0,0.0,0.6880608258558121
0.0,0.0,0.060637204818155814,0.0,0.4382389750711661,0.0,0.0,0.0,0.0,0.0,0.2562268577541731,0.18769966169994526,0.0,0.0,0.0,0.3680740235383555,0.0,0.17759959587807203,0.0,0.0,0.0,0.0
0.0945309323009679,0.0,0.0,0.0,0.0,0.0,0.0,1.1390424981196863,0.0,0.0,0.9504618940454809,1.2175509424853455,0.0,0.0,0.0,0.37081140042283744,0.0,0.0,0.0,0.0,0.0,0.0
0.33507153327762784,0.0,0.17892392447032315,0.5365756640436082,0.0,1.0138640869391884,0.0,0.0,0.0,0.0,1.015830619954556,0.0,0.0,0.0,0.0,0.5225680780782458,1.1049485343006753,0.0,0.0,0.0,0.0,0.26377050242682043
1.542900398655214,0.3215505349839324,0.16494387469898553,0.5049837947789878,0.0,1.7076439414223175,0.0,0.9234967779990289,0.0,0.0,0.11653713676523468,0.0,0.666564702574021,0.0,0.0,0.13613858581338972,0.0,0.0,0.12889030765166726,0.0,2.157550566660388,0.0
1.4684643400030042,0.6077410921445265,0.5504443326464591,0.6603293233101065,0.0,2.6217119170088323,0.0,0.9240109963770113,0.0,0.0,0.1754817173949206,0.0,0.0,0.0,0.0,0.0,0.0,0.0,0.0,0.0,0.0,0.0
0.8847907840852689,0.0,0.1817571652949102,1.3723228754045278,0.0,1.962486415011457,0.0,0.012083233760472156,0.0,0.0,0.4609149688900118,0.0,0.0,0.0,2.9393128557964916,0.0,0.0,0.0,0.08945057133574881,0.0,0.0,0.0
1.4653441849823636,0.24933292208940402,0.3517453139346093,0.8300880321679207,0.0,0.9407409180817403,0.0,1.0207345608618719,0.0,0.0,0.1508456572820246,0.0,0.04362466596062216,0.0,0.9041527367177182,0.0,0.0,0.0,0.05394470006119427,0.0,0.0,0.0
3.253009703695746,1.0552047779480591,2.431826218058434,4.550867916661696,0.0,1.9258528775119863,0.0,4.485845430244472,0.0,0.0,0.3983316239328947,0.0,0.0,0.0,0.0,0.0,0.0,0.0,0.0,0.2412065064210196,0.0,0.0
2.4025424986205173,0.5474130849079034,2.2105159211935854,3.3330183915531824,0.0,0.7282797585245375,0.0,0.0,0.0,0.0,0.033743475513990734,0.0,0.0,0.0,0.9046169628454545,0.28339358369844786,0.0,0.0,0.0,0.0,0.0,0.2239808611167828
0.16549006748563133,0.0,0.0,0.0,0.0,0.6726343534303092,0.0,0.5299932302580045,0.0,0.0,0.3491256979054407,0.0,0.0,0.0,0.0,0.9111880962030512,0.0,0.0,0.0,0.0,0.0,0.0
0.08906620535599528,0.0,0.014577868375491347,0.0,0.0,0.0,0.0,0.3540352209706707,0.0,0.0,0.668394438656531,0.8691929877628004,0.0,0.0,0.0,0.3128045875103399,0.0,0.0,0.0,0.0,0.0,0.28476365256901487
0.006625548296900878,0.3496640600697757,0.0,0.0,0.0,0.0,0.0,1.1855662576955697,0.0,0.0,1.682375869702165,0.12491857164299702,0.0,0.0,0.0,0.27949647798575333,0.0,0.0,0.0,0.0,0.0,0.19830111437211173
0.0,0.0,0.0,0.0,0.0,0.0,0.0,0.0,0.0,0.0,0.6397895478553948,0.6711020608821441,0.0,0.0,0.0,0.8831853557071214,0.0,0.0,0.0,0.0,0.0,0.37394316034788133
0.111950719052387,0.0,0.0,0.0,0.0,0.0,0.0,0.0,0.0,0.0,1.4060370043751456,0.47320892830145544,0.0,0.0,0.0,0.6841673549563337,0.0,0.0,0.0,0.0,0.0,0.0
0.1834213557908403,0.0,0.0,0.0,0.7547788660900874,0.06762127253280073,0.0,0.28732925451030966,0.0,0.0,1.6331497289004209,0.8580690469087072,0.0,0.0,0.0,0.6927365068860158,0.0,0.0,0.4631078668291903,0.0,0.0,1.1098600589922776
0.40213322187438005,0.0,0.0,0.0,0.48967880366407934,1.0388538405849028,0.0,0.0,0.0,0.0,0.06735536467830491,0.0,0.0,0.0,0.0,0.0,0.0,0.0,0.0,0.0,0.0,0.0
0.27752177055646343,0.0,0.1256092183412373,0.5509835490640212,0.0,1.0185714254885634,0.0,0.014549293681010657,0.0,0.0,0.15800270341064537,0.0,0.06329841416838455,0.0,0.0,0.0,0.0,0.27350033982707594,0.0,0.0,0.19896902980473305,0.0
0.03668896460402688,0.0,0.12128366092709086,0.2402257384312479,0.0,0.6451299426794282,0.0,0.3747507559328789,0.0,0.0,0.20853856094433862,0.0,0.0,0.0,0.0,0.11943651724526468,0.0,0.0,0.0,0.0,0.0,1.4244819838177525
0.0,0.0,0.009207708598308191,0.0,1.2159847467219087,0.0,0.0,0.4087711245959871,0.0,0.0,0.9213009103056926,0.21388345595566421,0.0,0.0,0.0,0.8170949650079442,0.0,0.0,0.0,0.0,0.0,0.040828368586688174
0.009211351897998562,0.0,0.09006209476442802,0.0,0.0,0.0,0.0,0.0,0.0,0.0,0.5521904911692633,0.0,0.0,0.11705245987604075,0.0,0.22101103140416745,0.0,0.10567596571250432,0.2940751987913109,0.0,0.0,0.0
0.0,0.0,0.07420859411373064,0.0,0.0,0.0,0.0,0.0,0.0,0.0,0.21845872224573135,0.0,0.0,0.0,0.0,0.19089012832871743,0.0,0.0,0.0,0.0,0.0,0.0
0.07663305559594441,0.0,0.0,0.0,0.0,0.0,0.0,0.0,0.0,0.0,0.5676394695933435,0.0,0.0,0.0,0.0,0.1450425903348629,0.0,0.0,0.0,0.0,0.0,0.0
0.192364166521079,0.0,0.0,0.0,1.7935265278820207,0.0,0.0,0.758762856805779,0.0,0.0,1.5987197183797586,0.0,0.0,0.0,0.0,1.9845443821016895,0.0,0.0,1.3768344444607086,0.0,0.0,0.0
0.17649010711942725,0.03913560134988201,0.0,0.0,1.3758743036318262,0.44756488238306297,0.0,1.31175374672809,0.0,0.0,0.817353477502381,0.0,0.0,0.0,0.0,0.17023058216433332,0.0,0.0,0.8648713798250007,0.0,0.0,0.0
0.25007284657139783,0.0,0.0,0.0,0.0,0.0,0.0,0.6141690694533469,0.0,0.0,0.2980333209172914,0.0,0.0,0.0,0.0,0.0,0.0,0.0,0.0,0.0,0.0,0.8813698321681925
0.08378784493633636,0.2624678982493775,0.0,0.0,0.0,0.0,0.0,0.0,0.0,0.0,0.2602644794128606,0.0,0.0,0.6427599863265331,0.0,0.5068722303720345,0.0,0.0,1.6148295469761897,0.0,0.0,0.0
0.0,0.0,0.0,0.0,0.0,0.0,0.0,2.369035008704266,0.0,0.0,0.8125414498605429,0.0,0.0,1.7110759356615437,0.0,0.0,0.0,2.5890317857361778,0.0,0.0,0.0,0.0
0.0,0.0,0.0,0.0,0.0,0.0,0.0,0.0,0.0,0.0,0.0,0.0,0.0,0.0,0.0,0.0,0.0,0.0,0.0,0.0,0.0,0.0
0.0,0.0,0.0,0.0,0.0,0.0,0.0,0.0,0.0,0.0,0.0,0.0,0.0,0.0,0.0,0.0,0.0,0.0,0.0,0.0,0.0,2.56938733353164
0.0,0.0,0.0,0.0,0.0,0.0,0.0,0.0,0.0,0.0,0.0,0.0,0.0,0.0,0.0,0.0,0.0,0.0,0.0,0.0,0.0,0.795661866486873
0.0,0.0,0.0,0.0,0.0,0.0,0.0,0.0,0.0,0.0,0.0,0.0,0.0,0.0,0.0,0.0,0.0,0.0,0.0,0.0,0.0,0.0
0.0,0.0,0.0,0.0,0.0,0.0,0.0,0.0,0.0,0.0,0.0,0.0,0.0,0.0,0.0,1.205842093304364,0.0,0.0,0.0,0.0,0.0,0.0
0.0,0.0,0.0,0.0,0.0,0.0,0.0,0.0,0.0,0.0,0.0,0.0,0.0,0.0,0.0,0.0,0.0,0.0,0.0,0.0,0.0,0.0
0.0,0.0,0.0,0.0,0.0,0.0,0.0,0.0,0.0,0.0,0.0,0.0,0.0,0.0,0.0,0.0,0.0,0.0,0.0,0.0,0.0,1.082744477478574
0.0,0.0,0.0,0.0,0.0,0.0,0.0,0.0,0.0,0.0,0.0,0.0,0.0,0.0,0.0,0.0,0.0,0.0,0.0,0.0,0.0,0.0
0.0,0.0,0.0,0.0,0.0,0.0,0.0,0.0,0.0,0.0,0.06799250231787382,0.0,0.0,0.0,0.0,0.0,0.0,0.0,1.0360851512604192,0.0,0.0,0.0
0.009858529284865122,0.12850647020092115,0.0,0.0,0.0,0.0,0.0,0.0,0.0,0.0,0.0,0.0,0.0,0.0,0.0,0.0,0.0,0.0,0.0,0.0,0.0,0.0
0.0,0.0,0.0,0.27254375048412977,0.0,0.0,5.843130717958166,0.0,0.0,0.0,0.0,0.0,0.0,0.0,0.0,0.0,0.0,0.0,0.0,0.0,0.0,0.0
0.0,0.0,0.0,0.0,0.0,0.0,0.0,0.15023688992030396,0.0,0.0,0.07442487338349904,0.0,0.0,0.0,0.0,0.6906977731144945,0.0,0.0,0.0,0.0,0.0,0.0
0.2868313424567848,0.20081754746122493,0.0,0.07822609520974973,0.0,0.6030471165570942,0.0,0.577572578682445,0.0,0.0,0.5783876606325692,0.0,0.0,0.41716164465718286,0.0,0.22936799951202227,0.0,0.0,0.9345348715161964,0.0,0.0,0.0
0.2022008819782131,0.0,0.0,0.0,0.0,0.0,0.0,0.0,0.0,0.0,0.5470049826573276,0.0,0.0,0.0,0.0,0.370841884025418,1.1857214220602486,0.0,0.0,0.0,0.0,0.0
0.031882334987266565,0.07368454090841428,0.18331602212251122,0.3282669060092958,0.0,0.5215359686565552,0.0,0.0,1.3734968227079267,0.0,0.12704650024688563,0.0,0.0,0.7618785566319224,0.0,0.09271522623183417,0.0,0.0,0.0,0.0,0.0,0.0
0.483870362489107,0.013221905512068588,0.0,0.0,0.0,0.0,0.0,0.0,0.0,0.0,0.29387262855180557,0.0,0.0,0.3642349729689836,0.0,1.1735996187713094,0.0,0.2117715804957641,0.0,0.0,0.0,0.0
0.09087723396481712,0.0,0.0,0.0,0.0,0.3439499410046698,0.0,0.0,0.0,0.0,0.08024379456177337,0.0,0.0,0.0,0.0,0.0,0.0,0.0,0.0,0.0,0.0,0.5109841667890641
0.1922358728570279,0.3274953495265366,0.0,0.0,0.0,0.0,0.0,0.6154519434285426,0.0,0.0,0.1784719187862652,0.0,0.0,0.0,0.0,0.0,0.0,0.0,0.44856303918736035,0.0,0.0,0.0
0.37110244616765503,0.0,0.07354133275115199,0.0,0.0,0.23725555805020088,0.0,0.0,0.0,0.0,0.22462240237953085,0.0,0.0,0.0,0.0,0.0,0.0,0.0,0.0,0.0,0.0,0.0
0.7756244211344543,0.616526910978527,0.07122435632812706,0.598586302245059,0.0,0.2297806386590327,0.0,0.046250024847531844,0.0,0.0,0.30915850254806676,0.0,0.0,0.0,0.0,0.01798898931318508,0.0,0.0,0.0,0.0,0.0,0.24655789392591881
1.5531505119922722,0.8277720500195338,0.1299647289125928,0.44384470237041196,0.0,1.229440890581723,0.0,0.8557347621871235,0.0,0.0,0.2543048537413731,0.021933758758954414,0.0,0.15996030483172063,0.5349690580205172,0.11943867094907641,0.0,0.0,0.03972872479299525,0.7210166003713757,0.0,0.0
1.714734449796072,0.37641022314624895,0.270844492244458,0.01770090558777279,0.0,1.1070032073361311,0.0,0.14275622324779377,0.0,0.0,0.137248970590591,0.19320933249031128,0.0,0.0,0.0,0.0,0.0,0.3793465430235525,0.6090033241940638,0.0,5.221483943449127,0.0
1.6021072533152652,0.9040985070559728,0.2705879596498011,0.2695131758193751,0.0,0.7404018789717104,0.0,0.3832885582708324,1.2488968494673556,0.0,0.0876423040592271,0.0,0.0,0.0,0.0,0.0,0.0,0.0,0.0,0.0,0.0,0.0
3.1286507749348718,2.9867103402764155,0.851048113827862,1.672112539260592,0.0,0.15425827046765364,0.0,0.5444686224311595,1.0942541508010613,0.0,0.09793591308593858,0.0,0.0,0.0,0.0,0.05867188472328987,0.0,0.0,0.0,0.0,0.0,0.0
2.852057565236193,1.8891373510773024,1.3860779603461317,2.106530510924711,0.0,1.1590919591479576,0.0,0.34003714425486736,0.5919667354640159,0.0,0.391138580809129,0.0,0.0,0.0,0.0,0.1405178962746947,0.0,0.0,0.0,0.0,0.0,0.0
1.1080347557396457,0.7231861222184863,0.16631447156502177,0.6311966027957858,0.0,0.7774591179504988,0.0,1.0275401419459753,0.0,0.0,0.31744352563352957,0.0,0.0,0.0,1.1404561384034972,0.2754876442167776,0.0,0.0,0.0,0.0,0.0,0.0
0.09245446579661645,0.0,0.0,0.0,0.0,0.0,0.0,0.0,0.0,0.0,0.3509890177852503,0.0,0.0,0.0,0.0,0.22501873093275915,0.0,0.0,0.0,0.0,0.0,0.0
0.1543961108434365,0.0,0.0,0.0,0.0,0.0,0.0,0.0,0.0,0.0,1.2325660137557526,0.6305936439655735,0.0,0.0,0.0,0.32578310373253416,0.5388809609933087,0.0,0.0,0.0,0.0,0.0
0.014095897728350444,0.0,0.0,0.0,1.2696059341674693,0.0,0.0,0.0,0.0,0.0,0.6789564011782785,0.0,0.0,0.0,0.0,0.0,0.0,0.0,0.0,0.0,0.0,0.8633390078385357
0.04675360001503797,0.0,0.0,0.0,0.0,0.0,0.0,0.0,0.0,0.0,1.119630741704811,0.0,0.0,0.0,0.0,0.5832987676354571,0.0,0.0,0.0,0.0,0.0,0.0
0.22317259225290528,0.0,0.0,0.0,1.306752860468818,0.12663453757605253,0.0,0.2552314997903696,0.0,0.0,0.8426751295495567,0.49397928667818763,0.0,0.0,0.0,0.0,0.0,1.1588328330996545,1.0637489553857877,0.0,0.0,0.17405148381375338
0.39652914819013924,0.06546398835952656,0.13507714562383294,0.0,0.0,0.7150253772496842,0.0,0.5324747768619625,0.0,0.0,0.9516154061656561,0.0,0.0,0.0,0.0,0.5712045567302719,0.0,0.121305383316799,0.0,0.0,0.0,0.0
2.4714513863214513,0.4066309380884065,0.33543124885211795,2.4474441776009246,0.0,0.6557168683050789,0.0,2.7109190960789102,0.0,0.0,0.3527556437973849,0.0,1.4319693907262288,0.0,0.0,0.2407122840444351,0.0,0.1475955677456841,0.0,0.0,0.0,0.7746855903822771
1.0516417843475687,0.07797907009846385,0.5387741478454531,1.2351808756042262,0.0,0.001658801397200999,0.0,0.0007946233875830369,0.0,0.0,0.2032475886258981,0.0,0.0,0.0,0.0,0.0,0.0,0.0,0.0,0.0,0.0,0.0
0.8006622136720742,0.1293267331263946,0.339614262078225,0.3083310685697247,0.0,1.114374778171916,0.0,0.942543770406404,0.0,0.0,0.2078632244869218,0.0,0.0,0.0,2.68221112412112,0.0,0.0,0.3256787626522434,0.0,0.0,0.0,0.8551787496512077
0.8608468425051674,0.19039039525114682,0.4324263748844566,0.3028877068826975,0.0,0.0,0.0,0.0,0.0,0.0,0.26354454347431955,0.0,0.0,0.0,0.0,0.0,0.0,0.0,0.0,0.0,0.0,0.2416036593596543
0.10473275186421399,0.0,0.0,0.36357546069807156,0.0,3.241860183104593,0.0,1.0365777565279282,0.0,0.0,0.4848356096340265,0.35110810141303855,0.0,0.0,0.0,0.14237543928876817,0.0,0.0,0.6359638257594582,0.0,0.0,0.9919600963037664
0.025322798520947282,0.0,0.0,0.0,0.0,0.0,0.0,1.084974766299426,0.0,0.0,1.3914585251190053,0.0,0.0,0.0,0.0,1.178731691995467,0.0,0.0,0.0,0.0,0.0,0.0
0.061661323859869874,0.06884439316916836,0.0,0.0,0.0,0.0,0.0,0.0,0.0,0.0,1.172682833947929,0.6682488724558813,0.0,0.0,0.0,0.6752955954156619,0.0,0.0,0.6710676805543374,0.0,0.0,0.0
0.06758182153319735,0.0,0.0,0.0,0.6414087200509903,0.0,0.0,0.0,0.0,0.0,1.0211858116675765,0.0,0.0,0.0,0.0,0.051682263293281565,0.0,0.0,0.04226624816411594,0.0,0.0,0.5676190917461311
0.0,0.0,0.0,0.0,0.0,0.0,0.0,0.9633303474478684,0.0,0.0,1.4252268682892164,0.7198225709315466,0.0,0.0,0.0,0.398963686420418,0.0,0.0,0.5865633724375849,0.0,0.0,0.0
0.115870103151135,0.0,0.0,0.0,0.0,0.0,0.0,0.5071518936115453,0.0,0.0,0.7362259995889953,0.3710625388976617,0.0,0.0,0.0,0.5600921335265372,0.0,0.2213976028536321,0.0,0.0,0.0,0.0
0.3624628069388939,0.0,0.0,0.0,0.0,0.33526189732050865,0.0,0.0,0.0,0.0,1.0706136391547574,0.0,0.0,0.0,0.0,1.0166795309430894,0.0,0.20833184422277798,0.7880302070313244,0.0,0.0,0.0
1.0845323599862615,0.0,0.14480620137355163,0.0,0.0,1.929716279033011,0.0,2.398521990760093,0.0,0.0,0.12223935704735746,0.0,0.0,0.0,0.0,0.0,0.0,0.0,0.0,0.7038476595135588,0.0,0.0
0.8196915205289028,0.0,0.08472030257460511,0.2932031809385638,0.0,0.7407592922397999,0.0,2.336489924057198,0.0,0.0,0.1521615169655653,0.0,0.06662252701845271,0.0,0.3510114561897765,0.10604809534147437,0.2792915596204629,0.0,0.0,0.6146089055132528,0.2094178778118898,0.40092026852418877
0.5582159101177201,0.0,0.01917626134255768,0.0,0.0,0.21168591163650807,0.0,0.45622359299863025,0.0,0.0,0.15876489611315714,0.0,0.0,0.0,0.15363978709904688,0.0,0.0,0.0,0.0,0.0,0.0,0.0
0.47146202292474826,0.0,0.0,0.0,0.514436284444703,0.0,0.0,0.3204739207934916,0.0,0.0,0.3473953316522301,0.0,0.0,0.0,0.0,0.3877886375445877,0.0,0.0,0.0,0.0,0.0,0.0
0.19590360527902967,0.0,0.04582626904431727,0.0,0.4833775310005689,0.0,0.0,0.0,0.0,0.0,0.048429349939622196,0.0,0.0,0.0,0.0,0.0,0.0,0.0,0.0,0.0,0.0,0.5935631853586316
0.0,0.0,0.024819396628644175,0.0,0.0,0.34846908957145933,0.0,0.0,0.0,0.0,0.28572177824508166,0.0,0.0,0.0,0.0,0.3658851035181767,0.0,0.0,0.0,0.0,0.0,0.08797515337650626
0.0,0.0,0.0,0.0,0.0,0.0,0.0,0.0,0.0,0.0,0.26589247857208004,0.0,0.0,0.0,0.0,0.0,0.0,0.0,0.0,0.0,0.0,0.0
0.0,0.005593226519074299,0.1811940292037583,0.0,0.0,0.0,0.0,0.0,0.0,0.0,0.7660095610127754,1.7970590033536689,0.0,0.0,0.0,0.24508699387013005,0.0,0.0,0.0,0.0,0.0,0.0
0.012405814025640527,0.06560981886682601,0.0,0.0,0.44456641502433986,0.0,0.0,0.1683105223946409,0.0,0.0,0.9581333824221518,0.0,0.0,0.0,0.0,0.38105652938802687,0.0,0.0,0.0,0.0,0.0,0.2729306961648423
0.10184823362410972,0.0,0.0,0.0,0.17513099782373293,0.0,0.0,0.059393314971221,0.0,0.0,1.1357376535855013,0.6342032530271425,0.0,0.0,0.0,0.3273895637642536,0.0,0.0,0.0,1.030792277180959,0.0,1.160466496111597
0.0,0.0,0.0,0.0,0.0,0.0,0.0,0.0,0.0,0.0,0.3275803199247852,0.0,0.0,0.0,0.0,0.0,0.0,0.0,0.0,0.0,0.0,1.0279699146801788
0.10572402800260536,0.0,0.5361901014611155,0.0,0.0,0.0,0.0,0.0,0.0,0.0,0.0,0.0,0.0,0.0,0.0,0.0,0.0,0.0,0.0,0.0,0.0,0.0
0.0,0.0,0.0,0.0,0.32921750007253764,0.0,0.0,0.0,0.0,0.0,0.049566249445762614,0.0,0.0,0.0,0.0,0.0,0.0,0.0,0.0,0.0,0.0,0.0
0.0,0.0,0.0,0.0,0.0,0.5787880685273019,0.0,0.0,0.0,0.0,0.037060375238723874,0.0,0.0,0.0,0.0,0.20543512892977767,0.0,0.0,0.0,1.1740491379414877,0.0,0.0
0.0,0.0,0.0,0.0,0.0,0.0,0.0,0.0,0.0,0.0,0.04693008115716245,0.0,0.0,0.0,0.0,0.0,0.0,0.0,0.0,0.0,0.0,0.20679557374605653
0.04228707489555196,0.0,0.12217997031938639,0.0,0.0,0.0,0.0,0.37752023551277386,0.0,0.0,0.0,0.0,0.0,0.0,0.0,0.0,0.0,0.0,0.0,0.0,0.0,0.0
0.0,0.0,0.0,0.0,0.0,0.0,0.0,0.0,0.0,0.0,0.06664669027594143,0.0,0.0,0.0,0.0,0.21004248974795162,0.0,0.0,0.0,0.0,0.0,0.0
0.03107025490162095,0.0,0.07879627587624799,0.0,0.0,0.0,0.0,0.0,0.0,0.0,0.0,0.0,0.0,0.0,0.0,0.0,0.0,0.22616105300328754,0.0,0.0,0.0,0.0
0.08399596988319281,0.12439421684450051,0.0,0.0,0.0,0.0,0.0,0.0,0.0,0.0,0.022361752243421577,0.0,0.0,0.0,0.0,0.5535184038022412,0.0,0.0,0.0,0.0,0.0,0.28068098496978355
0.04511866537839687,0.0,0.0,0.0,1.062740695150199,0.0,0.0,0.0,0.0,0.0,0.0756667103672267,0.0,0.0,0.0,0.0,0.14040533209903122,0.0,0.0,0.0,0.0,0.0,0.5073732667998199
0.0,0.0,0.0,0.0,0.0,0.0,0.0,0.0,0.0,0.0,0.0,0.0,0.0,0.0,0.0,0.5600198269979317,0.0,0.0,0.0,0.0,0.0,0.0
0.021663486649869338,0.0,0.0,0.0,1.6211297195478267,0.0,0.0,1.1905175947056206,0.0,0.0,0.04463131901335045,0.0,0.0,0.0,0.0,0.0,0.0,0.0,0.0,0.0,0.0,0.0
0.12235789694392107,0.0,0.0,0.0,0.1959534492382809,0.0,0.0,0.3044143698529578,0.0,0.0,0.0,0.0,0.0,0.0,0.0,0.12089028740797458,0.0,0.0,0.0,0.0,0.0,0.0
0.00497060209413127,0.0,0.0,0.0,1.3474670790718082,0.0,0.0,0.407438873354048,0.0,0.0,0.0,0.0,0.0,0.0,0.0,0.43028770149618545,0.0,0.0,0.0,0.1268063318642668,0.0,0.0
0.0,0.0,0.0,0.0,0.0,0.0,3.0920657027646157,0.0,0.0,0.0,0.08305079204474207,0.0,0.0,0.0,0.0,0.3229649804837402,0.0,0.0,0.0,0.0,0.0,0.0
1.216700836378806,0.6593210460782273,0.0,0.7860257158857793,0.0,1.1671516475770443,0.0,1.1178476246651867,0.0,0.0,1.074862950368577,0.0,0.0,1.614190042701235,0.0,0.44392424933609975,0.0,0.6109214691627781,0.0,0.0,0.0,0.0
0.5230446302245274,0.0,0.0,0.6001462374725137,0.0,0.0,0.0,0.0,0.0,0.0,0.157540868962681,0.0,0.0,0.0,0.0,0.0,0.0,0.23326928957360377,0.0,0.0,0.0,0.0
0.008457097434961482,0.279784861626215,0.0869769371243434,0.46793940435709025,0.0,0.08207065942101349,0.0,0.0,0.0,0.0,0.5276843712984067,0.32114037691348357,0.0,0.2315307194147784,0.0,0.38098584877362895,0.0,0.0,0.07133957748099404,0.0,0.0,0.0
0.0,0.0,0.0,0.0,0.0,0.0,0.0,0.0,0.0,0.0,0.2226878632937348,0.0,0.0,0.0,0.0,0.5194720330745038,0.45224972898475635,0.0,0.3074786757781849,0.0,0.0,0.4875027464330904
0.4670779649520709,0.0,0.0,0.0,0.0,0.8663216178794853,0.0,1.2019827130899865,0.0,0.0,0.06935842311149805,0.0,0.0,0.3669806438158394,0.0,0.0,0.0,0.0,0.133277641452475,0.0,0.0,0.0
0.5525102548820009,0.15320960555598884,0.0,0.0,0.0,2.3825884623503795,0.0,0.11664428358558936,1.3298992032546508,0.0,0.21510915395809402,0.0,0.0,0.0,0.0,0.3716720669784282,0.0,0.0,0.0,1.6911871670014649,0.0,0.0
1.1076891162943125,0.06326038220214608,0.0,0.2420805380610396,0.0,0.5298492273488122,0.0,0.0,0.0,0.0,0.1164873034889285,0.0,0.0,0.0,0.0,0.0,0.0,0.0,0.0,0.0,0.0,1.4669384446461657
0.5538762674281497,0.0,0.0,0.0,0.0,0.5855263041176221,0.0,0.19198107242014117,0.0,0.0,0.49000196739053414,0.0,0.0,0.0,0.0,0.0,0.0,0.0,0.0,1.1783651111009854,0.0,0.0
0.8610662393239145,0.33211769316186057,0.11118298349066198,0.6410038592419797,0.0,0.3843284748275102,0.0,0.15207723246241187,0.0,0.0,0.1237235237402507,0.0,0.0,0.0,1.1793625244619494,0.0,0.0,0.25874119975438536,0.0,0.0,0.0,0.0
1.1887698929864259,0.951328804057876,0.2671819523844826,1.7358843141335343,0.0,2.130141432378362,0.0,0.8666717306769255,0.3341837679334285,0.0,0.17038605748632285,0.0,0.0,0.0,1.00774239204913,0.0,0.0,0.0,0.0,0.0,0.0,0.0
2.0449399675882542,1.8236511802112072,0.546186549251789,1.2063200384989856,0.0,0.7891327337744949,0.0,0.9945361216085131,0.6714051600053328,0.0,0.20600161582024926,0.0,0.48738397513038195,0.0,0.0,0.1001137108661894,0.10899481038799647,0.1377748915883257,0.0,0.0,0.0,0.0
2.5951581196131968,2.200377062602067,1.1643862810982955,1.4303334922896842,0.0,0.5264018486327291,0.0,0.32940698461592444,1.57358411987483,0.0,0.15616695383276283,0.0,0.016058933379087034,0.0,0.0,0.06625869747803102,0.0,0.2497126500118031,0.0,0.0,0.0,0.0
3.5132002366003547,2.042187172437576,1.2851221853709838,2.297164232200604,0.3969732881669274,1.338482501709403,0.0,1.540756106932636,1.4841207934180576,0.0,0.38561047699065654,0.0,0.0,0.0,1.0218862803397548,0.1354468173855441,0.0,0.2802071947622925,0.0,0.0,0.0,0.0
2.8253338838441975,2.371502067367193,0.11209922634699505,0.7040196636642144,0.0,1.5350713015186797,0.0,0.7943446386283091,0.9553656459674671,0.0,0.54767688051598,0.0,0.0,0.0,1.690993370263524,0.15376550248651646,0.0,0.0,0.0,0.0,0.0,0.11562670521737844
0.660466789604599,0.017446064114820175,0.0,0.0,0.0,0.0,0.0,1.1186164977822166,0.0,0.0,0.8755783449836972,0.0,0.0,0.0,0.0,0.10497803210281072,0.0,0.0,0.0,0.0,0.0,0.05915536397957649
0.06771930776967235,0.0,0.0,0.0,0.0,0.0,0.0,0.5115550063307064,0.0,0.0,0.7488405239575902,0.36517391755214135,0.0,0.0,0.0,0.8691120142231328,0.0782715960053242,0.0,1.0961615436040928,0.0,0.0,0.0
0.056206792233967615,0.05423823349896866,0.0,0.29983593224351035,0.5477701783112213,0.0,0.0,0.0,0.0,0.0,1.574475233193191,0.4131151804128462,0.0,0.0,0.0,1.2821788231258529,0.0,0.5238088559750934,0.0,0.0,0.0,0.763508498505565
0.12886215511761748,0.0,0.0,0.0,1.297825937378718,0.0,0.0,0.5399114088860856,0.0,0.0,0.938165164059163,0.43067566287404146,0.0,0.0,0.0,0.17072318137358322,0.3184960695001828,0.0,0.0,0.0,0.0,0.0
0.10900644276576407,0.13206439674284087,0.0,0.0,0.0,0.0,0.0,0.23996917189485104,0.0,0.0,0.8524759803875508,0.44858493321295584,0.0,0.0,0.0,0.6948032537549786,0.0,0.0,0.0,0.0,0.0,0.0
0.13280059374767114,0.0,0.0,0.3658779746755604,0.3244567895923094,0.27828778371062485,0.0,0.6955685090810608,0.0,0.0,1.9262374705670697,0.30557702447954793,0.0,0.0,0.0,1.377321967132866,0.0,0.0,0.5534931628467066,0.9930416109385636,0.0,0.11402301769208065
0.24251950896223148,0.02291942910701458,0.0,0.0019019436271219383,0.5668738337382698,1.4723823054009504,0.0,0.0,0.0,0.0,0.48963896170109644,0.23857668223897294,0.0,0.0,0.12477354152994985,0.5968204068893089,0.0,0.0,0.0,0.0,0.0,0.6587770739704751
0.47730322059414065,0.042690935613176,0.0,2.1177344015472954,0.0,3.5197970854895337,0.0,0.0,0.0,0.0,0.6717116488471905,0.028004588308823054,0.0,0.0,0.18243826994855983,0.5363111459539759,0.0,0.0,0.0,0.0,0.0,0.0
0.566854713574944,0.0,0.12890161392733604,0.7475438402312644,0.0,0.0,0.0,0.6286038881350369,0.0,0.0,0.2619690747984419,1.2591144782398234,0.0,0.0,0.0,1.0692044805038976,0.0,0.0,1.1406508335815695,0.0,0.0,1.8031506140218876
0.35583736421850204,0.0,0.16326685846993144,1.3479497601437684,0.4546551253723903,0.0,0.0,0.901525223030863,0.0,0.0,0.11015184367299811,0.0,0.0,0.0,0.0,0.15681533718353532,0.0,0.0,0.0,0.0,0.0,0.0
0.292498152292127,0.0,0.0,0.0,0.0,0.7381074962524712,0.0,0.0,0.0,0.0,0.1220373618848509,0.0,0.0,0.0,0.7130715829645708,0.050341207064543474,0.0,0.0,0.0,1.1663788177620502,0.0,0.0
0.12064137738605017,0.0,0.0,0.0,0.47101648503276605,0.0,0.0,0.0,0.0,0.0,1.295948548110463,0.12455109389738098,0.0,0.0,0.0,1.4607012078224262,0.0,0.0,1.7154301623871204,0.0,0.0,0.0
0.021958828464569306,0.0,0.0,0.0,0.5016941614444627,0.0,0.0,0.0,0.0,0.0,0.7200716850707163,0.19043502177919247,0.0,0.0,0.0,0.9688789571012564,0.0,0.0,0.6689272295175552,0.0,0.0,0.0
0.052895958616003075,0.0,0.0,0.0,0.057829722306289945,0.0,0.0,0.3244928264596019,0.0,0.0,0.8799950118581579,0.41524812899406555,0.0,0.0,0.0,0.8012260224531371,0.0,0.0,1.404187296433334,0.0,0.0,0.0
0.049016653352638655,0.0,0.0,0.0,0.0,0.0,0.0,0.0,0.0,0.0,1.363107535984105,0.0,0.0,0.0,0.0,0.48031332609756794,0.0,0.0,0.0,0.0,0.0,0.0
0.0,0.0,0.0,0.0,0.0,0.0,0.0,1.281752100989014,0.0,0.0,1.0593338731017337,0.0,0.0,0.0,0.0,0.7092127016424339,0.0,0.0,0.30449731355053045,0.0,0.0,0.0
0.09622468122821604,0.0,0.0,0.0,0.0,0.0,0.0,0.0,0.0,0.0,1.496180929834095,0.8434790152633533,0.0,0.0,0.0,1.0356192047519246,0.2616249347241351,0.0,0.0,0.0,0.0,0.6835237971258415
0.37037673485482425,0.0,0.13975884314537962,0.3398421076895832,0.0,0.0,0.0,0.31213008056026587,0.0,0.0,0.2577995434519883,0.0,0.0,0.0,0.0,0.12921729024835807,0.0,0.0,0.0,0.6405153682134436,0.0,0.0
0.3341435791445778,0.0,0.048139100627806145,0.43270966698149127,0.0,0.48769351853829235,0.0,0.5160410620495439,0.0,0.0,0.12368871737193514,0.0,0.0,0.0,0.0,0.1664598252083596,0.0,0.0,0.0,0.0,0.0,0.0
0.6197551934834898,0.0,0.02784696991956328,0.0,0.0,0.4112386645312082,0.0,0.0,0.0,0.0,0.13761031647786387,0.0,0.0,0.0,0.0,0.0,0.0,0.0,0.0,0.0,0.0,0.0
0.4864822647214023,0.0,0.0,0.0,0.0,1.2017650701871598,0.0,0.6831665963727398,0.0,0.0,0.38165851706918985,0.0,0.0,0.0,0.0,0.1640064155075965,0.0,0.0,0.0,0.0,0.0,0.0
0.2355302373220813,0.0,0.04528434559769318,0.0,0.0,0.0,0.0,0.37658385534837163,0.0,0.0,0.20319154086145574,0.0,0.0,0.0,0.0,0.0,0.0,0.17895013739460855,0.0,0.0,1.0305572936392675,0.0
0.3041609333417188,0.0,0.3181485506327518,0.0,0.0,0.935566847048867,0.0,0.0,0.0,0.0,0.30616754479822195,0.0,0.0,0.3854521239589475,0.0,0.014276692091104298,0.0,0.16318937776513245,0.0,0.0,0.9397925363391076,0.0
0.0,0.0,0.0,0.0,0.0,0.0,0.0,0.32562073267870184,0.0,0.0,0.29018053026595075,0.0,0.0,0.0,0.0,0.0,0.0,0.0,0.0,0.0,0.0,0.0
0.0,0.0,0.0,0.0,0.0,0.0,0.0,0.0,0.0,0.0,0.3768674311323049,0.0,0.0,0.0,0.0,0.37503829678618744,0.0,0.0,0.0,0.0,0.0,0.0
0.17547670660980516,0.0,0.0,0.0,2.208035789099342,0.0,0.0,0.0,0.0,0.0,0.5417007162867171,0.0,0.0,0.0,0.0,0.0,0.0,0.0,0.0,0.0,0.0,0.0
0.0,0.0,0.2448675127984271,0.0,0.0,0.0,0.0,0.0,0.0,0.0,0.0,0.0,0.0,0.0,0.0,0.0,0.0,0.0,0.0,0.0,0.0,0.0
0.0,0.0,0.0,0.0,0.0,0.0,0.0,0.0,0.0,0.0,0.2708535664345405,0.0,0.0,0.0,0.0,0.0,0.0,0.0,0.0,0.0,0.0,0.0
0.0,0.0,0.0,0.0,0.0,0.0,0.0,0.0,0.0,0.0,0.0,0.0,0.0,0.0,0.0,0.5336895592355716,0.0,0.0,0.0,0.0,0.0,0.0
0.0,0.0,0.7667102311904567,0.0,0.0,0.0,0.0,0.0,0.0,0.0,0.8125414498605429,0.0,0.0,0.0,0.0,0.0,0.0,0.0,0.0,0.0,0.0,0.0
0.0,0.0,0.0,0.0,0.0,0.0,0.0,0.0,0.0,0.0,0.22035201222390885,0.0,0.0,0.0,0.0,0.7653854492272636,0.0,0.0,0.0,0.0,0.0,0.0
0.09451711656537592,0.0,0.13293580914737418,0.0,0.0,0.0,0.0,0.0,0.0,0.0,0.0073647687842456734,0.0,0.0,0.0,0.0,0.0,0.0,0.0,0.0,0.0,0.0,1.9090188207387935
0.02560048135297465,0.0,0.0,0.0,0.0,0.0,0.0,0.0,0.0,0.0,0.037014692767494764,0.0,0.0,0.14489287565859998,0.0,0.14669198476579876,0.2005484298030372,0.0,0.0,0.0,0.0,0.0
0.0,0.0,0.0,0.0,1.233620174571302,0.0,0.0,0.0,0.0,0.0,0.0,0.0,0.0,0.0,0.0,0.0,0.0,0.0,0.0,0.0,0.0,0.0
0.0,0.0,0.0,0.0,0.0,0.0,0.0,0.0,0.0,0.0,0.1956719984413417,0.0,0.0,0.0,0.0,0.0,0.0,0.0,0.0,0.0,0.0,0.0
0.0,0.0,0.0,0.0,0.0,0.0,0.0,0.0,0.0,0.0,0.0,0.0,0.0,0.0,0.0,0.4653655163609355,0.0,0.0,0.0,0.0,0.0,0.0
0.0,0.0,0.0,0.0,1.6739293880407167,0.0,0.0,0.0,0.0,0.0,0.11918309965740491,0.0,0.0,0.0,0.0,0.0,0.0,0.0,0.0,0.0,0.0,0.0
0.0,0.0,0.0,0.0,1.055608519203032,0.0,0.0,0.0,0.0,0.0,0.0,0.0,0.0,0.0,0.0,1.1215244159839577,0.0,0.0,0.0,0.0,0.0,0.0
0.028345543133069966,0.0,0.0,0.0,0.0,0.0,0.0,0.0,0.0,0.0,0.02539504335743711,0.0,0.0,0.0,0.0,0.0,0.0,0.0,0.0,0.0,0.0,0.0
0.035305178132002714,0.0,0.0,0.0,2.656618619249578,0.0,0.0,0.0,0.0,0.0,0.0,0.0,0.0,0.0,0.0,0.0,0.0,0.0,0.0,0.0,0.0,0.46948520247036285
0.0,0.0,0.0,0.0,4.370272119086532,0.0,0.0,0.0,0.0,0.0,0.10189019998028706,0.0,0.0,0.0,0.0,0.3539122502068357,0.0,0.0,0.0,0.0,0.0,0.0
0.035228105212771595,0.0,0.0,0.0,0.0,0.0,0.0,0.6100567920120318,0.0,0.0,0.0,0.0,0.0,0.0,0.0,0.4627947045884599,0.0,0.0,0.0,0.0,0.0,0.0
0.0,0.1547021164987699,0.0,0.0,0.7959480977778712,0.0,0.0,0.7947622831606422,0.0,0.0,0.0,0.0,0.0,0.0,0.0,0.5594508387746822,0.0,0.0,0.0,0.0,0.0,0.0
0.01797337564594156,0.0,0.0,0.0,0.0,0.0,0.0,0.0,0.0,0.0,0.06114437434570417,0.0,0.0,0.0,0.0,0.2581928210136026,0.0,0.0,0.0,0.4585234934760412,0.0,0.0
0.0,0.0,0.0,0.0,0.0,0.0,0.0,0.0,0.0,0.0,0.07844589534344816,0.0,0.0,0.0,0.0,0.003721977601080183,0.0,0.0,0.0,0.0,0.0,0.0
0.0,0.6987094936398556,0.0,0.0,3.80414459779698,0.0,0.0,0.0,0.0,0.0,0.2708535664345405,0.0,0.0,0.0,0.0,0.0,0.0,0.0,0.0,0.0,0.0,0.0
0.37591404186598965,0.21970726857790596,0.0,0.0,0.40172378277924015,0.261208126883257,0.0,0.892137042697731,0.0,0.0,0.32741813202756526,0.0,0.0,0.0,0.0,0.49452119239428327,0.0,0.0,0.0,0.0,0.0,0.0
0.30114586954050954,0.0,0.07261483172571118,0.7180250847585509,0.6029806481165259,0.0,0.0,0.0,0.0,0.0,0.11674775829348792,0.0,0.0,0.0,0.0,0.14912281632785265,0.0,0.0,0.0,0.0,0.0,0.926523341641468
0.18110065263247094,0.07958166479605083,0.0,0.1326195065892618,0.0,0.6512664366324582,0.0,0.0,0.0,0.0,0.4507669891197638,0.0,0.0,0.0,0.0,0.0,0.0,0.0,0.0,0.0,0.0,0.8951261782426342
0.24104500163226622,0.061117741930256216,0.0,0.0,0.0,0.0,0.0,0.03601746286257084,0.0,0.0,0.3960793876233948,0.0,0.0,0.0,0.0,0.3523084144717763,0.0,0.0,0.0,0.0,0.0,0.0
0.26985652782573744,0.09300065688977058,0.0,0.0,0.0,0.6270698838740671,0.0,0.12797376110315728,0.0,0.0,0.12729600898924417,0.0,0.0,0.0,0.0,0.11133159743530784,0.0,0.04097503660325168,0.0,0.0,0.0,0.0
0.8445779932094366,0.0,0.0,0.0,0.0,0.25014317232807765,0.0,0.33945079841431913,0.0,0.0,0.05846023666876826,0.0,0.0,0.0,0.0,0.10348598211570958,0.0,0.06719370102971778,0.0,0.0,0.0,0.5414081229879503
0.6632567218030114,0.3301913200082994,0.01487521468807809,0.27745306224246147,0.0,1.4627186530950564,0.0,0.0,0.0,0.0,0.21857466895901417,0.0,0.0,0.0,0.0,0.0,0.0,0.0,0.0,0.0,0.0,0.0
0.2501820979027882,0.0,0.11764637639101826,0.0,0.0,0.0,0.0,0.0,0.0,0.0,0.08827152924124802,0.0,0.0,0.0,0.0,0.30660824641636514,0.0,0.0,0.0,0.0,0.0,0.0
0.7429250982143116,0.12819849283597964,0.27536956590015355,0.5694873861096146,0.0,0.0,0.0,0.2685565764774239,0.0,0.0,0.15227225566685718,0.0,0.0,0.0,0.0,0.0,0.0,0.090782575916076,0.0,0.0,0.0,1.2210301850987701
1.6700401784715053,0.5552347007993159,0.19483826173931182,1.6829889837772156,0.0,0.6264551818474208,0.0,1.1682203134027267,1.6549013564915616,0.0,0.4274586048934409,0.0,0.7208194213504681,0.0,0.0,0.04718238671682213,0.0,0.0,0.0,0.0,0.0,0.0
1.714268919313627,0.908166254555253,0.4494882275517694,0.9445488975563379,0.0,0.05636075153886514,0.0,0.8384751191689469,0.14888772074563023,0.0,0.12360517980021044,0.0,0.0,0.0,0.0,0.15243114936212526,0.0,0.28947042172049753,0.0,0.0,0.0,0.0
2.717939783023146,1.8261719840968316,1.7424885255081943,1.2872326296675105,0.0,1.8105652970197201,0.0,1.6565691228133725,2.034730023673605,0.0,0.10371353967648905,0.0,0.0,0.0,0.0,0.11659850012696862,0.0,0.0,0.0,0.0,0.0,0.0
2.135064215013381,1.526225794553774,0.3140968334404096,0.970869681072208,0.0,0.6810484345307688,0.0,0.0,0.0,0.0,0.5819705477866932,0.0,0.0,0.0,3.9357777868033983,0.0,0.0,0.038457699561939826,0.003958600486067243,0.0,0.0,0.0
3.898824678925158,3.5930869786273902,0.112068908142098,3.2383059873959787,0.0,1.8827308267675327,0.0,1.7836790058417626,0.0,0.0,0.7471943050808452,0.0,0.0,0.3480968676292303,1.2496887128305822,0.1913941111008203,0.0,0.0,0.0,1.5690368955097262,0.0,0.0
0.38111732920231006,0.13213953086406155,0.0,0.1186686481250783,0.0,0.07024863325350934,0.0,0.4817817527999956,0.0,0.0,0.1529882483803209,0.0,0.0,0.0,0.0,0.0,0.0,0.0,0.0,0.0,0.0,0.0
0.0,0.15476387556848734,0.0,0.0,1.6068566136569826,0.0,0.0,0.09256715524124594,0.0,0.0,0.9383740640503508,0.25352375739818395,0.0,0.0,0.0,0.7699396785435548,0.09253945901546916,0.0,0.0,1.56804009027861,0.0,0.23024610886886196
0.14815487399111366,0.006843422387200729,0.0,0.0,0.0,0.0,0.0,0.0,0.0,0.0,0.5074917673246038,0.0,0.0,0.0,0.0,0.5842715687212972,0.0,0.0,0.0,0.5810962771967734,0.0,2.6486510752657733
0.003974966447486654,0.0,0.0,0.0,0.4913155173276257,0.0,0.0,0.07442920982877914,0.0,0.0,0.5930335424843737,0.0,0.0,0.0,0.0,0.3471140808336667,0.0,0.0,0.0,0.1014064101176888,0.0,0.13394783511609534
0.13669764528236855,0.0,0.0,0.0,0.3379642119940239,0.37083026207371084,0.0,0.0,0.0,0.0,0.9445023790990122,0.0,0.0,0.0,0.0,1.0120818822574194,0.0,0.0,0.6444751083424428,0.0,0.0,0.0
0.0,0.0,0.0,0.0,0.0,0.54151186671839,0.0,0.6722722948761917,0.0,0.0,0.9087927754516094,0.0,0.0,0.0,0.0,0.7300424294569938,0.0,0.0,0.0,0.0,0.0,0.0
0.16465665810508365,0.0,0.0,0.18099713766680173,1.1105276988149049,0.0020189840030455193,0.0,0.25788924170569205,0.0,0.0,1.0016366715413365,0.0,0.0,0.0,0.0,0.1537598429328942,0.0,0.0,0.0,0.0,0.0,0.0
0.11514315570003206,0.0,0.07708623640521725,0.0015838464255343943,0.208342308241773,0.031683059756790824,0.0,0.04501455961408711,0.0,0.0,0.12354442652086636,0.6749987463496446,0.0,0.0,0.0,0.06054191956567327,0.0,0.06517076350675224,0.0,0.0,0.0,0.0
0.24039668768227376,0.0,0.0979723560798351,0.4651132090376101,0.0,1.2005213018632577,0.0,0.7274803084574615,0.0,0.0,0.6552396607866122,0.0,0.0,0.0,0.0,0.0,0.0,0.0,0.0,0.0,0.0,0.7551051914376534
0.18774251819152887,0.025407968124665167,0.0,0.0,3.0099600255764662,1.3712590529754332,0.0,0.0,0.48956546661857864,0.0,0.31681066804096947,0.0,0.0,0.10356411525250005,0.0,0.2140956196542377,0.0,0.0,0.0,2.383176622523316,1.3115826033280242,0.0
0.19934302751839034,0.0,0.05330854311335068,0.0,1.068475902816964,1.3470520814592044,0.0,1.0532780374925128,0.14250334769875395,0.0,0.31680618258643234,0.0,0.0,0.0,0.0,0.1628958599158988,0.0,0.22417468342669863,0.09375057521508724,1.6869913383074602,0.0,0.0
0.27761171579698335,0.0,0.02723545900764055,0.0,0.13513270077479894,0.3310031316101859,0.0,0.8221358805171053,0.0,0.0,0.2641888892314519,0.6011702237400496,0.0,0.0,0.0,0.2791418129227826,0.28298057126883935,0.0,0.33221419971042204,0.0,0.0,0.0
0.17175652818109718,0.0,0.10679683245830629,0.0,0.0,0.0,0.0,0.0,0.0,0.0,0.7504642152933153,0.6378726296658059,0.0,0.0,0.0,0.7090486514318495,0.10243506270441034,0.0,0.6464156706509755,0.0,0.0,0.1611779915831918
0.036797619945562944,0.0,0.0,0.0,0.11270196499588171,0.0,0.0,0.26367040602645114,0.0,0.0,0.8448372787318509,0.0,0.0,0.0,0.0,0.0293837380080043,0.003804916423298277,0.0,0.0,0.0,0.0,0.0
0.06994550495796219,0.0,0.0,0.0,0.0,0.0,0.0,0.19483357884216454,0.0,0.0,1.3519433946147033,0.0,0.0,0.0,0.0,0.3742997096836872,0.0,0.0,0.0,0.0,2.70370245631398,0.0
0.21408969026748612,0.0,0.0,0.0,1.6372375932019452,0.0,0.0,0.1365642898450878,0.0,0.0,1.6158595480519975,0.0,0.0,0.0,0.0,1.0884174845123857,0.0,0.05158917886617003,0.0,0.0,0.0,0.0
0.08189976543364351,0.0,0.0,0.0,0.5152883204196681,0.3759411456501132,0.0,0.320896337998707,0.0,0.0,1.7565652599887849,1.2772730437608424,0.0,0.0,0.0,1.2308830249999376,0.0,0.0,0.0,0.0,0.0,0.0
0.03741871055897323,0.0,0.09489639043754694,0.0,0.9411467556859973,0.2705640338279082,0.0,0.0,0.0,0.0,0.15592582336102495,0.5873244333540221,0.0,0.0,0.0,0.33578291506207314,0.0,0.0,0.0,0.9545985253328535,0.0,0.0
0.053652600640788306,0.0,0.0,0.0,0.0,0.0,0.0,0.0,0.0,0.0,0.0,0.0,0.0,0.0,0.0,0.0,0.0,0.0,0.0,0.0,0.0,0.0
0.054363071388483765,0.0,0.14706914213127584,0.0,1.0618179199743707,0.0,0.0,0.6013790019426478,0.0,0.0,0.2596857534550645,0.0,0.9098611788990036,0.0,0.0,0.5196386144556946,0.0,0.0,1.1998865135878534,1.4794238806467386,0.0,0.46445212933056595
0.2256664689104655,0.14823786461934985,0.24700047647086318,0.0,0.0,0.0,0.0,0.13946100251402244,0.0,0.0,0.30009282809811544,0.0,0.0,0.0,0.0,0.0,0.0,0.0,0.0,0.0,0.0,0.0
0.12597445167652216,0.0,0.025926613384381354,0.0,0.0,0.0,0.0,0.4820121953737548,0.0,0.0,0.04750736401896117,0.0,0.0,0.0,0.0,0.14005329267581657,0.0,0.0,0.0,0.0,0.0,0.0
0.14787104307429336,0.0,0.3188483725057357,0.0,0.620255352575965,0.5832977027741905,0.0,0.0,0.0,0.0,0.20917194388140473,0.0,0.0,0.0,0.0,0.0,0.0,0.0,0.0,0.0,0.0,0.0
0.015255155544417963,0.0,0.0,0.0,0.0,0.0,0.0,0.35672225487595643,0.0,0.0,0.6073394031650745,0.0,0.0,0.0,0.0,0.22229530221006616,0.0,0.0,0.2169169029715309,0.0,0.0,0.0
0.026089526169926557,0.0,0.0,0.0,0.0,0.0,0.0,0.45471832845564364,0.0,0.0,0.5262825601884209,0.186471077989019,0.0,0.0,0.0,0.4350573822314511,0.0,0.0,0.16893992479242484,0.0,0.0,0.0
0.13596645828159903,0.0,0.0,0.0,0.0,0.0,0.0,1.9206730035852577,0.0,0.0,0.5603317614717465,0.0,0.0,0.0,0.0,0.5969058094041603,0.0,0.0,0.0,0.0,0.0,0.0
0.24878559264251596,0.0,0.0,0.0,0.0,0.0,0.0,0.0,0.0,0.0,0.8915258924237608,0.0,0.0,0.0,0.0,0.0,0.0,0.0,7.069837654674628,0.0,0.0,0.0
0.0,0.0,0.0,0.0,0.0,0.0,0.0,0.0,0.0,0.0,0.0,0.0,0.0,0.0,0.0,0.0,0.0,0.0,0.0,0.0,0.0,0.0
0.0,0.0,0.0,0.0,0.0,0.0,0.0,0.0,0.0,0.0,0.2708535664345405,0.0,0.0,0.0,0.0,0.0,0.0,0.0,0.0,0.0,0.0,0.0
0.0,0.23256250665946698,0.0,0.0,1.2661934772776224,0.0,0.0,0.11413426430104424,0.0,0.0,0.09015246668473223,0.0,0.0,0.0,0.0,0.0,0.0,0.0,0.0,0.0,0.0,0.16378958559601117
0.0,0.0,0.0,0.0,0.0,0.13327250084285513,0.0,0.327416945258002,0.0,0.0,0.04508248169724918,0.0,0.0,0.0,0.0,0.18747742831637884,0.0,0.0,0.0,0.0,0.0,0.0
0.0,0.0,0.0,0.0,0.0,0.0,6.455602848247258,0.0,0.0,0.0,0.21318492424350807,0.0,0.0,0.0,0.0,0.0,0.0,0.20129715527987288,0.0,0.0,0.0,1.8993721537314976
0.0,0.0,0.0,0.0,0.0,0.0,0.0,0.0,0.0,0.0,0.41930701674658405,0.0,2.1294839210397885,0.0,0.0,0.4223643651261498,0.0,0.0,0.0,0.0,0.0,0.0
0.0,0.0,0.0,0.0,0.0,0.0,0.0,0.9680057533895374,0.0,0.0,0.027058686272162902,0.0,0.0,0.0,0.0,0.0,0.0,0.0,0.0,0.0,0.0,0.0
0.0,0.0,0.0,0.0,0.0,0.0,0.0,0.0,0.0,0.0,0.023441155614945575,0.0,0.0,0.0,0.0,0.007718222706528999,0.0,0.0,0.0,0.0,0.0,0.0
0.09460983221573882,0.0,0.0,0.0,0.12128985621366345,0.0,0.0,0.45033249921390167,0.0,0.0,0.003037313222532775,0.0,0.0,0.0,0.0,0.15008915045458188,0.0,0.0,1.0086958216005737,0.0,0.0,0.0
0.10275878614031922,0.0,0.0,0.0,2.066618767650967,0.0,0.0,0.0,0.0,0.0,0.18412297880913225,0.0,0.0,0.0,0.0,0.0736273832233858,0.0,0.0,0.0,0.0,0.0,0.39724745823460594
0.05593953045867586,0.0,0.0,0.0,1.406978135251528,0.0,0.0,0.0,0.0,0.0,0.0,0.0,0.0,0.0,0.0,0.390202080565618,0.0,0.0,0.0,0.0,0.0,0.0
0.0009241072694084493,0.0,0.0,0.0,0.8270138166204086,0.0,0.0,0.0,0.0,0.0,0.07622719974692237,0.0,0.0,0.0,0.0,0.676028267657951,0.0,0.0,0.0,0.0,0.0,1.2395454819506118
0.0,0.0,0.0,0.0,2.8106119062898345,0.0,0.0,0.0,0.0,0.0,0.06079749821032718,0.0,0.0,0.0,0.0,0.0,0.0,0.0,0.0,0.0,0.0,0.0
0.053903736376315146,0.0,0.0,0.0,0.9512742179212786,0.0,0.0,0.0,0.0,0.0,0.038730866122499034,0.0,0.0,0.0,0.0,0.0,0.0,0.0,0.0,0.0,0.0,0.0
0.0,0.0,0.0,0.0,0.40532299607288313,0.0,5.420665334003937,0.5559950385901521,0.0,0.0,0.028858834416507263,0.0,0.0,0.0,0.0,0.20046907836586078,0.0,0.0,0.0,0.0,0.0,0.0
0.15772253509601541,0.0,0.0,0.0,0.0,0.0,0.0,0.8357453355105535,0.0,0.0,0.04184803227229987,0.0,0.0,0.0,0.0,0.17315174183723267,0.0,0.0,0.0,0.0,0.0,0.0
0.010216500687212988,0.0,0.0,0.0,0.0,0.0,0.0,0.7046974514215893,0.0,0.0,0.0,0.0,0.0,0.0,0.0,0.0,0.0,0.0,0.0,0.0,0.0,0.0
0.0,0.0,0.0,0.0,0.0,0.0,0.0,0.0,0.0,0.0,0.0,0.0,0.0,0.0,0.0,0.0,0.0,0.0,0.0,0.0,0.0,0.0
0.2216952508803279,0.18171917697220588,0.11201282741434258,0.0,0.0,0.6433099589571628,0.0,0.0,0.0,0.0,0.6664411735223419,0.6172480007940463,0.0,0.0,0.0,0.24468190677136864,0.0,0.0,1.8810759225222156,0.0,0.0,0.0
0.0872276763127826,0.0,0.40516293121629554,0.0,0.0,0.0,0.0,0.0,0.0,0.0,0.07266410735679912,0.0,0.0,0.0,0.0,0.0,0.0,0.0,0.0,0.0,0.0,0.0
0.4866685727697785,0.0,0.09532036899259222,0.20709999162150894,0.0,0.0,0.0,0.4854816261779368,0.0,0.0,0.21267230026215148,0.0,0.0,0.2127275506789056,0.0,0.0,0.0,0.0,0.0,0.0,0.0,0.0
0.3860710854801048,0.0,0.0,0.08614501550161803,0.0,0.0,0.0,0.0,2.426185305402653,0.0,0.2122621263750215,0.0,0.0,0.0,0.0,0.04865217583563074,0.0,0.0,0.0,0.0,0.0,0.0
0.5756936085940927,0.0,0.10297298126030152,0.15964320668825419,0.0,0.0,0.0,0.45396757386820746,0.0,0.0,0.0,0.0,0.0,0.0,0.0,0.0,0.0,0.0,0.0,0.0,0.0,0.0
0.6283943728065585,0.17521289327184533,0.0445597511474932,0.0,0.0,0.0,0.0,0.5085606468764456,0.0,0.0,0.20101662471582504,0.0,0.0,0.0,0.0,0.0,0.0,0.124724088784842,0.0,0.0,0.0,0.0
0.8802279909511703,0.39067036624832036,0.0,0.16257876459979148,0.0,0.9224075898869853,0.0,0.23121162852041677,0.0,0.0,0.1425369105741282,0.0,0.0,0.22425493039378963,0.8050887019420965,0.0,0.0,0.0,0.0,0.0,0.0,0.9359905342724965
0.938318324538457,0.5879925172357272,0.05773957588452251,0.7623045063182227,0.0,0.2765895770704758,0.0,0.0,0.0,0.0,0.04451286553605405,0.0,0.0,0.0,0.0,0.26169017698453334,0.0,0.22811992227294112,0.0,0.0,1.0291247691600136,0.0
1.4783902389827301,0.6831035583825136,0.01800582464525466,0.11701312590699982,0.0,0.8392768830869464,0.0,0.8038232839261058,0.0,0.0,0.0021207360256431298,0.0,0.0,0.5805750749131677,0.0,0.040415323306789944,0.0,0.0,0.0,0.0,0.5237671903452378,0.0
1.7476964560090775,1.5505041269643471,0.2330044387213676,1.2475637905380785,0.0,0.7590926005768218,0.0,0.9606238218009138,0.0,0.0,0.11798088911036843,0.0,0.0,0.0,0.0,0.226397124685697,0.0,0.0,0.0,0.0,0.0,0.0
2.636368384457463,1.5675418534090828,1.2237344792959162,3.2318262975253926,0.0,0.9962257451662353,0.0,0.09545671805573211,0.0,0.0,0.11925034398946288,0.3111343390746506,0.0,0.0,0.0,0.0,0.0,0.0,0.0,0.0,0.0,0.0
2.7814098479001936,2.2311030881997316,0.7324591572563963,1.1329964308890608,0.9826650359244142,0.8788962819649173,0.0,1.788453969013852,0.0,0.0,0.21955083943200543,0.0,0.7378844574021756,0.0,0.993676580332732,0.3342867852909492,0.0,0.11099621022095589,0.45552070508534886,0.0,0.0,0.0
2.4592990001637767,1.0414217144777267,0.17094725664885224,0.3434726208279196,0.0,1.6115336142619385,0.0,0.0,0.6913986127509333,0.0,0.22834318650921914,0.502099597868976,0.9649637444521931,0.0,0.974642468198861,0.0,0.0,0.0358396454017917,0.0,0.0,0.0,0.0
0.8670854305726243,0.17703920051513472,0.0,0.0,0.0,1.6196724934332412,0.0,0.5070357833724101,0.0,0.0,0.32160951551966166,0.0,0.0,0.0,0.0,0.0,0.0,0.0,0.0,0.0,0.0,0.0
0.08823667910532033,0.0,0.0,0.0,0.0,0.0,0.0,0.0,0.0,0.0,1.0073065483220947,0.08821592484042264,0.0,0.0,0.0,0.7746192773102858,0.0,0.0,0.4781925276940664,0.0,0.0,0.0
0.05875808239677139,0.0,0.0,0.0,0.0,0.0,0.0,0.0,0.0,0.0,0.9868531369313627,0.4612674468320679,0.0,0.0,0.0,0.9201891076693065,0.0,0.0,0.14195227838116825,0.0,0.0,0.0
0.1905641953589296,0.0,0.0,0.03546232177568923,0.0,0.25844826472208865,0.0,1.0492066903414012,0.0,0.0,1.0893208401349332,0.05052392899016194,0.9360526992253844,0.0,0.0,1.1252156160927465,0.0,0.0,0.0,0.0,0.0,0.07683948275720226
0.0,0.0,0.0,0.0,0.08257268100437352,0.0,0.0,0.7287837096691985,0.0,0.0,0.7766707990246543,0.3651356320248906,0.0,0.0,0.0,0.6499192940165321,0.0,0.0,0.0,0.0,0.0,0.0
0.11266332773712405,0.0,0.0,0.0,0.9230377278412121,0.09259354321811358,0.0,0.0,0.0,0.0,0.773320191465751,0.0,0.17756173517698867,0.0,0.0,0.738313103554309,0.0,0.0,0.0,0.0,0.0,0.4455304527094603
0.10415643132348154,0.0,0.0,0.0,0.0,0.023495827147193275,0.0,0.0,0.0,0.0,0.0,0.0,0.045056703660715895,0.0,0.0,0.008936600012947346,0.0,0.0,0.0,0.0,0.0,0.0
0.20286037422080247,0.0,0.0,0.0,0.16011991441808607,0.24460267602824748,0.0,0.6749646396820003,0.0,0.0,0.42747540574152254,0.776079390498595,0.0,0.0,0.0,0.0,0.0,0.42337463308344536,0.0,0.0,0.0,0.0
0.31050401780152925,0.0,0.0,0.0,0.0,0.06188560799018808,0.0,0.3752804232724366,0.0,0.0,0.28318481822505126,0.0,0.0,0.0,0.0,0.11936768225012145,0.0,0.0,0.0,0.0,0.0,0.0
0.6132540137496382,0.0,0.0,0.4384821786354679,0.0,1.1832395415414916,0.0,0.6135545451322236,0.0,0.0,0.24126149403259511,0.0,0.0,0.0,0.0,0.0,0.0,0.25613522710789227,0.0,0.0,0.0,0.0
0.3172908943623221,0.05665131620787243,0.10195288629524028,0.2671363773594172,0.06610057206193613,0.04297979695092711,0.0,0.609165877267959,0.0,0.0,0.254340223340464,0.0,0.0,0.0,0.0,0.0,0.0,0.0,0.360144796290051,0.8970806649610604,0.0,0.2530110924531852
0.25681661408105405,0.0,0.026907521719582824,0.0,1.2069895116556228,0.380150167232362,0.0,0.6685132284835505,0.0,0.0,0.24004958912251168,0.0,0.0,0.0,0.0,0.09904038025900748,0.0,0.0,0.0,0.0,0.0,0.1143809841931312
0.028059096223262033,0.03771290477127121,0.0,0.0,0.3647120338389298,0.0,0.0,0.49074796535604076,0.0,0.0,1.0409432717154843,0.6197347226829654,0.0,0.0,0.0,0.958518601288644,0.0,0.0,0.0,0.0,0.0,0.32593784957263827
0.059095763050406765,0.0,0.10047379032475934,0.0,0.05128555383058716,0.0,0.0,0.0,0.0,0.0,0.7907573746731913,0.31101196881063825,0.0,0.0,0.0,0.6988842436305224,0.0,0.0,0.4376864568135448,0.0,0.0,0.9363619097079701
0.16400163877128726,0.0,0.0,0.0,0.0,0.0,0.0,0.0,0.0,0.0,2.146168347776261,0.8646757098100492,0.0,0.0,0.0,0.6959514324498639,0.0,0.4664258382576094,0.0,0.0,0.0,0.0
0.03228310245573941,0.0,0.0,0.0,0.0,0.0,0.0,0.33066361382631193,0.0,0.0,0.9722418959446061,0.0,0.0,0.0,0.0,0.7116666818483184,0.0,0.0,2.4100876340831316,0.0,1.5921440898997166,0.0
0.06790895470749742,0.0,0.0,0.3036624784274404,0.0,0.0,0.0,0.7456037449918378,0.0,0.0,1.3415430990728991,0.0,0.0,0.0,0.0,1.0967462309079026,0.0,0.0,0.38122542477183113,0.0,0.441403350346442,0.0
0.05980358806208789,0.0,0.0,0.0,0.0,0.0,0.0,0.9370372893285717,0.0,0.0,1.0472188645802598,0.5714776317458866,0.0,0.0,0.0,0.818307547843089,0.0,0.0,0.0,0.0,0.0,0.0
0.19721427073146114,0.0,0.0,0.0,0.0,0.0,0.0,0.0,0.0,0.0,1.088834443197624,0.4940547946483383,0.0,0.0,0.0,2.085441215306234,0.0,0.013629457545415054,1.2803083060821594,0.0,0.0,0.27450865880171343
0.0,0.0,0.0,0.0,0.5433404445746067,0.0,0.0,0.037191235746984255,0.0,0.0,0.11168385280314379,0.0,0.0,0.0,0.0,0.13915936463981643,0.0,0.0,0.0,0.0,0.0,0.0
0.039510395526019364,0.0,0.0,0.0,0.0,0.043094093072853855,0.0,0.1431353440102351,0.0,0.0,0.10189561983630689,0.0,0.0,0.0,0.0,0.05684249690313529,0.0,0.0,0.0,0.0,0.0,0.0
0.016283464124166255,0.0,0.4088335255326036,0.0,0.0,0.0,0.0,0.0,0.0,0.0,0.20870383467278936,0.0,0.0,0.0,0.0,0.21580262900959665,0.0,0.0,0.0,0.0,0.0,0.0
0.0,0.0,0.23594905525013318,0.0,0.0,0.0,0.0,0.0,0.0,0.0,0.5965850942623703,0.0,0.0,0.0,0.0,1.1442263685670007,0.0,0.0,0.0,0.0,0.0,1.0462336956670544
0.14289512577783361,0.0,0.0,0.0,0.0,0.0,0.0,0.3547303229186657,0.0,0.0,0.8984677049258291,0.0,0.0,0.0,0.0,0.9055103979217676,0.0,0.0,0.643685866681935,0.0,0.0,0.0
0.014652864660562016,0.0,0.0,0.0,0.25802359972440336,0.0,0.0,0.0,0.0,0.0,0.3329573826270208,0.0,0.0,0.0,0.0,0.0,0.0,0.0,0.0,0.0,0.0,1.7840463969344789
0.0920501114468727,0.0,0.0,0.0,0.0,1.5057693878933969,0.0,1.4422945128814262,0.0,0.0,0.2998943391695036,0.0,0.0,0.0,0.0,0.35052894742886886,0.0,0.0,0.0,0.0,0.0,0.0
0.06947554667362421,0.0,0.0,0.0,0.0,0.0,0.0,0.5947992408380604,0.0,0.0,0.3767717117643511,0.0,0.0,0.0,0.0,0.2356892604999265,0.0,0.325067225668194,0.0,0.0,0.0,0.0
0.0,0.0,0.0,0.0,0.0,0.0,0.0,0.0,0.0,0.0,0.0,0.0,0.0,0.0,0.0,0.9408009326897075,0.0,0.0,0.0,0.0,0.0,0.0
0.0,0.0,0.0,0.0,0.0,0.0,0.0,0.0,0.0,0.0,0.055182005250447703,0.0,0.0,0.0,0.0,0.2720480434014657,0.0,0.0,0.0,0.0,0.0,0.0
0.6046295595861576,0.0,0.0,0.0,0.0,0.0,0.0,0.0,0.0,0.0,0.0,0.0,0.0,0.0,0.0,0.0,0.0,0.0,0.0,0.0,0.0,0.0
0.10232555099926971,0.0,0.0,0.0,0.616876995752045,0.0,0.0,0.0,0.0,0.0,0.16833613127084085,0.0,0.0,0.0,0.0,0.0,0.0,0.0,0.0,0.0,0.0,0.0
0.0,0.0,0.0,0.0,0.0,0.0,0.0,0.4727322594171708,0.0,0.0,0.029538215279284626,0.0,0.0,0.0,0.0,0.6367781228732678,0.0,0.0,0.0,0.0,0.0,0.0
0.0,0.0,0.0,0.0,0.0,0.0,0.0,0.0,0.0,0.0,0.38932839930538854,0.0,0.0,0.0,0.0,0.9408009326897075,0.0,0.0,0.0,0.0,0.0,0.0
0.09505927538213572,0.0,0.0,0.0,0.0,0.0,2.5147063875667097,0.2579322258150385,0.0,0.0,0.0,0.0,0.0,0.1862959487733031,0.0,0.0,0.0,0.0,0.0,0.0,0.0,0.0
0.0,0.0,0.0,0.0,1.4523185331371058,0.0,0.0,0.0,0.0,0.0,0.04275532239174131,0.0,0.0,0.0,0.0,0.32988387300022615,0.0,0.0,0.0,0.0,0.0,0.7320353033686733
0.060750413423606535,0.0,0.08675180893358807,0.0,0.0,0.0,2.1406270623204837,0.5115628573145506,0.0,0.0,0.0,0.0,0.0,0.0,0.0,0.0,0.0,0.0,0.0,0.0,0.0,0.4190373619216639
0.0,0.0,0.0,0.0,1.1280514439320457,0.0,0.0,0.0,0.0,0.0,0.062082496680307415,0.0,0.0,0.0,0.0,0.30584095458228966,0.0,0.38392478274952097,0.0,0.0,0.0,0.0
0.0,0.0,0.0,0.43307653653201905,1.1347091932599667,0.0,0.0,0.0,0.0,0.0,0.019392701005293337,0.0,0.0,0.0,0.0,0.24778610615233135,0.0,0.0,0.0,0.0,0.0,0.9205576675791403
0.023988000261214018,0.0,0.0,0.0,0.2764475414115676,0.0,1.0329055566476557,0.10594462661728284,0.0,0.0,0.0,0.0,0.0,0.0,0.0,0.0841415720831615,0.0,0.0,0.0,0.0,0.0,0.0
0.0,0.08962838768361414,0.0,0.0,0.8912900204585832,0.0,0.5524068838725119,0.056660108638232315,0.0,0.0,0.0,0.0,0.0,0.0,0.0,0.8770493679822118,0.0,0.0,0.0,0.0,0.0,0.0
0.02389728456104927,0.0,0.0,0.0,0.9141208526230297,0.0,0.0,0.9054885376610833,0.0,0.0,0.028705550411404313,0.0,0.0,0.0,0.0,0.29391309136998034,0.0,0.015384551450386709,0.0,0.0,0.0,0.0
0.0,0.0,0.0,0.0,1.81971237084946,0.0,7.827929852238998,0.7103609017694545,0.0,0.0,0.0,0.0,0.0,0.0,0.0,0.21024607090375325,0.0,0.15685578121220883,0.0,0.0,0.0,0.0
0.0,0.0,0.0,0.0,0.1338658042667834,0.0,7.178985068742682,1.0784566805139688,0.0,0.0,0.0,0.0,0.0,0.0,0.0,0.4945065276790748,0.09511637489162318,0.18696943662388363,0.0,0.0,0.0,0.0
0.0,0.0,0.0,0.0,0.0,0.0,0.0,0.0,0.0,0.0,0.0,0.0,0.0,0.0,0.0,0.18475240532746262,0.0,0.0,0.0,0.0,0.0,0.0
0.0,0.0,0.0,0.0,0.0,0.0,0.0,0.0,0.0,0.0,0.0,0.0,0.0,0.0,0.0,0.0,0.0,0.0,0.0,0.0,0.0,0.0
0.16876137915366116,0.23170047555864748,0.0,0.0,0.0,1.1489743387792104,0.0,0.26100002110007126,0.0,0.0,0.24580131177761055,0.0,0.0,0.18851171623493573,0.0,0.204416910121345,0.0,0.0,0.0,1.0249850450107258,0.0,0.0
0.2989293415313675,0.09696111734420258,0.0,0.7061719424027081,0.0,1.5143302390520352,0.0,0.0,0.0,0.0,0.5138986678441783,0.0,0.0,0.0,0.0,0.0,0.0,0.0,0.0,0.0,0.0,0.0
0.18173525812811342,0.22274656276818267,0.0,0.0,0.0,0.0,0.0,0.5284661978215914,0.0,0.0,0.5580841585901184,0.0,0.0,0.0,0.0,0.08756717854155888,0.0,0.0,1.351056260195271,0.0,0.0,0.0
0.7111264646523875,0.0,0.0,0.4272048991954779,0.0,0.06245326630668989,0.0,0.40823620027505925,0.0,0.0,0.10249729700348031,0.0,0.0,0.0,0.0,0.0,0.0,0.0,0.0,0.0,0.0,0.0
0.9201372897955518,0.18615302656542432,0.0,0.0,0.0,0.0,0.0,0.7551211399637952,0.0,0.0,0.2995080171568636,0.2779607614367751,0.0,0.37381561294964855,0.3057775017503933,0.0,0.0,0.0,0.0,0.0,0.0,0.0
1.3417780665516637,0.9592247258284327,0.1761452040498878,0.4347613018200323,0.1753978808335634,0.0,0.0,0.9325516108544951,0.0,0.0,0.18098648967317962,0.0,0.0,0.0,0.0,0.0,0.0,0.2152097667652523,0.0,0.0,0.0,0.0
2.2221577232707808,1.3579150330594412,0.14944715542114578,0.6201018396684864,0.0,0.22469545183463469,0.0,0.3481546322837676,0.0,0.0,0.26500587204741727,0.0,0.0,0.12472529646019426,0.0,0.0,0.0,0.0,0.0,0.0,0.0,0.0
2.168402584573214,0.38439609033508576,0.01181327319809913,0.9894299152642039,0.0,1.7619475492549077,0.0,0.489465733553469,0.0,0.0,0.2246460252939529,0.0,0.0,0.0,0.0,0.0,0.0,0.0,0.0,0.0,0.0,0.0
1.4854737645419225,1.146753198399513,0.15993134131820358,1.7288477004126723,0.0,1.3607613018564502,0.0,0.43396044852267873,0.07388370095610652,0.0,0.10841887265447255,0.0,0.0,0.0,2.31649365020857,0.010637709283877509,0.0,0.0,0.7422860892155478,0.0,0.0,0.0
1.4378309790940886,0.8431104510449274,0.0,1.536797269290734,0.0,0.7089294520890406,0.0,0.8346407958007859,0.0,0.0,0.20365864406002135,0.0,0.0,0.0,1.1564652377287763,0.506156982313482,0.0,0.0,0.0,2.760446685019856,0.0,0.695513759006419
1.3350995640649421,0.6956761565327279,0.17601908755087375,1.3398730262286067,0.0,1.5609179246992197,0.0,0.3724196026722559,0.0,0.0,0.1561317883520692,0.0,0.0,0.0,0.0,0.22753651777755532,0.2731959997841452,0.0,0.0,0.0,0.0,0.0
2.506345975346903,1.5612343131863842,1.7057565194905047,1.8598369756094382,0.0,0.4653089228085888,0.0,1.2495703524821506,0.9076284876794888,0.0,0.15621042167236443,0.0,0.0,0.0,0.0,0.0,0.0,0.0,0.0,0.0,0.0,0.0
1.4951516100179414,1.1300871539756654,0.11607182777749483,1.4180395599151112,0.0,1.395509652819217,0.0,0.5230051097481314,0.0,0.0,0.3532015037018133,0.0,0.0,0.0,0.0,0.2848385265873618,0.0,0.28583059352357465,0.0,0.0,0.0,0.0
0.3500468134097454,0.10882642034214648,0.10472544516050468,0.12974007953414124,0.0,0.3913442301644138,0.0,0.1845100443917118,0.0,0.0,0.904292323042548,0.1906465113957916,1.068982667139619,0.0,1.3843848696414967,0.36613239961621663,0.0,0.0,0.28093201472398915,0.0,0.0,0.7661742424043394
0.04942087378534056,0.0,0.0,0.0,0.3304410672332595,0.0,0.0,0.4565173424952604,0.0,0.0,0.5459959728329703,0.0,0.0,0.0,0.0,0.31083261303215887,0.0,0.7482514881876067,0.3944139253033368,0.0,0.0,0.6551300505820747
0.0937262504020885,0.0,0.0,0.0,0.9862434163385582,0.0,0.0,1.0437836534852651,0.0,0.0,0.3909694238329965,0.9249520418644657,0.0,0.0,0.0,1.0671691630808595,0.0,0.0,0.300826292646153,0.0,0.0,0.0
0.18547675916913284,0.0,0.12353559176605228,0.0,0.5329424204561526,0.0,0.0,0.0,0.0,0.0,1.0731690254883133,0.7056839195751031,0.0,0.19764597256339553,0.0,0.1406641283892584,0.0,0.34407799182882204,0.61735695632231,0.0,0.0,0.0
0.0,0.0,0.0,0.0,0.0,0.0,0.0,0.18025207663580128,0.0,0.0,0.45630680717765415,0.6753903744321432,0.0,0.0,0.0,0.4823555820194372,0.0,0.0,0.0,0.0,0.0,0.967125626841223
0.041860617411269896,0.0,0.0,0.0,0.855876607010976,0.0,0.0,0.0,0.0,0.0,0.9729473254797892,1.191005863044043,0.0,0.0,0.0,0.9505875597961458,0.0,0.0,0.5952266732967785,0.0,0.0,0.0
0.21668321083557351,0.0,0.059563782259554415,0.25762056290467916,0.0,0.8464447316490854,0.0,0.0,0.0,0.0,0.23409508499023596,0.0,0.0,0.0,0.0,0.0,0.0,0.0,0.0,0.0,0.0,0.0
0.6306324903263398,0.17608101448205044,0.0,0.2087516941184245,0.08854362119955592,0.8357514458210885,0.0,0.0,0.0,0.0,0.1977625068597682,0.0,0.11040407361161556,0.0,0.0,0.4068776271042431,0.0,0.0,0.0,0.0,0.0,0.0
0.14593090171065226,0.0,0.1088367221206531,0.4493359837606775,0.0,0.8108289772657189,0.0,0.3362913320409262,1.80900689893905,0.0,0.05700729732128248,0.34074418251008703,0.0,0.0,0.0,0.0,0.0,0.0,0.0,0.0,0.0,0.0
0.03763714702496438,0.0,0.0,0.0,0.0,0.0,0.0,0.2125350945015664,0.0,0.0,0.2583819681501948,0.0,0.0,0.20122779706484709,0.0,0.20653804092259537,0.0,0.0,0.0,0.0,0.0,0.0
0.21886383546180277,0.0,0.02760471005659643,0.0,0.0,0.9030239477183606,0.0,0.8649574730808132,0.0,0.0,0.14572192849177065,0.0,0.0,0.0,0.0,0.1809180118454886,0.0,0.0,0.0,0.0,0.0,0.0
0.19952442911859863,0.0,0.0,0.0,0.6109540740422869,0.17145839660393256,0.0,0.38047228566308017,0.0,0.0,0.2275603868430722,0.0,0.0,0.0,0.0,0.10643995267029649,0.0,0.0,0.0,0.0,0.0,0.0
0.1756205964692543,0.15139870351244453,0.0,0.008783459484302545,0.15691580848232156,0.0,0.0,0.0,0.0,0.0,0.42360606569269355,0.0,0.0,0.0,0.0,0.235596663489449,0.0,0.0,0.48922907270829885,0.0,0.0,3.9897610692053656
0.0,0.0,0.0,0.0,0.0,0.0,0.0,0.2139496611917513,0.0,0.0,0.9435264337599159,0.0,0.0,0.0,0.0,0.38643428871070257,0.0,0.0,1.1156136702287036,0.0,0.0,0.0
0.07477616830565746,0.0,0.04216342836807951,0.0,0.0,0.0,0.0,1.1845999228058348,0.0,0.0,1.2838404125507297,0.0,0.0,0.0,0.0,1.3538733071476097,0.0,0.0,0.34564413718561887,0.0,0.0,0.0
0.0,0.0,0.0,0.0,0.0,0.0,0.0,0.0,0.0,0.0,1.5145122854896995,0.0,0.0,0.0,0.0,0.9819862937772137,0.0,0.0,1.0174744760205787,0.0,0.0,0.6197522967517387
0.04299789858445316,0.0,0.0,0.0,0.0,0.0,0.0,0.0,0.0,0.0,1.0645572115167428,0.0,0.0,0.0,0.0,0.5334627794414004,0.0,0.0,0.0,0.0,0.0,0.0
0.1653576075548469,0.0,0.0,0.0,0.0,0.0,0.0,0.0,0.0,0.0,0.5890863388886314,0.7401372830051547,0.0,0.0,0.0,0.8845787043807963,0.0,0.0,0.0,0.0,0.0,0.0
0.0552683977926401,0.0,0.34074497418048477,0.0,0.0,0.4521917656659877,0.0,0.0,0.0,0.0,0.8726808859807139,0.0,0.0,0.0,0.0,2.949860467168829,0.0,0.23669045783165057,0.0,0.0,0.0,0.6215101289824572
0.004645593019421087,0.0,0.0,0.0,0.0,0.03800904303213492,0.0,1.7505836883337587,0.0,0.0,0.09643685727933837,0.0,0.0,0.0,0.0,0.23731376852101974,0.0,0.019895050021021644,0.0,0.0,2.4638684041899026,0.052241122088125584
0.0,0.0,0.1026680473912571,0.0,0.0,0.0,0.0,0.0,0.0,0.0,0.07965219400780532,0.0,0.0,0.0,0.0,0.0,0.0,0.4734184027372568,0.0,0.0,0.0,0.0
0.01946347344116539,0.0,0.0,0.0,0.0,0.0,0.0,0.07626099194466532,0.0,0.0,0.8766192447929786,0.0,0.0,0.0,0.0,0.2938459494239193,0.0,0.0,0.7445102242366803,0.0,0.0,0.7028270512706908
0.12457690347765595,0.032557850079240384,0.0,0.0,0.0,0.0,0.0,0.4329156661117175,0.0,0.0,0.5610937027193642,0.0,0.0,0.0,0.0,0.3159929374526036,0.0,0.0,0.0,0.0,0.0,0.0
0.04768115850013302,0.0,0.0,0.0,0.0,0.2509903547019222,0.0,0.0,0.0,0.0,0.5029671127201097,0.0,0.28520780194552153,0.0,0.0,0.1299108707726138,0.0,0.0,0.2584780714058454,0.0,0.0,0.0
0.22333389556891275,0.0,0.2558158913458216,0.3399487010403885,0.0,0.0,0.0,0.3924315800978502,0.0,0.0,0.1066708150326546,0.0,0.0,0.0,0.0,0.05443637828218745,0.1435676487245385,0.0,0.0,1.5739469313374166,0.0,0.0
0.23590256493769587,0.0,0.0,0.0,0.0,0.26652886755178806,0.0,0.6268431364664301,0.0,0.0,0.6228726922202834,0.2557311733785815,0.0,0.0,0.0,0.6686559614620752,0.0,0.4308375405763487,0.4499088099783229,0.881549255225981,0.0,0.0
0.10864742081018752,0.0,0.0,0.0,0.0,1.3884223547048709,0.0,1.353980994528717,0.0,0.0,0.28228710924815525,0.0,0.0,0.0,0.0,0.8200519200285242,0.0,0.0,1.0429031095153414,0.0,0.0,0.0
0.0,0.0,0.0,0.0,0.0,0.0,0.0,0.6579615976542426,0.0,0.0,0.31644332691479904,0.0,0.0,0.0,0.0,1.4991926034684757,0.0,0.0,0.0,0.0,0.0,0.0
0.0,0.0,0.0,0.0,0.0,0.0,0.0,0.0,0.0,0.0,0.0,0.0,0.0,0.0,0.0,0.0,0.0,0.0,0.0,0.0,0.0,0.0
0.061011816014577884,0.0,0.0,0.0,0.486362001488232,0.0,0.0,0.0,0.0,0.0,0.2774974607118914,0.36853832175527296,0.0,0.0,0.0,0.0,0.0,0.0,0.0,0.0,0.0,0.0
0.0,0.0944678279979167,0.0,0.0,0.0,0.0,0.0,0.5557529760051619,0.0,0.0,0.0558661989201148,0.09708775100677498,0.0,0.0,0.0,0.03761227478035035,0.0,0.0,0.229533827094438,0.0,0.0,0.18152702033126084
0.0802166719122832,0.0,0.0,0.0,0.2555863758380208,0.0,0.0,0.0,0.0,0.0,0.0,0.0,0.0,0.0,0.0,0.06686928515075877,0.0,0.0,0.0,0.0,0.0,0.0
0.06076013854527325,0.0,0.0,0.0,1.0063495027028515,0.0,0.0,0.0988865672373291,0.0,0.0,0.03049353665249859,0.0,0.0,0.0,0.0,0.28067808824929763,0.0,0.0,0.0,0.0,0.0,0.0
0.0,0.0,0.0,0.0,0.0,0.0,0.0,0.4228000138271134,0.0,0.0,0.12179713455713276,0.0,0.0,0.0,0.0,0.0,0.0,0.0,0.0,0.0,0.0,0.0
0.0,0.0,0.0,0.0,0.0,0.0,0.0,0.0,0.0,0.0,0.21868362219972254,0.48326801024305366,0.0,0.0,0.0,0.0,0.0,0.0,0.0,0.0,0.0,0.0
0.0,0.0,0.0,0.0,0.0,0.0,0.0,0.0,0.0,0.0,0.0,0.0,0.0,0.0,0.0,0.0,0.0,0.0,0.0,0.0,0.0,0.7339764539893653
0.0,0.0,0.0,0.0,1.445209779829594,0.0,0.0,0.0,0.0,0.0,0.1298829745249694,0.0,0.0,0.0,0.0,0.6846297358267367,0.0,0.0,0.0,0.0,0.0,0.0
0.049533140060925004,0.0,0.0,0.0,1.6899652132826963,0.0,0.0,0.0,0.0,0.0,0.0926818466050814,0.0,0.0,0.0,0.0,0.0,0.0,0.0,0.0,0.0,0.0,0.7072113313359891
0.01861960578914171,0.0,0.0,0.0,0.0,0.0,0.0,0.0,0.0,0.0,0.01757634581276352,0.0,0.0,0.0,0.0,0.0,0.0,0.0,0.0,0.0,0.0,0.0
0.0,0.0,0.0,0.0,0.0,0.0,0.0,0.0,0.0,0.0,0.07534191052365952,0.0,0.0,0.0,0.0,0.0,0.0,0.0,1.6903797449584423,0.0,0.0,0.0
0.0,0.0700279971024929,0.0281758798122924,0.0,0.38126951085811783,0.0,0.0,0.0,0.0,0.0,0.17044321298910173,0.08721713220003345,0.0,0.0,0.0,0.242304035151446,0.0,0.20369241298853727,0.0,0.0,0.0,0.2497311098209661
0.057745753761641004,0.0,0.0,0.0,0.7266188968188481,0.0,0.0,0.0,0.0,0.0,0.0,0.0,0.0,0.0,0.0,0.5390381834087259,0.0,0.0,0.0,0.0,0.0,0.0
0.0,0.0,0.0,0.0,0.08194378694786797,0.0,0.0,0.6534543019968433,0.0,0.0,0.050355370477836524,0.0,0.0,0.0,0.0,0.30454674235097967,0.0,0.0,0.0,0.0,0.0,0.0
0.0,0.0,0.05253919807409486,0.0,0.37279238264889203,0.0,0.0,0.16130203122200365,0.0,0.0,0.018560374698383782,0.1626326565359967,0.0,0.0,0.0,0.0,0.0,0.0,0.0,0.7558094846932363,0.0,0.0
0.0,0.0,0.0,0.0,0.0,0.0,0.0,0.0,0.0,0.0,0.11211005675909473,0.0,0.0,0.0,0.0,0.7787771130903536,0.0,0.0,0.0,0.0,0.0,0.0
0.0,0.0,0.0,0.0,0.0,0.0,0.0,0.0,0.0,0.0,0.08196530175142946,0.0,0.0,0.0,0.0,0.0,0.0,0.0,0.0,0.0,0.0,0.0
0.019561114749953104,0.0,0.0,0.0,0.0,0.0,0.0,0.0,0.0,0.0,0.15280847495463706,0.0,0.0,0.0,0.0,0.060872474610241006,0.0,0.0,0.0,0.0,0.0,0.0
0.227754614389776,0.042099447347651156,0.0,1.5100113254214877,0.0,0.1490376205560246,0.0,0.0,0.0,0.0,0.38429158351482945,0.0,0.0,0.0,0.0,0.0,0.0,0.0,0.0,0.0,0.0,0.0
0.12809604605100533,0.17887602993119525,0.0,0.3721625861720021,0.0,0.0,0.0,0.20818385622358718,0.0,0.0,0.31843622302233077,0.6468707120884333,0.0,0.0,0.0,0.31088039767344544,0.0,0.0,0.0,0.0,0.0,0.0
0.5746234747937484,0.0,0.0,0.8039634964428704,0.0,1.5580058274393922,0.0,1.4080028595810785,0.0,0.0,0.380833343506509,0.03708919610619989,0.0,0.0,0.0,0.0,0.0,0.1997392089495743,0.0,0.0,0.0,0.0
1.0341452702148437,0.41080985564086936,0.0,0.37322361934645054,0.0,0.4416198728099902,0.0,0.7279604644610405,0.0,0.0,0.3417658645238553,0.0,0.0,0.0,0.0,0.0,0.0,0.0,0.0,0.0,2.3804596966101035,0.6960137545161728
0.7178994371273801,0.16202752685683056,0.0,0.2273739914070094,0.0,1.297744675665429,0.0,0.7922269937471138,0.0,0.0,0.2430134152258863,0.034119795026426106,0.0,0.0,0.0,0.0,0.0,0.15603149214525147,0.0,0.0,0.0,0.0
1.3432936791176382,0.22134866546939852,0.09542780341596177,1.3161324497296734,0.0,3.0247217108546423,0.0,0.0,0.0,0.0,0.22024964052635698,0.10542848895918533,0.0,0.0,0.0,0.0313441949193096,0.0,0.0,0.0,0.0,2.8165922399487955,1.0967594530770608
0.5030283310212331,0.7074741384861427,0.0,0.3292605636075022,0.0,1.1214000610975918,0.0,0.25551305107922145,0.0,0.0,0.10774194038872326,0.19492484787330372,0.0,0.0,0.5240743032262793,0.07726972528611381,0.0,0.0,0.0,0.0,0.0,0.0
1.5725025910298678,1.4703641960325817,0.32422710864937077,1.0475611723441067,0.0,2.1369367700044855,0.0,0.4801074791079649,0.0,0.0,0.42011573294194793,0.0,0.0,0.3055432161643201,0.0,0.025424860635333658,0.0,0.0,0.0,0.0,0.0,0.0
2.3861669767115643,0.679138069976577,0.0,1.0723352716440775,0.28917023896490934,1.5458283306589022,0.0,0.6179916676654249,0.8766207622780059,4.078068203725886,0.2053965204743129,0.0,0.0,0.0,0.0,0.0,0.0,0.17369517179130212,0.0,0.8477662588532748,0.0,0.0
1.7936546718164224,0.8887667436083413,0.0,0.7992239433370847,0.0,0.33985710395711777,0.0,0.02095090581964636,0.0,0.0,0.22117285737698697,0.0,0.0,0.0,1.330933637920269,0.0,0.0,0.0939382421368044,0.0,0.0,0.0,0.0
2.3092182890383057,2.378221690883767,0.15902034688611313,1.6981174942227135,0.0,2.8439946916662038,0.0,0.0,0.0,0.0,0.3448914563968211,0.0,0.0,0.0,0.0,0.43274583480810574,0.0,0.48813890817658057,0.0,0.0,0.0,0.0
0.6472680620373759,0.47845661153044483,0.1355571155310272,0.6969881777185918,0.0,1.2971541976202525,0.0,0.9733933036137757,0.0,0.0,0.14226017556968462,0.44889077056901816,0.0,0.0,0.9624281577288661,0.061027197057682954,0.0,0.0,0.0,0.0,0.0,0.5326464343744768
0.10489576833403276,0.0,0.0,0.2227662488457792,0.0,0.0,0.0,0.3609228711530252,0.0,0.0,0.14973141464143552,0.0,0.0,0.22881950945462295,0.0,0.34953967969066635,0.0,0.3875593435669335,0.0,0.0,0.0,0.0
0.04203355210342043,0.0,0.0,0.0,0.0,0.0,0.0,0.3293799717728062,0.0,0.0,1.1843683152431057,0.6600869428748991,0.0,0.0,0.0,0.8466051543279773,0.0,0.0,0.0,0.0,0.0,0.0
0.14379052967068703,0.14038901219280317,0.0,0.0,1.1709811908946874,0.5236094269253057,0.0,0.0,0.0,0.0,0.9401032327900176,0.3152046630694953,0.0,0.0,0.0,0.5567385697032269,0.0,0.0,0.0,0.0,0.0,1.1691612245798062
0.010386806120421683,0.02400536349654597,0.0,1.052951563136097,0.0,0.0,0.0,0.5529974256739482,0.0,0.0,1.1041005396981827,0.0,0.0,0.0,0.0,0.11430630360099012,0.0,0.0,2.7001792533760884,0.0,0.0,0.0
0.0,0.0,0.0,0.0,1.2314997569723953,0.0,0.0,0.0,0.0,0.0,0.8658813869483604,0.6200626927795917,0.0,0.0,0.0,0.8345618000425354,0.0,0.0,0.0,0.0,0.0,0.8882224502006626
0.20169456507908234,0.0877107694753708,0.0,0.0,0.0,0.620813003053204,0.0,0.0,0.0,0.0,0.5152212761079784,0.46988139476338153,0.0,0.0,0.0,0.16355242620703475,0.0,0.0,0.0,1.110143171905486,0.0,0.4267740416533814
0.4737592410645117,0.0,0.013355635155810808,0.058023920148941095,0.0,0.0,0.0,0.04126717755998961,0.0,0.0,0.13140751788680807,0.0,0.0,0.0,0.0,0.0,0.0,0.0,0.0,0.0,0.0,0.05922090051274698
0.11151497084047035,0.1815452891293156,0.10097492271995807,0.0,0.4868822618376422,1.3140272431310864,0.0,0.0,2.266101997287551,0.0,0.28549766943180693,0.0,0.3171826782788021,0.0,0.0,0.29133286489835253,0.0,0.0,0.0,0.0,0.0,0.0
0.4411413234329984,0.0,0.4560689583773724,0.3848272252272087,0.20830120251911935,0.9053488705517945,0.0,0.5942735860419407,0.0,0.0,0.35087302032375844,0.5718881665479429,0.0,0.0,0.0,0.0,0.0,0.0,0.0,0.0,0.0,0.0
0.060813629090951546,0.0,0.15243755626928124,0.0,0.0,0.0,0.0,0.0,0.0,0.0,0.09525048285811827,0.0,0.0,0.0,0.777759101482,0.0,0.0,0.0,0.0,0.0,0.0,0.0
0.4876339572909817,0.0,0.10550860605940934,0.299524078206426,0.440202455405981,0.11820036088213876,0.0,0.4974323116988739,0.0,0.0,0.20409921679071696,0.0,0.0,0.009844485529536526,0.0,0.0,0.0,0.0935755876237071,0.0,0.0,0.0,0.0
0.23241428315534604,0.0,0.0,0.0,0.0,0.6322640758155073,0.0,0.0,0.0,0.0,0.07525710172749196,0.0,0.0,0.0,0.0,0.11629531730637263,0.0,0.0,0.0,0.0,0.0,0.0
0.29358088065007254,0.0,0.08961664101693842,0.0,0.0,0.2513107847821934,0.0,0.0,0.0,0.0,0.14492273500201072,0.0,0.3709924218581117,0.0,0.0,0.11274722283275795,0.0,0.0,0.0,0.0,0.0,0.0
0.33125593778561463,0.0,0.0,0.0,1.3298166184949982,0.0,0.0,0.5634757697908226,0.0,0.0,0.8539736514340215,0.8539272257102555,0.8295406568713725,0.0,0.0,0.48681592628314274,0.14912218423935786,0.0,0.5230764745899457,0.0,0.0,1.3786788000697987
0.13934091592480102,0.0,0.0,0.0,0.0,0.0,0.0,0.35372502017844865,0.0,0.0,1.2857804172462326,0.0,0.0,0.0,0.0,0.7407764317751084,0.040310446814435005,0.13140626636940683,0.0,0.0,0.0,0.05786524728185599
0.10383141709065433,0.0,0.0,0.22984727291862636,0.4572965690767184,0.0,0.0,0.0,0.0,0.0,1.3427398998751334,0.2734799952778505,0.0,0.0,0.0,0.6455135885623137,0.0,0.0,0.08466713634825672,0.0,0.0,0.13821874432370765
0.07119045410714935,0.06444346093384859,0.09027419956841899,0.0,0.35086433776324594,0.0,0.0,0.812688517213293,0.0,0.0,1.2624823257141369,0.0,0.0,0.0,0.0,0.8395666898472829,0.0,0.0,0.0,0.0,0.0,0.0
0.0,0.0,0.0,0.0,2.5331520994162857,0.0,0.0,0.0,0.0,0.0,0.26025469027444603,0.0,0.0,0.0,0.0,0.05370332870307471,0.0,0.0,0.0,0.0,0.0,0.6987696862627838
0.09673992586225393,0.0,0.0,0.0,0.0,0.030521819222884654,0.0,0.0,0.0,0.0,1.6157041771777978,0.0,0.0,0.0,0.6594306405078073,0.2433051319211693,0.0,0.2985325216459371,3.448315542122356,0.0,0.0,0.08385340022290254
0.13208247371223497,0.0,0.0,0.0,0.0,0.0,0.0,0.0,0.0,0.0,1.6675060004119462,0.0,0.0,0.0,1.5197604918677503,0.5547571398713831,0.0,0.844114076016626,0.0,0.0,0.0,0.7776941605265145
0.08853046975983914,0.0,0.0,0.0,0.0,0.0,0.0,0.0,0.0,0.0,1.2441483255939783,0.0,0.0,0.0,0.0,0.457337100107703,0.0,0.7336647298376031,0.5249851243311281,0.0,0.0,0.0
0.0,0.11580342945010008,0.06334030881502019,0.0,0.0,0.0,0.0,0.0,0.0,0.0,0.7931679849017315,0.0,0.0,0.0,0.0,0.5692904672081851,0.0,0.21388794119234375,0.0,0.0,0.0,0.0
0.05411044713674236,0.07662601944305769,0.0,0.0,0.0,0.0,0.0,0.2759796620196232,0.0,0.0,2.995437964371781,0.4247822049257037,0.0,0.0,0.0,2.543431940470127,0.0,0.0,1.0051777509489512,0.0,0.0,1.8234058945864582
0.08974465193639936,0.0,0.0,0.0,0.6545175084473457,0.0,0.0,0.1148603002688311,0.0,0.0,1.826633565839482,0.0,0.0,0.0,0.0,1.2035016783697927,0.0,0.0,1.5193941367485568,0.0,0.0,0.0
0.2290416580413066,0.0,0.0718840408056408,0.0,0.0,0.0,0.0,0.2829343756732153,0.0,0.0,0.4026392629942196,0.41966755254913835,0.3119586815182346,0.0,0.0,0.7021059271832768,0.837249140972161,0.15462812699065814,0.0,0.0,0.0,0.637129396079282
0.0,0.0,0.0,0.0,0.0,0.0,0.0,0.0,0.0,0.0,0.36311569403415744,0.0,0.0,0.0,0.0,0.5923269308495482,0.0,0.0,0.0,0.0,0.0,0.0
0.0,0.6987094936398556,0.0,0.0,0.0,0.0,0.0,0.0,0.0,0.0,0.0,0.0,0.0,0.0,0.0,0.9408009326897075,0.0,0.0,0.0,0.0,0.0,0.0
0.08577763349920675,0.13215702015969144,0.0,0.0,0.0,0.0,0.0,0.0,0.0,0.0,0.12737587703213937,0.0,0.0,0.0,0.0,0.3744536914302354,0.0,0.0,0.0,0.0,0.0,0.07610782519235548
0.0,0.0,0.0,0.0,0.0,0.0,0.0,0.0,0.0,0.0,0.541700716286717,0.0,0.0,0.0,0.0,0.0,0.0,0.0,0.0,0.0,0.0,0.0
0.0,0.0,0.0,0.0,0.0,0.0,0.0,0.0,0.0,0.0,0.2708535664345405,0.0,0.0,0.0,0.0,0.0,0.0,0.0,0.0,0.0,0.0,0.0
0.0,0.0,0.0,0.0,0.0,0.0,0.0,0.0,0.0,0.0,0.3364904756619575,0.0,0.0,0.0,0.0,0.5956188463369613,0.0,0.0,0.0,0.0,0.0,0.0
0.02126230437502006,0.0,0.0,0.0,0.0,0.0,0.0,0.0,0.0,0.0,0.2327164845101541,0.0,0.0,0.0,0.0,0.0,0.0,0.0,0.0,0.0,0.0,0.08338541726113467
0.0,0.0,0.0,0.0,0.0,0.0,0.0,1.256877575863502,0.0,0.0,0.004409343922799597,0.0,0.0,0.0,0.0,0.0,0.0,0.0,0.0,0.0,0.0,1.5406679612087752
0.0,0.0,0.0,0.0,0.5984468276313413,0.0,0.0,0.2587518360122418,0.0,0.0,0.20029606907540837,0.0,0.0,0.0,0.0,1.504038587146271,0.0,0.0,0.0,0.0,0.0,0.0
0.0,0.0,0.0,0.0,0.0,0.0,0.0,0.9278985567992174,0.0,0.0,0.0615229367273868,0.0,0.7454262911418922,0.0,0.0,0.0,0.6477135951295353,0.0,0.0,0.0,0.0,0.6515419131201289
0.07427935332709933,0.0,0.0,0.0,0.0,0.0,0.0,0.7230610468613027,0.0,0.0,0.06654758349305898,0.0,0.0,0.0,0.0,0.0,0.0,0.0,0.0,0.0,0.0,0.0
0.0,0.0,0.0,0.0,0.0,0.0,0.0,0.0,0.0,0.0,0.0,0.0,0.0,0.0,0.0,0.0,0.0,0.0,0.0,0.0,0.0,0.5846409189100676
0.0,0.0,0.0,0.0,0.0,0.0,0.0,0.0,0.0,0.0,0.0,0.0,0.0,0.0,0.0,0.0,0.0,0.48534930434736095,0.0,0.0,0.0,0.0
0.013330019160559092,0.0,0.0,0.0,0.0,0.0,0.0,0.0,0.0,0.0,0.06653797340243234,0.0,0.0,0.0,0.0,0.0,0.0,0.0,0.0,0.0,0.0,0.0
0.0,0.0,0.0,0.0,1.5447393921716341,0.0,0.0,1.4491175806159924,0.0,0.0,0.06361226685666603,0.0,0.0,0.0,0.0,0.382028659415108,0.0,0.0,0.0,0.0,0.0,0.0
0.0,0.0,0.11493511775227798,0.0,0.5702673441772251,0.0,0.0,0.0,0.0,0.0,0.09460994718001112,0.0,0.0,0.0,0.0,0.0,0.0,0.0,0.0,0.0,0.0,0.6778886331715575
0.0,0.0,0.05748212785343875,0.0,0.7384239744127737,0.0,0.0,0.0,0.0,0.0,0.12857585504615376,0.17793326694790076,0.0,0.0,0.0,0.17269643136966756,0.0,0.0,0.0,0.9038621274984354,0.0,0.5094810057163568
0.03480546129702586,0.0,0.010825836718615613,0.10420223379746815,1.3456846435870746,0.0,0.0,0.47398248797581616,0.0,0.0,0.041611752403415525,0.0,0.0,0.0,0.0,0.2860687763756178,0.0,0.0,0.0,1.5033835820820542,0.0,0.0
0.0406518245792001,0.0,0.0,0.055866579227693905,0.6133548422752497,0.0,0.0,0.0,0.0,0.0,0.0,0.0,0.0,0.0,0.0,0.1516884526462207,0.0,0.0,0.0,0.0,0.0,0.0
0.0,0.0,0.022907434293627668,0.0,2.906856510270076,0.0,0.0,0.0,0.0,0.0,0.07256853484815594,0.07090890287937925,0.0,0.0,0.0,0.14577466903887365,0.0,0.0,0.0,0.0,0.0,1.9419184452925455
0.031983828926597284,0.0,0.0,0.0,0.0,0.0,0.0,0.0,0.0,0.0,0.0,0.0,0.0,0.0,0.0,0.0,0.0,0.0,0.0,0.0,0.0,0.0
0.03998701827753071,0.1294349752281548,0.0,0.0,0.0,0.24858648888342458,0.0,0.43886048559162893,0.0,0.0,0.16813888870386232,0.0,0.0,0.0,0.0,0.22127029649958613,0.0,0.0,0.0,0.0,0.0,0.0
0.16907964792870722,0.03968416522032514,0.0,0.5131349419559563,0.0,2.6706115359864153,0.0,0.13455259668564468,0.0,0.0,0.4281518981958701,0.0,0.0,0.0,0.0,0.23636947038741957,0.0,0.0,0.0,0.0,0.0,0.0
0.18156357988094868,0.05154538818201879,0.11311199034618512,0.2684425197596513,0.35288721364561126,0.31327327974230695,0.0,0.49068815654081704,0.0,0.0,0.22909284232942803,0.0,0.0,0.0,0.0,0.15160845461640232,0.0,0.0,0.0,0.0,0.0,0.0
0.8241431026479146,0.3725220906551965,0.0961321381613245,0.13155012327745907,0.0,0.19533577594115384,0.0,0.0,0.0,0.0,0.2038170960526624,0.0,0.0,0.0,0.0,0.0,0.0,0.0,0.0,0.0,0.0,0.0
0.8366720545394276,0.14557314430691193,0.14646644668015696,0.3441307713988916,0.0,0.5109919290204766,0.0,0.5465746625668995,0.0,0.0,0.13633861815979767,0.0,0.0,0.0,0.0,0.34791890020871774,0.0,0.0,0.0,0.0,0.0,0.0
1.1097590302185074,0.929664171229617,0.0,0.19595089237123642,0.0,0.4250879786036966,0.0,0.20363188151930714,0.0,0.0,0.1838749381613157,0.0,0.0,0.0,1.2078314119107776,0.08086713085911992,0.0,0.0,0.0,0.0,0.0,0.0
0.8644069653367585,0.3717739247970564,0.03179178884538837,0.8297879892592224,0.0,0.44467620688837906,0.0,0.32765923885355813,0.0,0.0,0.16822733295931738,0.0,0.0,0.0,0.0,0.09900850997727645,0.0,0.0,0.0,0.0,0.0,0.0
1.4905841136102043,0.5957101773873819,0.0,0.7108667822136371,0.0,0.7757849703189563,0.0,0.0,0.05392998653546333,0.0,0.30490027727506286,0.0,0.0,0.0,1.464168168322753,0.007764791300702587,0.0,0.0,0.035479638483509164,0.0,0.0,0.0
1.335812839607603,0.491528796713423,0.0,0.4554267149751162,0.0,0.7481726330959424,0.0,0.9337366877550002,0.0,0.0,0.05278388599382985,0.0,0.0,0.33345411804489716,0.0,0.0,0.0,0.1701801200852646,0.0,0.7523922521770224,0.0,0.0
1.8525695259514086,0.35872858636454774,0.12141757633630326,0.0,0.0,1.7154541756541637,0.0,1.4029674320162258,0.0,0.0,0.14253723644038688,0.0,0.0,0.0,0.0,0.14225133719575017,0.0,0.0,0.0,0.0,0.0,0.5581772793930188
0.7026682822900808,0.11677291079609016,0.0,0.2784011897259263,1.370210292453645,1.1222307394800823,0.0,0.40212897877004694,0.0,0.0,0.2893125433513109,0.0,0.0,0.0,0.0,0.0,0.02604856816936843,0.0,0.7746320267665571,0.0,0.0,0.0
0.20627858045066438,0.0068731438199912545,0.0,0.0,0.0,0.0,0.0,0.0,0.0,0.0,0.599242814082187,0.6822336717852127,0.0,0.0,0.0,0.13577842565818854,0.0,0.2759247855219493,0.0,0.0,0.0,0.0
0.06323620556680432,0.0,0.0,0.0,0.0,0.0,0.0,0.08921261197257839,0.0,0.0,0.8836041213139172,0.0,0.0,0.0,0.0,0.6836846998037586,0.0,0.0,0.0,0.0,0.0,0.0
0.012629355336304294,0.0,0.0,0.0,0.31246860563726403,0.0,0.0,0.09896514798334505,0.0,0.0,1.080740377665428,0.8142902044455491,0.0,0.0,0.0,1.033391381374366,0.3752747401403664,0.0,0.9080475228217179,0.0,0.0,0.0
0.14676175078553938,0.0,0.0,0.0,0.0,0.0,0.0,0.0,1.2387846881955098,0.0,0.4392316524334997,0.0,0.0,0.0,0.0,0.3851241871700276,0.0,0.24545496580460383,0.0,0.0,0.0,0.0
0.0,0.08449736126800386,0.0,0.08274723097681576,1.7184726527620255,0.0,0.0,0.37194630376262305,0.0,0.0,0.49700947150536645,0.11789175137627923,0.0,0.1782712564891223,0.0,0.4156762901444883,0.0,0.25928245481177026,0.0,0.0,0.0,0.0
0.0,0.0,0.0,0.0,0.0,0.0,0.0,0.5791904688226214,0.0,0.0,0.6305344598200838,0.0,0.4738878561469866,0.0,0.0,0.09399147912081109,0.0,0.0,0.0,0.0,0.0,0.0
0.11108664113158234,0.0,0.05336552613168177,0.0,0.0,0.9250112200474628,0.0,0.0,0.0,0.0,0.768995843860494,0.6226828456919797,0.0,0.0,0.0,0.16214132846066268,0.0,0.22313630927648775,0.7408719042454753,0.0,0.0,0.0
0.24807178271952413,0.0,0.016655386811841415,0.0,0.8173569029502813,0.3800484479207862,0.0,0.6186444122022241,0.0,0.0,0.3484299902403369,0.004227617292847178,0.0,0.0,0.0,0.0,0.0,0.0,0.0,1.0812371477458063,0.0,0.0
0.3178758769318777,0.0,0.1100111434844291,0.3154777750606779,0.0,0.005621859909239043,0.0,0.0,0.0,0.0614052589576868,0.1634552925622467,0.0,0.0,0.0,0.0,0.0,0.034164218219402846,0.0,0.0,0.0,0.0,0.0
0.570126190777177,0.0,0.01874127018246055,0.9617927874865828,0.7141397937674099,2.990642521248992,0.0,1.0527087836969728,0.0,0.0,0.4766855920513982,0.0,0.0,0.0,0.0,0.0,0.0,0.0,0.0,0.14067637405772934,0.0,0.0
0.1742311257789593,0.0,0.0,0.0,0.0,0.810631516161054,0.0,0.0,0.0,0.0,0.6622467804575893,0.0,0.0,0.5038766857675285,0.0,0.5540617208747222,0.0,0.0,0.0,0.8430854033770697,0.0,0.0
0.07752094957053542,0.140347112363155,0.0,0.0,0.0,0.0,0.0,0.0,0.0,0.0,0.22512948876749705,0.0,0.0,0.08775906538025274,0.0,0.10157543913233667,0.0,0.0,0.0,0.0,0.0,0.0
0.11996833131787826,0.0,0.0,0.0,0.0,0.3455947549846038,0.0,0.8163110863733337,0.0,0.0,0.07953209303876996,0.45958654879497807,0.0,0.0,0.0,0.0,0.0,0.0,0.0,1.2419357681856136,0.0,0.07244351525387313
0.22482643373880273,0.0,0.0,0.01999228067636457,0.0,0.277083310792277,0.0,0.16079637495835206,0.07842147002301421,0.0,0.14815106436094555,0.0,0.0,0.0,0.0,0.15506594854910621,0.0,0.0,0.0,0.0,0.0,0.0
0.006185574506675354,0.09707077842764103,0.0,0.0,0.0,0.0,0.0,0.0,0.0,0.0,0.559569736426529,0.0,0.0,0.0,0.0,0.5859660783597735,0.0,0.0,1.8908351909646017,0.0,0.0,0.0
0.04556635194163917,0.0,0.0,0.0,0.2685392871853645,0.0,0.0,0.5494285906862707,0.0,0.0,1.762096127231323,0.5367364483643077,0.0,0.0,0.0,1.2551322160603746,0.0,0.1015298664697648,0.0,0.0,0.0,0.0
0.06606831701068852,0.0,0.0,0.0,0.10898872707447112,0.0,0.0,0.4696906438943409,0.0,0.0,1.4561387151845757,0.0,0.0,0.0,0.0,0.7893057822973564,0.0,0.0,0.0,0.0,0.0,0.0
0.0,0.0,0.0,0.0,0.0,0.0,0.0,0.1495812452148708,0.0,0.0,0.4389418233332879,0.1498515504170366,0.0,0.0,0.0,0.05772995572709014,0.0,0.0,0.0,0.0,0.0,0.2146581512284288
0.11086029884499231,0.017012686919253842,0.0,0.0,0.0,0.0,0.0,0.01555244142468772,0.0,0.0,1.4830479126054705,0.01558054592279798,0.0,0.0,0.0,1.2054353216362412,0.0,0.6093976426036797,0.0,0.0,0.0,0.022318695893434107
0.2577573658730995,0.0,0.0,0.5421667541836002,0.0,0.0,0.0,0.17709105038940276,0.0,0.0,3.5864430481385448,2.163892776813378,3.3967470944524587,0.0,0.0,1.0178632094874653,0.9120261004834453,1.4153205023768962,0.0,0.173624132079811,0.0,0.0
0.19369793927879794,0.037522326157788555,0.0,0.5235741103532393,0.0,0.0,0.0,0.8109274032871188,0.0,0.0,3.6157056883729566,1.471299857718574,1.994060577798673,0.0,1.3006508037206561,2.6059982538054776,0.46396427066931006,1.6396923732299251,0.0,0.5039013543709451,0.0,0.0
0.3996386792070282,0.16438288156914144,0.8008395434977074,0.7421492948896263,0.0,0.5482477088448109,0.0,1.5888748320277946,0.0,0.0,3.5269049841738638,2.9602279796446056,0.0,0.0,0.0,1.2783690527939497,0.7692978699012135,0.9396278619616374,0.0,0.0,0.0,0.0
0.4711509033917144,0.1161154771456639,0.1945795305808738,0.335784327987954,0.0,0.27896091889274144,0.0,0.0,0.0,0.0,3.3789912321003985,0.9384976556950416,1.2037899896492223,0.0,1.5589669497219418,1.0515517735301279,0.5339887416634103,0.4981256261609303,0.0,0.0,0.0,0.0
0.23199756244252373,0.0,0.18868171606339532,0.38265000774929286,0.0,0.0,0.0,0.0,0.0,0.0,1.5448217612253017,0.0,1.1673024410578892,0.0,0.33681687271349403,0.051584658879364205,0.0,0.9555652465708157,1.0579026297801335,0.0,0.0,0.0
0.31192642075661375,0.2874539824199412,0.5238922808302592,0.0,0.5399751111401145,0.0,0.0,0.0,0.0,0.0,2.2891915498479634,0.3368777293582573,1.952908142154285,0.0,0.0,0.7782870192799792,0.0,0.18377692644228852,0.0,0.0,0.0,0.0
0.23379234278699818,0.0,0.0,0.0,0.0,0.0,0.0,0.0,0.0,0.0,0.6752844744231848,0.0,1.0752161884985758,0.0,0.0,0.4925167526882019,0.0,0.0,2.2504553768068627,0.0,0.0,0.25599802630934415
0.05589120356012343,0.0,0.0,0.0,0.0,0.0,0.0,0.0,0.0,0.0,0.5442633876051071,0.0,0.0,0.0,0.0,0.23632971009900186,0.0,0.3252331764178642,0.0,0.0,0.0,2.5457000829584278
0.10019833719913082,0.0,0.0,0.0,0.0,0.0,0.0,0.0,0.0,0.0,0.2669473945843179,0.9933550074938746,0.0,0.0,0.0,0.0,0.0,0.0,0.5525598822779394,0.0,0.0,0.0
0.0,0.0,0.0,0.0,0.0,0.0,0.0,0.0,0.0,0.0,0.541700716286717,0.0,0.0,0.0,0.0,0.0,0.0,0.0,0.0,0.0,0.0,0.0
0.0,0.0,0.0,0.0,0.0,0.0,0.0,0.0,0.0,0.0,0.0,0.0,0.0,0.0,0.0,0.0,0.0,0.0,0.0,0.0,0.0,0.0
0.0,0.0,0.0,0.0,0.0,0.7668028350740401,0.0,0.0,0.0,0.0,0.07560122850805812,0.0,0.0,0.0,0.0,0.0,0.0,0.0,0.7885053115290185,0.0,0.0,1.0258638125120179
0.0,0.0,0.0,0.0,0.0,0.4270520912972796,0.0,0.0,0.0,0.0,0.46538413200947804,0.0,0.0,0.0,0.0,0.1984654288821483,0.0,0.0,0.7421844195444168,0.0,0.0,0.0
0.10029757501970835,0.07184633805412811,0.08674905432448973,0.0,0.0,0.0,0.0,0.2436012271863629,0.0,0.0,0.4990469147378157,0.0,0.0,0.0,0.0,0.5199465191022599,0.0,0.0,0.748928962921642,0.0,0.0,0.0
0.12762273596163384,0.0,0.0,0.0,1.605885897623276,0.0,0.0,0.0,0.0,0.0,0.0,0.0,0.0,0.0,0.0,0.3971507684413882,0.0,0.0,0.0,0.0,0.0,2.592973144227943
0.0,0.0,0.0,0.0,0.0,0.0,0.0,0.0,0.0,0.0,0.17714753819338,0.0,0.0,0.0,0.0,0.3622782703351516,0.0,0.0,0.0,0.0,0.0,0.0
0.0,0.0,0.0,0.0,0.0,0.0,5.9186572768918015,0.0,0.0,0.0,0.0224575116785967,0.0,0.0,0.0,0.0,0.0,0.0,0.0,0.0,0.0,0.0,0.0
0.0,0.0,0.0,0.0,0.0,0.0,0.0,0.10990638746165897,0.0,0.0,0.0,0.0,0.0,0.0,0.0,0.23986338879969463,0.0,0.0,0.0,0.0,0.0,0.0
0.03146411886888204,0.0,0.0,0.0,2.31764245833158,0.0,0.0,0.0,0.0,0.0,0.08255475298684924,0.0,0.0,0.0,0.0,0.19581608223223151,0.0,0.0,0.0,0.0,0.0,0.0
0.0,0.0,0.0,0.0,0.0,0.0,0.0,0.0,0.0,0.0,0.16108946593045215,0.0,0.0,0.0,0.0,2.115504193341603,0.0,0.0,0.0,0.0,0.0,0.0
0.0,0.0,0.0,0.0,0.0,0.0,0.0,0.8044766886405552,0.0,0.0,0.0,0.7700302451228443,0.0,0.0,0.0,0.0,0.0,0.0,0.0,0.0,0.0,0.0
0.05747935346377822,0.09752503464408883,0.0,0.0,0.7232667630611994,0.0,0.0,1.0919496484746676,0.0,0.0,0.0,0.0,0.0,0.0,0.0,0.0,0.0,0.24615901727877917,0.0,0.0,0.0,0.0
0.0,0.0,0.0,0.0,0.0,0.0,0.0,0.0,0.0,0.0,0.0,0.0,0.0,0.0,0.0,0.0,0.0,0.0,0.0,0.0,0.0,1.510793846224694
0.0,0.0,0.29385741588938835,0.0,0.17666210390056378,0.0,0.0,0.0,0.0,0.0,0.057109486285526485,0.0,0.0,0.0,0.0,0.0,0.0,0.0,0.0,0.0,0.0,0.0
0.0,0.0,0.0,0.0,1.6263003990468337,0.0,0.0,0.0,0.0,0.0,0.0,0.0,0.0,0.0,0.0,0.0,0.0,0.0,0.0,0.0,0.0,0.0
0.0,0.0,0.0,0.0,3.4570483658054334,0.0,0.0,0.26049962823038525,0.0,0.0,0.0,0.0,0.0,0.0,0.0,0.0,0.0,0.0,0.0,0.0,0.0,0.0
0.0,0.0,0.23253036756551831,0.0,0.0,0.0,0.0,0.0,0.0,0.0,0.0,0.0,0.0,0.0,0.0,0.0,0.0,0.0,0.0,0.0,0.0,0.0
0.0,0.0,0.3184286326727568,0.0,0.0,0.0,0.0,0.0,0.0,0.0,0.04435092669401271,0.0,0.0,0.0,0.0,0.0,0.0,0.0,1.7853690062296101,0.0,0.0,0.0
0.0,0.0,0.0,0.0,0.0,0.0,0.0,0.0,0.0,0.0,0.0,0.0,0.0,0.0,0.0,0.0,0.0,0.0,0.0,0.0,0.0,0.0
0.0,0.0,0.0,0.0,0.0,0.0,0.0,0.0,0.0,0.0,0.17733548067018715,0.0,0.0,0.0,0.0,0.0,0.0,0.0,0.0,0.0,0.0,0.0
0.0,0.0,0.0,0.27420343323084323,0.0,0.0,0.0,0.0,0.0,0.0,0.3021635024532354,0.13717931624788532,0.0,0.0,0.0,0.2279432223692207,0.0,0.0,0.0,0.0,0.0,0.0
0.15427630306305012,0.1395161821252783,0.0,0.0,0.0,0.0,0.0,0.0,0.0,0.0,0.1703656750723353,0.0,0.0,0.0,0.0,0.1878562628153215,0.0,0.0,0.0,0.0,0.0,0.0
0.06144544789100391,0.15111245015629593,0.0,0.0,0.0,0.0,0.0,0.0,0.0,0.0,0.07209274699429519,0.0,0.0,0.0,0.0,0.0,0.0,0.0,0.0,0.0,0.0,0.3638286695145113
0.38118531213801043,0.13781078909384173,0.0,0.0,0.0,0.6000543675457969,0.0,0.0,0.0,0.0,0.15695454358922883,0.0,0.0,0.0,1.3938897938503207,0.0,0.0,0.0,0.0,0.0,0.0,0.0
0.8972613169423814,0.10183585906791871,0.0,0.103736265112628,0.0,0.0,0.0,1.0429998373212785,0.0,0.0,0.16732082803196627,0.0,0.6736206729887781,0.0,0.0,0.13712032262973467,0.0,0.0,0.0,0.7785336849082085,0.0,0.0
0.6064666579184875,0.1403767539516777,0.0,0.25203933742822254,0.0,0.6103443735347727,0.0,0.0,0.0,0.0,0.10785300351615439,0.0,0.0,0.0,0.0,0.0,0.0,0.0,0.0,0.0,0.0,0.0
0.6625065695804258,0.2212928623599023,0.0,0.0,0.26473797057721693,1.1974303048821986,0.0,0.0,0.0,0.0,0.4846561267107384,0.03897662851764681,0.0,0.0,0.0,0.0,0.0,0.0,0.0,0.0,0.0,0.23659248070841138
0.9947941175246682,0.20978093909557818,0.0,0.0,0.0,0.8845533559418408,0.0,1.3506773423478247,1.7635887510948343,0.0,0.6060699696860095,0.7125657699916194,0.0,0.0,1.8675088212824669,0.0,0.0,0.0,0.0,0.0,0.0,0.0
0.21188634084479585,0.0,0.0,0.0,0.0,0.0,0.0,0.0,0.0,0.0,0.7905950908253903,0.0,0.0,0.0,0.0,0.9648108706467133,0.0,0.0,0.0,0.0,0.0,0.7860070174721038
0.13235073315309312,0.0,0.0,0.0,0.0,0.3453192228023813,0.0,0.7383458259245568,0.0,0.0,0.4306287011067486,0.0,0.0,0.0,0.0,0.13134161022015212,0.34587383945223293,0.0,0.0,0.0,0.0,0.0
0.09734381163745741,0.0,0.0,0.0,0.0,0.0,0.0,0.32200964217470873,0.0,0.0,0.5914904831609024,0.20636242811358071,0.0,0.0,0.0,0.13861842525189086,0.0,0.35716061319671116,0.7030061890342547,0.0,0.0,0.0
0.0,0.0,0.0148347814007935,0.0,1.2202414482450876,0.0,0.0,0.028292797443504037,0.0,0.0,0.48740462078691743,0.16695036763530743,0.0,0.0,0.0,0.43367459702681693,0.0,0.0,0.08317580835887618,0.0,2.077246729734742,0.0
0.0,0.0,0.028239981869739115,0.0,0.0,0.0,0.0,0.5955826187919471,0.0,0.0,0.4348438866187449,0.0,0.0,0.0,0.0,0.23652022076267654,0.0,0.0,0.15833622731575395,0.0,0.0,0.0
0.0,0.0,0.10727828799122542,0.0,0.0,0.0,0.6948069432585823,0.0,0.0,0.0,0.06473620981414,0.0,0.0,0.0,0.0,0.0,0.0,0.0,0.0,0.0,0.0,0.0
0.0,0.0,0.17901166073839908,0.0,0.0,0.0,1.6672778888320376,0.2718387718951263,0.0,0.0,0.4081185722136593,1.3467296340555828,0.0,0.0,0.0,0.5374497453544679,0.0,0.0,0.0,0.0,0.0,0.0
0.0,0.0,0.12562687948926934,0.0,0.0,0.31374720299228326,0.0,0.0,0.0,0.0,0.5783048434591457,0.9671293590384282,0.0,0.0,0.0,0.30276544353176993,0.0,0.0,0.24968941793876118,0.0,0.0,0.19746708631325957
0.07757151613000596,0.0,0.11762269634053985,0.47216695757528515,0.0,0.0,0.0,0.0,0.0,0.0,0.8127360780343967,0.0,0.0,0.0,0.0,0.0,0.0,0.0,0.0,0.0,0.0,0.0
0.055283914444136974,0.0,0.0,0.0,1.2377289276833272,0.3735119518866334,0.0,0.4130633032658886,0.0,0.0,0.46762424030116656,0.0,0.0,0.0,0.0,0.04797558658048788,0.0,0.0,0.0,0.0,0.0,0.0
0.2643678155496244,0.0,0.10348322773978241,0.0,0.0,1.058045859711394,0.0,0.0,0.07441708650080564,1.9344478478511709,0.16317920835421193,0.0,0.0,0.0,0.0,0.0,0.0,0.0,0.0,0.0,0.0,0.0
0.0,0.0,0.0,0.0,0.7188746361582772,0.5525688673497791,0.0,0.44767992807496015,0.0,0.0,0.15249092216895177,0.0,0.0,0.0,0.0,0.0,0.0,0.0,0.0,0.0,0.0,1.5180870460649367
0.2896192707773708,0.0,0.0,0.0,0.0,0.26514337112729097,0.0,1.0199621306462032,0.0,0.0,0.25058804311605515,0.0,0.0,0.0,1.0630196183026366,0.0,0.2538669314698521,0.13878383170183875,0.7439048702115729,0.0,0.0,0.5883177926705356
0.5758125797095218,0.0,0.0,0.0,0.0,0.2963633099516496,0.0,0.0,0.0,0.0,0.2870324377137762,0.0,0.0,0.0,0.0,0.0,0.0,0.0,0.0,0.0,0.0,0.0
0.15023966253652843,0.0,0.0,0.42100165986093485,1.039664398382163,0.6760087446399675,0.0,0.7096544003902082,0.0,0.0,0.5305591244282148,0.0,0.0,0.0,0.0,0.0,0.0,0.3272144248771438,0.0,0.4920950878986443,0.0,1.8189745972918159
0.4392323975860962,0.0,0.0,0.0,0.26018705427371064,0.6565790066603217,0.0,0.5045883183350223,0.0,0.0,0.30696427148682215,0.0,0.0,0.0,0.0,0.18538204872964628,0.0,0.0,0.9156148996022814,0.0,0.0,0.0
0.18431458036463447,0.0,0.0,0.0,0.0,0.0,0.0,0.9135935547341814,0.0,0.0,0.575422571248142,0.0,0.6901785021781032,0.0,0.0,0.12336993531052189,0.0,0.20723282538937474,0.0,0.0,0.0,0.0
0.14655936526342525,0.0,0.0,0.11762847281793196,0.0,1.5748134059979142,0.0,0.864466630805249,0.0,4.567367731767437,0.2631858913826196,0.0,0.0,0.2284878761970657,0.0,0.0,0.0,0.11548440615052698,0.0,0.0,0.0,0.0
0.06638188324172967,0.0,0.0,0.0,0.0,0.22337432394270318,0.0,0.13513893698108803,0.0,0.0,0.5099055550118653,0.0,0.0,0.0,0.0,0.3580683938867486,0.0,0.0,0.7646534662993143,0.0,0.0,2.777556737497637
0.0,0.08067271314707626,0.0,0.0,0.0,0.0,0.0,0.3872448291041359,0.0,0.0,0.9354614161507011,0.06867531555959674,0.0,0.0,0.0,1.162849640160025,0.0,0.16931302404506676,0.0,0.5714376681955676,0.4314421545819514,0.0
0.2580305584727848,0.0,0.17892391953491638,0.5135293427707753,0.0,0.0,0.0,0.5433435817666772,0.0,0.0,2.991529162418864,0.10303358915593364,1.6429490005221945,0.0,0.0,0.7049128072998248,0.0,0.09368263444618079,0.0,0.0,0.0,0.0
0.180904233575321,0.1500192297162216,0.04748308752754144,0.30286904981275986,0.0,0.0,0.0,0.643630501374876,0.0,0.0,4.490204506683497,1.0266007533788202,3.3000843948400522,0.0,0.0,1.6366019612417402,0.43059678965462705,1.24589055270425,0.0,0.0,0.0,0.0
0.09724834809236593,0.0,0.16395774646845268,0.17813206050652247,0.0,0.0,0.0,0.0,0.0,0.0,1.8561226107041935,1.2098875424220359,4.021881110594453,0.0,0.0,0.9416609370389644,0.2532549741747856,0.43617066762335605,0.0,0.0,0.0,0.0
0.31448581753042193,0.3972806977897452,0.13917978585210966,1.060920335098806,0.0,0.0,0.0,0.0,0.0,0.0,2.8133710422145675,0.8507951027582381,1.3355009194709777,0.0,1.221610379866008,2.1878319993049518,0.2138583507060337,0.6365356563278802,0.0,0.0,0.0,0.0
0.2490419498928647,0.3622096236026363,0.3069091063239332,1.897437093142956,0.1767563257064519,0.0,0.0,0.40944466754937026,0.0,0.0,2.572473961891087,0.2971728596438556,1.851612413862666,0.0,0.701657710748893,1.4259292752980612,0.40932216111686737,0.3659584679515093,0.0,0.0,0.0,0.0
0.1714409221007379,0.0,0.15000554322637974,0.9913417147151787,0.0,0.0,0.0,0.0,0.0,0.0,2.837354575596176,1.3738996824803138,5.635358249555443,0.0,0.17673488511881216,1.7447392039159566,0.6473739910369861,0.7726904345541836,0.0,0.0,0.0,0.0
0.0,0.0,0.0,0.0,0.0,0.0,0.0,0.0,0.0,0.0,3.791366131727686,0.0,4.743346324834,0.0,0.0,2.822083491632379,0.0,0.0,0.0,0.0,0.0,0.0
0.057243264852823654,0.0,0.0,0.8859793927737022,0.0,0.0,0.0,0.0,0.0,0.0,2.6747663792878544,0.6312558514824672,3.8452170601806417,0.0,0.0,0.6707079606226556,0.0,0.9416145295524163,0.0,0.0,0.0,0.9042563367162105
0.03279799081096267,0.1664128384555158,0.0,0.0,0.42958714069341325,0.0,0.0,0.0,0.0,0.0,1.711412352979389,0.0,0.0,0.0,0.0,0.6489110757574268,0.4648057929218029,0.0,0.0,0.0,0.0,0.0
0.0,0.0,0.0,0.0,0.0,0.0,0.0,0.0,0.0,0.0,0.2616086871853547,0.0,0.0,0.0,0.0,0.2509144876882154,0.0,0.0,0.0,0.0,0.0,0.0
0.0,0.0,0.0,0.0,0.0,0.0,0.0,0.0,0.0,0.0,0.14447045508117176,0.0,0.0,0.0,0.0,0.0,0.0,0.0,0.0,0.0,0.0,0.0
0.0,0.0,0.0,0.0,0.0,0.0,0.0,0.8274115626447479,0.0,0.0,0.2385707631924761,0.0,0.0,0.0,0.0,0.12927675149691367,0.0,0.0,0.0,0.0,0.0,0.0
0.08504756345428621,0.0,0.0,0.0,0.0,0.0,0.0,0.251269536299558,0.0,0.0,0.0761949259968922,0.0,1.3343701800053813,0.0,0.0,0.5657513071429495,0.0,0.0,0.0,0.0,0.0,0.0
0.06256979476081757,0.0,0.0,0.0,0.7567406946067557,0.0,0.0,0.4288273021976549,0.0,0.0,0.31403890483208563,0.0,0.0,0.0,0.0,0.6949967855065468,0.0,0.0,0.0,0.0,0.0,0.0
0.024014186597086127,0.0,0.0,0.0,0.0,0.0,0.0,1.3464875284822422,0.0,0.0,0.20947104757753046,0.0,0.0,0.0,0.0,0.19149993575624638,0.0,0.0,0.0,0.0,0.0,0.0
0.06907437984888712,0.0,0.0,0.0,0.0,0.0,0.0,0.7409059443461121,0.0,0.0,0.18098507931677632,0.0,0.0,0.0,0.0,0.13610365723859058,0.0,0.0,0.0,0.0,0.0,0.0
0.009464859672355167,0.0,0.0,0.0,0.9834430638950363,0.0,0.0,0.6396195907124703,0.0,0.0,0.0940381305884271,0.0,0.0,0.0,0.0,0.7295617619755537,0.0,0.0,1.1113205447480619,0.0,3.854514579890531,0.03900408433778223
0.17582431512665853,0.0,0.0,0.0,1.0156674542085642,0.0,0.0,0.6938835206644685,0.0,0.0,0.10701527299588914,0.0,0.0,0.0,0.0,0.3508518223205962,0.0,0.0,0.0,0.0,0.0,1.4214727949544907
0.07170002680621759,0.0,0.0,0.0,0.0,0.0,0.0,1.4132797201521374,0.0,0.0,0.08080954661244497,0.0,0.0,0.0,0.0,0.0,0.0,0.0,0.0,0.0,0.0,0.2805891452856986
0.0,0.0,0.0,0.0,0.0,0.0,0.0,1.4930672599850838,0.0,0.0,0.0,0.0,0.0,0.0,0.0,0.0,0.0,0.0,0.0,0.0,0.0,0.0
0.0,0.0,0.0,0.0,0.0,0.0,0.0,0.0,0.0,0.0,0.0,0.0,0.0,0.0,0.0,0.0,0.0,0.0,0.0,0.0,0.0,0.0
0.0,0.0,0.0,0.0,0.0,0.0,0.0,0.0,0.0,0.0,0.0,0.0,0.0,0.0,0.0,0.0,0.0,0.12797596743820663,0.0,0.0,0.0,0.0
0.0,0.0,0.0,0.0,0.0,0.0,1.2835308962201997,0.0,0.0,0.0,0.16801701711341338,0.0,0.0,0.0,0.0,0.0,0.0,0.0,0.0,2.6985022094119033,0.0,0.0
0.08311391186167628,0.0,0.0,0.0,0.24277449430363263,0.0,0.0,0.0,0.0,0.0,0.01728544642061217,0.0,0.0,0.0,0.0,0.0,0.0,0.0,0.0,0.0,0.0,0.0
0.0,0.0,0.0,0.0,0.0,0.0,0.0,0.9093847268858096,0.0,0.0,0.14011910005759035,0.0,0.0,0.0,0.0,0.0,0.0,0.0,0.0,0.0,0.0,0.0
0.23095697259610767,0.0,0.0,0.0,0.0,0.0,0.0,0.0,0.0,0.0,0.0,0.0,0.0,0.0,0.0,0.0,0.0,0.0,0.0,0.0,0.0,0.0
0.0,0.0,0.0,0.0,2.905395788655589,0.0,0.0,0.19968814579228916,0.0,0.0,0.0,0.0,0.0,0.0,0.0,0.29919539531024225,0.0,0.0,0.0,0.0,0.0,0.0
0.0,0.0,0.0,0.0,1.1820517070023238,0.0,0.0,0.0,0.0,0.0,0.0,0.0,0.0,0.0,0.0,0.0,0.0,0.0,0.0,0.0,0.0,0.0
0.0,0.0,0.0,0.0,0.0,0.0,0.0,0.0,0.0,0.0,0.2610525287642945,0.0,0.0,0.0,0.0,0.9067573514924009,0.0,0.0,0.0,0.0,0.0,0.0
0.0,0.03825266710273387,0.0,0.0,0.0,0.0,0.0,0.0,0.0,0.0,0.014828582414752647,0.0,0.0,0.0,0.0,0.0,0.0,0.0,0.0,0.0,0.0,0.0
0.013451478234685,0.05891132660094399,0.0,0.0,0.0,0.0,0.0,0.0,0.0,0.0,0.13696453268064576,0.5225120783947304,0.0,0.0,0.0,0.20712785053693875,0.0,0.05760681816443131,0.0,0.0,0.0,0.0
0.33443545088622684,0.0,0.38978775069056953,0.0,0.0,0.0,0.0,0.0,0.0,0.0,0.045826818385508755,0.0,0.0,0.0,0.0,0.30332928203312026,0.0,0.0,0.0,0.0,0.0,0.0
0.2467213948952306,0.0,0.0,0.5282346467961018,0.0,0.07784107001469216,0.0,0.0,0.0,0.0,0.0,0.0,0.0,0.0,0.0,0.22896538150547086,0.0,0.0,0.0,0.0,0.0,1.078060110579929
0.09203459787224552,0.0,0.0,0.0,0.32708420467197774,0.2132941225840219,0.0,0.2042839324097815,0.0,0.0,0.23944204579232786,0.20465308971670143,0.0,0.0,0.0,0.0,0.0,0.0,0.0,0.0,0.0,1.3851512978618594
0.07002518747503692,0.0,0.0,0.0,0.0,0.4327914396110553,0.0,0.8008107350485595,0.0,0.0,0.3062603305798609,0.0,0.0,0.0,0.0,0.04616157935212862,0.0,0.0,0.0,0.0,0.0,0.0
0.24197250491514094,0.07283778533005321,0.0,0.0,0.0,0.0,0.0,0.04914431704334216,0.0,0.0,0.5757992819088728,0.8261049730879101,0.0,0.0,0.0,0.2856087609483466,0.0,0.0,0.0,0.0,0.0,0.0
0.036332215004917054,0.0,0.0,0.0,0.0,0.0,0.0,0.0,0.0,0.0,0.21273100582311483,0.0,0.0,0.0,0.0,0.1130626686511275,0.0,0.0,0.45350857343202683,0.0,0.0,0.0
0.003658283143518955,0.0,0.055980651504367124,0.0,0.0,0.0,0.0,0.057320101209320816,0.0,0.0,0.18705776869100385,0.43461621253214605,0.0,0.0,0.0,0.46466968045149193,0.0,0.0,0.0,0.0,0.0,0.0
0.12190447130779103,0.0,0.004974855133067542,0.0,0.0,0.0,0.0,0.0,0.0,0.0,0.28521222488572606,0.0,0.0,0.0,0.0,0.4870614427959799,0.0,0.0,0.0,0.0,0.0,0.0
0.0,0.0,0.0,0.1847379844508226,0.0,0.0,0.0,0.0,0.0,0.0,0.30837983821543236,0.0,0.0,0.0,0.0,0.10433459034960207,0.0,0.0,0.0,0.0,0.0,0.37702686325730944
0.0,0.0,0.0,0.0,0.0,0.0,0.0,0.0,0.0,0.0,0.6812276174199163,0.5293188501899805,0.0,0.0,0.0,0.28272353956627067,0.0,0.0,0.0,0.0,0.0,0.0
0.0,0.13466427427918795,0.0,0.0,0.0,0.0,0.0,0.3784644035867811,0.0,0.0,1.0250848224276503,1.8043447275523323,0.0,0.0,0.0,0.41855344512413983,0.0,0.0,0.0,0.0,0.0,0.0
0.0,0.0,0.0,0.0,0.856474466752981,0.041883308946806495,0.0,0.4656960119818263,0.0,0.0,0.2203097476994198,0.0,0.0,0.0,0.0,0.07337580593003468,0.0,0.0,0.0,0.0,0.0,0.6474507884323432
0.03956244108708323,0.0,0.0,0.0,0.0,0.0,0.0,0.3369655914286326,0.0,0.0,0.8157761668851278,0.48961898726539915,0.0,0.0,0.0,0.18528643375432138,0.0,0.0,0.0,0.0,2.1207602020444516,0.0
0.07841272000483086,0.18122277672709927,0.0,0.0,0.09441201390263966,0.0,0.0,0.058795179948510426,0.0,0.0,0.433891358191508,0.0,0.0,0.0,0.0,0.1396796845175482,0.0,0.0,0.10668844447942695,0.0,0.0,0.0
0.031080648488262825,0.0,0.0,0.0,0.0,0.0,0.0,0.2919016589407763,0.0,0.0,0.436067997608947,0.0,0.0,0.0,0.0,0.0,0.0,0.0,0.0,0.0,0.0,0.0
0.0,0.0,0.0,0.0,0.0,0.0,0.0,0.0,0.0,0.0,0.27237902869713215,0.22151852111551687,0.0,0.0,0.0,0.22995928220730877,0.0,0.0,0.9284043877270143,0.0,0.0,0.0
0.0,0.0,0.0,0.0,2.1682746081867714,0.7028394312649917,0.0,0.6257725058980919,0.0,0.0,0.1170835068388632,0.0,0.0,0.0,0.0,0.0,0.0,0.0,0.0,0.0,0.0,0.4658288892722553
0.36053276015979163,0.0,0.0,0.09997181786439109,0.0,0.8944628926691922,0.0,1.3088501440289035,0.0,0.0,0.31073058023513017,0.14243198904874102,0.0,0.0,0.0,0.04175614451774833,0.0,0.06689264003405854,0.0,0.0,0.0,0.0
0.4403532146432283,0.0,0.17408649083384545,0.0,0.20980594261920504,0.0,0.0,0.065686849728827,0.0,0.0,0.4371181548608937,0.43647867117994804,0.0,0.0,0.0,0.0018681829264791752,0.0,0.3014385165411375,0.0,3.287493817141339,0.0,0.0
0.4310214151686863,0.0,0.0,0.13257241667273562,0.0,0.0,0.0,0.18853805680738803,0.0,0.0,0.3477728397817883,0.0,0.0,0.0,0.0,0.566894768618148,0.0,0.0,0.0,2.0110069668056525,0.0,0.27056353657397486
0.1513745352437279,0.0,0.01850884737583209,0.3284201681705067,0.0,0.4536309172396108,0.0,0.0,0.0,0.0,0.5086329195189087,0.0,0.0,0.0,0.0,0.0,0.0,0.0,0.10377560010379068,0.0,0.0,0.0
0.45019893894157215,0.0,0.0,0.37532741936224384,0.0,0.0,0.0,0.5868966263256783,0.0,0.0,0.34693383013881296,0.0,0.0,0.0,0.0,0.054012646764032744,0.0,0.0,0.0,1.53471723309571,0.0,0.912646719698306
0.5825763114672751,0.0,0.0,0.0,2.9666867744443475,1.1411079270054083,0.0,0.389192125151842,0.0,0.0,0.7289869846168093,0.0,0.0,0.0,0.0,0.15960793601574655,0.0,0.0,0.0,0.5787181376230706,0.0,0.0
0.14201834665464325,0.08897865960540001,0.0,0.12688575066699476,1.8852733608149925,0.7905535075902456,0.0,1.1585017898290562,0.0,0.0,0.3814255224997769,0.0,0.0,0.0,0.0,0.0,0.0,0.0,0.0,0.0,0.0,0.0
0.11050037679419322,0.0,0.0,0.3476448066563103,0.0,0.1652664665262835,0.0,0.2630579723548951,0.43658302710556446,0.0,0.9049968333736257,0.0,0.0,0.0,0.0,0.6751222372384035,0.0,0.15188416957276965,0.0,0.0,0.0,0.38018043255544665
0.30230481514062857,0.138792911317873,0.534367660378475,0.6926653352620203,0.2012456853082311,0.0,0.0,0.06269878744442241,0.0,0.0,2.7485351794369706,1.4581947082208018,0.44301027823331113,0.0,0.0,2.530022089167665,0.0,0.8074422349974982,0.7874376552641745,0.0,0.0,0.0
0.14655466693235503,0.17538388651292625,0.1924528311114051,0.0,0.0,0.0,0.0,0.7082852118226612,0.0,0.0,3.129931536565003,0.6027299165887028,3.9142486369082174,0.0,0.0,0.45329013512835253,0.0,1.426767557780761,1.285238816571657,0.0,0.0,0.0
0.24611159118001252,0.11151857809227374,0.0,0.8567612589005471,0.0,0.0,0.0,0.5046238287803548,0.0,0.0,3.145783885363541,0.7798434893968572,0.8594318393058776,0.0,0.0,1.0426220767382541,0.0,1.0157547604469546,0.0,0.0,0.0,0.0
0.1591008372867429,0.07522859882087195,0.3797402568093658,2.643095003383348,0.0,0.0,0.0,0.469952968091312,0.0,0.0,5.297875224519279,4.240645455583461,2.082094184523358,0.052335422766468506,2.433404110863509,2.0717733287013296,0.0,1.889065744705295,0.8527663524129091,0.0,0.0,0.9770891892991924
0.2906642799413915,0.008449098713204085,0.004636132435058044,0.38116889692865574,0.0,0.0,0.0,0.0,0.0,0.0,2.4769115199369267,2.7851781172606627,3.700569307765783,0.11859637787760262,0.0,1.6644736048530815,0.25839084685434555,0.7627815379119586,0.0,4.524754064193128,0.0,0.23563720388592746
0.06815178070190744,0.0,0.04545724789798135,0.35689302903095327,0.0,0.0,0.0,0.0,0.0,0.0,2.0951575625572056,0.4490533835082965,2.3521237916072355,0.0,0.0,0.6596425859110769,0.655197078492976,0.5853725381599054,0.0,0.0,0.0,0.0
0.2584174694979024,0.1665368932314645,0.21434811131249099,0.4914242939580397,0.3818576765228916,0.0,0.0,0.21974442708870204,0.0,0.0,1.338475734522722,0.7241511522078439,1.1763802633871145,0.0,1.3762030552851707,0.9273271795467785,0.20063500142484778,0.45681661183116207,0.0,0.19526468940959102,0.0,0.761646097411268
0.05564663461241446,0.04602562572700324,0.0,1.2412699628276809,0.5008895508550404,0.0,0.0,1.2741058004827983,0.0,0.0,2.019629620682495,0.43684170799072547,4.225674039089807,0.0,0.0,1.5485216352207318,0.0,0.3295548643821175,0.0,0.0,0.0,0.0
0.08635747189327225,0.03333957374623729,0.0,0.0,0.0,0.0,0.0,0.0,0.0,0.0,2.617038531363243,1.8537696183407353,0.22633318430658025,0.0,1.4877401443899632,0.5856445822267942,0.6108342783546835,0.8481252784754167,0.0,0.0,0.0,0.0
0.2362137058113286,0.0,0.0,0.0,0.0,0.0,0.0,0.6469630515020064,0.0,0.0,1.1284710002748901,0.0,0.8531297560410396,0.0,0.0,0.22858113467161006,0.02250703389453667,0.23286515792300683,0.0,0.0,0.0,0.0
0.0,0.0,0.0,0.0,0.0,0.0,0.0,0.19749321186571153,0.0,0.0,0.3224236418593909,0.6687767604600837,0.0,0.0,0.0,0.26510830775189853,0.0,0.0,0.0,0.0,0.0,0.0
0.18763364249952982,0.0,0.0,0.0,0.0,0.0,0.0,0.0,0.0,0.0,0.2863915438741496,0.0,0.0,0.0,0.0,0.0,0.0,0.0,0.0,0.0,0.0,0.09143610037591766
0.01664738549975174,0.0,0.0,0.0,0.0,0.0,0.0,0.45339653586886974,0.0,0.0,0.21063678492861046,0.0,0.0,0.0,0.0,0.2836592461494494,0.0,0.07129349597612061,0.0,0.0,0.0,0.2923800296865918
0.021968766342188546,0.0,0.0,0.0,0.0,0.0,0.0,0.011820496812799267,0.0,0.0,0.12302375334830633,0.0,0.0,0.0,0.0,0.1367220157834193,0.0,0.09408265068653032,0.0,0.0,0.0,0.0
0.0,0.0,0.0,0.0,0.0,0.0,0.0,0.0,0.0,0.0,0.0728191743376221,0.0,0.0,0.0,0.0,0.14397274510575755,0.0,0.0,1.0201662631162918,1.3089848179905201,0.0,0.0
0.01548632228718885,0.0,0.0,0.0,0.8894383277367649,0.0,0.0,0.0,0.0,0.0,0.3466946259835559,0.0,0.0,0.0,0.0,0.5593935490559359,0.0,0.0,0.7493894274247562,0.0,0.0,0.0
0.013014463498247747,0.0,0.0,0.0,0.8187123856684828,0.0,0.0,0.5098539905217175,0.0,0.0,1.191109741636786,0.5107753372171876,0.0,0.0,0.0,1.187852696240639,0.0,0.0,0.0,0.0,0.0,1.0248356892750639
0.0,0.0,0.0,0.0,0.0,0.0,0.0,1.1028570765988872,0.0,0.0,0.3985530445672132,0.0,0.0,0.0,0.0,0.0,0.0,0.0,0.0,0.0,0.0,0.0
0.08935824705418242,0.0,0.0,0.0,0.0,0.0,0.0,0.49122132178285804,0.0,0.0,0.037531224937094244,0.0,0.0,0.0,0.0,0.0,0.0,0.0,0.0,0.0,0.0,0.0
0.0,0.11845845286764446,0.0,0.17236523763639466,0.6264958610994297,0.0,0.0,0.39015094973318953,0.0,0.0,0.1811086201478027,0.0,0.0,0.0,0.0,0.0,0.0,0.0,0.0,0.0,0.0,0.0
0.00885535614853371,0.0,0.0,0.0,0.1114275716643224,0.0,0.0,0.0,0.0,0.0,0.0,0.0,0.0,0.050119292666855504,0.0,0.4144505192935138,0.0,0.0,0.0,0.0,0.0,0.0
0.0,0.0,0.0,0.0,0.0,0.0,0.0,0.0,0.0,0.0,0.002052947079385031,0.0,0.0,0.0,0.0,0.0,0.0,0.0,0.0,0.0,0.0,0.0
0.0,0.0,0.0,0.0,0.0,0.0,0.0,3.7300281567204174,0.0,0.0,0.21327829154994393,0.0,0.0,0.0,0.0,0.0,0.0,0.5503498392543562,0.0,0.0,0.0,0.0
0.0,0.0,0.0,0.0,0.0,0.0,0.0,0.0,0.0,0.0,0.09580213544386085,0.0,0.0,0.0,0.0,0.12088402779003356,0.0,0.0,0.0,0.0,0.0,0.0
0.0,0.0,0.0,0.0,2.5085983318276788,0.0,0.0,0.0,0.0,0.0,0.11559412690280085,0.0,0.0,0.0,0.0,0.0,0.0,0.0,0.0,0.0,0.0,0.0
0.0,0.0,0.0,0.0,0.0,0.0,0.0,0.0,0.0,0.0,0.058048714861873574,0.0,0.0,0.0,0.0,0.0,0.0,0.0,0.0,0.0,0.0,0.9154432411998841
0.0,0.0,0.13565580631274193,0.0,0.7725398187649736,0.0,0.0,0.0,0.0,0.0,0.0,0.0,0.0,0.0,0.0,0.0,0.0,0.0,0.0,1.3646128378740274,0.0,0.0
0.1806051497309907,0.0,0.0,0.0,0.0,0.0,0.0,0.0,0.0,0.0,0.7034989320527562,0.0,0.0,0.0,0.0,0.0,0.0,0.0,0.0,0.0,0.0,0.0
0.0,0.0,0.0,0.0,0.0,0.0,0.0,0.0,0.0,0.0,0.0,0.0,0.0,0.0,0.0,0.11353508399471234,0.0,0.0,0.0,0.0,0.0,0.0
0.09966926220212163,0.0,0.06209204155691706,0.13490570191979911,0.0,0.0,0.0,0.0,0.0,0.0,0.126186596855502,0.0,0.0,0.0,0.0,0.2918632646537886,0.0,0.0,0.0,0.0,0.0,0.0
0.1475747925164277,0.0,0.17716515332045596,0.0,0.0,0.0,0.0,0.0,0.0,0.0,1.1237575209755915,0.0,0.0,0.0,0.0,0.0,0.0,0.0,0.0,0.0,0.0,0.0
0.0008539190974465082,0.0,0.0,0.0,0.7815894820859078,0.1578020106085361,0.0,0.0,0.0,0.0,0.5791221146322513,0.0,0.0,0.0,0.0,0.9136169882938525,0.0,0.0,0.0,0.0,0.0,0.5914317437421198
0.0,0.0,0.0,0.0,0.0,0.0,0.0,0.0,0.0,0.0,0.2400147271366077,0.0,0.0,0.0,0.0,0.0002842349199415293,0.0,0.0,0.0,0.0,0.0,0.7367775211564541
0.1719444463888941,0.0,0.0,0.0,0.0,0.0,0.0,0.0,0.0,0.0,0.1476083820418232,0.0,0.0,0.0,0.0,0.2645250839750759,0.0,0.0,0.0,0.0,0.0,0.26743273764810077
0.04716221313340986,0.0,0.0,0.0,0.0,0.0,0.0,0.6533721998864022,0.0,0.0,0.31085494720696427,0.8500745880463256,0.0,0.0,0.0,0.14454686680216833,0.0,0.0,0.7700954156424715,0.0,0.0,0.25264117454010054
0.0,0.0,0.0,0.0,0.0,0.6067535915352847,0.0,0.03712635273601534,0.0,0.0,0.08503506709865277,0.0,0.0,0.0,0.0,0.0,0.0,0.18569066747629026,0.0,0.0,0.0,0.48759308571752286
0.0,0.0,0.0,0.0,0.07085325232830322,0.4020228789862437,0.0,1.0527119241599106,0.0,0.0,0.20203209527005558,0.0,0.0,0.0,0.0,0.059957261837874844,0.0,0.0,0.0,0.2866597801599577,0.27770280167562017,0.6471721208558433
0.053482809015750706,0.0,0.23228289209611028,0.0,0.0,0.0,0.0,0.0,0.0,0.0,0.24662541796836826,0.719020944251546,0.0,0.0,0.0,0.13434298703597733,0.0,0.0,3.9013030323046918,0.0,0.0,0.0
0.14129592802944116,0.0,0.0,0.0,0.9856147356000877,0.0,0.0,0.0,0.0,0.0,0.2867715899422572,0.0,0.0,0.0,0.0,0.0,0.6136089550724965,0.0,0.558559219963385,0.0,0.0,0.0
0.12318276869911186,0.0,0.0,0.0,0.0,0.0,0.0,0.5525375179429332,0.0,0.0,0.6057056489139194,0.0,0.0,0.0,0.0,0.0,0.0,0.0,0.0,0.0,0.0,0.0
0.19651263674352826,0.0,0.0,0.0,0.0,0.0,0.0,0.0,0.0,0.0,0.6809169766122127,0.0,0.0,0.0,0.0,0.10511425888014601,0.0,0.0,1.3449948219356391,0.0,0.0,0.0
0.14710925602611724,0.0,0.0,0.0,0.0,0.0,0.0,0.0,2.7604978662704496,0.0,0.1353485891929411,1.002639308350224,0.0,0.0,0.0,0.5181213776357796,0.0,0.0,0.0,0.0,0.0,0.0
0.0,0.0,0.0,0.0,0.0,0.22995129797404132,0.0,0.19057408278584106,0.0,0.0,0.541454896899118,0.5083875768411363,0.0,0.0,0.0,0.6309048366082843,0.0,0.0,0.0,0.0,0.0,0.0
0.0,0.0,0.0,0.0,0.0,0.0,0.0,0.0,0.0,0.0,0.6486105606802777,0.0,0.3125212485696418,0.0,0.0,0.0,0.0,0.0,0.2832316965124883,0.0,0.0,0.0
0.05710048085549249,0.0,0.0,0.0,0.0,0.0,0.0,0.3799625919213375,0.0,0.0,0.6056216671626025,0.0,0.0,0.32317567621359616,0.0,0.0632560618104815,0.0,0.0,0.0,0.0,0.0,0.3205293677759339
0.31084947861412715,0.0,0.0,0.0,0.0,0.997489939103472,0.0,0.0,0.0,0.0,0.15262407806958278,0.0,0.0,0.0,0.0,0.06946162770674068,0.0,0.0,0.0,0.0,0.0,0.0
0.20427042118992078,0.0,0.023361460066071132,0.0,0.0,0.0,0.0,0.0,0.0,0.0,0.20993617840132472,0.0,0.0,0.0,0.0,0.0,0.0,0.0,0.0,0.0,0.0,0.0
0.37518550721247906,0.0,0.053572798929809776,0.0,0.0,0.31228258900284556,0.0,0.0,0.0,0.0,0.22396891419706888,0.0,0.0,0.0,0.0,0.0,0.0,0.18205844137475277,0.0,0.0,0.0,0.0
0.010871826400536902,0.07616640513081399,0.0,0.2705158051682958,0.0,0.3585896415156495,0.0,0.0,0.0,0.0,0.2763656732903044,0.0,0.0,0.0,0.0,0.0,0.0,0.0,0.46861258962547814,0.0,0.0,0.37060266088549115
0.18387904302436345,0.0,0.0,0.0,0.22233601356317995,0.6623337685854247,0.0,1.0954025478593687,0.0,0.0,0.26907556725176274,0.0,0.0,0.0,0.0,0.054985798660725456,0.0,0.0,0.0,0.0,0.0,0.0
0.11190905582796573,0.0,0.0,0.36356553634329697,2.3667104398948213,0.5397758591561646,0.0,0.5992320552724392,0.48161850340162987,0.0,0.7939077789001353,0.08763986192054732,0.0,0.0,0.0,0.0,0.0,0.5530694749192164,0.0,0.0,3.7713865360055436,0.0
0.2780761365517561,0.2065869879851085,0.16320530739086414,0.38570833370369184,1.1247689940846566,1.304074806643138,0.0,0.2888629765153757,1.4816750628143533,0.0,0.9562667363000807,0.21151351091938225,0.0,0.0,0.0,0.5820134641515435,0.0,0.0,0.29929913972163835,0.5369831459761283,0.0,0.0
0.0006662105776428948,0.0792340756611611,0.0,0.0,0.6103312476141368,0.3417388860797597,0.0,0.0026103192551243607,0.0,0.0,0.5002282298748729,0.7518061050439366,0.0,0.0,0.0,0.10258538741988121,0.0,0.0,0.4874863835097341,0.0,0.0,1.1981728991924356
0.044242646484569714,0.13364363751461014,0.0,0.24377902725162928,0.0,0.0,0.0,1.054153032507454,0.0,0.0,2.2043218372474995,1.548073786110213,0.2982557003800649,0.25040327123190176,0.0,1.4546381111458544,0.0,0.06833050673373267,0.0,0.0,0.0,0.21376944856639624
0.2837982582906031,0.03246104233718787,0.29335868765666084,0.7396563993992697,0.0,0.0,0.0,0.0,0.0,0.0,2.414323004051132,0.5743543845971399,0.0,0.0,0.0,1.2220919192124193,0.6434277232806538,0.24997954322366275,1.4924895926695945,0.0,0.0,0.0
0.037924000336706995,0.11411854562567134,0.055150179279421924,1.348101955451151,0.0,0.0,0.0,0.0,0.0,0.0,2.294424393372414,0.8560568967882302,1.547893949698826,0.0,0.0,0.0,0.0,0.7224681107865181,0.0,0.0,0.0,0.0
0.14883142713752368,0.0,0.12174671637307531,0.8147595284459136,0.0,0.0,0.0,0.37618153710401964,0.0,0.0,2.267770504096116,0.3768613270488879,0.08725694506146464,0.0,1.4074699931646861,0.7965084680660818,0.043566902793694816,0.7315808417517533,0.984952454841503,0.0,0.0,0.0
0.16456644577608584,0.22186231893056246,0.029450492257689562,0.12026171431287909,0.0,0.0,0.0,0.5992973205892881,0.0,0.0,1.642467980679769,0.3425795217305716,3.6930556363465854,0.0,0.0,1.4722245123283595,0.06584145822276286,0.413709119069016,0.0,0.0,0.0,0.0
0.14055576607661424,0.18809134392825635,0.2036544073772641,1.229215468551502,0.0,0.0,0.0,0.0,0.0,0.0,2.15326594014521,1.8274141213954573,1.3413877608003928,0.023262667040868625,1.6536484220932373,1.9665603841265726,0.8813653481014928,0.5152043268598347,0.0,0.0,0.0,0.0
0.19729770993593865,0.5144916520756521,0.14506831448716226,1.2193478823438704,0.0,0.0,0.0,0.16888789483777042,0.0,0.0,2.128753287550051,0.42176633964443183,0.42521313791388177,0.1533879076048782,0.0,0.6710946215711235,0.0,0.24929871983834345,0.0,0.0,0.0,0.0
0.49316901224970033,0.0,0.392064353017507,1.3552554653803033,0.0,0.0,0.0,0.0,0.0,0.0,3.2537853234881706,2.3266812846691773,0.9462462554822343,0.0,0.0,1.3756450077561566,1.1093712191826017,0.03256825669767621,0.0,0.0,0.0,0.4589803305553189
0.0704287514186434,0.0,0.020232709387621693,0.5157311127400057,0.0,0.0,0.0,0.4268584508125274,0.1724332638473681,0.0,1.369039442876234,0.06262941569814594,0.7377887864310776,0.0,0.0,1.1021335736759956,0.42673073415106555,0.09778210016399028,0.0,0.0,0.0,0.0
0.06977807667525879,0.25128475484195945,0.11026902805723698,0.0,0.0,0.0,0.0,0.0,0.0,0.0,1.3566810840298842,0.9730327415303475,0.0,0.0,0.0,0.284087999220379,0.0,0.4363248058189918,0.6182575460881207,1.6645411033143327,0.0,0.06060719774311164
0.06389494787968202,0.0,0.0,0.0,0.0,0.0,0.0,0.0,0.0,0.0,0.45499677110515513,0.0,0.0,0.0,0.0,0.791229547885999,0.0,0.0,0.0,0.0,0.0,0.3592682708297448
0.0,0.0,0.0,0.0,0.0,0.0,0.0,0.0,0.0,0.0,0.32060746301581383,0.0,0.0,0.0,0.0,0.6601875811508783,0.0,0.0,0.0,0.0,0.0,0.0
0.1112541061286652,0.0,0.0,0.0,0.0,0.0,0.0,0.5421679898794837,0.0,0.0,0.6858046361300236,0.0,0.0,0.0,0.0,0.540261146069462,0.0,0.0,0.0,0.0,0.0,0.6712662290006488
0.08313343658099144,0.0,0.194835885707917,0.30545518805729077,0.0,0.5972132779873549,0.0,0.0,0.0,0.0,0.27265203579913366,0.0,0.0,0.0,0.0,0.32537867766056194,0.0,0.0,0.9854395099440733,0.0,0.0,0.8639317014287674
0.0842642161215231,0.0,0.0,0.0,0.0,0.3116218006464514,0.0,0.34965851050734886,0.0,0.0,1.3471407183567237,0.6284737789742215,0.0,0.0,0.0,0.6826420759448435,0.0,0.0,0.7496085130938117,0.0,0.0,0.0
0.12418226032521062,0.0,0.11077052591939435,0.0,0.44739916602918917,0.0,0.0,0.27861829642386443,0.0,0.0,0.8909232670064202,0.8444963274035218,0.0,0.0,0.0,1.3055858123294586,0.0,0.18705409352799196,0.0,0.0,0.0,0.0
0.12406870814210538,0.0,0.0,0.0,0.0,0.0,0.0,0.518949887969109,0.0,0.0,1.4765260404621174,0.610137426214717,0.0,0.0,0.0,0.8095038155728669,0.0,0.0,0.0,0.0,0.0,0.0
0.0,0.0,0.0,0.0,0.0,0.0,0.0,0.6514552214857819,0.0,0.0,0.1489609730590616,0.0,0.0,0.0,0.0,0.6820923539952031,0.0,0.0,0.0,0.0,0.0,0.0
0.06738229237702394,0.0,0.0,0.0,0.9848838487274635,0.0,0.0,0.0,0.0,0.0,0.02729040390019772,0.0,0.0,0.0,0.0,0.5819069387529701,0.0,0.0,0.0,0.0,0.0,0.0
0.0,0.2488108003566936,0.0,0.0,0.0,0.0,0.0,0.0,0.0,0.0,0.2558446828195651,0.0,0.0,0.0,0.0,0.33471706179962657,0.192065196656145,0.0,0.0,0.0,0.0,0.0
0.0,0.0,0.0,0.0,0.0,0.0,0.0,0.0,0.0,0.0,0.0,0.0,0.0,0.0,0.0,0.0,0.0,0.0,0.0,0.0,0.0,0.0
0.0,0.0,0.0,0.0,0.0,0.0,0.0,0.05578881347387727,0.0,0.0,0.025193393390779542,0.0,0.0,0.0,0.0,0.0,0.0,0.0,0.0,0.0,0.0,0.0
0.0,0.0,0.0,0.0,1.0569352061366377,0.0,0.0,0.0,0.0,0.0,0.0,0.0,0.0,0.0,0.0,0.19636777154377197,0.0,0.27023819416748046,0.0,0.0,0.0,0.0
0.12355864616032983,0.0,0.0,0.0,0.0,0.0,0.0,0.0,0.0,0.0,0.0,0.0,0.0,0.0,0.0,0.0,0.0,0.0,0.0,0.0,0.0,0.0
0.0,0.0,0.0,0.0,0.0,0.0,0.0,1.7005614365432669,0.0,0.0,0.00606170747986786,0.0,0.0,0.0,0.0,0.0,0.0,0.0,0.0,0.0,0.0,0.0
0.0,0.0,0.0,0.0,0.0,0.0,0.0,0.2869407110593398,0.0,0.0,0.04368961590112247,0.0,0.0,0.0,0.0,0.0,0.0,0.0,0.0,0.0,0.0,0.5557173994624524
0.0,0.0,0.0,0.0,0.0,0.0,0.0,0.0,0.0,0.0,0.0531666682045924,0.0,0.0,0.0,0.0,0.001530124123489263,0.0,0.0,0.0,0.01254386141065468,0.0,0.0
0.0,0.0,0.0,0.0,0.0,0.0,0.0,0.0,0.0,0.0,0.0,0.0,0.0,0.0,0.0,0.0,0.0,0.0,0.0,0.0,0.0,0.0
0.3023224391490434,0.0,0.0,0.0,0.0,0.0,0.0,0.0,0.0,0.0,0.541700716286717,0.0,0.0,0.0,0.0,0.0,0.0,0.0,0.0,0.0,0.0,0.0
0.0,0.0,0.0,0.0,0.0,0.0,0.0,0.0,0.0,0.0,0.3161145439311342,0.3879070730026508,0.0,0.0,0.0,0.15376937981214858,0.0,0.0,1.4388896072871837,0.0,0.0,0.0
0.0,0.0,0.0,0.0,0.0,0.0,0.0,0.0,0.0,0.0,0.3304451364423393,0.002738839323019647,0.0,0.0,0.0,0.0010856972028013988,0.0,0.0,0.0,0.0,0.0,0.0
0.15726596485463892,0.0,0.0,0.0,0.0,0.0,0.0,0.0,0.0,0.0,0.22194552060293288,0.0,0.0,0.0,0.0,0.0,0.0,0.0,0.0,0.0,0.0,1.017319025274314
0.0,0.0,0.0,0.0,0.0,0.0,0.0,0.0,0.0,0.0,1.0189123238249793,0.0,0.0,0.0,0.0,0.0,0.0,0.0,0.0,0.0,0.0,0.0
0.0,0.0,0.0,0.0,0.0,0.0,0.0,0.0,0.0,0.0,0.8866111916187139,0.2002577310138792,0.0,0.0,0.0,0.0,0.0,0.0,0.0,0.0,0.0,0.0
0.0002361273530104024,0.0,0.0,0.0,0.0,0.0007618429453176325,0.0,0.2554898588620611,0.0,0.0,0.4738595425132064,0.0,0.0,0.0,0.0,0.36278797417983344,0.0,0.5002742523468615,0.0,0.0,0.0,0.0
0.0,0.0,0.0,0.0,0.1432420668706062,0.06948674327927032,0.0,0.0,0.0,0.0,0.31876510762135163,0.0,0.0,0.0,0.0,0.5331883274454225,0.0,0.0,0.7558750683644628,0.579532174592687,0.5614240981268797,0.0
0.03316189942984359,0.0,0.0,0.0,0.2218567775015121,0.0,0.0,0.4940684065924035,0.0,0.0,0.2562264329058551,0.0,0.0,0.0,0.0,0.06644750064750986,0.12989473254420153,0.2700162259706451,0.23577467791937584,0.0,0.0,0.4578548663822475
0.052635010333158386,0.0,0.2597179540104601,0.0,0.0,0.0,0.0,0.23377028757942833,0.0,0.0,0.21908617908630004,0.8039449089277451,0.0,0.0,0.0,0.0,0.2061706569055577,0.4385761109026695,0.374224722405835,0.0,0.0,0.0
0.0,0.0,0.0,0.0,0.0,0.0,0.0,0.0,0.0,0.0,0.288669045411273,0.0,0.0,0.04240115392126522,0.0,0.17493337592965488,0.0,0.0,0.0,0.0,0.0,0.0
0.0,0.0,0.0,0.0,0.0,0.0,0.0,0.27839468024388764,0.0,0.0,0.3209021304668118,0.17876735770262034,0.0,0.3434038502424434,0.0,0.4761409220466494,0.0,0.0,0.0,0.0,0.0,0.0
0.0,0.0,0.042729642488455614,0.0,0.0,0.0,0.0,0.13202904415060923,0.0,0.0,1.0794213178183065,0.13226763113001044,0.0,0.0,0.0,0.10485790256829464,0.2007111784466949,0.05488338954584587,0.0,0.0,0.0,0.0
0.0,0.0,0.07459653792937244,0.0,0.0,0.0,0.0,0.23049361113706063,0.0,0.0,0.26302506066031694,0.23091013141717215,0.0,0.0,0.0,0.1830587866079978,0.0,0.0,0.0,0.0,0.0,0.0
0.06929418939960458,0.0,0.02592375622544717,0.015180861939298435,0.8272941513128879,0.0,0.0,0.08010103890206693,0.0,0.0,0.41940403943660504,0.5439788454772588,0.0,0.0,0.0,0.3351197587285749,0.0,0.0,0.0,0.0,0.0,0.0
0.0,0.0,0.06399981548565893,0.0,0.0,0.0,0.0,0.19775111543865184,0.0,0.0,0.409092287095621,0.0,0.0,0.0,0.0,0.2931903994582568,0.0,0.16626174851396783,0.0,0.0,0.0,0.0
0.150735490262421,0.01046447754540734,0.011482915390673242,0.0,0.9483816857557356,0.037045636747924514,0.0,0.0,0.0,0.0,0.22706233050962218,0.0,0.0,0.0,0.0,0.6973215090167092,0.0,0.0,0.0,0.0,0.0,0.0
0.0969167817414556,0.1412112920218378,0.0,0.0,0.2688414963206528,0.6944981101367819,0.0,1.6106725161455713,0.0,0.0,0.12352880898242131,0.0,0.0,0.0,0.0,0.0,0.0,0.0,0.0,0.0,0.0,0.0
0.3464553859079539,0.0,0.33331408914088456,0.0,0.0,0.3316120473338331,0.0,0.0,0.0,0.0,0.18922845434953145,0.0,0.0,0.0,0.0,0.1907432592957674,0.0,0.3085383183081201,0.0,1.0339903043166598,0.0,0.0
0.0,0.0,0.0,0.0,0.0,0.0,0.0,0.5394695497150357,0.0,0.0,0.08761321358933326,0.0,0.0,0.0,0.0,0.012964305448751132,0.0,0.0,0.0,0.0,0.0,0.6679831642398332
0.20461859489269307,0.0,0.14795158874419964,0.0,0.0,0.9657726556478459,0.0,0.523743033341775,0.0,0.0,0.44951402120938505,0.0,0.0,0.0,0.0,0.23691499676305722,0.0,0.2556734069818436,0.0,0.0,0.0,1.2922423195045514
0.5492201684883067,0.0,0.08802607777594158,0.296338465300314,0.8730095753126966,0.2839855551213717,0.0,0.17090986358163898,0.0,0.0,0.29667427843720046,0.0,0.0,0.0,0.0,0.033944143234563774,0.0,0.0,0.0,1.8240806435413246,1.7118179657147836,0.0
0.16984452735570438,0.0,0.36995822152872465,0.12182289035420452,0.0,0.0,0.0,1.0540111118723816,0.0,0.0,0.4199119985824339,0.0,0.0,0.0,0.0,0.0,0.0,0.2124552155070978,0.0,1.3558689693642583,0.0,0.5976640263456591
0.04245991915843396,0.12150514552038924,0.0,0.0,0.0,0.0,0.0,0.49213408221145755,0.0,0.0,0.9910514538350198,0.14708078419050263,0.29395794087796784,0.0,0.0,0.3430851201147824,0.0,0.1016003383072116,0.0,0.0,0.0,0.0
0.3037280799919759,0.311796021092702,0.0,0.0,0.0,0.0,0.0,0.04460679188021345,0.0,0.0,4.230424304412813,1.38411223538879,0.910304604432619,0.0,1.1788890127784553,1.6118376003139105,1.2488215643986955,0.8357918529676047,0.0,0.0,0.0,0.0
0.2220335822124649,0.10960558099115768,0.18697602297176563,0.5473935651625235,0.0,0.0,0.0,1.6630312926189421,0.0,0.0,2.208861851544119,1.1829752173881523,1.1289776941600822,0.0,0.0,0.28187396559815425,0.21205294129296362,0.10526868913938395,0.0,0.0,0.0,0.0
0.18784104680334002,0.0,0.16160147290159155,0.35229322892256243,0.0,0.0,0.0,0.0,0.0,0.0,1.7622265850914391,1.8617355308887271,3.493071833382698,0.0,0.0,0.6769619797912493,0.0,0.10566082005386845,0.0,0.0,0.0,0.0
0.14359061326946174,0.0,0.0,1.6248333794492513,0.0,0.0,0.0,0.08423753190449858,0.0,0.0,1.6870537335007794,0.7642221030629608,1.019529147712658,0.0,0.0,1.2341265105922357,0.08421232791398568,0.30570484063185577,0.0,0.0,0.0,0.0
0.2002552458971779,0.0,0.12357128119825733,0.190760443771188,0.0,0.0,0.0,0.0,0.0,0.0,2.0225224560987045,0.799191818136699,1.4731415955769527,0.0,0.08177702901530186,0.9048830840231373,0.0,0.5980693368782157,0.0,0.0,0.0,0.5026750017652125
0.025655343027620264,0.0,0.1259853986024213,0.541446720226319,0.0,0.0,0.0,0.0,0.0,0.0,0.8094928024177106,1.3841612945723956,0.0,0.0,0.0,0.5302927819732437,0.0,0.18090586373894776,0.0,0.0,0.0,0.0
0.18940900270298863,0.09076108256582868,0.0,0.4690773639670128,0.0,0.0,0.0,0.7608387490771054,0.0,0.0,2.439368993832091,1.044069135035977,1.4859222190139563,0.0,0.0,1.650524179766177,0.6668994641371282,0.6284187351381119,0.0,0.0,0.0,0.0
0.027338257948363046,0.0,0.11845098645739784,0.4948320147195656,0.0,0.0,0.0,0.0,0.0,0.0,1.437606245933087,0.3666595475954618,1.0015215054369686,0.0,1.7941592722570558,1.2275317556982275,0.0,0.12574969404468078,0.0,0.0,0.0,0.0
0.23635436512613694,0.1553852211073279,0.16460750474014504,0.18538749306389518,0.16121389050724097,0.0,0.0,0.10039611815025246,0.45028543013152195,0.0,2.128093827722367,1.720443885122108,2.939616405457024,0.0,0.0,1.1717828252380595,0.0,0.6537529707484537,0.0,0.32684945610712507,0.0,0.0
0.1574218657066715,0.0,0.10624358264497163,0.10470409248396854,0.2391085182784815,0.0,0.0,0.14890507868948186,0.0,0.0,1.1053272770680846,0.7762737539140665,0.4879203608611201,0.0,0.0,0.7769760272410327,0.0,0.8555840014595286,0.0,0.4847751574259789,0.0,0.6227456141491223
0.01210297873456489,0.0,0.0,0.0,0.0,0.0,0.0,0.22081819325468668,0.0,0.0,0.19394187945631852,0.0,0.0,0.0,0.0,0.23570410705285222,0.0,0.0,0.4006918521506604,0.0,0.0,0.0
0.047205556496402665,0.0,0.02807228570949796,0.0,0.7940921926418187,0.0,0.0,0.0,0.0,0.0,0.684410826398009,0.0,0.0,0.0,0.0,0.3462410082266151,0.0,0.0,0.0,0.0,0.0,0.0
0.0,0.038398866926596484,0.0,0.0,0.33989561822690983,0.0,0.0,0.0,0.0,0.0,1.1741893442511446,0.0,0.0,0.0,0.0,0.5431466680270297,0.0,0.0,0.0,0.0,0.0,0.0
0.1620329574925829,0.0,0.0,0.09648105908982765,1.4885244398703665,0.0,0.0,0.0,0.0,0.0,0.8178500227472867,0.0,0.0,0.0,0.0,0.9855148527661902,0.0,0.0,0.0,0.0,0.0,0.0
0.13204743131136631,0.0,0.0,0.0,1.6348147669251696,0.0,0.0,1.2251867123489095,0.0,0.0,0.9018550492764492,0.7268814884285192,0.0,0.0,0.0,0.41175244456059756,0.0,0.0,0.0,0.0,0.0,0.0
0.00534843598231768,0.0,0.0,0.0,0.0,0.14163485087325048,0.0,0.8733065692423646,0.0,0.0,1.3288222372075125,0.6470759753731281,0.0,0.0,0.0,2.0740826309049956,0.0,0.0,0.7415160224852536,0.0,0.0,0.0
0.0,0.0,0.0,0.0,2.322300923081473,0.0,0.0,0.7341677598893963,0.0,0.0,1.4862893111190232,0.0,0.0,0.0,0.0,0.3664739537188051,0.0,0.0,2.6624314086850625,0.0,0.0,0.0
0.0,0.0,0.0,0.0,0.0,0.0,0.0,0.0,0.0,0.0,1.7534731900788574,0.0,0.0,0.0,0.0,1.699844979383312,0.0,0.0,0.0,0.0,0.0,0.0
0.0,0.0,0.0,0.0,0.0,0.0,0.0,0.0,0.0,0.0,0.11526922049556707,0.0,0.0,0.0,0.0,0.12769353671506534,0.0,0.0,0.0,0.0,0.0,0.0
0.0,0.0,0.03317464547666009,0.0,0.6551773352593383,0.0,0.0,0.15919194053468874,0.0,0.0,0.04926982335967705,0.0,0.0,0.0,0.0,0.0,0.0,0.0,0.0,0.0,0.0,0.0
0.0,0.0,0.0,0.0,0.0,0.0,0.0,0.0,0.0,0.0,0.0,0.0,0.0,0.0,0.0,0.0,0.0,0.0,0.0,0.0,0.0,0.0
0.0,0.0,0.0,0.0,0.0,0.0,0.0,0.0,0.0,0.0,0.17870059531317073,0.0,0.0,0.0,0.0,0.19445429237878145,0.0,0.0,0.0,0.0,0.0,0.0
0.03194896954274654,0.0,0.0,0.0,0.17877733316812183,0.0,0.0,0.0,1.0335890959539684,0.0,0.02530956243991268,0.0,0.0,0.0,0.0,0.0,0.19948212392859013,0.0,0.0,0.0,0.0,0.0
0.0,0.09904644612740303,0.0,0.0,0.0,0.0,0.0,0.0,0.0,0.0,0.0020059877686608176,0.0,0.0,0.0,0.0,0.0,0.017540228219748252,0.0,0.0,0.0,0.0,0.0
0.0,0.0,0.0,0.0,0.0,0.0,0.0,0.0,0.0,0.0,0.0,0.0,0.0,0.0,0.0,0.0,0.0,0.0,0.0,0.0,0.0,0.0
0.0,0.0,0.0,0.0,3.80414459779698,0.0,0.0,0.0,0.0,0.0,0.0,0.0,0.0,0.0,0.0,0.0,0.0,0.0,0.0,0.0,0.0,3.399708796603373
0.076594007673972,0.0,0.0,0.0,0.0,0.0,0.0,0.0,0.0,0.0,0.541700716286717,0.0,0.0,0.0,0.0,0.7024470941160831,0.0,0.0,0.0,0.0,0.0,0.0
0.0,0.0,0.0,0.4977695863173415,0.0,0.0,0.0,0.0,0.0,0.0,0.35367345745846346,0.0,0.0,0.0,0.0,0.2811256495587443,0.0,0.0,0.0,0.0,0.0,0.0
0.0,0.0,0.0,0.0,0.0,0.0,0.0,0.0,0.0,0.0,0.7756322184836597,0.0,0.0,0.0,0.0,0.27868429425043373,0.0,0.0,0.0,0.0,0.0,0.0
0.0,0.0,0.0,0.4564921562510814,0.0,0.0,0.0,0.7417236662754276,0.0,0.0,0.9764048457798657,0.0,0.0,0.0,0.0,0.0,0.0,0.0,0.0,0.0,0.0,0.0
0.04922584372942152,0.05670654283829773,0.0,0.10556009839229315,0.0,0.0,0.0,0.0,0.0,0.0,0.34443237536931953,0.3842286094300031,0.0,0.0,0.0,0.19558217888767557,0.0,0.18763793918807548,0.0,0.0,0.0,0.5613950575041692
0.22075668649588298,0.0,0.0,0.0,0.4520085859212493,0.0,0.0,0.0,0.0,0.0,0.3955513707037397,0.0,0.0,0.0,0.0,0.6869754595041055,0.0,0.0,0.0,0.0,0.0,0.0
0.0,0.0,0.0,0.0,0.0,0.0,0.0,2.189366590703598,0.0,0.0,0.03289043620962746,0.0,0.0,0.3620357998509346,0.0,0.21323190877557507,0.2620146876862572,0.0,1.0393676030116528,0.0,0.0,0.0
0.0,0.0,0.0,0.0,0.0,0.0,0.0,0.0,0.0,0.0,0.20604867244101446,0.0,0.0,0.2812925397420147,0.0,0.0,0.0,0.0,0.0,0.0,0.0,0.0
0.0,0.0,0.0,0.0,0.0,0.0,0.0,0.74243279872291,0.0,0.0,0.007163854493474581,0.0,0.0,0.0,0.0,0.0,0.0,0.03424415510935674,0.0,0.0,0.0,0.0
0.0,0.0,0.0,0.0,1.1813835470613276,0.0,0.0,0.5767143846308791,0.0,0.0,0.6336062675675727,1.5058278672990382,0.0,0.0,0.0,1.0663901897604435,0.10280654859734635,0.0,0.0,0.0,0.0,0.0
0.0,0.0,0.0,0.0,0.0,0.16616650744940514,0.0,0.5489156445593165,0.0,0.0,0.5005424670796925,0.0,0.0,0.0,0.0,0.49915177984388004,0.0,0.0,0.0,0.0,0.0,0.2893425846613708
0.010034581990739151,0.0,0.19854115141662146,0.0,0.40437128581818466,0.0,0.0,0.09165089073984667,0.0,0.0,0.4855263134338916,0.0,0.0,0.0,0.0,0.8321976110308713,0.0,0.0,0.0,0.0,0.0,0.0
0.0,0.0,0.0,0.0,0.0,0.0,0.0,0.5029141465522966,0.0,0.0,0.5614987481465796,0.0,0.0,0.0,0.0,0.062479949900582483,0.0,0.0,1.0529956006630192,0.0,0.0,0.26464546843925124
0.0,0.048423017863470155,0.37830712938749766,0.0,0.0,0.0,0.0,0.0,0.0,0.0,0.28544244444115485,0.0,0.0,0.0,0.0,0.13324510539023549,0.0,0.0,0.0,0.0,0.0,0.0
0.035548713403717895,0.026606364708675757,0.1320587691803839,0.0,0.0,0.0,0.0,0.41839559011553773,0.0,0.0,0.4962011755946575,0.0,0.0,0.0,0.0,0.03582503595737152,0.0,0.0,0.0,0.0,0.0,1.007755793970986
0.04604777242410308,0.0,0.16575679509891458,0.0,0.0,0.5347567068831744,0.0,0.0,0.0,0.0,0.7209428258887525,0.0,0.0,0.0,0.0,0.1432966317909408,0.4788178041585484,0.38336117928951635,0.0,0.0,0.0,0.0
0.1283539084562482,0.0,0.0,0.0,0.0,0.5250925783243021,0.0,0.5708446637578415,0.0,0.0,0.9266282043690511,0.0,0.0,0.0,0.0,0.09695357059014023,0.0,0.0,0.0,0.0,0.0,0.721707870114396
0.0,0.0,0.0,0.0,0.0,0.0,0.0,0.0,0.0,0.0,0.2708535664345405,0.0,0.0,0.0,0.0,0.0,0.0,0.0,0.0,0.0,0.0,0.0
0.007444987921048672,0.0,0.0855542073866117,0.0373256401848354,0.08523906092551486,0.0,0.0,0.0,0.0,0.0,0.6908055696954014,0.0,0.0,0.0,0.0,0.21871502522593697,0.05306683150797384,0.11713183070719296,1.1148614035678062,0.0,0.0,0.8816890792690272
0.016706821255046307,0.0,0.02798645904761223,0.9083331993568851,0.0,0.0,0.0,0.0,0.0,0.0,1.5031292330808463,1.8100439310614258,1.7197651298913537,0.0,0.6778830307815165,0.8205194871659263,0.0,0.5301319740695489,0.0,0.0,0.0,0.0
0.21032306840984322,0.22642063492081083,0.0,0.02761991297680147,0.0,0.3468180392894347,0.0,0.3749894648487725,0.0,0.0,2.7326010172091695,1.776818679747064,4.193555839971724,0.2708425359151931,0.0,0.8872686874674751,0.0,0.6235188272380146,0.0,0.0,0.0,0.0
0.03598242227657718,0.0,0.39708762429631694,1.086632215831928,0.0,0.6596825479222876,0.0,0.0,0.0,0.0,3.4513961147316676,2.2270250240778457,5.810717045507274,0.0,1.5431708738223646,0.40843136915651623,0.0,1.0239091161718945,0.0,0.0,0.0,0.0
0.22732147711208023,0.570681128802949,0.4719037097522961,0.4460420096381266,0.0,0.0,0.0,1.08073835445076,0.0,0.0,2.8714750845563923,1.082691334578506,2.9194898362756403,0.28872892825778135,2.136051702654231,1.5717325244535467,0.0,0.8345297097261337,1.1510581829226454,0.0,0.0,0.0
0.054927945986728746,0.0,0.13930100023286668,1.1268165224263875,0.0,0.0,0.0,0.0,0.0,0.0,1.455850559699557,0.3708444351938272,0.0,0.0,0.0,0.3179365711073024,0.0,0.23523245114013938,0.0,0.0,0.0,0.0
0.0,0.0,0.5047107017687636,0.0,0.0,0.0,0.0,0.0,0.0,0.0,0.6274363543791823,0.0,0.0,0.0,0.0,0.6193112856016887,0.0,2.1791644526829135,0.0,0.0,0.0,0.0
0.07109220512101022,0.04218348963784166,0.3997118013680209,0.3723070403513139,0.0,0.0,0.0,0.3764803925056306,0.0,0.0,2.929583158276052,1.7885758383684298,0.0,0.0,0.4885779254107213,1.403507039811852,0.0,2.2458861736333313,0.0,0.0,0.0,0.0
0.5746869278380065,0.24082652114662534,0.0,0.6460479270745099,0.0,0.0,0.0,0.0,0.0,0.0,1.961610220362933,0.6523849119949071,0.5483959417890377,0.0,0.0,0.5245047690909717,0.4097176307262268,0.2222695937948735,0.0,0.0,0.0,0.0
0.05696465091083943,0.0,0.0,2.086004708518935,0.0,0.0,0.0,0.0,0.0,0.0,2.191958598580935,0.5189341127391314,0.7336897744437318,0.0,0.0,0.6027225455231346,0.0,0.24395477058866752,0.0,0.0,0.0,0.0
0.2599860286809862,0.0,0.0223663494603475,0.3567042463309084,1.019530887927317,0.0,0.0,0.7470634303626503,0.0,0.0,2.011746244280869,1.888401266339137,1.5477103011482387,0.0,5.617034465150927,2.0109064851481904,0.7038123913200651,0.03776922777165477,0.0,0.0,0.0,0.0
0.1752057853982723,0.0,0.0,0.0,0.0,0.0,0.0,0.11697214204768364,0.0,0.0,0.9490172779508965,2.660096772571695,2.157728513973955,0.0,0.0,1.0051294136952091,0.0,0.26361717405808527,0.0,0.0,0.0,0.23799185436365916
0.05734335651028595,0.0,0.0,0.0,0.0,0.0,0.0,0.0,0.0,0.0,0.6257897758137563,0.0,0.0,0.0,0.0,0.06584456066490035,0.0,0.0,0.0,0.0,0.0,0.0
0.09736363426976662,0.0,0.0,0.0,0.0,0.0,0.0,0.0,0.0,0.0,1.2123245166348955,0.0,0.0,0.0,1.9288739194752502,0.901353566052802,0.12624678914675186,0.0,0.22915321865959307,0.0,0.0,0.0
0.15767120669328316,0.0,0.0,0.0,0.0,0.0,0.0,0.7430587548377491,2.254591835631161,0.0,1.0368692343885368,0.0,0.0,0.0,0.0,1.2936401600532772,0.0,0.0,0.24815365504607156,0.0,0.0,0.0
0.0,0.0,0.0,0.0,0.0,0.0,0.0,0.0,0.0,0.0,1.3054398590280576,0.0,0.0,0.0,0.0,1.3366119376306085,0.0,0.0,0.0,0.0,0.0,0.0
0.02339316016384787,0.0,0.14223117570682983,0.0,0.0,0.0,0.0,0.4394758552464738,0.0,0.0,1.6104104588970518,0.0,0.0,0.0,0.0,1.2453120693477175,0.0,0.0,0.0,0.0,0.0,0.0
0.028928782364810408,0.0,0.04962647095807445,0.0,0.0,0.0,0.0,0.0645443191839714,0.0,0.0,1.3600502278145714,0.0,0.0,0.0,0.0,1.2836956236479484,0.0,0.0,0.2782462192341672,0.0,0.0,0.0
0.1586610910118087,0.0,0.0,0.36796366424161797,0.32883580540650015,0.0,0.0,0.6039214376996641,0.0,0.0,1.5100516266359079,0.5242457095927688,0.0,0.0,0.0,1.0514737747348302,0.0,0.0,0.0,1.966125753469402,0.0,0.0
0.047939295371386595,0.0,0.09524516271283326,0.0,0.0,0.43795340872080935,0.0,0.29429517919187087,0.0,0.0,0.8213630517482633,0.0,0.0,0.0,0.0,0.9265847517815125,0.0,0.0,1.5996883745970567,0.0,0.0,1.0036491930710365
0.07788304126469167,0.0,0.0,0.0,0.051746018563249604,0.0,0.0,0.0,0.0,0.0,0.13420815699240457,0.0,0.0,0.0,0.0,0.2670936481275113,0.0,0.024988348906860344,0.0,0.0,0.0,0.8102034637017972
0.0,0.0,0.0,0.0,0.4485298291051024,0.0,0.0,0.0,0.0,0.0,0.0,0.0,0.0,0.0,0.0,0.23617682594335027,0.0,0.0,0.0,0.0,0.0,0.0
0.053823540972373116,0.0,0.3216538690830152,0.0,3.1900422549849896,0.0,0.0,0.0,0.0,0.0,0.09402261023899644,0.0,0.0,0.0,0.0,0.0,0.0,0.0,0.0,0.0,0.0,0.0
0.0,0.0,0.0,0.0,0.0,0.0,0.0,0.0,0.0,0.0,0.0,0.0,0.0,0.0,0.0,0.0,0.0,0.0,0.0,0.0,0.0,0.0
0.0,0.0,0.0,0.0,0.0,0.0,0.0,0.0,0.0,0.0,0.03428064488247999,0.0,0.0,0.0,0.0,0.4596240474068147,0.0,0.0,0.0,0.0,0.0,0.0
0.09620775822642537,0.0,0.0,0.0,0.0,0.0,0.0,1.3956466608087679,0.0,0.0,0.08609518009718309,0.0,0.0,0.0,0.0,0.0,0.0,0.0,0.0,2.451583019349239,0.0,0.0
0.12655252635872277,0.0,0.0,0.0,3.310171013161909,0.0,0.0,0.0,0.0,0.0,0.0,0.0,0.0,0.0,0.0,0.0,0.0,0.0,0.0,0.0,0.0,0.0
0.0,0.0,0.0,0.0,0.0,0.0,0.0,0.0,0.0,0.0,0.0,0.0,0.0,0.0,0.0,0.0,0.0,0.0,0.0,0.0,0.0,0.0
0.0,0.0,0.0,0.0,0.0,0.0,0.0,0.0,0.0,0.0,0.0,0.0,0.0,0.0,0.0,0.9408009326897075,0.0,0.0,0.0,0.0,0.0,0.0
0.09404774756375182,0.0,0.0,0.0,0.0,0.0,0.0,0.0,0.0,0.0,0.7282871648897373,0.0,0.0,0.0,0.0,0.29266834732609315,0.0,0.0,0.0,0.0,0.0,0.0
0.0,0.0,0.0,0.0,0.17472847114938178,0.0,0.0,0.0,0.0,0.0,0.8601847845421757,0.0,0.0,0.0,0.0,0.0,0.0,0.0,0.0,0.0,0.0,0.0
0.2094485364533018,0.0,0.0,0.05184120847715092,0.0,0.0,0.0,0.0,0.0,0.0,0.8983450928145416,0.1468902431261325,1.8010426772584396,0.0,0.0,1.3898321033285668,0.0,0.0,0.0,0.0,0.0,0.25392829497588476
0.051115484902005084,0.0,0.0,0.0,0.0,0.0,0.0,0.0,0.0,0.0,0.2678994683327444,0.7335687325916505,0.0,0.0,0.0,0.39734777545866423,0.0,0.5442689030429192,0.0,0.0,0.0,0.7434444375901895
0.0,0.0,0.0,0.0,0.0,0.0,0.0,0.0,0.0,0.0,1.0035075917955445,0.0,0.9599201181228535,0.0,0.0,0.4574566500498559,0.5546647334287992,0.0,0.0,0.0,0.0,0.0
0.0,0.0,0.0,0.0,0.0,0.0,0.0,0.0,0.0,0.0,0.1314933437332739,1.1359204482353085,0.0,0.0,0.0,0.10594034370850937,0.0,0.0,0.0,0.0,4.154471160053762,0.0
0.07132643684169611,0.0,0.20613717794184627,0.0,0.0,0.0,0.0,0.0,0.0,0.0,0.41914298577360143,0.0,0.0,0.0,0.0,0.24206007076268368,0.0,0.0,3.3662186283675934,0.0,0.0,1.716131051760264
0.0,0.0,0.0,0.0,0.0,0.0,0.0,0.0,0.0,0.0,0.32241904408190514,0.0,0.0,0.0,0.0,0.0,0.15212988760045693,0.0,0.0,0.0,0.0,0.0
0.10541934755721082,0.0,0.0,0.0,1.1800252988030753,0.0,0.0,0.0,0.0,0.0,0.391934403296856,0.0,0.0,0.0,0.0,0.8722249028942206,0.0,0.40161373749298673,0.0,0.0,0.0,0.0
0.10798889768534894,0.0,0.0,0.0,0.0,0.0,0.0,0.5801518307363093,0.0,0.0,0.26052631285547506,0.0,0.0,0.0,0.0,0.0,0.0,0.0,0.0,0.0,0.0,1.3389116363951608
0.07233814339055587,0.0,0.0,0.0,0.0,0.0,0.0,0.0,0.0,0.0,0.2815561257439927,0.0,0.0,0.0,0.0,0.03717586759172105,0.0,0.0,0.0,0.0,0.0,0.3125468131915615
0.0015210431227332146,0.0,0.0,0.0,0.0,0.6628133918255669,0.0,0.38142763063419094,0.0,0.0,0.5970028740357383,0.512474967466439,0.0,0.0,0.0,0.3493508148536927,0.0,0.27957049751850993,0.0,0.0,0.0,1.467383060558923
0.058105263502418375,0.0,0.0,0.0,0.0,0.0,0.0,0.03517330721418359,0.0,0.0,0.536526516441726,0.2266022739035427,0.0,0.0,0.0,0.41048729221743674,0.0,0.0,0.0,0.0,0.0,0.20150446095218472
0.03863022934444826,0.0,0.0,0.0,0.7704522847220282,0.0,0.0,0.7400005175484231,0.0,0.0,1.2744040904596927,0.0,0.0,0.0,0.0,1.1991281499285813,0.0,0.0,0.0,0.0,0.0,0.0
0.09181871985238903,0.0,0.0,0.0,0.0,0.0,0.0,0.23222678029250143,0.0,0.0,1.0111060483004433,0.0,0.0,0.0,0.0,0.7627371965328,0.0,0.0,0.0,0.0,0.0,0.976678695202555
0.04355334316514386,0.0,0.0,0.0,0.0,0.0,0.0,0.041184279050005115,0.0,0.0,0.6501003560146457,0.3552138302117154,0.0,0.0,0.0,0.6691479382375616,0.0,0.034988873741211186,0.5852797391654465,0.20842894468785603,0.0,0.0
0.020421775888000013,0.0,0.0,0.0,0.0,0.0,0.0,0.0,0.0,0.0,0.47652842944077106,0.4241941400157401,0.0,0.0,0.20717710259605412,1.7143028915107896,0.0,0.0,0.0,0.0,0.0,0.9978646655311513
0.1431984912393784,0.0,0.2700016314304645,0.23673662010985327,0.0,0.0,0.0,0.2771943182755467,0.0,0.0,2.1364097325951095,0.6255869523702183,4.280432517167311,0.0,0.467914961405177,1.1194992289887378,0.6242716673217882,0.15149109451763867,0.0,0.0,0.0,0.0
0.2599916910144932,0.0,0.18138927573978766,0.775558984006615,0.0,0.0,0.0,0.0,0.0,0.0,2.3242025528173254,3.1887582366354064,0.0,0.0,0.0,1.4151549485906145,0.037425703353197316,0.9595466216059412,0.3524972738455639,1.740317351568701,0.0,0.2787727656793304
0.11880467398496844,0.11986845225728412,0.0,0.744529324860704,0.0,0.0,0.0,0.0,0.0,0.0,2.9217542361627475,0.871920069783823,2.9037223407119,0.2935469261108291,0.772512600808389,1.0217307174670283,0.0,0.16282039890641598,0.0,0.0,0.0,0.0
0.20241771816815202,0.18662213143344425,0.0,0.20088753814160631,0.0,0.0,0.0,0.0,0.0,0.0,1.4535584646207718,0.0,0.0,0.0,0.0,1.30780227002548,0.0,0.8194699958546334,0.0,0.0,0.0,0.0
0.32827361706740454,0.0,0.47916893700221297,0.41130675196516353,0.0,0.5700034003355241,0.0,0.0,0.0,0.0,3.342551881341395,0.546911258568498,0.0,0.0,0.0,1.486054297745052,0.0,0.0,0.0,0.0,0.0,0.0
0.09958530374368216,0.24445337906499565,0.0,0.0,0.0,0.0,0.0,0.0978185637244504,0.0,0.0,1.7238055139366992,0.6127196225034103,0.0,0.0,0.0,0.6744808635017809,0.0,0.5965227465160051,0.0,0.0,0.0,0.0
0.13175795147831826,0.12987631141079653,0.0,0.5733318965559819,0.0,0.0,0.0,0.0,0.0,0.0,1.6063815124465126,1.035852955453811,0.8816945096940894,0.33260551627356827,0.0,1.2356488620632544,0.6043857853155792,1.0702864506373893,0.7399109642953681,0.0,0.0,0.0
0.2063463992651062,0.13161308078215034,0.1323169167683895,0.7229835719925761,0.0,0.0,0.0,0.16316561209983604,0.0,0.0,1.9465851059052768,1.3443016039249842,0.42168907407121714,0.0,0.0,1.926193439814978,0.0,0.8946432987703903,0.29607674239129705,0.0,0.0,0.49104298789899586
0.10969685145553323,0.04075679088408345,0.0,1.0527711762764909,0.0,0.0,0.0,0.0,0.0,0.0,2.485130322065241,1.1902918172530186,2.651457266583045,0.0,0.0,0.9475689177658623,0.0,0.33888246492034935,0.0,0.0,0.0,0.0
0.1821788084784445,0.0,0.0,0.30450905596955274,0.38125906256252956,0.0,0.0,0.7363344027312199,0.0,0.0,2.6719268527754827,2.954928059602763,1.907422513115304,0.0,0.0,0.8082911059165182,0.23735843889192404,0.12975897823895952,0.0,0.0,0.0,0.0
0.4491825086399931,0.1226270719938424,0.5484815343229013,1.4919673913249665,0.06314401155871259,0.0,0.0,1.2497982405357704,0.0,0.0,3.4545116783571053,1.6008808318294487,2.4399155861124493,0.0,0.7736325404251384,0.815856555895281,0.2982670170104423,1.1538705011659531,0.0,0.25546954976698744,0.0,0.0
0.1584134586942769,0.0,0.0,0.0,0.5668195327432053,0.0,0.0,0.0,0.0,0.0,1.0791231372311203,0.5012880891750802,0.0,0.0,0.0,0.6195908288167122,0.0,0.19291324623288136,0.0,2.293252000538453,0.0,0.0
0.0,0.0,0.0,0.0,0.0,0.0,0.0,0.0,0.0,0.0,0.9055025784629175,0.0,0.0,0.0,0.0,0.0,0.0,0.0,0.0,0.0,0.0,0.0
0.09303848346558516,0.0,0.0,0.0,0.0,0.0,0.0,0.0,0.0,0.0,0.9982083841186361,0.0,0.0,0.0,0.0,0.6234542670444254,0.0,0.0,0.35594909639112465,0.0,0.0,0.0
0.15873176224657223,0.0,0.0,0.0,0.0,0.0,0.0,0.8751773894942938,0.0,0.0,0.7712216089489282,0.0,0.0,0.0,0.0,1.4323733344492628,0.0,0.0,0.0,0.0,0.0,0.0
0.06921063097274435,0.0,0.0,0.0,0.22976627258812413,0.0,0.0,0.0,0.0,0.0,0.3104573298761224,0.07731267535620667,0.0,0.0,0.0,0.555981418552272,0.0,0.0,0.0,0.0,0.0,0.0
0.0,0.0,0.29137539869125323,0.0,0.0,0.0,0.0,1.0410233956632347,0.0,0.0,0.6916808944682337,0.0,0.0,0.0,0.0,1.0166617149262742,0.0,0.0,0.9456515452150274,0.0,0.0,0.7471403531612066
0.10943649278645144,0.0,0.0,0.0,0.0,0.0,0.0,0.016765609008472723,0.0,0.0,1.2920721862030335,0.0,0.0,0.0,0.0,0.8939841822442087,0.0,0.0,0.0,0.0,0.0,0.0
0.14870437296544042,0.0,0.0,0.0,0.0,0.0,0.0,0.8511343929358823,0.0,0.0,0.8984570581876619,0.0,0.0,0.0,0.0,0.6623670767306141,0.6017162670641585,0.0,0.0,0.0,0.0,0.0
0.11192715512106717,0.0,0.0,0.0,0.36987233316696927,0.0,0.0,0.2303383805471323,0.0,0.0,0.42397640454004126,0.3095939325713571,0.0,0.0,0.0,0.2141983677077386,0.0,0.0,0.0,0.0,0.0,0.0
0.025060022196791203,0.0,0.0,0.0,0.0,0.0,0.0,0.0,0.0,0.0,0.09997424256568088,0.0,0.0,0.0,0.0,0.6318834005713576,0.0,0.10732115212175931,0.8282452333241664,0.0,0.0,0.0
0.0022494442303634295,0.0,0.0,0.0,0.0,0.0,0.0,0.0,0.0,0.0,0.2688382678215614,0.0,0.0,0.0,0.0,0.0,0.0,0.0,0.0,0.0,0.0,0.0
0.0,0.0,0.0,0.0,0.0,0.0,0.0,0.0,0.0,0.0,0.0,0.0,0.0,0.0,0.0,0.0,0.0,0.0,0.0,0.0,0.0,0.0
0.15448179182749136,0.0,0.0,0.0,0.0,0.0,0.0,0.0,0.0,0.0,0.0,0.0,0.0,0.0,0.0,0.0,0.0,0.0,0.0,0.0,0.0,0.0
0.0549977045195804,0.0,0.0,0.19316267106158877,0.44111781085655244,0.0,0.0,0.21548977442392597,0.0,0.0,0.0,0.0,0.0,0.0,0.0,0.10909260602770456,0.0,0.0,0.0,0.0,0.0,0.0
0.0,0.0,0.0,0.0,1.4402776433883686,0.0,0.0,0.0,0.0,0.0,0.0,0.0,0.0,0.0,0.0,0.0,0.0,0.0,0.0,0.0,0.0,0.0
0.0,0.0,0.0,1.0523099718977211,0.0,0.0,0.0,0.0,0.0,0.0,1.2260480848692854,0.874067499118867,0.0,0.0,0.0,0.0,0.0,0.8178851417372925,0.0,0.0,0.0,0.0
0.1319876499541302,0.0,0.0,0.0,0.0,0.0,0.0,0.0,0.0,0.0,0.7766983746795203,0.013024089525228794,0.0,0.0,0.0,0.5352292007008048,0.0,0.007105032283420322,0.0,0.0,0.0,0.0
0.07653209103434364,0.0,0.0,0.0,0.0,0.0,0.0,0.0,0.0,0.0,0.38554837868684855,1.0867021468504294,0.0,0.0,0.0,0.1075858505113982,0.0,0.2766057750061695,0.0,0.0,0.0,0.7263211727092634
0.0,0.0,0.0,0.0,0.0,0.0,0.0,0.0,0.0,0.0,0.5677623778270351,0.39469168979792246,0.0,0.0,1.4082603096181947,0.0,0.0,0.0,0.0,0.0,0.0,0.0
0.0,0.0,0.0,0.0,0.0,0.0,0.0,0.0,0.0,0.0,0.5078611447643924,0.4209420811092097,0.0,0.0,0.0,0.0,0.0,0.5664836364796482,0.0,0.0,0.0,0.0
0.20479976253634002,0.0,0.23025601465501633,0.49996585740901817,0.0,0.0,0.0,0.0,0.0,0.0,0.5236007976327537,0.0,0.0,0.0,0.0,0.28253838873195236,0.0,0.0,0.0,0.0,0.0,0.0
0.0,0.11976109600644834,0.0,0.0,0.0,0.0,0.0,1.5169284772999958,0.0,0.0,0.7015408434045254,0.45273718537223523,0.0,0.0,0.0,0.48294979771125307,0.0,0.28011047907708886,0.0,0.0,0.0,0.9105688202838728
0.05627559564416047,0.0,0.0,0.0,0.0,0.0,0.0,0.0,0.0,0.0,0.31056266870115545,0.0,0.0,0.0,0.0,0.08661158112603863,0.0,0.0,0.9577181870099974,0.0,0.0,0.0024931430802574805
0.08570456360769821,0.0,0.0,0.0,1.2204486593649384,0.0,0.0,0.0,0.0,0.0,0.21974548691109003,0.0,0.0,0.0,0.0,0.3618654350670252,0.2327642801898624,0.0,0.0,0.0,0.0,0.17200305405930086
0.042763403976433405,0.0,0.0,0.0,0.5380949316175618,0.0,0.0,0.0,0.0,0.0,0.3202718197557156,0.0,0.0,0.0,0.0,0.13307596504995517,0.0,0.04759063682535652,0.6080636230865976,0.0,0.0,0.9129400760543394
0.09879636657657165,0.0,0.0,0.07844356837312214,1.515602182661377,0.0,0.0,0.0,0.0,0.0,0.9806725968473755,0.0,0.0,0.3910911631946578,0.0,0.19318565022518872,0.0,0.0,0.0,0.0,0.0,0.0
0.011912912944395528,0.0,0.20012296147443914,0.06564070099945173,0.0,0.0,0.0,1.0965751020016135,0.0,0.0,1.0530056671097217,0.0,0.0,0.0,0.0,1.1368972128239725,0.0,0.0,0.0,0.0,0.0,0.0
0.0024542854485241506,0.0,0.0,0.1636471582535902,0.0,0.0,0.0,1.1651705901797897,0.0,0.0,0.5379682470610692,0.0,0.0,0.0,0.0,0.18821660023572864,0.0,0.0,0.0,0.0,0.0,0.0
0.0,0.0,0.0,0.0,0.8975540235973442,0.0,0.0,0.19103758440243973,0.0,0.0,0.3300185237891811,0.0,0.0,0.0,0.0,0.0,0.0,0.0770388541873831,0.0,0.45892094718456744,0.0,0.0
0.06570711634338086,0.0,0.0,0.3205123183662171,0.35519048493405,0.0,0.0,0.030207423983682834,0.0,0.0,0.8113075345217763,0.0,0.6595104002749186,0.0,0.0,0.0,0.0,0.6969823776251487,0.0,0.0,0.0,0.0
0.2973971087576608,0.19409684449230644,0.0,0.3205237345802367,0.0,0.0,0.0,0.5685873141829126,0.0,0.0,3.361779531216049,0.8979800451073385,2.2303518511480105,0.0,0.0,1.7867365691862098,0.0,0.8705084298473299,0.0,0.0,0.0,0.0
0.08143534456094942,0.18820848535995338,0.13538945008704467,0.6891497290970883,0.0,0.0,0.0,0.44323627351802114,0.0,0.0,1.6760125646129826,2.0267541157389184,2.657077372353029,0.0,0.8474252179456293,1.373191141594092,0.0,0.0,0.0,0.0,0.0,0.0
0.20273059982940436,0.47889945560920033,0.00979818827608341,0.03617830448602144,0.0,0.0,0.0,0.0,0.0,0.0,1.865101566992461,1.0035018924635888,0.06061768639402282,0.3788117180191057,0.6064694640245647,1.6757262238608384,0.0,0.8881450508028512,0.2879048376092866,0.0,0.0,0.0
0.0,0.10425697140769102,0.043574698542192654,0.14036824850521193,0.0,0.0,0.0,0.0,0.0,0.0,1.9415757152572266,0.3709319339807972,0.2650503665298243,0.0,0.9611590471103887,1.4124704800940635,0.0,0.0,0.0,0.0,0.0,0.0
0.043998114803525536,0.113116041362294,0.0,0.3039758494803659,1.1966197764209112,0.0,0.0,0.0,0.0,0.0,2.1334732123726177,0.7674770745343898,0.6723238900487836,0.0,1.0625067448666474,0.8397096815649421,0.14193553792173028,0.518263046409147,0.0,0.0,0.9557589550524214,0.0
0.036209471731069295,0.0,0.3512321157636739,0.3787614968273441,0.0,0.0,0.0,0.6929668754032334,0.0,0.0,1.2557026846606674,0.5664480337657853,1.7423787384772764,0.0,0.0,1.0268931417782614,0.4091026574463466,0.15506938475083304,0.0,0.0,0.0,0.0
0.24668821707188604,0.0,0.12615231608754068,0.46395684526393044,0.0,0.0,0.0,0.0,0.0,0.0,1.8655248572284613,1.0870750753891443,1.0548104997281056,0.0,1.19760652764662,1.4364416203724246,0.04401730883249815,0.8004579169169077,0.0,0.0,0.0,0.0
0.16737250953233299,0.0,0.1732370479819974,0.7957299937602085,0.0,0.0,0.0,0.03708328549805177,0.0,0.0,2.190603970033634,1.6665041609495468,2.53075291149137,0.0,0.09615629952515163,1.5905803943893444,0.0,0.29253900084683243,0.0,0.0,0.0,0.0
0.05494179185571433,0.0,0.13933611429664855,1.4853511852560888,0.0,0.0,0.0,0.43053049159530776,0.0,0.0,2.1973452241697915,2.1258223779871406,0.9049787903101485,0.0,0.9196241135133496,0.4800964950585106,0.0,0.5189092967056512,0.0,0.0,0.0,1.2349769623258469
0.14097254870667264,0.0,0.0911420384474416,0.11435299046849222,0.0,0.0,0.0,0.4010224119470207,0.0,0.0,1.8768597056980236,1.554086167989408,2.4601917588937208,0.0,0.0,1.0279469916553117,0.0,0.03415347189073306,0.4370084795494973,0.0,0.0,0.0
0.17248476067092966,0.0,0.0,0.0,0.0,0.0,0.0,0.0,0.0,0.0,1.6140249621186926,0.6101659533268147,0.0,0.15310642989601003,0.0,0.5922380581202319,0.0,0.23579502502279323,0.0,0.0,0.0,0.0
0.11444542699086116,0.16818871123155626,0.10577169565080966,0.11491576638114374,0.20233190156024888,0.0,0.0,0.0,0.0,0.0,1.2901196187003645,0.0,0.0,0.0,0.42376492579774183,0.6969684903641999,0.0,0.08931579133949942,0.2965521865242175,0.38454409780696397,0.0,0.0
0.05193778123717942,0.0,0.0,0.0,0.0,0.0,0.0,0.0,0.0,0.0,1.4564584188863359,0.0,0.0,0.0,0.0,1.3556025455315794,0.0,0.0,0.0,0.0,0.0,0.0
0.20673260913820596,0.0,0.0,0.0,0.0,0.0,0.0,0.0,0.0,0.0,1.1822453609422272,0.0,0.0,0.0,0.0,1.2999478276215455,0.0,0.0,0.0,0.0,0.0,0.0
0.0,0.0,0.0,0.0,0.0,0.0,0.0,1.5176545852110492,0.0,0.0,0.8055889466135373,0.0,0.0,0.0,0.0,0.5309374877770351,0.0,0.0,0.0,0.0,0.0,0.0
0.14590815875582874,0.0,0.0,0.0,0.0,0.0,0.0,0.0,0.0,0.0,0.30921429355757035,0.0,0.0,0.0,0.0,0.3755139311816984,0.0,0.5257908857344056,0.0,0.0,0.0,0.0
0.0,0.0,0.0,0.0,0.0,0.0,0.0,1.0303210771885558,0.0,0.0,0.4381092765037493,0.4447095251290414,0.0,0.0,0.0,1.61743564035341,0.0,0.0,0.8378141973689018,0.0,0.0,0.0
0.030569599949270554,0.0,0.0,0.0,0.0,0.0,0.0,0.0,0.0,0.0,0.5557035105935662,0.5858023133927975,0.0,0.0,0.0,0.8312576871091819,0.0,0.0,0.0,0.0,0.0,0.0
0.09096020045456464,0.0,0.0,0.0,0.6649849500333098,0.0,0.0,0.46095270800143257,0.0,0.0,0.5129510145198178,0.0,0.0,0.0,0.0,0.6494101109595316,0.0,0.0,0.8364346777800494,0.0,0.0,0.0
0.0,0.0,0.0,0.0,0.0,0.9414173413955207,0.0,0.9016490197158644,0.0,0.0,0.5460416880917337,0.0,0.0,0.0,0.0,2.6903891953608277,0.0,0.0,0.0,0.0,0.0,0.0
0.0,0.0,0.0,0.0,0.9863228788956879,0.0,0.0,0.0,0.0,0.0,0.2142327562425411,0.0,0.0,0.0,0.0,0.7150338840527735,0.0,0.31481072640831725,0.0,0.0,0.0,0.4218145857290267
0.0,0.0,0.0,0.0,0.0,0.0,0.0,0.0,0.0,0.0,0.2708535664345405,0.0,0.0,0.0,0.0,0.0,0.0,0.0,0.0,0.0,0.0,0.0
0.0,0.0,0.0,0.0,0.0,0.0,0.0,0.0,0.0,0.0,0.2708535664345405,0.0,0.0,0.0,0.0,0.0,0.0,0.0,0.0,0.0,0.0,0.0
0.0,0.0,0.0,0.0,2.929129105307787,0.0,0.0,0.0,0.0,0.0,0.20630260835627232,0.0,0.0,0.0,0.0,0.0,0.0,0.0,0.0,0.0,0.0,0.0
0.0,0.0,0.0,0.0,0.0,0.0,0.0,0.0,0.0,0.0,0.9047181037148491,0.0,0.0,0.0,0.0,1.2608758802964863,0.0,0.716250700069326,0.0,0.0,0.0,0.0
0.0,0.07837162143418998,0.0,0.33417972494617526,0.0,0.0,0.0,0.0,0.0,0.0,0.7543399244752518,0.0,2.6440622957330002,0.19192496551927432,0.0,0.4386559880881083,0.0,0.1452233482479226,0.0,1.0010785940703202,0.0,0.0
0.0,0.0,0.0,0.0,0.0,0.0,0.0,0.0,0.0,0.0,0.7836344513230202,0.0,0.7753977202174858,0.0,0.0,0.6663836657740785,0.0,0.0,0.0,0.47536797386664886,0.0,0.0
0.0330629175224161,0.0,0.011094911499323953,0.0,0.0,0.0,0.0,0.0,0.0,0.0,0.3004737101374702,0.0,0.0,0.0,0.0,0.48211107713730195,0.0,0.1415940645681769,0.0,0.0,0.0,0.0
0.0,0.0,0.0,0.7407620448106009,0.0,0.0,0.0,0.0,0.0,0.0,0.6035367987482002,0.0,0.0,0.0,0.0,0.0,0.0,0.0,0.0,0.0,0.0,0.0
0.2729450112599462,0.0,0.0,0.0,0.0,0.0,0.0,0.0,0.0,0.0,0.33945141602864076,0.48775435058161665,0.0,0.0,0.0,0.09670284642999387,0.0,0.3984704737365287,0.0,0.0,0.0,0.23323545198367165
0.015803051378291053,0.0,0.0,0.0,0.0,0.0,0.0,0.0,0.0,0.0,0.6951552110527983,0.2559678472358715,0.0,0.0,0.0,0.05074853641541161,0.0,0.0,0.0,0.0,0.0,0.0
0.0,0.0,0.0,0.0,0.0,0.0,0.0,0.0,0.0,0.0,0.5283224531368311,0.5389476729887533,0.0,0.0,0.0,0.0,0.0,0.0,0.0,0.0,0.0,0.6858816692628698
0.0033852563632406304,0.0,0.0,0.0,0.0,0.0,0.0,0.0,0.0,0.0,0.2378953584754876,0.0,0.0,0.0,0.0,0.46680451456196576,0.0,0.0,0.0,0.0,0.0,0.0
0.0,0.0,0.0,0.0,0.0,0.0,0.0,0.09874103438865162,0.0,0.0,0.8075971341885442,0.0,0.0,0.0,0.0,0.0,0.0,0.0,0.0,0.0,0.0,0.0
0.06754452939215318,0.0,0.0,0.0,0.938183454498563,0.0,0.0,0.5842547230148208,0.0,0.0,0.5920519949437338,0.0,0.0,0.0,0.0,0.46401702909451353,0.0,0.0,0.0,0.0,0.0,0.0
0.0,0.0,0.3220240215240557,0.0,0.481439743439502,0.0,0.0,0.5994941341623009,0.0,0.0,0.3733163950378364,0.0,0.0,0.0,0.0,0.28266656619520814,0.0,0.0,0.0,1.619851190794436,0.0,0.7376819877711938
0.05046281858788623,0.16772616880209915,0.0,0.0,0.0,0.0,0.0,0.0,0.0,0.0,0.7006669698719227,1.793551113016441,0.0,0.0,0.0,0.2927141111599618,0.0,0.0,0.0,0.0,0.0,3.1449586553025837
0.051491809044568765,0.32261618514893575,0.07022330549471673,0.6222796431832248,0.0,0.0,0.0,0.0,0.0,0.0,0.5172045462917374,0.7089300312011984,0.0,0.0,1.046257978157418,0.3273778865417169,0.0,0.0,0.6914505557342384,0.0,0.0,0.0
0.07919564007909585,0.0,0.2717532591461329,0.6584994616286342,0.0,0.0,0.0,0.5166005828786937,0.0,0.0,1.8416647966570157,0.0,1.3365354429160343,0.0,0.0,0.5600272707161751,0.0,0.0,0.0,0.0,0.0,0.0
0.12481046309479125,0.20757691819540472,0.0,1.1865091207378264,0.0,0.0,0.0,0.5813726209584277,0.0,0.0,2.410470684329433,1.2875025497182842,3.5491842086242866,0.0,0.0,1.1384800225183134,0.0,0.18411575241980102,0.08522129550800242,0.0,0.0,0.0
0.0843095288644807,0.13396788880104654,0.0,0.6386719577201175,0.0,0.0,0.0,0.0,0.0,0.0,1.7488846175487196,1.1572049211982494,0.9771033088988733,0.0,0.0,0.6755701372868311,0.0,0.6767975409286745,0.0,0.0,0.0,0.0
0.188066962139052,0.03210132040722873,0.0,0.0,0.0,0.0,0.0,0.10884230508188358,0.0,0.0,1.6935288757069524,0.8423820345717312,0.0,0.0,0.0,0.7148902768890953,0.21753600354869038,0.1987668590843003,0.0,0.0,0.0,0.0
0.045570273924333285,0.0,0.20482889379149005,0.8452673652952273,0.0,0.0,0.0,0.2711989850722175,0.0,0.0,2.9532743275058975,1.698289066807996,0.9542305053233434,0.0,0.7032141432260984,1.282949300243963,0.0,1.106968945035185,0.0,0.2838956396430496,2.368628677505609,0.0
0.11383076651262512,0.0,0.0,0.2657225479165372,0.0,0.0,0.0,0.7556188760058543,0.0,0.0,2.965627912547051,3.079250007520849,1.1147989674965735,0.37131306571401257,0.0,1.5494936403431772,0.6765002511983517,0.6062246246800231,0.0,0.0,0.0,0.0
0.13627801922278993,0.1816768239210056,0.4095755800974371,0.7710349421249367,0.7354172033800443,0.0,0.0,1.0712367746744615,0.0,0.0,3.315072254081486,1.4423143640241634,1.0499679019057622,0.0,0.0,1.0076696619886403,0.909869994835582,0.5265699922429212,0.0,0.0,0.0,0.0
0.11486923357388604,0.1051312992683099,0.1153630278407328,0.45382743071015264,0.0,0.0,0.0,0.0,0.0,0.0,2.1985482595331813,1.2494454003148814,0.0,0.0,0.0,0.9235329512887229,0.0,0.5790990294040006,0.0,0.0,0.0,0.0
0.24726583399590774,0.0,0.0,0.0,0.0,0.0,0.0,0.0,0.0,0.0,1.841262181959896,0.6281695944108195,0.0,0.0,0.0,1.1489859575124544,0.0,0.2581724834258319,0.0,0.0,0.0,0.0
0.051308492451472745,0.14975450940763602,0.0,0.2827121651488439,0.0,0.0,0.0,0.4020595203039269,0.0,0.0,0.7762294894066414,0.0,0.0,0.0,0.0,1.2270396793014995,0.0,0.0,0.0,0.0,0.0,0.0
0.11561754534193126,0.0,0.016661591425112574,0.0362001897496849,1.6205512101601767,0.0,0.0,0.0,0.0,0.0,0.7171843797705293,0.0,0.0,0.0,0.0,0.8037670629753152,0.0,0.0,0.09341838601375888,0.0,0.0,0.7487480561352116
0.0,0.0,0.2245384536883142,0.0,0.0,0.0,0.0,0.0,0.0,0.0,0.6745220879924467,0.0,0.0,0.0,0.0,0.8160749591548615,0.0,0.26356752169888237,0.0,0.0,0.0,0.0
0.08145110881275212,0.12928861432297498,0.0,0.0,0.0,0.0,0.0,0.43836423627566445,0.0,0.0,1.1164377846143279,0.0,0.0,0.0,0.0,0.09955213354862398,0.0,0.0,0.0,0.0,0.0,0.0
0.0,0.0,0.0,0.0,0.0,0.0,0.0,0.0,0.0,0.0,0.0,0.0,0.0,0.0,0.0,0.0,0.0,0.0,0.0,0.0,0.0,0.0
0.04844981017645757,0.0,0.0,0.0,0.0,0.0,0.0,0.37965854203934424,0.0,0.0,1.8141195976923687,0.6639916127525893,0.0,0.0,0.0,1.9057024417919042,0.0,0.0,0.0,0.0,0.0,0.0
0.017475624908707334,0.0,0.0,0.0,0.0,0.0,0.0,0.0,0.0,0.0,0.35962947140075,0.0,0.0,0.0,0.0,0.19032854424787632,0.0,0.07484048435880211,1.015295749477897,0.0,0.0,0.0
0.0,0.0,0.22603549012046456,0.0,0.0,0.0,0.0,0.837001396443932,0.0,0.0,0.12387110654728603,0.0,0.0,0.0,0.0,0.06483427740343511,0.0,0.0,0.0,0.0,0.0,0.0
0.028460233984814547,0.0,0.295988476086307,0.0,0.6775540355216756,0.661798175880468,0.0,1.2652512501221047,0.0,0.0,0.07373937100163432,0.0,0.0,0.0,0.0,0.41927939053264174,0.0,0.0,0.0,0.0,0.0,0.0
0.11838728153128662,0.0,0.0,0.0,0.0,0.0,0.0,0.0,0.0,0.0,0.10606429848044063,0.0,0.0,0.0,0.0,0.9151755589977038,0.0,0.0,0.0,0.0,0.0,0.0
0.0,0.0,0.0,0.0,0.0,0.0,0.0,0.0,0.0,0.0,0.0,0.0,0.0,0.0,0.0,0.0,0.0,0.0,0.0,0.0,0.0,0.0
0.0,0.0,0.0,0.0,0.0,0.0,0.0,0.0,0.0,0.0,0.0,0.0,0.0,0.0,0.0,0.0,0.0,0.0,0.0,0.0,0.0,0.0
0.0,0.0,0.0,0.0,3.80414459779698,0.0,0.0,0.0,0.0,0.0,0.0,0.0,0.0,0.0,0.0,0.0,0.0,0.0,0.0,0.0,0.0,0.0
0.0,0.0,0.0,0.0,0.0,0.0,0.0,0.0,0.0,0.0,1.354203669389088,0.0,0.0,0.0,0.0,0.0,0.0,1.2947152331688792,0.0,0.0,0.0,0.0
0.0047815295337578995,0.0,0.0,0.0,0.0,0.0,0.0,0.7680501973749814,0.0,0.0,1.4360051214887706,0.9236998778296561,0.0,0.0,0.0,2.2218656862967334,0.0,0.9833664571037612,0.0,0.0,0.0,0.0
0.0,0.0,0.25418827491696094,0.7659029895082112,0.0,0.0,0.0,0.0,0.0,0.0,1.30269886754009,0.30437034198494684,0.0,0.0,0.0,0.2394001038597769,0.6072278064300943,0.0,0.0,0.0,0.0,0.0
0.0,0.0,0.00512828493011288,0.0,0.0,0.0,0.0,0.015845734202847746,0.0,0.0,0.33536261916767307,0.9036138661571186,0.0,0.0,0.0,0.006292723181556551,0.29587955705434715,0.0,0.0,0.0,0.0,0.2862445213187622
0.0,0.0,0.0,0.0,0.0,0.0,0.0,0.0,0.0,0.0,1.6840583150560176,1.3691033195473197,2.736311169935333,0.0,0.0,0.8566359988286106,0.21187268232750034,0.0,0.0,0.0,0.0,0.0
0.013930737769222773,0.09399713538217075,0.0,0.0,0.0,0.0,0.0,0.0,0.0,0.0,1.3442857287232794,0.31928134862665786,0.0,0.0,0.0,0.36015129071719304,0.0,0.0,0.0,0.0,0.0,0.0
0.10793864772709601,0.0,0.0,0.0,0.0,0.0,0.0,0.0,0.0,0.0,1.2096121099640968,0.0,0.0,0.0,0.0,1.2811570238647407,0.0,0.853863462720255,0.0,0.0,10.56780968694786,0.0
0.09928628489643816,0.0,0.0,0.0,0.0,0.0,0.0,0.0,0.0,0.0,0.7664018761111684,0.0,1.5577713513278646,0.0,0.0,0.2926957881859549,0.0,0.4251998821588974,0.0,0.0,0.0,0.0
0.0784702546671597,0.0,0.0,0.0,0.6110364343480482,0.3973070286485562,0.0,0.07088591890923925,0.0,0.0,0.2700278176340649,0.0,0.0,0.0,0.0,0.5491473071544124,0.0,0.0,0.0,0.0,0.0,0.0
0.0,0.0,0.0,0.0,0.0,0.0,0.0,0.16799853065566633,1.0690363788653239,0.0,0.29921243874779213,0.0,0.0,0.0,0.0,0.281517198974058,0.0,0.2166995939356412,0.0,0.0,0.0,0.0
0.2604972225199258,0.0,0.0,0.0,0.0,0.0,0.0,0.0,0.0,0.0,0.47294907168076084,0.4840887405134282,0.0,0.0,0.0,1.0831054246180964,0.0,0.0,0.0,0.5061417255913877,0.0,0.0
0.03700459731699931,0.16163115279208778,0.2578289229437393,0.5648852108713245,0.0,0.0,0.0,0.0,0.0,0.0,1.5577761559928707,0.8709842783729531,0.9314958887692991,0.12658263736234807,0.0,0.7078892384362835,0.0,0.1584745610628646,0.0,0.0,0.0,0.203259809339585
0.17891334242741425,0.05797944000731564,0.0,0.0,0.0,0.0,0.0,0.6942305616421096,0.0,0.0,1.6055537583988402,0.325382245086577,0.0,0.0,0.8421884709130705,0.7278041163859527,0.7711629022276907,0.17750579426789534,0.0,0.0,0.0,0.0
0.25397741758007847,0.0008605207293381371,0.0,0.3650984818831816,0.4462681257474234,0.0,0.0,0.0,0.0,0.0,1.9926480992796702,1.0308154292408895,0.005841838240505477,0.0,0.0,0.9066026566983753,0.30857136368811694,0.8918668163050947,0.0,0.0,0.0,0.0
0.0,0.0,0.0,1.0637973721714826,0.0,0.0,0.0,0.0,0.0,0.0,4.289975657286256,1.5155597721588623,3.0051165735104304,0.0,2.5177431614406527,0.8623646959240179,0.75096763892744,0.6787636153867018,0.0,0.0,0.0,0.0
0.07036514681308186,0.02564581348904594,0.0,0.24710216044884437,0.0,0.0,0.0,0.9966346086475292,0.0,0.0,3.253436913576267,1.7893959046333143,0.9299052023110852,0.0,0.0,0.5020207862042421,0.28677486956718085,0.543739212479286,0.0,0.0,0.0,0.0
0.08827274371024138,0.0,0.0,0.4863868982616153,0.0,0.0,0.0,0.387584486783337,0.0,0.0,1.5973637895665056,3.8195566128764407,0.1022918733456642,0.0,1.0326229346767635,1.746166882603342,0.0,0.40969866064558125,0.0,0.0,0.0,0.0
0.17392347909628048,0.0,0.0,0.8716692552928036,0.0,0.0,0.0,0.6825314127541668,0.0,0.0,4.836819069765931,3.616860756849979,2.014540293446516,0.0,0.0,1.9759392026698974,0.6823271983753397,0.33880686944174515,1.1249289340164035,0.0,0.0,0.0
0.07213238100622793,0.0,0.0,0.4669734056807388,0.0,0.0,0.0,0.0,0.0,0.0,1.708314398956349,1.4104228538221435,1.819568976934048,0.0,0.0,0.6701907303614683,0.0,0.17781547096427222,0.0,0.0,0.0,0.0
0.3275071730817409,0.0,0.2864792096780153,0.0,0.0,0.0,0.0,0.8406223339752811,0.0,0.0,1.842648029728233,1.6570723400526002,1.0478562572621386,0.0,0.0,0.3003768783250188,0.8403708185658023,0.12737174804926923,0.0,0.0,0.0,0.0
0.059276026962699076,0.0,0.1503280287911985,0.0,0.0,0.0,0.0,0.9287711561659048,0.0,0.0,0.5676324334672642,0.0,0.9300226785536949,0.0,0.0,0.3417657575740534,0.0,0.44978796662176834,0.0,0.0,0.0,0.0
0.05771213898190834,0.0,0.04309637128178965,0.0,0.0,0.0,0.0,0.33238489882158534,0.0,0.0,0.1996896056897161,0.0,0.0,0.0,0.0,0.08980121289679534,0.0,0.0,0.0,0.0,0.0,0.0
0.0293601344726725,0.0,0.0,0.0,0.0,0.08433727930307384,0.0,0.3712825443330413,0.0,0.0,0.26056993745167795,0.0,0.0,0.0,0.0,0.2019602029386112,0.0,0.0,0.0,0.0,0.0,0.0
0.15999116576117375,0.0,0.0,0.0,0.0,0.0,0.0,0.0,0.0,0.0,0.09120004336630139,0.0,0.0,0.0,0.0,0.1256012389811841,0.0,0.0,0.0,2.200688418538447,0.0,0.0
0.0,0.0,0.0,0.0,1.0462184183828585,0.0,0.0,0.6515336092470144,0.0,0.0,0.5958251974860622,0.0,0.0,0.0,0.0,1.4006576100518684,0.0,0.0,1.7659394208688148,0.0,0.0,0.0
0.10460015754710071,0.24174561213550302,0.0,0.0,0.0,0.0,0.0,0.0,0.0,0.0,1.1064760520251546,0.2511316939221099,0.0,0.0,0.0,1.1788182855475875,0.8194141767878864,0.0,0.0,0.0,0.0,0.0
0.05165547641166364,0.0,0.0,0.0,0.0,0.0,0.0,0.0,0.0,0.0,0.23277208443352893,0.0,0.0,0.0,0.0,0.5594678074552923,0.0,0.0,0.0,0.0,0.0,0.0
0.04600719276590479,0.1063290652580668,0.0,0.0,1.3830503634000841,0.0,0.0,0.0,0.0,0.0,0.5460667915345607,0.0,0.0,0.0,0.0,0.4750244631891474,0.0,0.26499859607139714,0.0,0.0,0.0,0.5173650305069276
0.04108351819148003,0.0,0.0,0.0,0.0,0.0,0.0,0.5050193219289985,0.0,0.0,0.09454635860236818,0.0,0.0,0.0,0.0,0.20055535158891205,0.0,0.0,0.0,0.0,0.0,0.0
0.0869072601299673,0.0,0.0,0.27112789524566067,0.3398064911635579,0.0,0.0,0.42757819187392915,0.0,0.0,0.24610207218923283,0.0,0.0,0.0,0.0,0.04907740537202647,0.0,0.0,0.0,0.0,0.0,0.30368012767461244
0.019501832097614726,0.0,0.0,0.0,0.0,0.0,0.0,0.5720940881307104,0.0,0.0,0.09368341743703446,0.0,0.0,0.0,0.0,0.12136911806173145,0.0,0.0,0.0,0.0,0.0,0.0
0.06126348970814285,0.35915768111051577,0.0,0.0,0.0,0.0,0.0,0.0,0.0,0.0,0.054886546716090036,0.0,0.0,0.0,0.0,0.3758279057284971,0.0,0.0,0.0,0.0,0.0,0.0
0.0,0.0,0.0,0.0,0.0,0.0,0.0,0.0,0.0,0.0,0.0,0.0,0.0,0.0,0.0,0.0,0.0,0.0,0.0,0.0,0.0,0.0
0.0,0.0,0.0,0.6801756469470577,0.0,0.0,0.0,0.0,0.0,0.0,1.3542036693890882,0.0,0.0,0.0,0.0,0.0,0.0,0.0,0.0,0.0,0.0,0.0
0.0,0.2097081744499634,0.053417452223325605,0.49997045431256576,0.0,0.0,0.0,0.16505298774526259,0.0,0.0,0.778079881459431,0.0,0.0,0.0,0.0,0.5417280757056814,0.0,0.0,0.0,0.0,0.0,0.0
0.05514983075609872,0.0,0.13986371507236103,0.06345171151036931,0.0,0.0,0.0,0.0,0.0,0.0,0.5843955326236018,0.40956342174988186,0.0,0.0,0.0,0.31992750303955414,0.0,0.20409643837286623,0.0,0.0,0.0,0.0
0.0,0.0,0.0,0.0,0.0,0.426750625996762,0.0,0.0,0.0,0.0,0.7642556173633964,0.3976774474385465,0.0,0.0,0.0,0.0,0.0,0.03256880578093456,0.0,0.0,0.0,0.0
0.07392458905106242,0.0,0.09920392295889721,0.21553768445026777,0.9686236151692266,0.0,0.0,0.202204042373437,0.0,0.0,0.6492632412790927,0.0,0.0,0.0,0.0,0.08940497205283851,0.0,0.0,0.0,0.0,0.0,0.0
0.07906516980834809,0.0,0.0,0.17388215408382876,0.0,0.0,0.0,0.0,0.0,0.0,0.433652680102627,0.19146226267052527,0.0,0.0,0.0,0.512167198853939,0.0,0.13514613948014612,0.0,0.0,0.0,0.0
0.029432205336938046,0.0,0.0,0.0,0.0,0.0,0.0,0.0,0.0,0.0,0.692753890039185,0.11552846533657202,3.5760681182359013,0.0,0.0,1.4072639685074764,0.3013435020596928,0.29895627963530963,0.0,0.0,0.0,0.0
0.004980991405190334,0.0,0.0,0.7889245039488957,0.0,0.0,0.0,0.7069912779685655,0.0,0.0,0.4510585634265658,0.0,0.2083347149954925,0.0,0.0,0.0802872369070976,0.1040203535703337,0.0,0.0,0.0,0.0,0.11196230459879551
0.13935080468090186,0.0,0.0,0.0,0.0,0.0,0.0,0.0,0.0,0.0,0.36732683975129576,1.162513755997715,0.0,0.0,0.0,0.5311140540452339,0.0,0.0,1.7363707713999674,0.0,0.0,0.0
0.0365449637367662,0.0,0.11438855324088622,0.0,0.3020708781761607,0.0,0.0,2.166857468844115,0.0,0.0,1.1985228236355059,0.0,0.0,0.0,0.0,1.286394759872232,0.6820207466606516,0.014618622372166788,0.0,0.0,0.0,0.0
0.19864325860381682,0.0,0.0,0.0,1.027026976327116,0.0,0.0,0.3122624759861502,0.0,0.0,0.7154498819557019,0.0,0.0,0.0,0.0,0.6662743781149133,0.0,0.12336656461935994,0.0,0.0,0.0,0.8037808717517106
0.21736764867882064,0.1413959974288308,0.0,0.28463167121039784,0.0,0.0,0.0,0.0,0.0,0.0,0.9325127753715736,0.48028170822375515,0.10208352928595835,0.0,0.0,0.33056230793686114,0.0,0.37647299943059054,0.0,0.0,0.0,1.161138479050078
0.1750955478050829,0.0923949461495739,0.24329930885256013,0.36863785067207855,0.0,0.0,0.0,0.1461942139941722,0.0,0.0,2.245007864611864,0.8249113174649112,0.9136419247285654,0.0,0.0,0.8915891627492284,0.3131793295841806,0.81140857132572,0.0,0.31453502852654863,0.0,0.0
0.0946487971500859,0.0,0.0,1.4255055074772638,0.0,0.0,0.0,0.9070595876406081,0.0,0.0,1.785660899939864,0.4444095445479204,1.1004858443933738,0.0,0.0,0.7189489907342739,0.0,0.8601026497735432,0.0,0.0,0.0,0.0
0.2892705673828093,0.38277422548818407,0.4080171014835772,0.7938203722361858,0.0,0.0,0.0,0.6727638781025715,0.0,0.0,2.3038749312224565,1.5667952917394674,1.1102910090567315,0.0,0.6594407654147596,1.953016794102103,0.0,0.6223535430882604,0.0,0.0,0.0,0.0
0.061790379901267234,0.1547046271678592,0.18401262941872787,0.6933672766927573,0.0,0.0,0.0,0.22264519256092155,0.0,0.0,2.2760870637956447,1.5493636266845647,0.0,0.0,0.0,1.0898473075969397,0.34332628660329817,0.9281833716830745,0.669329923719907,0.0,2.0938549046586608,0.0
0.1989940323169623,0.0,0.09464476159728834,0.36670595986986576,0.0,0.0,0.0,0.38986492481280755,0.0,0.0,0.869745720354856,0.7423543715481399,0.0,0.0,0.0,0.978087325647034,0.0,0.28501426763370635,0.3983069269312269,0.0,0.0,0.0
0.09188826544926856,0.28277948404530545,0.0,0.28929668332055414,1.0366291707789648,0.0,0.0,0.0,0.0,0.0,0.9445580574383614,0.0,0.0,0.0,0.0,1.1863572373978637,0.0,0.5050508563197954,0.0,0.0,0.0,0.0
0.12154154561742098,0.0,0.208494463209079,0.0,0.8533064928246715,0.0,0.0,1.1756183119303416,0.0,0.0,0.4850773134469468,0.0,0.0,0.0,0.0,0.32001603977391546,0.0,0.0,0.0,0.0,0.0,0.0
0.018752435507603415,0.0,0.0,0.0,1.2204842157372355,0.2623904792054644,0.0,0.34321159470393386,0.4719168037935972,0.0,0.11626452350405145,0.0,0.0,0.0,0.0,0.0,0.0,0.0,0.0,0.0,0.0,0.0
0.1863187054615932,0.0,0.0,0.0,1.6475139663681695,1.0712436146841782,0.0,0.0,0.0,0.0,0.34867686385731905,0.0,0.0,0.0,0.0,0.0,0.0,0.2372134376441219,0.0,2.8198695582328805,0.0,0.0
0.13140865756308423,0.0,0.0545147489101611,0.0,0.8976861298979986,0.0,0.0,0.0,0.0,0.0,0.3306245970753092,0.0,0.0,0.0,0.0,0.00934493229796658,0.0,0.0,0.0,0.0,0.0,0.0
0.14897711352332932,0.0,0.0,0.0,0.03128099187062364,0.0,0.0,0.0,0.0,0.0,0.17322642250496115,0.0,0.0,0.0,0.0,0.2863965874494305,0.0,0.0,0.0,0.0,0.0,0.0
0.11476551750615152,0.0,0.0,0.0,0.0,0.0,0.0,0.0,0.0,0.0,0.20061273297744978,0.0,0.0,0.0,1.5343080213170506,0.5225757294481977,0.0,0.0,0.0,0.0,0.0,0.0
0.04000690321888015,0.0,0.0,0.0,0.0,0.0,0.0,1.0582392463312706,0.0,0.0,0.40814434091273427,0.47540362492493377,0.0,0.0,0.0,0.6714211683700874,0.0,0.0,0.0,0.0,0.0,0.0
0.11224820419772195,0.0,0.0,0.0,0.0,0.0,0.0,0.0,0.0,0.0,0.6756782725906916,0.5180067922780117,0.0,0.0,0.0,0.20873202601550758,0.0,0.0,0.0,2.723579766583158,0.0,0.6079226966364172
0.11549360761400838,0.14648378912577273,0.16074007988814443,0.0,0.0,0.6130881270609826,0.0,0.0,0.0,0.0,0.2946104952330084,0.0,0.0,0.0,0.0,0.032265410637348786,0.0,0.0,0.0,0.09662349575755919,0.0,1.0435494701827215
0.43018622742152285,0.0,0.010834259640613332,0.15681462065230228,0.2812021500079427,0.0,0.0,0.22301414275156015,0.0,0.0,0.1733706362576158,0.22341714703766366,0.0,0.0,0.0,0.0,0.3258076538125561,0.37395528699533576,0.0,0.0,0.0,0.2617790535423998
0.045359158732276375,0.0,0.0,0.0,1.0325799016044783,0.0,0.0,0.0,0.0,0.0,0.0,0.0,0.0,0.0,0.0,0.14777518326659767,0.0,0.0,0.27168128778353484,1.3707819445362817,0.0,0.0
0.0,0.0,0.0,0.0,0.0,0.0,0.0,2.369035008704266,0.0,0.0,0.0,0.0,0.0,0.0,0.0,0.9408009326897075,0.0,0.0,0.0,0.0,0.0,0.0
0.0,0.0,0.0,0.0,0.0,0.0,0.0,0.0,0.0,0.0,0.2708535664345405,0.0,0.0,0.0,0.0,0.0,0.0,0.0,0.0,0.0,0.0,0.0
0.0470400755511721,0.4060223859290125,0.0,0.5182883017730285,0.0,0.0,0.0,0.0,0.0,0.0,0.16856862525677055,0.36927780252864395,0.738044354608972,0.0,0.0,0.5467025177874673,0.0,0.20145214016182364,0.0,0.0,0.0,0.0
0.11666050958683685,0.0,0.29585897271761674,0.0,0.0,0.0,0.0,0.0,0.0,0.0,0.923824396697345,0.0,0.0,0.0,0.0,0.7916847706838855,0.0,0.49960611358013934,0.0,0.0,0.0,0.0
0.07932822523945976,0.0,0.0,0.0,0.0,0.0,0.0,0.0,0.0,0.0,0.5312120038382044,0.0,0.0,0.0,0.0,0.1768705162371526,0.0,0.40440717025196543,0.0,0.0,0.0,0.0
0.0,0.6987094936398556,0.0,0.0,0.0,0.0,0.0,0.0,0.0,0.0,2.437451126480161,0.0,0.0,0.0,0.0,0.9408009326897075,0.0,0.0,0.0,0.0,0.0,0.0
0.0,0.0,0.0,0.5262288694226094,0.0,0.0,0.0,0.4401245997529595,0.0,0.0,0.5206499770525459,0.0,0.0,0.0,0.0,0.5077604097444213,0.0,0.30969570198280505,0.0,0.0,0.0,0.0
0.07729841695057885,0.0,0.0972282204425352,0.0,0.0,0.0,0.0,0.0,0.0,0.0,0.26594469918312563,0.0,0.0,0.0,0.0,0.482213000904044,0.0,0.0,0.0,0.0,0.0,0.6204945616201835
0.22057014692134136,0.0,0.14790746728337079,0.0,0.0,0.0,0.0,0.0,0.0,0.0,1.2785394269956765,0.0,0.6631965274026624,0.0,0.0,1.5661636671890453,0.0,0.0,0.0,0.0,0.0,0.0
0.06098966559699499,0.0,0.0,0.0005097412522404793,0.9344552290665504,0.6836431214746544,0.0,0.00036253294696158515,0.0,0.0,1.7878133217980983,0.47878600161078944,0.0007258733261784989,0.0,0.0,0.5583044009509239,0.4777793628582861,0.0,0.1182615348206203,0.0,0.0,0.186948847841019
0.05692298855675582,0.0,0.144360563639426,0.34260997502867147,0.0,0.0,0.0,0.0,0.0,0.0,1.219602185043784,0.6889199203773404,0.0,0.0,0.0,0.2815089183825106,0.26273483666819336,0.47486819520102624,0.0,1.586268508135583,0.0,0.0
0.045642876860610804,0.0,0.4386866926550492,0.6303730788134404,0.0,0.0,2.066820381510651,0.019216992310258446,0.0,0.0,2.558261306441195,0.6963550250224986,0.8085272445416614,0.0,0.0,1.1886191740580978,0.0,0.645900816146797,0.0,0.0,0.0,0.0
0.09668677305272175,0.0,0.04397332676433043,0.0,0.0,0.0,0.0,0.0,0.0,0.0,2.222816404441889,1.5146014940190131,0.5871380533796773,0.0,0.0,1.7736153571436146,0.0,0.6033761265655833,0.0,0.0,0.0,0.0
0.20083137426649025,0.0361478169382049,0.02131462868415009,0.33709386430502164,0.0,0.24465509142758288,0.0,0.38970929142228483,0.0,0.0,2.1218684786380786,1.0630696155835955,1.2783845163918979,0.0,0.21510008127425684,0.6781830802335683,0.0,0.9665086955565472,0.0,0.0,0.0,0.0
0.01734335245286936,0.0,0.0,0.0,0.0,0.0,0.0,0.0,0.0,0.0,1.4198935184307975,0.0,0.0,0.0,0.6221093520944899,0.6009923389946856,0.0,0.7078582405022229,0.0,0.0,0.0,0.0
0.023691006160162655,0.0,0.0,0.4462546345391225,0.0,0.0,0.0,0.18564557478045654,0.0,0.0,0.9324985845329181,1.311236590889493,0.0,0.0,0.0,1.0926466589638248,0.0,0.17898530688105888,0.0,0.0,0.0,0.0
0.10266447185405655,0.0,0.0,0.07163678416881719,0.0,0.0,0.0,0.10331678734389546,0.0,0.0,1.0506191954382733,0.0,0.0,0.0,0.0,2.1371693784255754,0.0,0.30866025485312965,0.0,1.8386911125506695,0.0,0.0
0.13225596755728483,0.0,0.02001314555356924,0.39815645484303464,0.0,0.0,0.0,0.0,0.0,0.0,0.26092844376693275,0.0,0.0,0.0,0.0,0.4040487277312695,0.0,0.0,1.3814899959160625,0.0,0.0,0.0
0.0670562185517182,0.1312469285998645,0.2293131767410608,0.0,0.7145778022990076,0.0,0.0,0.0,0.0,0.0,2.196749086905963e-05,0.0,0.0,0.0,0.0,0.0,0.0,0.0,0.0,0.0,0.0,0.0
0.26367464300922216,0.0,0.18295865881485346,0.39750933728113585,0.0,0.05501239623826992,0.0,0.5462384930087228,0.0,0.0,0.2523208642159349,0.0,0.0,0.0,0.0,0.0,0.0,0.0,0.0,0.0,0.0,0.0
0.05885990637660164,0.0,0.14927271873327527,0.09568084593778974,0.0,0.5951702170454789,0.0,0.0,0.0,0.0,0.038476270967555994,0.0,0.0,0.0,0.0,0.07960832567659465,0.0,0.0,0.0,0.0,0.0,0.0
0.0,0.003440796068682846,0.0,0.0,0.0,0.7402399992634666,0.0,0.011666316858037755,0.0,0.0,0.13133921828577697,0.0,0.0,0.0,0.0,0.02315963819711698,0.7991410877059327,0.0,0.0,0.0,0.0,0.43442373901746684
0.0,0.0,0.0,0.0,0.5778483341876448,0.21302410493627766,0.0,0.0,0.0,0.0,0.08585517873276634,0.0,0.0,0.0,0.0,0.16103899171688463,0.0,0.0,2.1688781495125307,0.0,0.0,0.0
0.14291142498913184,0.0,0.0,0.0,0.30723315474022284,0.0,0.0,0.23231482934226527,0.0,0.0,1.0880383682366037,0.5559105609738841,0.0,0.0,0.0,0.44862269037515545,0.0,0.0,1.0400034576703057,0.0,0.0,1.39685106155137
0.05284350261666996,0.0,0.0,0.0,0.0,0.0,0.0,0.4926480705717351,0.0,0.0,0.4564368554518549,0.0,0.0,0.0,0.0,0.10961378372169911,0.27598815824256523,0.0,0.0,0.0,0.0,0.39590266310306166
0.05616456117571364,0.0,0.0,0.0,0.7067226388673608,0.0,0.0,0.0,0.0,0.0,0.03326731316346196,0.0,0.0,0.0,0.0,0.0,0.0,0.0,0.0,0.0,0.0,0.0
0.0,0.0,0.0,0.0,0.0,0.4311599353255008,0.0,0.0,0.0,0.0,0.09133583519974064,0.0,0.0,0.0,0.0,0.0,0.0,0.0,0.7493235435477741,0.0,0.0,0.0
0.0,0.0,0.0,0.0,1.0847130719984002,0.0,0.0,0.0,0.0,0.0,0.15446043991266212,0.0,0.0,0.0,0.0,0.0,0.0,0.0,0.0,0.0,0.0,0.0
0.08160317805823546,0.0,0.0,0.0,0.0,0.0,0.0,0.0,0.0,0.0,0.08345307310357519,0.0,0.0,0.0,0.0,0.2539419377659355,0.0,0.0,0.0,0.0,0.0,0.0
0.11822105132746093,0.27322540511079685,0.0,0.0,0.7384170519093668,0.0,0.0,0.0,0.0,0.0,0.38491740204309643,0.0,0.0,0.0,0.0,0.3678935498982295,0.0,0.0,0.0,0.0,0.0,0.0
0.0,0.0,0.0,0.0,0.0,0.0,0.0,0.18847143586939644,0.0,0.0,0.06895850653426605,0.18881201873793704,0.0,0.0,0.0,0.07484655228808873,0.0,0.0,0.0,0.0,0.0,0.0
0.027728641473428718,0.06408477352112481,0.0,0.0,0.0,0.0,0.0,0.0,0.0,0.0,0.2708535664345405,0.6284371505952502,0.0,0.0,0.0,1.0116920360741997,0.0,0.0,0.0,0.0,0.0,0.0
0.0,0.0,0.13655468593640266,0.0,0.0,0.0,0.0,0.0,0.0,0.0,0.6343936899282865,0.0,0.0,0.0,0.0,0.6696052984505391,0.0,0.0,0.0,0.0,0.0,0.0
0.0,0.0,0.0,0.0,0.0,0.0,0.0,0.0,0.0,0.0,0.18168225710664293,0.0,0.0,0.0,0.0,0.4482750915081142,0.0,0.0,0.46615263921586586,0.0,0.0,0.0
0.11449917340995563,0.0,0.0,0.0,0.0,0.3516365447457613,0.0,0.0,0.0,0.0,0.10036299920800805,0.0,0.0,0.0,0.0,0.025377846087491558,0.0,0.0,0.38679665283743875,0.0,0.0,0.0
0.020333792030202785,0.09060770852290041,0.0,0.0,0.0,0.0,0.0,0.0,0.0,0.0,0.57985287110832,0.0,0.0,0.0,0.0,0.4583431946016757,0.0,0.0,0.28773676046955793,0.0,0.0,0.338138868800832
0.06380186366847852,0.14185525044866118,0.0,0.5629521444838673,0.0,0.0,0.0,0.0,0.0,0.0,1.6731351533818126,0.0,0.0,0.0,0.0,1.0233166944760308,0.0,0.4829334052564346,0.0,0.0,0.0,0.0
0.16071493304078852,0.0,0.18091078790647175,0.7280402082037607,0.0,0.0,0.0,0.5177892921684073,0.0,0.0,3.0149892734613024,3.839963589419523,0.9428843320319085,0.0,0.0,1.083060671676468,0.0,0.9957884783713535,0.0,0.0,0.0,0.7430590113291636
0.05622659161735199,0.0,0.07945658935333404,0.0,0.0,0.0,0.0,0.24551053865293715,0.0,0.0,1.8905647801195835,3.078351009230951,0.0,0.0,0.0,0.5166110112816251,0.4257745654492582,0.06187357796619246,0.0,0.799283752258085,0.0,0.7249735513565118
0.03126587458674457,0.0,0.0,0.0,0.0,0.0,0.0,0.0,0.0,0.0,0.45578080751984645,0.0,0.0,0.0,0.0,0.24361392946626145,0.0,0.0,0.0,0.0,0.0,1.417809031871482
0.0,0.0,0.16953278718940581,0.0,0.0,0.0,0.0,0.0,0.0,0.0,0.8297991460480879,0.0,0.0,0.0,0.0,0.2104634671989378,0.0,0.0,0.0,0.0,0.0,0.0
0.0,0.0,0.0,0.10435863205069444,0.0,0.0,0.0,0.0,0.0,0.0,0.1471587043885656,0.0,0.0,0.0,0.0,0.2267560746077116,0.0,0.0,0.0,0.0,0.0,0.0
0.07659051165931924,0.0,0.0,0.0,0.0,0.0,0.0,0.0,0.0,0.0,0.06577923678417799,0.0,0.0,0.0,0.0,0.45347288149541803,0.0,0.0,0.0,0.0,0.0,0.0
0.07714219358451561,0.0,0.0,0.0,0.0,0.0,0.0,1.0150023202804037,0.0,0.0,0.17472306601487955,0.0,0.0,0.0,0.0,0.24005974507986472,0.0,0.0,0.0,0.0,0.0,0.0
0.14198560437459906,0.0,0.0,0.0,0.0,0.0,0.0,0.0,0.0,0.0,0.24793477424211896,0.4897185173157196,0.0,0.0,0.0,0.20351698068838694,0.0,0.0,2.018929107461563,0.0,0.0,0.9090041439088778
0.0,0.0,0.0,0.0,0.0,0.0,0.0,0.0,0.0,0.0,0.21554524399693617,0.0,0.0,0.0,0.0,0.0,0.0,0.08604345684631465,0.0,0.0,0.0,0.0
0.12909911046675304,0.19125435243240527,0.021075769988832038,0.0,0.28467331650763444,0.0,0.0,0.14263353753705135,0.0,0.0,0.8593467261828126,0.11236189359047899,0.0,0.0,0.0,0.39809050682582625,0.0,0.0,0.20352164883064283,0.0,0.0,0.24483224280211527
0.0,0.0,0.0,0.0,0.0,0.41086242842792525,0.0,0.0,0.0,0.0,0.5588412983582463,0.0,0.0,0.0,0.0,0.0,0.0,0.0,0.7140480029709474,0.0,0.0,0.0
0.14506768460275077,0.0,0.0,0.0,0.0,0.9791206605957791,0.0,0.0,0.0,0.0,0.15284414451632314,0.0,0.0,0.0,0.0,0.07745277341656931,0.0,0.0,0.37030167193466046,0.0,0.0,0.0
0.03729508115672462,0.0,0.09458285787990162,0.0,0.961107756014725,0.0,0.0,0.0,0.0,0.0,0.054425944287890146,0.0,0.0,0.2110816387478121,0.0,0.2174550524253622,0.0,0.0,0.3296769081012263,0.997131599123116,0.0,1.1301224388580633
0.0,0.0,0.0,0.0,0.0,0.06899366133443699,0.0,0.0,0.0,0.0,0.05996242791304956,0.0,0.0,0.0,0.0,0.0,0.0,0.0,0.1199057949445742,0.0,0.0,0.7526383954444165
0.0,0.01828887973707366,0.0,0.0,0.5741936605070318,0.0,0.0,0.0,0.0,0.0,0.0,0.0,0.0,0.0,0.0,0.5914632641230468,0.0,0.0,0.0,0.0,0.0,0.0
0.0,0.0,0.0,0.0,0.0,0.0,0.0,0.0,0.0,0.0,0.0,0.0,0.0,0.0,0.0,0.0,0.0,0.0,0.0,0.0,0.0,0.0
0.0,0.0,0.0,0.0,0.0,0.0,0.0,0.0,0.0,0.0,0.40843822642967104,0.0,1.7062881217859895,0.0,0.0,0.8012858015592538,0.0,0.0,0.0,0.0,0.0,0.0
0.0,0.0,0.0,0.0,0.0,0.0,0.0,0.0,0.0,0.0,0.25590673033287853,1.52943870131491,0.0,0.0,0.0,0.0,0.0,0.0,0.0,0.0,0.0,0.0
0.0,0.0,0.0,0.0,0.0,0.0,0.0,0.0,0.0,0.0,0.25131958257777254,0.0,0.0,0.0,0.0,0.5783532399247149,0.0,0.20271227691801855,0.0,0.0,0.0,0.5322890264687216
0.055793191151285934,0.0,0.0,0.0,0.0,0.0,0.0,0.0,0.0,0.0,0.38323392947706203,0.0,0.09821222275171933,0.0,0.0,0.33785504644661724,0.0,0.0,0.0,0.0,0.0,0.0
0.0,0.0,0.0,0.0,0.0,0.0,0.0,0.0,0.0,0.0,0.18957687504046936,0.4738282660115454,0.18474974760478893,0.0,0.0,0.07531502734364455,0.0,0.0,0.0,0.0,0.0,0.0
0.006973671628269674,0.0,0.0,0.0,0.0,0.0,0.0,0.7618655105290812,0.0,0.0,0.3751665543708866,0.0,0.0,0.550201579039562,0.0,0.02170145487915107,0.0,0.0,0.0,0.0,0.0,0.0
0.06286541955171837,0.0,0.0,0.47222584807018353,0.0,0.0,0.0,0.0,0.0,0.0,0.8574787393160809,0.0,0.0,0.0,0.0,0.7823939182941364,0.0,0.0,0.0,0.0,0.0,0.0
0.042014139216143206,0.0,0.0,0.0,0.0,0.0,0.0,0.0,0.0,0.0,0.6604233009568194,0.0,0.0,0.0,0.0,0.46790460466816475,0.0,0.17992824550082928,0.0,0.0,0.0,0.0
0.05625467246004674,0.0,0.0,0.0,0.0,0.0,0.0,0.0,0.0,0.0,0.5374711874326409,0.0,0.5518786201952252,0.0,0.0,0.0,0.0,0.0,0.0,0.0,0.0,0.0
0.024686827413766512,0.0,0.0,0.3824152785551865,0.0,0.0,0.0,0.0,0.0,0.0,0.24903963850109004,0.0,0.0,0.0,0.0,0.0,0.0,0.0,0.0,0.0,0.0,0.0
0.0,0.0,0.0,0.0,0.0,0.0,0.0,0.0,0.0,0.0,0.2708535664345405,0.0,0.0,0.0,0.0,0.0,0.0,0.0,0.0,0.0,0.0,0.0
0.1938342184372731,0.0,0.0,0.0,0.0,0.0,0.0,0.0,0.0,0.0,0.0,0.0,0.0,0.0,0.0,0.0,0.0,0.0,0.0,0.0,0.0,3.3956470816887028
0.0,0.0,0.0,0.0,2.5472065962270802,0.0,0.0,0.0,0.0,0.0,0.17871608019383425,0.0,0.0,0.0,0.0,0.0,0.0,0.0,0.0,0.0,0.0,1.1233072431570872
0.0,0.0,0.0,0.0,0.0,0.0,0.0,0.0,0.0,0.0,0.03157995849176006,0.0,0.0,0.0,0.0,0.0,0.0,0.0,0.0,0.0,0.0,0.0
0.0,0.0,0.0,0.0,0.0,0.0,0.0,0.0,0.0,0.0,0.0,0.0,0.0,0.0,0.0,0.0,0.0,0.0,0.0,0.0,0.0,0.0
0.02036805953253854,0.0,0.0,0.0,0.0,1.2861484564519499,0.0,0.0,0.0,0.0,0.07008733343096615,0.0,0.0,0.0,0.0,0.0,0.0,0.0,0.0,0.0,0.0,0.0
0.0,0.0,0.0,0.0,0.0,0.0,0.0,0.0,0.0,0.0,0.334006823366128,0.0,0.0,0.0,0.0,0.0,0.0,0.0,0.0,0.0,0.0,0.0
0.05241231201053372,0.0,0.0,0.20270746362841885,0.19659295353331124,0.0,0.0,0.0,0.0,0.0,0.16250088447549899,0.0,0.0,0.0,0.0,0.0,0.0,0.0,0.0,0.0,0.0,0.7127409552765666
0.05604782029419869,0.0,0.05964672272013677,0.0,0.25094688645094826,0.0,4.428253254294816,0.0,0.0,0.0,0.1656402515905776,0.0,0.0,0.0,0.0,0.6048676133903924,0.0,0.0,0.0,0.0,1.1599327622915447,0.0
0.0,0.0,0.0,0.0,0.0,0.0,0.0,0.0,0.0,0.0,0.08516345070826611,0.0,0.0,0.0,0.0,0.08527359304138929,0.0,0.0,0.16307635276087543,0.0,0.0,0.0
0.0,0.0,0.0,0.0,0.0,0.3028079251121229,0.0,0.0,0.0,0.0,0.03501347150556816,0.0,0.0,0.0,0.0,0.12553061746107252,0.0,0.0,0.5262574021124382,0.0,0.0,0.43948325526616233
0.0,0.0,0.0,0.0,0.0,0.0,0.0,0.0,0.0,0.0,0.0,0.0,0.0,1.7110759356615437,6.14286562862682,0.0,0.0,0.0,0.0,0.0,0.0,0.0
0.0,0.0,0.0,0.0,0.0,0.0,0.0,0.0,0.0,0.0,0.0,0.0,0.0,0.0,0.0,0.0,0.0,0.0,0.0,0.0,0.0,0.0
0.0,0.0,0.0,0.0,0.0,0.0,0.0,0.0,0.0,0.0,0.2708535664345405,0.0,0.0,0.0,0.0,0.0,0.0,0.0,0.0,0.0,0.0,0.0
0.0,0.0,0.0,0.0,0.0,0.0,0.0,0.0,0.0,0.0,0.0,0.0,0.0,0.0,0.0,0.0,0.0,0.0,0.0,0.0,0.0,0.0
0.0,0.0,0.0,0.0,0.0,0.0,0.0,0.0,0.0,0.0,0.0,1.3917755366235274,0.0,0.0,0.0,0.0,0.0,0.0,0.0,0.0,0.0,0.0
0.0,0.0,0.0,0.0,0.0,0.0,0.0,0.0,0.0,0.0,0.8125414498605429,0.0,0.0,0.0,0.0,0.0,0.0,0.0,0.0,0.0,0.0,0.0
0.0,0.0,0.0,0.0,0.0,0.0,0.0,0.0,0.0,0.0,0.0,0.0,0.0,0.0,0.0,0.0,0.0,0.0,0.0,0.0,0.0,0.0
0.0,0.0,0.0,0.0,0.0,0.0,0.0,0.0,0.0,0.0,0.0,0.0,0.0,0.0,0.0,0.0,0.0,0.0,0.0,0.0,0.0,0.0
0.0,0.0,0.0,0.0,0.0,0.0,0.0,0.0,0.0,0.0,0.0,0.0,0.0,0.0,0.0,0.0,0.0,0.0,0.0,0.0,0.0,0.0
0.0,0.0,0.0,0.0,0.0,0.0,0.0,0.0,0.0,0.0,0.0,0.0,0.0,0.0,0.0,0.0,0.0,0.0,0.0,0.0,0.0,0.0
0.0,0.0,0.0,0.0,0.0,0.0,0.0,0.0,0.0,0.0,0.15308365542040986,0.0,0.0,0.0,0.0,0.5072401522484664,0.0,0.0,0.0,0.0,0.0,0.0
0.0,0.0,0.0,0.0,0.0,0.0,0.0,0.0,0.0,0.0,0.2353870956945039,0.0,0.0,0.0,0.0,0.2729497429158776,0.0,0.0,0.0,0.0,0.0,0.0
0.0,0.0,0.0,0.0,0.0,0.0,0.0,0.0,0.0,0.0,0.0,0.0,0.0,0.0,0.0,0.0,0.0,0.0,0.0,0.0,0.0,0.0
0.0,0.0,0.0,0.0,0.0,0.0,0.0,0.0,0.0,0.0,0.0,0.0,0.0,0.0,0.0,0.0,0.0,0.0,0.0,0.0,0.0,0.0
0.3023224391490434,0.0,0.0,0.0,0.0,0.0,0.0,0.0,0.0,0.0,0.0,0.0,0.0,0.0,0.0,0.0,2.368326190027672,0.0,0.0,0.0,0.0,0.0
