0.0,0.0,0.0,0.0,0.0,0.0,0.0,0.0,0.0,0.0,0.0,0.0,0.0,0.0,0.0,0.0,0.0,0.0,0.0,0.0,0.0,0.0
0.0,0.0,0.0,0.0,0.0,0.0,0.0,0.0,0.0,0.0,0.0,0.0,0.0,0.0,0.0,0.0,0.0,0.0,0.0,0.0,0.0,0.0
0.0,0.0,0.0,0.0,0.0,0.0,0.0,0.0,0.0,0.0,0.0,0.0,0.0,0.0,0.0,0.0,0.0,0.0,0.0,0.0,0.0,0.0
0.3023224391490434,0.0,0.0,0.0,0.0,0.0,0.0,0.0,0.0,0.0,0.2708535664345405,0.0,0.0,0.0,0.0,0.9408009326897075,0.0,0.0,0.0,0.0,0.0,0.0
0.0,0.0,0.0,0.0,0.0,0.0,0.0,0.0,0.0,0.0,0.0,0.0,0.0,0.0,0.0,0.0,0.0,0.0,0.0,0.0,0.0,0.0
0.0,0.0,0.0,0.0,0.0,0.0,0.0,0.0,0.0,0.0,0.2662371287919927,0.0,0.0,0.0,0.0,0.0,0.0,0.6583836649830055,0.0,0.0,0.0,0.0
0.12609136998318382,0.0,0.0,0.0,0.0,0.0,0.0,0.0,0.0,0.0,0.0,0.0,0.0,0.0,0.0,0.0,0.0,0.0,0.0,0.0,0.0,0.0
0.19885271006432798,0.27434203119716516,0.0,0.0,0.0,0.0,0.0,0.0,0.0,0.0,0.07180581646618034,0.0,0.0,0.0,0.0,0.8611485235685772,0.0,0.0,0.0,0.0,0.0,0.0
0.0,0.0,0.0,0.0,0.0,0.0,0.0,0.0,0.0,0.0,0.020070446860126295,0.0,0.0,0.0,0.0,0.0,0.0,0.0,0.0,0.0,0.0,0.0
0.0,0.12098531776928946,0.0,0.0,0.0,0.0,0.0,0.0,0.0,0.0,0.08253102347186933,0.0,0.0,0.0,0.0,0.12192641409484946,0.0,0.38405370495445484,0.0,0.0,0.0,0.0
0.0,0.0,0.0,0.0,0.0,0.0,0.0,0.0,0.0,0.0,0.11586839842611214,0.0,0.0,0.0,0.0,0.0,0.0,0.0,0.0,0.0,0.0,0.0
0.0,0.0,0.0,0.0,0.0,0.0,0.0,0.0,0.0,0.0,0.5045976691192151,0.7773898864510544,0.0,0.0,0.0,0.868174044805887,0.0,0.0,0.0,0.0,0.0,0.0
0.02606586022751436,0.0,0.0,0.0,0.0,0.0,0.0,0.8300079106705548,0.0,0.0,0.7411133738532656,0.0,0.0,0.0,0.0,1.770500421024145,0.0,0.0,0.3706370385656362,0.0,0.0,0.0
0.09784371569197468,0.0,0.0,0.0,0.0,0.0,0.0,1.5779630892160947,0.0,0.0,0.043968925510866126,0.0,0.0,0.0,0.0,0.32292306066853765,0.0,0.0,0.0,0.0,0.0,0.5518906204715474
0.0,0.0,0.14548516937866382,0.0,0.0,0.0,0.0,0.0,0.0,0.0,0.28635620854684873,0.0,0.9000617383423364,0.0,0.0,0.46968555455194944,0.0,0.0,0.0,0.0,0.0,0.0
0.0,0.0,0.0,0.0,0.0,0.0,0.0,0.0,0.0,0.0,0.0,0.0,0.0,0.0,0.0,0.0,0.0,1.2947152331688792,0.0,0.0,0.0,0.0
0.1569780338058723,0.0,0.0,0.0,0.0,0.0,0.0,0.0,0.0,0.0,0.0,0.0,0.0,0.0,0.0,0.0,0.0,0.0,0.0,0.0,0.0,0.0
0.13760474837173808,0.0,0.11196642581823663,0.0,0.0,0.0,0.0,0.0,0.0,0.0,0.04632152285019555,0.0,0.0,0.0,0.0,0.011753024884258905,0.0,0.008087620185818876,0.0,0.0,0.0,0.0
0.19387517086904038,0.010323413993978427,0.0,0.6238101645897111,0.0,0.0,0.0,0.0,0.0,0.0,0.17369462095103527,0.10513606439532738,0.0,0.0,0.0,0.0,0.0,0.0,0.0,0.0,0.0,0.0
0.10331768096901248,0.0,0.14216526360428475,0.0,0.0,0.0,0.0,0.43927219541245255,0.0,0.0,0.14994407102078056,0.0,0.0,0.0,0.0,0.14706998547571895,0.0,0.0,0.0,0.0,0.0,0.21644434997434606
0.36956286790729426,0.43070271973183344,0.17811289744423572,0.0,0.0,0.0299839067964581,0.0,0.02871729570033489,0.0,0.0,0.21370713083889353,0.0,0.0,0.0,0.0,0.3454846187609588,0.0,0.0,0.0,0.0,0.0,0.0
2.217284310530541,1.0532334265088612,2.304749785797111,1.2583280245598076,0.0,0.3879700159638194,0.0,0.0016722470861881805,0.006892558176597517,0.0,0.13250020977231652,0.0,0.0,0.0,0.0,0.3130069496246774,0.0,0.0,0.0,1.3562927842529091,2.2201973405097335,0.5444056832855627
0.9360247717114054,0.7128981675707495,0.7427136464316952,1.1874024701659027,0.7168033096282681,0.1873087544260715,0.0,0.0,0.0,0.0,0.5676773458108975,0.5324882665782921,0.0,0.0,0.0,0.0,0.531368719802514,0.0,0.0,0.0,0.5647172258404457,0.3705930873900783
0.02509759982505333,0.13553084845900767,0.0,0.0,0.0,0.0,0.0,0.2835602295038705,0.0,0.0,0.1858023272371263,0.0,0.0,0.0,0.0,0.12206843915666996,0.0,0.0,0.0,0.0,0.0,0.40692611256025624
0.0,0.0,0.0,0.0,0.0,0.0,0.0,0.0,0.0,0.0,0.0577872802633988,0.3263611093370455,0.0,0.0,0.0,0.3767488317840522,0.0,0.0,0.0,0.0,0.0,1.1187362936929737
0.009415030215589733,0.08088010671233754,0.06117975087207288,0.0,0.0,0.0,0.0,0.4632684838045498,0.0,0.0,1.7740250289798951,0.464105646785724,0.0,0.0,0.0,0.32440779837525635,0.0,0.29519304356621706,0.0,0.0,0.0,0.5422541260694679
0.22223915813477496,0.14864919097371332,0.20122724274027415,0.20428117463415935,0.0,0.5262378277166713,0.0,0.4889121644927789,0.674417904177982,0.0,1.4011533416765305,0.3242469251549488,0.28958458272273513,0.0,0.0,0.5146107662807198,0.4984523481521109,0.4100503318952705,0.0,0.0,0.0,0.4169120428795108
0.05877006475377398,0.0,0.022523902696187533,0.0,0.09762129902886925,0.07266554607781006,0.0,0.380731705356601,0.0,0.0,0.15554933481437969,0.0,0.7837323420845418,0.0,0.0,0.15119774177585715,0.0,0.21392285794343519,0.0,0.0,0.0,0.0
0.06524420512413726,0.0,0.0,0.0,0.0,0.0,0.0,0.055995300361427344,0.0,0.0,0.19496160146406216,0.0,0.0,0.0,0.0,0.017932236535831068,0.0,0.0,0.4878009734637838,0.0,0.0,0.0
0.28982674945930076,0.0,0.0,0.0,0.0,0.0,0.0,0.15689068129438138,0.0,0.0,0.6012544879541621,0.0,0.0,0.0,0.0,0.19834852658900498,0.0,0.0,0.0,0.0,0.0,1.1183479135367083
0.0,0.0,0.0,0.0,0.0,0.0,0.0,0.0,0.0,0.0,0.13809072735101868,0.0,0.0,0.0,0.0,0.2367804760515721,0.0,0.0,0.0,0.0,0.0,0.0
0.0,0.0,0.0,0.0,0.0,0.0,0.0,0.0,0.0,0.0,0.0,0.0,0.0,0.0,0.0,0.0,0.0,1.2947152331688792,0.0,0.0,0.0,0.0
0.2598851072552486,0.0,0.0,0.0,0.0,0.0,0.0,0.0,0.0,0.0,0.0,0.0,0.0,0.0,0.0,0.13206125730833337,0.0,0.0,0.0,0.0,0.0,0.0
0.008495323319399678,0.0,0.0,0.2397009283216925,0.0,0.0,0.0,0.0,0.0,0.7591913216058521,0.18583182898172346,0.0,0.0,0.0,0.0,0.026436701572295874,0.0,0.0363817669084732,0.0,0.0,0.0,0.0
0.14419227947394744,0.15324513758784344,0.10803258994931307,0.13348475462617365,0.0,0.0,0.0,0.0,0.0,0.0,1.167781668134355,0.914805790253866,0.0,0.0,0.0,0.656795572751342,0.0,0.16072191660366866,0.0,0.0,0.0,0.4319355335023609
0.04352941666843939,0.0,0.0,0.0,0.0,0.0,0.0,0.8441661005900732,0.0,0.0,1.3826045553875719,0.28202890936161895,0.0,0.0,0.0,1.001546645085181,0.44963318375019906,0.0,2.1100398754082574,0.0,0.0,0.0
0.3097713226535683,0.0,0.0,0.0,0.0,0.0,0.0,0.35645453266267785,0.0,0.0,1.1744311799053535,0.0,0.0,0.0,0.0,1.0370821008904192,0.0,0.7877570123092987,0.9757356030905877,0.0,0.0,0.0
1.065239269227763,0.5220789243187806,1.2767032832939158,0.3539065382153666,0.0,0.2592450567423882,0.0,0.5581573650522412,1.388229358465165,0.0,0.19099960763343893,0.0,0.0,0.0,0.0,0.07581830719209247,0.6940194048371218,0.0,0.40841116451323806,1.4937317463164121,2.385364424702876,0.0
2.6829031911035366,2.1049555641127693,2.2604744010780444,1.9208891427380226,0.781754376022766,0.7559893706392664,0.0,2.991892066527916,0.0,0.0,0.20366570544714596,0.0,0.0,0.0,0.0,0.2875393395226764,0.0,0.0,0.0,1.4297684835431432,0.0,0.0
1.0877147915458707,0.834102326235799,1.1763099458595692,0.0,0.0,0.0,0.0,2.2106999944296346,0.0,0.0,0.14626218644067449,0.0,0.0,0.0,0.0,0.0,0.0,0.0,0.0,0.0,0.0,0.0
0.0720449146872595,0.0,0.0,0.0,0.9145112793214427,0.38136182667743806,0.0,0.5695128512785954,0.0,0.0,0.5066546841758038,0.5705420062784735,0.0,0.0,0.0,1.7107342391950637,0.0,0.0,0.0,0.0,0.0,0.0
0.028048777992735408,0.0,0.0,0.0,0.05984946969439273,0.0,0.0,0.0,0.0,0.0,0.1919208952597579,0.0,0.0,0.0,0.0,0.0,0.0,0.0,0.0,0.0,0.0,0.9920194905704051
0.14723620050474603,0.049917339453022784,0.2367202606337006,0.0,0.0,0.0,0.0,0.0,0.0,0.0,0.10119113798846313,0.0,0.0,0.0,0.0,0.2457227480176906,0.0,0.09249729734229556,1.9803458577895658,0.0,0.0,0.541503580360503
0.26539007679922266,0.0,0.0,0.0,0.0,0.0,0.0,0.0,0.0,0.0,0.17849558054266693,0.0,0.19747175253303265,0.0,0.0,0.0956318758555996,0.497605930316851,0.0,0.0,0.0,0.0,0.0
0.1297321334807078,0.0,0.05518766050797215,0.0,1.9185544350404113,0.0,0.0,0.0,0.0,0.0,0.24375653766103472,0.22281816634133733,0.0,0.0,0.0,0.3282033958235293,0.0,0.2487347437467639,0.0,2.3004049382500456,0.0,0.0
0.20035076373031707,0.01753718361584292,0.0,0.0,0.0,0.0,0.0,0.5954530668839391,0.0,0.0,0.20241366034214503,0.0,0.8057610686878975,0.43841119332788364,0.0,0.0,0.1929629285565758,0.9815472537639812,0.0,0.0,0.0,0.0
0.12255483477294811,0.0,0.03083756424082664,0.0,0.0,0.0,0.0,0.0,0.0,0.0,0.6047658575263617,0.0,0.0,0.0,0.0,1.041531603631635,0.0,0.0,0.7762428260219698,0.0,0.0,0.0
0.0602182531383471,0.0,0.0,0.0,0.06156750143813159,0.0,0.0,0.32626564405259034,0.0,0.0,0.7342856745751098,0.0,0.0,0.0,0.0,1.4932067482682472,0.0,0.17830935290634878,0.0,0.0,0.0,0.0
0.0,0.0,0.0,0.31270295821115385,0.0,0.0,0.0,0.0,0.0,0.0,0.0,0.0,0.0,0.0,0.0,0.0,0.0,0.0,0.0,0.0,0.0,0.0
0.034063496578471644,0.0,0.0,0.18769144073660135,0.0,0.0,0.0,0.0,0.0,0.0,0.7483783270931128,0.31918538319884354,0.0,0.0,0.0,0.6245535448846717,0.0,0.0,0.0,0.0,0.0,0.0
0.13059563882624836,0.199052661862178,0.18714971110627002,0.0,0.0,0.0,0.0,0.0,0.0,0.0,0.786107782557961,0.5722463653728851,0.0,0.0,0.0,0.34367475461005104,0.0,0.10411326799256823,0.0,0.0,0.0,0.0
0.03514436286325353,0.2985541376316904,0.2231025640684953,0.0,0.0,0.0,0.0,0.0,0.0,0.0,1.7751061402108936,3.178923324750153,0.0,0.0,0.0,1.2806948796672872,1.0119707685819912,1.4071617993454195,0.0,0.0,0.0,0.0
0.14821175251885071,0.20204560385689896,0.06931114806433529,0.2448697423987053,0.0,0.0,0.0,0.0,0.0,0.0,1.759967514737362,1.06401541728644,0.0,0.0,0.0,0.553087100593117,0.3481376688229562,0.6304558108071422,0.631912050093358,0.0,0.0,0.0
0.3439485039107629,0.0,0.0,0.0,0.06725047428429136,0.0,0.0,0.0,0.0,0.0,1.501310733725005,1.2287653297362946,0.4018689292087024,0.1901362657685321,0.3418439506665406,1.597607181636218,0.5986198828981562,0.7096544264800929,0.0,2.2779666605463786,4.403748688562449,0.0
0.0,0.0,0.0,0.0,0.0,0.0,0.0,0.0,0.0,7.846458995940781,0.30272605794358076,0.6892671469384409,0.0,0.0,0.0,0.1919762741632107,0.0,0.0,0.0,0.0,0.0,4.111756668445597
0.12768938439642502,0.0,0.1775266645134286,0.0,0.0,0.0,0.0,0.9119389453971629,0.0,0.0,0.06271434534795708,0.0,0.0,0.0,0.0,0.08498944591816697,0.0,0.0,0.0,0.0,0.0,0.1952987843062389
0.09709084734046805,0.0,0.0,0.0,0.0,0.0,0.0,0.6560362108667949,0.0,0.0,0.7215113502542853,0.0,0.0,0.0,0.0,0.13499595958892213,0.0,0.14926806788141603,0.0,0.0,0.0,0.0
0.23106193209748105,0.0,0.0,0.04649896551523385,0.489001169358717,0.0,0.0,0.98855107059742,0.0,0.0,0.32223116218032083,0.9769623272075783,0.0,0.0,0.0,0.41890729555667894,0.0,0.0,0.0,0.0,0.0,0.09489850809531422
0.181577510461853,0.0,0.0,0.0,0.0,0.0,0.0,0.0,0.0,0.0,0.2701252282204466,0.0,0.0,0.0,0.0,0.8758137729006021,0.1573823279905065,0.0,0.0,0.0,0.0,0.6427435345613525
0.028407568690468777,0.0,0.0,0.0,0.0,0.0,0.0,0.0,0.0,0.0,1.3599081113027573,0.0,0.0,0.0,0.0,3.175812484488012,0.0,0.0,0.9829840167530184,0.0,0.0,0.0
0.19890433672308272,0.00684141555858588,0.0,0.0,0.49239313125386497,0.0,0.0,0.3298347466585354,0.0,0.0,0.2772428532080945,0.0,0.0,0.44279071344199933,0.0,0.5918145119750846,0.023189471148954064,0.2730599987612716,0.0,0.9982913174220643,0.0,0.0
0.036924096078131324,0.0,0.0,0.0,0.0,0.0,0.0,0.0,0.0,0.0,0.42953642631938094,0.42800189217701445,0.0,0.0,0.0,0.0,1.28032360689949,0.8832316590705236,0.5250330318147592,0.0,0.0,0.0
0.09479602651071425,0.09642208485643465,0.01116886698342356,0.0,0.0,0.0,0.0,0.24535834269343523,0.0,0.0,0.6430038801762247,0.0,0.0,1.1445846496687624,0.0,1.708679773557464,1.9572243284982374,0.6112550375753515,0.0,0.0,0.0,0.7139063791910539
0.15885999923089095,0.0,0.1864947186733357,0.0,0.0,0.0,0.0,0.0,0.0,0.0,0.38970504021385366,0.0,0.0,0.4829089188433838,0.0,0.8113664026480432,0.6684015688950453,0.5022178786527925,1.213229832652438,0.0,0.0,0.0
0.02291197759424525,0.12826547806670124,0.0,0.0,0.0,0.0,0.0,0.42496687329161487,0.0,0.0,0.8763126559304167,0.0,0.0,0.12967655861165528,0.0,1.1373616860769564,1.046125368955885,2.665241522936835,0.0,0.0,0.0,0.0
0.0,0.12294349085388963,0.0,0.0,0.0,0.0,0.0,0.0,0.0,0.0,0.5873212110316177,0.012055130835304686,0.0,0.0,0.0,1.0689279297295677,0.17201641752120428,0.47416325722257097,0.08289669084419497,0.0,0.0,0.5745307224708208
0.0,0.0,0.0,0.0,0.5593023096769679,0.0,0.0,0.0,0.0,0.0,0.1284496994761781,0.0,0.0,0.1548146591097632,0.0,0.6369391607814684,0.34820188194687085,0.1171431923561956,0.0,0.0,0.0,0.0
0.0,0.0,0.0,0.0,0.0,0.0,0.0,1.795642339588245,0.0,0.0,1.345567276451302,0.574428835255186,0.0,0.41414263369024007,0.0,0.0,0.0,0.9813470387081662,0.0,0.0,0.0,0.0
0.033310566061496336,0.0,0.23029410695486197,0.1598992029651226,0.0,0.0,0.0,0.0,0.0,0.0,0.5980177208003056,0.22781181749164622,0.0,0.0,0.0,0.1939659377277254,0.0,0.38585818443063585,0.0,0.0,0.0,0.0
0.08330972809511492,0.06169033944306116,0.12544480000472363,0.0543189091236553,0.7124173048369654,0.0,0.0,0.0,0.0,0.0,1.7528843679224082,1.1197026464464355,2.927141367130247,0.0,0.0,0.08306503548940185,1.0197042520933597,0.295621265016248,0.0,0.0,0.0,0.0
0.025956991425467663,0.0,0.0,0.4011320366443573,0.0,0.0,0.0,0.5211556528960654,0.0,0.0,1.0879716280106,0.6390121856298222,0.912441942748922,0.0,0.0,0.261884352196815,0.049300106257419006,0.0,0.0,0.0,0.0,0.07076981440418477
0.29913475258599137,0.2058529242822655,0.3375645455135173,1.1034794392269962,0.0,0.0,0.0,0.1736536263971775,0.0,0.0,2.12734310752078,1.2122571448811652,0.3476940136126006,0.0,0.0,0.6675133441190931,0.504752038394253,1.2581516252324518,0.0,0.0,0.0,0.2770514349073378
0.21339479664590255,0.30979103271527986,0.08258808614364264,1.4332870774333317,0.0,0.0,0.0,1.1256569774279077,0.0,0.0,4.072758355274964,1.1242749288850253,1.3695148489314484,0.0,1.0826839949865916,2.3383897460485814,0.024110098489698466,2.025823963406005,0.0,0.0,0.0,0.0
0.5088068535244162,0.1443525271018714,0.0,0.6560737534768953,0.0,0.0,0.0,0.0,0.0,0.0,2.184652398558106,3.356651509747504,1.0845767890488138,0.02004031535468438,0.0,1.5731445229269159,0.0,0.9089184153854848,0.0,0.0,0.0,0.0
0.20305784643430835,0.0,0.11304904150027453,0.0,0.743331434948902,0.0,0.0,0.26366836775628494,0.0,0.0,1.852501337500984,0.4495035871372812,0.0,0.0,0.0,1.6650463622107834,0.0,0.3278811926030004,0.0,0.0,0.0,0.6643045113613889
0.16137304287369847,0.0,0.0,0.3696235305366374,0.0,0.2923382203162355,0.0,0.7554262944823673,0.0,0.0,0.13382217403552638,0.0,0.0,0.0,0.7506900242655923,0.5747644379015799,0.0,0.0,0.0,0.0,0.0,0.0
0.23320113253187752,0.00836905361035648,0.0,0.0,1.7285287220780179,1.427096596384755,0.0,0.033602689596224235,0.5547340629260692,0.0,0.7930607847535895,0.0,1.092521148425324,0.38743242244912907,0.0,0.4274814986932142,0.5454896758071646,0.29820799000480475,0.0,0.5623893174520291,3.1620435667389786,0.0
0.09953161540341562,0.0,0.0,0.0,0.1826209090459308,0.15536220748421078,0.0,0.11372736123168171,0.0,0.0,0.41657657312931096,0.0,0.0,0.0,0.0,0.29856778132654055,0.4955240237961924,0.0,0.0,1.3697122403237232,0.0,0.0
0.0,0.0,0.0,0.0,0.0,0.0,0.0,0.0,0.0,0.0,1.3426180647989616,0.0,0.0,0.0,0.0,1.8613749224195415,0.0,0.0,4.206852043785356,0.0,0.0,0.0
0.0,0.1993417359973732,0.078166575739653,0.0,0.0,0.0,0.0,0.0,0.0,0.0,1.575227139683718,0.0,0.0,4.774790175987752,0.0,0.4828187973683289,1.2996044375377038,2.82927289823255,0.0,3.949526150522691,0.0,0.0
0.0,0.4183752304804949,0.09493341289871901,0.0,0.0,0.0,0.0,0.0,0.0,0.0,2.956966093941477,0.0,0.0,0.41561944048079885,0.0,2.7173818629792796,5.188247986982487,3.984901136993238,0.0,0.0,0.0,0.0
0.0,0.0,0.0,0.3264076623429871,0.0,0.0,0.0,0.38571889959722233,0.0,0.0,0.44342930597786234,0.0,0.0,1.4190248382018256,0.0,0.5857349504386126,1.345920218467048,0.6741966150124232,0.0,0.0,0.0,0.6788208233030186
0.0109781586867478,0.12365964441077007,0.0,0.0,0.15706027413143328,0.0,0.0,0.1463503555879653,0.0,0.0,1.3919740822412419,0.0,0.0,0.10671155441248477,0.0,0.7400637002813459,1.4408244538013917,5.183241605448496,0.0,0.0,0.0,0.21002162882792072
0.09572154499591255,0.6117421043484896,0.24275633691068027,0.0,0.0,0.0,0.0,0.0,0.0,0.0,1.4695510570742922,0.0,0.43221504827219726,0.3038321346940467,0.0,1.2951381495486143,2.010509760153157,3.106278627264912,0.0,0.0,0.0,0.0
0.016874796997827752,0.0,0.0,0.0,0.0,0.0,0.0,0.40408667357418976,0.0,0.0,0.8412262207287486,0.0,0.0,0.17662133325179918,0.0,0.8030707652356667,0.7572133707348419,1.0252603820371253,0.0,0.0,0.0,0.20385334226065305
0.026845054253000426,0.0,0.0,0.0,0.0,0.17543384778256035,0.0,0.10905491433871041,0.0,0.0,0.5286192164099094,0.8710796559497225,0.0,0.0,0.0,0.2704207087342652,0.05988718236908088,1.0245957624324968,0.9849817565713942,0.35503902037398627,0.0,0.0
0.0,0.0,0.0,0.0,0.0,0.0,0.0,0.0,0.0,0.0,0.2708535664345405,0.0,0.0,0.0,0.0,0.0,0.0,0.0,0.0,0.0,0.0,0.0
0.054879308305628996,0.0,0.0,0.30238752556663673,0.0,0.0,0.0,0.0,0.0,0.0,0.4437902367202178,0.5506285739543837,1.3045561435984,0.0,0.0,0.41102126820421014,0.0,0.07211528077527816,0.0,0.0,0.0,0.0
0.05550013112603057,0.0,0.03669817193807198,0.0,0.0,0.0,0.0,0.434905705297065,0.0,0.0,0.12991818390092366,0.0,0.0,0.18447106410774133,0.0,0.3465893786127858,0.0,0.0,0.7891703577403112,0.0,0.0,1.4261875407337476
0.01112064969519175,0.22250212505635278,0.11643471720531538,0.25297456579870725,0.13993192030678345,0.0,0.0,0.7543074017372204,0.0,0.0,1.2843514224492472,0.0,0.6615474207981518,0.5447432883906694,0.0,0.9943678413818661,0.7575923121791359,0.4358099275794865,0.0,0.0,0.0,0.5413648731371759
0.07376874475316263,0.10335468743445873,0.0,0.7071364823947889,0.0,0.0,0.0,0.7306800127161409,0.0,0.0,2.0051273035841666,2.1427741970718635,1.4629873936909061,0.253106219561513,0.0,0.5350101506505391,1.1747767540219354,0.8245325680164381,0.0,0.0,0.0,0.0
0.06673839866513867,0.2205099687413344,0.0,1.1552251217977365,0.0,0.0,0.0,0.0,2.0408322861867365,0.0,2.4962128051129993,2.3960178625747925,0.2277393487093799,0.0,0.0,0.8926406850205546,0.0,0.6246166027423421,0.47449708010293506,0.0,0.0,0.0
0.08750241968184191,0.022268407903683052,0.35079889929190305,0.7828338524846359,0.0,0.0,0.0,0.0,0.0,0.0,2.0127536324244364,0.4374498940371435,1.142926637391245,1.7244964322255074,1.4054447044049527,1.2493515888412927,0.4854293477252711,0.5530200597391821,0.0,0.0,0.0,0.0
0.3270127248134084,0.030113206261224636,0.3415918287982799,0.2694580130888219,0.0,0.0,0.0,0.0,0.0,0.0,2.9158094657800135,1.5975510056901685,0.7672737013907637,0.0,5.1492086351776765,2.539176671366667,0.48516633460934144,0.5820997497405671,0.0,0.0,0.0,0.0
0.10210606309401368,0.039706634893011884,0.177170607165949,0.0,0.0,0.0,0.0,0.0,0.0,0.0,2.9041978613323796,3.4541644078329763,0.0,0.0,0.0,1.8690076221195928,0.0,0.07357676619799257,0.9898334194065256,0.0,0.0,0.7856011921823624
0.05322805982476433,0.0,0.0,0.0,0.0,0.0,0.0,0.20855602438058285,0.0,0.0,0.5983853153129676,0.0,0.0,0.3014097181172713,0.0,0.10556068760398707,0.0,0.0,0.3894898301204761,0.0,0.0,0.0
0.9425238614267022,0.0,0.2132043501030188,0.23163608314238598,0.0,0.34395113367666885,0.0,1.3462688551415931,0.0,0.0,0.7623846263593168,0.0,0.6595768774919761,0.38299599668085477,0.0,0.0,0.0,0.28980055227863655,0.0,0.0,0.0,0.472739951688881
0.11010266022108639,0.0,0.0,0.2033984834768225,0.0,0.0,0.0,0.0,0.0,0.0,0.2656357798818255,0.0,0.0,0.047081874891223,0.0,0.3802745464882601,0.0,0.0,0.0,0.0,0.0,0.7931452255451249
0.0,0.0,0.0,0.0,0.7444779006035277,0.0,0.0,0.0,0.0,0.0,0.9323344913431757,0.17334377789755245,0.0,1.8806987063150333,0.0,1.0189053148643619,2.1779172663855872,1.4020966384287554,0.8412826491192885,0.0,0.0,0.0
0.0,0.0,0.0,0.0,0.0,0.0,0.0,0.05044860617218062,0.0,0.0,0.9069491651392713,0.0,0.0,0.3199359665734326,0.0,0.7881212339457355,0.0,1.5198959386741624,0.26812114274460697,0.0,0.0,0.0
0.06308821785289034,0.1526900874002211,0.0,0.31357171336229356,0.0,0.0,0.0,0.035693516843388215,0.0,0.0,1.5429934366307347,0.0,0.0,3.7085523871001196,0.0,0.6545219822895048,3.576570113679857,1.4248385250920832,0.0,0.0,0.0,0.0
0.0,0.046193089608933514,0.0,0.0,0.0,0.0,0.0,0.0,0.0,0.0,0.9836082744325958,0.0,1.1189217910402305,2.3896131042999946,0.0,0.5060296809228881,2.549590532025062,2.1339581037256834,0.0,0.0,0.0,0.0
0.0,0.19165163267822985,0.0,0.0,0.0,0.03404927327685228,0.0,0.0,0.0,0.0,0.858631296597548,0.0,0.0,0.0,0.0,0.5040819751591082,1.4605806107273387,3.1558027526730887,0.0,0.0,0.0,0.9325188042105207
0.0,0.0,0.0,0.0,0.0,0.0,0.0,0.0,0.0,0.0,0.48366986703768267,0.0,0.7177535535831351,0.32131290939889007,0.0,1.1771987454626454,0.8891269712736762,1.7936569341642659,0.0,0.0,0.0,0.0
0.053660831037610525,0.19722566223614577,0.0,0.0,0.0,0.0,0.0,0.4157278790675295,0.0,0.0,0.7169190908451887,0.0,0.0,0.0,0.0,0.2893338021077416,1.6688730234250375,2.3862104931560024,0.0,0.0,0.0,0.0
0.05722275102920509,0.22490040735752637,0.0,0.0,0.0,0.0,0.0,1.0445864634231525,0.0,0.0,1.2966960090922843,0.1556325581114526,0.0,0.0,0.0,1.197325454702336,2.3451312867935488,1.337397736331103,0.0,0.0,0.0,0.0
0.0,0.0,0.05828832075515342,0.0,0.308539820387318,0.18804701453219724,0.0,0.0,0.0,0.0,0.1671034586292139,0.0,0.0,0.0,0.0,0.07152337910793194,0.0,0.0,0.32681156976347625,0.0,2.1645882623333073,0.95655225466368
0.10024168572680126,0.0,0.0,0.3653235271298452,0.24537891145305285,0.0,0.0,0.5195453899064904,0.0,0.0,0.41061402493358184,0.5204842497311378,0.0,0.27886080416284764,0.0,0.4224815482477692,0.0,0.4372379096830008,0.0,0.0,0.0,0.0
0.01068607267657544,0.0,0.16123348874187102,0.0,0.0,0.0,0.0,0.020759397701434045,0.0,0.0,0.28040397993412797,0.2189478920073873,0.0,0.10418344552630386,0.0,0.40807007579181037,0.0,0.0,0.0,0.0,0.0,0.0
0.2640104680434119,0.0,0.0,0.0,0.0,0.05044372263924596,0.0,0.41258241823718184,0.0,0.0,0.269772585696891,0.0,0.0,0.0,0.0,0.01594878107772175,0.38261811588651545,0.0,0.0,0.0,0.0,0.0
0.11493195506289709,0.0,0.0,0.0,0.0,0.0,0.0,0.1275414811416285,0.0,0.0,0.2952069037088183,0.4181587083337925,0.0,0.0,0.0,0.1922292745442301,0.0,0.47422611257568187,0.4754181770640819,0.0,0.0,0.18813210025425736
0.0,0.0,0.0,0.0,0.0,0.0,0.0,0.09368730430958119,0.0,0.0,0.6999551560465715,0.0,0.0,0.0,0.0,1.2928109305818898,0.0,0.0,1.3190873354045283,0.0,0.0,1.734390335878621
0.02878712182692136,0.38362100032902113,0.02768196557014921,0.652940874074269,0.0,0.0,0.0,0.0,0.0,0.0,2.86552221874357,6.159067007785702,10.295040420939745,0.0,1.5406330333319622,1.7016230322901467,0.5939771081851742,0.9722162414138342,1.5860955445747351,0.0,0.0,0.0
0.19965399252307126,0.0,0.0,0.9068988776243101,0.0,0.0,0.0,0.0,0.0,0.0,3.071021054539545,5.14546690768873,4.0221890957893,0.0,0.32218946717646785,0.7738227020844913,0.0,0.19699188487428837,0.0,0.0,0.0,0.0
0.09486279589914995,0.09908451241789432,0.2796876460592011,0.2613558166885131,0.0,0.0,0.0,0.7432014708281212,0.0,0.0,2.9542304119308147,1.9466646319346623,0.0,0.0,0.0,0.452636892299504,0.9544585626439479,0.5367583710760072,0.0,0.0,0.0,0.0
0.24276253175301718,0.06950314902931938,0.0,0.33134591173703504,1.5599700973511044,0.0,0.0,1.0052539042708606,0.0,0.0,1.5316060101961186,0.38958756705728464,0.0,0.19950826219914491,0.0,1.2924854565802835,0.0,1.2127677116492954,0.0,0.7446260320709039,0.0,0.3392100218312836
0.30873572236415436,0.07186126953909178,0.0,0.0,0.0,0.0,8.231201878613701,0.9744440576578763,0.0,0.0,1.7442629661562172,0.845796085234928,0.0,0.0,0.0,4.248358824857716,0.0,0.030466857040964964,2.429436094058882,0.0,0.0,0.159911544054903
0.26379586501687874,0.0,0.0,0.23731039819293864,0.5419361969321115,0.0,0.0,0.0,0.0,0.0,1.733553113228449,0.0,0.0,0.0,0.0,1.0030227017280862,0.0,0.3299342427391599,0.0,0.0,0.0,0.0
0.18041785470306254,0.0,0.0,0.0,0.8062411806618877,0.0,0.0,0.0,0.0,0.0,2.299121240089812,1.1974236273159622,0.0,0.3626412842899855,0.0,1.6181312213395422,0.0,0.10902957875751498,0.0,0.0,0.0,0.0
0.0,0.29275424009913975,0.07352926871769223,0.0,0.0,0.0,0.0,0.0,0.0,0.0,0.9037781216709093,0.0,0.0,1.9947339234953225,0.0,1.5115358468318996,1.2353397129318224,1.7063496858896876,0.628699663595597,0.0,0.0,0.0
0.0,0.21751416612531235,0.0,0.0,0.0,0.0,0.0,0.7375006052309162,0.0,0.0,4.687789284206927,0.0,0.0,13.649806495188997,0.0,6.244632878274404,7.867849553587238,8.462061704905347,0.0,0.0,0.0,0.0
0.09060686583359473,0.12033154006451939,0.3039931174704159,0.0,0.0,0.0,0.0,0.0,0.0,0.0,1.2786295639478706,0.0,0.0,0.4261102369782537,0.0,1.18692599583562,0.9976410969231448,2.2395078450248085,0.0,0.0,0.0,0.0
0.1488260509425987,0.15281836492150738,0.0,0.0,0.0,0.0,0.0,0.0,0.0,0.0,1.285887636446224,0.0,0.0,0.05725000310731541,0.0,0.7847462009276093,1.3745056567667744,4.013573557104019,0.0,0.0,0.0,0.1137490950068564
0.12774288396360933,0.44102533954266565,0.0,0.0,0.0,0.0,0.0,0.0,0.0,0.0,1.093517300693444,0.0,0.0,0.719897778029044,0.0,0.3771999261272114,1.3419009705678369,2.8757562937349213,0.0,0.0,0.0,0.5801338620837643
0.1030269225494023,0.02301941174770184,0.17443998471811523,0.0,0.0,0.0,0.0,0.15606215241656216,0.0,0.0,1.9531029761396743,0.0,0.0,0.22524745677810643,0.0,3.824317213102522,2.4149510999643726,5.137462995425324,0.0,0.0,0.0,0.9780094890477652
0.0,0.0,0.0,0.0,0.9104730021222825,0.0,0.0,0.0,0.0,0.0,0.5717647403105495,0.0,0.0,0.0,0.0,0.1951522238857692,0.5962591403638634,0.2535769204567101,0.0,0.0,0.0,0.0
0.05700636483146965,0.0,0.0,0.0,0.0,0.0,0.0,0.0,0.0,0.0,0.615814783102533,0.2998354759805085,0.0,0.0,0.0,0.7143033532356133,0.42902512785574,0.39810848015166644,0.5430934678965262,0.0,0.0,0.0
0.09682176739076209,0.0,0.0,0.0,0.0,0.0,0.0,0.0,0.0,0.0,0.42540869575607504,0.0,0.44346991401141095,0.0,0.0,0.3852591478733373,0.0,0.0,0.0,0.0,0.0,0.3759179537577349
0.0,0.0,0.0,0.0,0.0,0.0,0.0,0.0,0.0,0.0,0.0,0.0,0.0,0.0,0.0,0.0,0.0,0.0,0.0,0.0,0.0,0.0
0.0,0.0,0.0,0.0,0.0,0.0,0.0,0.0,0.0,0.0,1.2077182847012062,0.0,0.0,0.0,0.0,1.3983269214354803,0.0,0.6648640177148166,0.0,0.0,0.0,0.0
0.022415024183099083,0.0,0.23439122483871494,0.0,0.0,0.0,0.0,0.0,0.0,0.0,0.21825726211624072,0.7255471906991613,0.0,0.0,0.0,0.4601398146151726,0.5152549613268759,0.09599377850811781,0.0,0.0,0.0,0.0
0.0,0.0,0.0,0.0,0.0,0.0,0.0,0.22991132816408283,0.0,0.0,0.22632110407445893,0.0,0.0,0.0,0.0,0.17820069431277766,0.0,0.0,0.0,0.0,0.0,1.2929619464108504
0.29598591334577173,0.10386302130778163,0.11901273130113901,0.0,0.11793495451392233,0.0,0.0,0.0,0.0,0.0,0.3142811926708979,0.15243988910562453,0.7050974473525021,0.2543510829358366,0.0,0.17520242074141046,0.0,0.0,0.13327008212977604,0.3861764003152344,0.0,0.0
0.32364216919653727,0.0,0.1070108331467489,0.0,3.46017480951408,0.7456657134908784,0.0,0.0,0.7426280949414881,0.0,0.7454480962929819,0.13673799222502558,0.0,0.33375815261349634,0.0,0.270919655792724,0.0,0.003654340605539336,0.48856263516578213,0.0,1.6945352169865298,0.0
0.024086803704764428,0.0,0.0,0.0,0.0,0.0,0.0,0.043527358800957726,0.0,0.0,0.3788103765359687,0.18917242212508648,0.0,0.0,0.0,0.2899333847432601,0.0,0.20636670587862738,0.0,0.0,0.0,1.5678010807778326
0.18757126549640782,0.11116801143581115,0.0,0.7214725713435036,0.4680507226212995,0.0,0.0,0.5131183248196646,0.0,0.0,3.176480163370119,2.993048398955416,1.3158517354199029,0.0,0.0,1.4931789472471368,0.1911698666335822,0.527280816240838,0.0,0.0,0.0,0.0
0.22477103288243358,0.12681729200551814,0.02141482851324047,1.8174635054991826,1.1434678343454467,0.0,0.0,0.0,0.0,0.0,2.597213791703547,0.9776056475801724,0.8609276694182618,0.0,0.0,0.7581871832794026,0.2776674883069961,0.0723137235573114,0.0,0.0,0.0,0.0
0.26804216222848953,0.0,0.0,0.1120697539830899,0.0,0.0,0.0,0.9461343594325212,0.0,0.0,2.640032433381245,1.5512169109274712,0.9554394694373431,0.0,0.82526630326401,1.754003402248793,0.7506459944504508,0.9136746677980065,0.9523342661084337,0.0,0.0,0.0
0.10743627478455212,0.0,0.0,0.0,0.0,0.24392407899377985,0.0,1.461173451453475,0.0,0.0,1.235470391555631,0.0,1.026829067102295,0.0,0.0,0.6159798811274135,0.0,0.3366021649793644,0.15307633392948672,0.0,0.0,0.33525883775011456
0.17004127585985496,0.0,0.0,0.0,0.0,0.0,0.0,0.0,0.0,0.0,1.5486655961148044,0.0,0.0,0.4193280108418309,0.0,1.7069181347260585,0.0,0.2895305929778545,0.0,0.0,0.0,0.0
0.29549491428359986,0.0,0.0,0.2711980020624142,0.6668347951155015,0.0,0.0,0.5155765934117459,0.0,0.0,2.4377277798181987,0.0,0.0,0.172017221752182,0.0,1.716527009855444,0.0,0.17681945053186576,0.0,0.0,0.0,0.0
0.07569580107487578,0.0,0.0,0.0,0.0,0.0,0.0,0.0,0.0,0.0,0.6888123008957625,0.0,0.15115889175085015,0.0,0.0,0.14987125556676054,0.0,0.13932267817080812,0.0,0.46624194518293444,0.0,0.0
0.0,0.0,0.0,0.0,0.0,0.0,0.0,0.0,0.0,0.0,1.114093758953799,0.0,0.4580193857522084,1.075494038758401,0.0,1.5179498891921703,1.329088189025847,1.702543934464103,0.23806665941640803,0.0,0.0,0.0
0.07016974036935296,0.3972207434685202,0.0,0.0,0.0,0.0,0.0,0.0,0.0,0.0,0.6648706742123875,0.0,0.0,0.7001598000333236,0.0,1.19210847022134,4.919271421592028,2.4722075273736683,0.0,0.0,0.0,0.0
0.0,0.0,0.11688346160911782,0.0,0.0,0.0,0.0,0.753300757036407,0.0,0.0,0.977294024422183,0.0,0.7231137860214143,1.3832501719971653,0.0,0.5413864302795584,1.353502330680053,2.3553042376356563,0.0,0.0,0.0,0.9433649184925581
0.04348030592815436,0.009766331707430161,0.0,0.2395784955464969,0.0,0.0,0.0,0.0,0.0,0.0,1.5095480671997583,0.0,0.0,2.8083652490315663,0.0,0.779710754631073,3.196206931598004,4.374794324202197,0.5914342741165913,0.0,0.0,0.0
0.10365865399808129,0.05810921205534186,0.0,0.0,0.0,0.0,0.0,0.7751472247527049,0.0,0.0,0.5577075953286958,0.19738035119079958,0.0,0.36931738331711117,0.0,0.4251204416978881,0.45054956383722977,0.9430528950189336,0.941798004396614,0.8454841930233935,0.0,0.2827418278791334
0.030194378113918535,0.0,0.005774517270672729,0.0,0.0,0.0,0.0,0.0,0.0,0.0,1.0598321120628627,0.0,0.0,6.933165153295848,0.0,1.1380771344255851,0.9458938165670496,1.503776795861652,0.0,0.0,0.0,0.0
0.04135432252346812,0.0,0.0,0.0,0.24590743577944196,0.0,0.0,0.0,0.0,0.0,0.154584388791642,0.6113012070701209,1.2033673943991048,0.0,0.0,0.23867731544115775,0.9092015942657006,0.0,0.0,0.0,0.0,0.0
0.027313860356861525,0.06312615627543249,0.0,0.0,1.6024602322978234,0.0,0.0,0.0,0.0,0.0,1.055263402477303,0.0,0.0,0.0,0.0,0.5444973636778928,0.0,0.0,0.0,0.0,0.0,0.0
0.030714027291198397,0.0,0.0,0.0,0.0,0.0,0.0,0.0,0.0,0.0,0.4403938853756018,0.0,0.0,0.0,0.0,0.2580882700959354,0.0,0.0,0.0,0.0,0.0,0.0
0.0,0.0,0.0,0.0,0.0,0.0,0.0,0.0,1.3084995306230318,0.0,0.2154979232025111,0.0,0.0,0.0,0.0,0.0,0.0,0.0,0.0,0.0,0.0,0.0
0.043374728082052026,0.22847177013572667,0.0,0.0,0.0,0.0,0.0,0.0,2.0286385391305917,0.0,0.5163703988760658,0.0,0.0,0.0,0.0,0.7080777729706864,0.0,0.6091153836304025,0.0,0.0,0.0,0.0
0.06055606250542198,0.0,0.0,0.08402509151664678,0.0,0.1580837115788785,0.0,0.15140577649318776,0.0,0.0,0.35783487891113097,0.1720310236549674,0.0,0.08630831789976162,0.0,0.6457933098030071,0.11946065363850208,0.08274565993970226,0.0,0.0,0.0,0.0
0.21060288075223113,0.0,0.0,0.0,0.0,0.3555753777338975,0.0,0.0,0.0,0.0,0.3844661607868384,0.0,0.0,0.0,0.0,0.0,0.0,0.0,0.0,0.0,0.0,0.0
0.26813440586537207,0.0,0.0,0.0,1.2315179063378257,0.0,0.0,0.0,0.0,0.0,1.9223138488172364,0.0,0.0,0.0,0.0,1.9860347399094205,0.0,0.0,1.3916526546212116,0.0,0.0,0.0
0.14299409303774968,0.0,0.0,0.0,0.9264447394251404,0.26308666840222283,0.0,0.0,0.0,0.0,0.7935802690027665,0.0951264303303145,0.0,0.0,0.0,0.37524694942650094,0.0,0.0,0.6961466866330731,0.0,0.0,0.6296783860234201
0.026932686841555708,0.0769365871532844,0.0,0.0,0.6331653366855494,0.0,0.0,0.0,0.0,0.0,1.6812769028614638,0.5287605857785742,0.0,0.0,0.0,1.9556635427095057,0.0,0.0,0.0,0.0,0.0,0.37435013336241163
0.1384452301596404,0.0,0.0,0.0,0.0,0.0,0.0,0.0,0.0,0.0,1.3645876303248161,0.28577308165671467,0.0,0.0,0.0,0.8671615585170063,0.0,0.14328353275478878,0.8335341555461607,0.0,0.0,0.0
0.06431569631431633,0.0,0.0,0.0,0.05440939110565048,0.0,0.0,0.0,0.0,0.0,0.8196603483945136,0.0,0.3310162885405446,0.0,0.6534293171852716,0.7930642237080561,0.0,0.21750509027604467,0.0,0.0,0.0,0.3616340535337238
0.2600894800807959,0.3871194560382837,0.0,1.424112668375089,0.0,0.0,0.0,0.8790808674719142,0.0,0.0,3.0665353555708177,4.918819602919414,0.0,0.4740547177832095,0.0,1.2458457651799588,0.0,0.9884921697045097,1.198321592900073,0.0,0.0,0.0
0.0,0.0,0.0,0.0,0.0758462389952983,0.0,0.0,0.3466647049170399,0.0,0.0,0.5788545830748628,0.0,0.0,0.0,0.0,0.4079517869075569,0.0,0.7622473142506481,0.8438810862810555,0.0,0.0,0.0
0.07695855400571858,0.0,0.0,0.0,0.0,0.0,0.0,0.832148805127663,0.0,0.0,1.924153789182754,0.37379986248342756,0.0,0.38451789384577456,0.0,1.3247101260019547,0.20338710626162732,0.11118754917116785,0.0,0.0,0.0,0.3134094162747425
0.03898845673207604,0.0,0.0,0.0,0.0,0.0,0.0,0.0,0.0,0.0,0.9655871131666989,0.0,0.0,0.0,0.0,1.4120649101907228,0.09662571194291046,0.3206061163070803,0.0,0.0,0.0,0.0
0.10821380002104233,0.0,0.0,0.0,0.0,0.0,0.0,0.007058033000737373,0.0,0.0,1.279199055624044,0.3903775750849774,0.0,0.0,0.0,0.9783843082004372,0.0,0.35829938838999453,0.01280735193926743,0.0,0.0,0.0
0.11865896867199942,0.0,0.0,0.0,0.0,0.0,0.0,0.5306148701234197,0.0,0.0,0.5367332911699427,0.0,0.0,0.7662164511187047,0.0,2.3046906528519613,1.647119562039883,1.5743006028576418,0.0,0.0,0.0,0.572892099105971
0.002556423203726624,0.16136721438783946,0.0,0.0,0.0,0.0,0.0,0.0,0.0,0.0,1.764101953042251,0.0,0.0,6.113890139950424,0.0,2.048241003663303,2.0162747438260333,3.6040254991160823,0.0,0.03260961711556987,0.0,0.0
0.1284399195470267,0.0,0.0,0.0,0.0,0.0,0.0,0.0,0.0,0.0,0.6094418372632323,0.0,0.0,3.51979010899917,0.0,1.1249807543879906,0.5005616168983764,2.4273929155732303,0.0,0.0,0.0,0.0
0.06601276656286692,0.0,0.07975836912126637,0.0,0.0,0.0,0.0,0.0,0.0,0.0,1.346445226286001,0.0,0.0,0.7013183975149866,0.2287359176121886,2.304702877933464,1.3518115709628995,3.698394749661197,0.0,0.0,0.0,0.0
0.0,0.05507009908142175,0.0,0.0,0.0,0.0,0.0,0.0,0.0,0.0,1.0440751165373006,0.0,0.0,1.1919426584109283,0.0,1.2250813820950062,2.8236608249150335,2.9705725054785135,0.0,0.0,0.0,0.0
0.03678499558357485,0.13667634947115648,0.0932892462352702,0.0,0.0,0.0,0.0,0.0,0.0,0.0,0.5378535393013512,0.0,0.0,0.9588442718482855,0.0,0.12328547500494286,0.27005312339770854,0.0,0.0,0.0,0.0,0.12940569991174555
0.0,0.0,0.0,0.0,0.24258656997046185,0.0,0.0,0.0,0.0,0.0,0.6961611870124274,0.34967155834300473,0.0,0.0,0.0,0.9901691591025262,0.0,0.0,0.0,0.0,0.0,0.0
0.0,0.0,0.0,0.46149359440712295,0.0,0.0,0.0,0.6930574396781592,0.0,0.0,0.5596579702026047,0.0,0.0,0.0,0.0,1.2068810408007578,0.0,0.0,0.0,0.0,0.0,0.0
0.2855280949587158,0.0,0.0,0.0,0.0,0.0,0.0,0.6035317687432014,0.0,0.0,0.24974466832975542,0.0,1.2084077215703126,0.0,0.0,0.2396770199069495,0.0,0.0,0.0,0.0,1.6604294600073386,0.24298910412109834
0.02576237307051119,0.0,0.0,0.0,0.0,0.0,0.0,0.0,0.0,0.0,0.049405692796136755,0.0,0.0,0.0,0.0,0.0,0.0,0.0,0.5094173760784304,0.0,0.0,0.0
0.0,0.0,0.0,0.0,0.0,0.0,0.0,0.0,0.0,0.0,0.12462952222568824,1.3539900560838016,0.0,0.0,0.0,0.6037524392386732,0.0,0.0,0.0,0.0,0.0,0.0
0.07252877551269682,0.0,0.0,0.0,0.0,0.0,0.0,0.3180543914077182,0.0,0.0,0.3888713143580068,0.0,0.0,0.17704229800400498,0.0,0.5244460891270677,0.0,0.0,0.0,0.0,0.0,0.0
0.0,0.0,0.0,0.0,0.0,0.0,0.0,0.900029407852984,0.0,0.0,0.1671730026817187,0.0,0.0,0.3820702165082984,0.0,0.0,0.0,0.0,0.0,0.0,0.0,0.0
0.09773184908041166,0.0,0.08784858430320398,0.36397842891981635,0.0,0.0,0.0,0.0,0.0,0.0,1.395390030215966,0.271931227766511,0.0,0.0,0.0,0.8429700407981726,0.3599308994335805,0.0,0.0,0.0,0.0,0.0
0.0504374534086821,0.0,0.1594139791930445,0.0,0.8747070298367561,0.0,0.0,0.5447247134725219,0.0,0.0,1.237039781909969,0.0,0.0,0.0,0.0,0.5308711120401238,0.0,1.1877695326648712,0.0,0.0,0.0,0.5671846738019807
0.11537349377121348,0.0,0.0,0.0,0.9060781621868708,0.0,0.0,0.0,0.0,0.0,2.0188335714201444,0.5878178082512324,0.0,0.0,0.0,1.0275946395177125,0.0,0.0,2.0462714484063835,0.0,0.0,0.0
0.09111366071599217,0.03972471647931475,0.043590858336797926,0.0,0.0,0.0,0.0,0.15539039262327822,0.0,0.0,1.9924402827755827,0.0,0.0,0.0,0.0,1.9066582805469834,0.0,0.0,1.2942590864994066,0.0,0.0,0.0
0.0,0.0,0.0,0.0,1.5095289367295535,0.0,0.0,0.0,0.0,0.0,1.512755544418463,0.4867336826399511,0.0,0.2793749973991765,0.0,1.7199604043675292,0.0,0.24215551985423586,1.4027260118145721,0.0,0.0,0.0
0.0,0.0,0.0,0.0,0.0,0.0,0.0,0.0,0.0,0.0,0.8166577153452405,0.0,0.0,0.0,0.18528781583782789,0.6831504989712797,0.0,0.0,0.0,0.0,0.0,0.0
0.3294972803661709,0.0,0.0,0.0,0.7577927752944167,0.0827922920326638,0.0,0.09912536414148375,0.0,0.0,2.6786253255426367,0.7934545504367365,0.0,0.0,0.0,5.083186635427022,0.0,0.02576789639757774,0.7871608079579232,0.1770119241968449,0.0,0.0
0.0,0.0,0.0,0.0,0.0,0.0,0.0,0.0,0.0,0.0,0.541700716286717,0.0,0.0,0.21491874398544403,0.0,0.1181687794094494,0.0,0.0,0.07314687797013425,0.0,0.0,0.0
0.24867161027260787,0.0,0.0,0.0,0.5740733781860654,0.0,0.0,0.05145131852754383,0.0,0.0,0.8256966663967054,0.0,0.0,0.0,0.0,0.7788851480693457,0.0,0.0,0.617152575010646,0.0,0.0,0.0
0.1086669956570739,0.1677036935255557,0.1377969304379258,0.0,1.825092573971537,0.0,0.0,0.42577461343194345,0.0,0.0,1.3871637219480277,0.4018501417666746,0.0,0.0,0.0,2.273495244887867,0.0,0.23269258406123589,0.0,0.0,0.0,0.6809725229873729
0.06029684617924,0.0,0.0,0.0,0.7062494029585358,0.15211898357983764,0.0,0.18706911451159067,0.0,0.0,1.2140652074445555,0.0,0.0,0.10522926589225486,0.0,0.34930455039387576,0.0,0.24036727230515273,0.0,0.0,0.0,0.0
0.2014928137660478,0.0,0.39815171330529087,0.6466432573079072,0.4986519931349975,0.9600536489006838,0.0,0.6022848842118154,0.0,0.0,0.48719166037530226,0.0,0.0,0.13584032781579108,0.0,0.24662875400017376,0.0,0.0,0.0,0.0,0.0,0.6716033038650858
1.5714320086703253,1.0361010270349036,0.40764478050222336,0.3903121896681558,0.0,2.2025733965040124,0.0,0.36953529329035617,0.0,0.0,0.25706759404810114,0.0,0.0,0.0,0.4731651149649825,0.1367323710311503,0.0,0.0,0.03205988301201108,0.0,0.0,0.0
2.0149999710190096,0.6873399188772903,0.3893756478660883,2.508332990147152,0.264624071217288,1.9779702700963637,0.0,0.0,0.0,0.0,0.25572842346683,0.0,0.0,0.11194358184230556,0.0,0.23729262539313867,0.0,0.0,0.0,0.0,0.0,0.0
0.3382940494978283,0.0,0.0,0.10489107867550629,0.0,0.0,0.0,0.0,0.0,0.0,0.08033537153676283,0.0,0.0,0.0,0.0,0.0,0.0,0.0,0.0,0.0,0.0,0.3207311011843269
0.026280443864271887,0.576242706944615,0.0,0.0,0.0,0.0,0.0,0.0,0.0,0.0,0.4997379501895357,0.0,0.0,0.0,0.0,0.10415127373433414,0.0,0.0,0.0,0.0,0.0,0.0
0.0461406939000459,0.0,0.0,0.0,1.4338144165879245,0.0,0.0,0.43293978093743146,0.0,0.0,0.5073051873558427,0.0,0.0,0.0,0.0,0.13187108538213835,0.0,0.0,0.0,0.0,0.0,0.6600843062894151
0.0319744495147695,0.0,0.0,0.0,0.0,0.0,0.0,0.0,0.0,0.0,0.42680824311290655,0.0,0.0,0.0,0.0,0.36722967411199836,0.0,0.16128617752650082,0.0,0.0,0.0,0.11986024558807686
0.12880298386209701,0.0,0.0,0.20358662953215417,0.0,0.0,0.0,0.0,0.0,0.0,0.30705227206755326,0.20219762051541587,0.0,0.0,0.0,0.37901075425202024,0.0,0.0,0.0,0.0,0.0,0.0
0.0,0.0,0.0,0.0,0.0,0.0,0.0,0.0,0.0,0.0,0.18416360199418663,0.0,0.0,0.0,0.0,0.10821004247240766,0.0,0.17828062896054453,0.0,0.0,0.0,0.637106570159804
0.11879386478228553,0.0915210562991553,0.0,0.0,0.0,0.0,0.0,0.0,0.0,0.0,0.7821020801194896,0.0,0.0,0.0,0.0,0.5392645985000037,0.0,0.0,0.0,0.0,0.0,0.0
0.0,0.0,0.0,0.0,0.0,0.0,0.0,0.28446242188917376,0.0,0.0,0.42079783445293684,0.0,0.0,0.0,0.0,0.9991008315880617,0.0,0.0,3.3322558674172535,0.0,0.0,0.0
0.00620148763447911,0.0,0.0,0.0,0.0,0.0,0.0,0.0,0.0,0.0,0.842318311957759,0.2133596301732325,0.0,0.0,0.0,0.35934728914448344,0.7397173289953358,0.0,1.736111216392954,0.0,0.0,0.0
0.0634767336911951,0.0,0.0,0.0,0.8064810075855581,0.0,0.0,0.0,0.0,0.0,0.8985065752752939,0.0,0.0,0.0,0.0,0.31063338919596634,0.0,0.0,0.0,0.0,0.0,0.0
0.03190049540078573,0.0,0.0,0.0,0.0,0.0,0.0,0.4833613943353505,0.0,0.0,1.1554617853542604,0.0,0.0,0.0,0.0,0.9483610259505033,0.0,0.0,0.969493847579924,0.0,0.0,0.0
0.12450735767469553,0.0,0.0,0.0,0.571617143519536,0.08625849468547182,0.0,0.8099454618655071,0.0,0.0,1.6045330995410352,0.0,0.0,0.0,0.0,1.18749055619111,0.543995959411865,0.0,0.0,0.0,0.0,0.0
0.0,0.0,0.0,0.0,0.0,0.0,0.0,0.283697238287525,0.0,0.0,0.9355367569831731,0.528097684641421,0.0,0.0,0.0,0.9659058413862733,0.0,0.0,0.0,0.0,0.0,0.0
0.13202684553685717,0.0,0.09645497492256429,0.0,1.0206427257593356,0.0,0.0,0.6086437560889337,0.0,0.0,2.2380825869409287,0.27414322827222826,0.05310848975500271,0.0,0.0,3.325384214329179,0.0,0.2300096379304029,0.5636268478811043,0.0,0.0,0.1582226301197953
0.0679342315080742,0.0,0.0,0.0,0.0,0.8091152376028468,0.0,0.839388789289255,0.0,0.0,1.797838019542851,0.6319043544412147,0.0,0.0,0.0,1.7196579595801458,0.0,0.21182641195815768,0.0,0.0,0.0,0.0
0.0348562998838488,0.12939576981863335,0.13406887887280156,0.0,0.7869885541501547,0.0,0.0,0.8772501475199517,0.0,0.0,1.6090025659472935,0.43952037183160975,0.8294334652199873,0.0,0.0,1.6364345089994323,0.0,0.23977157290230106,0.0,0.0,0.0,1.088354354522587
0.1299415102356662,0.0,0.0,0.0,0.0,0.0,0.0,0.0,0.0,0.0,0.5776084716638754,0.0,0.0,0.0,0.0,0.8667922969147215,0.0,0.0,0.0,1.347248062544824,0.0,0.0
0.13102447066407824,0.16442047791123449,0.0,0.0,0.0,0.0,0.0,0.0,0.0,0.0,1.1230104627993693,0.0,0.0,0.0,0.0,0.9718041660070518,0.5093336438558924,0.19536269695513026,0.8514756224219674,0.0,0.0,0.0
0.23707437501198136,0.29886223400172884,0.05101773575765555,0.0,0.7545169615020526,0.0,0.0,0.9362766645798642,0.0,0.0,1.7448478575116755,1.1627571125953442,0.0,0.0,0.0,1.0624736919826154,0.0,0.0,0.0,0.0,0.0,0.0
0.0054395051439419225,0.0,0.0,0.0,0.0,0.0,0.0,0.0,0.0,0.0,1.398635313461639,0.0,1.4583578008375995,0.0,0.0,1.4459348844483801,0.0,0.0,0.0,0.0,0.0,0.0
0.5168897423275326,0.28961670905273906,0.060068512955520015,0.13050923597212974,0.0,0.6377375805184572,0.0,0.0,0.0,0.0,0.5946803027656556,0.7872869495151732,0.0,0.1564254184712615,0.48126761400361195,0.25799298671613896,0.0,0.0,0.0,0.0,0.0,1.1428844325471645
3.338070180840023,2.8751099428025264,1.584932960132422,2.833106797628237,0.0,1.1469091182199709,0.0,0.0,0.8783811202779476,0.0,0.08738691813906643,0.41969030123695983,0.4925877769734549,0.0,0.6379252782807979,0.19287225576874104,0.0,0.0,0.0,0.0,0.0,0.0
2.1624615621434224,1.843445886593158,3.3789310282581098,0.9664836096499385,0.0,2.1121109043211095,0.0,1.4021354284911514,1.144727845589256,0.0,0.21868436112143638,0.0,0.0,0.0,0.0,0.0,0.0,0.2192303765620511,0.0,0.0,0.0,0.0
6.944214244789866,2.7336480490207107,5.248567395111662,4.274821050094928,1.7739872156312821,1.9532772649484818,0.0,3.1194740041697653,0.0,0.0,0.62967821918543,0.0,0.0,0.0,1.0848355306821975,0.0,0.0,0.11450035665267605,1.0650539549126041,0.0,0.0,0.6936106099676467
1.827841412471415,2.8859377998657534,2.0215098632368975,1.2963950399421507,0.0,1.1605021842929923,0.0,0.2099211921259165,0.6345178539154462,0.0,0.07670529384686686,0.0,0.00873808186718151,0.0,0.5965084476422874,0.0,0.0,0.0,0.0,0.0,0.0,0.0
0.40754160429092695,0.39907859762286857,0.0,0.0,0.0,1.2377551255754775,0.0,0.27195330332028733,0.7035690912551859,0.0,0.20390760378854378,0.31058307111226857,0.0,0.0,0.0,0.005249798551535941,0.0,0.0,0.49348050176378966,0.0,0.0,0.0
0.04240889202586837,0.0,0.0,0.0,0.0,0.0,0.0,0.9246336496219336,0.0,0.0,0.16957932884297744,0.8342813148884063,1.6674076004375518,0.0,0.0,1.0517066406645696,0.0,0.18161879972342013,0.0,0.0,0.0,0.0
0.09894742219718865,0.0,0.03920520992315722,0.0,0.0,0.0,0.0,0.3019304219195991,0.0,0.0,0.4328078437531745,0.0,0.0,0.0,0.0,0.43014607645600517,0.0,0.0,0.0,0.0,0.0,0.0
0.11716045455352228,0.09607335626459433,0.0,0.0,0.0,0.0,0.0,0.43893008691689495,0.0,0.0,0.2549511068768184,0.0,0.0,0.0,0.0,0.5785956867647369,0.0,0.0,0.0,0.0,0.0,0.0
0.0,0.0,0.0,0.0,0.0,0.0,0.0,0.0,0.0,0.0,0.08707293788178902,0.0,0.0,0.0,0.0,0.07951873794508016,0.0,0.0,0.0,0.0,0.0,0.0
0.06486129438955478,0.0,0.0,0.0,0.0,0.3186647664533856,0.0,0.0,0.0,0.0,0.3808554265981653,0.0,0.0,0.0,0.0,0.8152498266417607,0.0,0.0,0.0,0.0,0.0,0.0
0.0,0.0,0.0,0.0,0.0,0.0,0.0,0.0,0.0,0.0,1.1637086887251595,0.0,0.0,0.0,0.0,0.0,0.0,0.0,0.0,0.0,0.0,0.0
0.023920388719101,0.0,0.0,0.0,0.12822511585714197,0.0,0.0,0.0,0.0,0.0,0.19416580046410098,0.0799966238915126,0.0,0.0,0.0,0.20468161299836712,0.0,0.0,0.0,0.41598358071545144,0.0,0.0
0.0,0.0,0.0,0.0,0.0,0.0,0.0,0.0,0.0,0.0,0.9322313057865752,0.0,0.0,0.0,0.0,0.0,0.0,0.0,0.0,0.0,0.0,0.0
0.06774804467273694,0.0,0.19799262707941942,0.0,0.0,0.6387544183691332,0.0,0.0,0.0,0.0,0.5075392603290357,1.6255635086802702,0.0,0.0,0.0,0.0,0.0,0.0,1.472622548037099,0.0,0.0,0.0
0.14252102476231296,0.0,0.0,0.0,0.0,0.7707417245853069,0.0,0.0,0.0,0.0,0.4563573980926853,0.0,0.0,0.0,0.0,0.09675619318307165,0.0,0.0,0.0,0.0,0.0,0.0
0.11783804689173578,0.0,0.0,0.0,0.0,0.6082854274489328,0.0,0.41407144514387917,0.0,0.0,0.7112084672365133,0.6826407490117792,0.0,0.0,0.0,0.6979094953199749,0.20702213554735358,0.2994292703139511,0.0,0.0,0.0,0.0
0.2911103169811262,0.0,0.0,0.0,0.16405085164483335,0.0,0.0,0.008616427193021881,0.0,0.0,0.9019579173811569,0.0,0.0,0.0,0.0,1.0066339385792236,0.0,0.0,0.0,0.0,0.0,0.0
0.11717231311281487,0.0,0.0,0.0,0.44705729328005184,0.0,0.0,1.0428328491621368,0.0,0.0,1.0226026789034204,0.0,0.0,0.0,0.0,1.1388499990468803,0.0,0.0,0.5051883255283274,0.0,0.0,0.0
0.21433424970462656,0.0,0.0,0.2626797274396361,0.0643745954361856,0.31067398041552674,0.0,0.506314747689879,0.0,0.0,1.6777729843758993,0.0,0.0,0.0,0.0,2.415289457314188,0.0,0.0,0.07065483313921549,0.0,0.0,0.0
0.08229067556765786,0.0,0.0,0.0,0.0,0.0,0.0,0.0,0.0,0.0,2.4267693294794923,1.4397876953146063,0.0,0.0,0.0,1.9105487654138356,0.0,0.0,0.5979170857786413,0.0,0.0,0.0
0.1414449711109964,0.0538336383065104,0.0,0.0,0.0,0.0,0.0,0.5893706858616282,0.0,0.0,1.0504344633866223,0.0,0.0,0.0,0.0,0.5659279520940229,0.0,0.004369968307883271,1.0694591249047303,0.0,0.0,0.0
0.07717131857986118,0.0,0.0,0.0,0.0,0.0,0.0,0.39065993784365943,0.0,0.0,1.9713900136828726,1.5641029499452201,0.0,0.0,0.0,3.114618551823079,0.0,1.7137190648225384,0.0,0.0,0.0,0.8678152086888041
0.13722479243739827,0.0,0.0,0.0,0.0,0.0,0.0,0.0,0.0,0.0,0.7405946582446097,0.0,0.0,0.0,0.0,0.3661710470767209,0.0,0.0,0.0,0.32155717308786147,0.0,0.0
1.3880739096575454,1.2006444097532367,0.4581259088058999,0.8646928768193648,0.0,0.893175185360395,0.0,1.1397750916798037,0.0,0.0,0.2892184017489049,0.18233879802106404,0.0,0.0,0.0,0.07228051726502042,0.0,0.0,0.0,0.0,0.0,1.4816232485978906
2.7335085619320285,1.558717740885758,2.8273581200399054,1.9764928716559471,0.0,0.4439958262703709,0.0,0.4169206525491043,0.06684637036730054,0.0,0.23120875849825426,0.4260085396012595,0.0,0.0,0.06284208454067139,0.16887309742020912,0.0,0.0,0.0,0.0,0.0,0.0
2.844072412591812,1.0395318271801428,3.199762782473136,2.6773610887937167,0.0,1.906606735547127,0.0,0.9126456275836458,1.0653533052492132,0.0,0.18417131689659355,0.0,0.0,0.0,1.3196180234904458,0.0,0.0,0.0,0.0,0.0,0.0,0.0
2.255089949054888,0.10999939043685018,2.922310045440871,1.8354957783354964,0.0,1.3111018274963955,0.0,2.0905388262159272,0.08994877557763768,0.0,0.27312082059145754,0.0,0.0,0.2693072241551074,0.0,0.07406315499492414,0.0,0.0,0.0,1.58842573908028,0.0,0.2676370215966701
3.3727387013278753,1.2080570076457116,2.6642248636661567,2.636877309696729,0.7838386318479617,1.489016206110498,0.0,0.0,0.0,0.0,0.13601940877630914,0.0,0.0,0.0,1.2657288034627132,0.23197522844375512,0.0,0.0,0.1411980779939159,0.0,0.0,0.0
1.2396988199407373,0.15662217481757343,0.3972133383764864,0.12273576612889665,0.0,2.162132060793313,0.0,0.487734099692411,0.0,0.0,0.4204076410457115,0.044884441059925485,0.0,0.0,0.0,0.19354322603814322,0.0447900723490539,0.0,0.055408054936793044,0.0,0.0,0.0
0.19462584414837217,0.0,0.0,0.0,0.0,0.0,0.0,0.0,0.0,0.0,0.9219491111227736,0.0,0.0,0.0,0.0,0.8971122979953217,0.0,0.0,0.0,0.0,0.0,0.0
0.04333189945099836,0.0,0.0,0.0,0.0,0.0,0.0,0.08732855479697504,0.0,0.0,0.6044021934905315,0.0,0.0,0.0,0.0,0.7527297548216944,0.0,0.0,0.0,0.0,0.0,0.0
0.0,0.0,0.17593283791645678,0.0,0.0,0.0,0.0,0.0,0.0,0.0,0.17445184795873464,0.0,0.0,0.0,0.0,0.047720630412207046,0.0,0.0,0.0,0.0,0.0,0.0
0.0,0.0,0.0,0.0,0.0,0.0,0.0,0.0,0.0,0.0,0.0,2.373316043308877,0.0,0.0,0.0,0.0,0.0,0.0,0.0,0.0,0.0,0.0
0.0,0.0,0.0,0.0,0.0,0.0,0.0,0.0,0.0,0.0,0.15814616660795683,0.0,0.0,0.9594053083353974,0.0,0.1360276345761914,0.0,0.0,0.0,0.0,0.0,0.0
0.0,0.0,0.0,0.0,3.132742503362011,0.0,0.0,0.0,0.0,0.0,0.5395679713588077,0.0,0.0,0.34479445626499816,0.0,0.2709382638713482,0.0,0.516539491346467,0.0,0.0,0.0,0.6850664669835298
0.022105276456826847,0.0,0.0560604818830111,0.0,0.3617164239268299,0.0,0.0,0.7756362840134601,0.0,0.0,0.21149525297311056,0.0,0.0,0.0,0.0,0.0,0.0,0.0,0.0,0.0,0.0,0.0
0.07906773411245906,0.0,0.06546639862067885,0.14522964851241135,0.0,0.6509973733258266,0.0,0.45372258617162814,0.0,0.0,0.16352610914756943,0.0,0.0,0.0,0.0,0.08178234089940019,0.0,0.0,0.0,0.0,0.0,0.7329432920428061
0.1848748266035208,0.15505019845135798,0.0,0.0,0.17440264399849828,0.11339977844271511,0.0,0.0,0.0,0.0,0.8993954885210361,0.10880569398882044,0.0,0.0,0.0,0.20772120319041965,0.0,0.0,0.0,0.0,0.0,0.0
0.0,0.0,0.0,0.0,0.872376420148874,0.0,0.0,0.0,0.0,0.0,1.2584113977395401,0.0,0.0,0.0,0.0,1.2078862451922718,0.0,0.0,0.0,0.0,0.0,0.0
0.03559569532287776,0.0,0.0730828501863369,0.5778611609983044,0.0,0.0,0.0,0.14769479834211202,0.0,0.0,0.5859029616786383,0.2969953046020207,0.0,0.0,0.0,1.3857560624819074,0.0,0.0,0.0,0.0,0.0,0.0
0.20936745525098524,0.0,0.0,0.0,0.0,0.0,0.0,1.542332602204537,0.0,0.0,1.8028466524595512,0.0,0.0,0.0,0.0,1.5275511244597764,0.0,0.0,0.0,0.0,0.0,0.19083277041055552
0.16302823765650418,0.0,0.0,0.0,0.0,0.0,0.0,0.0,0.0,0.0,1.4964429625512894,1.2470942522402635,0.0,0.0,0.0,0.7416679334776147,0.0,0.0,0.0,0.0,0.0,0.0
0.1647144775099581,0.0,0.0,0.0,0.0,0.0,0.0,0.4388146994350017,0.0,0.0,0.9956212039411825,0.04657632658645308,0.0,0.0,0.0,1.6629625072020535,0.0,0.0,0.3371938359671136,0.0,0.0,0.0
0.12536802064340274,0.0,0.0,0.0,0.4648661095649594,0.0,0.0,0.28949585369528463,0.0,0.0,1.3147536268209783,1.6343656222678413,0.7210636410245452,0.0,0.0,1.0077115386828215,0.0,0.0,0.0,0.0,0.0,0.8717076349178797
0.06352227783463223,0.0,0.12559421541604227,0.0,0.0,0.0,0.0,0.7759583199333275,0.0,0.0,1.777013691802785,1.0537725881942859,0.0,0.0,0.0,1.2627143436988815,0.0,0.0,0.0,0.0,0.0,0.0
0.0405088423796856,0.0,0.031211554280179053,0.0,0.43503024528729406,0.0,0.0,0.4792921245356689,0.0,0.0,1.3651146086349695,0.0,0.0,0.0,0.0,0.8599831892390473,0.0,0.0,0.0,0.31396877744062923,0.0,0.0
0.20225809590300842,0.3603676945076912,0.016978589536743555,0.0,0.6435532940826042,0.0,0.0,0.15010049056563818,0.0,0.0,1.1403304713352602,0.0,0.0,0.0,0.0,1.2351557549312662,0.0,0.0,0.17717332494207869,0.0,0.0,0.0
0.027115960524554346,0.0,0.0,0.0,0.54026855881394,0.0,0.0,0.9959047818737436,0.0,0.0,1.5937199401244428,0.8295255113905938,0.0,0.0,0.0,0.8884466045028688,0.0,0.17713879382064693,0.16241117477714628,0.0,0.0,0.0
1.48024574071354,0.37038519319008045,0.0,0.36207875301831327,0.0,1.0596454123610948,0.0,0.496084797365434,0.0,0.0,0.504219143382971,0.0,1.2113831390657563,0.0,0.0,0.16276725818178436,0.0,0.0,0.0,0.0,0.0,0.0
0.8166654451676432,1.2140226898915092,0.6288220324034417,1.726324913906362,0.0,0.8893188992748555,0.0,0.0,0.0,0.0,0.22472166900221305,0.0,0.0,0.0,0.0,0.03207867350575346,0.0,0.0,0.5293461080614118,0.0,0.0,0.41863381505333747
2.9183434898520972,0.9267827749192096,2.9115010977706777,1.4236132453626955,0.1436786079229084,0.5052572136004136,0.0,1.690865352932576,1.8654085442512527,0.0,0.16871771404521307,0.0,0.0,0.0,0.0,0.0,0.08944923131670647,0.0,0.0,0.0,0.0,0.0
2.8367962601745944,0.24347503288598746,4.0773413249724735,1.841588235469165,0.0,0.8579460145232897,0.0,2.7002696026239246,2.4699789737098072,0.0,0.24202982574632143,0.0,0.0,0.0,0.0,0.0,0.0,0.2118333380200603,0.0,0.0,0.0,0.5388417539937793
2.805861842077735,3.193510324194971,2.224849976964186,1.7652548948017743,0.6356807389041236,1.3120352402219078,0.0,0.0,1.338218961618809,0.0,0.3084728259652731,0.486053965298441,0.0,0.0,0.0,0.0,0.0,0.19891204777172566,0.0,1.184920340946248,0.0,0.0
1.4223454881970796,0.2355592810398708,0.010113555184600814,0.0,0.0,2.100483878648063,0.0,1.50047914454549,0.0,0.0,0.13958549663501235,0.0,0.0,0.0,0.0,0.09764258283706082,0.0,0.0,0.0,0.0,0.0,0.08963941418376092
0.028397313105330974,0.0,0.0,0.003068875843438757,0.0,0.0,0.0,0.7207891016269367,0.0,0.0,0.9134784659201738,0.16265664729948118,0.0,0.0,0.0,0.195146406181569,0.0,0.0,0.29462078284572296,0.0,0.0,0.46573905865986853
0.0,0.0,0.0,0.0,0.0,0.0,0.0,0.0,0.0,0.0,0.26604209032281206,0.0,0.0,0.0,0.0,0.28652862995593126,0.0,0.0,0.0,0.0,0.0,0.32275602335244735
0.06791827131376975,0.0,0.1524194687411029,0.0,0.7562514167970181,0.0,0.0,0.0,0.0,0.0,0.3855442754935464,0.0,0.0,0.0,0.0,0.5853908004484919,0.0,0.0,0.0,0.0,0.0,0.0
0.3023224391490434,0.0,0.0,0.0,0.0,0.0,0.0,0.0,0.0,0.0,0.541700716286717,0.0,0.0,0.0,0.0,0.0,0.0,0.0,0.0,0.0,0.0,0.0
0.2338876063296346,0.0,0.0,0.0,0.0,0.0,0.0,0.0,0.0,0.0,0.8994502171576612,0.0,0.0,0.0,0.0,0.7278377311285318,0.0,0.0,0.0,0.0,0.0,0.0
0.0,0.0,0.0,0.0,0.0,0.0,0.0,0.40184585703455905,0.0,0.0,0.27894501441832875,0.7989096386239188,0.0,0.0,0.0,0.19273875577741853,0.0,0.0,0.0,0.0,0.0,0.8936386542680541
0.2518163297071623,0.0,0.0,0.0,0.0,0.6128248801283047,0.0,0.0663094309761413,0.0,0.0,0.09154950569562642,0.06642925738967168,0.0,0.0,0.0,0.0,0.0,0.0,0.0,0.0,0.0,0.0
0.7488822782056109,0.277882922645424,0.0,0.398447549295308,0.0,0.8030504348771821,0.0,0.4879212959368403,0.0,0.0,0.1685621958666684,0.0,0.0,0.0,0.0,0.0,0.0,0.0,0.0,0.0,0.0,0.0
0.09271374993701964,0.0,0.0,0.0,0.9385727664078898,0.0,0.0,0.9774342390937829,0.0,0.0757457105518795,0.7384873612973517,0.0,0.0,0.0,0.0,0.1442621867075275,0.0,0.0,0.6591767934265597,0.0,0.0,0.0
0.09896681780219885,0.05989476085534883,0.0,0.0,0.7429704280072086,0.0,0.0,0.0,0.0,0.0,0.6652041227001486,0.37769288243432014,0.0,0.0,0.0,0.6962213534872762,0.0,0.0,0.0,0.0,0.0,0.8929682700322287
0.08358897633241552,0.0,0.0,0.0,0.0,0.0,0.0,0.255074400216637,0.43939762721549697,0.0,1.4642165158388745,0.2555353399368462,0.5107169013465004,0.0,0.0,1.0598662033447153,0.0,0.0,0.0,0.0,0.0,0.0
0.23966294902490987,0.0,0.0,0.12878491442648984,0.3846995866244788,0.0,0.0,0.24265654688409297,0.0,0.0,2.501136877547535,0.09175860237547906,0.0,0.17303501173780006,0.0,1.1865338589374304,0.0,0.0,0.0,0.0,0.0,0.8885781882638437
0.13951924550960307,0.0,0.0,0.0,0.0,0.0,0.0,0.038287495289252134,0.0,0.0,0.8937650015609635,0.6931889581918426,0.0,0.0,0.0,0.8744954003413807,0.0,0.0,0.0,1.8543487193648132,0.0,0.0
0.2530808633207508,0.15494859563373387,0.0,0.0,0.5190457216957485,0.0,0.0,0.0,0.0,0.0,2.055580174426791,0.0,0.0,0.0,0.0,2.411082726472903,0.0,0.0,0.0,0.0,0.0,0.0
0.2454146448604586,0.0,0.0,0.0,0.6901424499635891,0.0,0.0,0.0,0.0,0.0,1.6021220766643307,0.5643590096770392,0.0,0.0,0.0,0.8743755833326218,0.0,0.0,0.0,0.0,0.0,0.0
0.0786813298777587,0.026261863339083702,0.0,0.0,1.0285464197486776,0.0,0.0,1.0717486511823153,0.0,0.0,1.545773824602973,0.23173678006404078,0.0,0.0,0.0,1.72551974979267,0.0,0.0,0.0,1.4609394819548691,0.0,0.643978874626722
0.043446684825897884,0.0,0.0,0.08355708608992211,0.0,0.35546956142037206,0.0,0.6807478463885134,0.0,0.0,0.8232590982296843,0.3231477643737846,0.0,0.0,0.0,0.5338830462896375,0.0,0.0,0.0,0.0,0.0,0.17052944560944094
0.1202266018852255,0.06738729005482348,0.0,0.0,0.0,0.18660293939447484,0.0,0.7168605639228818,1.1669400342618965,0.0,1.6972646527103772,0.3579826315664493,0.0,0.0,0.0,1.3782425166059005,0.0,0.0,0.4145992245032266,2.1916845217420793,0.0,0.25647441138331406
0.21671938545188782,0.0,0.0,0.4186180566519544,0.0,0.0,0.0,0.0,0.0,0.0,1.2568888538282819,0.3810292902876625,0.0,0.0,0.0,0.0,0.0,0.30327964639846394,0.0,0.0,0.0,0.7528715640341177
0.3962856072865215,0.06807790562258802,0.2383090489628738,0.7741051487855231,0.0,0.0,0.0,0.6659413911116837,0.0,0.0,0.9335581438199262,0.0,0.8712038124899752,0.0,0.0,0.08527516786417284,0.0,0.0,0.0,0.0,0.0,0.6621188651172818
1.21340295111001,0.9951768303006268,0.19488383417319732,1.4164740137413645,0.0,0.8399001814738277,0.0,0.6879993165043646,0.0,0.0,0.3547621101227401,0.0,0.0,0.0,0.43882277136137676,0.06720721199863737,0.0,0.15429943031725743,0.0,0.0,3.0498478822048822,1.3529502015178296
3.3343220918253538,2.223646829947697,1.2069938161781555,1.3556527384220374,0.0,0.689765299017997,0.0,0.5871419707630641,0.0,0.0,0.025008034872379507,0.0,0.1657161088235292,0.0,0.0,0.0,0.0,0.0,0.0,0.0,0.0,0.0
0.7133598302215345,0.3558999786738039,0.08953562545664825,0.13252484162318873,0.0,0.0,0.0,0.0,0.0,0.0,0.16698104598615346,0.0,0.0,0.0,1.1198284142746628,0.07484614007782481,0.0,0.0,0.0,0.0,0.0,0.0
2.8614504943186834,1.8914300961236479,2.099803454332199,1.1638376130886257,0.0,0.3738572593483778,0.0,1.7953602018431714,0.0,0.0,0.17097901018326667,0.0,0.0,0.0,2.070716313586293,0.0,0.0,0.12394515449753156,0.0,0.0,0.0,0.0
0.4291980953603444,0.06824794057273445,0.0748900577008118,0.16271160599029758,0.0,0.0,0.0,0.0,0.0,0.0,0.6965291184864535,0.0,0.0,0.0,0.0,0.5118188626837357,0.0,0.0,0.0,0.0,0.0,1.2841914587276029
0.08036187545180462,0.19271648563184446,0.0,0.0,0.0,0.0,0.0,2.5014315085982437,0.0,0.0,0.8696635572375659,0.25819035027436305,0.0,0.0,0.0,0.25007911285235185,0.0,0.0,0.0,0.0,0.0,0.0
0.008452558516803793,0.0,0.13693181559647594,0.0,0.7916898919393293,0.0,0.0,0.0,0.0,0.0,0.19925931902448835,0.4238660990475304,0.0,0.0,0.0,0.2805835949746638,0.0,0.0,0.7205645834195965,0.0,0.0,0.29207948848157705
0.0,0.0,0.23310331518551675,0.0,1.1565760845719986,0.0,0.0,0.0,0.0,0.0,0.06313810709160778,0.7215605259620523,0.8147476765403474,0.0,0.0,0.11248152778257164,0.0,0.0,0.0,0.0,0.0,0.21981038329342573
0.03827511747110116,0.08845915646391973,0.09706829651054275,0.7306155480378865,0.8343958736016153,0.0,0.0,0.0,0.0,0.0,0.3837396093346286,0.0,0.0,0.0,0.0,0.4046089417593821,0.0,0.28398106861418515,0.0,0.0,0.0,0.0
0.0039873267751615515,0.0,0.0,0.0,0.0,0.0,0.0,0.0,0.0,0.0,0.6277398977059585,0.0,0.0,0.0,0.0,0.5267054234641646,0.0,0.0,2.404441069678384,0.0,0.0,0.9833331695770662
0.033070520519764675,0.07441324093496672,0.0,0.17741045133175173,0.4051451011959908,0.0,0.0,0.0,0.0,0.0,0.4841374227947539,0.25276046790999473,0.0,0.0,0.0,0.19827049177940181,0.18810827849522818,0.0,0.9589665279832025,0.0,0.0,0.0
0.06035704001273438,0.0,0.0,0.0,0.0,0.0,0.0,0.08710203267128921,0.0,0.0,0.5164196683427409,0.17446826609029617,0.0,0.0,0.0,0.6262610270224851,0.0,0.0,0.0,0.0,0.0,0.0
0.06249419078625612,0.17342714695533523,0.0,0.0,0.0,0.0,0.0,0.13596180824758153,0.0,5.584843037976189,0.6939529589600193,0.03488071774512912,0.0,0.1676278725683361,0.0,0.0,0.0,0.0,0.0,0.0,0.0,0.25990634690625564
0.0646284721416063,0.0,0.0,0.0,0.0,0.0,0.0,0.0,0.0,0.0,0.6785419120797482,0.0,0.0,0.0,0.0,0.9206977005519759,0.0,0.0,0.0,0.0,0.0,0.0
0.08130939659465691,0.0,0.0,0.0,0.0,0.0,0.0,0.0,0.0,0.0,0.9627787148220511,0.42484271386724615,0.0,0.4147639331010537,0.0,0.3568362494925192,0.0,0.0,0.0,0.0,0.0,0.0
0.28445174706161513,0.0,0.0,0.30871911693786036,0.0,0.0,0.0,0.1332988506603279,0.0,0.0,1.002613922053077,0.8802552652469056,0.0,1.084562429525553,0.0,1.503546852594385,2.1007582367379314,0.8338123749942228,1.2689088992613318,0.0,0.0,0.0
0.04252207362528238,0.0,0.2542907534934373,0.2342985912632689,0.0,0.0,0.0,0.33320808519718187,0.0,0.0,2.083881637618913,0.0,0.0,1.4779781940869505,0.0,3.7874196145247905,2.3344142894312676,0.5530100108296668,0.0,0.0,0.0,0.0
0.06138009915881851,0.14252368647203686,0.0,0.0,0.8167473237012363,0.0,0.0,0.9800730051073359,0.0,0.0,0.627342579837369,0.0,0.0,0.018339337210345384,0.0,1.8017801804669284,0.0,0.0,0.0,0.0,0.0,0.0
0.24594189149112983,0.0,0.29047630312954303,0.0,0.0,0.06521270970941512,0.0,0.5900690830967457,0.0,0.0,0.2531450122002463,0.0,0.0,0.0,0.0,0.39661009035275313,0.0,0.0,0.0,0.0,0.0,0.46178980837833955
0.18651897406926118,0.0,0.0,0.0,0.6146322004915461,0.0,0.0,0.5586306239667392,0.0,0.0,1.3573404574720862,0.01169573394441167,0.0,0.0,0.0,0.42379029893342524,0.0,0.0,0.9439195506757094,0.0,0.0,0.0
0.13986256497916333,0.0,0.0,0.29277383028002507,0.0,0.0,0.0,0.05828683425474576,0.0,0.0,0.8682918919184563,0.0,0.0,0.0,0.0,0.7906020708096633,0.0,0.0,0.17523523017001527,0.0,0.0,0.3231459906908656
0.6786596724693927,1.8718512165096315,0.13776118201572637,0.20499390819593827,0.5088626150695691,0.0,0.0,0.8372036771323826,1.174069660733428,0.0,1.3439724341129118,0.03074260478052155,0.0,0.0,0.0,0.9469732242781823,0.0,0.4575450975041321,0.0,0.0,0.0,0.0
4.068522774785876,6.149178877295262,3.565020718447137,1.7691896156595075,0.03654921036181951,1.3476314453595255,0.0,0.4905222094210287,4.577307194237351,0.0,0.4518620987648658,0.0,1.0490288293111452,0.0,0.05901902052174684,0.0,0.0,0.0,0.0,0.0,0.0,0.0
3.931464827580227,4.791235348556199,5.649694946669497,4.045144732743209,0.0,1.252198165452424,0.0,0.7068622303616618,1.3862626638868192,0.0,0.18010946129774075,0.0,0.0,0.0,1.0118761419002842,0.2894943570577997,0.0,0.17218119739852245,0.0,1.1028033663183352,0.0,0.0
4.253448512887549,7.48576601061718,3.8888474869476704,3.5310850744180575,0.7987324371320118,1.4148543336205,0.0,0.5306556178611903,8.988714208113752,0.0,0.3357639339454137,0.35682430070277077,0.0,0.0,0.0,0.0,0.2752614674198219,0.0,0.0,0.0,0.0,0.39513511107276444
2.75280993724777,3.9333057305467176,1.6065830040586495,2.323651736135208,0.0,0.5819657168573497,0.0,0.3752687852164248,0.0,0.0,0.9431684431546413,0.18801738190801304,0.0,0.0,1.9082992532132326,0.0,0.0,0.0,0.0,4.781228003852127,0.0,0.26932963647598707
0.2295464258478644,0.0,0.10575378973296248,0.11036054242857454,0.47687058116445535,0.3276368404763173,0.0,0.7507539696484264,0.0,0.0,0.7665632340323305,0.0,0.0,0.0,0.40696702067956886,0.34087547197801493,0.0,0.0,0.0,0.0,0.0,0.42370562621342805
1.0999868375617183,0.40811043062147595,0.13110329868189868,0.5012665269892733,0.16953309453735585,1.859727037639119,0.0,0.3859449119040561,0.0,0.0,0.705438800454645,0.0,0.0,0.0,0.273759052153633,0.1264838208240849,0.0,0.0,0.0,0.0,0.0,0.18843738652277173
0.4424013230195898,0.12298864193017965,0.0,0.0,0.0,0.7474461434629425,0.0,1.0594888472614938,0.0,0.0,0.437345466482433,0.0,0.0,0.0,0.0,0.5230436841045507,0.0,0.0,0.0,0.0,0.0,1.1773252468451867
0.09328038428430417,0.0,0.0,0.0,0.0,0.0,0.0,0.0,0.0,0.0,0.5138540155003464,0.0,0.0,0.0,0.0,0.14514386725715892,0.0,0.0,0.6632054538177324,0.0,0.0,0.0
0.0,0.0,0.10585922429530242,0.0,0.5671199200020237,0.0,0.0,1.6444444590490124,0.0,0.0,0.5449615399842752,0.0,0.0,0.0,0.0,0.4548256745297422,0.3269933844045708,0.0,0.0,0.0,0.0,0.5068301094230283
0.07507667543711893,0.06964738486749021,0.0,0.0,0.0,0.0,0.0,0.0,0.0,0.0,0.18459801591107933,0.0,0.0,0.0,0.0,0.23363203364359814,0.0,0.0,0.0,0.0,0.0,1.0841290496777996
0.0,0.0,0.0,0.0,0.0,0.0,0.0,0.0,0.0,0.0,0.0,0.0,0.0,0.0,0.0,0.0,0.0,0.47692553087347844,0.0,0.0,0.0,0.0
0.0,0.6987094936398556,0.0,3.330993450552253,0.0,0.0,0.0,0.0,0.0,0.0,0.2708535664345405,0.0,0.0,0.0,0.0,0.9408009326897075,0.0,0.0,0.0,0.0,0.0,0.0
0.0,0.0,0.0,0.0,0.0,0.0,0.0,0.0,0.0,0.0,0.0,0.0,0.0,0.0,0.0,0.0,0.0,0.0,0.0,0.0,0.0,0.0
0.16214506195414724,0.0,0.0,0.0,2.388282989217445,0.0,0.0,0.0,0.0,0.0,0.39731762548109273,0.4419561385869557,0.0,0.0,0.0,0.23773034657414296,0.3881765319974583,0.0,0.0,0.0,0.0,1.194389382317681
0.07621359342757437,0.0,0.05483008708436627,0.0,0.6869535560357549,0.0,0.0,0.8560732702434843,0.0,0.0,0.48469901152124256,0.0,0.0,0.0,0.0,0.42692420363908046,0.0,0.0,0.0,0.0,0.0,0.0
0.0,0.0,0.0,0.0,0.0,0.0,0.0,0.0,0.0,0.0,0.20748273576146326,0.0,0.0,0.0,0.0,0.0,0.0,0.0,0.0,3.67193852296258,0.0,0.0
0.0,0.0,0.0,0.0,0.0,0.0,0.0,0.0,0.0,0.0,0.4012403725660792,0.0,0.0,0.0,0.0,0.10088005673063238,0.0,0.2776162994181664,2.1456512155213954,0.0,0.0,0.0
0.0,0.0,0.0,0.0,0.0,0.0,0.0,0.0,0.0,0.0,2.0452210486724667,0.2590481181874771,0.0,0.0,0.0,0.5956003574268608,0.0,0.0,0.0,0.0,0.0,0.9546175714720139
0.08404359584470593,0.0,0.018601190911900593,0.0,1.0233592036898171,0.0,0.0,0.0,0.0,0.0,1.4319731676142797,0.05757912575044095,0.0,0.16352099956463537,0.0,2.119260368555867,0.0,0.37970462094886875,0.0,0.0,0.0,0.0
0.0833089086788308,0.0,0.28262205118036354,0.0,1.0482818800714182,0.0,0.0,0.0,0.0,0.0,0.8989912561891891,0.0,0.0,0.11455356260479485,0.0,0.8476333362411711,0.0,0.0,0.0,0.0,0.0,0.0
0.05987041725462878,0.0,0.16188801751048937,0.0,0.0,0.0,0.0,0.0,0.0,0.0,0.7222681849021129,0.031117279470869057,0.0,0.0,0.0,0.49403345060175063,0.0,0.0,0.3667507918518276,0.0,0.0,0.0
0.04591185662546603,0.05688350684471136,0.0,0.0,0.9607300193067635,0.0,0.0,0.2533629670927529,0.0,0.0,1.3162222830549908,0.0,0.0,0.0,0.0,0.6064175127564186,0.0,0.0,0.0,0.0,0.0,0.0
0.06085414013393631,0.0,0.0,0.0,0.0,0.0,0.0,0.0,0.0,0.0,0.892110747720077,0.3110982154601046,0.0,0.0,0.0,0.8631647620266398,0.0,0.0,1.2843968874724632,0.0,0.0,0.0
0.04145866178348047,0.0,0.0,0.0,0.03825093384495998,0.0,0.0,0.57720790782291,0.0,0.0,0.6113136928046403,0.38377799020555986,0.0,0.017204985440510235,0.0,0.9170939795119363,0.0,0.03103216903850426,0.04322471752390134,0.0,0.0,0.7941440212195907
0.10900436049677248,0.0,0.0,0.0,0.5812044501803189,0.0,0.0,0.00880015561515826,0.0,0.0,1.4930344311684456,0.0,0.0,0.0,0.9157000524492683,0.48299055190776163,0.0,0.0,0.0,0.0,0.0,0.0
1.3008778901252074,1.6791118969778158,0.6697774535828539,0.0,0.0,0.0,0.0,0.6020906452281899,0.604935202267617,0.0,0.4108902562315466,0.0,0.0,0.0,1.7891245647021508,0.149758714185248,0.0,0.0,0.0,0.0,0.0,0.0
2.337133825605504,2.90811817803956,4.142607487946599,1.4480186277455398,0.0,0.4614468703407121,0.0,0.08757230558363355,1.7149349683915736,0.0,0.07251111916453394,0.0,0.0,0.0,1.0335710427709142,0.0,0.0,0.0,0.0,0.0,0.0,0.0
1.3244879704344554,0.47333217617589585,2.095286379570549,0.5858141589076816,0.0,0.4959901638622071,0.0,1.14859645112513,0.0,0.0,0.09858861097228175,0.0,0.0,0.0,0.1787716042261332,0.0,0.0,0.0,0.0,0.0,0.0,0.0
2.808060337013756,1.2964099133380291,5.389467653864822,2.0404386514759074,0.2385336594965025,0.6254578907091379,0.0,1.4338770967275132,1.5447048153850025,0.0,0.1809197549213168,0.0,0.0,0.0,0.0,0.0,0.0,0.0,0.0,0.0,0.0,0.48809556631745105
3.5875897259927054,3.4039841207458266,4.927558606859879,2.2171333902727066,0.0,0.7186798788833922,0.0,1.404991648068189,1.593197324260688,0.0,0.2379319334824917,0.0,0.0,0.0,1.7906285366132402,0.18472654058172808,0.0,0.01886750131571563,0.0,0.0,0.0,0.0
2.384999063635881,3.0812025139641253,1.495652361412981,0.4894715285247231,0.0,1.7575981969935017,0.0,0.0,4.362095406221163,0.0,0.25467347288639336,0.0,0.0,0.0,2.154721220242104,0.0,0.0,0.0,0.0,1.0737669864643808,0.0,0.0
0.10134580327208734,0.09081397165984485,0.15653008190743187,0.0,1.033031694640232,0.18349643273859972,0.0,0.8725560380283861,0.0,0.0,1.3549163631248118,0.5698810191235832,0.0,0.0,0.0,0.4338109531015641,0.0,0.0,0.0,0.0,0.0,0.0
0.0,0.0,0.17188427211857532,0.0,0.0,0.013414571915627732,0.0,0.0,0.0,0.0,1.2622197464122047,0.0,0.0,0.0,0.0,0.2109126459324337,0.0,0.0,0.0,0.0,0.0,0.7621607853229884
0.0,0.0,0.0,0.0,0.38837789838787556,0.0,0.0,0.0,0.0,0.0,0.3053266007576192,0.0,0.0,0.0,0.0,0.09604952694253022,0.0,0.0,0.8085290587099886,0.0,0.0,0.0
0.0,0.0,0.0,0.0,0.0,0.0,0.0,0.4098806986459788,0.0,0.0,0.19002066267379217,0.0,0.0,0.0,0.0,0.0,0.0,0.0,0.0,0.0,0.0,0.0
0.014771638434756311,0.0,0.0,0.0,0.0,0.0,0.0,0.0,0.0,0.0,0.01630669171632332,0.0,0.0,0.0,0.0,0.045968044105130536,0.0,0.0,0.0,0.0,0.0,0.8286064558326148
0.03652056368715746,0.08350886187988438,0.0,0.0,0.0,0.0,0.0,0.0,0.0,0.0,0.40058625369935374,0.0,0.0,0.0,0.0,0.5850845595848884,1.4698289583257143,0.0,0.0,0.0,0.0,0.0
0.09095056216324193,0.0,0.0,0.0,0.0,0.0,0.0,0.0,0.0,0.0,0.24881297952197698,0.0,0.0,0.5002395944457949,0.0,0.0,0.0,0.5162931258445682,0.0,0.0,0.0,0.0
0.1026973998434481,0.0,0.0,0.0,0.0,0.0,0.0,0.4422025861854097,0.0,0.0,0.7607107738708926,0.6140051767590565,0.0,0.48451364100809396,0.0,0.4230909851551073,0.0,0.18337356665807236,0.0,0.0,0.0,0.8795452280672515
0.1644589326514124,0.0,0.007505424933574472,0.0,0.0,0.0,0.0,0.0,0.0,0.0,1.0143354260699438,0.0,0.0,1.7578236295964134,0.0,2.258412891316534,3.5937440507988607,1.0067929879916067,0.0,0.0,0.0,0.0
0.0,0.0,0.0,0.0,0.0,0.0,0.0,0.0,0.0,0.0,0.13484432568440308,0.0,0.0,0.8592175541148044,0.0,0.0,0.0,0.0,0.0,0.0,0.0,0.0
0.14469695408094457,0.11437803569564599,0.0,0.27269150866494024,0.0,0.0,0.0,0.35297162704190826,0.0,0.0,0.7496655257771809,0.0,0.0,1.8697482671136685,0.0,1.2232015591693273,3.47404917176513,2.189706840871468,0.0,0.0,0.0,0.0
0.0704326626855729,0.11728144186850949,0.0,0.0,0.0,0.0,0.0,0.0,0.0,0.0,1.6593595770636462,0.0,0.0,2.800166069026424,0.0,0.8064070005836443,4.698645042019646,3.325764953354914,0.0,0.0,0.0,0.0
0.048457054131748445,0.0,0.0,0.022577875518039855,0.9162580334155043,0.0,0.0,0.5419633535161564,0.0,0.0,0.41126388848234663,0.0,0.0,0.0,0.0,0.45277057456005954,0.0,0.0,0.0,0.0,0.0,1.5708114479118749
0.1120886109152959,0.0,0.0,0.26335510624984687,0.624026706948855,0.0,0.0,0.10173118824615204,0.0,0.0,1.3188802677096412,0.37520765762396874,0.0,0.0,0.0,0.44268375350249334,0.20332347896048844,0.0,0.0,0.0,0.0,0.0
0.08033041171831544,0.0,0.1166229481754334,0.0,0.0,0.0,0.0,0.0,0.0,0.0,0.6570687345900312,0.1789577471610272,0.0,0.0,0.0,0.2987502152245942,0.0,0.3201366389318242,0.0,0.0,0.0,0.3235023055449433
0.08654004911428313,0.1000056198668083,0.0,0.5995179713116342,1.088345225661466,0.0,0.0,0.016857702293414996,0.0,0.0,1.492487397872986,0.0,0.0,0.0,0.0,1.2208017518218002,0.0,0.0,0.3074857566274518,0.0,0.0,0.0
0.14227245491466942,0.0,0.0,0.19103772799584795,0.0,0.0,0.0,0.0,0.0,0.0,1.007788993490287,0.8644958134102727,0.0,0.0,0.0,1.128065722233765,0.0,0.0,0.0,0.0,0.0,0.0
0.09976470220157763,0.005691604117730865,0.0,0.0,1.2540983666270815,0.0,0.0,0.9931474666501567,0.0,0.0,0.8055502319486979,0.0,0.0,0.0,0.0,0.003832186308189147,0.0,0.0,0.01751039783950175,0.0,0.0,0.0
2.394000852193561,2.345220249622057,1.2140544940606424,0.5553822181986938,0.0,0.9648342412391587,0.0,0.4417222102747864,0.0,0.0,0.37547044841078114,0.049621698549393016,0.0,0.0,0.9116268090962677,0.08721005596368249,0.0,0.0,1.3242363431014468,0.0,0.0,0.0
1.939349828255798,1.445672263385489,4.0319628501363445,1.6911995568428382,0.0,0.577995456271817,0.0,0.7901888298468036,0.0,0.0,0.21439731714380994,0.06928113588094342,0.0,0.0,1.2331891149569518,0.0,0.0,0.0,0.0,0.0,0.0,0.0
1.2834513717908398,0.8566046123046622,1.1764647015638205,0.36989793318291453,0.7697001979058494,0.29178982059347697,0.0,0.011011620976752443,0.18142806057593172,0.0,0.08490069399907127,0.0,0.0,0.0,0.0,0.0,0.0,0.010240568365092021,0.15797929155787568,0.0,0.0,0.0
0.48926335502686213,0.2580468773937088,0.25814693600110494,0.12287875636200908,0.0,0.0,0.0,0.34484677879488096,0.0,0.0,0.42144752303787836,0.0,0.0,0.20786910265492362,0.0,0.06368760307581167,0.3447436001434575,0.0,0.0,0.0,0.0,0.0
0.9695120791445989,1.476215505816727,1.2400813314898484,1.4409489003845528,0.0,0.5236198468286626,0.0,0.6143228315652633,0.7489089487813849,0.0,0.1943983614297684,0.0,0.0,0.0,0.0,0.38550829549305365,0.0,0.07434405126875833,0.2468420267925084,0.0,0.0,0.0
3.2192718827052165,2.477869248412251,3.627007452280833,1.1087549713578198,0.0,0.8152903675618304,0.0,0.7363939029000435,3.01791021193241,0.0,0.16224141858284846,0.0,0.0,0.0,0.0,0.0,0.0,0.13395605852662817,0.0,0.0,0.0,0.0
0.5199604115700761,0.06544695609482337,0.0,0.0,0.0,0.4681109279995549,0.0,1.3787931606215331,0.0,0.0,1.1031997106951892,0.057403534999465454,0.0,0.0,0.0,0.2805717315561856,0.0,0.0,0.0,0.0,0.0,0.8207170174987958
0.12899732588181703,0.0,0.0,0.0,0.0,0.0,0.0,0.3229547946157997,0.0,0.0,0.47913425023795136,0.0,0.0,0.0,0.0,0.22872301751511845,0.0,0.0,0.0,0.0,0.0,0.0
0.04749835337901971,0.0,0.0,0.0,0.0,0.0,0.0,1.3131897338789167,0.0,0.0,0.28004778153797666,0.10677313463101494,0.0,0.0,0.0,0.0,0.0,0.0,1.6526543213816676,0.0,0.0,0.0
0.0,0.0,0.0,0.0,0.0,0.0,0.0,0.0,0.0,0.0,0.6277463932418831,0.0,0.0,0.0,0.0,0.2264544033800876,0.0,0.0,0.7912348646275611,0.0,0.0,0.0
0.09063886540929175,0.0,0.0,0.0,0.0,0.0,0.0,0.7102570550444228,0.0,0.0,0.08120422692668217,0.0,0.0,0.0,0.0,0.0,0.0,0.0,0.12449926904327359,0.0,0.0,1.0192619142444934
0.3023224391490434,0.0,0.0,0.0,0.0,0.0,0.0,0.0,0.0,0.0,0.2708535664345405,0.0,0.0,0.0,0.0,0.0,0.0,0.0,0.0,0.0,0.0,0.0
0.23674808669845918,0.21545088565265227,0.07450202809169212,0.0,0.0,0.0,0.0,0.0,0.0,0.0,0.49112091362724636,0.0,0.0,0.0,0.0,0.32518853678369863,0.0,0.019784142873298948,0.0,0.0,0.0,0.6057998489690284
0.0,0.19800013930938654,0.4322191134480735,0.0,0.0,0.0,0.0,0.0,0.0,0.0,1.3719781554626531,0.0,0.0,3.2641474988007966,0.0,1.2891388758384432,0.8079285257079762,2.657381798955659,0.8573345517699058,0.0,0.0,0.0
0.0,0.0,0.0,0.9469475575992141,0.0,0.0,0.0,0.0,0.0,0.0,0.8839541432550042,0.0,0.0,2.9478576411240547,0.0,2.1659433061534856,0.11029459991880874,1.507984166096731,0.0,0.0,0.0,0.0
0.0,0.40471533479296007,0.0,0.0,0.13748428803010634,0.0,0.0,0.17119696771333556,0.31711406549610627,0.0,0.4131127558023944,0.0,0.0,0.5054897784824569,0.0,0.04565779996023953,0.7162063175796343,1.4993510656702445,0.0,0.0,0.0,1.1688607373233646
0.0,0.0,0.19401294334945965,0.0,0.0,0.0,0.0,0.0,0.0,0.0,1.199504516841347,0.0,0.0,3.448491983886298,0.0,1.906296791999182,1.0371093743807074,2.176364181382054,0.0,0.0,0.0,0.0
0.0,0.0813550825902162,0.0,0.0,0.0,0.2880077695381236,0.0,0.0,0.0,0.0,0.5546490470239822,0.0,0.0,0.0911754105848471,0.0,0.4820641143952118,1.4255794846283434,1.4186287659051227,0.0,0.0,0.0,0.0
0.05408139255476471,0.3835226885668649,0.0012987581388417503,0.0,0.0,0.0,0.0,0.9053037459159499,0.0,0.0,1.0512106784383906,0.5997970702982,0.0,0.0,0.0,1.7867091124379064,1.8003774067238028,6.340525856461822,0.0,0.0,0.0,0.0
0.1474577066042385,0.0,0.0,0.0,0.0,0.0,0.0,0.0,0.0,0.0,0.6249812491059895,0.0,0.0,0.22404716881996645,0.0,0.12694511669853656,0.3195654193429908,0.349345893224044,0.0,0.0,0.0,0.0
0.06264912194175908,0.0,0.0,0.0,0.6846180379286713,0.0,0.0,0.0,0.0,0.0,0.5904312107615259,0.0,0.0,0.0,0.0,0.8654656499289279,0.0,0.0,0.0,0.0,0.0,0.0
0.2065472055107454,0.0,0.2408263140457807,0.0,0.0,0.0,0.0,0.0,0.0,0.0,1.2936812257693293,0.4190507077379652,0.0,0.0,0.0,1.302032011697905,0.0,0.0,0.9060782158611245,0.0,0.0,0.0
0.1810388163254558,0.0,0.06653900076990614,0.0,1.3765032000561956,0.0,0.0,0.18061304308817103,0.0,0.0,1.4013759047397318,0.3901381294404108,0.0,0.0,0.0,1.266276555792531,0.0,0.0,0.5649783775395726,0.0,0.0,0.07182909507563108
0.16058551363633528,0.0,0.0,0.0,0.5945892609230601,0.0,0.0,0.31200774483193533,0.0,0.0,0.8166119306256012,1.5607949532302867,0.0,0.0,0.0,0.9667453684059275,0.0,0.0,0.0,0.0,0.0,0.0
0.07696230596636314,0.694493954926895,0.0,0.2147701573102803,0.0,0.0,0.0,1.5688194252171805,0.0,0.0,1.207706915229176,0.0,0.0,0.0,1.6571908063288927,0.9552260306029239,0.0,0.0,0.0,0.0,0.0,0.0
0.5539681215886156,0.42153067493321517,0.2111180860039239,0.353218767876154,0.0,0.0,0.0,2.1211069942139322,0.7144259363388743,0.0,0.32430302492645496,0.0,0.0,0.0,0.0,0.0,0.0,0.0,0.5044584949928896,0.0,0.0,0.0
4.032323221886186,4.842629604222053,4.947054136742713,3.1721262789184825,0.0,1.6111338448615777,0.0,0.8668162932415954,1.6922810240539827,0.0,0.09404645281973292,0.0,0.0,0.10671671019817473,0.0,0.006727440788576329,0.0,0.0,0.26810831484547576,0.0,0.0,0.0
4.4582464629929355,2.769474250802306,5.155782459720125,2.2778685442266458,0.0,0.5256260424152894,0.0,0.5796999528830298,0.0,0.0,0.20170735537016216,0.0,0.0,0.0,0.0,0.0,0.0,0.19147662440589241,0.0,0.9479553497707938,0.0,0.0
3.2695935954684403,1.5670058965661333,4.448540583354973,3.2882924175063906,0.24119375218854075,0.7239003424193182,0.0,1.0327523718396647,1.1661747402603524,0.0,0.23141426295942272,0.0,0.0,0.0,0.0,0.05434172413639942,0.0,0.0,0.0,0.0,0.0,0.0
5.049251380246629,5.886733829996693,5.675158325166592,4.637506108757075,0.0,0.019192705775969807,0.0,0.4050032437792753,0.10119920530233005,0.0,0.4126126660142812,0.0,0.0,0.25309025544604113,1.814418477005517,0.08842310338692634,0.0,0.1551634408834624,0.0,1.9895371215062156,0.0,0.0
2.43661240122238,3.8316524057026284,2.0608694342593754,0.9298078256220081,0.0,0.8985368528548477,0.0,0.6118058832418534,5.061131759764725,0.8198269120921206,0.47567743277908847,0.0,0.0,0.0,1.5472359523540966,0.532932681385424,0.0,0.0,0.0,0.0,0.0,0.0
0.140492015473142,0.0,0.0,0.0,0.0,0.0,0.0,0.5664831552027304,0.0,0.0,0.3693115101098363,1.090668513441321,0.0,0.0,0.0,0.9298216710756897,0.0,0.0,0.0,0.0,0.0,0.0
0.0,0.0,0.03721839223220704,0.0,0.0,0.0,0.0,0.11023065061704405,0.0,0.0,0.34783576939893657,0.0,0.0,0.0,0.0,0.3368356725757919,0.0,0.0,0.3205459756079049,0.0,0.0,0.0
0.0,0.0,0.0,0.0,0.0,0.0,0.0,1.0535636883467405,0.0,0.0,0.9004679764879527,0.09628252107548783,0.0,0.0,0.0,0.4898819328897987,0.0,0.0,0.3094643803694169,0.0,0.0,0.13792201623645484
0.1939921245725054,0.0,0.1722359630387277,0.0,0.0,0.27210257374841307,0.0,0.0,0.0,0.0,0.2896392679024023,0.0,0.0,0.0,0.0,0.2113441924701447,0.0,0.0,0.9656944087797219,0.0,0.0,0.0
0.03180344925874541,0.0,0.0,0.0,0.0,0.0,0.0,0.0,0.0,0.0,0.08981465248465612,0.0,0.0,0.0,0.0,0.0,0.0,0.0,0.0,0.0,0.0,0.0
0.3023224391490434,0.0,0.7667102311904567,0.0,0.0,4.945435339387193,0.0,0.0,0.0,0.0,0.0,0.0,0.0,0.0,0.0,0.0,0.0,2.5890317857361778,0.0,0.0,0.0,0.0
0.05824413766691332,0.3695635526893575,0.0,0.2773567948100945,0.0,0.7903230588336511,0.0,0.0,0.0,0.0,0.06424675344452974,0.0,0.0,0.26888112363252015,0.0,0.08953470186384739,0.5064176463882376,0.21556956362008473,0.0,0.0,0.0,0.5660501421037644
0.0,0.07447360272309507,0.0,0.0,0.0,0.0,0.0,0.0,0.0,0.0,1.0362562939460567,0.0,0.0,4.947239694352135,0.0,0.887601512004053,1.5658803696088734,2.0618215354079616,0.0,0.0,0.0,0.0
0.0,0.0,0.0,0.3642877390904858,0.1393505959504662,0.0,0.0,0.0,0.0,0.0,0.5935623620801371,0.4444570312519943,0.0,1.985923635561329,0.0,0.6997751721862121,0.44352256852757127,0.43880221859645163,0.15747040768103668,0.0,0.0,0.6189296011625883
0.20552532872224402,0.0,0.0,0.0,0.0,0.0,0.0,0.0,0.0,0.0,0.18413210886277423,0.0,0.0,2.0998208768061852,0.0,0.30122412357987755,0.15632111803812565,0.41453983286540913,0.0,0.0,0.0,0.0
0.0,0.0,0.0,0.0,0.0,0.0,0.0,0.0,0.0,0.0,0.14677563735062943,0.0,0.0,0.0,0.0,0.0,1.084929443322806,0.30946597318471947,0.0,0.0,0.0,0.0
0.08120643116450073,0.1487616742391788,0.0,0.0,0.0,0.0,0.0,0.0,0.0,0.0,0.5996568108143573,0.11027132894292033,0.0,1.350823916657709,0.0,0.5977053050163209,1.3044085729936656,1.5576354848383887,0.0,0.0,0.0,0.0
0.0971865919038288,0.5519539186613319,0.08247527564565564,0.0,0.0,0.0,0.0,0.0,0.0,0.0,0.4515063480318679,0.0,0.0,1.589542518589073,0.0,0.20121893242008995,1.85837667102295,1.097756347673057,0.0,0.0,0.0,0.0
0.0,0.0,0.0,0.891530955456612,0.0,0.0,0.0,0.0,0.0,0.0,0.21679500292502832,0.0,0.0,0.0,0.0,0.25180270296726875,0.0,0.0,0.0,0.0,0.0,0.04158277398271567
0.07953000153111614,0.0,0.0,0.0,0.0,0.0,0.0,0.0,0.0,0.0,0.5047607296449156,0.2088367960896136,0.0,0.0,0.0,0.41251566447716315,0.0,0.0,0.0,0.0,0.0,0.47121577223220584
0.0,0.0,0.0,0.0,0.0,0.0,0.0,1.2443260902906883,0.0,0.0,0.5543186393919036,0.0,0.0,0.0,0.0,0.258714568580297,0.0,0.0,0.0,0.0,0.0,0.0
0.09215281885825814,0.03436367969514023,0.0,0.0,0.0,0.4039326524286295,0.0,0.0,0.0,0.0,1.237873783555151,0.11672357835406935,0.0,0.0,0.0,2.5253615908925564,0.0,0.0,0.2573024656531971,0.0,0.0,0.0
1.3664509865451464,0.15662017717001803,0.634761738886512,1.4453012804612122,0.6298478846960549,0.08467486034163807,0.0,2.0108365925993033,0.0,0.0,0.22993799543424753,0.0,0.0,0.0,1.3769624026077025,0.0112787061252654,0.0,0.0,0.0,1.728834381905871,2.46863081738433,0.0
3.2355553727366413,0.8884339101780498,0.8063902525175253,0.8044498049480238,0.0,1.0221922408077702,0.0,0.6034410268492412,0.0,0.0,0.3429475666047406,0.0,0.0,0.0,0.0,0.40122252675089753,0.0,0.0,0.0,0.0,0.0,0.0
0.41049378659834934,0.034216627106549075,0.0,1.661454595344817,0.0,1.5821254767751987,0.0,0.0,0.0,0.0,1.2843951916540923,0.0,0.0,0.0,0.0,0.6017588769128537,0.0,0.0,0.0,0.0,0.0,0.0
1.6934401667312804,1.745065969887008,0.9233380637657104,1.170855029731924,0.6710992052893864,1.9392463797516932,0.0,1.870944763737226,0.0,0.0,0.3628437428405582,0.0,0.0,0.0,0.0,0.0,0.0,0.0,0.0,0.0,0.0,0.0
2.8290341441030114,3.282378628332946,2.670524415044572,1.7391011712964228,0.0,1.1545172769755054,0.0,1.3637189626049153,0.4630654953999006,0.0,0.05627990505817121,0.0,0.0,0.0,1.621227401170557,0.27345416154367325,0.0,0.0,0.0,0.0,0.0,0.0
3.4367069950486604,3.85945994029812,1.8443884883748158,2.33212115838811,0.0,0.4796245112655268,0.0,0.7625842875611054,0.0,0.0,0.36681152166780956,0.0,0.0,0.0,1.262396317128533,0.316867376620456,0.0,0.0,0.0,0.8976764677586411,0.0,0.0
2.499892959600336,3.2537390284230856,1.7112792235452479,2.3813418458939717,0.0,0.9615555708045636,0.0,1.100144815693046,0.0,0.0,0.16678807420298475,1.1128875523547883,0.0,0.12001745489159993,0.9225606384807117,0.0,0.0,0.0,0.8056334704509409,0.0,0.0,0.0
0.22114551611846386,0.0,0.0,0.8662707794964999,0.0,0.3737268167144486,0.0,0.0,0.0,0.0,1.4111955570953014,0.8784995444364576,0.0,0.0,0.0,0.613801762724323,0.0,0.0,0.9893168441100157,0.0,0.0,0.06764355085977238
0.0888623118141727,0.0,0.0,0.0,0.6581225685595263,0.0,0.0,0.7351605719279368,0.0,0.0,0.6808104928913743,0.3754089657771382,0.0,0.0,0.0,0.550286259570711,0.0,0.0,0.0,0.0,0.0,0.4487989066452661
0.08261576349037844,0.05476329120878227,0.16657606098711208,0.0,0.37859666743218845,0.0,0.0,0.6473870630656348,0.0,0.0,0.48243547973299117,0.0,0.0,0.0,0.0,0.5989992918983366,0.0,0.0,0.0,0.0,0.0,0.0
0.04833359927762825,0.06817812817211805,0.0,0.0,0.0,0.24135960533702958,0.0,0.0,0.0,0.0,0.3017855688905946,0.0,0.0,0.0,0.0,0.0,0.0,0.0,0.0,0.0,0.0,0.0
0.7381371326068091,0.0,0.0,0.0,0.0,0.6041186445961381,0.0,0.0,0.0,0.0,0.14746399574822294,0.0,0.0,0.0,0.0,0.2010769064495177,0.0,0.0,0.0,0.0,0.0,0.0
0.028760122842955527,0.0,0.0,0.033933034706573606,0.0,0.551094604976099,0.0,0.9827605406074651,0.0,0.0,0.121599402070136,0.0,0.0,0.0,0.0,0.0,0.0,0.0,0.1822956605264952,0.0,0.0,0.0
0.12727809536534773,0.0,0.0,0.0,0.0,0.43010265436269746,0.0,0.0,0.0,0.0,0.05951451052192417,0.0,0.0,0.418796513849817,0.0,0.06890886245521075,0.0,0.225128367885652,0.0,0.0,0.0,0.0
0.05363762932537028,0.0,0.0,0.0,0.0,0.0,0.0,0.0,0.0,0.0,0.19102186739713148,0.0,0.0,0.653368772591949,0.0,0.02768049941799152,0.0,0.0,0.0,0.0,0.0,0.0
0.12060947752361689,0.003425056429214782,0.0,0.0,0.011022731868423638,0.0,0.0,0.6089547316091748,0.0,0.0,0.649603672913549,0.0,0.0,0.6296133721474534,0.0,0.05156609867671439,0.9670568066904489,1.7947007073436745,0.0,1.4638431249584336,0.0,0.00985085543735162
0.0,0.1352213649249852,0.0,0.0,0.0,0.39937274300254977,0.0,0.0,0.0,0.0,0.569790671714291,0.3593923302757136,0.0,1.6208590727149075,0.0,0.19560637167137335,1.0369395060026347,0.92721512657456,0.0,0.0,0.0,0.10924237477259563
0.0,0.0,0.0,0.0,0.0,0.0,0.0,0.0,0.0,0.0,0.37911947945120356,0.0,0.0,0.0,0.0,0.7752975832123333,2.977054532591481,1.0604930443711176,0.0,0.0,0.0,0.0
0.060182271790562125,0.0419962391273594,0.0,0.0,0.0,0.0,0.0,0.0,0.0,0.0,0.9959688203315314,0.0,0.25790869361700397,1.2157220648050029,0.0,0.5433506061736114,1.4818060906796229,1.8526481414002156,0.0,0.0,0.0,0.0
0.036716027281399756,0.0,0.0,0.4334037484661221,0.0,0.0,0.0,0.33340429313850223,0.0,0.0,0.8298569903554507,0.0,0.0,1.4597892826911516,0.0,0.7476968830934123,0.9854579478087817,1.9044180049530555,0.0,0.0,0.0,0.0
0.0,0.0,0.0,0.0,0.0,0.0,0.0,0.0,0.0,0.0,0.6527814768030157,0.0,0.0,0.6099060031258017,0.0,0.06697981519591391,0.8320834638114575,0.9096257708352881,0.0,0.0,0.0,0.0
0.03237243214231883,0.0,0.0,0.0,0.0,0.0,0.0,0.0,0.0,0.0,0.22911677809776326,0.34829958936547173,0.0,0.0,0.0,0.004544087434809208,0.0,0.0,0.0,0.0,0.0,0.9816158015911643
0.11538800634977288,0.0,0.0,0.0,1.0215298243478184,0.0,0.0,0.26078794936280836,0.0,0.0,1.303704942477353,1.2107968580317385,0.0,0.0,0.0,1.9422357798716412,0.0,0.0,0.0,0.0,0.0,0.9442437697322409
0.11889409110449835,0.0,0.0,0.5096596311234501,0.0,0.0,0.0,0.0,0.0,0.0,0.7399115731165417,0.4919336286287648,0.0,0.0,0.0,0.6458966358918883,0.0,0.0,0.0,0.0,0.0,0.0
0.2187349264813806,0.0,0.0,0.5587043025934914,0.0,0.5131260729868096,0.0,0.45049495431603365,0.0,0.0,0.6133432525889173,1.006805138279725,0.0,0.0,0.0,0.6577219340176007,0.0,0.0,0.0,0.0,0.0,0.0
1.4293161282328868,0.09328948436776888,0.31770455529156766,1.0930911363893165,0.46830039374833365,2.6455345440770635,0.0,0.9712666865889866,0.0,0.0,0.018083456334325076,0.0,0.0,0.0,0.0,0.6196447345658127,0.0,0.0,0.0,0.0,0.0,0.22698052819494988
0.7634169022378912,0.08288840516702756,0.0,1.240158790562358,0.0,1.7484377235660713,0.0,0.556521984638816,0.0,0.0,0.05858892089883351,0.0,0.0,0.0,0.0,0.0,0.0,0.0,0.0,0.0,0.0,0.0
3.3633570723834225,0.2365073446380365,1.3043415056587315,2.0881492586624306,0.0,1.6073273687358693,0.0,2.460756213362748,0.0,0.0,0.08274487428054482,0.0,0.0,0.0,1.5952682668081635,0.15924161082893376,0.0,0.0,0.0,0.0,0.0,0.0
0.4946766270291027,0.1039425308283938,0.0,0.3998879716343807,1.2121394210390894,0.004299118322127796,0.0,0.0,0.0,0.0,0.7592617913654166,0.0,0.0,0.0,0.010676631559462179,0.3608970368728853,0.0,0.0,0.0,0.0,0.0,0.005908877130836852
0.41337089217822626,0.19583443365123826,0.0,0.2096997826558731,0.10047149149602544,0.6222654736616681,0.0,0.0,0.0,0.0,0.5638334814705891,0.3826101434887082,0.0,0.0,0.0,0.14793116394568845,0.0,0.0,0.7872949245248834,0.0,0.0,0.2140256972353971
0.2591026631712734,0.04592759668031047,0.10283403807694645,0.22342473753743677,0.0,0.16258977631144944,0.0,0.8096990408107247,0.0,0.0,0.349870432021862,0.0870931074898435,0.0,0.0,0.0,0.008576084522147946,0.0,0.0,0.0,0.0,0.0,6.076495202088479
0.018374374458485176,0.0,0.0,0.0,0.0,0.0,0.0,0.0,0.0,0.0,0.5040326327405569,0.0,0.0,0.0,0.0,0.0,0.0,0.0,0.09983472276093837,0.0,0.0,1.6545268513329285
0.0,0.0,0.0,0.0,0.0,0.0,0.0,0.4597720698593095,0.0,0.0,0.34315219610295566,0.0,0.0,0.0,0.0,0.07557001505226917,0.0,0.39213096858196445,0.9158987360620372,0.0,0.0,0.0
0.0,0.0,0.0,0.0,0.0,0.0,0.0,0.0,0.0,0.0,0.8112806577528435,0.21170813275027436,0.0,0.0,0.0,0.5259801083304214,0.0,0.0,0.0,0.0,0.0,0.0
0.0,0.0,0.0,0.0,0.0,0.0,0.0,1.0456721990491444,0.0,0.0,0.2708535664345405,0.0,0.0,0.0,0.0,0.5255392854204249,0.0,0.0,0.0,0.0,0.0,0.0
0.0,0.12346442874309364,0.0,0.0,0.0,0.0,0.0,1.1395708134437355,0.0,0.0,0.31786317972566824,1.580493566267203,0.0,0.0,0.0,0.3307845348302573,0.0,0.0,0.0,0.0,0.0,0.6007405198960402
0.3382626222177594,0.3788054347484976,0.0,0.0,0.0,1.4636277863885938,0.0,0.23401412679453568,0.0,0.0,0.1629475032875602,0.16277847661273986,0.0,0.27015164326605356,1.512158045833532,0.29611884313507914,0.0,0.0,0.0,0.0,0.0,0.38429918261168694
0.11639153782065684,0.0,0.0,0.0,0.0,0.0,0.0,0.0,0.0,0.0,0.8983783902711633,0.0,0.0,0.0,0.0,0.45731211486279283,0.0,0.0,0.0,0.0,0.0,0.0
0.0,0.0,0.0,0.0,0.0,0.0,0.0,0.0,0.0,0.0,0.8125414498605429,0.0,0.0,0.0,0.0,0.0,0.0,0.0,0.0,0.0,0.0,0.0
0.0,0.0,0.0,0.0,0.0,0.0,0.0,0.0,0.0,0.0,0.0,0.0,0.0,0.0,0.0,0.0,0.0,0.0,0.0,0.0,0.0,0.0
0.0,0.0,0.0,0.0,0.0,0.0,0.0,0.0,0.0,0.0,0.0,0.0,0.0,0.0,0.0,0.0,0.0,0.0,0.0,0.0,0.0,0.0
0.1981842556220652,0.0,0.0,0.5698895025440018,0.0,0.0,0.0,0.0,0.0,0.0,0.0683628567564934,0.0,0.0,0.9607940629852184,0.0,0.48363169017356766,0.0,0.140065521589106,0.0,0.0,0.0,0.0
0.15991741177504487,0.0,0.0,0.0,0.0,0.21053855432954263,0.0,0.229300111619884,0.0,0.0,0.5832630563970654,0.0,0.0,0.019974543762846755,0.0,0.6709305960700314,0.7254437381503569,1.349807723904744,0.0,0.0,1.2690915903201392,0.0
0.13670607158521333,0.1582367574668498,0.0,0.0,0.0,0.0,0.0,0.0,0.0,0.0,0.22170072353607712,0.0,0.0,2.531402798740516,0.0,0.4276482547814403,1.2878197093149018,0.9406461769416601,0.0,0.0,0.0,0.0
0.0,0.20616007602960681,0.0,0.0,0.0,0.0,0.0,0.0,0.0,0.0,0.710150025496482,0.10859965634192818,0.0,0.8633630776243848,0.0,0.4890635845476678,0.9989859298550593,0.8128516795775038,0.0,0.0,0.0,0.6188500660284476
0.12243760682188728,0.16332834335189478,0.0,0.06762876753495708,0.0,0.0,0.0,0.2127881566928698,0.0,0.0,0.35259153369623597,0.34499221459230117,0.0,0.4530590645379933,0.0,0.08450330853973717,0.2101224617033024,0.26218009383057717,0.0,0.0,0.0,1.3651928498384878
0.7730005191623779,0.0,0.0,0.5700190283085372,0.0027521717045357304,1.0668713276828945,0.0,0.0,0.0,0.0,0.14112587915554223,0.0,0.0,0.0,0.0,0.07752487887847452,0.0,0.0009366832775553017,0.0,0.0,0.0,0.0
1.6494599093948619,1.294986597512719,0.028582638695665644,0.062100727231269956,0.0,1.6384211920247154,0.0,0.0,0.0,0.0,0.07263120224725868,0.0,0.0,0.0,0.0,0.0,0.0,0.0,0.0,0.0,0.0,0.0
0.16165601268977908,0.0,0.0,0.0,0.0,0.0,0.0,0.8865137282561666,0.0,0.0,0.8821100169635752,0.3127339011072365,0.0,0.0,0.0,1.2053434939735312,0.0,0.0,0.0,0.0,0.0,0.0
0.0,0.0,0.0,0.0,2.2696185432609726,0.0,0.0,0.7071074860854126,0.0,0.0,2.134261139589097,1.229887649531876,0.0,0.0,0.0,0.8087275675171663,0.0,0.0,0.0,0.0,0.0,0.24991965554875858
0.0,0.0,0.0,0.0,1.0560387436494327,0.0,0.0,0.32901251333532333,0.0,0.0,0.5273541689044519,0.3296070651041927,0.0,0.0,0.0,0.3995746222758315,0.0,0.0,0.0,1.7133275580337293,0.0,0.0
0.48289714960597296,0.0,0.0,0.7774829784027919,0.0,1.0471919612520186,0.0,0.5454774957992437,0.0,0.0,0.7719727194785082,0.0,0.0,0.0,0.0,0.0,0.0,0.0,0.0,0.0,0.0,1.522450232520149
1.587274786445376,0.0,0.24901562157434445,1.8252671538399412,0.0,1.8519149684567302,0.0,0.6266085493463467,0.0,0.0,0.11562979075940025,0.0,0.0,0.0,2.556768010351988,0.14217092234604745,0.0,0.0,0.0,0.0,0.0,0.0
1.9172144403316522,0.1492378273299545,0.1519735423083829,1.104530277289871,1.262959566655859,0.8592311812882267,0.0,1.3846238985691295,1.2951944999868805,0.0,0.036234947794621004,0.0,0.0,0.0,0.33386043333520676,0.18648094747071245,0.0,0.0,0.0,0.0,0.0,0.0
1.3583926846884364,0.43978193577079716,1.1940851036609503,2.185783469519824,0.0,2.0685776385973984,0.0,2.7297328853728233,0.0,0.0,0.1857936412113598,0.0,0.0,0.0,2.310707318203573,0.0,0.0,0.0,0.0,0.0,0.0,0.0
0.09547989616787894,0.0,0.17085713713688433,0.10862259490022053,0.0,0.34168179750515115,0.0,0.8120202484657542,0.0,0.0,0.8098005525175047,0.3542689746174492,0.0,0.057266881533851816,0.0,0.4049588692863532,0.0,0.0,0.0,0.5029176443206863,0.0,0.2997989263570217
0.00030633579909329617,0.0,0.0,0.29109531300650315,0.0,0.0,0.0,0.0,0.0,0.0,0.6898567211725506,0.0,0.0,0.0,0.0,0.3745764478035598,0.0,0.0,0.0,0.0,0.0,0.00671300132460045
0.0,0.0,0.0,0.0,0.0,0.0,0.0,0.0,0.0,0.0,1.0051622770124058,0.556372640439485,0.0,0.40112476338768727,1.4400620512803988,0.34625866217049917,0.0,0.0,0.0,0.0,0.0,0.0
0.08899263534371367,0.0,0.0,0.0,1.4093236944605623,0.0,0.0,0.09393271040553494,0.0,0.0,0.9173339295924869,0.20357953006066085,0.0,0.0,0.0,0.3352846490101565,0.0,0.0,0.3687446010577374,0.0,0.0,0.0
0.0,0.0,0.0,0.0,0.0,0.8813328736649313,0.0,0.28155108789957706,0.0,0.0,0.6983174698098813,0.5602790289086772,0.0,0.0,0.0,0.0709477004356984,0.0,0.0,0.0,0.0,0.0,1.8094237465549308
0.08702312388971624,0.0,0.0,0.0,1.044635054472894,0.0,0.0,0.0,0.0,0.0,0.6452988180929023,0.7081779278609845,0.0,0.0,0.0,0.5515355710098453,0.0,0.0,0.0,0.0,0.0,0.0
0.0,0.11620571268423593,0.0,0.0,0.0,0.0,0.0,0.0,0.0,0.0,0.415713423795921,0.23125222376967897,0.0,0.0,0.0,0.0,0.0,0.18836338942624434,0.0,0.0,0.0,0.0
0.04814753899414715,0.0,0.0,0.0,0.0,0.0,0.0,0.0,0.0,0.0,0.2772549623496997,0.0,0.0,0.0,0.0,0.2480230383304674,0.0,0.0,0.0,0.0,0.0,0.0
0.07943256902169621,0.0,0.0,0.0,0.0,0.12338114852170179,0.0,0.518842146041975,0.0,0.0,0.5670382439969572,0.0,0.0,0.0,0.0,0.20604472839006238,0.0,0.0,0.0,0.0,0.0,0.0
0.14287370974466013,0.0,0.0,0.0,0.0,0.0,0.0,0.9820624213792897,0.0,0.0,0.38969070349575075,0.0,0.0,0.0,0.0,0.0,0.0,0.0,0.0,0.0,0.0,0.9018346187365629
0.0,0.0,0.0,0.0,0.0,0.0,0.0,0.0,0.0,0.0,0.2708535664345405,0.0,0.0,0.0,0.0,0.0,0.0,0.0,0.0,0.0,0.0,0.0
0.0,0.0,0.0,0.0,0.0,0.0,0.0,0.0,0.0,0.0,0.0,0.0,0.0,0.0,0.0,0.0,0.0,0.0,0.0,0.0,0.0,0.0
0.0,0.0,0.0,0.0,0.0,0.0,0.0,0.0,0.0,0.0,0.06047291598487544,0.0,0.0,0.0,0.0,0.0,0.0,0.0,0.0,0.0,0.0,1.0873161500833768
0.0,0.0,0.0,0.0,0.0,0.0,0.0,0.4613850203754286,0.0,0.0,0.0,0.0,0.0,0.0,0.0,0.0,0.0,0.0,0.0,0.0,0.0,0.0
0.10510789442718191,0.09397893287441013,0.0,0.0761953804135228,0.0,0.0,0.0,0.0,0.0,0.0,0.31690784939155203,0.0,0.0,0.0,0.0,0.4243686543008891,0.781305527556246,0.0,0.0,0.0,0.0,0.0
0.21544643284446638,0.1275031062290017,0.12224914023556879,0.05709507146283058,0.0,0.0,0.0,0.0,0.5266485564991414,0.0,0.05754220840633823,0.0,0.0,0.17297743088190431,0.0,0.19020561128151417,0.0,0.014493857033153973,0.0,0.0,0.0,0.0
0.056772986666040484,0.0,0.0,0.0,0.0,0.25555619933715024,0.0,0.0,0.0,0.0,0.06061504103715392,0.0,0.0,0.0,0.0,0.09563387289685565,0.0,0.09999385143564943,0.0,0.0,0.0,0.18793592211287424
0.3459278158033622,0.11197126638686396,0.0,0.0,0.0,0.0,0.0,0.0,0.0,0.0,0.2736597299815894,0.0,0.0,0.0,0.0,0.0,0.0,0.0,0.0,0.0,0.0,0.0
1.4449650950040664,0.7139135668187744,0.21516754083034798,0.46748870544813775,0.0,2.175644943339345,0.0,0.26488693252471696,0.0,0.0,0.23200481270900467,0.0,0.0,0.46381699873191806,0.0,0.37431475950206716,0.0,0.0,0.0,2.090642150075634,0.0,0.0
1.7582528075319395,0.5762471646044449,0.09249745460836982,0.0,0.0,1.1031899611350033,0.0,0.21864719147693726,0.0,0.0,0.12505497579367106,0.0,0.0,0.0,0.0,0.0,0.0,0.036702872825142195,0.3967523999228928,0.0,2.3328443123182345,0.0
2.8370198310729102,2.437278603427709,0.7261653480248367,1.3386724732387552,0.0,0.11133346737338913,0.0,0.3156567559608536,0.5765378518424114,0.0,0.11084265909779331,0.0,0.0,0.0,0.0,0.04234550500127229,0.0,0.0,0.0,0.0,0.0,0.0
1.3612699921199967,0.5879034514570075,0.11445285706443498,0.7436164971687538,0.0,0.7143444523703026,0.0,0.8920491894241407,0.0,0.0,0.3716991818003127,0.0,0.0,0.0,0.7332805967969332,0.3568225282288358,0.0,0.0,0.0,0.0,0.0,0.0
0.05517684331653106,0.0,0.0,0.0,0.0,0.0,0.0,0.0,0.0,0.0,0.7289330766191628,0.008811575290698826,0.0,0.0,0.0,0.2410846748952829,0.0,0.0,0.0,0.0,0.0,0.0
0.03940345224963188,0.0,0.0,0.0,0.6524570564386919,0.0,0.0,0.0,0.0,0.0,0.9344664323642602,0.0,0.0,0.0,0.0,0.2819132403714546,0.0,0.0,0.0,0.0,0.0,0.15040510280842886
0.1764656690155379,0.0,0.0,0.0,0.8044981909372608,0.3976242835622763,0.0,0.47663632269433087,0.0,0.0,0.7380337574046771,0.5036557279879347,0.0,0.0,0.0,0.0,0.0,0.8222862081679774,0.9214825722553425,0.0,0.0,0.5465104376665909
2.8090030023779318,0.3676731834394713,0.3934334761648189,1.4794726843599406,0.0,0.36694351241947637,0.0,3.247692946073401,0.0,0.0,0.44623183867082733,0.0,1.4059331617688358,0.0,0.0,0.4280431528384999,0.0,0.0,0.0,0.0,0.0,0.0
1.1595798651981877,0.1903985721187152,0.5116818426606664,0.7770302125528263,0.0,0.0,0.0,0.0,0.0,0.0,0.2509635135070176,0.0,0.0,0.0,0.7833919887723252,0.0,0.0,0.0,0.0,0.0,0.0,0.0
1.0501038040553643,0.1487216109343169,0.5064159496075225,0.4357986514221298,0.0,0.0,0.0,0.0,0.0,0.0,0.15984541307903666,0.0,0.0,0.0,0.0,0.0,0.0,0.0,0.0,0.0,0.0,0.059040546145272446
0.0,0.0,0.0,0.0,0.0,0.0,0.0,1.2094111212457537,0.0,0.0,1.7059169111998427,0.2763712014342534,0.0,0.0,0.0,1.270514293421854,0.0,0.0,0.5005925123530592,0.0,0.0,0.0
0.027375324357745895,0.12629259115792998,0.0,0.0,0.0,0.0,0.0,0.0,0.0,0.0,1.004803473153839,0.003898109214448528,0.0,0.0,0.0,0.42527219689799467,0.0,0.0,1.1668997761391724,0.0,0.0,0.0
0.0,0.0,0.0,0.0,0.0,0.0,0.0,0.7768073487746567,0.0,0.0,0.7188200662818733,0.0,0.0,0.0,0.0,0.2237632065727458,0.0,0.0,0.0,0.0,0.0,0.0
0.3568250729498733,0.0,0.0,0.0,0.0,0.2686642138029918,0.0,0.0,0.0,0.0,1.0423800473272704,0.0,0.0,0.0,0.0,1.1139174311911564,0.0,0.34878458392631123,0.7906543806203323,0.0,0.0,0.0
0.709239323115602,0.0,0.1608004538839739,0.14428117428308795,0.0,1.0140426860237084,0.0,2.3903881243201908,0.0,0.0,0.14091729850329998,0.0,0.0,0.0,0.0,0.07950290699433779,0.0,0.04338511690195888,0.0,2.4158073352938967,0.0,0.0
0.6256988188425867,0.0,0.029464514730879916,0.0,0.7286740784852267,0.0,0.0,0.4028469427017193,0.0,0.0,0.2154457004502538,0.0,0.0,0.0,0.0,0.10757605909906749,0.0,0.0,0.0,0.0,0.0,0.13065010201140637
0.15756683968779794,0.0,0.0,0.0,0.7586351593048959,0.0,0.0,0.0,0.0,0.0,0.0,0.0,0.0,0.0,0.0,0.0,0.0,0.0,0.0,0.0,0.0,0.885966229150706
0.0,0.0,0.0,0.0,0.0,0.0,0.0,0.0,0.0,0.0,0.30171816193023226,0.0,0.0,0.0,0.0,0.0,0.0,0.0,0.0,0.0,0.0,0.0
0.0,0.1608701452533338,0.0,0.0,0.0,0.0,0.0,0.0,0.0,0.0,1.179965685485651,0.6208340944130749,0.0,0.0,0.0,0.38767031362318854,0.0,0.0,0.0,0.0,0.0,0.0
0.06725033600688682,0.0,0.0,0.0,0.0,0.0,0.0,0.0,0.0,0.0,0.7662802214855152,0.027004715747610816,0.0,0.0,0.0,0.21557267679203207,0.0,0.0,0.0,0.04389168978121423,0.0,0.5577084627045727
0.0,0.0,0.0,0.0,0.0,0.0,0.0,0.0,0.0,0.0,0.0,0.0,0.0,0.0,0.0,0.0,0.0,0.0,0.0,0.0,0.0,0.0
0.0,0.0,0.0,0.0,0.0,0.0,0.0,0.0,0.0,0.0,0.07279932659550686,0.0,0.0,0.0,0.0,0.0,0.0,0.0,0.0,0.0,0.0,0.0
0.0,0.0,0.0,0.0,0.0,0.0,0.0,0.0,0.0,0.0,0.04669098894739546,0.0,0.0,0.0,0.0,0.0,0.0,0.0,0.0,0.0,0.0,0.46666664743753233
0.0,0.0,0.0,0.0,0.0,0.0,0.0,0.0,0.0,0.0,0.09508774121319978,0.0,0.0,0.0,0.0,0.0,0.0,0.0,0.0,0.0,0.0,0.0
0.0,0.0,0.0,0.0,0.0,0.0,0.0,0.0,0.0,0.0,0.008503527844266669,0.0,0.0,0.0,0.0,0.004579402586724063,0.0,0.3485274563230936,0.0,0.0,0.0,0.10673486339823376
0.0,0.0,0.0,0.0,0.9320475604316292,0.0,0.0,0.0,0.0,0.0,0.0663614117023089,0.0,0.0,0.0,0.0,0.0,0.0,0.0,0.0,0.0,0.0,0.0
0.05407995222323327,0.0,0.0,0.0,0.5054377664536697,0.0,0.0,1.3747755305505578,0.0,0.0,0.046206528917115325,0.0,0.0,0.0,0.0,0.0,0.0,0.0,0.0,0.0,0.0,0.0
0.0,0.0,0.0,0.0,1.5693120263213876,0.0,0.0,0.5299037210994876,0.0,0.0,0.0,0.0,0.0,0.0,0.0,0.26931531426175437,0.0,0.053416636323922746,0.0,0.0,0.0,0.0
0.0,0.0,0.0,0.0,0.0,0.0,0.0,0.0,0.0,0.0,0.055912779571954646,0.0,0.0,0.0,0.0,0.5125049958573976,0.0,0.0,0.0,0.0,0.0,0.0
0.3003963107326319,0.0,0.0,0.25180059449607295,0.0,0.0,0.0,0.850248177693876,0.0,0.0,0.10905572910098521,0.0,0.0,0.0,0.0,0.0,0.0,0.0,0.0,0.0,0.0,0.5138931692439898
0.24779221951068436,0.18721369049177788,0.0,0.0,0.0,0.0,0.0,0.0,0.0,0.0,0.4174090593303841,0.0,0.0,0.0,0.0,0.0,0.0,0.0,0.0,0.0,0.0,0.0
0.3392204710873665,0.0,0.0,0.0,0.0,0.956724427942247,0.0,0.0,0.0,0.0,0.10320587170763731,0.0,0.0,0.0706498961040155,0.0,0.07225560277290748,0.0,0.03577210429626164,0.0,0.0,0.0,0.0
0.6823752846276493,0.040230609444782836,0.0,0.36234612750789913,0.0,0.14235561630925905,0.0,0.0,0.0,0.0,0.10444800931156321,0.0,0.0,0.0,0.0,0.0,0.0,0.0,0.0,0.0,0.0,0.2852637095466201
0.22419586486252127,0.0,0.2938538136420431,0.0,0.0,0.5921005383771705,0.0,0.0,0.0,0.0,0.12725792452662932,0.0,0.0,0.0,0.0,0.0,0.0,0.0068428281470198585,0.0,0.3098858334226054,0.0,0.48918588419060977
1.9472640698855015,1.3678761556770505,0.5394339616186161,1.416635385015256,0.0,0.08659581768002857,0.0,1.4492773439659756,0.22875943929869058,0.0,0.29320070449055,0.0,0.43840556372784156,0.0,0.0,0.0,0.3132498484149432,0.0,0.0,0.0,0.0,0.0
2.690686190256524,2.8125680809577505,1.488695599302979,0.848885502462793,0.0,0.7900921995476702,0.0,0.5449139808154625,0.7516682373409697,0.0,0.014710211865408395,0.0,0.0,0.0,0.0,0.17137216272865818,0.0,0.04153574548876007,0.0,0.0,0.0,0.0
4.6836153543740044,4.934701368470312,0.8138149920871515,1.5969709436926527,0.0,2.097977699108124,0.0,1.358041036553708,0.27947018283463343,0.0,0.487141917800184,0.0,0.0,0.2609920900364596,1.2228512160064766,0.15651015069835408,0.0,0.0966536159436662,0.0,1.1764145465956346,0.0,0.0
0.1592858436530307,0.0,0.0,0.0,0.0,0.0,0.0,0.5142336635907936,0.0,0.0,0.8492267795616388,0.12705498411850494,0.0,0.0,0.0,0.4623473709057049,0.0,0.0,0.0,0.0,0.0,0.0
0.14946752511229938,0.10535237353809739,0.0,0.0,0.7187954369147688,0.0,0.0,0.44763060666361243,0.0,0.0,0.8458147724350973,0.447668232462358,0.0,0.0,0.0,0.510742282462057,0.0,0.24463723125686967,0.0,0.7853446742696539,0.0,1.0373626165869518
0.12743962032754988,0.0893149949466163,0.0,0.0,0.0,0.16031804869059899,0.0,0.10923068883096751,0.0,0.0,0.9695536938915126,0.30337745850654696,0.0,0.0,0.0,0.8812807815906718,0.0,0.0,0.2786207124017981,0.0,0.0,0.0
0.1283702584970539,0.0,0.0,0.0,0.0,0.0,0.0,0.0,0.0,0.0,0.9114330948636654,0.13937178004542916,0.0,0.0,0.0,0.47093937617340137,0.0,0.0,0.11420981427597852,0.20490785716358142,0.0,0.25220842756906964
0.1885619030958439,0.0,0.0,0.3821437407445663,0.0,0.9782100406002409,0.0,0.06473744556870993,0.0,0.0,0.23140709488763797,0.3895502716120671,0.0,0.0,0.0,0.0,0.0,0.0,0.0,0.0,0.0,0.0
0.14838756812907591,0.0,0.0,0.0,1.0252881626411419,1.035082889182259,0.0,0.0,1.828975007506319,0.0,0.15166181092410752,0.0,0.0,0.0,0.0,0.20955442606962105,0.0,0.0,0.2566770176126957,0.9847993076019295,2.324519203291554,0.0
0.2740541022098374,0.0,0.06006900192903194,0.0,0.5406478614186772,0.0,0.0,0.6277539083031439,0.0,0.0,0.17915213779228112,0.5417150141951376,0.7047748320603203,0.0,0.0,0.09945693483388554,0.5405760683523871,0.0,0.29429139194760073,0.0,0.0,0.0
0.0067510077771097245,0.0,0.0,0.0,1.0691843901211402,0.0,0.0,1.23298839040894,0.0,0.0,0.46603865580695536,0.0,0.0,0.0,0.0,0.24315656643442166,0.0,0.0,0.09715625135461121,0.0,0.0,0.0
0.043546134439407094,0.0,0.0,0.0,0.4601126538997037,0.0,0.0,0.2865356342310098,0.0,0.0,1.3538212324790613,0.0,1.16922259710296,0.0,0.0,0.39227732748597743,0.0,0.0,0.0,0.0,3.70788591963982,0.0
0.1421846410353614,0.0,0.0,0.0,0.7487246209158805,0.0,0.0,0.46626903715903734,0.0,0.0,2.147854086429045,1.5921503091681048,0.0,0.0,0.0,1.1894949364434733,0.0,0.00734495943010694,0.36631033206597013,0.0,0.0,0.6263205562623928
0.2222451890741257,0.1403569879150734,0.0,0.0,0.0,0.0,0.0,1.505590152068907,0.0,0.0,0.0874384830465536,0.0,0.0,0.0,0.0,0.0,0.0,0.0,0.0,0.0,0.0,1.3829155621188625
0.0,0.0,0.5473497306387348,0.0,0.05372466964637848,0.0,0.0,0.5393580672178073,0.0,0.0,0.18605129833805967,0.0,1.0630007774525212,0.0,0.0,0.013286618847514363,0.0,0.0,0.060710509158866166,1.728427118093225,0.0,0.0
0.022559197932187088,0.0,0.0,0.0,0.012155442829714792,0.0,0.0,0.36627027120578676,0.0,0.0,0.05460987848848833,0.0,0.0,0.0,0.0,0.0331704746621326,0.0,0.0,0.0,0.0,0.0,0.0
0.010473189432599873,0.0,0.0,0.0,0.0,0.0,0.0,0.8784364818260368,0.0,0.0,0.20810840023112953,0.0,0.0,0.0,0.0,0.20062430122153405,0.0,0.0,0.0,0.0,0.0,0.0
0.22314791120746763,0.0,0.0,0.0,0.0,0.0,0.0,0.5640286322867407,0.0,0.0,0.8571881790859692,0.0,0.0,0.0,0.0,1.1252885050919244,0.0,0.0,0.0,0.0,0.0,0.0
0.0,0.0,0.0,0.0,0.0,0.0,0.0,0.0,0.0,0.0,0.0,0.0,0.0,0.0,0.0,0.0,0.0,0.0,0.0,0.0,0.0,0.0
0.0,0.0,0.12178207093820839,0.0,0.0,0.0,0.0,0.9351173345653356,0.0,0.0,0.0,0.0,0.0,0.0,0.0,0.0,0.0,0.0,0.0,0.0,0.0,0.8581942022190638
0.015265038580693455,0.0,0.0,0.0,0.0,0.0,3.1517226966896983,0.0,0.0,0.0,0.10949940977215554,0.0,0.0,0.08639663084847225,0.0,0.0,0.11958288893209185,0.2277174362119659,0.0,0.0,0.0,0.9273021384828958
0.0,0.0,0.0,0.0,0.0,0.0,0.0,0.42440835537302457,0.0,0.0,0.0,0.0,0.0,0.0,0.0,0.0,0.0,0.0,0.0,0.0,0.0,0.0
0.04810184041635131,0.0,0.0,0.0,0.0,0.0,0.0,0.0,0.0,0.0,0.1277861409288212,0.0,0.0,0.0,0.0,0.14968871134796802,0.0,0.0,1.5025277319628279,0.0,0.0,0.0
0.09785154456814112,0.0,0.0,0.0,0.0018735798229374185,0.0,0.0,0.0,0.0,0.0,0.26990839041537884,0.0,0.0,0.0,0.0,0.24077948485939354,0.0,0.0,0.0,0.0,0.0,0.0
0.0,0.0,0.0,0.0,1.194245098988459,0.0,0.0,0.0,0.0,0.0,0.0,0.0,0.0,0.0,0.0,0.19730025271318863,0.0,0.0,0.0,0.0,0.0,0.7129705992142392
0.008886793326637235,0.0,0.0,0.0,1.3373376426339554,0.0,0.0,0.13793509448513075,0.0,0.0,0.07067106704708911,0.0,0.0,0.0,0.0,0.054777352409507374,0.0,0.0,0.0,0.0,0.0,0.0
0.06043499266108633,0.0,0.0,0.0,0.0,0.0,0.0,0.4735758740498768,0.0,0.0,0.10304055519647869,0.0,0.0,0.0,0.0,0.3579079711218826,0.0,0.0,0.0,0.0,0.0,0.0
0.0,0.0,0.2595565077532901,0.0,0.0,0.0,0.0,0.0,0.0,0.0,0.11800722313175045,0.0,0.0,0.0,0.0,0.0,0.0,0.0,0.0,0.0,0.0,0.0
0.10576912967433363,0.3413156251722571,0.1285743514058482,0.37729488183492566,0.0,1.2083025274464387,0.0,0.0,0.0,0.0,0.4388568152939564,0.6218113327227445,0.0,0.0,0.0,0.24649084702894447,0.0,0.0,0.0,0.0,0.0,0.0
0.13514849972795162,0.11929728824810727,0.6272463766753373,0.3183965508866109,0.0,0.0,0.0,0.45280812181710645,0.0,0.0,0.08259488843012908,0.0,0.0,0.32704838800044556,0.0,0.0,0.0,0.0,0.0,0.0,0.0,0.0
0.5560647779409047,0.0,0.021172448124120197,0.32721296543077016,0.0,0.3958465642014813,0.0,0.0,0.7590594112900311,0.0,0.21663558630160393,0.0,0.0,0.0,0.0,0.0,0.0,0.0,0.0,0.0,0.0,0.0
0.9841264289296413,0.42525052468494906,0.0,0.0,0.25869569220822436,0.0,0.0,0.004787932949311263,0.0,0.0,0.16846923025896976,0.0,0.0,0.0,0.0,0.0,0.0,0.26436902981757,0.0,0.0,0.0,0.0
1.4956062875360283,0.9343025752276004,0.002144238049986197,0.23135258251141733,0.0,0.10598846928913686,0.0,0.0,0.0,0.0,0.18146346394824714,0.0,0.0,0.0,0.0,0.5963977783936044,0.0,0.031115220438886437,0.0,0.0,0.0,0.0
1.5922094907766766,1.106458051585491,0.0,0.762544069329451,0.0,0.7460109777170042,0.0,0.7078579586149482,0.0,0.0,0.07200276427935093,0.0,0.0,0.11308160766274367,0.0,0.0,0.0,0.0,0.0,0.0,0.0,0.0
2.2122859039308844,1.4832730206894196,1.2659748900826693,3.004316918583835,0.0,1.5395824801683187,0.0,0.5140948666808891,0.0,0.0,0.18151041900323622,0.0,0.0,0.0,0.0,0.0,0.0,0.0,0.0,0.0,0.0,0.0
2.481029600474524,1.3398494613026661,0.0503467063544803,1.5507109693918943,0.0,2.203545975215737,0.0,0.6445825972531588,1.3633357869684202,0.0,0.5144045239799041,0.9900661322903467,1.1753738063529087,0.0,0.0,0.09396568441116769,0.0,0.1470965616643001,0.0,0.0,0.0,0.0
0.07427347714635864,0.0,0.0,0.0,1.3787424108424315,0.4371182307170322,0.0,0.5495532129645307,0.0,0.0,0.8343184987446726,0.0,0.0,0.0,0.0,0.9374410395033698,0.0,0.30033955329821793,0.0,0.0,0.0,0.0
0.03982495753498547,0.0,0.0,0.0,0.5632288945704286,0.05353626436815812,0.0,0.051274730307436435,0.0,0.0,0.6497168839053966,0.31263710000460554,0.0,0.0,0.0,0.3678673801456139,0.0,0.0,1.412470517659489,0.0,0.0,0.0
0.0,0.0,0.0,0.0,0.0,0.0,0.0,1.3487617328362866,0.0,0.0,0.7959306845557645,0.6757573766209808,0.0,0.0,0.0,0.686538035320531,0.0,0.0,0.0,0.0,0.0,0.16706304751290466
0.0934396247797582,0.0,0.0,0.0,0.0,0.5637535252301795,0.0,0.0,0.0,0.0,0.3078631178572018,0.0,1.0810802856546557,0.4315304909936413,0.0,0.3708029768794421,0.0,0.0,0.0,0.0,0.0,0.28256632602361176
0.015025812435090857,0.0,0.0,0.7037555715391306,1.607138249793934,0.12293731910018377,0.0,0.20005231339261098,0.0,0.0,0.2346900481582497,0.20041382382754316,0.0,0.0,0.0,0.0,0.0,0.10933176446461756,0.0,0.0,0.0,0.0
0.35915948052774604,0.0,0.0,0.6596952056670311,0.0,0.9795663559496559,0.0,0.49339327306792635,0.0,0.0,0.08482709923472892,0.0,0.0,0.0,0.0,0.2615716280371484,0.0,0.0,0.0,0.0,0.0,0.132937151545322
0.10198665015900335,0.0,0.0,0.0,0.49163120063144944,0.5826111349170174,0.0,0.32704306191122134,0.0,0.0,0.1361907437760132,0.0,0.0,0.0,0.0,0.0,0.0,0.0,0.037886974645184354,0.0,0.0,0.0
0.12431492795518151,0.0,0.14581164489701523,0.0,0.8252447717729113,0.0,0.0,0.0,0.0,0.0,1.0103601613701634,0.4513531997584364,0.0,0.0,0.0,0.03714936681630783,0.0,0.0,0.9890244036938288,0.0,0.0,2.0990289430391975
0.29166321447902344,0.0,0.0,0.0,0.0,0.0,0.0,0.0,0.0,0.0,2.0091889412021886,1.8447459163813407,0.0,0.0,0.0,0.9076205117377206,0.0,0.31186296334084235,0.0,0.0,0.0,0.0
0.11159730530012527,0.0,0.0,0.19156963478831496,0.0,0.0,0.0,0.6703887349943267,0.0,0.0,1.0116382250782299,0.0,0.0,0.0,0.0,0.3233555382038771,0.0,0.0,0.0,0.0,0.0,0.0
0.22448867845793585,0.0,0.0,0.0,0.0,0.0,0.0,0.0,0.0,0.0,0.6216818005951494,0.5902133143115263,0.0,0.0,0.0,0.708687190376261,0.0,0.0113489693307021,1.1027932491122185,0.0,0.0,0.0
0.0,0.0,0.0,0.0,0.0,0.0,0.0,1.2712249592858127,0.0,0.0,0.09576776956222693,0.0,0.0,0.0,0.0,0.3326461900125319,0.0,0.0,0.0,0.0,0.0,0.0
0.0,0.0,0.15526215981746308,0.0,0.0,0.0,0.0,0.0,0.0,0.0,0.6279407575392808,0.0,0.0,0.0,0.0,0.8744959625919142,0.0,0.0,0.0,0.0,0.0,0.0
0.08381766759075149,0.0,0.0,0.0,0.0,0.0,0.0,0.4928018118989635,0.0,0.0,0.8979020202314577,0.0,0.4220167730571914,0.0,0.0,1.1305917417449933,0.0,0.0,1.2766926426354122,0.0,0.0,0.0
0.05590598647581524,0.0,0.0,0.0,0.0,0.9145184260189705,0.0,1.0775104479036561,0.0,0.0,0.40792802644726867,0.0,0.0,0.0,0.0,0.2415648252353656,0.20148273792514826,0.0,0.0,0.0,0.0,0.6918731504684962
0.13321546293443046,0.0,0.0,0.0,0.0,0.0,0.0,0.923223183668385,0.0,0.0,0.6610440697145803,0.0,0.0,0.0,0.0,0.0,0.0,0.034361940487288314,0.0,0.0,0.0,0.0
0.0,0.0,0.0,0.0,0.0,0.0,0.0,0.0,0.0,0.0,0.0,0.0,0.0,0.0,0.0,0.9408009326897075,0.0,0.0,0.0,0.0,0.0,0.0
0.0,0.0,0.0,0.0,0.0,0.0,0.0,0.0,0.0,0.0,0.26636486819474514,0.0,0.0,0.0,0.0,0.0,0.0,0.0,0.0,0.0,0.0,0.0
0.0,0.21086149576322696,0.0,0.0,0.7580414374551552,0.0,0.0,0.3954583240160242,0.0,0.0,0.061272990361668576,0.35815172613328494,0.0,0.0,0.0,0.18152514189125837,0.0,0.0,0.0,0.0,0.0,0.0
0.04318907079267754,0.0,0.0,0.0,0.8403363972703102,0.0,3.299564597339656,0.3384347552542024,0.0,0.0,0.39026470958675197,0.0,0.0,0.24444027352035608,0.0,0.8064003298164246,0.0,0.0,0.0,0.0,0.0,0.0
0.0,0.0,0.0,0.0,0.8787795852276096,0.0,0.0,0.0,0.0,0.0,0.1546490420494478,0.0,0.0,0.0,0.0,0.0,0.0,0.0,0.0,0.0,0.0,0.4158906714365258
0.0,0.0,0.0,0.0,0.5352658588405156,0.0,0.0,0.0,0.0,0.0,0.12381438320525841,0.0,0.0,0.0,0.0,0.38155538400904,0.0,0.18217416384155635,0.0,0.0,0.0,0.0
0.016088731072954637,0.0,0.0,0.4697914139061986,1.7731399679304511,0.0,0.0,0.0,0.0,0.0,0.15241263869897953,0.0,0.0,0.0,0.0,0.17094714555145368,0.0,0.0,0.0,0.0,0.0,0.0
0.0,0.0,0.0,0.0,0.7444887737623422,0.0,0.0,0.0,0.0,0.0,0.0,0.0,0.0,0.0,0.0,0.5609508274624391,0.0,0.0,0.0,0.0,0.0,0.0
0.0,0.0,0.0,0.0,3.156417779933034,0.0,5.602116950615422,1.1885882519162994,0.0,0.0,0.0,0.0,0.0,0.0,0.0,0.24059379853205892,0.0,0.22441332717882123,0.0,0.0,0.0,0.0
0.0,0.0,0.0,0.0,0.8304201107687621,0.0,2.7171773406742754,0.27869957418466657,0.0,0.0,0.0,0.0,0.0,0.0,0.0,0.09397353533459651,0.0,0.0,0.0,0.27800920186426886,0.0,0.0
0.0,0.0,0.0,0.0,0.0,0.0,0.0,0.0,0.0,0.0,0.0,0.0,0.0,0.0,0.0,0.0,0.0,0.0,0.0,0.0,0.0,0.0
0.0,0.0,0.0,0.0,0.0,0.0,0.0,0.0,0.0,0.0,0.2708535664345405,0.0,0.0,0.0,0.0,0.0,0.0,0.0,0.0,0.0,0.0,0.0
0.19494734320682866,0.08411692263205885,0.0,0.6094965183572092,0.0,0.12440326507529093,0.0,0.4416751886760226,0.0,0.0,0.22463491675583275,0.0,0.0,0.0,0.0,0.13092964600627108,0.0,0.0,0.0,0.3878983617977331,0.0,0.0
0.4834853554242132,0.0,0.0,0.7891466106330597,0.0,1.7461545222188215,0.0,2.112960194575727,0.0,0.0,0.4294122629731897,0.0,0.0,0.0,0.0,0.0,0.0,0.48178877839572,0.0,0.0,0.0,0.0
0.6492414712661688,0.12445635076861078,0.0,0.0,0.0,1.0481010343446917,0.0,0.9216045816744745,0.0,0.0,0.12531686189105914,0.0,0.0,0.0,0.0,0.0,0.0,0.23061878315880704,0.0,0.01596145240182629,0.0,0.0
0.6900501821249831,0.2858148704323894,0.016654833167042384,0.5502765128120255,0.0,2.278454872827359,0.0,0.34061814732497925,0.0,0.0,0.11026972487478146,0.4483439384039901,0.0,0.0,0.0,0.295957977464973,0.0,0.0,0.0,0.0,2.0043154447171543,0.0
1.779748940481634,1.31141833293812,0.30334138516982245,1.804520650018115,0.0,1.506653658403289,0.0,0.3709839185326161,0.0,0.0,0.36725508837975973,0.0,0.0,0.0,0.0,0.13132594727730648,0.0,0.0,0.0,1.2077747051475083,1.4219224015755276,0.0
1.9039973460316886,0.8111969461258517,0.0,0.8056440048819222,0.0,0.4883309310941227,0.0,0.024847474167913833,0.0,0.0,0.21767383987948155,0.0,0.0,0.0,1.4722136983627172,0.0197339459823341,0.0,0.05289052244360019,0.0,0.0,0.0,0.0
1.056274107399301,0.6951548078027154,0.15786430006771024,1.394180900017519,0.0,1.4024937490278409,0.0,0.7100828981916567,0.4290304204435318,0.0,0.24087249947836245,0.2851121311827087,0.0,0.0,0.08826987100553332,0.22412229879298837,0.0,0.0,0.2822519565391482,0.0,0.0,0.2720712926416831
0.10320237316598684,0.0,0.0,0.31508322601951866,0.0,0.0,0.0,0.0,0.0,0.0,0.3797729278845253,0.0,0.0,0.3236450296610199,0.0,0.3307131525921285,0.0,0.0,0.0,0.0,0.0,0.0
0.18562468815160932,0.24953879383027017,0.0,0.05563188404459627,1.265395341811679,0.5152927823794987,0.0,0.0,0.0,0.0,1.0280179852041584,0.29503319969742464,0.0,0.0,0.0,0.6027534168383961,0.0,0.0,0.14356391097082594,0.0,0.0,1.3387914740716513
0.0,0.0,0.0,0.0,1.2581920421945056,0.0,0.0,0.0,0.0,0.0,0.8936631848069354,0.8766415243235398,0.0,0.0,0.0,0.7873236923276488,0.0,0.0,0.0,0.0,0.0,1.2557644440625608
0.737348931575977,0.0,0.18155125868199268,0.7887543807394582,0.0,0.0,0.0,0.5609698034473268,0.0,0.0,0.22431052325618656,0.0,0.0,0.0,0.0,0.1550347618812029,0.0,0.0,0.0,0.2193497861359409,0.0,0.8050256616730376
0.07956132552866778,0.09529569978980222,0.13615665160259713,0.0,0.9648287178664965,1.1744891632368573,0.0,0.13982589562255643,1.9900369823794395,0.0,0.3574543474076235,0.14007857213243557,0.0,0.0,0.0,0.01705212711623871,0.0,0.0,0.0,0.0,0.0,0.0
0.1045631139008121,0.0,0.11662343508882829,0.0,0.0,0.0,0.0,0.028455238318740254,0.0,0.0,0.07395894396566047,0.0,0.0,0.0,1.1243502550639937,0.0,0.0,0.0,0.0,0.0,0.0,0.0
0.3136342067483872,0.0,0.0,0.0,0.18192365092174198,0.840793241503395,0.0,0.11329314300894029,0.0,0.0,0.11371035636878245,0.0,0.0,0.0,0.0,0.1762199899390943,0.0,0.0,0.0,0.0,0.0,0.0
0.21304517238428317,0.0,0.0,0.0,0.0,0.5546178039080936,0.0,0.0,0.0,0.0,0.23795049889012648,0.3959749898191128,0.0,0.0,0.0,0.25415971094897244,0.0,0.0,0.0,0.0,0.0,0.1644000880587393
0.13118497219989633,0.0,0.0,0.0,0.0,0.0,0.0,0.08645564026857257,0.0,0.0,1.192306649167683,0.3058741066754108,0.0,0.0,0.0,1.4914660733185445,0.0,0.23421363169992152,0.38900111564262246,0.0,0.0,0.0
0.05638756953334705,0.06251522755361864,0.07150316385915949,0.0,0.34036601383396714,0.0,0.0,0.7522098286606519,0.0,0.0,1.1920631564652537,0.0,0.0,0.0,0.0,0.7953912955233845,0.0,0.0,0.0,0.0,0.0,0.0
0.03694849593138747,0.0,0.0,0.012705128299877978,0.0,0.0,0.0,0.018068616845544592,0.0,0.0,1.3982862648899548,0.0,0.03617747605850031,0.0,0.6764790682910633,0.2015705730415155,0.0,0.2512245968166969,3.0694472116239067,0.0,0.0,0.0
0.09880325011651965,0.0006769508769854519,0.049179024927258855,0.10684993939942479,0.0,0.0,0.0,0.0,0.0,0.0,1.8717823405150913,0.0,0.6078973831107797,0.0,0.0,0.41772137188308395,0.0,0.11324527369316335,0.7753465629028593,0.0,0.0,1.2204806917268545
0.0,0.046844584310512645,0.03657346732456956,0.0,0.0,0.0,0.0,0.0,0.0,0.0,0.9337665736050198,0.0,0.0,0.0,0.0,0.706099282224563,0.0,0.12350150756547344,0.0,0.0,0.0,0.0
0.06815155325491543,0.0,0.0,0.0,0.8583044067835295,0.0,0.0,0.0,0.0,0.0,2.3138618020510915,0.0,0.0,0.0,0.0,1.4097591529252922,0.0,0.0,1.7666265320625758,0.0,0.0,0.0
0.01845963524276741,0.0,0.0,0.0,0.0,0.0,0.0,0.6081858584737372,0.0,0.0,0.33307122269195427,0.0,0.0,0.0,0.0,1.3029190200572853,0.0,0.3323832246761603,0.0,0.0,0.0,0.0
0.03501219458889865,0.27353610963832486,0.0,0.0,0.0,0.0,0.0,0.0,0.0,0.0,0.6411552828350835,0.0,0.0,0.0,0.0,0.6860825094000466,0.0,0.0,0.0,0.0,0.0,1.0744961187364224
0.0,0.0,0.0,0.0,0.0,0.0,0.0,0.0,0.0,0.0,0.541700716286717,0.0,0.0,0.0,0.0,0.0,0.0,0.0,0.0,0.0,0.0,0.0
0.0,0.0,0.0,0.0,0.0,0.0,0.0,0.0,0.0,0.0,0.3901328381291743,0.0,0.0,0.0,0.0,0.6982798907399275,0.0,0.0,0.0,0.0,0.0,0.0
0.0,0.0,0.0,0.0,0.0,0.0,0.0,0.39022792120293526,0.0,0.0,0.028293390336498546,0.0,0.0,0.0,0.0,0.0,0.0,0.0,0.0,0.0,0.0,0.0
0.0,0.0,0.0,0.0,1.5929057921093546,0.0,0.0,0.0,0.0,0.0,0.23052818066582847,0.0,0.0,0.0,0.0,1.1452980249628026,0.0,0.0,0.0,0.0,0.0,0.0
0.05855384069940722,0.0,0.0,0.0,0.0,0.0,0.0,1.064256060380768,0.0,0.0,0.05245894623804532,0.0,0.0,0.0,0.0,0.0,0.0,0.0,0.0,0.0,0.0,0.0
0.0,0.0,0.0,0.0,0.0,0.0,0.0,0.0,0.0,0.0,0.0,0.0,0.0,0.0,0.0,0.0,0.0,0.017953434643103696,0.0,0.0,0.0,0.0
0.0,0.0,0.0,0.0,0.5722698383002179,0.0,0.0,0.0,0.0,0.0,0.0871151712091797,0.0,0.0,0.0,0.0,0.14152774264543508,0.0,0.0,0.0,0.0,0.0,0.0
0.0,0.0,0.03669580225395264,0.0,0.18207157310194214,0.0,0.0,0.0,0.0,0.0,0.09664922832366002,0.0,0.0,0.0,0.0,0.0,0.0,0.0,0.0,0.0,0.0,1.0504102745952835
0.08138783715252743,0.0,0.06138123050210679,0.0,1.9412677772420472,0.0,0.0,0.5059785899400087,0.0,0.0,0.06267348246576913,0.0,0.0,0.0,0.0,0.310805009340155,0.0,0.0,0.0,1.3736674683151116,0.0,0.0
0.01778735101749901,0.0,0.0,0.0,0.0,0.0,0.0,0.0,0.0,0.0,0.0,0.0,0.0,0.0,0.0,0.0,0.0,0.0,0.0,0.0,0.0,0.14285575567414302
0.0997606934769193,0.0,0.0,0.0,0.0,0.0,0.0,0.0,0.0,0.0,0.0,0.0,0.0,0.0,0.0,0.0,0.0,0.0,0.0,0.0,0.0,0.0
0.01614923283537955,0.06500473938158945,0.0,0.04449263693503888,0.0,0.0,0.0,0.2204041947740582,0.0,0.0,0.06918436900803551,0.0,0.0,0.0,0.0,0.11265595611819754,0.0,0.0,0.0,0.0,0.0,0.0
0.037213806059275156,0.3174958349627274,0.0,0.0,0.0,0.0,0.0,0.3940283056978719,0.0,0.0,0.057347544774875074,0.0,0.0,0.0,0.0,0.431922034174255,0.0,0.0,0.0,0.0,0.0,0.0
0.6232784765516004,0.1668573510770074,0.0,0.0,0.0,0.0,0.0,0.0,0.0,0.0,0.1552064024638231,0.0,0.0,0.0,0.4459961570697922,0.11852503638603125,0.0,0.0,0.0,0.0,0.0,0.14574319615670858
1.178091146848109,0.29608810547675857,0.0,1.171052714882758,0.0,0.0,0.0,0.3308133298425539,0.0,0.0,0.25957722606263534,0.0,0.0,0.0,0.0,0.0,0.0,0.0,0.0,1.5231176323841242,0.0,0.0
0.9978207623298371,0.13946067527444855,0.0,0.0,0.3321974544635093,0.0,0.0,0.0,0.0,0.0,0.2942925695159977,0.0,0.0,0.0,1.0423008379661802,0.0,0.0,0.0,0.0,0.0,0.0,0.2968800420475272
0.5647919476776249,0.036207832160033385,0.0,0.0,0.0,0.35019622822197094,0.0,0.0,0.0,0.0,0.42671855384919066,0.0,0.0,0.0,0.0,0.5440231746890264,0.0,0.18330299638848566,0.0,1.0919371220107015,0.0,1.2038348299027997
0.07712992744407199,0.0,0.0,0.0,0.0,0.0,0.0,0.0,0.0,0.0,1.0371953498145792,0.0,0.0,0.0,0.0,0.24002157392590623,0.0,0.4668258805056804,0.0,0.0,0.0,0.0
0.0,0.0,0.19045043193447486,0.0,0.1772525382219978,0.0,0.0,0.3820609144887684,0.0,0.0,0.4065757699795229,0.0,0.0,0.0,0.0,0.6632702300621052,0.0,0.0,1.0678194845257212,0.0,2.533460035682042,0.0
0.020127266122682994,0.0,0.1495920600136287,0.0,0.0,0.0,3.7178934357061464,0.0,0.43502345149155613,0.0,0.17248346820242216,0.0,0.0,0.0,0.0,0.06263428806016906,0.0,0.086196307903677,0.0,0.0,0.0,0.0
0.0,0.0,0.1426348836171118,0.0,0.0,0.011814865018301392,0.0,0.0,0.0,0.0,0.799030130648617,1.195392735924082,0.0,0.0,0.0,0.19957924011173975,0.0,0.0,0.05459631905858632,0.0,0.0,0.04317754487525885
0.05703496984802191,0.0,0.03569061491922531,0.0,0.7434924850270874,0.053590120441819114,0.0,0.8803570639988907,0.0,0.0,0.45957253624171246,0.0,0.0,0.0,0.0,0.0,0.0,0.0,0.0,0.0,0.0,0.0
0.47439712605814044,0.0,0.019484700676579553,0.0,0.7080313978858351,0.4053673996886796,0.0,0.4409272901520974,1.615294595124564,0.6866006110692728,0.13230369281901905,0.0,0.0,0.0,0.0,0.0,0.0,0.0,0.0,0.0,0.0,0.0
0.2417254417464577,0.0,0.0,0.0,0.0,0.0371723367467385,0.0,0.9309402185871027,0.0,0.0,0.31061428077900616,0.0,0.0,0.0,0.7854569107721092,0.0,0.0,0.0,0.5496655105930134,0.0,0.0,0.4347034316460828
0.1471684621704861,0.0,0.0,0.4274170722620338,0.7601260809927338,0.4942478347624567,0.0,0.9821532826908,0.0,0.0,0.6966251819088356,0.0,0.0,0.0,0.0,0.0,0.0,0.33220066526362757,0.0,1.6563963664359287,0.0,2.0879959672397033
0.14422707618271874,0.0,0.0,0.0,0.0,0.0,0.0,0.0,0.0,0.0,0.47927703268729266,0.0,0.0,0.0,0.0,0.0,0.0,0.42081565700769696,0.0,0.0,0.0,0.0
0.09007418542625287,0.0,0.0,0.0,0.0,1.0368307777092363,0.0,0.5746400475037335,0.0,3.8512224748703137,0.3637350961979129,0.28801552041574024,0.0,0.0,0.0,0.05710235204874424,0.0,0.20251393805475765,0.0,0.0,0.0,0.0
0.0,0.11315348305022635,0.0,0.0,0.0,0.0,0.0,0.35858973812483613,0.0,0.0,0.8937004386418481,0.0,0.0,0.0,0.0,0.7998355237088521,0.0,0.084388554118197,0.0,0.6026905921569156,0.0,0.0
0.21670816931322315,0.1336548499210083,0.1542951736453706,0.1808435063213485,0.0,0.0,0.0,0.6613852426377388,0.0,0.0,3.0449118375587827,0.6625804183528752,3.2312961330253502,0.0,0.0,0.7153788202841482,0.2570597220190831,0.5961560883660878,0.0,0.0,0.0,0.0
0.07942212175798094,0.0,0.23745990167555828,0.8936383541785831,0.0,0.0,0.0,0.0,0.0,0.0,3.076704155205145,1.1190928931255675,0.8203935452851925,0.0,0.0,1.9299998999119927,0.2893876768029164,0.5232107444036995,0.0,0.0,0.0,0.0
0.48198550596249234,0.5017509667924837,0.25052779639449974,2.33128354667004,0.3362038093515614,0.10527785854927292,0.0,0.5671833225952649,0.0,0.0,3.439977717268362,0.0,2.531670779687489,0.0,0.5955528771529972,2.0651709342737115,0.7685371580744933,1.0050185014517288,0.0,0.0,0.0,0.0
0.0,0.0,0.0,0.0,0.7635610136379006,0.0,0.0,0.0,0.0,0.0,4.641346268188556,0.4763676976846425,0.9520758832151918,0.0,0.0,2.2479123208648524,0.0,1.0312970304674671,0.0,0.0,0.0,0.0
0.0,0.0,0.0,0.4881703375160657,0.0,0.5843314817105688,0.0,0.0,0.0,0.0,2.0119272066462717,0.3478189048082049,1.9532451196619818,0.0,0.0,1.052236294263357,0.0,0.2127781993554236,0.0,0.0,0.0,0.4982408447603075
0.05117760955641157,0.0,0.0,0.0,0.0,0.0,0.0,0.0,0.0,0.0,0.2090911102102327,0.0,0.0,0.0,0.0,0.0,0.0,0.0,0.0,0.0,0.0,0.0
0.0,0.0,0.0,0.0,0.0,0.0,0.0,0.037945079077891464,0.0,0.0,0.3185573819829526,0.0,0.0,0.0,0.0,0.23886193462415664,0.0,0.0,0.0,0.0,0.0,0.0
0.08237449153880193,0.0,0.0,0.0,0.0,0.0,0.0,0.2967370770405662,0.0,0.0,0.01973431463680686,0.0,0.0,0.0,0.0,0.7197855039807426,0.0,0.21582990440911184,0.0,0.0,0.0,0.0
0.06275172142129601,0.0,0.0,0.0,0.0,0.0,0.0,1.3927378473047045,0.0,0.0,0.12796257395328725,0.0,0.0,0.0,0.0,0.07295694847328955,0.0,0.0,0.0,0.0,0.0,0.0
0.05025795038802636,0.0,0.0,0.0,0.8224768562504902,0.0,0.0,0.5513343505198662,0.0,0.0,0.11711280589480197,0.0,0.0,0.0,0.0,0.6101498769574579,0.0,0.0,0.9294238390485247,0.0,3.2236223432029885,0.5761210660036333
0.07116695826239419,0.0,0.0,0.0,0.0,0.0,0.0,0.9951928120876421,0.0,0.0,0.05690386608541251,0.0,0.0,0.0,0.0,0.0,0.0,0.0,0.0,0.0,0.0,0.0
0.0,0.0,0.0,0.0,0.0,0.0,0.0,0.0,0.0,0.0,0.0,0.0,0.0,0.0,0.0,0.0,0.0,0.0,0.0,0.0,0.0,0.0
0.0,0.0,0.0,0.0,0.0,0.0,6.342424032949843,0.0,0.0,0.0,0.0,0.0,0.0,0.0,0.0,0.0,0.0,0.0,0.0,0.0,0.0,0.0
0.0,0.0,0.0,0.0,0.0,0.0,0.0,0.0,0.0,0.0,0.0,0.0,0.0,0.0,0.0,0.0,0.0,0.0,0.0,0.0,0.0,2.9619139777736536
0.0,0.0,0.0,0.0,0.0,0.0,0.0,0.8107703251401566,0.0,0.0,0.15535904189474634,0.0,0.0,0.0,0.0,0.0,0.0,0.3708304099995319,0.0,0.0,0.0,0.0
0.0,0.0,0.0,0.0,1.3898552301518365,0.0,0.0,0.14423023848178806,0.0,0.0,0.07085310255658561,0.0,0.0,0.0,0.0,0.0,0.0,0.0,0.0,0.0,0.0,0.0
0.0,0.0,0.0,0.0,0.0,0.0,0.0,0.0,0.0,0.0,0.2708535664345405,0.0,0.0,0.0,0.0,0.9408009326897075,0.0,0.0,0.0,0.0,0.0,0.0
0.11536201163078048,0.0,0.0,0.0,0.0,0.0,0.0,0.0,0.0,0.0,0.5183318077759239,0.0,0.0,0.0,0.0,0.0,0.0,0.0,0.0,0.0,0.0,0.0
0.18738623006176,0.0,0.19454029349141666,0.4226724421854614,0.0,0.0,0.0,0.0,0.0,0.0,0.11952680702363366,0.0,0.0,0.0,0.0,0.28992145571853645,0.0,0.0,0.0,0.0,0.0,0.0
0.0,0.0,0.0,0.0,0.0,0.8733931163584214,0.0,0.0,0.0,0.0,0.11295565456978227,0.0,0.0,0.0,0.0,0.3923477418840282,0.0,0.0,0.0,0.0,0.0,1.417800538948374
0.12430736288105503,0.0,0.0,0.0,0.0,0.0,0.0,0.0,0.0,0.0,0.4025991692008034,0.3780082588910851,0.0,0.0,0.0,0.22549605868688102,0.0,0.0,0.0,0.0,0.0,0.8578164515230489
0.09090696817297285,0.0,0.0,0.0,0.0,0.0,0.0,1.2627394546474546,0.0,0.0,0.28320173151407835,0.16116087969321366,0.0,0.0,0.0,0.5223703914089862,0.0,0.0,0.0,0.0,0.0,0.0
0.0,0.0,0.0,0.0,0.0,0.0,0.0,1.4347930556910538,0.0,0.0,0.18127791109972888,0.0,0.0,0.0,0.0,0.0,0.0,0.0,0.0,0.0,0.0,1.0297480294948569
0.0,0.04618940413547433,0.0,0.0,0.0,0.0,0.0,0.057203640558168706,0.0,0.0,0.5959036938328807,0.2141991895394264,0.0,0.0,0.0,0.4070207436965243,0.0,0.0,0.0,0.0,0.0,0.0
0.0,0.0,0.0,0.0,0.10910178578560172,0.6937640472249997,0.0,0.0,0.0,0.0,0.3539369590567417,0.0,0.0,0.0,0.0,0.10068657841389135,0.0,0.0,0.0,0.0,0.0,0.6223864842576585
0.09411079074801965,0.0,0.0,0.0,0.19280563671543194,0.0,0.0,0.12006991099099946,1.3614742734251368,0.0,0.2555127800399577,0.49450051765041486,0.0,0.0,0.0,0.6711249092256093,0.0,0.0,0.21787622801106038,0.0,0.0,0.0
0.0,0.0,0.0,0.0,0.0,0.0,0.0,0.0,0.0,0.0,0.3232240500411228,0.26401635767398585,1.3198590669315924,0.0,0.0,0.0,0.0,0.0,1.196161619075069,0.0,0.0,0.0
0.07493665363566132,0.0,0.0,0.0,0.28857140994056196,0.0,0.0,0.0,0.0,0.0,0.1732699813100908,0.0,0.0,0.0,0.0,0.23319629807008593,0.0,0.0,0.0,0.0,0.0,0.16166733025279734
0.28744084701835027,0.0,0.0,0.0,0.0,0.0,0.0,0.0,0.0,0.0,0.2528047911634795,0.279945527782607,0.0,0.0,0.0,0.0,0.0,0.3286397850757504,0.0,0.96680613450458,0.0,0.0
0.14629555537520128,0.11837618922249725,0.0,0.20751649912238448,0.0,1.042665623734583,0.0,0.0,0.0,0.0,0.20355047394378015,0.0,0.0,0.0,0.0,0.0,0.0,0.0,0.72830761129237,0.0,0.0,0.5759826873277698
0.36720164402332856,0.0,0.0,0.0,1.532579662972108,0.0,0.0,0.7905013147995293,0.0,0.0,0.37109232978691187,0.0,0.0,0.0,0.0,0.28905081265581095,0.0,0.14719174867900822,0.0,0.7658920933318311,0.0,0.0
0.28294001676612984,0.0029740859081428717,0.03333076116244832,0.6104927282708235,0.016192499091299693,0.6331967605495536,0.0,0.2078305840566146,0.0,0.0,0.21816831318982244,0.0,0.0,0.0,0.0,0.16505973571133895,0.0,0.0,0.18687926218818332,0.33528667747204133,0.0,0.0
0.25517101096137834,0.0,0.16521085867455482,0.8086583238216342,0.6101905353917838,0.06837979753820721,0.0,0.4471793996619066,0.0,0.0,2.8174056838017876,1.303272796631921,1.709507680187133,0.21522450915937882,0.0,2.977347575411339,0.0,0.6984047933474986,0.00401117337175239,0.0,0.0,0.615789842352709
0.17366359615269764,0.0,0.0,0.990654184298231,0.0,0.0,0.0,0.0,0.0,0.0,1.970821338374265,0.0,1.0251190901491116,0.0,0.0,1.0658297764127485,0.21405575134083554,0.7339012652169058,0.0,0.0,0.0,0.0
0.18486587136082486,0.15383463805937345,0.3489089563320562,0.8334334630142736,0.0,0.0,0.0,0.5215896541143221,0.0,0.0,2.4502365897606837,2.099957706982311,1.6351617746936389,0.2131278544477936,0.0,1.6762932643339048,0.0,0.3928154303843303,0.0,0.0,0.0,0.42346024887973766
0.10443558322057342,0.0,0.4392569148668341,1.049956579478054,0.0,0.0,0.0,0.05058174631438236,0.0,0.0,2.187265210706918,1.529840553154182,0.0,0.0,0.0,1.778555932760088,1.2573930460881528,0.9566527151407107,0.0,0.3432536396704993,0.0,0.0
0.25231062554444245,0.0011852543560084692,0.3516028619283966,2.5491527064161135,0.012898934292635791,0.0,0.0,0.5745211926552953,0.0,0.0,1.8251642503182184,0.28792702706405626,1.7640301184343747,0.0,0.0,0.7292762906643031,0.02000564043428659,0.7076958585351509,0.0,0.0,0.0,0.0
0.09386389126463146,0.08770859469388022,0.0,0.390056156514955,0.0,0.0,0.0,0.0,0.0,0.0,0.7093704242104324,0.2979209769122678,0.36202232029470444,0.0,1.4383763292695986,0.27735922330832025,0.11766716475455538,0.16314165091557406,0.0,0.9681615538643022,0.0,0.0
0.0,0.0,0.0,0.0,0.0,0.0,0.0,0.0,0.0,0.0,0.3087797318586708,0.0,0.0,0.0,0.0,0.29099833098422,0.0,0.0,0.0,0.0,0.0,0.0
0.11941331265829937,0.0,0.0,0.0,0.0,0.0,0.0,0.9035548356786106,0.0,0.0,0.06056592829213197,0.0,0.0,0.0,0.0,0.2735400567781919,0.0,0.0,0.0,0.0,0.0,1.3428394221039872
0.0,0.0,0.0,0.0,0.0,0.015805482805907503,0.0,0.0,0.0,0.0,0.3425643457621087,0.0,0.0,0.0,0.0,0.14077759744582988,0.0,0.0,0.0,0.4796693789766909,0.0,0.0
0.10241023962884396,0.0,0.0,0.0,0.8069288184907017,0.0,0.0,0.43502987023525885,0.0,0.0,1.444754111497717,0.1931782336839371,0.0,0.0,0.0,0.714342724724523,0.0,0.0,0.12245841922798628,0.0,0.0,0.0
0.0,0.0,0.0,0.0,0.0,0.0,0.0,0.0,0.0,0.0,0.11616730204723628,0.0,0.0,0.0,0.0,0.2973841843970242,0.0,0.0,0.0,0.0,0.0,0.0
0.0,0.0,0.0,0.38175380790682667,0.0,0.0,0.0,0.0,0.0,0.0,0.0,0.0,0.0,0.0,0.0,0.2310462092981258,0.18915205467662574,0.0,0.0,0.0,0.0,0.0
0.0,0.0,0.0,0.0,0.0,0.0,0.0,0.0,0.0,0.0,0.041597521160938046,0.0,0.0,0.0,0.0,0.0,0.0,0.0,0.0,0.0,0.0,0.0
0.0,0.0,0.0,0.0,0.22395066706366892,0.0,0.0,0.0,0.0,0.0,0.008500176956013164,0.0,0.0,0.0,0.0,0.28700762673428115,0.0,0.35434336665236327,0.0,0.0,0.0,0.0
0.0,0.0,0.0,0.0,0.0,0.0,0.0,0.27561278999853894,0.0,0.0,0.05913027115668017,0.0,0.0,0.0,0.0,0.0,0.0,0.0,0.0,0.0,0.0,0.0
0.0,0.0,0.0,0.0,0.0,0.0,0.0,0.0,0.0,0.0,0.0,0.0,0.0,0.0,0.0,0.22911077390583837,0.0,0.0,0.0,1.8782357270526635,0.0,0.0
0.0,0.0,0.0,0.0,0.0,0.0,0.0,0.0,0.0,0.0,0.2708535664345405,0.745033855260792,0.0,0.0,0.0,0.2953372130487633,0.0,0.0,0.0,0.0,0.0,0.0
0.06353394532933296,0.0,0.0,0.0,0.0,0.0,0.0,0.0,0.0,0.0,0.634609755847902,0.0,0.0,0.0,0.0,0.22369113587018402,0.0,0.0,0.0,0.0,0.0,0.04322682145766332
0.0,0.0,0.0,0.0,0.0,0.0,0.0,0.0,0.0,0.0,0.5657953219290341,0.5321709528680046,0.0,0.0,0.0,0.24147614265867814,0.0,0.0,0.0,0.0,0.0,0.0
0.008203553074203692,0.0,0.0,0.0,0.0,0.0,0.0,0.0,0.0,0.0,0.4510699456624906,0.0,0.0,0.0,0.0,0.4342459885171241,0.0,0.0013410423438661792,0.9204358564658163,0.0,0.0,0.0
0.2198652073921478,0.0,0.16730675106044568,0.0,0.0,0.0,0.0,0.10894048372709246,0.0,0.0,0.3817983530638501,0.5178903062622684,0.0,0.0,0.0,0.0,0.8612091828575074,0.34206243103441747,1.563199013018806,0.0,0.0,0.0
0.0,0.0,0.0,0.0,0.0,0.0,0.0,0.0,0.0,0.0,0.39859628019024806,0.0,0.0,0.30475043023741966,0.0,0.0,0.0,0.006258371295001676,0.0,0.0,0.0,0.0
0.0,0.0,0.0,0.0,0.0,0.0,0.0,0.0,0.0,0.0,0.8484070845112812,0.0,0.0,0.0,0.0,0.0,1.0466570206867456,0.28620271891085125,0.0,0.0,0.0,0.0
0.056673169328787104,0.0,0.0,0.4408102287614191,0.3871859133327325,0.0,0.0,0.0,0.0,0.0,0.4517953400356293,0.4449002937782649,0.0,0.0,0.0,0.3979222589942396,0.0,0.0,0.0,0.0,0.0,0.0
0.0,0.0,0.0,0.0,0.0,0.0,0.0,0.0,0.0,0.0,0.353932400007585,0.0,0.0,0.0,0.0,0.3604784418435664,0.0,0.32500972433712405,0.0,0.0,0.0,0.40887255229109426
0.21772294664352787,0.20452787958703517,0.0,0.0,0.0,0.5350873314931076,0.0,1.366264554121926,0.0,0.0,0.13087781909234258,0.0,0.0,0.0,0.0,0.05394712941967959,0.0,0.0,0.0,0.0,0.0,0.0
0.03312407055276073,0.0,0.0,0.0,0.0,0.0,0.0,0.3087556870423599,0.0,0.0,0.10399053146737136,0.0,0.0,0.0,0.0,0.0605853080134683,0.0,0.0,0.0,0.0,0.0,0.7164231316627722
0.5243165429774738,0.0,0.20496345280533756,0.0,0.0,0.6612433655475822,0.0,2.016333726522775,0.0,0.0,0.41566214523414813,0.0,0.0,0.0,0.0,0.6519637668305478,0.0,0.0,0.0,1.1598051934507807,0.0,0.0
0.09836078029482322,0.0,0.1980821437987449,0.06976244202791415,0.1593136786638693,0.0,0.0,0.5282961415168316,0.0,0.0,0.48068841716113736,0.0,0.0,0.0,0.0,0.08852360522531766,0.09918307464647814,0.0,0.0,1.5714282076079091,0.0,1.970084879051401
0.23384874011060172,0.25334528935564504,0.0,0.4024059348673509,0.0,0.0,0.0,0.15786981440426054,0.0,0.0,3.6873231523200274,1.6697916136287199,1.16767647374849,0.0,0.8689777022736388,1.125514873596087,0.7314854250173085,0.5117658574294863,0.0,0.0,0.0,0.0
0.13173325766779193,0.0,0.11303661825050382,0.8186548244057701,0.0,0.0,0.0,0.35755013809202857,0.0,0.0,2.0535402160556644,1.7402062146839996,2.5132718397629867,0.0,0.37863536622452465,0.38989242706338567,0.0,0.0,0.0,0.0,0.0,0.0
0.23719713783813157,0.0,0.14898876033255706,0.7808966781897302,0.0,0.0,0.0,0.0,0.0,0.0,1.9335716959912728,0.5197765514300224,2.9724000777392683,0.0,1.193694694118718,1.0527924051339608,0.0,0.8976906036564455,0.0,0.0,0.0,0.0
0.06877165144646184,0.0,0.11480341505000673,0.7823386557327792,0.0,0.0,0.0,0.0,0.0,0.0,1.3349451869829043,1.2204563509418107,0.0,0.0,0.9198024542657797,0.5908407232294902,0.0,0.4042899012856327,0.0,0.0,0.0,0.0
0.0,0.0,0.0037670418893959684,0.7550340654756866,0.0,0.0,0.0,0.0,0.0,0.0,1.58918176136757,0.01166070385944697,0.12357574003997775,0.0,0.0,1.2515918072663188,0.0,0.2718102362965246,0.0,0.0,0.0,0.0
0.13091103516939337,0.0887026318628951,0.0,0.2243959477730723,0.5124439867327064,0.0,0.0,0.3191250262339672,0.0,0.0,1.6581412323048659,1.2467617058525367,1.9123379999989194,0.0,0.0,1.2140516125405298,0.0,1.102644217877849,0.0,1.0389429708690576,0.0,0.18118885438367952
0.0,0.0,0.0,0.0,0.0,0.0,0.0,0.5841187097647599,0.0,0.0,0.39011681487000194,0.0,0.0,0.0,0.0,0.14089719748157367,0.11536358041533444,0.0,1.2693278804031969,0.0,0.0,0.0
0.0,0.07655234357650485,0.0,0.0,0.0,0.0,0.0,0.0,0.0,0.0,0.8930045974720566,0.0,0.0,0.0,0.0,0.08138609476464607,0.0,0.0,0.0,0.0,0.0,0.0
0.1425419819222219,0.0,0.0,0.0,1.5872859425495731,0.0,0.0,1.1655755476640741,0.0,0.0,0.8358840148263846,0.31992611383392805,0.0,0.0,0.0,0.4952634875896682,0.0,0.0,0.0,0.0,0.0,0.0
0.0,0.0,0.08242678200631158,0.0,0.7585342600035303,0.6082188691030558,0.0,0.0,0.0,0.0,1.239199069165216,0.5835785312692101,0.0,0.0,0.0,0.5318094280980269,0.0,0.0,0.46215134814383696,0.0,0.0,0.0
0.0,0.0,0.0,0.0,0.0,0.0,0.0,0.0,0.0,0.0,0.9471346237884357,0.0,0.0,0.0,0.0,1.193789344646562,0.0,0.0,0.0,0.0,0.0,0.0
0.0,0.0,0.0,0.0,0.5382731793256214,0.0,0.0,0.39095647990392995,0.0,0.0,0.04347258689825743,0.0,0.0,0.0,0.0,0.0,0.0,0.0,0.0,0.0,0.0,0.0
0.0,0.0,0.0,0.0,0.0,0.0,0.0,0.0,0.0,0.0,0.0,0.0,0.0,0.0,0.0,0.0,0.0,0.0,0.0,0.0,0.0,0.0
0.0,0.0,0.0,0.0,0.0,0.0,0.0,0.0,0.07676782351581267,0.0,0.10570231300223076,0.0,0.0,0.0,0.0,0.0,0.5023771583396797,0.0,0.0,0.0,0.0,0.0
0.0,0.21330007821588703,0.0,0.0,0.0,0.0,0.0,0.0,0.0,0.0,0.0,0.0,0.0,0.0,0.0,0.0,0.0,0.0,0.0,0.0,0.0,0.0
0.11563414749330672,0.0,0.0,0.0,0.0,0.0,0.0,0.0,0.0,0.0,0.7089486189035548,0.0,0.0,0.0,0.0,0.3598433319031602,0.0,0.0,0.0,0.0,0.0,0.0
0.15112802605696765,0.0,0.0,0.0,0.0,0.0,0.0,0.0,0.0,0.0,0.8124096713964288,0.0,2.371152366309568,0.0,0.0,1.8812356565847517,0.0,0.0,0.0,0.0,0.0,0.0
0.03247981343137658,0.0,0.0,0.0,0.0,0.0,0.0,0.0,0.0,0.0,1.1391310811143343,0.2549756561813222,0.0,0.0,0.0,0.7213577485842044,0.48167037336425883,0.09090666106833614,0.0,0.0,0.0,0.0012820265220339778
0.0,0.0,0.0,0.0,0.0,0.0,0.0,0.0,0.0,0.0,0.14289671157221304,0.3746426259624297,0.0,0.0,0.0,0.0,0.0,0.0,0.0,0.0,7.050008076900963,0.0
0.0,0.0,0.0,0.0,0.0,0.0,0.0,0.0,0.0,0.0,0.30443992874747516,0.0,0.0,0.0,0.0,0.0,0.2351838787281407,0.0,0.0,0.0,0.0,0.0
0.12510080127650838,0.0,0.0,0.0,0.32086430794448645,0.0,0.0,0.39954381227551766,0.0,0.0,0.24800815666787607,0.0,0.0,0.0,0.0,0.0,0.0,0.0,0.0,0.0,0.0,0.5734525588064446
0.07706052961110584,0.0,0.0,0.0,0.0,0.1295141480953675,0.0,0.5256604616159668,0.0,0.0,0.5343617334291298,0.0,0.0,0.0,0.0,0.23980561395229333,0.0,0.0,0.0,0.0,0.0,0.0
0.05413585985124776,0.0,0.0,0.0,0.0,0.0,0.0,0.0,0.0,0.0,0.4620891113252159,0.3588642654121641,0.0,0.0,0.0,0.33396325771949975,0.0,0.0,0.0,0.0,0.0,0.2879214798322714
0.12574434653615996,0.0,0.0,0.0,0.0,0.0,0.0,0.0,0.0,0.0,0.8095584466795434,0.0,0.0,0.0,0.0,0.6757066339711795,0.0,0.0,0.0,0.0,0.0,0.8357698982053484
0.045951511834815315,0.0,0.0,0.0,0.0,0.0,0.0,0.0,0.0,0.0,0.27926120469484156,0.5135721402986898,0.0,0.0,0.0,0.6296747925198263,0.0,0.0,0.0834031580660755,0.0,0.0,0.0
0.1882003964687085,0.0,0.1611500506763625,1.1406931995349758,0.0,0.0,0.0,0.22194744689657875,0.0,0.0,2.5404432364948195,2.2833559784804383,3.9435786280218896,0.0,0.0,1.5012795623130435,0.8924016714609593,0.5919532798534062,0.0,0.0,0.0,0.0
0.13261369534574508,0.1139832881564369,0.0,0.7996200418715992,0.0,0.0,0.0,0.0,0.0,0.0,3.037471050561504,0.9290173938870185,3.170459312155678,0.2791346950447813,0.6454822290534465,1.0325285820562036,0.0,0.1360465498057976,0.0,0.0,0.0,0.0
0.3073327357783656,0.0,0.29093781804621094,0.029983439677696656,0.0,0.7879736317791074,0.0,0.0,0.0,0.0,3.3081794536646263,0.7560510172771399,0.0,0.0,0.0,0.9902355994852488,0.0,0.0,0.0,0.0,0.0,0.0
0.12947676798336574,0.14031694047671844,0.17225903060182254,0.0,0.0,0.0,0.0,0.48673842617988294,0.0,0.0,2.4253738446279285,1.1039284534618614,0.1515427036213742,0.0,0.0,0.9520206492529624,0.6489368387019798,1.0499388717412184,0.0,0.0,0.0,0.3819515209953778
0.23744278827296,0.1426560230255139,0.1468071870561784,0.2973896403205787,0.0,0.0,0.0,0.0,0.0,0.0,1.7840348268610438,1.5414318882447748,0.9253317928984329,0.0,0.0,2.3029724710791033,0.0,1.2129449236879903,0.0,0.0,0.0,0.2799037889849835
0.15829757561752772,0.0,0.0,0.39794794434344066,0.5205898665129642,0.0,0.0,0.8573144927426514,0.0,0.0,2.507732748015117,2.783639513741992,1.7271119158104353,0.0,0.0,0.8512903761438536,0.3241008808759961,0.1771792877689291,0.0,0.0,0.0,0.25407427274691485
0.108286442972815,0.0,0.0,0.19533171337371336,0.7894295921725909,0.0,0.0,0.0,0.0,0.0,1.4336782621606556,0.48651308048766007,0.0,0.0,0.0,0.6227015695563174,0.0,0.4204944397647338,0.0,3.1938930946372732,0.0,0.0
0.005187536221735595,0.0,0.0,0.0,0.0,0.0,0.0,0.0,0.0,0.0,0.9238805445693415,0.0,0.0,0.0,0.0,0.0,0.0,0.0,0.07376288547141488,0.0,0.0,0.0
0.13888596223769006,0.0,0.0,0.0,0.0,0.0,0.0,0.7860754599127975,0.0,0.0,0.6558258290372561,0.0,0.0,0.0,0.0,1.551282942316267,0.0,0.0,0.0,0.0,0.0,0.0
0.0,0.0,0.24417834533370236,0.0,0.5992805471174126,0.0,0.0,1.5086062521398425,0.0,0.0,0.3974984273344407,0.11052387182827174,0.0,0.0,0.0,0.2996219506238879,0.0,0.0,0.0,0.0,0.0,1.082723608999072
0.21550505056724756,0.0,0.0,0.0,0.0,0.0,0.0,0.0,0.0,0.0,1.2888791695596737,0.0,0.0,0.0,0.0,1.2756815555070062,0.1396624868004301,0.0,0.0,0.0,0.0,0.0
0.13381202148283317,0.0,0.0,0.0,0.0,0.0,0.0,0.0,0.0,0.0,0.34771469006521816,0.0,0.0,0.0,0.0,0.1998779690658426,0.0,0.0,0.45667674814976705,0.0,0.0,0.0
0.0,0.45201441105707296,0.0,0.0,0.0,0.0,0.0,0.0,0.0,0.0,0.0,0.0,0.0,0.0,0.0,0.0,0.0,0.0,0.0,0.0,0.0,0.0
0.09120958015192605,0.0,0.0,0.0,0.0,0.0,0.0,0.0,0.0,0.0,0.0,0.0,0.0,0.0,0.0,0.0,0.0,0.0,0.0,0.0,0.0,0.0
0.04762404162921181,0.0,0.0,0.025181953072284838,0.057507011842867585,0.0,0.0,0.1865985876588874,0.0,0.0,0.0,0.0,0.0,0.0,0.0,0.014222027840187593,0.0,0.0,0.0,0.0,0.0,0.0
0.0,0.0,0.0,0.0,0.0,0.0,0.0,0.0,0.0,0.0,0.0,0.0,0.0,0.0,0.0,0.0,0.0,0.0,0.0,0.0,0.0,0.0
0.0,0.0,0.0,0.0,0.0,0.0,0.0,0.0,0.0,0.0,0.7565443577779696,0.0,1.9387730632204505,0.0,0.0,0.18311413353548536,0.0,0.0,0.0,1.5011581597467447,0.0,0.0
0.0,0.0,0.15816746657961972,0.0,0.0,0.0,0.0,0.0,0.0,0.0,0.4806753987115664,0.08063007242399331,0.0,0.0,0.0,0.5086021940716744,0.0,0.0,0.0,0.0,0.0,0.0
0.08954737501850488,0.0,0.0,0.0,0.0,0.0,0.0,0.0,0.0,0.0,0.4905849158152107,0.0,0.0,0.0,0.0,0.0,0.0,0.0,0.0,0.0,0.0,0.0
0.06320574577592514,0.0,0.0,0.0,0.0,0.0,0.0,0.0,0.0,0.0,0.4151910640652985,0.0,0.0,0.0,0.0,0.2647100537320718,0.0,0.0,0.0,0.0,0.0,0.0
0.0664932814850714,0.0,0.0,0.0,0.0,0.0,0.0,0.0,0.0,0.0,0.30584539727173676,0.0,0.0,0.0,0.0,0.45203547729684,0.07837976298560417,0.0,0.14226876649551085,0.0,0.0,0.22489968543399302
0.017289774053622774,0.0,0.0,0.0,0.7404617815029944,0.0,0.0,1.1186807696158705,0.0,0.0,0.589736756575001,0.0,0.0,0.0,0.0,0.49682214394351193,0.0,0.0,0.0,0.0,0.0,0.0
0.06643528858628434,0.0,0.0,0.0,0.0,0.0,0.0,0.22434243700266424,0.0,0.0,0.5097862360921781,0.12744893596781212,0.0,0.0,0.0,0.4267533255579571,0.0,0.0,0.0,0.0,0.0,0.9408497919788812
0.05805239195456935,0.13430909979163902,0.10801980225325411,0.6165094757245451,0.0,0.0,0.0,0.0,0.0,0.0,1.0559054779726162,1.5093823731139653,0.38503314699901225,0.0,1.280319491178194,0.5085916723643822,0.0,0.10509632789927466,0.35326625961915775,0.0,0.0,0.0
0.12595592663406216,0.07475200736610646,0.0,1.0383771480598363,0.0,0.0,0.0,0.48866044246922785,0.0,0.0,1.8715971551911081,0.958524021273924,2.4977899088351005,0.013647995358946723,0.507667987022841,0.9486331219085955,0.0,0.4171676778518979,0.8026263381125296,0.0,0.0,0.0
0.32825151260020874,0.0,0.0,0.0,0.0,0.0,0.0,0.0,0.0,0.0,2.723988237743902,0.7501102966627535,1.0456214532867032,0.0,0.6556294976404589,0.7153923603393387,0.2527720129479189,0.44921966870480073,0.0,0.0,3.9240766411342536,0.0
0.13745099467637878,0.0,0.0,1.3455536508990438,0.0,0.0,0.0,0.0,0.0,0.0,2.5857782121581816,0.502242894072749,1.0938283261706727,0.0,0.0,1.490967928966335,0.03879599649331989,1.007078551150379,0.0,0.0,0.0,0.0
0.23446404095489762,0.05275761533197421,0.2172072810824575,0.376741595034658,1.3586360042387395,0.0,0.0,0.17887926074412583,0.0,0.0,3.1485380699865324,3.255110566289962,3.2667095166195006,0.0,0.0,0.4971467876626655,0.0,0.5351675124960511,0.0,0.0,0.0,0.0
0.21250049054655787,0.0,0.07870892700600375,0.3481826636705072,0.0,0.0,0.0,0.0,0.0,0.0,3.035954081969562,2.2918253777944093,2.9449278874157265,0.0,0.0,1.0111292197319863,0.0,0.3155061667590283,1.1149229062520352,0.0,0.0,0.0
0.0,0.0407232102698952,0.3232001511928949,0.7022082406051194,1.7836371781016,0.0,0.0,0.0,0.0,0.0,0.6446221442361888,0.0,0.0,0.0,0.0,0.785257270355601,0.0,0.0,1.8121220064450771,0.0,0.0,0.0
0.06099841074565592,0.1974668514689042,0.10194579274821397,0.0,0.0,0.0,0.0,0.0,0.0,0.0,0.8332783527371078,0.0,0.0,0.0,0.0,0.8393364103501378,0.0,0.0,0.0,0.0,0.0,0.0
0.0,0.0,0.0,0.0,0.0,0.0,0.0,0.0,0.0,0.0,0.0,0.0,0.0,0.0,0.0,0.0,0.0,0.0,0.0,0.0,0.0,0.0
0.0,0.0,0.0,0.0,0.0,0.0,0.0,0.33259527789535653,0.0,0.0,0.6879112635405191,0.35617993160255135,0.0,0.0,0.0,0.7436377609512785,0.0,0.0,0.4418991997527865,0.0,0.0,0.0
0.01487078112230318,0.0,0.030665318804007104,0.0,0.913216087990325,0.0,0.0,2.25054261050676,0.0,0.0,0.17532135932285467,0.0,0.0,0.0,0.0,0.4588815881515591,0.0,0.0,0.0,0.0,0.0,0.0
0.0,0.0,0.0,0.0,0.0,0.0,0.0,0.0,0.0,0.0,0.0,0.0,0.0,0.0,0.0,0.49722013379601887,0.0,0.0,0.0,0.0,0.0,0.0
0.0,0.0,0.0,0.0,0.8536935648052818,0.0,0.0,0.0,0.0,0.0,0.0,0.0,0.0,0.0,0.0,0.0,0.0,0.0,0.0,0.0,0.0,0.0
0.0,0.0,0.0,0.0,0.0,0.0,0.0,0.0,0.0,0.0,1.8958402274518509,2.373316043308877,0.0,0.0,0.0,3.762565166044377,0.0,1.2947152331688792,0.0,0.0,0.0,0.0
0.0,0.036847480084796526,0.23927388211849984,0.08784899018166124,0.0,0.0,0.0,0.7393252109433432,0.0,0.0,0.6193164224138406,0.0,0.0,0.0,0.0,0.34321840125894504,0.0,0.0,0.0,0.0,0.0,0.0
0.0,0.0,0.0,0.0,0.0,0.0,0.0,0.0,0.0,0.0,1.1761778216410208,0.0,0.0,0.0,0.0,0.6080118075622802,0.0,0.0,0.0,0.0,0.0,0.0
0.05532131667535288,0.0,0.06558593769945578,0.19802393814537705,0.0,0.0,0.0,0.4335044937465429,0.0,0.0,0.6542585849506454,0.07911070850922594,0.0,0.0,0.0,0.3926384824463579,0.0,0.1446954022633959,0.0,0.0,0.0,0.0
0.07880518129589621,0.0,0.0,0.0,0.3409452319229231,0.2216888051392874,0.0,0.5011700959759756,0.0,0.0,0.05364279358245458,0.0,0.0,0.0,0.0,0.8757950939442618,0.0,0.0,0.0,0.0,0.0,0.0
0.056979368421822454,0.0,0.0,0.0,0.0,0.0,0.0,1.174941719423663,0.0,0.0,0.44526307569076545,0.4295980381150451,0.0,0.0,0.0,0.8856521869997317,0.0,0.49520162866637724,0.10347426393916724,0.0,0.0,0.0
0.05418947894901758,0.3069438873913448,0.06205972328042862,0.4332059926666933,0.0,0.0,0.0,0.0,0.0,0.0,0.9226244420474177,0.0,0.0,0.0,0.0,0.1581737253978097,0.10324568099669414,0.0,0.0,0.0,0.0,0.0
0.39516058756089734,0.0,0.0,0.0,0.0,0.0,0.0,0.0,0.0,0.0,1.7257949333596225,0.909902354948362,0.0,0.0,0.0,0.6763829103574501,0.13399665629526833,0.6985223263578607,0.0,0.0,0.0,0.0
0.07136308596513515,0.0,0.0,1.1376845462594387,0.0,0.0,0.0,0.39262579761676375,0.0,0.0,3.204662402614191,0.7454841153048832,1.5709352593870693,0.0,0.0,1.9100451289787514,0.6718132171843945,1.1603887530479708,0.0,0.6924651021286847,0.0,0.0
0.045773750130851255,0.0,0.0,0.5043359081193207,0.0,0.0,0.0,0.28863978691933834,0.0,0.0,2.9774965635114854,2.6495801079823074,1.5266021484140981,0.0,0.0,1.3146300704433007,0.0,0.6127211446741797,0.6508684940554496,0.0,2.369551985147694,0.0
0.2927552843583675,0.0,0.0,0.3947331628733045,0.0,0.0,0.0,0.34501077244661144,0.0,0.0,1.496816482171667,2.0071849117021596,2.1403931681184063,0.0,0.0,0.7875117340647989,0.0,0.29577644896291305,1.4531749589596865,0.0,0.0,0.0
0.03444939458406128,0.0,0.07853489570151963,0.0,0.0,0.0,0.0,0.4852118827513005,0.0,0.0,0.8357661116147344,0.0,0.48586570746372143,0.0,0.0,0.18587943628521642,0.0,0.1326189760663679,0.0,0.0,0.0,0.0
0.042965301985292775,0.0,0.0,0.0,0.0,0.0,0.0,0.04580775376271735,0.0,0.0,0.21473693122434678,0.0,0.0,0.0,0.0,0.13370425395757887,0.0,0.0,0.0,0.0,0.0,0.0
0.03936619468524758,0.0,0.0,0.0,0.49534760724089183,0.0,0.0,0.0,0.0,0.0,0.28098603918384235,0.0,0.0,0.0,0.0,0.18021683053583543,0.0,0.0,0.0,0.47312494888340045,0.0,0.0
0.09987594491757235,0.10716097601745173,0.0,0.0,0.0,0.0,0.0,0.0,0.0,0.0,0.8095435979610225,0.42829719980979153,0.0,0.0,0.60979231985854,1.195844369529066,0.3632298521220228,0.0,0.0,0.0,0.0,0.0
0.03253962096282948,0.0,0.0,0.0,0.9132501984922796,0.0,0.0,0.0,0.0,0.0,0.7170351357899316,0.0,0.0,0.0,0.0,0.5031938474825495,0.0,0.20177058287975239,0.0,1.6565559038345719,0.0,0.0
0.07674225208155565,0.0,0.0,0.42285335638919586,0.0,0.0,0.0,0.6013615209633322,0.0,0.0,0.05235252425031261,0.6024482290413751,0.0,0.0,0.0,0.0,0.0,0.0,0.0,0.0,0.0,0.6571201537462271
0.10809678804419562,0.0,0.0,0.0,0.6676389126903995,0.0,0.0,0.10902662066689318,0.0,0.0,0.021399865933285495,0.0,0.0,0.0,0.0,0.5771821052054046,0.0,0.0,0.3635418647034331,0.0,0.0,0.0
0.0,0.0,0.0,0.0,0.0,0.0,0.0,0.0,0.0,0.0,0.0,0.0,0.0,0.0,0.0,0.0,0.0,0.0,0.0,0.0,0.0,0.0
0.0,0.056409635958431334,0.0,0.0,0.0,0.0,0.0,0.0,0.0,0.0,0.248986465415171,0.0,0.0,0.0,0.0,0.07595465440996814,0.0,0.0,0.0,0.0,0.0,0.0
0.10449755909785456,0.0,0.2650129045011312,0.0,0.0,0.0,0.0,0.0,0.0,0.0,0.7135599946245368,0.0,0.0,0.0,0.0,0.7067935206303847,0.0,0.44751749811815317,0.0,0.0,0.0,0.0
0.0,0.6783409602886126,0.0,0.0,0.0,0.0,0.0,0.0,0.0,0.0,2.3979775979803257,0.0,0.0,0.0,0.0,0.9133750348755179,0.0,0.037743082994025616,0.0,0.0,0.0,0.0
0.0504345615720619,0.0,0.08964274742084748,0.0,0.0,0.0,0.0,0.12676789250619824,0.0,0.0,0.520512365953399,0.39592547100750863,0.0,0.0,0.0,0.7335104103636524,0.0,0.1419918574534522,0.0,0.0,0.0,1.6086932932506246
0.2088721488931159,0.0,0.04725374677530222,0.5519338434219334,0.0,0.0,0.0,0.3925407290544138,0.0,0.0,1.3624024266884696,0.0,1.907815932412995,0.0,0.0,0.8544644936120676,0.0,0.0,0.0,0.0,0.0,0.0
0.060333329349531194,0.0,0.15300941942739482,0.40072058100681673,0.0,0.0,0.0,0.0,0.0,0.0,1.1826948243559763,0.5786531851271789,0.0,0.0,0.0,0.33795803144601116,0.04960112165243887,0.49143407704864783,0.29816876280136784,1.8553179549419496,0.0,0.0
0.13772222323168198,0.0,0.21572408131846035,0.0,0.0,0.0,0.0,0.0,0.0,0.0,1.795260831694216,1.2586299684309847,0.04801973238580651,0.0,0.0,1.0719569233181472,0.0,0.5527278670172464,0.0,0.0,0.0,0.0
0.20254083940606182,0.0,0.011498019999719472,0.0,0.0,0.0,0.0,0.0355273880561414,0.0,0.0,1.143097351105376,0.1527433016296981,0.3052751362259035,0.0,1.5399862732370582,0.5011508395841389,0.0,1.7091954179646187,0.0,0.11566291283969717,0.0,0.0
0.06608143111352388,0.0,0.0,0.4363058234155695,0.0,0.0,0.0,0.6657048209392336,0.0,0.0,0.9587937035330638,0.0,0.0,0.0,0.0,2.1815337067507357,0.0,0.0,0.0,0.0,0.0,0.0
0.09887261255858462,0.0,0.0,0.39963971885981137,0.0,0.0,0.0,0.0,0.0,0.0,0.3023657633178592,0.0,0.0,0.0,0.0,0.623385129182669,0.0,0.0,0.5846886724314507,0.0,0.0,0.0
0.31975255018435844,0.0,0.1823628824863978,0.39621491014100324,0.0,0.5050964712442803,0.0,0.019131628007505907,0.0,0.0,0.07990610404929478,0.0,0.0,0.0,0.0,0.0,0.0,0.0,0.0,0.0,0.0,0.0
0.05740788193750769,0.0,0.10624858729950372,0.0,0.0,0.8796986406452808,0.0,0.0,0.0,0.0,0.01389813128376187,0.0,0.0,0.0,0.0,0.0,0.0,0.0,0.0,0.0,0.0,0.0
0.023917164761766398,0.0,0.0,0.0,0.30591223488678404,0.3103167553323205,0.0,0.0,0.0,0.0,0.14701609693139295,0.18775645962415005,0.0,0.0,0.0,0.34539907984772134,0.0,0.0,2.0610853467714465,0.0,0.0,0.2689558726082629
0.07364818437117637,0.0,0.0,0.0,0.5158913493325954,0.0,0.0,1.102363663334605,0.0,0.0,0.9444480951962193,0.32185243870182023,0.0,0.0,0.0,0.7026946580946107,0.013604514351656834,0.0,1.7463245057056227,0.0,0.0,1.6164214382504123
0.04715942967062615,0.0,0.0,0.0,0.593410433316381,0.4753258712907068,0.0,0.0,0.0,0.0,0.0,0.0,0.0,0.0,0.0,0.0,0.0,0.0,0.8260806188928378,0.0,0.0,0.0
0.0,0.0,0.0,0.0,0.10564569374834608,0.0,0.0,0.0,0.0,0.0,0.015043683673125294,0.0,0.0,0.0,0.0,0.0,0.0,0.0,0.0,0.0,0.0,0.0
0.0,0.0,0.0,0.0,0.0,0.0,0.0,0.031942447690057864,0.0,0.0,0.20665144812218655,0.03200017023253388,0.48810061686903616,0.0,0.0,1.260561311763286,0.0,0.0,0.0,0.0,0.0,0.0
0.0,0.0,0.0,0.0,0.0,0.0,0.0,0.0,0.0,0.0,0.2993052526521593,0.23341401847873272,0.0,0.0,0.0,0.182558984325048,0.0,0.0,0.0,0.0,0.0,0.0
0.0,0.0,0.0,0.0,0.0,0.0,0.0,0.0,0.0,0.0,0.3719014881505528,0.0,0.5517749467138572,0.0,0.0,0.0659532756979774,0.0,0.0,0.0,0.0,0.0,0.0
0.0388965980494866,0.0,0.0,0.0,0.0,0.0,0.0,0.17268141985475088,0.0,0.0,0.4230152043533045,0.0,0.0,0.12470651126981405,0.0,0.1320340041126213,0.0,0.0,0.0,0.0,0.0,0.0
0.06581287875673747,0.0,0.0,0.0,0.0,0.0,0.0,0.0,0.0,0.0,0.8724229289529727,0.0,0.0,0.0,0.0,0.8211510431630026,0.0,0.12359361167456899,0.0,0.0,0.0,0.0
0.06597564450357477,0.0,0.0,0.0,0.0,0.0,0.0,0.0,0.0,0.0,0.3845559203171133,0.0,0.016711728816545354,0.0,0.0,0.0,0.0,0.0,0.0,0.0,0.0,0.0
0.0684495925940226,0.0,0.0,0.0,0.0,0.0,0.0,0.0,0.0,0.0,0.2095289213725764,0.0,0.0,0.0,0.0,0.0,0.0,0.0,0.0,0.0,0.0,0.0
0.0,0.0,0.0,0.0,3.3791491675149556,0.0,0.0,0.0,0.0,0.0,0.15176124370574337,0.0,0.0,0.0,0.0,0.0,0.0,0.0,0.0,0.0,0.0,0.34715737286015164
0.0,0.0,0.0,0.0,0.0,0.0,0.0,0.0,0.0,0.0,0.0,0.0,0.0,0.0,0.0,0.0,0.0,0.0,0.0,0.0,0.0,0.0
0.06179704123846982,0.0,0.0,0.0,0.0,0.9526929600228037,0.0,0.0,0.0,0.0,0.06123149090040668,0.0,0.0,0.0,0.0,0.0,0.0,0.0,0.0,0.0,0.0,0.0
0.024692328651891755,0.0,0.0,0.0,0.3107053148701709,0.0,0.0,0.0,0.0,0.0,0.06841085023937551,0.0,0.0,0.0,0.0,0.0,0.0,0.0,0.0,0.0,0.0,0.6129339218939078
0.0,0.0,0.0,0.0,0.0,0.0,0.0,0.0,0.0,0.0,0.11559952111745114,0.0,0.0,0.0,0.0,0.0,0.0,0.0,0.358241666279968,0.9634629257685575,0.0,0.0
0.0,0.13121139765324402,0.0,0.0,0.0,0.42693108182999845,0.0,0.0,0.0,0.0,0.0,0.0,0.0,0.0,0.0,0.6017443773040603,0.0,0.0,0.7419741141904245,0.0,0.0,0.0
0.0,0.0,0.0,0.0,0.0,0.0,0.0,0.0,0.0,0.0,0.8125414498605429,0.0,0.0,0.0,0.0,0.0,0.0,0.0,0.0,0.0,0.0,0.0
0.0,0.0,0.0,0.0,0.0,0.0,0.0,0.0,0.0,0.0,0.0,0.0,0.0,0.0,0.0,0.9408009326897075,0.0,0.0,0.0,0.0,0.0,0.0
0.3023224391490434,0.0,0.0,0.0,0.0,0.0,0.0,0.0,0.0,0.0,0.0,0.0,0.0,0.0,0.0,0.0,2.368326190027672,0.0,0.0,0.0,0.0,0.0
