0,1
45.372000000000014,24.83599999999999
-39.983999999999995,-8.232000000000017
17.06000000000001,-48.55600000000001
21.10399999999999,-36.036000000000016
-35.244,-37.09600000000002
-13.240000000000007,-5.920000000000014
-8.835999999999999,-3.8920000000000066
35.20000000000001,-19.980000000000008
4.727999999999999,29.267999999999983
28.14399999999999,14.012000000000002
19.544000000000004,42.896
44.272,16.127999999999986
39.096,9.060000000000002
38.212,-3.5679999999999934
-1.9400000000000084,1.532
1.0040000000000049,-52.588000000000015
50.972000000000016,39.21599999999999
14.700000000000003,19.787999999999982
-36.83200000000001,12.056000000000001
51.22,39.55599999999999
-13.06799999999999,-21.524000000000008
0.09200000000000319,20.551999999999992
-28.172000000000008,-23.108000000000008
26.488,58.179999999999986
31.879999999999995,31.147999999999975
-12.427999999999994,-2.7840000000000087
54.847999999999985,3.4319999999999906
-53.532000000000004,18.311999999999994
33.352000000000004,-10.076000000000018
26.479999999999993,37.983999999999995
-45.324,26.139999999999986
-12.744,9.416000000000002
-36.844,20.08399999999999
-9.275999999999996,8.22799999999999
6.512000000000007,6.791999999999998
5.079999999999996,18.316
5.012000000000016,-42.908000000000015
-36.24799999999999,3.4399999999999986
27.503999999999994,-11.604000000000003
0.06399999999999739,-13.97600000000001
-17.487999999999992,-3.660000000000019
26.89999999999999,-27.60800000000001
37.480000000000004,-13.624000000000002
35.79600000000001,6.587999999999994
-23.436,-17.588000000000005
13.576000000000011,-44.47200000000001
14.836000000000006,52.64399999999998
-4.2159999999999975,-38.31200000000001
-17.524000000000008,-29.78000000000001
-39.571999999999996,30.18399999999999
41.99600000000001,28.943999999999992
26.668000000000003,-14.332000000000011
-32.596000000000004,17.239999999999988
32.60000000000001,-27.69600000000001
39.68799999999999,18.299999999999983
42.556,15.236000000000004
-26.059999999999995,-13.432000000000022
23.843999999999998,-34.984
35.50799999999998,-21.168
7.267999999999986,-53.13200000000001
21.772000000000013,-50.47600000000001
-28.656000000000002,16.627999999999975
26.792000000000016,-2.8320000000000123
-29.692000000000007,-14.727999999999996
46.39200000000001,42.66799999999997
30.38799999999999,-19.376000000000015
47.884000000000015,15.951999999999988
-8.567999999999998,-22.940000000000005
-23.37600000000001,19.34799999999999
-26.48799999999999,-14.508
7.372000000000001,7.243999999999984
-39.016000000000005,3.363999999999989
51.372000000000014,6.547999999999976
-23.367999999999988,-11.584000000000005
21.219999999999995,-48.15600000000001
-11.943999999999999,23.587999999999987
3.6960000000000104,-30.576000000000015
-38.732,5.279999999999996
-10.44799999999999,15.58799999999998
13.092000000000015,5.356000000000005
40.17999999999999,14.32
39.70400000000001,25.247999999999983
1.532,0.6319999999999881
3.3360000000000056,27.203999999999983
-47.144,13.36799999999998
-33.02799999999999,16.823999999999995
-40.132,-30.744000000000003
33.68799999999999,-5.496000000000012
34.04799999999999,-28.616000000000007
1.1319999999999997,23.05999999999999
-12.287999999999988,-18.852000000000015
-29.079999999999995,-23.40800000000001
-2.2159999999999958,-14.048000000000005
-8.835999999999999,-16.292000000000016
-19.976000000000006,26.62399999999998
-32.92799999999999,-21.82400000000001
37.84,40.379999999999995
-14.836000000000006,-12.57600000000001
-30.943999999999996,28.059999999999995
37.812,5.679999999999996
-4.371999999999998,-7.640000000000002
27.560000000000006,38.32
35.08799999999999,-17.692000000000018
-40.428,3.4279999999999866
13.792000000000005,-29.02800000000001
5.8640000000000025,-25.684000000000008
-7.26,12.867999999999991
-12.495999999999995,-9.480000000000011
13.675999999999998,-27.54000000000001
-52.68000000000001,-2.112000000000025
-15.132000000000012,-3.4720000000000084
15.39600000000001,-18.308000000000003
52.279999999999994,8.68
33.388,11.199999999999989
37.46000000000001,7.47199999999999
-43.532,2.2239999999999815
-11.115999999999993,-38.30000000000001
-53.564,7.043999999999984
19.192000000000007,-41.68000000000001
-19.12799999999999,5.247999999999986
-18.179999999999996,9.523999999999976
16.66399999999999,-29.51600000000001
-31.199999999999996,23.580000000000002
-15.292000000000016,9.619999999999983
-9.220000000000006,10.959999999999992
2.3439999999999905,-35.24400000000001
31.099999999999994,-9.596000000000016
-9.183999999999992,-47.728000000000016
47.99200000000001,10.059999999999981
21.48399999999999,27.879999999999995
2.7800000000000047,-10.552000000000017
43.01200000000001,25.227999999999984
11.675999999999998,-27.084000000000007
30.832000000000015,-37.73600000000001
-18.028,4.132000000000002
46.907999999999994,3.403999999999985
2.0079999999999876,-22.216000000000015
33.644000000000005,38.731999999999985
-17.312000000000015,-26.904000000000007
37.42000000000001,-8.344000000000007
-56.688,-1.0240000000000027
-51.339999999999996,22.899999999999988
8.963999999999995,-29.892000000000007
-38.956,14.995999999999988
25.360000000000007,-24.820000000000007
35.036,9.50399999999998
-45.68800000000001,-10.044000000000008
-45.192,17.555999999999994
-34.016000000000005,12.06799999999999
-40.02,0.7160000000000055
8.924,-11.640000000000006
-42.06399999999999,26.09999999999999
-26.200000000000003,-17.888000000000005
-1.7279999999999962,-50.62800000000001
17.66399999999999,13.439999999999985
28.596,-36.84400000000001
28.824000000000005,-25.19600000000001
3.607999999999989,-47.06800000000001
-42.34,3.8799999999999946
7.9399999999999915,-19.952000000000012
16.04399999999999,-27.860000000000007
-21.592000000000013,-0.43600000000001415
-10.852000000000018,10.043999999999986
10.359999999999992,-28.664
44.88799999999999,34.08399999999998
52.14000000000001,15.323999999999982
-19.679999999999996,-14.940000000000008
-27.6,-6.156000000000006
-10.820000000000007,-43.04000000000001
0.9239999999999915,-36.92800000000002
16.55200000000001,16.451999999999998
4.247999999999985,-19.467999999999996
11.183999999999994,-8.252000000000015
30.42799999999999,37.43999999999998
-54.852000000000004,-7.516000000000012
22.004,-31.176000000000016
-1.7199999999999882,13.075999999999999
-27.656000000000002,-12.588
48.40799999999999,15.935999999999995
-39.38,8.93599999999999
21.859999999999992,-49.76400000000001
-51.876,-8.704
16.276000000000003,27.727999999999973
-0.8879999999999999,17.995999999999988
32.31999999999999,-0.5720000000000169
9.684000000000005,-1.6320000000000112
43.75200000000001,13.487999999999989
-35.492000000000004,23.52799999999999
7.539999999999991,14.887999999999991
-47.471999999999994,-16.56000000000001
-33.3,-32.98000000000001
-53.888000000000005,22.672000000000004
48.80400000000002,41.00799999999998
55.444,29.067999999999984
-52.632,9.075999999999995
-24.156,-12.807999999999996
13.183999999999996,-19.31200000000002
48.215999999999994,29.391999999999996
-31.16,33.64799999999999
-9.792000000000002,16.896
29.747999999999998,52.49999999999999
-17.88799999999999,22.859999999999992
-4.712000000000005,-8.080000000000009
11.047999999999991,-34.31600000000002
25.49600000000001,-19.352000000000015
-50.72800000000001,0.6879999999999775
-21.143999999999995,32.007999999999996
-36.24799999999999,-36.448000000000015
46.448,18.13199999999999
30.203999999999986,-44.52400000000001
-33.879999999999995,31.91599999999999
-31.456000000000007,14.511999999999992
7.203999999999988,-41.68000000000001
-33.86799999999999,29.507999999999978
13.968000000000004,-18.440000000000012
-19.320000000000004,12.27999999999998
-50.176,-24.772000000000016
-32.16,9.332000000000008
-13.295999999999996,26.167999999999992
27.147999999999996,-25.836000000000013
36.964,5.211999999999994
22.975999999999996,-27.312000000000005
22.195999999999994,-8.684000000000003
-25.863999999999997,4.623999999999984
12.863999999999987,6.732000000000005
-43.496,27.85599999999999
30.867999999999984,13.32399999999998
22.347999999999992,-36.58800000000001
-26.26799999999999,-35.784000000000006
-33.004,12.683999999999983
-9.972000000000003,3.6639999999999784
23.595999999999997,-42.848000000000006
26.827999999999985,-29.452000000000012
-4.152,-33.704
44.96799999999999,-15.200000000000014
30.203999999999986,-1.7840000000000078
6.027999999999989,20.535999999999998
46.26400000000002,26.415999999999997
27.027999999999984,33.26399999999998
-17.03600000000001,-22.452000000000016
7.176000000000005,-26.28800000000001
-15.227999999999998,-47.632000000000005
46.232000000000006,26.923999999999992
4.683999999999999,23.659999999999993
-7.383999999999991,21.591999999999988
6.624000000000008,-41.42800000000001
15.243999999999991,1.8279999999999852
-55.796,-6.400000000000006
22.764000000000006,-44.32800000000001
-41.94799999999999,-20.396000000000015
-33.447999999999986,-0.2600000000000158
33.44400000000001,-3.5960000000000214
12.684000000000006,-3.5560000000000036
37.952000000000005,-10.404000000000002
22.567999999999987,39.784
-5.343999999999993,1.4759999999999884
-60.724000000000004,17.531999999999993
21.303999999999988,48.232000000000006
25.94000000000001,44.11999999999998
-27.447999999999993,21.615999999999993
-21.743999999999996,11.236
32.076000000000015,-28.712000000000003
-14.77600000000001,27.455999999999992
-48.44,-27.312000000000005
20.03600000000001,40.28799999999999
-11.359999999999992,26.439999999999998
52.17599999999998,13.923999999999982
37.559999999999995,25.60399999999998
11.472000000000016,-16.604000000000006
-2.2440000000000015,-19.376000000000015
3.4599999999999964,7.947999999999977
21.868,-7.916000000000012
-51.84399999999999,1.4879999999999782
-9.383999999999993,11.836000000000002
-11.563999999999997,28.29599999999999
14.344000000000001,16.12399999999998
-21.047999999999988,6.695999999999991
23.452000000000005,28.615999999999996
2.5959999999999983,15.903999999999986
40.388000000000005,20.907999999999994
-45.96,-21.784000000000002
-22.424,0.40399999999998215
5.279999999999996,1.191999999999993
42.379999999999995,4.263999999999979
-12.860000000000005,-45.08800000000001
-40.952,1.9519999999999982
13.636000000000003,-46.98800000000001
-6.123999999999996,-41.264
-19.767999999999997,14.59999999999999
31.016,-25.572000000000017
-5.212000000000017,-2.1200000000000108
2.8960000000000097,7.843999999999984
43.987999999999985,-14.076000000000011
30.064,53.579999999999984
-44.688,-19.41600000000001
50.744000000000014,16.199999999999992
50.784000000000006,-6.868000000000007
-27.680000000000003,-5.424000000000007
-36.456,-26.944000000000003
17.932000000000016,21.14799999999999
9.052000000000016,-33.71200000000001
-36.88799999999999,22.931999999999995
43.828,-15.588000000000001
-40.272,-20.20400000000001
50.732,41.39200000000001
30.027999999999988,10.743999999999998
-46.828,1.74399999999999
-23.647999999999993,-0.9600000000000053
-41.471999999999994,-14.948000000000006
-24.832000000000008,-41.22800000000001
9.699999999999998,3.0359999999999943
42.76,-16.212000000000014
18.132000000000016,16.81999999999999
21.764000000000006,-46.46800000000001
55.91599999999999,28.779999999999983
23.352000000000018,59.90799999999999
-33.32799999999999,-5.004000000000008
-18.263999999999992,23.919999999999987
40.44799999999999,57.787999999999975
26.283999999999995,1.4399999999999968
4.4440000000000035,7.231999999999994
10.472000000000016,-26.412000000000003
35.243999999999986,-3.600000000000003
47.976,4.712000000000005
-42.23199999999999,28.743999999999993
24.54399999999999,21.223999999999975
53.564000000000014,12.619999999999987
33.44400000000001,-0.38400000000000656
41.724000000000004,32.04
11.447999999999992,-12.512000000000011
-0.47600000000000975,-24.312000000000012
-21.66799999999999,-32.784
26.464,33.219999999999985
-36.1,11.7
-8.383999999999991,-35.31200000000001
-16.359999999999996,-13.900000000000013
10.492000000000012,-19.21600000000001
-1.0079999999999867,-48.720000000000006
-50.291999999999994,16.26399999999999
29.323999999999995,40.012
-54.484,19.179999999999996
-28.57200000000001,-10.528000000000004
12.192000000000004,1.8839999999999968
35.236000000000004,-11.70000000000001
36.756000000000014,46.807999999999986
-5.187999999999993,-17.300000000000004
8.504000000000001,31.172
-4.455999999999993,-35.464000000000006
20.575999999999993,15.84399999999999
-27.796,1.3319999999999999
-17.66000000000001,-32.90400000000001
22.896000000000004,55.82799999999999
18.912000000000017,-13.460000000000004
2.6639999999999997,23.595999999999997
15.388000000000002,25.259999999999994
2.1360000000000046,-14.516000000000018
2.083999999999997,-28.092000000000006
-9.704,-40.70000000000002
34.732000000000006,43.199999999999996
-9.243999999999986,10.011999999999999
18.952000000000012,-29.248000000000008
-24.836000000000002,-15.960000000000008
16.104000000000006,-2.744000000000013
-13.904000000000005,-10.396000000000017
-29.603999999999996,22.916000000000004
-37.763999999999996,32.26399999999998
9.811999999999998,16.95199999999999
27.839999999999996,-43.64800000000001
20.107999999999993,-16.952000000000012
-42.104,-28.716000000000008
30.484,-2.8360000000000163
-49.368,-15.808
-16.68799999999999,-4.62800000000001
-39.168000000000006,29.10799999999998
-3.267999999999982,6.703999999999977
42.54,42.19599999999999
-28.036000000000005,33.099999999999994
-39.959999999999994,-10.284000000000004
42.559999999999995,8.115999999999989
-0.22400000000000198,-37.13600000000001
-2.6720000000000077,17.71999999999998
41.516,16.223999999999993
-48.368,-15.464
8.360000000000012,-29.88400000000001
-25.576,-32.74800000000001
21.500000000000007,9.543999999999997
-32.187999999999995,-32.73600000000001
-55.216,-1.8839999999999968
-16.443999999999992,29.38799999999999
-6.879999999999997,-2.088000000000001
-20.047999999999988,-12.236000000000013
38.62000000000001,43.45599999999998
16.779999999999994,-5.376000000000003
-4.136000000000006,-18.176000000000016
23.14799999999999,-26.79600000000001
-54.86,1.652000000000009
-17.46399999999999,-16.364
5.723999999999996,-19.212000000000018
1.2680000000000025,-49.608000000000004
33.38399999999999,-29.848000000000006
13.007999999999997,59.104
7.156000000000007,28.167999999999992
25.107999999999997,60.39599999999999
16.564,-2.2400000000000198
38.836000000000006,41.41999999999999
52.97200000000002,8.723999999999975
36.512000000000015,56.57599999999998
-23.96799999999999,17.891999999999996
11.260000000000003,-28.092000000000006
45.61599999999999,5.615999999999999
24.123999999999988,59.724
38.867999999999995,18.691999999999997
-43.63600000000001,-13.99600000000001
35.07599999999999,-23.568
31.763999999999992,-24.004000000000005
-41.7,-6.136000000000008
-35.26799999999999,-2.404000000000006
27.05200000000001,-2.312000000000025
23.907999999999994,-34.21200000000001
-37.952,-13.348000000000004
40.72,43.183999999999976
-8.952000000000005,30.283999999999978
34.592,24.107999999999976
22.956,-31.728000000000012
-34.08,-28.532000000000004
29.867999999999984,3.803999999999985
26.0,-30.496000000000013
27.983999999999988,-24.52000000000001
-57.448,-7.228000000000012
1.8279999999999852,-47.876000000000005
1.6199999999999992,-32.34800000000001
-16.872,22.899999999999988
8.499999999999996,-50.104000000000006
-3.492000000000006,-40.56800000000001
12.196000000000007,-43.900000000000006
5.7479999999999976,-13.412000000000013
-49.488,9.803999999999991
40.14799999999998,37.763999999999996
-14.487999999999989,14.423999999999992
18.944000000000006,-22.744000000000007
5.532000000000004,9.387999999999973
18.808000000000003,-1.0320000000000107
-46.0,-3.9679999999999938
-41.388000000000005,5.191999999999997
-26.764,22.843999999999998
17.747999999999987,-11.624
-55.43600000000001,8.567999999999977
-33.187999999999995,19.540000000000003
-5.767999999999995,24.507999999999974
47.376,24.483999999999995
-21.532000000000007,-33.452000000000005
40.35200000000001,-3.4440000000000026
-37.332,-36.048000000000016
28.983999999999988,-34.452000000000005
41.356000000000016,33.90399999999998
-2.3600000000000065,19.40799999999998
-13.227999999999994,-36.184000000000005
20.048,-24.064000000000007
-32.48399999999999,-2.7320000000000233
-27.132000000000012,-12.456000000000012
-27.779999999999994,-16.088
-46.156000000000006,9.599999999999987
-3.2640000000000002,9.523999999999976
53.36000000000001,3.5760000000000014
22.648000000000003,-32.284
-51.336000000000006,-15.692000000000018
27.004000000000005,-39.23200000000001
-13.115999999999994,0.6000000000000005
-23.312000000000012,-35.66400000000001
-2.8159999999999963,14.651999999999997
-22.055999999999997,-41.124
29.232000000000014,-39.86000000000001
3.656000000000015,6.939999999999991
23.764000000000006,-1.1400000000000077
10.904000000000003,20.835999999999988
-30.14,33.012
7.092000000000009,5.147999999999975
-11.368,-27.544
-31.152,-1.8160000000000176
-8.943999999999996,-1.1800000000000033
25.395999999999997,58.60400000000001
7.072000000000012,9.927999999999981
-37.05199999999999,-23.460000000000015
-20.763999999999992,-4.300000000000015
43.70799999999999,-2.404000000000006
-5.712000000000006,-8.867999999999999
6.732000000000005,6.315999999999988
-18.916,30.796
-3.5560000000000036,28.183999999999987
-18.03999999999999,-36.592
-51.083999999999996,-3.3960000000000212
9.107999999999983,29.243999999999982
-42.752,-14.040000000000008
17.335999999999995,-47.372
27.136000000000003,37.943999999999974
15.176000000000013,28.847999999999985
37.13600000000001,-30.31600000000001
-4.523999999999995,-0.7520000000000193
6.580000000000008,4.0839999999999765
-29.100000000000005,7.527999999999979
19.443999999999996,-19.784000000000002
15.199999999999992,43.632000000000005
27.896000000000008,34.14799999999998
-34.31200000000001,-11.828000000000005
-18.428,9.107999999999983
52.004000000000005,8.163999999999994
-27.556000000000004,-19.332000000000015
-24.192000000000004,16.876
-29.55200000000001,10.559999999999992
3.3239999999999936,-28.104000000000006
-33.772000000000006,1.3799999999999812
-31.81200000000001,18.847999999999978
7.708000000000004,19.551999999999992
-19.663999999999994,-17.50400000000001
10.831999999999997,7.9439999999999955
41.26399999999999,14.491999999999994
20.092,-20.948
17.68799999999999,-1.0480000000000045
-5.696000000000012,-11.772000000000016
-2.063999999999999,10.456
-1.9239999999999924,20.516000000000002
27.072000000000006,-47.64000000000001
-10.787999999999997,-11.580000000000013
36.675999999999995,-4.7960000000000225
-7.928000000000002,-22.160000000000014
27.872000000000007,64.924
-15.107999999999988,-17.836000000000006
-23.427999999999994,27.25199999999999
26.92000000000001,64.62799999999997
-53.791999999999994,0.19599999999999618
-36.44799999999999,4.031999999999991
-24.74799999999999,28.779999999999983
37.13600000000001,47.88399999999999
-5.732000000000004,-14.36400000000001
-20.223999999999997,-29.08400000000001
-19.443999999999996,17.967999999999982
47.36799999999999,4.411999999999994
5.540000000000012,-27.604000000000006
27.908,9.243999999999986
-58.992,3.492000000000006
46.208000000000006,36.40799999999997
-21.452000000000005,28.823999999999984
45.22400000000002,26.02399999999998
-45.772,-12.224000000000002
14.144000000000002,0.7839999999999847
2.212000000000014,-23.41200000000002
8.007999999999992,-36.93200000000001
-55.14,10.875999999999998
36.739999999999995,6.655999999999995
-22.152000000000005,17.867999999999974
-42.36,-2.404000000000006
10.240000000000006,-10.576000000000008
10.15600000000001,15.931999999999992
-13.292000000000016,13.915999999999995
1.5720000000000178,11.143999999999977
45.912,5.043999999999982
31.304,-7.320000000000015
27.268000000000004,19.95199999999999
-49.608,10.723999999999979
-44.456,14.56799999999998
-3.3400000000000096,-23.668
-55.736000000000004,16.615999999999985
51.94000000000001,13.123999999999981
-37.608,-6.752000000000025
-36.33200000000001,12.212
-39.623999999999995,31.332000000000004
1.7160000000000064,17.90799999999999
4.007999999999989,18.92799999999999
47.10000000000001,35.84799999999999
-13.040000000000006,15.091999999999995
51.23200000000001,5.235999999999996
11.912000000000011,-3.8680000000000048
-31.243999999999993,2.4279999999999857
-31.063999999999993,1.0319999999999885
6.435999999999997,-41.98400000000001
-20.604,13.815999999999985
34.42799999999999,2.3760000000000003
-35.52799999999999,-37.58800000000001
-53.327999999999996,19.551999999999992
30.616,-23.380000000000013
23.248,-32.22800000000001
0.08399999999999519,-30.752000000000013
52.94799999999999,16.179999999999993
46.14799999999999,10.719999999999995
35.192,-10.332000000000019
16.35200000000001,24.672000000000004
23.883999999999993,-8.12400000000001
38.456,-31.244000000000007
41.21600000000001,27.0
-49.983999999999995,18.052
-12.22000000000001,-29.988000000000014
-42.672,-3.6960000000000104
17.500000000000004,-48.02800000000001
19.232000000000006,-44.308000000000014
2.7920000000000167,-21.296000000000014
-4.84,-1.7360000000000042
-25.78,32.787999999999975
38.992000000000004,22.496000000000006
-42.86800000000001,-32.77200000000001
47.61599999999999,24.05599999999999
39.947999999999986,32.62399999999999
34.53600000000001,3.0359999999999943
26.756,-24.97600000000001
42.75200000000001,-3.9240000000000164
-40.44800000000001,21.82799999999998
39.99999999999999,-5.464000000000002
13.324000000000002,61.64799999999999
26.903999999999996,65.868
33.972,-20.467999999999996
20.883999999999993,-15.072000000000019
43.77600000000002,-16.388
-23.239999999999995,27.967999999999993
-42.208,-33.76000000000001
-20.21999999999999,-43.432
-30.743999999999993,35.632
-0.8320000000000105,12.291999999999991
6.512000000000007,-0.6040000000000045
-37.4,-14.680000000000003
-15.300000000000002,-41.62000000000001
-41.31199999999999,3.263999999999978
30.11999999999999,0.9839999999999849
-11.763999999999996,-1.992000000000016
-20.096000000000004,13.743999999999978
15.052,-2.088000000000001
19.432000000000006,4.512000000000005
30.684,44.452000000000005
38.42000000000001,40.38799999999998
28.259999999999998,-35.65600000000001
-28.22,-2.4600000000000177
-39.596,-6.508000000000003
-18.387999999999984,0.48799999999997734
-27.443999999999992,11.792000000000002
-1.527999999999996,-16.02000000000001
-37.6,-28.500000000000014
10.636000000000001,8.943999999999996
11.827999999999994,8.167999999999974
35.684000000000005,5.127999999999977
23.372000000000014,-35.16400000000001
-3.5639999999999894,5.591999999999997
-30.799999999999994,-32.144000000000005
-4.844000000000004,-25.036000000000016
2.1160000000000068,18.232000000000003
-0.7639999999999869,10.031999999999996
48.672000000000004,12.216000000000005
-33.540000000000006,12.52399999999998
-19.487999999999992,-7.516000000000012
39.13200000000001,37.163999999999994
9.152000000000005,-34.68800000000001
15.892000000000017,-6.256000000000017
-4.092000000000007,-8.172000000000013
-16.99600000000001,-10.196000000000016
11.768,4.227999999999987
-8.516000000000012,-9.02400000000001
22.916000000000004,9.152000000000005
25.167999999999992,37.30399999999998
-25.46799999999999,30.156000000000006
-49.29600000000001,-4.21600000000002
32.04,34.763999999999996
35.00399999999999,24.663999999999998
-20.616,-40.004000000000005
-14.003999999999994,2.536000000000005
-47.90800000000001,26.04399999999998
10.655999999999999,12.711999999999989
35.992000000000004,11.115999999999993
22.428000000000004,0.35199999999999676
33.519999999999996,33.30399999999998
-38.4,9.187999999999974
-38.208,-26.592000000000006
-45.36399999999999,-28.04000000000001
-12.392000000000003,-37.30000000000001
26.723999999999993,17.867999999999974
-12.42399999999999,-32.51200000000001
38.24000000000001,-14.936000000000016
-54.728,11.22399999999999
-1.2880000000000003,-29.30800000000001
51.64,-6.19200000000002
-40.384,4.1999999999999815
35.675999999999995,14.995999999999988
-13.139999999999997,-3.820000000000001
-20.79200000000001,-7.64800000000001
-38.42399999999999,-29.856000000000016
-22.44799999999999,-23.97600000000001
-33.352000000000004,-24.63200000000002
28.127999999999997,-29.756000000000014
30.747999999999998,-43.652
-47.87199999999999,-9.288000000000007
31.635999999999996,-39.35200000000001
29.56000000000001,-34.192000000000014
36.55600000000001,-23.680000000000014
12.527999999999984,-34.620000000000005
22.228,-1.7079999999999984
31.552000000000003,-21.120000000000005
-1.4560000000000128,-42.69600000000001
21.907999999999994,16.215999999999987
15.027999999999997,25.52399999999999
16.75200000000001,-19.272000000000013
44.28000000000001,6.475999999999993
-29.523999999999994,-13.460000000000004
-20.263999999999992,12.75599999999999
8.023999999999987,4.787999999999992
-25.616000000000007,-28.344
-37.92,22.252000000000006
-38.151999999999994,-23.41200000000002
-46.611999999999995,-25.804000000000006
-23.052000000000007,-37.000000000000014
36.08,31.227999999999987
27.279999999999994,-26.624000000000002
35.976000000000006,37.856
-37.571999999999996,-11.620000000000008
29.20799999999999,-40.56800000000001
-16.440000000000012,-2.288000000000001
49.94400000000001,-6.236000000000019
-18.460000000000008,-36.292
41.164,22.01599999999999
-15.327999999999985,26.356
26.736000000000004,-1.1079999999999979
-1.2440000000000007,-45.576000000000015
40.43600000000001,56.352000000000004
1.7320000000000002,15.407999999999976
-14.080000000000004,27.63199999999999
-21.267999999999986,7.572000000000001
35.40399999999999,45.73199999999999
-3.723999999999994,-4.9120000000000275
50.94799999999999,8.95999999999999
-41.279999999999994,26.687999999999978
22.268,21.82799999999998
-16.216000000000008,8.596000000000004
-16.883999999999986,-14.280000000000005
33.948,-3.516000000000008
-28.776000000000003,-7.964000000000004
-42.496,2.403999999999984
-12.596000000000007,22.683999999999994
-42.476,20.62799999999998
47.52799999999999,22.571999999999992
42.812000000000005,6.087999999999982
1.4639999999999986,-35.07600000000002
-38.72,18.00799999999998
6.215999999999999,-45.89200000000001
-19.587999999999994,4.859999999999998
12.831999999999999,-27.388000000000012
-14.592000000000006,-37.15200000000001
-3.288000000000002,26.512
-2.288000000000001,-50.93200000000001
-25.063999999999997,-38.488000000000014
19.663999999999994,18.771999999999988
-33.68,-26.700000000000014
-49.919999999999995,-5.624000000000007
23.903999999999993,30.823999999999984
-36.78799999999999,-1.6040000000000054
-13.871999999999996,7.312000000000007
6.632000000000016,-16.220000000000013
-39.576,-20.024000000000008
7.9439999999999955,-15.880000000000006
12.456,26.652000000000008
-41.379999999999995,27.736000000000004
46.10000000000001,6.135999999999986
32.69600000000001,7.8199999999999825
33.45200000000001,47.292
-28.464,14.603999999999996
33.98000000000001,33.64799999999999
34.768,-22.020000000000007
19.087999999999994,24.575999999999997
-11.447999999999992,29.996000000000002
16.372000000000007,64.71599999999998
49.21200000000001,19.267999999999972
9.620000000000006,9.803999999999991
-27.864,9.179999999999989
10.840000000000005,-16.188000000000002
-35.5,8.48399999999998
-42.496,-14.544
-40.24399999999999,12.363999999999997
15.135999999999994,56.73599999999999
-10.924,15.41999999999999
2.4720000000000075,-9.596000000000016
-43.684,-22.987999999999996
-9.452000000000016,-1.6360000000000152
-6.152000000000002,-13.192000000000014
-10.011999999999999,-38.08000000000001
-43.448,-0.8480000000000043
-50.656,-4.21600000000002
27.916000000000007,-32.34400000000001
42.872,12.76799999999998
49.695999999999984,15.259999999999984
9.432000000000018,59.07199999999999
1.7840000000000078,-51.716000000000015
-21.58,-14.856000000000014
-7.040000000000002,-38.368000000000016
-25.480000000000004,27.752
-32.436,-12.304000000000004
21.199999999999996,-5.224000000000006
24.74399999999999,49.987999999999985
-50.44800000000001,-5.448000000000008
6.284000000000001,1.971999999999996
-43.163999999999994,31.231999999999992
-13.62000000000001,28.823999999999984
51.59200000000001,24.692000000000004
-1.1039999999999939,-50.92000000000001
19.81600000000001,5.559999999999987
-9.983999999999993,-1.2839999999999963
26.556,-28.756000000000014
5.200000000000005,16.291999999999994
4.167999999999994,-42.864000000000004
-42.66,-22.556000000000008
43.14,4.667999999999983
11.447999999999992,-26.600000000000012
-26.375999999999998,-36.36800000000001
13.807999999999998,-23.076000000000008
-7.06,-29.544000000000004
25.103999999999992,-5.824000000000007
29.89600000000001,15.667999999999992
-36.86000000000001,9.511999999999986
48.239999999999995,-1.7400000000000082
19.472,61.227999999999994
-16.671999999999997,34.42799999999999
-46.57600000000001,12.487999999999989
24.07999999999999,-29.05200000000001
-10.196000000000005,-38.62000000000001
9.079999999999998,-23.928000000000004
19.936,16.852
-10.44799999999999,30.991999999999997
35.80399999999999,20.643999999999995
-32.38399999999999,15.296
12.324000000000002,29.123999999999995
-17.604,-40.076000000000015
50.83200000000001,8.075999999999993
-7.796000000000003,-34.584
24.536,25.099999999999987
0.8159999999999945,-13.024000000000003
21.10000000000001,-43.2
38.696,49.20399999999998
-16.21999999999999,-4.967999999999995
16.359999999999996,-13.860000000000007
1.316000000000006,11.659999999999982
36.73600000000001,-18.208000000000002
-39.44800000000001,-23.960000000000015
-20.476000000000006,-7.140000000000013
37.232,-23.696000000000016
-27.916000000000007,-37.30800000000001
-30.83600000000001,-26.55200000000001
-28.856000000000005,14.123999999999981
32.568,9.839999999999982
21.36,-12.75600000000001
6.3120000000000065,-52.75200000000001
-4.580000000000006,-7.120000000000015
42.788000000000004,14.467999999999993
-3.167999999999993,-31.924000000000007
24.839999999999996,-23.05600000000001
8.719999999999995,27.459999999999994
44.61999999999999,-14.627999999999997
-49.583999999999996,21.560000000000002
40.90799999999999,-1.4800000000000146
12.684000000000006,26.064
9.211999999999998,-26.23200000000001
36.544,50.56799999999999
-7.583999999999991,-20.896000000000015
-13.515999999999995,-37.16800000000001
-5.832000000000015,-1.4920000000000266
8.684000000000003,22.47999999999999
8.064000000000004,11.53599999999999
28.696000000000012,-40.748000000000005
-25.227999999999994,-23.672000000000015
26.32000000000001,23.52399999999999
5.9800000000000075,29.403999999999986
-5.7439999999999936,-13.788
-21.007999999999992,-24.71200000000001
-8.22799999999999,-43.300000000000004
-2.635999999999994,-12.620000000000008
-5.20799999999999,-44.34800000000001
18.132000000000016,-15.804000000000007
24.444,1.519999999999988
14.592000000000006,-9.916000000000015
-17.091999999999995,-4.1240000000000165
31.308000000000003,43.272
0.7879999999999887,17.123999999999985
12.57600000000001,-21.16000000000001
46.01599999999999,17.239999999999988
-20.91200000000001,-32.04000000000001
30.264000000000003,-42.95200000000001
-56.111999999999995,13.959999999999994
-10.996000000000006,12.939999999999996
-23.227999999999994,-16.360000000000007
22.05999999999999,42.48799999999999
12.952000000000009,27.059999999999995
14.77600000000001,-38.044
3.2479999999999842,7.335999999999987
-25.416000000000004,5.387999999999993
15.883999999999986,-33.51600000000001
-15.008,8.48399999999998
29.699999999999992,29.82799999999999
-47.316,14.867999999999991
-18.516,-19.36000000000001
52.24799999999998,26.06799999999998
-47.62,6.572
-8.46,-23.536000000000012
-30.07200000000001,-29.996000000000013
-16.92,15.652
6.167999999999996,27.791999999999994
-42.724,19.63999999999999
-56.184,2.42
21.972000000000016,21.299999999999986
6.659999999999999,11.012
23.392000000000014,-37.180000000000014
21.396000000000015,-15.87200000000002
20.019999999999992,-42.652000000000015
32.952000000000005,21.663999999999994
11.807999999999996,-14.412000000000013
-33.46799999999999,11.887999999999987
-39.848000000000006,21.912
31.356000000000005,-37.784000000000006
-57.416,-2.4480000000000057
39.10799999999999,-17.89600000000001
-34.916000000000004,-26.068000000000012
38.57999999999999,-21.03600000000001
-0.9160000000000057,-20.908000000000005
16.356000000000016,26.84399999999998
2.8040000000000065,-18.69200000000002
-6.103999999999998,4.712000000000005
27.207999999999988,-21.240000000000016
-19.823999999999998,-20.68000000000001
51.532,0.47599999999998754
-38.944,-9.164000000000005
43.576000000000015,53.48
-4.532000000000003,-29.844000000000005
-44.96,-6.852000000000014
4.064000000000001,-25.956000000000014
-50.916000000000004,26.536000000000005
-23.963999999999995,-31.196000000000012
-5.692000000000008,-7.420000000000004
-9.187999999999995,-19.344000000000005
-21.323999999999998,11.891999999999992
-7.187999999999994,-39.94800000000001
-3.5920000000000174,-43.264
43.276,3.5760000000000014
-8.867999999999988,-39.592000000000006
43.724000000000004,26.86799999999998
9.275999999999996,-14.89600000000001
15.579999999999995,61.84400000000001
-2.9239999999999933,-21.848
1.6760000000000108,27.431999999999988
34.484,20.232000000000006
41.232,45.263999999999996
-9.323999999999998,-31.41600000000001
-18.276000000000003,-27.26400000000001
38.564,-22.20000000000001
-52.368,-13.696000000000009
-30.59200000000001,18.867999999999974
26.312,37.33599999999999
1.9439999999999902,-34.78000000000001
-17.975999999999992,25.195999999999998
-30.336000000000006,33.691999999999986
-46.204,-7.6079999999999925
17.856000000000005,40.45999999999999
-13.663999999999987,7.791999999999999
-31.743999999999993,-19.448
17.01999999999999,0.6399999999999961
-49.38,-8.596000000000014
27.09600000000001,-35.772000000000006
18.784,-33.656000000000006
-1.3560000000000016,-3.068000000000004
-34.33200000000001,-28.03200000000001
-15.732000000000014,-41.12800000000001
-10.831999999999997,21.175999999999995
9.176000000000005,2.859999999999996
-33.544,-37.41200000000001
15.527999999999986,15.879999999999983
-43.476000000000006,17.427999999999976
34.887999999999984,28.58399999999999
34.89200000000001,-26.52000000000001
25.547999999999995,42.06399999999999
-26.97200000000001,11.427999999999994
34.504000000000005,-23.20000000000001
-55.752,-7.796000000000014
45.92,9.299999999999997
31.391999999999996,-16.856000000000016
-50.007999999999996,-1.9720000000000182
-14.17600000000001,-40.144000000000005
-32.48799999999999,0.24799999999998157
40.48399999999999,6.53999999999999
-49.71600000000001,-29.39600000000001
-25.959999999999994,12.431999999999999
-15.463999999999988,-6.387999999999994
31.655999999999995,26.803999999999984
-13.368000000000002,-12.204000000000004
-41.94,-28.124000000000006
53.45200000000001,6.431999999999993
7.484000000000002,24.892000000000003
-8.22799999999999,15.53199999999999
21.676000000000005,36.787999999999975
17.867999999999995,10.97999999999999
-50.356,14.475999999999999
-2.6040000000000063,-48.128000000000014
-5.991999999999997,19.423999999999996
31.956000000000007,-10.267999999999999
-22.919999999999995,-9.448
0.25999999999999357,-8.648
-8.867999999999988,10.439999999999984
27.167999999999992,-3.3520000000000216
28.432000000000013,9.419999999999984
47.8,13.003999999999994
49.364000000000004,31.435999999999996
23.067999999999998,40.88799999999999
-55.284,4.063999999999979
29.87200000000001,-19.180000000000007
14.06799999999999,0.08399999999999519
6.215999999999999,-30.30400000000001
-50.751999999999995,7.967999999999975
-42.152,-25.348000000000003
-41.676,-12.596000000000018
3.9080000000000004,5.835999999999997
15.592000000000006,8.291999999999987
-12.22000000000001,19.71999999999998
16.08799999999999,-12.116000000000016
-43.492,-17.624000000000006
27.97200000000002,11.175999999999986
35.412,26.927999999999976
-38.12,-20.984
19.21999999999999,49.55199999999999
-14.471999999999996,-7.532000000000005
-6.767999999999996,-28.500000000000014
-52.86,-24.50000000000001
-5.099999999999993,0.7839999999999847
-11.372000000000003,-32.40400000000001
11.275999999999996,22.54799999999999
-31.747999999999987,-9.996000000000016
3.1039999999999957,-23.83200000000002
-7.087999999999983,16.867999999999995
28.712000000000003,-12.368000000000002
-15.947999999999984,-44.76800000000001
-33.4,-20.09200000000002
10.783999999999994,15.923999999999982
40.568000000000005,-5.564000000000013
-43.66799999999999,9.619999999999983
-35.27600000000001,34.68799999999999
-21.68,17.83999999999999
14.147999999999982,63.804000000000016
-18.507999999999992,-25.588
-25.152000000000008,10.275999999999996
37.48400000000001,40.94399999999998
-29.020000000000003,-36.36800000000001
2.7079999999999993,-49.64000000000001
-27.80799999999999,5.623999999999985
30.499999999999993,55.55999999999999
32.22400000000001,46.323999999999984
13.003999999999994,-18.024000000000008
-41.468,17.13199999999999
-14.19999999999999,31.535999999999987
47.61599999999999,35.50799999999998
-13.919999999999998,-4.316000000000009
-10.260000000000002,25.547999999999995
-28.284,-26.092000000000006
-35.864,13.667999999999992
31.259999999999998,51.783999999999985
-31.020000000000003,-22.872000000000014
46.61599999999999,2.3760000000000003
-41.64,-4.1080000000000005
47.62,-10.792000000000012
18.263999999999992,-12.368000000000002
-5.703999999999998,-17.564
-47.992000000000004,8.303999999999977
12.280000000000001,-9.620000000000006
12.660000000000004,-19.200000000000006
-15.364,13.759999999999994
12.427999999999994,-26.53200000000001
-16.964000000000002,-25.93200000000001
-12.324000000000002,6.991999999999998
-39.236000000000004,15.895999999999999
20.303999999999988,-9.256000000000009
25.912000000000003,-34.900000000000006
29.64,26.971999999999994
-43.48800000000001,0.33999999999998476
17.047999999999995,-25.028000000000006
30.991999999999997,34.14799999999998
-19.499999999999996,13.547999999999982
3.7879999999999914,10.763999999999996
3.4720000000000084,14.783999999999997
-51.4,15.007999999999978
15.30799999999999,-13.888
-48.443999999999996,12.675999999999998
-31.236000000000008,11.52399999999998
53.07200000000001,15.583999999999998
15.75200000000001,-34.49200000000001
-40.232,22.287999999999975
22.599999999999998,11.155999999999988
29.508000000000003,63.08799999999999
-14.260000000000005,17.771999999999988
-34.855999999999995,25.915999999999983
-33.436,4.0999999999999925
44.164,13.059999999999983
14.707999999999988,63.427999999999976
25.839999999999996,-9.092000000000011
32.75600000000001,45.18399999999998
30.664,11.519999999999996
-40.343999999999994,28.132
-16.623999999999995,-7.672000000000012
-28.032,-14.500000000000012
-18.947999999999986,-11.180000000000012
34.64,21.892
-25.012,-22.028000000000002
-25.8,9.23999999999998
-7.347999999999999,-9.572000000000013
36.27200000000001,12.207999999999974
2.3760000000000003,-6.296000000000013
-45.692,-5.607999999999991
24.659999999999993,-2.0520000000000094
28.696000000000012,4.239999999999999
25.703999999999994,31.532000000000004
-5.615999999999999,-5.192000000000019
16.915999999999997,51.96799999999999
-8.252000000000015,-26.260000000000005
2.088000000000001,-12.056000000000012
6.459999999999999,-13.55200000000002
11.803999999999991,29.14399999999999
43.58800000000001,5.512000000000006
43.087999999999994,7.875999999999994
31.267999999999986,-6.7720000000000224
14.012000000000002,-22.324000000000012
-47.916000000000004,-13.307999999999998
7.464000000000004,9.175999999999984
46.70000000000001,-4.080000000000017
-5.867999999999984,-4.18400000000001
-17.460000000000008,-8.53600000000001
23.052000000000007,-36.592
-11.94799999999998,20.212000000000007
-12.431999999999999,29.183999999999987
-28.864,-21.908000000000005
39.036,24.736000000000004
32.62399999999999,14.31199999999999
32.076000000000015,-33.20000000000001
-19.340000000000003,-4.280000000000017
-47.092,-6.232000000000015
-15.576000000000011,-39.91600000000002
10.992,-26.312
-53.188,-11.84400000000001
-56.46,-8.588000000000006
17.54,-6.572000000000022
38.28799999999999,-18.012000000000018
26.195999999999998,4.611999999999994
42.04000000000001,-7.084000000000001
-49.852,10.236
-3.6920000000000064,-21.11200000000002
10.504000000000001,-2.648000000000006
49.492000000000004,27.692000000000007
32.044000000000004,38.103999999999985
-52.132,-21.780000000000012
-34.14,-6.072000000000011
-23.107999999999997,18.37599999999999
-27.959999999999997,3.752
16.904000000000007,59.69199999999999
-1.0359999999999925,11.752000000000006
22.94799999999999,-18.988000000000007
10.924,-6.688000000000005
-44.663999999999994,23.055999999999987
-17.57200000000001,-7.424000000000008
-35.419999999999995,13.535999999999992
-10.88,25.615999999999993
-58.95199999999999,10.572000000000003
-39.876,15.883999999999986
-1.2639999999999985,-2.4960000000000093
-29.57200000000001,-0.9360000000000035
-45.476000000000006,13.727999999999984
-41.908,13.24399999999999
14.260000000000005,-21.71600000000001
37.51599999999999,36.41999999999999
44.492,17.28399999999999
-16.876,-30.256000000000014
-31.67200000000001,10.10399999999998
26.083999999999996,-35.84400000000001
-25.063999999999997,-30.024000000000008
26.632000000000012,-21.648
-46.56,13.06799999999999
0.07999999999999119,-43.12400000000001
2.8799999999999937,21.755999999999997
-47.540000000000006,-5.888000000000004
9.948,0.48799999999997734
-39.932,-10.812000000000022
-1.9279999999999964,3.532000000000002
26.412000000000013,53.579999999999984
-23.744,21.127999999999993
-8.079999999999998,-10.416000000000015
-0.23200000000000998,-6.240000000000001
17.608,23.483999999999995
-26.727999999999994,-24.096000000000018
18.17200000000001,-9.344000000000008
-45.163999999999994,-20.008000000000003
-33.072,18.167999999999985
8.400000000000007,25.083999999999996
11.939999999999994,-31.58000000000001
35.436,17.379999999999995
-10.872000000000014,-1.1640000000000095
-17.232000000000003,-6.787999999999994
-56.508,16.267999999999994
31.191999999999997,-17.400000000000006
-20.31200000000001,-41.66800000000001
-50.088,5.187999999999993
25.03200000000001,-28.788000000000014
20.964000000000006,15.323999999999982
19.12799999999999,-10.652000000000017
18.896,63.70400000000001
-30.287999999999993,-36.96
12.372000000000005,17.16399999999998
-7.200000000000006,-34.796000000000014
20.896000000000004,55.08
-46.936,19.68399999999999
-40.983999999999995,-32.884
-39.495999999999995,-20.900000000000006
-54.812,15.139999999999997
21.272000000000002,-42.7
29.683999999999997,-46.83200000000001
-2.6799999999999935,-20.496000000000013
28.74000000000001,56.41999999999998
34.07599999999999,-7.23600000000002
-6.272000000000011,-39.57200000000001
29.235999999999997,-16.536000000000016
-17.828,2.7839999999999865
15.84000000000001,3.932000000000002
-3.059999999999996,-33.82000000000001
-32.25600000000001,28.112000000000002
-25.044,-28.412000000000003
32.31600000000001,-1.1320000000000219
20.755999999999997,35.05999999999998
32.60799999999999,-21.07600000000002
-6.728000000000001,-15.380000000000004
-5.296000000000012,13.827999999999975
-54.26800000000001,2.8639999999999777
27.184000000000008,21.963999999999984
-34.199999999999996,15.052
-24.16799999999999,-1.772000000000018
-24.380000000000003,30.423999999999985
1.2799999999999923,29.60799999999999
23.10000000000001,-11.320000000000007
7.207999999999992,-0.16800000000001258
-27.296,12.792000000000003
-40.856,-9.696000000000016
27.792000000000016,14.423999999999992
-16.720000000000002,24.0
-48.016000000000005,4.072000000000009
-57.967999999999996,4.135999999999984
-14.79600000000001,2.3159999999999847
19.544000000000004,-28.56000000000001
-5.763999999999991,-2.0080000000000098
32.236,-17.612000000000016
-0.08799999999999919,25.22399999999998
6.923999999999997,-14.188
19.152000000000015,0.8239999999999803
51.89999999999999,19.46399999999999
-17.091999999999995,-15.880000000000006
17.008000000000003,-4.3239999999999945
-42.004,17.59599999999999
18.764000000000003,63.195999999999984
-28.456000000000003,3.295999999999988
17.159999999999997,-41.83600000000002
14.976000000000012,-16.808
11.664000000000009,10.187999999999974
-18.703999999999986,-0.30799999999999716
29.29200000000001,-21.13200000000002
41.872,-10.328000000000003
7.416,-10.784000000000004
21.14799999999999,2.2599999999999953
13.087999999999989,-26.140000000000008
50.596,-3.6880000000000024
-22.536,20.987999999999985
-28.195999999999998,9.932000000000007
-13.063999999999986,-23.784000000000006
-2.7679999999999927,-1.1200000000000099
-6.1839999999999895,-40.212
16.564,58.83599999999998
25.992000000000015,3.932000000000002
35.25200000000002,6.651999999999991
25.45600000000001,-23.94400000000001
-28.367999999999995,31.611999999999995
41.93599999999999,8.719999999999995
4.4440000000000035,-3.9760000000000018
-38.151999999999994,10.236
49.53599999999998,3.0119999999999925
34.58000000000001,15.179999999999993
15.147999999999984,-25.076000000000008
-51.99199999999999,-17.952000000000012
-18.852000000000004,-8.316000000000013
14.188,-36.996000000000016
44.048,6.0719999999999885
-53.588,12.315999999999994
-3.7639999999999896,19.119999999999983
8.956000000000008,57.752
50.56799999999999,22.023999999999976
-53.71600000000001,16.127999999999986
37.904,-20.252000000000013
-13.992000000000004,24.947999999999993
-32.36399999999999,-29.332
33.067999999999984,40.95599999999999
-0.8680000000000021,5.623999999999985
3.703999999999996,23.347999999999992
45.51200000000002,35.93599999999999
32.64,-2.1760000000000224
-25.82,-28.944000000000003
-5.640000000000001,-26.668000000000013
41.66799999999999,-15.100000000000014
29.908,45.08799999999997
-29.512000000000004,3.583999999999987
-50.356,-0.9400000000000075
-27.812000000000005,-13.607999999999997
17.167999999999985,-29.09600000000001
-55.41199999999999,-15.548000000000005
-21.907999999999994,-40.644000000000005
40.260000000000005,-0.052000000000007596
-21.504,-18.428
-35.824,-32.84800000000001
-56.379999999999995,11.62399999999999
-29.876,17.983999999999977
-54.24,1.3959999999999972
24.932,-42.488000000000014
47.86400000000002,24.44799999999998
7.8279999999999905,27.336000000000006
17.984,7.667999999999986
-25.36799999999999,-9.504000000000001
-53.400000000000006,21.19199999999999
17.30400000000001,-3.7840000000000096
-48.524,-21.848
1.312000000000002,-4.052000000000011
-20.49200000000001,27.80799999999999
-23.824,-32.71600000000001
-24.080000000000002,9.863999999999983
23.019999999999996,-16.84000000000001
-13.915999999999995,-7.820000000000005
6.896000000000013,-25.760000000000005
1.963999999999988,13.851999999999997
-28.603999999999996,-36.65200000000001
42.36,7.159999999999989
28.536000000000005,-22.360000000000014
-0.9439999999999893,-47.02
-48.46,16.783999999999978
-24.147999999999993,-40.43200000000001
17.555999999999994,0.25599999999998957
3.432000000000013,-5.02800000000001
2.0000000000000018,0.9599999999999831
-41.656000000000006,-8.888000000000007
24.78799999999999,-32.464000000000006
-19.604,0.41199999999999015
34.51200000000001,-25.596000000000007
-12.020000000000008,-35.108000000000004
-24.616000000000003,-20.06000000000001
44.75599999999999,11.315999999999992
-26.112000000000002,22.672000000000004
-54.872,5.712000000000006
-8.043999999999984,23.607999999999983
39.86399999999999,17.75199999999999
46.46400000000001,-10.360000000000014
-21.44799999999999,1.6639999999999766
48.25999999999999,39.715999999999994
-37.512,21.736
27.576,21.583999999999982
-2.180000000000004,9.339999999999993
-56.924,-6.99200000000002
-11.272000000000016,-0.0920000000000254
43.48799999999999,30.58399999999999
27.395999999999997,-48.120000000000005
39.76,8.523999999999997
17.935999999999996,12.152000000000008
42.883999999999986,-13.792000000000016
-34.98,-28.812000000000005
-32.06,-5.620000000000003
31.803999999999988,3.3439999999999914
19.052000000000003,-50.88400000000001
-22.452000000000005,-43.144000000000005
17.935999999999996,56.69599999999997
-14.671999999999997,-27.756000000000014
18.872,-17.812000000000015
-42.984,-9.840000000000003
-39.208,-20.432000000000016
-4.152,-16.988000000000003
-19.456000000000007,7.86
8.616000000000001,28.799999999999983
40.232,-7.176000000000005
-28.24,15.155999999999992
-33.11200000000001,13.236000000000004
-5.07200000000001,14.495999999999999
-38.112,-21.85600000000001
55.115999999999985,31.743999999999993
-31.20799999999999,3.8720000000000088
8.16000000000001,-22.348000000000003
1.4680000000000026,30.171999999999997
-1.6079999999999872,21.555999999999997
9.752000000000006,12.115999999999993
-34.007999999999996,-30.584
-53.968,-13.164000000000009
-27.076,-32.99200000000001
17.712000000000018,19.696
4.052000000000011,-6.196000000000024
28.49600000000001,11.651999999999996
-9.123999999999999,23.951999999999995
29.343999999999994,-18.460000000000008
25.039999999999996,9.416000000000002
23.248,29.776000000000003
19.764000000000003,50.94399999999999
4.87200000000001,-0.32400000000001317
35.42399999999999,-19.300000000000004
13.803999999999995,-15.356000000000014
27.888,-38.548000000000016
48.16400000000001,34.275999999999996
34.372,35.76799999999998
-32.052,0.6239999999999801
-6.503999999999999,-25.712000000000014
-46.943999999999996,-16.688000000000002
-8.743999999999996,-31.276000000000014
-34.51200000000001,-19.112000000000016
14.924000000000003,-5.108000000000001
-15.423999999999992,-38.96000000000001
19.52799999999999,-5.856000000000017
16.376000000000012,52.215999999999994
2.9279999999999973,-4.652000000000012
11.016000000000004,23.995999999999995
47.152000000000015,23.052000000000007
20.092,8.375999999999983
-24.007999999999996,-21.196000000000016
-56.496,3.815999999999997
8.832000000000019,-47.66800000000001
16.544000000000004,25.23599999999999
1.6639999999999988,14.772000000000007
-11.748000000000003,-22.387999999999998
10.543999999999997,21.387999999999984
11.423999999999989,17.94399999999998
15.315999999999995,63.25599999999998
-4.756000000000005,-33.572
21.644,60.97999999999999
12.256,5.883999999999978
2.3679999999999923,-26.97200000000001
30.983999999999988,15.48799999999999
0.21599999999999397,13.719999999999999
40.92,21.219999999999995
-20.716,7.135999999999987
-20.12799999999999,20.843999999999994
-49.024,4.7679999999999945
45.79200000000001,24.736000000000004
-14.440000000000008,-1.5479999999999938
-37.448,-15.912000000000015
-47.455999999999996,17.243999999999993
10.792000000000002,16.527999999999988
-9.95600000000001,15.091999999999995
35.792,53.552
-33.304,-22.128000000000004
51.672000000000004,20.351999999999993
11.292000000000012,18.623999999999995
15.379999999999994,7.767999999999975
-18.81600000000001,19.259999999999987
5.267999999999984,-10.612000000000021
40.57200000000001,-14.816000000000018
7.896000000000014,-44.856000000000016
2.307999999999999,7.763999999999993
-42.356,-5.172000000000021
-24.860000000000003,16.599999999999994
-17.691999999999997,16.50799999999999
-38.18,12.867999999999991
10.82399999999999,19.931999999999995
17.764000000000003,-19.88000000000001
-50.32399999999999,9.183999999999992
-24.316000000000003,-2.2560000000000136
20.604,-46.56800000000001
-15.112000000000014,-45.37600000000002
6.5239999999999965,15.579999999999995
-13.504000000000005,-15.836000000000016
29.044000000000004,-19.976000000000017
28.352,3.5359999999999836
30.76000000000001,-9.908000000000005
-28.847999999999995,-2.2800000000000153
-46.568,6.4159999999999995
30.756000000000007,54.54799999999997
16.28399999999999,63.04400000000001
-41.484,-3.0480000000000063
-17.83999999999999,-38.90800000000001
-15.032,-35.16800000000001
-30.37200000000001,-9.876000000000019
3.747999999999996,-24.087999999999997
20.984,64.32
-53.51199999999999,-0.32000000000000917
-7.072000000000012,-40.764
35.596000000000004,0.7279999999999731
38.42000000000001,4.7760000000000025
-0.12799999999999478,-46.02400000000001
-25.464,-34.896000000000015
-43.692,-17.024000000000004
-46.596000000000004,2.9079999999999773
-9.943999999999997,14.471999999999996
41.68399999999999,30.14399999999999
22.004,23.067999999999977
-3.3279999999999976,10.095999999999993
-57.35199999999999,-9.864000000000006
43.848,35.75999999999999
-34.0,18.916
27.760000000000005,-25.00000000000001
-39.300000000000004,-12.112000000000013
-16.759999999999998,-45.412000000000006
16.683999999999987,-50.70400000000001
36.02399999999999,42.679999999999986
14.207999999999998,-29.908000000000012
18.203999999999997,52.839999999999996
-29.656000000000006,-1.5679999999999916
39.356000000000016,-18.82400000000001
0.49600000000000755,-37.93200000000001
-10.948000000000002,8.312000000000008
16.1,-17.427999999999997
-45.604,9.955999999999987
11.231999999999998,24.843999999999976
26.456000000000014,-25.540000000000006
-27.580000000000005,6.659999999999999
-21.052000000000003,3.2439999999999802
49.50400000000001,3.6479999999999846
-36.40399999999999,-29.64000000000001
31.743999999999993,-17.964000000000002
2.7920000000000167,-36.90000000000001
-26.836000000000006,-11.152000000000017
-40.996,-25.66400000000001
-54.812,-15.648000000000007
-9.539999999999992,-8.567999999999998
10.847999999999992,-1.8160000000000176
46.704000000000015,10.867999999999988
55.14400000000001,32.407999999999994
-54.443999999999996,-1.6080000000000094
2.212000000000014,-21.232000000000017
-4.3279999999999985,-22.75600000000001
-54.356,7.295999999999991
12.312000000000012,-33.116000000000014
-5.336000000000007,-16.27200000000002
-40.364,-25.480000000000015
6.4079999999999915,-43.140000000000015
-0.43999999999999595,16.92
40.95600000000002,-1.99600000000002
20.208000000000006,-22.63200000000002
-31.692000000000007,33.33999999999999
-39.396,-11.024000000000001
28.91999999999999,-10.320000000000007
-11.332000000000008,-44.90400000000001
26.82,12.427999999999994
-14.695999999999998,-20.03600000000001
-24.48,-1.2440000000000007
-0.14799999999999258,-35.784000000000006
-56.584,16.83999999999999
44.604,36.46799999999999
0.7439999999999891,13.96799999999998
46.912,32.219999999999985
11.776000000000009,12.552000000000007
-40.016000000000005,6.251999999999991
-37.348000000000006,-9.152000000000015
-1.0720000000000063,25.915999999999983
3.432000000000013,-4.41600000000002
6.719999999999993,28.507999999999978
24.52399999999999,57.9
28.167999999999992,2.3679999999999923
38.536000000000016,40.95199999999999
-49.112,-25.600000000000012
-27.080000000000005,-30.696000000000012
-30.212000000000007,12.17999999999999
-41.264,17.711999999999996
41.552000000000014,-13.196000000000009
-35.38,-33.32800000000001
22.43600000000001,12.75599999999999
-30.176000000000002,25.923999999999992
-13.272000000000016,-30.980000000000008
18.28399999999999,41.52
-47.24,22.355999999999998
20.828000000000003,34.38799999999998
0.6680000000000019,-2.507999999999999
8.052000000000014,29.04
-37.644,4.327999999999976
-17.12,1.6759999999999886
-2.607999999999988,-10.204000000000002
2.2320000000000118,11.231999999999998
-23.136000000000003,-28.880000000000006
32.976000000000006,-35.73600000000001
15.04000000000001,23.716000000000005
-36.472,-17.068000000000005
4.279999999999995,-39.08800000000001
39.452,-19.980000000000008
26.279999999999994,22.875999999999983
37.88799999999999,54.59999999999998
-45.208000000000006,-17.59200000000002
19.696,-12.672000000000017
-17.912000000000017,22.311999999999998
44.824,0.9439999999999893
-1.195999999999997,-32.59200000000001
-54.992,-16.636000000000017
-3.7839999999999874,-47.92000000000001
18.26000000000001,-17.61600000000001
-12.603999999999992,-5.140000000000011
36.15200000000001,-4.38400000000001
21.868,10.695999999999994
-33.236,-15.632000000000012
-21.555999999999997,-28.256000000000014
-13.472000000000017,29.396
20.72799999999999,-0.8680000000000021
-13.675999999999998,3.1199999999999894
-24.160000000000004,-37.25200000000001
33.056,-8.396000000000015
-47.46,15.891999999999996
-36.476,17.311999999999994
-17.547999999999988,24.82799999999998
37.944,-10.996000000000016
-48.236000000000004,20.319999999999983
-27.443999999999992,-18.176000000000016
54.13599999999998,12.816000000000006
5.444000000000004,-29.216000000000008
-30.516,8.843999999999985
-27.779999999999994,-29.248000000000008
0.8320000000000105,-15.716000000000008
-8.979999999999988,-14.336000000000016
-10.655999999999999,-25.99600000000001
-47.971999999999994,4.60799999999999
-27.483999999999998,-11.972000000000016
17.628,-4.288000000000003
-2.8320000000000123,-15.740000000000009
-17.227999999999998,31.007999999999992
14.640000000000008,5.919999999999992
-16.660000000000007,19.731999999999992
-42.516,-10.42400000000001
-13.135999999999992,19.212000000000007
11.196000000000005,-40.004000000000005
6.207999999999991,-15.527999999999997
36.227999999999994,37.291999999999994
22.316000000000003,52.447999999999986
-7.132000000000005,15.603999999999996
28.34399999999999,-42.10800000000001
-52.928,14.155999999999992
2.5600000000000067,-13.104000000000005
13.707999999999988,8.22799999999999
-23.152000000000005,15.355999999999991
-5.024000000000006,-21.896000000000015
-37.016000000000005,17.71999999999998
24.436000000000014,15.251999999999999
22.336,1.5679999999999916
31.299999999999994,-1.7120000000000246
33.684000000000005,-23.052000000000017
-36.53999999999999,-28.908000000000012
37.163999999999994,18.69999999999998
-14.927999999999987,-18.512000000000018
-11.915999999999993,-40.03200000000001
-9.583999999999993,-34.172000000000004
40.67200000000002,7.7039999999999775
-25.444,22.615999999999993
17.64399999999999,-0.44000000000001815
25.503999999999994,-43.896000000000015
-17.047999999999995,-5.612000000000017
-21.519999999999996,8.675999999999995
44.46399999999999,1.5759999999999996
-9.904000000000002,-46.240000000000016
18.507999999999992,-32.47600000000001
-35.99600000000001,-15.380000000000004
-53.916,-25.224000000000004
48.120000000000005,-3.503999999999996
3.5479999999999956,-41.92800000000001
17.06399999999999,-24.492000000000015
-6.556000000000006,6.0679999999999845
2.2320000000000118,30.95599999999998
54.78000000000001,33.012
11.15600000000001,-38.98400000000001
39.19600000000001,-24.460000000000004
34.33200000000001,3.6439999999999806
7.363999999999993,-48.18800000000001
-9.00399999999999,1.8639999999999768
41.544000000000004,-18.64000000000001
21.596000000000014,59.80799999999999
-51.72,2.4599999999999955
-36.876,10.139999999999993
-11.332000000000008,6.327999999999978
-14.192000000000004,-48.296000000000014
-22.644,-17.844000000000005
-3.732000000000002,-31.78000000000001
24.048000000000002,24.82399999999998
30.29200000000001,-30.364
-32.852000000000004,-29.700000000000003
23.048000000000002,48.61199999999999
24.024,-15.288000000000002
-31.943999999999996,-34.34800000000001
-7.895999999999992,-41.412000000000006
56.155999999999985,7.172000000000001
-42.952,-0.5760000000000209
53.272000000000006,26.752
-25.8,-38.42000000000001
-54.336000000000006,-7.796000000000014
0.8879999999999999,8.251999999999992
-8.95999999999999,-36.59600000000002
18.132000000000016,42.08399999999999
-18.316,10.135999999999989
-15.656000000000002,0.9360000000000035
7.528000000000001,30.283999999999978
35.86,-6.459999999999999
-15.207999999999998,-0.8560000000000123
26.976,18.447999999999976
38.836000000000006,3.7679999999999936
-37.63999999999999,-36.504000000000005
43.127999999999986,-11.23200000000002
-28.15200000000001,26.747999999999994
-30.084,-6.3320000000000265
32.33600000000001,38.60399999999999
50.42799999999998,-6.4320000000000155
16.384,-41.93600000000002
34.08799999999999,-27.456000000000014
-31.807999999999993,27.663999999999977
5.035999999999996,-7.108000000000003
34.75999999999999,-34.21200000000001
32.872000000000014,-37.63600000000002
34.144,12.412
44.23600000000001,26.447999999999983
-40.808,-22.472000000000016
-4.991999999999996,13.39999999999999
16.480000000000004,63.572
45.01200000000001,28.43199999999999
30.147999999999996,-0.6879999999999997
-2.635999999999994,-31.484
36.856,48.732
-49.42399999999999,-1.7920000000000158
40.260000000000005,-9.08000000000001
-29.123999999999995,2.6679999999999815
-0.8120000000000127,3.532000000000002
2.292000000000005,9.863999999999983
-0.7639999999999869,-7.024000000000008
49.416,-4.920000000000013
-43.604,-7.88000000000001
-27.132000000000012,22.04799999999998
-24.383999999999993,-10.604000000000003
-54.75600000000001,11.907999999999985
28.547999999999995,-1.8240000000000034
24.340000000000007,5.29599999999999
27.595999999999997,-44.15600000000002
-0.9400000000000075,-1.9039999999999946
1.432000000000011,-24.472000000000016
1.2279999999999847,-51.83200000000001
35.348,43.14
40.37600000000001,3.579999999999983
-20.336,-42.18400000000001
-39.94399999999999,-1.9479999999999942
-20.723999999999997,-2.0360000000000156
10.7,4.152
22.375999999999998,-39.08400000000001
-46.032,-16.964000000000002
-35.17600000000001,-23.792000000000012
8.343999999999996,27.072000000000006
16.527999999999988,0.019999999999997797
27.74000000000001,52.576
43.987999999999985,43.91999999999998
-34.572,-20.188000000000006
20.944000000000006,60.732000000000006
-27.380000000000003,12.327999999999983
36.61600000000001,53.56799999999999
-49.019999999999996,-17.412000000000017
-48.251999999999995,-18.736000000000008
-37.968,-6.028000000000011
36.91200000000001,-12.160000000000004
-30.667999999999996,-28.168000000000013
-35.260000000000005,27.88799999999998
-22.41200000000001,-40.37200000000001
35.368,8.323999999999998
52.89599999999999,13.395999999999987
-3.807999999999989,21.156
25.180000000000003,-1.012000000000013
50.55200000000002,15.683999999999987
-17.316,-12.687999999999999
-1.2799999999999923,-18.024000000000008
-25.183999999999994,35.436
-40.059999999999995,20.743999999999986
23.648000000000003,3.732000000000002
-35.924,-26.82000000000001
38.023999999999994,-2.5920000000000165
18.336,59.04400000000001
35.180000000000014,32.46799999999999
-44.888000000000005,-6.328
27.864,25.059999999999995
11.875999999999998,-43.38000000000001
-11.292000000000012,5.687999999999982
28.284,56.10799999999998
33.18399999999999,-0.028000000000005798
24.468,42.331999999999994
22.487999999999996,25.332
-5.771999999999999,17.91999999999998
-44.38399999999999,-15.188000000000002
0.9800000000000031,-30.37200000000001
10.724,25.312
-23.663999999999994,-29.112000000000005
10.216000000000003,-13.512000000000013
44.21600000000001,-1.0480000000000045
40.24000000000001,-8.508000000000004
49.907999999999994,7.187999999999994
-6.023999999999985,25.05599999999999
-34.244,-26.700000000000014
44.21600000000001,41.79200000000001
-32.09200000000001,24.472000000000005
-41.188,18.307999999999993
-27.58799999999999,-3.3600000000000074
-8.499999999999996,18.735999999999997
-5.987999999999993,16.195999999999987
12.552000000000007,9.455999999999998
11.607999999999997,-5.888000000000004
0.16399999999998638,12.075999999999997
17.996000000000013,-13.892000000000015
-2.1320000000000006,-42.900000000000006
-56.86399999999999,-0.32400000000001317
53.552,26.112000000000002
-34.12799999999999,20.99199999999999
16.443999999999992,12.187999999999978
-9.884000000000004,30.943999999999996
36.38399999999999,51.603999999999985
13.216000000000005,-29.880000000000006
39.692000000000014,6.023999999999985
21.696000000000005,-32.61200000000001
-24.419999999999998,2.823999999999982
12.872000000000018,-41.87600000000001
12.512000000000011,-7.88000000000001
28.74000000000001,53.203999999999986
12.396000000000008,-1.5720000000000178
-14.783999999999997,10.759999999999991
-52.588,-5.764000000000014
28.123999999999995,-23.852000000000018
-24.260000000000005,32.47599999999999
10.803999999999991,-14.060000000000006
48.92000000000001,27.647999999999982
-55.352000000000004,-25.17600000000001
2.743999999999991,-28.01600000000001
23.628000000000004,24.019999999999996
-51.352,20.699999999999985
8.235999999999999,-19.348
8.084000000000003,-24.020000000000007
-7.420000000000004,-11.316000000000015
19.967999999999986,-11.352000000000018
-43.879999999999995,14.57599999999999
7.812000000000019,1.1239999999999917
22.283999999999992,-28.000000000000014
-47.196000000000005,7.7159999999999895
25.32399999999999,64.03599999999999
2.8159999999999963,-40.68000000000001
-13.087999999999989,20.01599999999999
-4.244000000000003,3.283999999999998
-13.036000000000003,28.83199999999999
10.255999999999998,-7.7400000000000135
-5.336000000000007,-47.192000000000014
-2.951999999999999,25.887999999999977
-20.252000000000002,23.587999999999987
16.79600000000001,-32.632000000000005
40.356000000000016,14.883999999999986
39.612,9.079999999999998
18.08399999999999,3.835999999999995
-15.167999999999981,25.087999999999976
29.616,38.267999999999994
-43.467999999999996,9.132000000000007
48.196,19.667999999999974
0.40400000000000436,-36.824
14.867999999999991,54.26799999999999
-13.927999999999985,15.372000000000007
23.604000000000003,53.42799999999998
-48.596000000000004,-6.936000000000009
-24.283999999999995,10.463999999999984
23.587999999999987,23.35999999999998
34.739999999999995,25.191999999999993
3.532000000000002,-7.452000000000014
14.568000000000003,-32.620000000000005
11.492000000000013,-22.836000000000013
47.448,13.395999999999987
-30.456000000000007,32.01199999999999
0.28799999999999937,-21.940000000000005
-26.539999999999996,-18.844000000000005
-0.17200000000001658,8.69199999999999
40.456,19.63999999999999
31.776000000000003,-25.136000000000013
31.539999999999992,-24.587999999999997
-42.876000000000005,1.2720000000000065
25.615999999999993,35.452
-22.560000000000002,-21.82400000000001
3.2720000000000082,19.991999999999987
30.452000000000012,13.84399999999999
-19.020000000000003,13.363999999999997
24.076000000000008,-10.95600000000001
17.724000000000007,59.01999999999998
-12.54799999999998,-18.252000000000013
-53.492,-2.8080000000000105
-2.1120000000000028,-48.75600000000001
12.579999999999991,-38.60800000000001
31.756000000000007,39.427999999999976
12.77999999999999,7.512000000000008
-25.544,10.907999999999983
-18.032000000000004,13.856000000000002
-42.03600000000001,5.379999999999985
19.512000000000018,19.955999999999996
11.187999999999999,-20.244000000000007
0.41200000000001236,25.139999999999986
29.76399999999999,-0.012000000000012001
35.57600000000001,-18.66000000000001
27.176000000000002,-42.17200000000001
2.1120000000000028,-36.436000000000014
-11.860000000000003,-37.10000000000001
-37.69199999999999,8.567999999999977
17.61600000000001,3.732000000000002
22.61200000000001,1.0879999999999779
19.876000000000005,-50.41200000000001
37.964,7.739999999999991
-43.92,-5.132000000000025
-5.884,26.523999999999994
-24.683999999999994,10.083999999999982
-46.568,-3.6920000000000064
16.527999999999988,-35.860000000000014
-43.54,-29.81600000000001
-13.051999999999996,6.155999999999984
-34.51200000000001,32.699999999999996
27.312000000000005,48.98399999999998
36.816,31.191999999999997
17.423999999999996,12.487999999999989
-39.696,12.972000000000005
-17.296,-40.69600000000001
33.768,18.212000000000007
-48.528000000000006,15.683999999999987
-15.232000000000001,20.299999999999983
24.564000000000007,-38.224000000000004
24.848000000000003,-18.947999999999997
29.383999999999986,-19.61200000000002
25.224000000000004,15.58799999999998
-25.583999999999996,-18.688000000000006
11.968,-17.460000000000008
2.8120000000000145,-32.384
0.43999999999999595,-12.556000000000012
-48.30399999999999,-12.260000000000005
-24.560000000000002,-34.11200000000001
13.695999999999998,-34.69600000000001
-46.36,19.423999999999996
-32.768,22.139999999999983
-28.35200000000001,-7.084000000000001
-25.93200000000001,19.655999999999985
30.803999999999988,-36.108000000000004
8.467999999999986,-23.572000000000017
-24.075999999999997,-29.624000000000006
20.687999999999995,57.42799999999999
-0.11200000000000099,-17.78400000000001
17.116,-14.280000000000005
-17.41600000000001,7.487999999999984
45.355999999999995,1.0720000000000063
2.163999999999988,-52.83600000000001
-6.708000000000003,-42.47600000000001
-20.86,14.28799999999999
-26.992000000000004,23.395999999999994
-39.176,9.883999999999983
-19.16,-15.584000000000009
53.67599999999999,32.55999999999999
-27.45200000000001,-23.192000000000014
-14.095999999999997,-8.716000000000012
33.739999999999995,48.37199999999999
20.34400000000001,23.063999999999997
7.612000000000019,0.15999999999998238
-22.736,15.723999999999982
8.220000000000006,3.4359999999999946
11.968,-50.11200000000001
-8.655999999999997,-43.67200000000001
18.203999999999997,51.44399999999998
13.99999999999999,-2.756000000000003
33.656,6.335999999999986
-53.996,16.57200000000001
-37.888,-33.972
8.644000000000007,-26.200000000000014
-57.508,14.415999999999984
47.312,33.236
31.032000000000014,8.68
33.016,37.763999999999996
-45.436,-12.728000000000005
-11.107999999999985,24.751999999999995
-7.376000000000005,11.256
-36.663999999999994,18.307999999999993
3.5600000000000076,-26.360000000000007
-47.636,12.603999999999992
28.396,-30.34000000000001
3.8640000000000008,2.6879999999999793
-30.796,-22.23600000000001
-11.744,-9.480000000000011
-6.156000000000006,14.667999999999992
5.676000000000014,24.983999999999984
-50.4,15.683999999999987
30.903999999999996,-34.25600000000001
-21.15600000000001,-25.208
-44.616,-1.2760000000000105
-17.50799999999999,10.396000000000004
-10.443999999999987,17.38799999999998
10.411999999999999,-52.19600000000001
8.108000000000004,-11.168
-52.596,-14.324000000000003
-52.20399999999999,-17.29200000000002
-39.007999999999996,-13.568000000000001
-4.376000000000002,-19.96000000000001
-19.620000000000005,26.263999999999974
-13.256,-16.408
-0.31200000000000117,-1.967999999999992
28.712000000000003,31.86
35.88,-13.168000000000003
-33.3,35.236000000000004
-32.336,18.94
30.600000000000005,-33.372000000000014
32.903999999999996,-42.54800000000001
19.799999999999997,-41.30400000000001
31.508000000000003,14.395999999999987
7.152000000000003,-37.924
-43.948,-1.112000000000024
-1.971999999999996,-23.324
-50.28399999999999,-6.056000000000017
9.872000000000014,24.03200000000001
-45.34,24.01599999999999
19.907999999999994,56.484
-22.076000000000008,-22.760000000000012
27.664,-2.2360000000000158
-5.879999999999996,12.583999999999996
-0.8879999999999999,-42.580000000000005
8.776000000000007,26.603999999999985
26.89999999999999,-32.78000000000001
9.104000000000001,-20.028000000000002
-22.352000000000004,-18.852000000000015
-46.008,3.935999999999984
-5.96000000000001,-6.072000000000011
32.616,50.207999999999984
17.012000000000004,24.611999999999988
-17.867999999999995,-27.104000000000006
31.712000000000007,-2.184000000000008
-50.432,-11.868
-56.504,7.955999999999985
12.943999999999999,-24.872000000000018
-8.835999999999999,-33.82000000000001
-3.6599999999999966,-11.144000000000009
-44.163999999999994,15.195999999999987
-19.804,-9.212000000000021
-6.435999999999997,-17.364
-30.06,-24.804000000000002
32.832000000000015,43.97199999999999
-40.532000000000004,-28.304000000000006
-4.279999999999995,22.219999999999995
-48.032,1.2079999999999869
34.83200000000002,12.75599999999999
-33.483999999999995,10.487999999999985
20.43999999999999,45.84799999999998
-28.747999999999998,32.68
-13.127999999999984,-9.567999999999998
31.33600000000001,24.423999999999978
-1.0560000000000125,-0.9320000000000217
18.88399999999999,39.32799999999999
-12.263999999999985,-7.908000000000004
15.376000000000012,-17.736000000000008
12.82000000000001,-29.580000000000005
-34.152,-19.428
25.45600000000001,6.823999999999986
-7.504,-26.18800000000001
-4.143999999999992,-19.456000000000017
1.5200000000000102,-27.976000000000013
-5.235999999999996,-5.567999999999995
-43.76399999999999,-20.760000000000012
-12.572000000000006,-34.55600000000001
19.767999999999986,-48.51200000000001
4.847999999999986,-11.564000000000007
41.632000000000005,26.571999999999996
38.144,-24.748000000000005
49.492000000000004,40.09199999999999
31.444000000000006,-3.387999999999991
36.08799999999999,-9.460000000000013
5.947999999999998,8.419999999999984
14.107999999999986,-34.104
-19.143999999999995,32.68799999999998
28.432000000000013,42.77599999999999
-15.700000000000003,7.515999999999989
34.187999999999995,31.959999999999987
-40.992,7.991999999999999
13.092000000000015,0.20000000000000018
-19.492000000000008,-23.076000000000008
-3.7760000000000016,-23.416000000000015
36.12800000000001,47.743999999999986
30.987999999999992,46.57599999999999
-30.000000000000004,-15.684000000000008
8.736000000000011,-5.772000000000022
-12.17999999999999,8.279999999999998
11.431999999999999,-39.46000000000001
18.867999999999995,59.25599999999997
0.6799999999999917,-4.81600000000002
0.28799999999999937,16.08799999999999
29.34000000000001,-15.944000000000003
4.376000000000002,-44.932
-16.21999999999999,23.716000000000005
23.707999999999995,-31.944000000000006
12.324000000000002,59.37599999999998
26.184000000000008,15.935999999999995
33.13999999999999,15.703999999999985
43.25600000000001,38.632
-2.38799999999999,-29.77200000000001
10.796000000000006,-41.75200000000001
-32.52,7.219999999999982
1.8199999999999994,-34.176000000000016
38.588,47.199999999999996
-29.856000000000005,-29.432000000000002
13.627999999999997,-26.40800000000001
-8.652000000000015,-45.89200000000001
18.09200000000002,65.78
39.524,-23.340000000000003
-39.196,16.523999999999983
-3.0240000000000045,-37.81200000000001
-25.596000000000007,6.263999999999981
-12.66799999999999,-4.056000000000015
3.288000000000002,29.327999999999975
-50.444,-26.492000000000004
-30.132000000000005,-4.61600000000002
30.128,36.99599999999998
-2.6639999999999997,-25.75600000000001
6.11600000000001,-44.07200000000001
6.099999999999994,4.919999999999991
-3.4559999999999924,-7.08000000000002
-45.428000000000004,-21.488000000000007
-25.923999999999992,1.6439999999999788
4.376000000000002,-15.676000000000013
51.580000000000005,29.947999999999976
-1.0320000000000107,-12.25600000000001
29.147999999999996,-14.832000000000011
-10.392000000000001,-1.7000000000000126
9.887999999999986,-16.376000000000012
-52.41199999999999,5.327999999999977
-33.016,26.263999999999974
20.94799999999999,52.2
-33.24799999999999,28.715999999999987
25.036000000000016,-33.69200000000001
-16.28799999999999,18.003999999999998
6.600000000000006,13.115999999999994
-14.904000000000007,10.152000000000005
15.227999999999998,21.136
23.652000000000008,29.183999999999987
36.00399999999999,27.223999999999982
-35.61200000000001,21.432000000000006
-47.196000000000005,-26.052000000000007
5.723999999999996,-44.464000000000006
17.612000000000005,49.63199999999999
-14.495999999999999,-9.336000000000011
28.696000000000012,26.38799999999999
4.007999999999989,-22.88000000000001
-28.047999999999995,-27.360000000000007
13.307999999999986,25.912000000000003
-31.096,2.9120000000000035
9.976000000000006,5.247999999999986
28.34000000000001,-13.692000000000014
-31.735999999999997,-35.232000000000006
-9.69200000000001,25.659999999999993
40.592000000000006,30.503999999999998
-5.224000000000006,-24.064000000000007
-32.847999999999985,13.75599999999999
7.200000000000006,-12.920000000000009
-13.012,-36.704
35.63200000000002,10.7
13.139999999999997,-30.432000000000002
9.875999999999996,-34.08000000000001
25.088,61.352000000000004
-31.17200000000001,21.387999999999984
-32.336,-28.648000000000007
8.667999999999987,-16.424000000000007
28.76000000000001,-0.1560000000000228
-5.556000000000005,29.30799999999998
-26.872000000000007,32.14399999999999
-8.823999999999987,12.543999999999977
-21.672000000000004,-16.704000000000008
21.716,4.295999999999989
-9.072000000000013,-41.028000000000006
39.724000000000004,-15.472000000000019
15.836000000000006,-35.26400000000001
19.86000000000001,-19.388000000000005
33.823999999999984,-8.972000000000014
32.832000000000015,-6.16000000000001
-40.839999999999996,-34.296000000000014
32.95600000000001,-20.68000000000001
48.13599999999998,18.575999999999993
25.347999999999992,48.223999999999975
7.103999999999999,29.495999999999988
-20.632000000000005,23.96799999999999
8.223999999999986,14.559999999999995
4.5600000000000085,-23.112000000000023
15.176000000000013,-4.144000000000014
20.472,-39.61600000000002
-29.800000000000004,20.123999999999988
-6.499999999999995,-9.904000000000002
27.967999999999993,1.1239999999999917
43.720000000000006,14.056000000000001
16.456000000000003,15.183999999999997
11.852000000000018,-2.1600000000000064
-32.22799999999999,12.131999999999987
50.09599999999998,39.92799999999998
0.5679999999999907,-23.004
38.86000000000001,-19.744000000000007
35.256,-5.212000000000017
21.61200000000001,62.25599999999998
-42.076,-7.296000000000014
-52.208,-24.148000000000003
7.464000000000004,-50.000000000000014
-25.78799999999999,8.079999999999998
-20.547999999999988,30.43199999999999
-55.08,-5.112000000000005
44.804,-7.092000000000009
27.97200000000002,-28.76000000000001
19.91200000000002,-16.464000000000002
-21.699999999999996,-22.19200000000001
23.516000000000005,-2.8960000000000097
35.144,-0.9880000000000111
-20.407999999999994,-38.87600000000001
-46.419999999999995,-18.264000000000003
-30.996000000000002,31.21999999999998
-29.476000000000003,-21.767999999999997
-26.663999999999998,-2.5960000000000205
1.0199999999999987,-45.904
11.936000000000014,-7.996000000000015
54.09599999999999,36.463999999999984
-41.068000000000005,-33.52
-6.435999999999997,-23.580000000000013
50.708,22.675999999999984
-55.156000000000006,16.683999999999987
-24.392000000000003,-35.92800000000002
33.56399999999999,-1.980000000000004
16.471999999999998,65.72
-18.808000000000003,-6.60400000000001
34.036,54.699999999999996
25.812000000000012,10.167999999999978
-30.16399999999999,13.103999999999981
-45.699999999999996,19.551999999999992
6.816,-12.296000000000017
-20.976000000000006,32.592
-35.28399999999999,20.167999999999985
-42.63600000000001,-25.848000000000006
10.532000000000007,-45.668000000000006
-17.955999999999996,12.24399999999999
40.504000000000005,36.471999999999994
-49.844,6.772
-8.867999999999988,-9.944000000000008
-41.416,23.336000000000002
45.35200000000002,-6.976000000000004
-3.7679999999999936,-7.64800000000001
-24.656,-21.256000000000007
-43.56399999999999,15.107999999999988
4.424000000000006,-6.703999999999999
-59.144,12.816000000000006
-51.732,8.579999999999988
31.972,-5.528
-9.092000000000011,28.56399999999999
52.152,4.692000000000007
-14.135999999999992,-34.82000000000001
-18.779999999999998,5.69599999999999
-50.052,-19.444000000000006
50.73599999999998,27.08799999999998
41.476,-9.840000000000003
13.327999999999985,-6.068000000000007
-35.89600000000001,-31.376000000000015
19.276000000000003,-6.284000000000001
14.983999999999998,-12.24400000000001
34.31600000000002,57.18400000000001
11.672000000000015,-12.044000000000011
34.68,-12.164000000000009
-34.644,-10.20000000000001
28.567999999999994,-5.712000000000006
19.196000000000012,25.652000000000008
-8.432000000000016,-16.65200000000001
18.116,-42.90400000000001
35.66400000000001,32.76799999999997
20.85600000000001,-5.780000000000007
22.164000000000005,66.68799999999999
22.607999999999983,45.83200000000001
13.480000000000004,-35.180000000000014
-39.751999999999995,4.295999999999989
54.25599999999999,24.375999999999998
4.447999999999985,-22.528000000000002
18.90399999999999,-3.512000000000026
1.6199999999999992,-21.73600000000001
25.892000000000003,53.65199999999999
-28.216000000000008,-34.400000000000006
-5.615999999999999,-15.376000000000012
-36.160000000000004,-30.876000000000015
-34.132000000000005,-9.732000000000019
29.876000000000012,14.935999999999993
12.684000000000006,58.11999999999999
-16.023999999999994,-24.360000000000003
1.1720000000000175,-40.592000000000006
-44.348,-21.996000000000016
-24.16799999999999,-36.66400000000001
-57.711999999999996,-15.14000000000001
-4.620000000000002,18.992000000000008
-24.51200000000001,33.68399999999998
-15.08799999999999,22.127999999999993
24.331999999999997,61.195999999999984
52.344000000000015,5.183999999999989
48.71599999999998,14.471999999999996
-12.988,-38.812000000000005
-16.628,-5.9679999999999955
50.62,11.819999999999986
-37.608,-0.5840000000000067
17.900000000000006,-23.852000000000018
-33.519999999999996,27.78799999999999
15.359999999999996,-40.57200000000001
-37.12,6.816
-29.636000000000006,9.932000000000007
35.872000000000014,-24.404000000000003
-40.21600000000001,5.275999999999992
-9.367999999999999,-23.672000000000015
23.336000000000002,42.652
-6.103999999999998,-12.152000000000019
-39.512,28.51999999999999
-24.216000000000005,-15.908
26.896000000000008,2.8999999999999915
-20.776000000000007,-17.247999999999998
-11.411999999999999,-42.432
-27.267999999999994,-7.316000000000011
-2.5560000000000027,12.212
7.800000000000007,-3.428000000000009
35.80799999999999,42.02799999999998
20.907999999999994,-38.30000000000001
6.1919999999999975,24.327999999999996
-34.067999999999984,-3.9240000000000164
11.35600000000001,-13.576000000000011
-9.596000000000004,-9.516000000000012
16.612000000000005,66.72799999999998
40.88799999999999,10.179999999999989
51.34400000000001,26.61199999999999
-10.356000000000009,16.77599999999999
-36.81200000000001,25.07999999999999
36.487999999999985,7.243999999999984
-13.972000000000007,-29.15200000000001
-12.475999999999999,13.347999999999981
-5.163999999999991,-31.052000000000003
-48.016000000000005,-16.976000000000013
-2.8960000000000097,-32.68000000000001
23.276000000000007,26.427999999999983
32.440000000000005,-7.352000000000025
32.704,-16.348000000000006
26.176,35.612
19.619999999999994,-17.380000000000006
2.65200000000001,-53.212
26.156000000000002,-11.716000000000015
-19.64799999999999,-13.528000000000006
-5.523999999999996,10.031999999999996
35.124,-27.75200000000001
-1.5479999999999938,26.912000000000003
-44.476000000000006,7.727999999999979
-5.832000000000015,-23.74400000000001
18.336,43.56399999999998
30.323999999999995,-45.99200000000001
-39.18000000000001,11.74799999999998
44.599999999999994,24.663999999999998
-42.688,18.551999999999992
-39.284,-21.372000000000014
-56.068,16.975999999999992
18.223999999999997,23.472000000000005
23.599999999999998,-21.340000000000014
-10.596000000000005,-29.568000000000016
-34.907999999999994,-21.984
-29.57200000000001,2.3079999999999767
4.272000000000009,-49.32800000000002
25.70000000000001,30.475999999999992
-32.199999999999996,-5.068000000000006
-20.604,14.871999999999996
-43.084,0.7679999999999909
39.836000000000006,-3.0560000000000143
-12.451999999999996,18.387999999999984
9.543999999999997,-42.87200000000001
-52.263999999999996,7.563999999999993
-12.663999999999987,12.139999999999995
20.384,9.543999999999997
-50.18,-21.51200000000002
-44.728,1.0879999999999779
9.000000000000007,-0.6639999999999979
16.547999999999984,54.447999999999986
11.803999999999991,58.86
28.435999999999993,-23.568
38.867999999999995,21.23999999999999
-21.14799999999999,-19.396000000000015
37.172000000000004,-32.30400000000001
-54.028,17.915999999999997
42.28000000000001,38.323999999999984
-13.636000000000003,-18.028
23.663999999999994,-25.807999999999996
-17.696,24.187999999999988
-14.19999999999999,4.2039999999999855
-14.647999999999994,-1.0040000000000049
24.624000000000002,-15.54000000000001
11.7,-9.560000000000013
-20.823999999999998,-26.368000000000013
39.836000000000006,4.4359999999999955
-28.632,10.392000000000001
40.992000000000004,-9.408000000000005
-15.84399999999999,6.38399999999999
-24.336000000000002,14.539999999999997
-48.816,27.23199999999999
-19.220000000000002,18.83999999999999
53.147999999999996,36.14399999999998
-20.487999999999996,-20.816000000000013
-0.23599999999999177,3.371999999999997
0.27600000000000957,-33.58800000000001
-28.547999999999995,-21.596000000000014
31.796000000000003,-19.10400000000001
12.948000000000004,1.3879999999999892
28.847999999999985,-31.456000000000017
-43.948,17.867999999999974
26.176,28.596
44.623999999999995,5.867999999999984
-31.543999999999993,4.299999999999993
-35.62,4.64
-12.943999999999999,-37.204
-33.496,-29.708000000000013
-1.0639999999999983,-15.444000000000003
21.336,-35.53200000000001
-38.564,-30.736000000000008
-35.092,6.535999999999986
11.075999999999997,-18.90400000000001
37.82399999999999,28.43199999999999
35.73600000000001,-3.3520000000000216
-8.411999999999997,9.172000000000002
-21.656,9.267999999999986
13.88799999999999,-37.58000000000001
33.75600000000001,29.29599999999999
34.172000000000004,17.412000000000006
-33.01200000000001,10.399999999999988
-13.472000000000017,-8.848
-35.263999999999996,-5.680000000000018
14.076,-25.392000000000014
27.627999999999986,64.29599999999998
49.627999999999986,28.76399999999999
9.152000000000005,-43.31600000000001
27.439999999999998,-18.468000000000007
-43.672,13.52399999999998
-34.78399999999999,-21.31200000000002
21.372000000000014,-23.75600000000001
-19.340000000000003,33.34799999999998
-33.31999999999999,-34.116000000000014
5.8640000000000025,14.619999999999989
12.112000000000013,-0.9760000000000213
-33.64,-19.032000000000014
19.08000000000001,61.65999999999998
-34.32799999999999,35.28799999999998
44.61200000000001,13.175999999999988
20.852000000000004,56.67199999999999
6.112000000000006,-46.464000000000006
5.123999999999995,5.9760000000000035
-9.816000000000003,10.016000000000002
19.276000000000003,58.73599999999997
-52.471999999999994,-27.29600000000001
19.784000000000002,7.423999999999986
33.33999999999999,-30.90400000000001
-21.31200000000001,18.347999999999985
-21.107999999999993,10.451999999999995
-14.827999999999996,-33.92800000000001
20.46000000000001,27.803999999999984
28.78399999999999,-18.888000000000005
-51.327999999999996,21.275999999999982
-18.159999999999997,31.70799999999998
-19.66,17.491999999999997
-36.88,20.74799999999999
48.540000000000006,40.17999999999999
22.65600000000001,-35.796000000000014
-46.943999999999996,-5.696000000000012
-41.5,-18.568000000000005
-48.336,9.93599999999999
-23.616000000000003,-15.944000000000003
-35.708,11.99999999999999
-12.572000000000006,-42.232
-36.516000000000005,9.011999999999997
-3.736000000000006,-22.816000000000013
-4.8679999999999835,-2.5800000000000045
-35.436,-8.984000000000004
16.544000000000004,-20.36000000000001
24.036000000000012,39.20399999999999
0.49200000000000355,28.27200000000001
33.739999999999995,30.855999999999995
-3.8559999999999928,-4.356000000000004
-52.032000000000004,23.627999999999982
-24.919999999999998,-34.52400000000001
-35.524,-1.8120000000000136
24.688,-29.768000000000004
-34.396,-21.836000000000013
19.652,61.88799999999999
-48.632,-20.340000000000014
-15.592000000000006,-4.936000000000007
7.747999999999999,16.36799999999998
-6.396000000000002,27.527999999999974
-10.759999999999991,1.0639999999999983
-27.34399999999999,-27.22000000000001
-1.4639999999999986,19.331999999999994
13.056000000000001,-16.227999999999998
20.456000000000007,58.64799999999999
17.192000000000007,13.623999999999992
-12.292000000000014,-14.12000000000001
-11.396000000000006,23.72399999999999
20.23999999999999,62.10799999999998
38.964,-21.840000000000003
-13.156000000000013,-26.592000000000006
-43.572,20.81599999999999
-22.452000000000005,29.05199999999999
27.256000000000014,-44.69200000000001
48.75599999999998,7.219999999999982
-36.41200000000001,29.312000000000005
20.208000000000006,-33.644000000000005
9.704,-18.212000000000018
-16.355999999999995,31.65199999999999
-20.823999999999998,11.363999999999997
9.00399999999999,7.5879999999999725
44.43999999999999,33.144
6.508000000000003,3.4239999999999826
-11.872000000000016,5.93999999999999
19.41600000000001,27.915999999999986
-33.276,-22.787999999999997
-15.30799999999999,0.06799999999997919
-22.843999999999998,-22.35600000000001
-33.496,-36.728000000000016
-22.98,-20.41600000000001
26.767999999999994,16.735999999999997
-24.3,-39.412000000000006
47.28000000000001,9.407999999999994
-36.60399999999999,33.399999999999984
-43.348,-29.020000000000014
21.587999999999987,2.4479999999999835
-23.919999999999998,20.643999999999995
11.963999999999997,3.0959999999999877
43.592000000000006,-9.000000000000007
17.212000000000003,-11.592000000000013
32.71200000000001,0.6720000000000059
39.1,-22.476000000000017
-45.156000000000006,28.03199999999999
25.2,-2.6880000000000015
-51.884,12.787999999999977
27.923999999999992,11.903999999999982
-12.203999999999994,-16.07200000000002
-2.2479999999999833,25.439999999999998
-19.999999999999996,22.567999999999987
21.336,-46.896000000000015
8.29200000000001,-45.26800000000001
-15.59600000000001,3.3439999999999914
24.815999999999995,-1.3279999999999959
25.732,-36.192
31.032000000000014,12.772000000000006
-4.756000000000005,-20.252000000000013
-16.503999999999984,12.619999999999987
-3.1120000000000037,-1.6280000000000072
-20.519999999999992,4.467999999999983
33.68,25.411999999999992
-15.403999999999996,5.383999999999989
-3.064,-8.560000000000013
-41.70399999999999,-15.436000000000016
-21.42799999999999,-17.29600000000001
-8.119999999999994,8.423999999999987
-39.64,-33.904
-6.980000000000008,-41.78000000000001
-39.49199999999999,0.5039999999999933
-1.5879999999999894,11.599999999999987
-43.708000000000006,-28.664
-0.9120000000000017,-19.376000000000015
6.112000000000006,-6.79200000000002
-7.583999999999991,-14.65200000000002
-39.92,26.58799999999999
24.459999999999994,17.58799999999998
-16.932000000000013,20.223999999999997
22.156,-45.312000000000005
30.003999999999987,55.431999999999995
-4.312000000000005,-24.04400000000001
0.36000000000000476,22.407999999999983
44.476000000000006,22.336
-29.67200000000001,7.431999999999994
29.099999999999994,-11.148000000000003
36.20399999999999,18.243999999999993
-2.171999999999996,-7.387999999999995
-56.14,2.9199999999999893
-32.724,12.051999999999996
6.027999999999989,6.492000000000009
-1.992000000000016,-37.428000000000004
-34.79600000000001,23.716000000000005
48.15599999999998,5.715999999999988
26.708,-39.80000000000001
19.744000000000007,24.176
-24.296000000000006,31.043999999999983
31.747999999999998,55.78399999999999
3.8479999999999848,9.283999999999981
43.13200000000001,-18.476000000000013
40.22000000000001,43.68399999999999
-47.57600000000001,19.23999999999999
-50.12399999999999,5.699999999999994
-33.044,-2.7320000000000233
26.927999999999997,64.072
5.615999999999999,-43.81600000000001
-11.552000000000007,-38.80800000000001
34.988,-2.648000000000006
-23.696000000000005,31.515999999999988
-24.152000000000008,-27.632000000000012
-12.240000000000006,-10.604000000000003
-0.7800000000000029,-15.927999999999997
11.983999999999995,-19.396000000000015
5.780000000000007,-3.0120000000000147
-12.212,-12.780000000000014
-27.223999999999993,24.611999999999988
-36.58799999999999,7.7079999999999815
49.64400000000002,23.492
-27.827999999999996,18.95199999999999
-54.03600000000001,21.487999999999975
-46.936,24.575999999999997
38.77600000000001,-3.2320000000000126
-25.539999999999996,-22.048000000000002
50.05200000000001,10.45999999999998
-24.907999999999998,5.115999999999987
16.416000000000007,7.199999999999984
-55.00000000000001,-9.564000000000005
-26.84399999999999,-29.556000000000015
-35.38399999999999,-32.42800000000001
-8.907999999999983,22.707999999999974
3.083999999999998,-19.00400000000001
-3.5679999999999934,-34.65200000000001
2.2560000000000136,-5.068000000000006
-49.216,-6.5360000000000085
-35.66799999999999,10.596000000000005
-44.611999999999995,-14.092000000000017
-27.38799999999999,14.32
4.612000000000016,9.71599999999999
53.34000000000001,10.915999999999993
-18.476000000000003,-9.687999999999997
-35.056,-27.25200000000001
-24.06799999999999,8.271999999999991
-6.203999999999987,-48.55200000000001
-5.296000000000012,21.16
19.744000000000007,-30.02800000000001
-13.451999999999998,12.77999999999999
12.704000000000004,-48.94400000000001
17.08399999999999,-0.8160000000000167
-3.4479999999999844,5.123999999999995
14.636000000000005,-2.7840000000000087
16.39600000000001,23.067999999999977
29.879999999999995,34.30399999999998
-15.135999999999994,-10.892000000000014
-39.12799999999999,-6.052000000000013
-16.747999999999983,11.195999999999984
-30.887999999999995,-31.600000000000005
-46.812,-9.044000000000008
24.444,27.60799999999999
23.343999999999987,49.02399999999998
-16.379999999999995,-34.668000000000006
24.160000000000004,-23.73600000000001
55.00000000000001,7.035999999999998
-1.976,9.883999999999983
-20.535999999999998,-9.208000000000006
-42.44799999999999,11.683999999999983
-16.628,1.5560000000000018
9.352000000000004,-19.40400000000001
-26.75200000000001,14.36799999999998
16.932000000000013,53.067999999999984
-29.136000000000006,-10.396000000000017
20.412000000000006,-3.8040000000000074
35.46799999999999,-20.448
-29.936000000000007,7.987999999999973
-22.30399999999999,23.495999999999984
-48.368,-14.092000000000017
-49.688,-10.372000000000014
-40.136,23.672000000000004
-39.768,18.612000000000005
-20.26,-31.496000000000013
-29.400000000000006,-16.98400000000001
16.764000000000003,1.8839999999999968
15.823999999999995,19.96
-49.675999999999995,13.59999999999999
-35.816,-1.1720000000000175
-26.667999999999992,34.132000000000005
15.416000000000007,-36.25200000000001
-27.692000000000007,8.631999999999994
-24.580000000000002,0.7039999999999935
34.06400000000001,1.8239999999999812
20.876000000000005,54.53999999999999
-19.61200000000001,-26.844
-0.8520000000000083,19.39200000000001
22.052000000000007,12.32399999999998
-54.7,3.347999999999973
40.768,31.372
16.935999999999996,-6.556000000000006
-15.476,-22.204
-46.644,21.21200000000001
-48.656,-29.47200000000001
13.952000000000009,25.607999999999986
-55.147999999999996,-14.36400000000001
16.556000000000015,-43.03600000000001
-15.223999999999993,-42.68000000000001
39.208,-0.09600000000000719
4.40799999999999,-46.228000000000016
31.04,37.559999999999995
-14.060000000000006,0.6479999999999819
12.840000000000007,62.012
-48.06,20.843999999999994
41.86399999999999,-2.8839999999999977
-8.143999999999995,2.263999999999977
-55.556000000000004,19.58
28.479999999999993,-39.91600000000002
-0.7920000000000149,10.803999999999991
18.048,16.18799999999998
-45.07600000000001,-9.284000000000002
-38.528,25.23199999999999
14.851999999999999,2.6679999999999815
35.06799999999999,34.636
-48.30399999999999,7.435999999999998
-6.547999999999998,-38.856000000000016
-12.427999999999994,15.84399999999999
42.66799999999999,17.123999999999985
-40.464,-4.068000000000005
-28.627999999999986,-19.06800000000001
-1.6920000000000046,-18.548
18.972000000000012,43.291999999999994
-18.043999999999993,-30.136000000000006
40.68000000000001,-8.096000000000014
24.923999999999992,-34.71200000000001
2.0999999999999908,3.063999999999978
-27.284,-0.8160000000000167
-7.811999999999997,-20.332000000000015
45.58,22.279999999999987
-8.307999999999982,24.24399999999998
23.287999999999997,-33.18000000000001
21.375999999999994,0.5759999999999987
-5.623999999999985,-3.2520000000000104
-11.176000000000009,21.795999999999992
30.532000000000004,3.8519999999999888
35.07200000000002,-22.99200000000001
-6.363999999999992,24.595999999999997
-19.57200000000001,11.752000000000006
-35.636,-3.4640000000000004
-32.01200000000001,31.50799999999998
-21.799999999999997,19.40799999999998
-34.852000000000004,29.90799999999998
-28.439999999999998,-24.587999999999997
7.224000000000008,-31.08000000000001
-1.0479999999999823,-34.584
50.84400000000002,39.836000000000006
-51.036,-18.284
-33.772000000000006,6.292000000000009
-42.08,-3.5679999999999934
-15.95200000000001,18.63999999999999
-22.360000000000003,-8.18000000000001
2.0560000000000134,10.592000000000002
-19.523999999999997,-44.444
12.312000000000012,-10.460000000000013
-11.599999999999987,-23.448
-8.264000000000005,-2.5800000000000045
21.74799999999999,-9.736000000000011
-4.096000000000011,-9.95600000000001
36.42000000000001,49.12799999999999
-33.672000000000004,25.37999999999998
41.812000000000005,-20.156000000000006
-44.516,29.396
-36.58799999999999,-32.300000000000004
-7.8359999999999985,-46.45600000000001
6.676000000000015,9.436
43.32799999999999,27.407999999999987
23.67999999999999,55.07599999999999
-20.087999999999994,30.06399999999998
-49.28,2.1239999999999926
-2.4720000000000075,-2.7880000000000127
37.707999999999984,42.20799999999998
27.244,38.80799999999998
21.127999999999993,46.743999999999986
33.16000000000001,25.979999999999983
45.764,4.459999999999997
44.556,20.37199999999999
24.63200000000001,-35.86800000000001
31.696000000000012,30.523999999999994
19.10799999999999,-34.076000000000015
-9.704,-21.31200000000002
-42.052,22.763999999999985
4.123999999999994,2.0279999999999854
12.952000000000009,20.74799999999999
18.503999999999987,-12.868000000000002
-37.2,33.42799999999999
9.192,24.2
9.695999999999994,-5.100000000000016
-23.696000000000005,16.54
11.936000000000014,9.70399999999998
22.94399999999999,-3.49600000000001
-47.428000000000004,8.335999999999988
-53.252,-15.544000000000002
-34.007999999999996,-12.624000000000002
-44.156000000000006,-4.6680000000000055
-28.032,4.347999999999974
-9.323999999999998,15.251999999999999
6.252000000000013,-47.66400000000001
-17.784,-2.1160000000000068
50.775999999999975,37.08
-31.223999999999997,-12.55200000000002
-3.212000000000015,1.8279999999999852
30.884,-27.07600000000001
9.776000000000007,-5.776000000000003
17.61999999999999,-43.94000000000001
-27.779999999999994,26.239999999999995
-0.9239999999999915,-23.972000000000016
27.064,9.23999999999998
-52.1,18.56399999999998
-19.067999999999998,-43.336000000000006
-21.696000000000005,-19.016000000000012
29.832000000000015,-16.408
-8.18399999999999,-44.808000000000014
-46.556,23.43599999999999
-28.764,-8.53600000000001
-25.632000000000012,23.739999999999984
5.224000000000006,-0.7320000000000215
22.964000000000006,-15.044000000000002
40.832,-7.444000000000006
44.15599999999999,18.36
20.063999999999993,-19.932000000000016
39.504000000000005,-7.7840000000000025
24.019999999999996,35.50799999999998
-44.46,-24.072000000000017
-12.412,-22.620000000000008
-55.331999999999994,-19.048
-11.443999999999988,-34.924000000000014
-14.539999999999997,11.711999999999989
2.6960000000000095,7.323999999999997
29.116000000000007,16.923999999999985
45.41599999999999,-10.08000000000001
-33.02799999999999,-27.976000000000013
-46.316,18.32799999999999
41.428,19.567999999999984
11.368,15.172000000000008
4.719999999999991,-19.967999999999996
-54.14399999999999,15.192000000000005
47.964000000000006,-2.9440000000000133
-19.66,24.556
-20.467999999999996,18.747999999999987
23.947999999999993,28.127999999999975
-0.7120000000000015,-8.552000000000016
-31.284,40.315999999999995
38.38399999999999,8.031999999999995
24.140000000000008,10.187999999999974
28.84,20.019999999999992
46.95200000000001,20.987999999999985
-33.016,22.887999999999977
27.444000000000003,-4.492000000000007
6.699999999999995,5.671999999999988
18.555999999999994,7.727999999999979
-36.184,9.46
2.8079999999999883,5.471999999999988
14.636000000000005,-25.536000000000016
25.827999999999985,9.192
23.187999999999988,-10.392000000000012
28.6,-27.432000000000013
-9.620000000000006,11.343999999999976
41.86399999999999,24.551999999999996
30.556000000000004,21.16
46.632000000000005,17.38399999999998
11.047999999999991,23.43599999999999
-45.151999999999994,-10.15600000000001
12.983999999999995,17.323999999999984
-9.776000000000007,12.759999999999994
-15.744000000000003,12.67999999999998
-2.0199999999999996,4.519999999999991
6.547999999999998,-28.524000000000004
29.136000000000006,41.779999999999994
-9.387999999999996,-5.612000000000017
-55.8,-10.704000000000002
-27.059999999999995,17.891999999999996
6.723999999999997,17.135999999999996
12.816000000000006,10.572000000000003
27.512000000000004,-27.140000000000008
-37.523999999999994,-17.56000000000001
36.436,-1.7960000000000198
31.36000000000001,19.212000000000007
13.232,-37.56
-29.627999999999986,32.71599999999999
-12.831999999999999,-16.704000000000008
20.028000000000002,-4.347999999999996
22.45600000000001,-24.94400000000001
31.36399999999999,56.98400000000001
-20.424,3.2399999999999984
-16.683999999999987,-32.232000000000006
-0.32799999999999496,-19.496000000000013
4.947999999999997,-27.70800000000001
-21.772000000000002,-14.25200000000002
9.943999999999997,-40.98400000000001
34.472000000000016,-35.51200000000001
28.00799999999999,-23.087999999999997
-28.77200000000001,8.392
-40.94399999999999,0.5759999999999987
17.86000000000001,-21.18000000000001
15.216000000000008,28.259999999999998
20.72799999999999,-42.62400000000001
-33.132000000000005,7.312000000000007
24.123999999999988,50.292
-37.083999999999996,-13.607999999999997
-24.483999999999995,-11.876000000000008
52.459999999999994,15.759999999999996
-28.487999999999992,-1.1360000000000037
7.976000000000005,-18.420000000000016
8.296000000000014,-48.732000000000006
34.02399999999999,13.603999999999994
-55.2,-10.128000000000004
28.383999999999986,40.403999999999996
25.56799999999999,38.54
-28.284,-28.82000000000001
-53.727999999999994,-9.556000000000008
49.980000000000004,37.856
16.559999999999995,2.5799999999999823
25.407999999999987,44.719999999999985
12.315999999999994,19.17199999999999
-8.232000000000017,0.37199999999999456
48.30799999999999,27.495999999999988
-50.87199999999999,-14.984000000000009
-45.379999999999995,25.536
15.64000000000001,-2.180000000000004
2.059999999999995,-48.784000000000006
-41.356,5.86399999999998
-38.708,-7.424000000000008
-23.756,-23.724
17.92799999999999,-12.992000000000015
-13.796000000000008,-38.244
11.787999999999998,-1.544000000000012
14.559999999999995,-13.772000000000018
-26.903999999999996,-39.77600000000001
3.8120000000000154,-49.02000000000001
31.71600000000001,-43.12000000000001
-43.76,-24.980000000000015
14.812000000000003,-24.37600000000001
-29.932000000000002,-24.120000000000008
20.66000000000001,40.103999999999985
-8.904,-17.59200000000002
18.132000000000016,-11.308000000000007
46.872,-5.436000000000019
6.616,-4.3400000000000105
-20.81200000000001,-37.02000000000001
23.927999999999994,9.732000000000006
36.572,39.076
-41.208,-19.364000000000004
-17.32799999999999,-43.232000000000006
25.103999999999992,-30.79200000000001
16.700000000000003,14.647999999999994
26.668000000000003,-26.168000000000013
35.94,-23.812000000000012
20.08399999999999,66.05599999999998
-1.4399999999999968,-20.760000000000012
-45.072,12.836000000000002
5.088000000000004,-44.54800000000001
12.192000000000004,7.02799999999999
0.06399999999999739,0.6039999999999823
-12.768,31.675999999999995
20.136,55.31599999999999
24.984000000000005,54.115999999999985
-45.704,-24.868000000000002
24.807999999999986,24.55999999999998
-14.271999999999995,19.991999999999987
-27.272000000000006,8.295999999999992
-20.876000000000005,1.5879999999999894
20.487999999999996,-36.436000000000014
-11.763999999999996,30.471999999999987
48.58,13.727999999999984
17.636000000000006,18.276000000000003
7.316000000000011,-16.09600000000001
37.568,-6.024000000000007
21.816000000000013,1.303999999999994
22.019999999999996,38.66399999999999
20.624,-28.564
-24.583999999999996,-32.188
-2.7839999999999865,-42.51200000000001
-23.996000000000006,-33.808000000000014
25.192000000000014,45.33999999999998
36.596000000000004,-19.21600000000001
15.860000000000007,-18.53600000000001
44.544000000000004,-15.688000000000002
37.61600000000001,-27.152000000000008
26.595999999999997,-30.39600000000001
-40.59199999999999,23.331999999999997
-21.783999999999992,-43.420000000000016
-22.823999999999998,-17.252000000000013
-33.54799999999999,-28.26000000000001
-45.379999999999995,14.359999999999996
23.439999999999994,-4.800000000000004
-11.719999999999997,-21.11200000000002
-9.996000000000006,2.0319999999999894
37.02799999999999,42.44799999999997
25.827999999999985,23.272000000000006
-18.740000000000002,2.1199999999999886
-15.55200000000001,-32.32800000000001
32.236,1.1079999999999757
39.260000000000005,51.69999999999999
16.776000000000014,-23.892000000000014
-8.875999999999994,-0.16800000000001258
49.672000000000004,-3.0600000000000183
-45.73199999999999,18.432000000000002
24.6,-31.076000000000015
11.727999999999984,-10.472000000000016
23.839999999999996,-9.03600000000001
11.495999999999995,-36.128000000000014
-0.08799999999999919,1.1679999999999913
-44.176,-2.3279999999999967
12.260000000000005,-23.020000000000007
-55.3,-3.0440000000000023
-21.032000000000007,-39.16400000000001
-23.367999999999988,17.731999999999992
-17.752000000000013,-33.95600000000001
-17.052,4.596
-46.12,5.996000000000001
19.643999999999995,23.159999999999982
-10.887999999999987,-49.280000000000015
28.64,30.807999999999993
46.912,38.195999999999984
44.456,23.903999999999993
49.2,35.616
-4.719999999999991,0.43199999999998795
-32.656000000000006,-8.344000000000007
41.44399999999999,36.5
-13.372000000000007,-1.4120000000000132
-9.264000000000006,-42.70400000000001
10.852000000000018,-5.67200000000001
45.18,49.507999999999974
35.792,-36.220000000000006
-9.539999999999992,-2.2280000000000078
27.015999999999995,-42.908000000000015
-33.940000000000005,-25.592000000000013
27.264,22.655999999999988
33.788,-7.716000000000012
-41.58,-7.216000000000022
-27.376,-3.9160000000000084
-50.571999999999996,16.891999999999996
-21.755999999999997,33.675999999999995
33.18000000000001,-15.348000000000006
11.752000000000006,-44.34800000000001
33.31999999999999,9.855999999999998
-14.407999999999998,26.627999999999986
-24.075999999999997,-28.692000000000007
15.080000000000005,-31.940000000000012
-4.912000000000005,15.403999999999996
19.804,-37.66400000000001
36.256,35.511999999999986
-9.116000000000014,-22.104000000000003
27.804000000000006,-33.308000000000014
53.73599999999998,34.852
-43.120000000000005,-30.196000000000012
27.247999999999983,14.295999999999998
28.772,-40.224000000000004
13.047999999999993,34.63999999999998
-40.839999999999996,-24.316000000000017
-3.7639999999999896,17.423999999999996
-35.916000000000004,-15.972000000000019
-33.96399999999999,-16.31600000000001
6.855999999999995,23.30399999999999
-5.323999999999995,-38.684000000000005
-2.2479999999999833,-13.344000000000001
-17.39600000000001,-25.384000000000007
17.599999999999994,-29.432000000000002
17.403999999999996,-42.332
52.49599999999999,6.796000000000002
-0.43999999999999595,-42.296000000000014
-29.096,1.9839999999999858
51.18000000000001,32.48399999999998
-6.803999999999988,3.9120000000000044
-26.84399999999999,13.115999999999994
-28.207999999999988,-5.856000000000017
-22.107999999999993,-7.076000000000016
52.312000000000005,13.355999999999991
-35.016000000000005,8.147999999999978
12.016000000000005,-8.508000000000004
-55.791999999999994,-2.7800000000000047
17.764000000000003,-43.41600000000001
-8.156000000000008,-49.73600000000001
-18.17599999999999,-45.864000000000004
-29.084,6.915999999999989
-27.33200000000001,-24.820000000000007
21.043999999999997,-41.368000000000016
-50.784,-8.824000000000009
-5.203999999999986,8.939999999999992
1.876000000000011,-49.892
-43.396,-5.256000000000016
18.81600000000001,46.167999999999985
-30.779999999999998,15.54
-41.564,-13.412000000000013
35.372,53.86
42.104000000000006,0.5079999999999751
-1.415999999999995,-22.996000000000016
29.276000000000014,14.763999999999978
-31.743999999999993,-14.604000000000006
34.35999999999999,-26.136000000000013
-51.144,11.475999999999997
-8.392,-18.57200000000002
1.316000000000006,-28.676000000000013
5.132000000000003,-32.864000000000004
-4.859999999999998,5.671999999999988
24.0,53.03199999999999
16.55200000000001,-17.696000000000012
-42.556000000000004,-1.0240000000000027
23.347999999999992,25.307999999999975
18.856000000000005,-42.260000000000005
5.560000000000009,10.93599999999999
-17.203999999999997,-21.056000000000008
-3.1279999999999974,-22.83200000000002
33.84400000000001,-6.587999999999994
34.396,0.7160000000000055
46.664000000000016,34.876
26.36799999999999,-39.292
-4.276000000000013,-36.584
9.860000000000003,19.34799999999999
6.996000000000002,7.623999999999986
-27.336000000000006,5.323999999999995
-30.820000000000004,4.959999999999987
9.748000000000001,-24.264000000000006
29.528,42.69199999999999
-31.992000000000008,-15.836000000000016
7.49200000000001,-23.280000000000012
-17.68399999999999,4.56399999999999
28.983999999999988,52.64
-20.096000000000004,20.107999999999993
-20.656000000000006,-32.50800000000002
31.587999999999994,35.352000000000004
25.78,-33.044000000000004
-55.75600000000001,-13.688
6.33999999999999,8.860000000000001
-23.444,-4.81600000000002
-48.924,9.93599999999999
-46.476000000000006,-22.43200000000002
-48.364,19.795999999999992
22.092,-35.82800000000002
-24.616000000000003,34.24799999999999
45.10000000000001,5.8559999999999945
-3.8799999999999946,8.367999999999975
14.152000000000008,-20.972000000000012
-57.628,-14.372000000000018
21.16,-16.47200000000002
19.204,18.452
-17.720000000000002,-28.432000000000013
51.668000000000006,23.112
28.54000000000001,45.072
-25.612000000000002,-18.012000000000018
4.056000000000015,30.027999999999988
-0.27600000000000957,-15.736000000000017
-21.096000000000004,20.143999999999984
-37.172,-32.2
19.048,-39.644
-42.791999999999994,11.192000000000002
13.692000000000014,-36.728000000000016
46.11599999999998,16.69999999999998
-23.083999999999993,29.796
7.196000000000002,-15.176000000000013
46.18,31.631999999999994
11.652000000000019,6.5079999999999805
-43.267999999999994,17.92799999999999
24.760000000000005,22.867999999999977
1.0000000000000009,9.087999999999985
21.272000000000002,-33.116000000000014
31.152,21.00799999999998
7.572000000000001,-4.0160000000000196
-14.016000000000005,-5.612000000000017
-48.943999999999996,10.511999999999988
-49.132,-25.076000000000008
11.856,-27.648000000000007
51.43200000000001,15.036000000000005
-47.132,-4.61600000000002
44.428,3.5439999999999916
-28.267999999999994,-39.70400000000001
-16.81600000000001,-38.70800000000001
40.276,21.77199999999999
29.627999999999986,-32.00400000000001
17.100000000000005,-20.876000000000015
26.703999999999994,54.98399999999999
-11.860000000000003,-26.172000000000008
15.568000000000005,-27.612000000000002
27.796,-39.104000000000006
-37.28399999999999,-29.68400000000001
25.063999999999997,10.57999999999999
-19.532000000000004,-40.392
2.38799999999999,21.975999999999996
6.112000000000006,5.50799999999998
5.583999999999989,-36.29600000000002
35.696,34.26799999999999
-18.887999999999995,7.699999999999996
19.532000000000018,-39.33600000000001
37.68,13.719999999999999
18.460000000000008,-30.576000000000015
20.892,28.727999999999977
18.716,-51.34800000000001
35.44399999999999,45.092
30.903999999999996,-6.372000000000022
11.787999999999998,1.3879999999999892
-42.20399999999999,-12.084000000000007
27.360000000000007,-23.184000000000005
37.827999999999996,-31.996000000000013
50.12799999999999,40.44399999999999
-17.37200000000001,20.62799999999998
14.724000000000004,-37.06400000000001
-30.132000000000005,1.6599999999999948
-16.83999999999999,-41.68400000000001
26.200000000000003,10.627999999999993
-16.056000000000004,-1.5840000000000076
12.324000000000002,-20.67200000000001
-21.547999999999988,-5.412000000000017
7.22799999999999,-36.232000000000006
47.687999999999995,8.075999999999993
-53.815999999999995,-4.508000000000001
-1.5079999999999982,1.976
-3.371999999999997,-14.232000000000012
12.663999999999987,-9.256000000000009
-25.75200000000001,34.56399999999999
50.46400000000002,40.97200000000001
-13.900000000000002,17.252000000000002
38.17999999999999,20.283999999999992
-29.592000000000006,19.591999999999988
25.019999999999996,-49.208000000000006
-49.10399999999999,-29.15200000000001
-18.316,-1.4440000000000008
-12.943999999999999,-29.104000000000006
19.808000000000003,1.8199999999999994
35.93200000000001,-11.556000000000012
-46.128,12.167999999999978
-45.592,0.09200000000000319
-11.695999999999994,-43.06000000000001
2.9879999999999907,-35.28800000000001
20.428,-1.3920000000000154
-24.26799999999999,-6.7720000000000224
-37.22,-22.73600000000001
13.307999999999986,-48.83600000000001
-3.432000000000013,18.16399999999998
-33.276,15.279999999999983
40.127999999999986,22.272000000000002
-17.512000000000015,0.25599999999998957
16.892000000000017,-9.43600000000001
-32.724,-35.90800000000001
38.84799999999999,25.727999999999973
-15.955999999999992,-35.964000000000006
26.903999999999996,54.48799999999998
3.627999999999987,-17.04000000000001
22.33200000000002,-37.572
16.080000000000005,-51.324000000000005
24.636000000000013,22.316000000000003
29.103999999999996,-22.452000000000016
-2.9959999999999987,-34.620000000000005
20.092,19.81200000000001
-47.888,-18.220000000000013
22.795999999999992,16.90799999999999
-48.67199999999999,0.6199999999999983
-3.923999999999994,-14.148000000000005
-16.967999999999982,14.592000000000006
12.33200000000001,4.799999999999982
22.63200000000001,38.1
13.816000000000006,12.579999999999991
33.264,27.179999999999982
51.580000000000005,40.656000000000006
38.42000000000001,-16.744000000000003
-2.5439999999999907,-22.884000000000004
49.17599999999997,28.987999999999992
33.596000000000004,-14.924000000000003
20.384,-15.352000000000022
-35.75200000000001,-21.540000000000003
53.928,26.48799999999998
-11.292000000000012,-0.7079999999999975
5.9800000000000075,-47.04400000000001
-18.34,22.536
-55.468,9.975999999999985
20.18,60.012
31.108000000000004,58.36400000000002
10.843999999999987,2.9039999999999955
-16.959999999999997,-20.13600000000001
28.532000000000004,-44.22400000000001
8.840000000000003,-18.31200000000002
7.187999999999994,-32.308000000000014
23.94399999999999,-37.37600000000001
12.768,56.84
-26.78799999999999,-33.82400000000001
-52.72,-6.276000000000015
-12.104000000000003,-8.796000000000015
25.407999999999987,66.49199999999999
42.023999999999994,18.923999999999985
3.9879999999999916,-12.396000000000019
18.744000000000007,-35.88000000000001
23.216000000000015,1.183999999999985
-10.787999999999997,-40.12800000000001
31.576000000000004,37.803999999999995
3.1320000000000014,23.343999999999987
-4.2200000000000015,-41.66800000000001
-30.64,25.403999999999982
-15.692000000000018,-32.92800000000001
12.884000000000007,-32.15600000000002
-19.492000000000008,21.01599999999999
-58.9,13.935999999999993
44.008,12.479999999999979
29.983999999999988,-43.42800000000001
-20.443999999999996,13.31199999999999
22.14400000000001,44.18
8.600000000000009,-37.992000000000004
-13.124000000000002,7.547999999999977
-53.068000000000005,-21.364000000000004
-41.772,-1.1240000000000139
-0.6999999999999895,2.9799999999999827
11.183999999999994,-49.084
9.087999999999985,-1.4639999999999986
45.28000000000001,-16.54800000000001
-39.856,-17.608
18.999999999999993,-21.368
-50.583999999999996,-9.616000000000014
40.84000000000001,6.099999999999994
-12.856000000000002,13.563999999999998
-41.715999999999994,-33.62400000000001
42.36,26.603999999999985
-18.672,6.955999999999984
-56.74399999999999,15.067999999999993
38.744,29.616
-27.036000000000005,-15.932000000000013
27.400000000000002,16.276000000000003
-41.976,-4.732000000000025
-44.724,-9.740000000000004
-25.99600000000001,10.54799999999998
-54.556000000000004,-5.096000000000012
-56.452000000000005,0.5799999999999805
-32.163999999999994,-39.37200000000001
33.80799999999999,16.403999999999996
15.756000000000014,-30.644000000000005
14.976000000000012,-26.78800000000001
35.82399999999999,46.896
39.77600000000001,11.823999999999991
-12.536000000000014,-28.380000000000006
19.296000000000003,-50.38000000000002
9.48,-6.628000000000012
-34.544,21.65999999999999
-49.516000000000005,23.039999999999992
22.787999999999986,26.532
32.80399999999999,44.68399999999999
53.224000000000004,27.26799999999998
-8.596000000000004,13.251999999999997
42.28799999999999,5.8599999999999985
-33.087999999999994,-17.696000000000012
-51.84399999999999,14.047999999999995
-0.41200000000001236,3.923999999999994
-14.467999999999993,-39.61600000000002
-42.047999999999995,-16.67200000000002
-22.024,28.556000000000004
-22.427999999999994,18.403999999999996
21.004,-17.99200000000002
-42.152,-32.144000000000005
-3.9160000000000084,22.583999999999982
10.748000000000001,9.555999999999987
7.072000000000012,-13.46400000000001
34.236,12.931999999999988
-7.7280000000000015,15.296
17.59600000000001,22.927999999999994
45.61999999999999,40.83999999999999
6.547999999999998,-17.932000000000016
40.74799999999998,1.0399999999999965
-19.836,30.579999999999984
26.896000000000008,10.636000000000001
-38.75999999999999,-33.36800000000001
-19.507999999999992,11.179999999999989
25.27600000000001,23.099999999999987
8.023999999999987,20.887999999999973
-2.963999999999989,3.939999999999988
-0.9800000000000031,7.712000000000008
14.676,-20.864000000000004
-31.467999999999996,-5.092000000000008
39.379999999999995,9.552000000000005
-27.803999999999995,-8.16000000000001
31.783999999999992,0.8159999999999945
17.81600000000001,-7.604000000000011
11.548000000000002,-52.044000000000004
-0.012000000000012001,-47.59600000000002
28.632000000000012,39.096
18.764000000000003,21.743999999999986
-34.123999999999995,-32.29200000000001
5.996000000000001,-48.296000000000014
-39.571999999999996,-1.5040000000000164
-1.1519999999999975,-13.46400000000001
-26.372000000000007,27.051999999999985
-46.024,25.415999999999993
-10.576000000000008,25.052000000000007
-1.0279999999999845,1.6839999999999966
-0.8760000000000101,-11.768
-20.740000000000002,-9.764000000000006
34.60000000000001,-27.152000000000008
-11.484000000000005,-20.31200000000002
5.336000000000007,15.04399999999999
-20.85600000000001,20.892
21.76,37.87999999999998
25.23200000000001,3.267999999999982
-25.3,-22.528000000000002
5.752000000000002,8.987999999999975
-45.85600000000001,-16.328
-22.592000000000002,-21.13200000000002
-18.876000000000005,0.23199999999998777
-0.33600000000000296,-7.440000000000002
10.376000000000008,13.207999999999975
-56.428,18.16399999999998
14.536000000000016,50.81199999999999
-38.768,-34.22400000000001
38.57600000000001,-11.212000000000021
-14.999999999999991,-8.916000000000013
50.27599999999999,0.33199999999999896
40.756000000000014,33.524
18.316,-1.3440000000000119
-18.916,-21.467999999999996
-4.292000000000007,-14.600000000000012
48.232000000000006,37.763999999999996
29.85200000000001,-4.364000000000012
25.415999999999993,7.467999999999986
-9.116000000000014,-48.992000000000004
19.512000000000018,8.519999999999994
25.679999999999993,59.644000000000005
-48.907999999999994,-26.95200000000001
-27.676000000000002,-41.23600000000002
-30.799999999999994,-25.632000000000023
49.14400000000001,17.612000000000005
-38.036,29.927999999999976
38.82399999999999,17.63999999999999
21.787999999999986,-3.820000000000001
-10.099999999999998,8.235999999999999
44.784,-11.092000000000013
-21.043999999999997,4.699999999999993
31.84799999999999,-36.66400000000001
-31.36399999999999,-35.75200000000001
-28.223999999999993,-3.092000000000006
12.463999999999986,-31.224000000000007
49.82400000000003,7.66
23.16400000000001,50.45599999999999
-31.356000000000005,-7.323999999999997
-29.900000000000006,-12.572000000000017
35.388,5.615999999999999
10.052000000000017,4.191999999999996
41.54,-12.584000000000007
-25.208,-35.48000000000001
49.932,8.819999999999983
35.51600000000001,-5.703999999999998
23.175999999999995,62.983999999999995
-8.40399999999999,-4.944000000000015
49.664000000000016,38.36799999999998
-7.487999999999984,-23.264000000000006
-12.427999999999994,20.243999999999996
-30.996000000000002,-5.640000000000001
-59.516000000000005,1.0720000000000063
-57.128,25.932
23.10000000000001,-26.096000000000007
35.86,10.139999999999993
3.5679999999999934,30.343999999999994
-30.516,-21.572000000000013
47.16400000000001,28.492000000000004
28.876000000000012,36.13999999999999
-8.275999999999994,23.052000000000007
2.38799999999999,5.135999999999985
-21.767999999999986,15.155999999999992
-54.992,8.867999999999988
-43.704,-13.420000000000009
43.50000000000001,16.935999999999996
-57.023999999999994,3.51999999999999
-1.6079999999999872,-1.9240000000000146
34.62399999999999,-15.036000000000016
-0.5239999999999911,-34.28800000000001
-53.052,21.855999999999987
-32.04,4.579999999999984
-48.024,-23.24400000000001
-5.24,-46.32800000000002
33.548,19.296000000000003
8.400000000000007,-52.744
30.14000000000001,-33.08000000000001
45.835999999999984,20.699999999999985
53.18400000000001,31.623999999999985
-13.383999999999997,32.787999999999975
-24.727999999999994,-1.8360000000000154
47.064000000000014,29.956000000000003
27.384000000000007,29.723999999999997
-4.7639999999999905,15.943999999999981
24.347999999999992,65.068
-53.54399999999999,4.003999999999985
41.016000000000005,55.236
10.611999999999998,-17.300000000000004
1.2680000000000025,9.627999999999993
43.31200000000002,-14.448000000000006
-8.295999999999992,14.583999999999996
-38.368,6.543999999999994
-52.176,5.90799999999998
-28.779999999999994,-3.4800000000000164
26.516000000000005,43.02799999999998
-35.419999999999995,28.85199999999999
7.6160000000000005,-6.7720000000000224
20.232000000000006,-13.504000000000005
-34.940000000000005,-12.736000000000015
-6.963999999999992,-16.776000000000014
17.09200000000002,52.523999999999994
-34.65200000000001,-6.3120000000000065
23.896000000000008,49.05599999999999
28.679999999999993,16.527999999999988
-41.300000000000004,12.871999999999995
-50.348000000000006,4.695999999999989
-39.00399999999999,-15.376000000000012
-3.9800000000000058,-0.9720000000000173
-41.75600000000001,2.536000000000005
-0.0760000000000094,21.48399999999999
24.56799999999999,-44.080000000000005
-11.007999999999996,-11.984000000000005
53.79599999999998,4.667999999999983
44.276,38.164
4.424000000000006,2.4239999999999817
39.22000000000001,6.335999999999986
-27.236000000000004,19.603999999999978
-14.104000000000006,25.47599999999999
-52.22,-2.4720000000000075
34.78000000000001,44.632000000000005
-26.059999999999995,5.283999999999978
-38.896,-16.808
26.547999999999995,61.344
13.379999999999992,7.776000000000005
-40.983999999999995,-17.032000000000014
41.124,-12.287999999999998
-49.328,19.907999999999994
20.123999999999988,-4.868000000000006
-41.36,-31.83600000000001
25.863999999999997,40.54
-55.496,17.116
-22.472,16.859999999999985
-17.896,9.027999999999992
36.08,33.46
-18.46399999999999,20.779999999999998
7.176000000000005,-28.65200000000001
41.964,40.20799999999998
-51.684,13.27999999999998
20.36,15.291999999999994
12.919999999999998,54.156000000000006
-44.788000000000004,-10.624
16.964000000000002,46.68399999999999
29.20799999999999,-46.47600000000002
-7.9399999999999915,-49.192
43.396000000000015,-17.900000000000006
-19.252000000000002,2.8839999999999977
23.364000000000008,28.003999999999984
13.783999999999995,53.732
36.352000000000004,23.912
23.316000000000003,61.62400000000001
48.96799999999999,27.14399999999999
0.24399999999999977,9.163999999999994
15.359999999999996,-22.304000000000002
26.692000000000004,0.18399999999998418
10.93200000000001,-25.407999999999998
-9.579999999999988,-18.884
-19.116,0.7360000000000033
-9.852000000000016,-4.17200000000002
28.752,-22.952000000000016
-32.59200000000001,-11.720000000000008
26.888,3.5359999999999836
43.81600000000001,19.012000000000008
-19.999999999999996,-25.888000000000012
34.592,25.72399999999999
21.516000000000002,-38.21200000000001
3.9039999999999964,1.4479999999999826
54.67200000000001,26.479999999999993
-39.93600000000001,-15.720000000000011
-36.80799999999999,0.8319999999999883
-2.400000000000002,-21.520000000000007
37.13200000000001,30.44399999999998
-49.596000000000004,-20.804000000000002
-27.903999999999996,-26.636000000000017
31.600000000000005,54.26
-15.203999999999995,-40.70000000000002
29.108,35.696
26.716000000000008,52.45599999999999
-42.568000000000005,27.515999999999984
44.81999999999999,4.011999999999993
17.124000000000006,-36.08000000000001
-14.347999999999983,-30.508000000000013
-43.48,-18.80400000000001
-5.93999999999999,-42.532000000000004
14.472000000000019,59.65599999999998
-30.715999999999998,5.479999999999996
19.46000000000001,-25.660000000000004
-27.559999999999995,-25.384000000000007
-49.836000000000006,-0.6600000000000161
-27.436000000000003,-10.928000000000004
53.980000000000004,35.431999999999995
-23.832000000000008,-14.832000000000011
-1.083999999999996,-32.116000000000014
-47.132,-0.21200000000001218
-21.46,-31.82400000000001
-28.312000000000005,7.447999999999988
-11.915999999999993,-29.420000000000012
-48.976,-24.45200000000002
-46.843999999999994,26.383999999999986
-46.632,-28.548000000000005
16.047999999999995,-40.576000000000015
-37.839999999999996,20.16399999999998
20.072000000000003,14.767999999999981
46.048,37.33199999999999
-19.187999999999995,19.987999999999985
16.112000000000016,50.46799999999998
-22.012000000000008,4.663999999999979
-22.963999999999995,29.067999999999984
9.287999999999986,6.576000000000004
-35.22,-0.9760000000000213
47.33200000000002,-9.332000000000019
27.04,9.987999999999975
33.348,37.283999999999985
31.68799999999998,-26.540000000000006
40.88799999999999,22.799999999999997
-13.127999999999984,17.247999999999976
23.140000000000004,-22.908000000000005
18.832000000000004,-38.41200000000001
-14.808,13.627999999999973
16.559999999999995,-31.452
-49.42399999999999,25.923999999999992
8.287999999999984,-7.772000000000023
-38.49199999999999,-15.727999999999998
-34.50399999999999,-32.764
24.375999999999998,0.9959999999999969
25.363999999999987,-46.18000000000001
18.26000000000001,45.56
17.70799999999999,-35.864000000000004
29.867999999999984,8.651999999999994
34.367999999999995,-21.504
-30.259999999999998,10.799999999999986
-27.987999999999992,-33.34000000000002
-9.69200000000001,27.092000000000006
-36.94799999999999,29.68799999999998
26.32000000000001,8.499999999999996
-13.251999999999997,-10.112000000000021
0.9679999999999911,3.523999999999994
-18.223999999999997,-12.107999999999997
-4.376000000000002,15.41999999999999
-41.972,-0.06399999999999739
25.083999999999996,4.415999999999998
50.308,33.01999999999998
-27.764,-10.464000000000006
-3.171999999999997,-12.924000000000003
-20.896000000000004,28.967999999999993
46.735999999999976,41.64399999999999
48.648,23.072000000000003
-34.56799999999999,-30.76000000000001
-15.692000000000018,9.123999999999977
27.592000000000017,-42.51200000000001
-17.903999999999986,0.8679999999999799
15.652,-4.727999999999999
44.92799999999999,38.17599999999999
3.492000000000006,-19.712000000000018
36.31600000000002,40.58799999999998
-12.719999999999999,-14.600000000000012
-43.208,-9.048
-35.816,23.799999999999997
-2.8079999999999883,-16.35200000000001
47.8,-7.044000000000006
12.031999999999998,-35.680000000000014
36.20000000000001,15.327999999999985
-30.236000000000008,-12.056000000000012
3.923999999999994,-46.656000000000006
8.163999999999994,28.403999999999986
35.58000000000001,43.711999999999996
39.028,1.0720000000000063
15.440000000000008,44.476000000000006
28.58799999999999,36.952000000000005
-11.031999999999996,27.34399999999999
6.847999999999987,-33.31200000000001
-0.6560000000000121,-43.94800000000001
24.580000000000002,-29.14000000000001
1.863999999999999,16.559999999999995
34.84400000000001,50.255999999999986
35.400000000000006,50.452000000000005
-10.064000000000007,-34.53600000000001
-41.564,-2.3720000000000185
-32.35600000000001,-4.200000000000004
22.472,-29.264000000000003
32.635999999999996,-13.400000000000013
-26.580000000000005,-40.78800000000001
-20.163999999999994,27.312000000000005
9.684000000000005,-46.388000000000005
-41.236000000000004,19.16399999999998
-36.9,16.179999999999993
23.575999999999997,-16.644000000000002
-25.703999999999994,-12.924000000000003
49.115999999999985,26.103999999999992
-37.172,18.891999999999996
51.72400000000002,39.90799999999999
4.196,15.867999999999993
36.72,12.735999999999992
-51.832,12.315999999999994
41.379999999999995,28.083999999999996
-38.376,-28.232000000000014
43.28000000000001,1.8399999999999972
12.203999999999994,-13.812000000000014
48.50000000000001,37.21600000000001
6.591999999999998,-9.176000000000018
24.883999999999993,23.380000000000003
-23.324,-39.392
32.192,-19.756000000000018
-41.488,0.7599999999999829
3.367999999999993,5.487999999999982
6.787999999999994,-8.044000000000008
-43.908,-11.380000000000013
-51.007999999999996,8.583999999999993
-15.436000000000005,-45.860000000000014
10.807999999999996,-7.523999999999997
19.43999999999999,-33.43200000000001
-41.02,-3.3760000000000234
-39.44399999999999,3.8439999999999808
-56.668,2.732000000000001
29.103999999999996,-37.904
5.723999999999996,-33.02
33.07200000000001,8.796000000000003
24.16400000000001,-21.168
-20.624,-14.092000000000017
-38.60399999999999,9.743999999999996
-50.903999999999996,-5.812000000000017
-25.45200000000001,-31.712000000000007
-53.864000000000004,19.311999999999998
38.379999999999995,-14.144000000000002
1.3920000000000154,13.911999999999992
23.092000000000002,24.439999999999994
-22.30399999999999,7.055999999999996
44.848,43.57599999999999
-32.07600000000001,14.695999999999998
-43.023999999999994,9.895999999999994
20.863999999999994,-25.492000000000015
52.019999999999996,16.091999999999995
-16.267999999999994,15.647999999999973
-38.888,28.66399999999998
-29.172000000000008,-37.328
0.26399999999999757,-6.39200000000002
-3.064,15.54
16.168000000000006,59.86799999999999
35.66400000000001,37.30399999999998
1.6320000000000112,-14.116000000000017
-2.9239999999999933,16.13199999999999
11.963999999999997,61.144
-34.644,22.892000000000003
15.39600000000001,-50.428000000000004
-9.119999999999994,-30.77200000000001
-23.956,-30.308000000000014
-20.296000000000003,-44.080000000000005
-54.547999999999995,10.715999999999992
-8.756000000000007,4.8719999999999875
-16.147999999999985,12.147999999999982
12.020000000000008,-36.38000000000001
-8.252000000000015,-33.740000000000016
22.028000000000002,6.1919999999999975
-37.18,-36.852000000000004
44.14799999999999,-18.740000000000013
12.652000000000019,-20.292000000000023
18.423999999999996,-22.864000000000008
-23.160000000000004,2.2720000000000073
27.78799999999999,43.02799999999998
-9.527999999999981,20.76399999999998
15.663999999999989,-29.05200000000001
15.100000000000001,30.492000000000008
-32.79600000000001,21.536
19.91200000000002,49.727999999999994
-36.839999999999996,-19.05600000000002
32.983999999999995,2.3479999999999945
-13.027999999999995,10.859999999999982
-0.8399999999999963,8.347999999999978
22.87600000000001,-40.160000000000004
-32.196000000000005,-2.1720000000000184
10.695999999999994,-18.212000000000018
-22.052000000000007,-27.436000000000014
-42.476,23.956
13.876,21.307999999999993
12.872000000000018,19.092
-24.343999999999998,-23.624000000000002
-18.480000000000008,5.163999999999991
3.932000000000002,-23.580000000000013
-43.967999999999996,25.695999999999984
50.452000000000005,18.727999999999987
-17.403999999999996,-43.872000000000014
9.58000000000001,25.019999999999996
52.62,34.52799999999998
19.99200000000001,61.05999999999998
-52.456,17.023999999999994
21.916000000000004,6.767999999999974
11.183999999999994,-0.1520000000000188
-36.108,-26.25200000000001
30.587999999999994,28.092000000000006
17.988000000000003,-26.480000000000015
-14.871999999999996,23.21199999999999
23.772000000000016,63.97999999999999
-7.023999999999986,-43.26000000000001
-54.064,13.807999999999975
18.272,18.467999999999975
-27.476,4.127999999999976
40.676,40.84799999999997
26.312,5.255999999999994
26.336000000000006,-31.78000000000001
40.764,27.956000000000003
15.77200000000001,-21.404
27.327999999999996,14.839999999999986
30.816,38.323999999999984
-26.983999999999998,-0.28399999999999537
37.348000000000006,12.9
35.936000000000014,12.451999999999996
16.15200000000001,43.947999999999986
-29.612000000000005,-26.848000000000017
-29.779999999999994,27.719999999999988
34.036,-10.452000000000016
-40.908,-18.328
-39.239999999999995,-34.59600000000002
-43.379999999999995,21.755999999999997
11.376000000000008,9.519999999999996
-11.820000000000007,-35.632000000000005
22.828000000000003,61.12
-7.075999999999993,-21.85600000000001
27.967999999999993,-26.784000000000006
-1.6479999999999828,0.9839999999999849
33.27200000000001,49.864
18.203999999999997,-9.992000000000012
18.263999999999992,60.43599999999998
46.655999999999985,33.68
10.192,-41.592000000000006
25.327999999999996,-8.89200000000001
16.46399999999999,-35.28000000000001
-25.236000000000004,-13.344000000000001
10.443999999999987,-43.616000000000014
-28.743999999999993,-32.60400000000001
18.067999999999994,-48.16000000000001
-39.62,-24.468
-35.488,-20.58000000000001
-26.272000000000006,-12.940000000000007
34.23200000000002,15.939999999999998
-51.22,0.47999999999999154
39.623999999999995,35.480000000000004
-12.927999999999983,-17.380000000000006
-18.647999999999996,-42.016000000000005
5.20799999999999,21.615999999999993
26.059999999999995,-15.916000000000007
-35.76799999999999,-8.43600000000001
-20.063999999999993,-27.16400000000001
9.928000000000004,1.1079999999999757
-34.416000000000004,-25.116000000000017
-4.84,21.975999999999996
40.248,-5.012000000000016
-1.5800000000000036,-4.520000000000013
31.227999999999987,0.8999999999999897
10.892000000000014,27.576
-8.519999999999994,-17.964000000000002
-19.663999999999994,-22.000000000000007
4.923999999999995,-10.076000000000018
37.988,-12.660000000000004
-1.29999999999999,-25.948000000000015
-26.712000000000003,-12.168000000000001
29.78000000000001,36.559999999999995
21.36,-3.3960000000000212
-40.364,-22.83200000000002
1.29999999999999,10.57999999999999
35.440000000000005,-7.484000000000002
-41.071999999999996,-8.948
45.60400000000002,8.895999999999994
13.251999999999997,-38.404
-45.07600000000001,0.21999999999999797
-21.776000000000007,-5.964000000000014
-9.699999999999998,-21.89200000000001
-48.244,-4.112000000000027
-11.216000000000005,-11.15600000000001
-36.20399999999999,-7.8520000000000145
14.484000000000009,18.059999999999988
-19.836,-42.18000000000001
-33.104,4.583999999999988
-37.403999999999996,-25.084000000000007
41.756000000000014,9.831999999999997
54.84400000000002,29.372
35.724000000000004,3.2559999999999922
-23.719999999999995,7.9520000000000035
1.9200000000000106,-18.61600000000001
-21.963999999999995,32.73599999999999
-13.924000000000003,27.092000000000006
33.367999999999995,-39.85200000000001
-38.70399999999999,30.14399999999999
-21.279999999999998,-2.9120000000000257
-2.8240000000000043,-30.724000000000007
5.824000000000007,-7.432000000000016
43.112000000000016,-3.400000000000003
0.12799999999999478,-5.787999999999993
-30.392000000000007,-30.940000000000012
-22.183999999999994,21.98
1.2760000000000105,22.463999999999995
21.511999999999997,-10.336000000000013
-23.907999999999994,15.14399999999998
6.803999999999988,14.995999999999988
19.164,7.983999999999991
-29.676000000000002,-10.552000000000017
-19.804,3.347999999999973
-32.52799999999999,-6.880000000000019
51.27599999999999,3.6479999999999846
-14.124000000000002,-2.9240000000000155
-19.767999999999997,33.75999999999999
-9.099999999999998,-26.712000000000003
-58.072,5.423999999999984
-20.047999999999988,24.139999999999983
-24.687999999999988,-17.81600000000001
5.176000000000003,-35.23600000000001
-27.86799999999999,14.636000000000005
30.284,25.74399999999999
42.1,21.555999999999997
-25.919999999999998,22.20399999999998
-47.144,-19.076000000000015
-11.603999999999992,22.16799999999999
-42.992,-12.64400000000001
47.78400000000003,14.427999999999974
4.14000000000001,14.236000000000004
-33.68399999999999,3.51999999999999
52.616,8.15999999999999
3.183999999999987,-30.480000000000008
42.724000000000004,28.267999999999983
-13.779999999999992,-6.164000000000014
4.171999999999998,-14.668000000000003
7.69200000000001,-17.31600000000001
-55.336000000000006,2.8200000000000003
19.14799999999999,-24.984000000000005
-17.112000000000016,-30.708000000000013
11.992000000000003,-21.088000000000008
-32.940000000000005,34.816
-11.831999999999997,-11.324000000000002
37.60399999999999,-26.104000000000006
21.639999999999993,47.247999999999976
24.131999999999998,11.307999999999986
33.876,-22.452000000000016
23.360000000000003,41.412000000000006
37.524,23.01599999999999
-27.796,19.936
38.896,-27.32000000000001
19.31200000000002,-26.604000000000006
6.259999999999999,-5.436000000000019
-32.49999999999999,2.9879999999999907
40.116,16.543999999999983
22.452000000000005,13.335999999999991
27.923999999999992,-18.09200000000002
47.955999999999975,-6.396000000000002
34.31999999999999,49.90799999999997
39.284000000000006,18.992000000000008
-8.252000000000015,-45.38000000000001
42.004,12.783999999999995
14.040000000000008,-32.32000000000001
-34.355999999999995,16.471999999999998
15.332000000000011,2.403999999999984
35.08,39.047999999999995
15.583999999999998,24.075999999999986
-17.876000000000005,11.183999999999994
25.236000000000015,26.02
26.58799999999999,-7.543999999999995
42.74,-5.856000000000017
-26.003999999999994,16.516
24.78,38.35599999999999
-9.343999999999998,-15.536000000000016
18.423999999999996,-26.12000000000001
45.428000000000004,33.707999999999984
-21.307999999999993,-6.444000000000005
-40.32,20.223999999999997
-52.908,-7.984000000000002
-30.223999999999997,11.359999999999992
-50.839999999999996,18.99599999999999
-28.60799999999999,-9.808000000000005
-25.96799999999999,-29.600000000000005
4.276000000000013,-24.940000000000005
-9.040000000000003,7.087999999999983
-49.464,-19.69200000000002
36.904,-6.684000000000001
-30.132000000000005,-20.652000000000015
-12.447999999999993,-7.332000000000027
28.872000000000007,54.772
1.3720000000000176,-1.5920000000000156
-15.023999999999994,-21.33600000000001
-6.1919999999999975,-10.536000000000012
-22.592000000000002,10.071999999999992
3.1439999999999912,12.739999999999995
6.7560000000000064,-34.61200000000001
-44.912,-13.436000000000014
-20.232000000000006,-32.10800000000001
11.996000000000006,-47.02800000000001
15.072000000000019,-34.308000000000014
-29.67200000000001,-0.028000000000005798
-26.212000000000003,29.715999999999987
-58.483999999999995,7.283999999999979
4.527999999999999,27.591999999999995
-37.2,-21.08000000000001
9.968,30.89599999999999
-32.9,-33.412000000000006
41.14799999999998,4.36399999999999
-6.692000000000009,-34.29200000000001
34.91600000000001,-0.1560000000000228
19.267999999999997,0.21599999999999397
50.85200000000001,17.88399999999999
24.03200000000001,-4.876000000000014
-37.848000000000006,-29.876000000000012
-51.912000000000006,-7.592000000000021
39.55600000000001,40.052
15.023999999999994,8.283999999999981
42.080000000000005,36.38799999999998
30.56000000000001,47.42799999999998
-31.243999999999993,12.9
-34.996,-19.224000000000007
33.98000000000001,-18.940000000000012
-49.928000000000004,27.247999999999983
-2.6120000000000143,-44.84800000000001
-43.584,4.707999999999979
-53.428,2.047999999999983
7.704,-17.828
48.83599999999999,25.532
41.212,23.663999999999994
38.5,18.035999999999987
52.624000000000024,35.11599999999999
-32.09200000000001,19.432000000000006
50.784000000000006,9.572000000000003
-14.992000000000004,-5.056000000000016
-23.799999999999997,-2.1520000000000206
20.764000000000003,-0.35200000000001896
6.847999999999987,2.1560000000000024
-43.96399999999999,1.2399999999999967
33.98000000000001,36.17599999999999
-32.24799999999999,8.115999999999989
24.131999999999998,45.41599999999999
-44.78,1.7320000000000002
21.544000000000008,-36.86800000000001
-16.10799999999999,-11.392000000000014
-12.212,-31.776000000000014
26.392000000000017,-20.808000000000003
42.184,37.26799999999999
23.416000000000015,52.823999999999984
-36.34799999999999,16.299999999999983
3.09600000000001,-35.84800000000001
-24.403999999999993,-31.620000000000005
-1.6960000000000086,-10.972000000000016
42.344,44.84799999999998
12.660000000000004,-10.948000000000002
-43.099999999999994,27.37999999999998
-47.636,-4.292000000000007
31.996000000000002,-35.01200000000001
-25.756,15.671999999999997
-39.403999999999996,-32.28000000000001
-30.34,17.276000000000003
-58.940000000000005,12.119999999999997
-44.220000000000006,27.136000000000003
-48.62800000000001,-25.360000000000007
22.859999999999992,-35.11200000000001
18.944000000000006,26.559999999999985
-37.88399999999999,-14.960000000000006
-18.043999999999993,-16.488000000000003
17.776000000000014,47.632000000000005
23.887999999999998,-4.300000000000015
23.587999999999987,48.492000000000004
-30.923999999999996,-30.712000000000007
20.696000000000005,-26.136000000000013
-23.752000000000006,26.776
23.143999999999988,11.00399999999999
-18.291999999999998,15.052
-33.776,15.53199999999999
-11.992000000000003,-32.240000000000016
33.504,-37.32000000000001
-44.916,-15.564
-32.943999999999996,-10.984000000000005
22.25999999999999,24.84799999999998
18.112000000000016,-5.628000000000011
-43.608000000000004,-2.85200000000001
30.756000000000007,-44.412000000000006
-34.08399999999999,-1.3440000000000119
4.380000000000006,-34.304
-17.36,11.291999999999991
31.496000000000013,-33.05200000000001
19.344000000000005,58.20400000000001
5.084,-40.964
19.144000000000005,-23.74400000000001
10.343999999999998,-3.927999999999998
-23.387999999999987,25.21199999999999
5.367999999999995,27.25199999999999
-47.983999999999995,-6.284000000000001
33.099999999999994,38.72399999999998
-39.92,-21.232000000000017
-1.967999999999992,-27.544
-39.54399999999999,-13.22000000000001
-22.055999999999997,21.327999999999992
20.575999999999993,56.147999999999975
-38.85999999999999,-17.400000000000006
-10.363999999999995,4.015999999999997
51.528,18.43999999999999
-3.167999999999993,-3.1520000000000215
26.236000000000015,-9.660000000000013
-7.976000000000005,17.531999999999993
47.727999999999994,33.85199999999999
19.564000000000004,6.199999999999983
0.45999999999999375,26.247999999999983
46.064000000000014,14.583999999999996
38.22000000000001,33.123999999999995
41.824,23.45599999999999
-7.704,12.232
14.115999999999996,20.835999999999988
-14.632000000000001,-20.840000000000014
-42.224,2.9039999999999955
42.224,-0.7200000000000095
31.252000000000013,16.16799999999998
-32.983999999999995,-25.27600000000001
15.964,-43.02000000000001
-36.71200000000001,-2.7960000000000207
-58.23199999999999,13.123999999999981
33.46799999999999,-27.404000000000007
33.00399999999999,32.132000000000005
19.43999999999999,-21.03600000000001
-38.528,29.499999999999993
-46.364,11.667999999999989
25.07999999999999,43.51199999999999
16.183999999999997,10.839999999999982
-9.907999999999983,-31.452
-48.556,-23.228000000000005
12.563999999999997,8.831999999999995
32.58399999999999,6.599999999999984
37.08799999999999,-4.960000000000009
-1.532,17.007999999999978
52.95599999999998,12.463999999999986
-31.879999999999995,-0.8400000000000185
-28.056000000000004,-0.6120000000000125
25.540000000000006,-35.604
41.39200000000001,41.15199999999999
10.524000000000001,23.14799999999999
-22.37600000000001,-4.5720000000000205
-8.467999999999986,-27.24000000000001
20.619999999999994,-16.660000000000007
-45.708000000000006,-29.06000000000001
-42.931999999999995,-26.94000000000001
29.20799999999999,33.92399999999998
10.499999999999998,24.29999999999999
29.360000000000007,58.471999999999994
31.791999999999998,15.256000000000004
-19.85600000000001,16.15599999999999
21.843999999999998,19.867999999999974
-39.988,-12.172000000000017
38.852,5.203999999999986
18.023999999999994,-36.98000000000001
-23.21200000000001,10.147999999999978
29.56399999999999,-22.020000000000007
-5.852000000000013,0.28799999999997716
9.376000000000007,-28.924000000000007
2.192000000000016,21.47999999999999
-47.596000000000004,-13.980000000000015
23.584000000000003,14.92
-27.667999999999992,-9.90000000000001
47.404000000000025,23.536
28.163999999999987,-42.588000000000015
-46.224,-19.60400000000001
17.796000000000014,7.115999999999989
-38.788,-4.576000000000002
-21.840000000000003,-32.26000000000001
48.14000000000001,40.43999999999998
-20.38,-11.552000000000017
-48.40399999999999,-0.20000000000000018
-18.94,22.156
15.660000000000007,-25.13200000000002
-19.287999999999993,-4.980000000000007
23.320000000000007,-11.816000000000015
-3.5760000000000014,-36.15600000000001
-8.307999999999982,-16.032000000000014
-28.067999999999994,6.1799999999999855
6.143999999999994,-1.1279999999999957
-11.007999999999996,7.383999999999991
28.27200000000001,-38.18800000000001
-1.0440000000000005,27.976
47.632000000000005,17.447999999999976
43.15599999999999,-1.5079999999999982
31.696000000000012,41.127999999999986
-10.899999999999999,0.5360000000000031
37.952000000000005,-7.123999999999997
-35.592,-33.852000000000004
20.540000000000003,38.896
42.796000000000014,37.283999999999985
-32.58399999999999,20.12799999999999
-19.632000000000005,-11.136000000000013
4.056000000000015,30.567999999999973
-22.883999999999993,32.13999999999999
9.352000000000004,10.895999999999994
37.548,44.499999999999986
-6.952000000000003,-14.684000000000008
-53.592,-16.964000000000002
-28.936000000000007,-1.7880000000000118
-26.607999999999986,24.275999999999986
34.58000000000001,-3.612000000000015
-51.580000000000005,-11.280000000000012
-16.896,29.66399999999998
-16.392000000000007,-38.41600000000002
31.16399999999999,-15.716000000000008
32.407999999999994,41.30399999999999
-8.68,-46.46800000000001
-4.267999999999983,-27.012000000000004
33.716000000000015,10.22399999999999
-49.708,-6.3039999999999985
-30.352,15.795999999999989
9.132000000000007,-17.81600000000001
15.792000000000005,56.627999999999986
0.09600000000000719,-36.31200000000001
38.97200000000001,52.815999999999995
-9.348,5.767999999999973
11.332000000000008,-24.836000000000013
36.124,29.352
53.088,38.784
13.536000000000016,-7.016000000000022
-55.24399999999999,0.5560000000000009
37.51599999999999,-10.060000000000013
10.643999999999988,-40.604000000000006
-5.732000000000004,-10.608000000000006
28.235999999999994,1.7360000000000042
-7.107999999999981,6.987999999999994
10.043999999999986,12.683999999999983
41.5,11.819999999999986
19.100000000000005,-30.376000000000015
8.244000000000007,13.943999999999978
-41.815999999999995,-19.480000000000008
-36.419999999999995,9.975999999999985
35.864000000000004,31.803999999999988
-28.336000000000006,27.936000000000007
-34.943999999999996,-15.456000000000014
47.54799999999999,-4.523999999999995
17.64399999999999,-46.884
-25.947999999999993,-30.664
23.375999999999998,68.112
-36.608,-27.99600000000001
-10.672000000000015,-46.09600000000002
3.2279999999999864,-49.184000000000005
26.560000000000006,-23.488
23.25600000000001,67.00399999999999
-8.620000000000005,-47.92000000000001
24.416000000000015,-49.304
8.896000000000015,-42.7
-13.223999999999991,14.483999999999986
-50.516000000000005,21.355999999999998
22.792000000000012,22.096000000000004
13.156000000000013,-7.8440000000000065
23.575999999999997,2.756000000000003
-28.664,34.592
18.199999999999996,41.012
-0.6000000000000005,16.355999999999995
27.483999999999998,35.87199999999999
-5.703999999999998,14.195999999999987
-7.452000000000014,-23.816000000000017
-34.21999999999999,-15.724000000000004
-44.75600000000001,-12.764000000000008
-41.776,-29.27200000000001
13.352000000000007,-4.8960000000000115
-35.644,15.251999999999999
26.980000000000004,-22.887999999999998
-9.487999999999985,24.483999999999995
-1.5839999999999854,-28.048000000000005
0.5120000000000013,-19.020000000000014
-22.583999999999993,-13.668000000000003
-36.63200000000001,34.30399999999998
-33.536,14.303999999999984
10.636000000000001,10.403999999999991
35.46,0.011999999999989797
49.06400000000002,-3.080000000000016
8.176000000000005,-46.74400000000001
9.507999999999983,-2.436000000000016
-19.88399999999999,2.7760000000000007
15.84000000000001,-20.796000000000014
24.580000000000002,39.37200000000001
-28.200000000000003,-10.148000000000001
44.276,40.384
21.463999999999995,-7.464000000000004
33.73600000000001,-3.0399999999999983
-17.500000000000004,-29.192000000000007
-6.0799999999999965,5.7359999999999856
20.643999999999995,49.14399999999999
-49.444,-28.172000000000008
12.992000000000004,4.739999999999989
-21.996000000000006,-33.728000000000016
31.592,5.991999999999997
36.472000000000016,16.447999999999972
33.967999999999996,-31.212000000000007
-47.263999999999996,25.411999999999992
25.956000000000003,13.923999999999982
38.836000000000006,-9.048
-49.468,1.515999999999984
-21.49200000000001,-26.456000000000014
26.288,30.299999999999994
35.94,-15.627999999999997
11.904000000000003,-12.736000000000015
-34.556,27.479999999999993
-36.472,-31.796000000000014
-6.203999999999987,-35.86800000000001
-53.98,6.576000000000004
26.592000000000017,-8.592000000000022
47.92000000000001,20.99199999999999
22.207999999999984,-14.232000000000012
25.187999999999988,16.15599999999999
-24.375999999999998,-4.656000000000016
-5.376000000000003,-24.728000000000005
-51.080000000000005,6.263999999999981
-13.527999999999984,-29.380000000000006
-21.743999999999996,16.876
9.499999999999996,-14.360000000000007
-38.632,13.256
17.752000000000013,18.783999999999978
26.552,29.07599999999999
-16.767999999999983,5.523999999999996
46.711999999999996,-11.204000000000002
10.907999999999983,-16.77200000000002
37.504000000000005,-15.712000000000014
-43.51199999999999,-6.7560000000000064
-19.287999999999993,3.515999999999986
7.143999999999995,22.156
22.560000000000002,-31.236000000000008
-22.507999999999996,-20.60000000000001
-30.07200000000001,27.211999999999993
-1.2079999999999869,-39.14000000000001
-53.94399999999999,-10.008000000000006
28.856000000000016,32.95599999999999
-35.672000000000004,-18.41600000000001
-23.396000000000004,13.52399999999998
19.584000000000003,17.17599999999999
5.699999999999994,-49.34
36.28,18.867999999999974
-26.392000000000003,-33.24800000000001
28.89999999999999,-29.088000000000015
32.296000000000014,50.635999999999996
-37.156,17.18799999999998
-48.687999999999995,-11.280000000000012
23.587999999999987,50.85200000000001
40.248,23.380000000000003
-14.06799999999999,-32.50000000000001
47.428000000000004,20.591999999999988
3.4279999999999866,25.0
-35.007999999999996,27.163999999999987
28.152,19.399999999999995
46.32000000000001,3.0239999999999823
16.57200000000001,39.34399999999998
-10.783999999999994,17.971999999999987
37.564,-9.284000000000002
18.028,10.463999999999984
54.38799999999999,17.123999999999985
17.332000000000015,-19.240000000000013
-14.515999999999995,-44.54800000000001
28.464,64.76799999999999
23.795999999999996,-39.58400000000001
22.360000000000003,26.976
11.348000000000003,-1.8839999999999968
-28.65200000000001,26.395999999999997
-5.403999999999987,12.26799999999999
35.256,-27.140000000000008
9.46,-9.472000000000014
50.45599999999999,30.927999999999976
-11.907999999999985,-14.376000000000012
-13.472000000000017,23.52399999999999
36.17600000000001,12.992000000000004
-18.567999999999984,-32.32800000000001
20.900000000000006,9.275999999999996
43.88799999999999,-12.556000000000012
-8.452000000000016,-1.892000000000027
25.52399999999999,60.79999999999999
-3.047999999999984,-41.264
24.296000000000006,-26.79600000000001
-9.852000000000016,22.195999999999994
-11.504000000000003,-24.724
-10.927999999999983,26.767999999999994
47.075999999999986,40.44799999999997
13.319999999999999,7.219999999999982
-18.17599999999999,-39.936000000000014
-26.980000000000004,-39.12000000000001
-27.480000000000004,10.239999999999982
47.46400000000002,-8.267999999999997
-27.592000000000006,30.667999999999985
-1.8079999999999874,14.375999999999989
22.54799999999999,37.632
39.55200000000001,16.235999999999983
38.256,-4.820000000000002
-3.927999999999998,9.352000000000004
50.22,16.235999999999983
39.32799999999999,44.019999999999996
20.043999999999997,44.63599999999999
-23.363999999999997,-30.232000000000003
6.872000000000011,-9.708000000000006
25.192000000000014,-21.584000000000003
34.09600000000002,-24.084000000000007
-39.94399999999999,-23.95600000000001
35.51600000000001,-11.116000000000014
51.04,1.5599999999999836
14.012000000000002,-0.5360000000000031
-30.056000000000004,-27.57600000000001
51.16400000000001,-3.4800000000000164
51.2,41.13199999999999
-4.936000000000007,2.38799999999999
-12.539999999999996,0.6839999999999957
3.3239999999999936,-31.732000000000006
-52.839999999999996,2.1439999999999904
-29.736000000000008,11.803999999999991
43.50000000000001,23.336000000000002
19.067999999999998,-2.7920000000000167
19.532000000000018,-16.812000000000015
-26.192000000000004,32.187999999999995
-54.123999999999995,-9.060000000000013
45.48000000000001,14.111999999999991
26.05600000000001,61.02799999999999
-34.50399999999999,9.196000000000005
-40.72,-4.596000000000022
-46.8,9.923999999999978
-16.280000000000005,-30.708000000000013
-23.752000000000006,-14.307999999999998
48.12799999999999,30.556000000000004
22.216000000000015,41.467999999999996
-57.728,-1.9160000000000066
11.060000000000002,10.667999999999989
37.348000000000006,45.00799999999998
-41.348,-34.004
15.507999999999988,22.496000000000006
6.064000000000003,7.159999999999989
12.431999999999999,-4.060000000000019
50.67599999999999,35.29599999999999
20.316000000000003,-41.45200000000001
-51.87199999999999,-15.904000000000007
12.372000000000005,1.415999999999995
25.584000000000007,13.491999999999994
-37.696000000000005,31.50799999999998
-21.516000000000002,32.431999999999995
-47.251999999999995,10.187999999999974
-48.39600000000001,-17.912000000000017
-21.256000000000007,-4.056000000000015
-36.656,3.1360000000000054
-52.172,-21.164000000000005
51.868,17.296
-54.196,12.06799999999999
38.504000000000005,-10.624
-38.164,30.563999999999993
25.892000000000003,-19.712000000000018
-37.08,-18.53600000000001
-17.79200000000001,-45.044000000000004
-11.704000000000004,16.979999999999997
-13.932000000000011,-22.63600000000001
-44.456,-18.276000000000014
-19.86,-1.8160000000000176
48.68400000000002,-5.292000000000008
47.34400000000001,16.987999999999982
2.4960000000000093,3.932000000000002
-33.504,-25.144000000000013
-4.020000000000001,-49.784000000000006
25.78,11.335999999999991
3.9839999999999876,-50.90800000000001
43.703999999999986,25.427999999999983
5.224000000000006,12.367999999999979
-6.716000000000011,-3.4520000000000106
3.8760000000000128,13.671999999999995
6.247999999999987,-16.800000000000004
12.640000000000008,-11.568000000000001
35.57600000000001,2.3159999999999847
-45.224,22.032000000000007
-28.792000000000005,-22.70000000000001
31.62400000000001,-28.924000000000007
-39.12,14.315999999999995
26.592000000000017,48.20399999999998
-23.119999999999997,-13.428000000000006
-29.927999999999987,23.832000000000008
-21.016000000000002,-17.80400000000001
-32.58,-5.807999999999991
-28.432000000000002,11.111999999999988
-11.348000000000003,-47.252
-22.939999999999994,-4.592000000000018
35.44399999999999,31.36399999999999
-32.007999999999996,-10.644000000000009
17.912000000000017,67.232
-52.376,18.08399999999999
36.60000000000001,11.395999999999983
-45.95199999999999,16.195999999999987
20.003999999999998,22.644
43.808,23.916000000000004
28.207999999999988,22.475999999999985
-17.584,-14.224000000000004
36.116000000000014,4.512000000000005
23.639999999999993,-38.24800000000002
-51.464,-13.044
-13.359999999999994,-24.584000000000007
6.912000000000007,30.04
-29.043999999999993,-35.780000000000015
28.407999999999987,27.739999999999988
-50.556,13.56799999999998
-22.736,12.22399999999999
-35.980000000000004,35.343999999999994
36.93200000000001,44.655999999999985
1.4999999999999902,-7.516000000000012
42.724000000000004,-9.160000000000013
31.128,57.532000000000004
34.652000000000015,-36.684000000000005
-39.668000000000006,25.48799999999998
-41.400000000000006,11.152000000000006
35.368,51.912000000000006
-26.456000000000003,11.62399999999999
-11.295999999999996,3.2279999999999864
-48.864,-16.108
11.272000000000016,-15.84000000000001
11.307999999999986,19.58
27.888,48.743999999999986
24.272000000000006,-36.964000000000006
24.43200000000001,30.467999999999982
-21.363999999999994,-32.360000000000014
0.7200000000000095,-25.524
-48.132,-2.8960000000000097
-1.7400000000000082,5.671999999999988
11.080000000000002,30.435999999999996
38.38399999999999,18.667999999999974
6.824000000000008,-29.336000000000016
-10.627999999999993,-4.260000000000019
50.035999999999994,3.8879999999999804
-2.503999999999995,23.232000000000006
-39.708,-0.7440000000000113
-16.547999999999984,-13.256000000000013
11.064000000000007,-4.656000000000016
-17.896,23.423999999999978
24.052000000000007,65.60799999999998
32.832000000000015,-23.680000000000014
-29.400000000000006,-25.27600000000001
-48.94,-26.47600000000001
45.63999999999999,-2.4960000000000093
-49.260000000000005,-12.248000000000003
-37.6,-22.140000000000004
-54.611999999999995,3.7799999999999834
30.803999999999988,41.715999999999994
-43.376000000000005,-15.808
-55.588,5.771999999999999
31.87200000000001,45.11999999999998
42.432,21.999999999999996
9.616000000000003,14.212000000000003
2.5519999999999987,-39.88400000000001
-23.536,22.463999999999995
7.807999999999993,29.495999999999988
-31.116,-28.568000000000016
-15.271999999999997,-10.392000000000012
53.76400000000001,5.791999999999997
0.10000000000001119,-28.76000000000001
20.932000000000016,-35.22400000000001
-0.09200000000000319,26.532
13.840000000000007,-8.584000000000003
9.183999999999992,27.139999999999986
-53.468,17.723999999999982
31.73999999999999,-17.34000000000001
28.04,7.231999999999994
10.032000000000018,-14.136000000000015
30.983999999999988,2.7879999999999905
38.48400000000001,16.115999999999996
-36.89600000000001,-27.468000000000014
-10.583999999999993,-44.92
-45.668,-4.4520000000000115
-9.719999999999995,5.167999999999973
29.103999999999996,18.17199999999999
-22.827999999999992,33.82799999999999
32.484,12.943999999999978
-47.651999999999994,-20.604
25.879999999999992,23.852000000000007
20.99200000000001,23.299999999999986
24.248000000000005,63.24799999999999
34.620000000000005,34.22399999999999
10.420000000000007,-29.200000000000003
-16.90799999999999,-26.43200000000001
-24.04799999999999,-13.972000000000017
-16.132000000000012,22.14799999999999
36.68799999999999,-9.252000000000017
26.156000000000002,-1.2560000000000127
-52.62,0.28399999999999537
17.183999999999997,-44.31600000000001
-7.884000000000002,-3.960000000000008
30.232000000000014,18.575999999999993
36.632,52.196
-42.252,-15.64000000000001
15.364,-3.500000000000014
-39.696,-7.096000000000013
47.00799999999998,13.779999999999992
41.1,-13.524000000000003
16.54,41.452
15.04000000000001,-46.82000000000001
-40.032000000000004,-19.70400000000001
15.432000000000002,-49.87200000000001
-21.436,-29.91600000000001
42.74799999999998,-21.31200000000002
21.500000000000007,45.207999999999984
40.19600000000001,15.476
-8.264000000000005,-11.20000000000001
42.836000000000006,33.92799999999998
-11.636000000000003,-48.37200000000001
-29.476000000000003,-36.536000000000016
-42.584,-9.244000000000007
18.388000000000005,-3.1360000000000054
33.652000000000015,-6.036000000000019
-36.592,-25.928000000000008
-41.123999999999995,14.399999999999991
21.792000000000012,25.712000000000003
40.16,29.956000000000003
-41.54,-26.004000000000005
-30.003999999999998,-10.940000000000005
-7.143999999999995,-12.448000000000004
-15.256000000000004,13.152000000000008
5.276000000000014,1.8159999999999954
43.584,16.003999999999998
35.62399999999999,7.699999999999996
-43.699999999999996,20.16399999999998
10.264000000000006,-19.696000000000012
-54.288000000000004,9.355999999999987
31.42,31.66399999999998
18.072,42.992000000000004
14.583999999999996,47.02799999999998
11.287999999999986,-46.64800000000001
43.7,-1.2560000000000127
-48.812,-23.820000000000007
41.104000000000006,26.407999999999987
-26.459999999999994,14.895999999999997
-25.112000000000002,-28.980000000000004
43.044,-8.732000000000017
-44.343999999999994,-6.6520000000000135
-27.056,4.6519999999999895
-29.267999999999994,13.651999999999997
-38.476,-0.30000000000001137
5.012000000000016,-41.492000000000004
21.320000000000007,18.20799999999998
19.692,16.303999999999984
13.251999999999997,-39.756000000000014
33.51200000000001,17.767999999999983
-10.367999999999999,-45.52800000000001
16.364,60.919999999999995
49.224000000000025,1.8399999999999972
19.720000000000006,-27.036000000000016
-18.428,-9.052000000000016
0.9759999999999991,-28.136000000000017
-35.91200000000001,-18.832000000000015
1.088,-26.62000000000001
20.70799999999999,-4.600000000000004
42.37200000000001,40.652
13.840000000000007,-30.688000000000017
-14.808,5.591999999999997
-3.412000000000015,-15.368000000000004
20.975999999999996,-30.26000000000001
-22.243999999999996,-19.428
36.495999999999995,-29.924000000000007
22.868,7.9439999999999955
3.508,17.079999999999984
-36.02799999999999,-0.6839999999999957
-8.267999999999986,-15.424000000000005
-25.112000000000002,17.535999999999994
-4.7800000000000065,1.3159999999999838
-24.976,-16.480000000000004
-24.78799999999999,27.05599999999999
-20.512000000000008,3.8519999999999888
2.184000000000008,8.891999999999989
-53.04399999999999,-16.348000000000006
-10.827999999999992,-5.428000000000011
-19.920000000000005,-38.392
15.880000000000006,46.852000000000004
4.4279999999999875,-16.624000000000006
-0.5920000000000147,-10.724
-22.896000000000004,-28.44000000000001
10.792000000000002,1.3560000000000016
26.936000000000003,36.832
-41.276,19.827999999999978
-38.144,-12.176000000000009
-34.763999999999996,-17.81600000000001
-19.976000000000006,5.887999999999982
30.65200000000001,23.052000000000007
36.02799999999999,8.155999999999985
-30.492000000000008,27.615999999999996
-10.57999999999999,-2.7120000000000255
-26.923999999999992,-35.55600000000001
15.603999999999996,-11.94400000000001
-6.936000000000009,30.25199999999999
41.267999999999994,-10.484000000000005
4.3360000000000065,-33.18800000000001
-44.111999999999995,-7.6240000000000085
-13.407999999999998,24.839999999999996
12.536000000000014,8.132000000000005
22.204,-41.908000000000015
1.7360000000000042,-36.948000000000015
45.91599999999998,23.76799999999999
36.53999999999999,-26.872000000000007
-40.992,16.799999999999994
8.020000000000005,1.7320000000000002
-1.3360000000000039,-21.360000000000014
-18.443999999999996,13.31199999999999
-39.152,-29.116000000000007
-15.924000000000005,11.031999999999996
-52.42399999999999,16.447999999999972
38.08799999999999,52.22399999999998
32.376000000000005,60.65999999999998
5.543999999999993,6.747999999999976
21.492,-2.872000000000008
-30.699999999999996,19.455999999999985
19.067999999999998,-2.2639999999999993
51.012000000000015,37.59999999999999
-47.648,0.8159999999999945
48.78,28.603999999999985
4.852000000000012,-47.900000000000006
13.680000000000003,5.999999999999983
-47.955999999999996,-5.387999999999993
0.24399999999999977,-39.70800000000001
6.128,-7.93600000000001
34.692000000000014,-39.23600000000002
17.823999999999995,60.05999999999998
23.16400000000001,-34.152
17.88799999999999,-35.32000000000001
48.175999999999995,-8.820000000000006
23.463999999999995,13.135999999999992
40.81600000000001,12.1
-28.547999999999995,-37.24800000000001
30.42799999999999,26.227999999999984
-22.372000000000003,3.3079999999999776
-6.763999999999992,-11.287999999999998
41.087999999999994,-6.5360000000000085
25.312,-25.95200000000001
-10.092000000000013,-41.68800000000002
39.012,-15.156000000000013
25.595999999999997,52.45599999999999
-10.655999999999999,-40.824000000000005
22.18,-20.696000000000016
-53.620000000000005,-7.8520000000000145
-35.28399999999999,12.463999999999986
18.247999999999998,-0.016000000000016
28.024000000000004,-44.71600000000001
34.440000000000005,51.2
31.855999999999995,-11.61200000000001
7.319999999999993,-25.104000000000003
33.68799999999999,23.415999999999993
13.884000000000007,-45.56000000000001
20.560000000000002,57.99599999999998
-51.25999999999999,16.06399999999999
30.252000000000013,-37.116000000000014
23.707999999999995,13.700000000000001
-44.128,1.7719999999999958
-16.172000000000008,9.439999999999982
21.43999999999999,-29.196000000000012
-53.53600000000001,-3.956000000000004
-46.572,9.363999999999994
40.848,19.323999999999984
-44.931999999999995,7.363999999999993
-21.243999999999996,31.376000000000005
43.19200000000001,9.759999999999991
-2.0240000000000036,-5.336000000000007
7.760000000000011,-46.95600000000001
-15.592000000000006,-7.347999999999999
-26.807999999999986,-23.51200000000002
-9.552000000000005,1.0599999999999943
25.192000000000014,-37.12000000000001
23.395999999999994,58.11999999999999
11.484000000000005,-50.30000000000001
46.59599999999999,22.875999999999983
-16.443999999999992,3.07599999999999
38.527999999999984,19.852000000000004
7.772000000000001,8.871999999999991
15.023999999999994,-1.436000000000015
-10.636000000000001,-41.51200000000001
21.487999999999996,-19.516000000000012
-41.815999999999995,12.616000000000005
48.712,18.779999999999998
10.7,-15.652000000000022
-38.348000000000006,1.8839999999999968
-5.787999999999993,-28.764
-22.183999999999994,-32.628000000000014
44.028,7.367999999999975
18.90399999999999,-49.64800000000002
-13.972000000000007,-38.88400000000001
-13.315999999999995,3.603999999999985
-51.044,-12.020000000000008
-4.235999999999995,-6.387999999999994
-2.299999999999991,-30.980000000000008
7.776000000000005,-15.084000000000009
-23.787999999999986,-7.044000000000006
26.688000000000002,14.84399999999999
40.62000000000001,0.41599999999999415
4.635999999999996,16.36399999999998
-30.240000000000002,-10.508000000000006
22.67600000000001,64.404
46.92400000000001,15.787999999999979
-1.1239999999999917,29.023999999999983
-1.4799999999999924,-11.904000000000003
-18.68399999999999,12.743999999999978
-9.043999999999986,-24.804000000000002
2.507999999999999,-3.8880000000000026
-51.888,19.223999999999997
-17.443999999999992,13.683999999999985
36.72,14.207999999999977
35.46,-1.5240000000000142
5.24,2.411999999999992
0.14799999999999258,-18.35200000000001
-13.632,4.179999999999984
20.59200000000001,38.20399999999999
-46.812,-13.27600000000001
39.304,16.647999999999975
32.147999999999996,37.29599999999999
-28.55200000000001,-21.012000000000018
-9.275999999999996,4.695999999999989
-33.02799999999999,27.427999999999987
4.876000000000014,-43.54800000000001
-42.984,-29.49600000000001
33.644000000000005,22.023999999999976
42.20399999999999,50.963999999999984
12.752000000000008,51.62
-16.784,-9.32400000000001
-17.612000000000005,14.827999999999975
-22.603999999999992,4.391999999999996
-34.76799999999999,-26.70800000000001
-34.46399999999999,10.887999999999987
51.36400000000001,7.843999999999984
40.356000000000016,3.0079999999999885
-15.992000000000006,-39.292
9.104000000000001,-22.567999999999998
29.508000000000003,14.19999999999999
-30.952,20.919999999999984
2.096000000000009,-9.104000000000001
5.952000000000002,-42.800000000000004
41.256,5.7279999999999776
-10.472000000000016,-6.4200000000000035
-36.852000000000004,23.77199999999999
-10.64799999999999,-2.184000000000008
6.552000000000002,8.332000000000006
5.392000000000019,-25.436000000000014
40.72799999999999,-14.27600000000001
-11.139999999999993,-31.884
-12.136000000000013,29.647999999999985
52.160000000000004,22.615999999999993
52.17599999999998,6.335999999999986
15.352000000000011,61.11599999999997
40.403999999999996,41.41999999999999
50.22799999999998,38.39599999999999
-40.056000000000004,10.372000000000003
-7.7320000000000055,10.067999999999987
40.59600000000001,-12.480000000000013
31.86,45.835999999999984
28.672000000000008,43.852000000000004
-4.283999999999999,-42.36000000000001
37.02399999999999,49.82799999999998
28.552,8.871999999999991
-50.376,8.43999999999998
-14.627999999999997,4.479999999999995
29.835999999999995,-29.460000000000008
22.672000000000004,-37.108000000000004
-22.08,15.747999999999983
19.56,-49.672000000000004
44.848,-13.028000000000006
47.404000000000025,3.603999999999985
42.443999999999996,11.931999999999988
17.26000000000001,-27.868000000000016
28.116000000000007,-37.56800000000001
4.488000000000003,-5.167999999999995
-24.48799999999999,-28.23600000000002
42.208,-1.4760000000000106
-32.11200000000001,28.767999999999994
12.292000000000014,-28.03200000000001
43.419999999999995,12.352000000000007
26.103999999999992,-25.007999999999996
5.9679999999999955,-6.140000000000012
5.723999999999996,-50.97600000000001
14.515999999999995,-27.384000000000007
-46.208000000000006,-22.928000000000004
20.587999999999983,-12.044000000000011
-56.903999999999996,-4.760000000000009
4.4560000000000155,9.211999999999998
-34.86799999999999,-4.66000000000002
-1.4880000000000004,-4.039999999999999
-5.528,19.063999999999993
-50.136,-24.116000000000014
46.78799999999998,16.787999999999982
-45.572,11.199999999999989
-56.608000000000004,10.759999999999991
-14.640000000000008,-34.59600000000002
13.400000000000013,-36.29600000000002
-37.476,17.57199999999999
16.983999999999998,-11.104000000000003
13.272000000000016,-28.664
-51.983999999999995,-1.1760000000000215
-34.123999999999995,-10.824
28.288000000000004,-2.428000000000008
7.556000000000007,-29.15200000000001
27.227999999999987,-43.55600000000002
-4.3199999999999905,-17.556000000000015
2.4399999999999977,-21.82400000000001
1.2079999999999869,-0.48399999999999554
-51.35999999999999,8.06
-42.8,28.396
16.588,3.2319999999999904
17.584,-51.63200000000001
-13.807999999999998,-40.56000000000001
7.387999999999995,-23.83200000000002
28.908,30.396
47.92799999999999,-5.024000000000006
6.916000000000011,20.663999999999994
-29.579999999999995,-31.972000000000012
28.824000000000005,58.61999999999998
4.1039999999999965,28.571999999999996
9.524,-7.908000000000004
7.523999999999997,2.3599999999999843
37.676,-4.960000000000009
22.952000000000016,-10.812000000000022
-22.44799999999999,-24.672000000000015
27.192000000000014,55.056
31.904,-26.072000000000006
-18.808000000000003,-4.723999999999995
-24.66799999999999,-22.528000000000002
9.532000000000007,58.43599999999998
-4.600000000000004,-48.180000000000014
35.959999999999994,-31.42800000000001
-32.49200000000001,31.899999999999995
7.547999999999999,52.29999999999999
13.680000000000003,-16.356000000000016
5.464000000000002,-40.536000000000016
-46.88399999999999,15.503999999999984
-9.295999999999992,-45.94400000000001
-60.092,5.319999999999991
0.8240000000000025,-28.720000000000013
-51.048,13.232
45.18,-7.547999999999999
48.36799999999999,21.472
9.192,23.055999999999987
4.4279999999999875,20.711999999999996
29.816,-14.707999999999998
15.027999999999997,18.711999999999996
-28.559999999999995,0.34799999999999276
34.763999999999996,53.592
24.116000000000003,2.2599999999999953
-15.432000000000002,-14.53200000000001
-36.82399999999999,-16.612000000000016
-50.62399999999999,-16.85200000000001
-50.052,22.936
-45.983999999999995,24.327999999999996
44.092,4.952000000000001
28.079999999999995,-37.01600000000001
-16.080000000000005,24.239999999999995
-38.344,-27.568000000000016
3.7639999999999896,-14.207999999999998
31.13600000000001,-4.483999999999999
-35.087999999999994,17.347999999999985
44.512000000000015,4.5520000000000005
34.412,55.812
-18.628,-16.520000000000014
-36.576,-33.73600000000001
-15.735999999999994,22.555999999999997
46.332000000000015,-0.46399999999999775
2.192000000000016,-30.66000000000001
-0.13199999999999878,-6.868000000000007
11.26799999999999,3.391999999999995
8.027999999999992,-8.556000000000008
-0.38000000000000256,7.923999999999998
-17.247999999999998,21.267999999999976
5.356000000000005,26.652000000000008
3.292000000000006,-25.007999999999996
27.536000000000005,-10.452000000000016
41.527999999999984,9.287999999999986
33.812,-13.47600000000001
-5.319999999999991,-33.544000000000004
-48.544,24.18
40.32799999999999,39.592000000000006
-26.172000000000008,24.783999999999985
-0.23599999999999177,6.903999999999977
12.507999999999985,11.579999999999991
-9.031999999999996,-21.032000000000018
-25.359999999999992,-11.696000000000017
-1.9039999999999946,5.04
31.455999999999996,-5.648000000000009
-13.836000000000004,-21.548000000000002
40.324000000000005,-28.172000000000008
46.900000000000006,4.007999999999989
-16.04000000000001,-9.684000000000005
32.887999999999984,-27.22800000000001
14.02000000000001,-28.58400000000001
6.11600000000001,-33.572
-49.392,8.367999999999975
3.0399999999999983,-42.364000000000004
6.143999999999994,12.623999999999992
28.200000000000003,-5.9960000000000235
-56.016,16.007999999999978
-32.367999999999995,-30.992000000000008
36.816,22.492
23.812000000000012,-44.29200000000001
-55.876000000000005,2.043999999999979
40.127999999999986,24.156
12.843999999999989,25.495999999999984
-23.724,10.367999999999977
30.512000000000008,33.30799999999998
40.876000000000005,19.936
15.067999999999993,14.095999999999997
44.852000000000004,40.57200000000001
-34.26799999999999,22.39199999999999
-4.055999999999993,0.6039999999999823
-13.640000000000008,-35.128000000000014
-23.867999999999988,25.0
31.53600000000001,53.115999999999985
-31.743999999999993,-36.42000000000001
-4.096000000000011,-29.448000000000008
9.372000000000003,-37.84
-6.459999999999999,26.903999999999996
-5.035999999999996,-18.012000000000018
16.24000000000001,-39.37200000000001
-47.156,28.127999999999975
39.164,53.332
-46.428000000000004,-15.38400000000001
0.5120000000000013,7.203999999999988
12.695999999999996,-14.900000000000013
0.9879999999999889,-43.224000000000004
32.64,-38.96000000000001
-49.688,24.887999999999977
24.612000000000013,65.61999999999999
20.067999999999998,-36.06000000000002
-8.95999999999999,-36.03200000000001
28.432000000000013,58.83599999999998
49.00799999999998,41.623999999999995
48.67999999999999,15.06399999999999
28.89600000000001,12.159999999999993
22.812000000000012,-43.74000000000001
-5.796000000000001,-33.34400000000001
-5.96000000000001,-25.580000000000013
-47.724,22.987999999999985
-45.58,-2.0560000000000134
38.82399999999999,10.623999999999988
26.883999999999997,-16.608
9.176000000000005,-3.652000000000011
-29.54,-19.732000000000017
11.631999999999998,14.656000000000002
-9.104000000000001,27.895999999999987
-1.4000000000000012,8.172
-7.232000000000016,10.715999999999992
24.516000000000005,-20.668
18.767999999999986,-15.868000000000004
6.716000000000011,-21.664000000000005
26.927999999999997,-34.32400000000001
5.827999999999989,16.39999999999999
-21.355999999999998,-2.332000000000023
8.967999999999998,-32.47200000000001
-17.535999999999994,-21.772000000000013
39.82000000000001,3.379999999999983
22.4,15.291999999999994
-26.903999999999996,28.84
-33.18,5.999999999999983
-9.724,20.116
29.576,7.583999999999991
7.160000000000011,-38.53200000000001
25.844,2.4319999999999897
5.696000000000012,5.943999999999994
12.504000000000005,-47.93200000000001
28.407999999999987,-35.02000000000001
8.980000000000011,-31.332000000000004
27.963999999999988,57.24799999999999
4.380000000000006,-9.767999999999999
22.395999999999994,20.14799999999999
39.46000000000001,20.98399999999998
21.799999999999997,50.03199999999999
20.18,25.527999999999974
-26.359999999999996,9.523999999999976
-5.152000000000001,-8.508000000000004
-45.68399999999999,27.207999999999988
-2.176,-45.984
46.488,20.476000000000006
7.360000000000011,-12.392000000000014
-14.559999999999995,-15.88400000000001
-6.2000000000000055,-15.740000000000009
13.856000000000002,50.27599999999999
-29.379999999999995,15.155999999999992
-4.824000000000006,-23.60000000000001
-6.859999999999999,-39.436000000000014
18.680000000000007,41.896
19.204,-11.208000000000007
-6.0840000000000005,29.707999999999977
-30.656000000000006,-40.38400000000001
36.94,-6.072000000000011
-31.576000000000004,28.707999999999977
-14.247999999999994,3.0999999999999917
18.547999999999988,-47.81600000000002
-49.852,-23.64400000000001
-9.924,24.156
-47.199999999999996,-5.248000000000008
-37.37199999999999,15.879999999999983
-18.676000000000002,-35.728000000000016
38.660000000000004,-5.652000000000013
-43.24,-24.27600000000001
-35.288,22.70399999999999
3.6880000000000024,-0.10400000000001519
38.67200000000002,34.056
42.867999999999995,34.519999999999996
17.39600000000001,39.48799999999999
-34.192000000000014,24.336000000000002
35.82000000000001,-16.944000000000003
-3.047999999999984,21.81200000000001
-0.7279999999999953,13.812000000000001
30.247999999999987,39.53199999999999
47.32000000000001,12.867999999999991
26.072000000000006,-19.112000000000016
-34.86,35.11199999999999
-4.7679999999999945,-24.424
37.91200000000001,-19.076000000000015
-14.840000000000009,-39.12000000000001
-38.068000000000005,2.411999999999992
17.003999999999998,-17.888000000000005
-14.867999999999991,-29.724000000000007
25.215999999999994,-34.18000000000001
-46.35199999999999,-6.984000000000012
-15.08799999999999,7.515999999999989
50.44800000000001,39.5
-37.156,-16.392000000000017
-40.111999999999995,-24.856000000000012
45.64400000000002,15.479999999999983
35.00399999999999,30.959999999999987
19.436000000000007,-3.527999999999998
16.999999999999993,6.199999999999983
-10.324,19.98399999999998
7.29200000000001,21.61200000000001
35.976000000000006,-2.756000000000003
42.396000000000015,-10.168
38.856,-28.956000000000014
19.472,53.31599999999999
47.372000000000014,-6.236000000000019
-8.672000000000013,28.883999999999975
49.78,14.700000000000003
10.411999999999999,-0.26399999999999757
-36.26799999999999,-28.412000000000003
-39.480000000000004,1.06799999999998
11.739999999999995,-28.216000000000008
-33.288,15.856000000000003
12.264000000000008,-18.39600000000001
-0.37200000000001676,-20.616000000000014
-51.980000000000004,-14.188
-12.783999999999995,-6.228000000000011
-38.327999999999996,-22.94400000000001
20.560000000000002,-50.716000000000015
36.27200000000001,44.331999999999994
-19.46,-32.82000000000001
-45.272,-19.31200000000002
-43.676,-25.784000000000006
32.612000000000016,39.916
50.61200000000001,-0.07200000000000539
-16.032000000000004,-6.19200000000002
16.747999999999983,-4.0000000000000036
-33.599999999999994,-7.340000000000013
-9.827999999999992,-47.56800000000001
29.772,-20.872000000000014
-3.3439999999999914,-8.116000000000012
-45.73199999999999,17.79599999999999
-18.507999999999992,4.495999999999989
23.652000000000008,-23.220000000000006
21.384000000000004,39.72799999999999
-6.2000000000000055,-3.088000000000002
2.9400000000000093,-45.11200000000001
-1.7959999999999976,21.087999999999973
47.59200000000001,6.0679999999999845
-50.476,-16.328
25.184000000000005,-2.0480000000000054
-26.97200000000001,2.6839999999999975
37.08,-4.424000000000006
-33.519999999999996,33.11599999999999
2.204000000000006,25.176
18.252000000000002,-25.648000000000003
-25.375999999999998,13.663999999999987
-38.839999999999996,-27.896000000000008
48.976,40.452
-60.151999999999994,11.727999999999984
47.03200000000001,18.159999999999997
-2.6960000000000095,29.787999999999993
27.272000000000006,4.3199999999999905
-17.552000000000014,14.227999999999973
25.688,-25.404000000000003
-39.808,32.46799999999999
52.05200000000001,37.35999999999999
28.96399999999999,57.924
-32.48399999999999,-16.192000000000018
6.864000000000003,-22.336000000000013
25.316000000000006,55.092000000000006
-16.315999999999995,7.367999999999975
37.168,40.307999999999986
-12.724000000000002,0.16399999999998638
-50.476,-1.652000000000009
-19.404,24.131999999999998
-4.455999999999993,5.187999999999993
15.59600000000001,42.947999999999986
-32.36399999999999,6.715999999999989
-50.891999999999996,-10.267999999999999
-4.719999999999991,-12.588
7.923999999999998,-48.232000000000006
39.364,17.61999999999999
-23.692,-12.612000000000013
-32.436,22.64799999999998
25.612000000000013,-48.496000000000016
13.847999999999994,56.924
47.96799999999999,17.027999999999977
-26.86799999999999,0.23599999999999177
-50.144,7.299999999999995
-21.536,-22.716000000000015
-44.544,16.18799999999998
25.976,-28.220000000000013
-11.324000000000002,-44.19200000000001
14.840000000000009,-3.536000000000006
-21.063999999999993,16.896
17.376000000000012,54.312000000000005
46.79599999999999,26.283999999999995
-9.660000000000002,-40.08400000000001
-48.06399999999999,-4.712000000000027
-20.640000000000004,2.7879999999999905
22.407999999999983,-26.144000000000002
-16.243999999999993,13.963999999999977
-2.3279999999999967,22.687999999999974
-43.312,-4.7840000000000105
49.312,19.823999999999998
-53.76800000000001,-6.587999999999994
-16.81600000000001,-25.407999999999998
-46.836,0.2520000000000078
-51.184,-10.804000000000002
15.912000000000015,23.536
-18.647999999999996,13.876
28.908,9.660000000000002
-5.8479999999999865,-47.680000000000014
32.30800000000001,-26.512
-1.7920000000000158,2.4839999999999973
39.524,-3.4520000000000106
14.816000000000006,22.336
-18.399999999999995,7.519999999999993
-9.576000000000008,-20.700000000000006
-0.07200000000000539,-0.5479999999999929
-11.847999999999992,-5.340000000000011
14.403999999999995,12.659999999999982
-10.252000000000017,18.975999999999992
-29.776000000000003,24.475999999999985
15.660000000000007,-6.84800000000001
18.39200000000001,66.27599999999998
26.767999999999994,-30.936000000000007
-18.503999999999987,-38.544
13.77600000000001,61.94
-36.64799999999999,-20.89200000000002
44.536,-16.25200000000001
-10.812,5.332000000000003
29.34000000000001,-32.48000000000001
16.724000000000004,-44.824000000000005
0.7200000000000095,17.68399999999999
19.31200000000002,50.571999999999996
-30.712000000000007,-13.96400000000001
-51.344,13.76799999999998
-6.7560000000000064,-10.40000000000001
36.519999999999996,4.067999999999983
15.144000000000002,-32.50800000000002
-18.872,29.935999999999986
-45.972,23.707999999999974
47.63999999999999,18.975999999999992
41.315999999999995,-7.8520000000000145
38.988,-17.264000000000003
49.547999999999995,27.147999999999996
23.424,17.691999999999997
22.056000000000008,11.236
5.712000000000006,-1.7960000000000198
22.952000000000016,15.003999999999994
32.67200000000001,-1.4760000000000106
17.256000000000004,-16.932000000000013
-11.159999999999993,-41.86000000000001
-54.492,-18.328
-0.36799999999999056,-26.172000000000008
-6.708000000000003,-40.28800000000001
35.56399999999999,51.05200000000001
9.252000000000017,-21.928000000000004
3.404000000000007,27.783999999999985
-19.152,-13.612000000000013
51.98799999999999,35.20399999999999
-25.52,31.36399999999999
4.092000000000007,-40.864
-48.876,-19.78000000000001
20.332000000000015,34.76799999999998
-48.716,-11.884000000000006
10.084000000000003,-36.38800000000001
-25.403999999999993,26.42399999999998
22.567999999999987,-11.23200000000002
7.279999999999998,-3.408000000000011
-19.296000000000003,-20.456000000000007
-42.184,-14.03200000000001
-45.26,11.880000000000003
27.85200000000001,-35.16400000000001
39.1,-1.5960000000000196
-10.600000000000009,20.472
-27.78799999999999,-20.06000000000001
-22.555999999999997,-12.020000000000008
44.98400000000002,30.475999999999992
-23.16799999999999,-10.612000000000021
-55.82,9.555999999999987
-24.95200000000001,-3.0280000000000085
-11.487999999999987,-28.112000000000002
36.91200000000001,34.436
39.947999999999986,-24.172000000000015
-51.756,7.567999999999975
-48.919999999999995,-12.892000000000014
23.764000000000006,-6.5520000000000245
30.87200000000001,4.3199999999999905
-14.256000000000002,-21.987999999999996
-43.403999999999996,-21.144000000000005
-50.348000000000006,-22.428000000000004
-44.86,-25.868000000000013
13.820000000000011,13.107999999999986
27.732,-15.116000000000017
16.183999999999997,-11.528000000000006
9.748000000000001,-34.672000000000004
22.004,-2.068000000000003
-26.436000000000003,16.052
0.9439999999999893,4.907999999999979
53.94400000000002,11.107999999999985
37.260000000000005,-11.44400000000001
26.244,31.06
36.02799999999999,15.839999999999987
-27.54,-4.864000000000002
42.276,7.7039999999999775
-10.952000000000005,4.723999999999995
-8.307999999999982,-34.30000000000001
41.452,35.399999999999984
34.476,-20.228
22.756,47.563999999999986
-30.200000000000003,-16.244000000000003
-37.588,-33.42800000000001
29.192000000000018,44.18799999999998
44.92799999999999,21.42799999999998
24.25999999999999,-30.02800000000001
-11.236,-19.232000000000017
-33.040000000000006,-28.544000000000004
31.796000000000003,24.027999999999984
42.90399999999999,-20.208000000000006
32.328,-30.972000000000012
24.395999999999994,-4.088000000000003
-18.135999999999996,-41.604000000000006
8.611999999999998,-34.84800000000001
-42.852000000000004,-17.564
-28.207999999999988,-41.15200000000001
18.900000000000006,-28.628000000000007
8.432000000000016,-18.756000000000018
-27.376,-23.904000000000003
14.003999999999994,-13.628000000000007
-13.992000000000004,32.50399999999998
16.028,-25.507999999999996
-15.871999999999996,23.131999999999998
23.587999999999987,-2.083999999999997
-47.443999999999996,11.443999999999988
-32.447999999999986,-31.60400000000001
19.256000000000007,-7.176000000000005
-15.676000000000002,18.056000000000004
-11.411999999999999,-26.624000000000002
29.20799999999999,0.25599999999998957
-37.168,-5.204000000000009
30.800000000000004,18.227999999999977
-36.480000000000004,22.239999999999995
1.3720000000000176,-11.964000000000008
29.688000000000002,48.736000000000004
-27.147999999999996,16.12399999999998
14.672000000000018,-49.50800000000001
-9.583999999999993,-39.524
-19.443999999999996,-2.6920000000000055
-23.71200000000001,34.52399999999998
-32.752,-20.860000000000014
-1.4040000000000052,25.423999999999978
-44.06399999999999,28.279999999999994
-10.983999999999995,-36.132000000000005
25.239999999999995,0.5239999999999911
32.55200000000001,-18.128
-48.58,3.5560000000000036
-16.852,23.41199999999999
-38.576,-22.520000000000007
19.85600000000001,2.4920000000000053
8.267999999999986,-24.968
9.40000000000001,-3.0280000000000085
9.743999999999996,18.635999999999985
-5.8599999999999985,1.6999999999999904
-21.555999999999997,25.447999999999983
36.66799999999999,-12.780000000000014
32.992,36.84399999999999
32.436,-22.548000000000002
51.75599999999998,-5.612000000000017
-55.63600000000001,-11.924000000000001
43.99600000000001,14.627999999999975
-4.980000000000007,-13.46400000000001
16.92,-36.996000000000016
-12.136000000000013,9.655999999999999
-19.096000000000004,-18.644000000000005
37.77600000000001,8.823999999999987
16.576000000000015,19.872
17.147999999999985,-40.808000000000014
8.18399999999999,-10.624
-40.66,-5.787999999999993
-34.136,-37.04400000000001
22.743999999999986,42.66399999999999
50.044000000000025,22.496000000000006
-6.916000000000011,27.647999999999982
-43.504,14.015999999999984
20.283999999999992,-10.812000000000022
46.395999999999994,14.195999999999987
19.384,-14.688
-20.476000000000006,26.752
-10.315999999999992,-3.747999999999996
-0.5720000000000169,-40.96800000000002
-35.488,12.967999999999979
25.127999999999993,-40.744
38.707999999999984,14.152000000000008
-34.224,-22.984000000000005
13.247999999999994,-22.808000000000007
25.956000000000003,51.855999999999995
27.180000000000003,47.292
-31.42,17.459999999999987
16.99600000000001,-19.844000000000005
6.976000000000004,30.69599999999999
-17.276000000000003,12.031999999999998
-56.44,9.439999999999982
5.160000000000009,-49.58000000000001
52.42400000000003,39.26399999999999
-18.812000000000005,3.3199999999999896
43.75200000000001,-17.38400000000001
-13.988,-42.06000000000001
12.379999999999992,24.452000000000005
-12.684000000000006,-25.052000000000017
-6.319999999999992,-41.848000000000006
-12.376000000000008,23.859999999999992
1.7279999999999962,-35.56400000000001
10.352000000000006,-47.88000000000001
-8.95999999999999,-26.068000000000012
-38.412,10.711999999999989
-22.483999999999995,-10.528000000000004
16.168000000000006,20.424
17.608,-48.620000000000005
17.30400000000001,21.252000000000002
-38.512,-18.37200000000002
2.760000000000007,-9.132000000000017
1.7320000000000002,-29.592000000000006
-25.612000000000002,-23.044000000000008
-9.867999999999988,17.403999999999996
-24.619999999999997,23.4
-22.183999999999994,-10.100000000000009
-18.423999999999996,8.079999999999998
-7.807999999999993,24.092000000000002
6.708000000000003,0.003999999999981796
33.78000000000001,59.97999999999999
45.92400000000001,16.15599999999999
2.0999999999999908,-39.38800000000001
10.176000000000007,-44.092000000000006
-22.19200000000001,3.907999999999978
-1.992000000000016,19.899999999999984
-9.820000000000007,-26.79600000000001
3.0560000000000143,16.79599999999999
20.323999999999987,-48.90800000000001
-3.624000000000005,-9.608000000000006
-37.11600000000001,-12.956000000000012
-31.404,25.903999999999993
24.160000000000004,-0.0920000000000254
-25.992000000000004,23.219999999999995
-10.727999999999982,18.60799999999998
-33.104,32.187999999999995
-37.888,0.6920000000000037
43.152000000000015,-20.800000000000008
-17.759999999999998,-11.292000000000012
-27.456000000000003,25.61199999999999
16.183999999999997,-46.98800000000001
-16.79600000000001,-17.740000000000013
48.075999999999986,-10.408000000000007
53.344000000000015,37.856
4.716000000000009,-48.40800000000001
-14.816000000000006,-24.348000000000003
27.212000000000014,50.8
-24.663999999999998,17.159999999999997
34.192,5.559999999999987
-46.379999999999995,-12.116000000000016
-35.464,-12.748000000000005
33.104,3.187999999999991
20.619999999999994,-43.44000000000001
-8.196000000000003,-20.704
14.732000000000012,41.19599999999999
-32.98,5.347999999999975
26.17200000000002,-48.208000000000006
1.3560000000000016,-50.73200000000001
29.89600000000001,-6.996000000000002
-53.5,-1.3560000000000239
-37.464,-27.56400000000001
-3.092000000000006,-36.91600000000002
36.084,-8.872000000000014
16.77200000000001,-22.01200000000002
-26.47200000000001,-35.23600000000001
-37.007999999999996,4.2159999999999975
35.304,52.82
0.8480000000000043,-17.692000000000018
16.267999999999994,12.847999999999992
-6.5360000000000085,-47.80000000000001
17.15599999999999,-43.43600000000001
41.932000000000016,-4.652000000000012
-52.60399999999999,20.68399999999999
-25.2,-24.504000000000005
38.007999999999996,-21.384000000000004
-47.839999999999996,10.511999999999988
-27.03200000000001,36.12
20.267999999999997,7.88399999999998
-16.10799999999999,16.927999999999987
-38.048,-22.45600000000001
-11.919999999999998,-7.343999999999995
47.81200000000001,6.603999999999988
44.184,-17.76000000000001
-8.640000000000004,-44.38800000000002
33.324,-14.360000000000007
15.820000000000011,-19.428
-8.712000000000009,-15.056000000000013
48.248000000000005,6.327999999999978
-29.992000000000008,-36.440000000000005
-2.6880000000000015,26.463999999999977
-21.796000000000003,-8.33600000000001
-49.564,-7.7320000000000055
-2.424000000000004,21.731999999999996
25.852000000000007,-27.236000000000015
40.056000000000004,-22.404000000000003
2.7959999999999985,-29.18400000000001
-10.68,-23.120000000000008
30.776000000000003,6.587999999999994
40.412000000000006,25.423999999999978
25.343999999999987,-22.872000000000014
-12.1,-38.744
23.184000000000005,-45.704
-32.11200000000001,6.199999999999983
20.043999999999997,21.19199999999999
18.852000000000004,-43.820000000000014
40.42000000000001,13.019999999999987
29.787999999999993,10.095999999999993
-21.752000000000006,-37.22800000000001
-0.039999999999995595,27.651999999999987
-30.492000000000008,13.867999999999991
-20.852000000000004,-40.68800000000002
-27.136000000000003,-19.808000000000003
22.516000000000002,21.02799999999998
34.716000000000015,32.196000000000005
1.652000000000009,-5.280000000000018
-13.515999999999995,12.119999999999997
-24.427999999999994,-14.956000000000014
-11.772000000000006,-36.57600000000001
-9.852000000000016,4.5560000000000045
-0.7839999999999847,18.667999999999974
5.444000000000004,7.299999999999995
-42.068000000000005,-18.936000000000007
9.95999999999999,-14.712000000000014
9.284000000000002,-28.348000000000006
-32.440000000000005,13.303999999999983
-3.1439999999999912,8.91599999999999
-58.38399999999999,-2.180000000000004
32.76000000000001,-34.16000000000001
-13.647999999999993,0.29200000000000337
30.696000000000012,10.099999999999998
19.472,-17.928
36.40399999999999,10.332000000000008
30.532000000000004,43.15599999999999
30.104,-11.23200000000002
-25.427999999999994,30.739999999999988
6.247999999999987,27.284
-11.768,-6.572000000000022
-48.29600000000001,-30.312000000000005
-19.636,-18.29200000000002
2.2079999999999878,-26.30800000000001
-53.888000000000005,-8.492000000000022
-8.723999999999998,2.279999999999993
5.8559999999999945,-51.59600000000001
32.887999999999984,46.760000000000005
22.560000000000002,63.21599999999998
1.0000000000000009,-48.84800000000001
-32.996,-12.676000000000009
17.61999999999999,24.507999999999974
48.144000000000005,23.887999999999977
38.739999999999995,-30.688000000000017
-31.587999999999994,2.7039999999999953
-23.052000000000007,-14.068000000000003
-34.964,-33.81200000000001
50.20400000000003,27.072000000000006
20.14,18.819999999999993
-29.676000000000002,6.82799999999999
46.215999999999994,12.083999999999984
-39.284,-30.06000000000001
-21.976000000000006,24.82799999999998
39.94,20.523999999999987
21.4,-10.95600000000001
-7.079999999999997,-6.612000000000018
24.692000000000004,48.03599999999999
-17.90799999999999,7.919999999999994
-51.0,-21.42400000000001
-39.768,-4.060000000000019
-1.3239999999999919,-27.304000000000006
-16.579999999999995,-37.17600000000001
50.26400000000002,11.359999999999992
-50.052,9.683999999999982
-22.939999999999994,35.85999999999998
-33.84,-21.23600000000001
23.760000000000005,-40.464
7.383999999999991,-34.852000000000004
-44.08800000000001,9.15999999999999
25.736000000000004,3.411999999999993
2.6960000000000095,-46.50000000000001
15.544000000000002,39.763999999999974
31.852000000000015,54.855999999999995
12.588,30.372
30.708000000000002,-5.700000000000016
-32.48,-8.89200000000001
22.127999999999993,-17.968000000000007
29.56000000000001,-30.796000000000014
21.752000000000017,57.55999999999999
-39.636,30.735999999999986
-15.412000000000003,-24.27600000000001
-52.82,-3.9920000000000178
-47.632,26.98799999999999
10.383999999999993,0.8839999999999959
27.932000000000002,-11.23200000000002
18.612000000000005,38.7
16.876,-45.732000000000006
-14.700000000000003,-4.5720000000000205
7.264000000000004,-50.492000000000004
14.536000000000016,14.947999999999983
-11.036000000000001,-22.004
-5.8720000000000105,-19.32400000000001
16.1,-34.084
-14.107999999999986,4.7639999999999905
-23.067999999999987,-23.884000000000004
-30.399999999999995,0.6359999999999921
41.31200000000001,15.73199999999999
-28.800000000000004,-2.8200000000000003
-0.16799999999999038,-15.168000000000003
26.47200000000001,-19.57200000000001
13.339999999999996,21.547999999999988
-44.211999999999996,-10.192000000000013
23.580000000000002,-8.620000000000005
-37.912,21.303999999999988
-43.220000000000006,21.16
3.4479999999999844,23.887999999999977
-32.58,5.767999999999973
13.263999999999987,12.383999999999995
-2.5879999999999903,20.57199999999999
25.863999999999997,57.335999999999984
16.196000000000012,-7.228000000000012
-3.6720000000000086,-44.644000000000005
-5.623999999999985,-29.544000000000004
6.240000000000001,-49.904
39.559999999999995,10.039999999999981
-5.827999999999989,2.4799999999999933
-16.867999999999995,-8.312000000000019
49.42799999999998,32.49999999999999
-39.196,19.655999999999985
-5.108000000000001,-3.0120000000000147
6.576000000000004,-17.376000000000012
-46.376000000000005,17.14
6.976000000000004,-16.968000000000004
-46.71999999999999,-24.020000000000007
29.980000000000008,32.836
24.879999999999992,62.21599999999998
-34.924,31.763999999999992
-15.55200000000001,15.456000000000003
50.18799999999999,-6.916000000000011
7.967999999999997,24.695999999999984
24.78,8.267999999999986
-16.272,-16.832000000000015
1.2639999999999985,-1.0480000000000045
29.404000000000007,8.655999999999997
-20.120000000000005,0.6079999999999863
-9.392,-4.496000000000011
-17.680000000000007,-23.804000000000002
-9.343999999999998,-13.624000000000002
-41.14,30.30799999999998
-20.003999999999998,-35.59600000000002
33.93600000000001,-17.856000000000016
4.932000000000003,-33.388000000000005
-40.43600000000001,13.707999999999988
38.856,53.87200000000001
17.799999999999994,61.819999999999986
-37.688,5.099999999999993
19.755999999999997,-31.912000000000006
25.387999999999987,3.8879999999999804
-49.12,-3.488000000000002
51.995999999999974,31.667999999999985
41.19200000000001,-15.412000000000015
-39.251999999999995,-25.168000000000003
-11.927999999999983,15.84399999999999
20.896000000000004,26.371999999999996
-11.663999999999985,23.123999999999988
20.979999999999997,-21.532000000000018
-24.52399999999999,-31.100000000000005
-50.096000000000004,-23.064000000000007
52.292,-2.992000000000017
-13.147999999999982,5.315999999999987
-51.88,-4.764000000000013
-13.524000000000003,-42.62800000000001
-8.20399999999999,10.411999999999999
-23.532000000000007,9.579999999999988
-26.244,-30.11600000000001
15.576000000000011,-32.10800000000001
-31.484,31.611999999999995
-46.012,-8.684000000000003
4.459999999999997,24.252000000000006
-19.283999999999992,-3.632000000000013
17.632000000000005,-14.827999999999996
25.887999999999998,41.17599999999999
-2.1479999999999944,-20.572000000000013
35.484,21.419999999999995
-3.412000000000015,-32.964000000000006
36.168,-17.532000000000014
-22.732000000000006,-13.112000000000013
-27.959999999999997,12.107999999999986
-38.75999999999999,4.567999999999994
8.139999999999992,2.3679999999999923
28.444000000000003,63.16799999999998
-42.752,-11.587999999999997
-26.147999999999993,-12.340000000000007
6.076000000000015,-41.55600000000001
14.056000000000001,-44.00800000000002
33.45200000000001,-18.188000000000002
46.56400000000001,36.83999999999998
-30.584,-18.308000000000003
-47.144,16.779999999999994
-38.256,15.847999999999974
13.572000000000006,-19.772000000000013
-0.2520000000000078,-26.584000000000007
39.20399999999999,7.396000000000003
40.112000000000016,5.179999999999985
33.716000000000015,11.583999999999994
-1.8279999999999852,-22.740000000000006
-14.139999999999997,-35.460000000000015
-57.18,12.331999999999987
0.33199999999999896,3.2119999999999926
-34.06399999999999,27.683999999999997
23.707999999999995,38.347999999999985
47.092,43.167999999999985
14.02000000000001,-9.892000000000012
43.448,-9.540000000000004
-40.296,10.943999999999999
-27.336000000000006,3.512000000000004
29.192000000000018,4.1039999999999965
-57.696000000000005,-6.6520000000000135
28.103999999999996,-46.46800000000001
-17.316,30.04
42.080000000000005,19.531999999999993
17.935999999999996,-37.52000000000001
-44.916,17.135999999999996
37.436,-2.516000000000007
-12.072000000000017,-14.868000000000004
-48.544,4.2039999999999855
-16.799999999999994,-39.30800000000001
-42.25600000000001,10.675999999999997
-25.003999999999994,28.123999999999995
-2.7639999999999887,-10.728000000000005
16.272,61.763999999999996
30.464000000000002,-29.30400000000001
-19.740000000000002,-3.848000000000007
-37.428000000000004,-6.176000000000004
34.82000000000001,23.159999999999982
18.955999999999996,14.700000000000003
24.587999999999987,-22.500000000000007
-12.216000000000005,-44.10800000000001
-7.600000000000007,2.2559999999999913
30.632000000000016,10.695999999999994
38.93200000000001,27.183999999999987
11.119999999999997,10.219999999999985
-8.472000000000012,1.5399999999999858
-17.66000000000001,-23.196000000000016
19.996000000000013,-40.94000000000001
0.027999999999983594,-24.004000000000005
25.72000000000001,-20.816000000000013
-43.576,26.807999999999986
-38.623999999999995,11.963999999999997
13.05200000000002,62.615999999999985
-41.620000000000005,-5.303999999999998
-40.508,-3.1200000000000117
4.256000000000015,-13.968000000000004
20.560000000000002,4.683999999999977
-50.071999999999996,-10.008000000000006
25.103999999999992,13.232
26.151999999999997,19.991999999999987
-20.743999999999996,-3.0040000000000067
-49.08,-5.896000000000012
21.112,-44.99200000000001
11.95600000000001,-6.767999999999996
47.90400000000001,-0.06399999999999739
20.21999999999999,-48.03200000000001
-14.487999999999989,7.291999999999987
-19.112000000000005,25.203999999999983
19.747999999999987,-21.504
52.488,18.087999999999994
8.255999999999997,-42.43600000000002
-12.851999999999997,-7.9560000000000075
42.104000000000006,16.471999999999998
6.803999999999988,-5.964000000000014
-51.275999999999996,-8.42400000000001
29.76399999999999,5.827999999999989
-27.659999999999997,-2.216000000000018
28.27600000000001,12.331999999999987
-19.287999999999993,19.459999999999987
-53.400000000000006,18.931999999999995
17.10799999999999,60.831999999999994
14.895999999999997,20.40799999999998
34.20399999999999,56.327999999999975
50.56799999999999,32.412
7.752000000000003,17.999999999999993
5.556000000000005,-9.968
17.332000000000015,1.1319999999999997
0.13600000000000279,8.172
-48.419999999999995,-26.376000000000012
23.50000000000001,9.335999999999988
-49.528000000000006,13.016000000000005
-29.08799999999999,-36.85600000000001
19.164,14.139999999999997
19.672,-15.200000000000014
-10.092000000000013,-6.892000000000009
11.880000000000003,-24.648000000000003
15.443999999999992,3.0279999999999863
44.784,15.071999999999996
10.084000000000003,-6.244000000000005
-58.31999999999999,9.223999999999988
19.247999999999998,22.099999999999987
55.27599999999999,27.747999999999973
-36.24799999999999,-24.280000000000012
-14.280000000000005,-8.164000000000005
26.82,34.431999999999995
-53.224,20.61200000000001
-20.843999999999994,-11.060000000000015
-26.900000000000002,34.608
30.767999999999994,-42.62000000000001
22.752000000000017,41.46399999999999
-5.51600000000001,-13.280000000000014
-23.616000000000003,19.967999999999986
25.74399999999999,-29.12800000000001
-13.524000000000003,19.735999999999997
-13.02000000000001,1.3919999999999932
-27.223999999999993,34.152
9.852000000000016,-12.116000000000016
16.852,27.85199999999999
25.415999999999993,-14.380000000000004
45.05599999999998,9.23999999999998
14.812000000000003,64.26799999999999
-49.46,-5.424000000000007
26.136000000000003,-1.8120000000000136
-43.843999999999994,-8.388000000000007
40.803999999999995,17.456000000000003
8.432000000000016,-35.98000000000001
45.472,7.563999999999993
-35.144,18.90399999999999
-17.636000000000006,-25.856000000000012
-1.1719999999999953,-6.5360000000000085
32.012000000000015,34.152
38.784,-14.660000000000007
-4.092000000000007,-38.85200000000001
-53.968,18.731999999999992
-30.256000000000004,-22.472000000000016
36.71200000000001,10.843999999999987
-55.82,-4.42800000000001
-2.2320000000000118,-0.004000000000004
-1.5519999999999978,-3.516000000000008
-16.172000000000008,-29.508000000000013
29.276000000000014,4.791999999999996
33.46799999999999,2.6959999999999873
7.8520000000000145,26.747999999999994
-35.455999999999996,-15.608
17.01600000000001,16.652
-22.860000000000003,-6.384000000000012
-31.64799999999999,-1.4040000000000052
5.127999999999999,24.751999999999995
27.459999999999994,-40.536000000000016
-41.956,3.495999999999988
-15.955999999999992,-25.82000000000001
50.01599999999999,27.991999999999994
-34.004,-0.7040000000000157
26.27600000000001,-18.164
-0.5160000000000053,28.759999999999984
27.34000000000001,-28.592000000000006
20.375999999999994,-35.436000000000014
49.327999999999996,12.135999999999992
-30.476000000000003,-25.272000000000016
-36.792,28.207999999999988
45.244000000000014,4.451999999999989
-52.81600000000001,-12.252000000000018
-6.591999999999998,-22.99200000000001
35.220000000000006,-36.43200000000001
15.535999999999994,13.895999999999997
20.584000000000003,-35.952000000000005
-11.00000000000001,-18.128
-32.824,33.660000000000004
30.747999999999998,-20.408000000000005
22.360000000000003,56.87599999999997
44.93599999999998,32.63199999999999
-23.96799999999999,-18.952000000000012
-22.619999999999997,-1.1479999999999935
-5.763999999999991,-31.040000000000013
-51.356,3.0359999999999943
-11.927999999999983,16.38799999999998
-25.76799999999999,11.819999999999986
2.859999999999996,-48.004000000000005
-29.603999999999996,31.715999999999987
-11.047999999999991,-27.05200000000001
35.66799999999999,23.007999999999985
23.727999999999994,-17.268000000000004
-1.8159999999999954,22.65999999999999
-0.31200000000000117,28.203999999999986
29.67200000000001,-30.204000000000008
-23.383999999999993,33.744
-53.188,-2.320000000000011
-2.6040000000000063,-1.5960000000000196
-28.412000000000003,-5.312000000000006
-35.955999999999996,18.60799999999998
25.82,-44.952000000000005
17.272,-34.404
-4.536000000000007,-14.000000000000012
42.584,31.112000000000005
32.444,6.043999999999983
-14.403999999999995,28.292000000000005
-40.02,-28.684000000000008
9.732000000000006,4.663999999999979
21.567999999999987,48.77199999999999
15.315999999999995,29.376
49.01599999999999,5.011999999999994
-1.4920000000000044,17.783999999999978
-4.727999999999999,-41.22800000000001
39.55600000000001,38.063999999999986
-21.436,21.187999999999985
21.228,63.012
-8.532000000000007,-10.448000000000002
51.688,21.652000000000005
-38.136,21.775999999999996
-36.356,14.700000000000003
-9.211999999999998,21.99199999999999
-26.492000000000004,5.7399999999999896
-48.483999999999995,-7.564000000000015
-33.656000000000006,24.131999999999998
-46.924,-6.7600000000000104
-39.44399999999999,7.383999999999991
21.164000000000005,5.371999999999999
8.275999999999994,-29.268000000000015
-34.855999999999995,-17.200000000000003
-34.876000000000005,-11.70000000000001
-33.443999999999996,-9.200000000000008
-14.647999999999994,20.424
21.804000000000002,43.80799999999998
-27.856,7.747999999999977
31.980000000000008,15.807999999999979
3.299999999999992,-18.35200000000001
-33.407999999999994,-36.15200000000001
-11.443999999999988,4.81999999999998
-4.996,-14.636000000000015
46.552000000000014,-7.136000000000009
-3.467999999999982,14.056000000000001
-50.096000000000004,-27.01600000000002
24.752000000000017,45.65999999999999
6.600000000000006,-38.604000000000006
-47.716,19.803999999999977
4.3320000000000025,0.8959999999999857
33.9,51.16399999999999
8.264000000000005,-41.49600000000001
4.308000000000001,27.051999999999985
37.66799999999999,-3.616000000000019
-4.020000000000001,-37.85200000000001
-42.348,-29.388000000000012
2.5639999999999885,-3.076000000000012
3.7760000000000016,-28.52000000000001
25.343999999999987,8.051999999999992
17.647999999999996,63.64400000000001
-5.887999999999982,-0.43600000000001415
-5.780000000000007,10.915999999999993
29.27200000000001,-8.244000000000007
37.480000000000004,32.13999999999999
14.603999999999996,52.083999999999996
35.51200000000001,-4.747999999999997
-13.467999999999991,-33.98800000000001
28.083999999999996,4.752000000000001
-5.571999999999999,-14.852000000000022
10.831999999999997,4.927999999999977
25.375999999999998,56.55599999999998
-49.612,5.987999999999993
14.327999999999985,21.787999999999986
33.752,-19.484
17.567999999999984,-9.548000000000002
-53.48,8.675999999999995
-25.583999999999996,17.967999999999982
15.132000000000012,-20.088000000000005
-9.972000000000003,-6.076000000000015
-48.032,-23.784000000000006
10.348000000000003,-49.78800000000001
-33.516,19.10799999999999
36.992000000000004,-14.892000000000017
-30.203999999999997,35.852
-13.196000000000009,-40.67600000000001
-41.32399999999999,15.412000000000003
-23.880000000000003,-35.720000000000006
-14.35200000000001,11.143999999999977
-9.627999999999993,-27.324000000000005
51.132,22.292
-6.820000000000004,-9.288000000000007
-23.312000000000012,2.859999999999996
37.016000000000005,-27.200000000000014
7.563999999999993,-46.288000000000004
18.208000000000002,-39.66800000000001
-17.32799999999999,5.187999999999993
-56.08800000000001,-1.1320000000000219
4.244000000000003,11.30399999999998
50.82,7.495999999999992
-26.516000000000005,-15.072000000000019
1.0360000000000147,30.46399999999998
37.26799999999999,55.016
8.807999999999993,21.343999999999987
45.33599999999998,6.855999999999995
-15.327999999999985,6.003999999999987
-29.66399999999999,-18.99200000000002
23.95200000000002,-14.684000000000008
23.604000000000003,40.37599999999999
18.147999999999985,-18.247999999999998
-28.723999999999993,4.415999999999998
56.067999999999984,24.41199999999999
-54.620000000000005,-9.120000000000006
17.192000000000007,-29.81600000000001
-15.012000000000004,31.13999999999999
-25.856,3.147999999999973
-38.20399999999999,7.176000000000005
5.200000000000005,-19.55600000000002
34.5,27.30799999999998
29.980000000000008,19.823999999999998
1.0760000000000103,-21.996000000000016
-39.995999999999995,28.59999999999998
0.8680000000000021,-36.38800000000001
-46.324,8.22799999999999
46.472,-3.4440000000000026
-39.968,7.491999999999988
-7.323999999999997,-41.30000000000001
-21.043999999999997,15.192000000000005
-43.98800000000001,-30.17200000000001
6.807999999999992,2.9159999999999853
21.287999999999997,-25.90800000000001
22.360000000000003,9.243999999999986
-57.36,10.027999999999992
-0.5079999999999973,24.316000000000003
-40.752,2.9320000000000013
18.776000000000014,1.5039999999999942
-58.660000000000004,12.691999999999993
-40.632000000000005,-28.948000000000008
7.240000000000002,10.851999999999995
2.1279999999999966,-51.17600000000001
51.044000000000025,4.463999999999979
16.683999999999987,-34.35600000000001
14.472000000000019,50.24799999999998
18.96,40.859999999999985
-22.74799999999999,25.419999999999998
-42.224,-17.588000000000005
5.635999999999997,-52.756000000000014
1.8159999999999954,24.215999999999994
-0.49999999999998934,-8.032000000000018
-43.788000000000004,-23.768
-33.67600000000001,4.591999999999996
-0.33199999999999896,-11.752000000000018
30.136000000000006,-17.432000000000013
32.176,-14.660000000000007
32.056,32.707999999999984
-4.176000000000002,-25.992000000000004
-22.996000000000006,-15.672000000000018
17.552000000000014,6.2839999999999785
29.580000000000005,37.08799999999999
26.556,33.90799999999998
10.420000000000007,-15.168000000000003
16.592000000000006,40.21999999999999
29.308,-9.836000000000011
-5.04,-42.15600000000001
-47.79600000000001,27.943999999999992
27.54399999999999,10.280000000000001
-15.927999999999987,15.06399999999999
-28.243999999999993,6.776000000000004
41.756000000000014,43.30399999999999
-25.444,-8.492000000000022
46.10799999999999,38.291999999999994
-19.263999999999992,-10.576000000000008
48.87200000000001,42.276
32.53999999999999,2.067999999999981
7.452000000000014,-25.74000000000001
-18.256000000000007,-44.20400000000001
-5.987999999999993,-10.15600000000001
-41.76800000000001,26.536000000000005
-13.640000000000008,-3.7840000000000096
-15.964,-6.747999999999998
-17.744000000000003,27.79999999999998
-54.608000000000004,16.471999999999998
-34.26799999999999,-17.432000000000013
-59.272000000000006,9.179999999999989
8.719999999999995,-31.800000000000004
-18.68399999999999,-29.22800000000001
-9.079999999999998,-48.34800000000001
-26.167999999999992,6.483999999999979
23.01200000000001,-39.14800000000002
-5.403999999999987,2.043999999999979
-50.876,1.1639999999999873
-34.227999999999994,-33.404
-3.187999999999991,-16.780000000000005
-23.076000000000008,-20.92400000000001
-53.964,3.595999999999999
-51.212,3.6519999999999886
53.56000000000001,19.42799999999998
-6.112000000000006,-7.776000000000005
-56.391999999999996,-9.212000000000021
-35.108,-20.167999999999996
6.563999999999992,-11.724
28.60799999999999,10.255999999999998
-4.967999999999995,28.259999999999998
-14.44399999999999,-17.208000000000002
-13.527999999999984,20.287999999999972
10.032000000000018,-40.40000000000001
46.98400000000002,12.143999999999977
3.0240000000000045,-21.948
-51.803999999999995,24.139999999999983
-26.967999999999993,5.932000000000004
-35.116,-9.456000000000008
9.71200000000001,-15.864
42.208,-6.167999999999996
26.272000000000006,-40.444
-15.959999999999997,-28.928000000000008
33.13600000000001,-11.220000000000008
23.972000000000016,-2.4880000000000013
-4.279999999999995,8.723999999999975
20.68000000000001,-20.964000000000006
-14.267999999999992,-34.18800000000001
17.671999999999997,-39.82000000000001
-44.996,-11.152000000000017
36.376000000000005,13.687999999999988
15.495999999999999,-28.160000000000007
17.61600000000001,-10.55600000000001
7.244000000000006,-6.3039999999999985
22.14400000000001,58.651999999999994
27.547999999999995,-36.280000000000015
25.615999999999993,4.40799999999999
-30.192000000000007,2.1159999999999846
-20.98399999999999,-13.580000000000014
-27.647999999999996,-31.508000000000013
-7.376000000000005,20.98399999999998
-1.5800000000000036,-1.0000000000000009
24.784000000000006,55.303999999999995
9.15600000000001,-26.83200000000001
-29.084,-31.532000000000004
10.067999999999987,21.547999999999988
9.407999999999994,5.396000000000001
-14.616000000000007,-5.520000000000014
-43.120000000000005,16.88799999999999
-38.79600000000001,7.47199999999999
19.384,9.495999999999993
-6.78399999999999,12.836000000000002
49.33599999999998,33.056
27.24,-8.664000000000005
3.3600000000000074,-27.52000000000001
54.444000000000024,19.892
-14.944000000000003,27.99999999999998
-39.516000000000005,12.419999999999987
-28.987999999999992,-24.780000000000012
51.712,37.71199999999999
50.67599999999999,40.50799999999999
42.848,23.232000000000006
24.627999999999982,-38.82000000000001
26.0,12.735999999999992
-8.996000000000004,20.803999999999977
-18.41999999999999,-17.05200000000001
-24.63200000000001,35.455999999999996
-45.656000000000006,28.24399999999998
-12.344,-21.31200000000002
-55.123999999999995,19.16
33.00000000000001,19.643999999999995
31.56000000000001,12.463999999999986
11.556000000000012,-30.10800000000001
11.047999999999991,-9.248000000000001
38.744,21.955999999999996
-21.15600000000001,-26.944000000000003
-17.900000000000006,-25.424000000000003
0.007999999999985796,-2.4520000000000097
18.747999999999987,-4.42800000000001
16.636000000000006,-6.052000000000013
-34.163999999999994,-16.87200000000002
-34.86799999999999,-36.208000000000006
4.632000000000014,21.531999999999996
21.204,-19.988000000000007
-4.383999999999988,26.532
39.48400000000001,-7.068000000000008
17.208000000000002,19.876000000000005
12.272000000000016,-23.580000000000013
-6.607999999999992,23.983999999999984
-0.24399999999999977,18.227999999999977
-45.096000000000004,-4.200000000000004
-51.064,-2.212000000000014
2.7959999999999985,29.423999999999985
-48.27600000000001,-16.06000000000001
-3.488000000000002,-18.784
42.208,33.98799999999997
-38.12800000000001,13.47999999999998
33.98000000000001,-9.467999999999998
-16.947999999999986,4.0959999999999885
-3.064,3.371999999999997
-44.767999999999994,31.087999999999983
-24.903999999999993,-11.268
6.3120000000000065,-19.976000000000017
47.46400000000002,38.04399999999999
-33.352000000000004,30.787999999999993
17.867999999999995,-42.37200000000001
-40.04800000000001,-19.076000000000015
21.96799999999999,0.35999999999998256
15.060000000000006,6.603999999999988
-11.092000000000013,17.412000000000006
-42.059999999999995,-13.128000000000007
27.676000000000013,61.732000000000006
-41.852000000000004,9.947999999999979
-53.724,15.643999999999991
18.023999999999994,-15.220000000000011
-16.347999999999985,6.655999999999995
-31.320000000000004,1.4839999999999964
-29.220000000000002,29.89999999999999
8.207999999999993,29.979999999999983
29.772,44.116
-14.407999999999998,-4.0000000000000036
-25.536,-4.0160000000000196
8.452000000000016,9.996000000000006
21.428000000000004,-32.06000000000001
28.80400000000001,13.091999999999992
-10.687999999999986,13.383999999999997
54.832000000000015,29.971999999999998
-28.35200000000001,-16.088
35.307999999999986,53.312000000000005
-22.416000000000004,19.555999999999997
-50.564,-25.640000000000008
-13.420000000000009,-6.684000000000001
-39.843999999999994,17.079999999999984
6.267999999999985,16.923999999999985
-10.539999999999994,2.1239999999999926
26.668000000000003,-1.5880000000000116
-14.388000000000002,19.39200000000001
-23.476000000000006,18.667999999999974
-53.252,4.8639999999999795
-11.24799999999999,-15.980000000000006
-10.216000000000003,-39.844
25.70000000000001,17.423999999999996
-48.216,-29.788000000000014
45.720000000000006,-11.192000000000013
-58.328,12.26799999999999
-31.467999999999996,-9.480000000000011
-4.864000000000002,-28.08800000000001
-9.312000000000008,-28.65200000000001
6.624000000000008,-26.384000000000007
9.983999999999993,-4.608000000000012
-13.907999999999987,23.151999999999994
-37.044,13.216000000000005
32.24,39.27999999999998
-37.888,11.73200000000001
-32.135999999999996,-37.12800000000001
3.8839999999999986,-41.37600000000001
-46.792,-17.912000000000017
27.112000000000002,13.083999999999985
-23.592000000000002,6.227999999999989
39.388,13.5
12.680000000000003,47.252
-50.672,11.127999999999982
2.163999999999988,29.135999999999985
31.763999999999992,58.43599999999998
20.85600000000001,-31.976000000000017
32.572,51.09999999999999
-10.48,10.97999999999999
-35.76799999999999,-27.45200000000001
43.652,-10.587999999999997
26.195999999999998,20.64799999999998
10.332000000000008,-42.20800000000001
-7.147999999999999,-27.524000000000004
-22.836000000000002,-14.616000000000017
-42.252,26.895999999999987
-8.007999999999992,-2.063999999999999
32.55200000000001,57.787999999999975
-16.57200000000001,-23.936000000000014
23.488,22.17199999999999
-33.040000000000006,1.415999999999995
-8.440000000000003,30.003999999999987
26.415999999999997,-10.256000000000009
-26.107999999999986,25.663999999999998
-10.727999999999982,-28.160000000000007
-21.035999999999998,13.447999999999993
-12.176000000000009,-6.252000000000013
-15.483999999999988,-20.89200000000002
-39.12,29.707999999999977
53.53599999999999,11.459999999999981
-46.016,-21.276000000000018
-21.472,14.08799999999999
18.39200000000001,20.68399999999999
8.860000000000001,-51.78
-56.304,-10.487999999999998
51.18000000000001,19.923999999999985
-2.0399999999999974,-3.3400000000000096
30.200000000000003,4.887999999999981
-17.32,-19.052000000000014
-21.952000000000005,28.05199999999999
42.06399999999999,-10.832000000000019
14.495999999999999,27.536000000000005
16.124000000000006,-26.068000000000012
-21.887999999999998,2.947999999999973
44.16,17.723999999999982
-47.364,5.576000000000003
-3.5719999999999974,-5.416000000000021
-12.956000000000012,29.976000000000003
37.368,26.279999999999994
-11.672000000000015,-25.352000000000018
40.77600000000001,21.716
12.344,-25.040000000000006
-48.10399999999999,-6.864000000000003
22.468,55.06399999999998
-17.423999999999996,2.1320000000000006
9.647999999999989,16.403999999999996
-7.763999999999993,-18.588000000000005
9.855999999999998,-51.89600000000001
25.336000000000002,5.447999999999986
4.827999999999988,-40.464
9.879999999999999,60.02799999999999
0.41599999999999415,-28.312000000000005
13.672000000000018,52.319999999999986
15.135999999999994,-47.364000000000004
-34.56799999999999,17.227999999999977
-7.096000000000013,-33.55200000000001
-30.299999999999994,22.603999999999978
-2.2399999999999975,13.475999999999999
21.467999999999996,15.847999999999974
-23.76799999999999,-2.62
21.340000000000003,63.50799999999999
-24.107999999999997,-24.140000000000008
-53.843999999999994,-15.440000000000008
-44.891999999999996,2.4759999999999893
26.151999999999997,-22.148
35.85200000000002,-1.967999999999992
18.776000000000014,56.924
-34.252,23.703999999999994
45.78,-10.620000000000008
-2.536000000000005,-21.004
-4.287999999999981,-46.85600000000001
-34.57600000000001,33.92399999999998
-37.53999999999999,-30.40400000000001
-3.4399999999999986,19.531999999999993
6.476000000000015,1.0559999999999903
-31.299999999999994,15.643999999999991
-24.86799999999999,-15.380000000000004
-49.888,-0.020000000000020002
23.172000000000015,27.492000000000004
-4.492000000000007,-50.28800000000001
23.512,62.251999999999995
-0.7039999999999935,-22.72400000000001
30.803999999999988,5.86399999999998
9.316000000000013,22.43599999999999
-53.104,-11.164000000000007
-3.1199999999999894,-2.6120000000000143
32.708000000000006,38.23999999999999
6.0920000000000085,-21.584000000000003
-35.892,-20.920000000000005
45.92,6.747999999999976
-4.919999999999991,10.027999999999992
-42.93600000000001,3.1399999999999872
-11.027999999999993,23.232000000000006
-12.447999999999993,-15.39600000000001
-21.555999999999997,16.227999999999977
20.467999999999996,54.76399999999999
22.767999999999986,-30.720000000000013
-8.872000000000014,3.820000000000001
-24.352000000000007,-9.972000000000014
-25.372000000000007,12.9
-37.53999999999999,-26.00800000000001
8.392,-31.34800000000001
36.348,20.82799999999998
10.603999999999992,-44.54800000000001
27.447999999999983,5.65199999999999
-51.495999999999995,-21.756000000000007
-52.464,12.903999999999982
45.63999999999999,39.599999999999994
3.047999999999984,-14.892000000000017
-25.45200000000001,-16.824000000000005
40.135999999999996,27.011999999999993
11.603999999999992,-23.380000000000013
9.00399999999999,21.963999999999984
-41.388000000000005,-19.992000000000022
-2.7639999999999887,13.283999999999985
-3.727999999999998,-48.63600000000001
-5.952000000000002,-9.552000000000016
-31.832000000000004,13.027999999999974
25.116000000000007,17.26399999999999
-30.656000000000006,-34.82400000000001
-22.456,15.18799999999998
-47.38399999999999,-13.46400000000001
-52.62,-11.70000000000001
-38.368,-15.148000000000007
-3.176000000000001,-48.38000000000001
-29.359999999999996,20.587999999999983
-48.824,3.0079999999999885
-44.36,-24.820000000000007
-24.656,26.48799999999998
0.048000000000003595,-8.156000000000008
20.300000000000008,-34.82000000000001
19.99200000000001,0.5279999999999729
-35.024,-12.268
-23.219999999999995,-0.21200000000001218
24.424,63.96799999999998
0.21599999999999397,-11.74400000000001
2.876000000000012,-7.928000000000002
-41.059999999999995,-2.6120000000000143
-46.636,-8.452000000000016
47.92799999999999,41.37200000000001
1.747999999999994,31.135999999999985
18.63999999999999,2.523999999999993
46.167999999999985,33.28
2.723999999999993,21.223999999999975
-21.796000000000003,10.183999999999994
-53.903999999999996,20.896000000000004
15.339999999999998,1.2279999999999847
-5.347999999999997,-22.396000000000015
-13.823999999999991,6.776000000000004
32.87599999999999,-22.252000000000017
34.904,49.63599999999999
-37.788,-32.87600000000002
-40.14,-31.468000000000007
36.56399999999999,-1.208000000000009
5.852000000000013,-22.824000000000012
-44.06,10.00399999999999
10.275999999999996,-39.06400000000001
18.867999999999995,6.451999999999991
-40.864,-23.01200000000002
29.123999999999995,-5.020000000000002
-1.1400000000000077,-49.33600000000001
-9.983999999999993,-16.196000000000012
-9.836,-3.4399999999999986
29.200000000000003,-23.472000000000016
-35.6,6.73999999999999
-24.692000000000004,-0.14400000000001079
31.46,27.62
-33.60799999999999,-19.567999999999998
-17.935999999999996,5.083999999999977
47.924000000000014,20.472
27.624000000000002,18.527999999999988
-27.083999999999996,-4.268000000000005
-16.75200000000001,-42.27200000000001
33.176,-7.552000000000025
17.39999999999999,9.00399999999999
20.560000000000002,5.70799999999998
11.884000000000006,20.20399999999998
11.707999999999984,2.2399999999999975
-53.236000000000004,-10.524000000000001
17.752000000000013,41.66399999999999
-28.367999999999995,-13.292000000000016
30.36399999999999,53.09599999999999
36.95600000000001,33.11200000000001
-1.7759999999999998,-40.30000000000001
-48.228,5.335999999999985
-23.236,-40.808000000000014
-47.17600000000001,2.9239999999999933
-10.812,-35.040000000000006
-8.667999999999987,3.27599999999999
-10.319999999999997,-28.444000000000003
52.82400000000003,37.607999999999976
12.952000000000009,-26.85200000000001
15.368000000000004,-17.168000000000006
-50.552,13.027999999999974
35.15200000000001,14.779999999999994
3.183999999999987,-0.42400000000000215
8.087999999999983,26.22
27.407999999999987,23.219999999999995
26.892000000000003,37.48399999999998
27.54000000000001,63.564
17.819999999999993,-33.27600000000002
13.527999999999984,-3.072000000000008
-7.816000000000001,-10.864000000000008
0.37599999999999856,10.075999999999997
-35.524,-13.344000000000001
8.023999999999987,-39.91600000000002
0.7000000000000117,-18.252000000000013
-45.443999999999996,12.372000000000005
-7.6160000000000005,25.072000000000006
8.275999999999994,-43.068000000000005
-25.947999999999993,13.175999999999988
-19.040000000000003,-18.012000000000018
7.312000000000007,-21.567999999999998
44.032000000000004,10.45999999999998
-6.435999999999997,15.215999999999985
36.208,3.463999999999978
-33.056000000000004,-8.756000000000007
10.600000000000009,11.655999999999999
-52.588,-4.492000000000007
-40.48,-5.196000000000023
50.87200000000001,14.632000000000001
-49.007999999999996,-20.840000000000014
-39.112,-18.308000000000003
28.592000000000017,-28.548000000000005
-13.13200000000001,-2.9160000000000075
14.783999999999997,21.432000000000006
-2.412000000000014,1.8999999999999906
-18.476000000000003,-43.66000000000001
-25.087999999999987,-31.144000000000005
-33.388,-16.196000000000012
-27.636000000000006,23.375999999999998
19.428,-31.07200000000001
-43.248,-27.460000000000008
-7.635999999999998,-22.672000000000015
-55.408,15.032
-5.108000000000001,-49.672000000000004
-13.840000000000007,-47.192000000000014
-16.90799999999999,-13.692000000000014
-51.736000000000004,-5.367999999999995
-55.784,0.22799999999998377
17.188000000000002,-50.56
24.116000000000003,60.73599999999997
-1.7759999999999998,16.523999999999983
2.299999999999991,19.175999999999995
17.623999999999995,-36.492000000000004
48.32400000000001,28.772
-5.087999999999981,-12.080000000000013
30.128,29.323999999999995
-18.14,-20.73600000000001
5.235999999999996,9.883999999999983
-30.912000000000006,-29.15200000000001
-40.552,0.22399999999997977
-2.3639999999999883,3.9999999999999813
25.12399999999999,-13.200000000000012
-25.759999999999994,-21.524000000000008
3.1479999999999952,0.09200000000000319
29.464000000000002,1.74399999999999
47.91599999999998,-2.3640000000000105
-35.716,-23.516000000000016
-28.379999999999995,-19.972000000000012
-20.86,-1.2560000000000127
24.672000000000004,-27.184000000000008
-42.872,-2.1640000000000104
-42.711999999999996,8.07199999999999
24.472000000000005,38.827999999999975
-2.38799999999999,-38.988000000000014
21.85600000000001,60.38799999999998
-28.927999999999987,19.452
-60.467999999999996,9.915999999999991
30.86,50.196
5.484,-42.592000000000006
-14.012000000000002,-37.59600000000002
49.980000000000004,12.7
-33.788,-21.908000000000005
32.752,39.00399999999999
25.584000000000007,0.019999999999997797
6.156000000000006,-37.13200000000001
-31.535999999999998,-2.6960000000000095
25.76399999999999,8.55999999999999
2.9400000000000093,-12.712000000000012
0.5239999999999911,27.80799999999999
40.22000000000001,-21.272000000000013
-47.160000000000004,-2.628000000000008
-18.911999999999995,-45.09200000000001
-30.18799999999999,26.615999999999996
-33.232000000000006,-35.55600000000001
-28.136000000000006,-17.264000000000003
48.48000000000001,3.715999999999986
-10.772000000000004,-25.42000000000001
24.004000000000005,47.387999999999984
40.544000000000004,9.723999999999977
43.103999999999985,17.519999999999982
-44.348,-25.73200000000002
-5.103999999999997,16.32799999999999
13.807999999999998,23.427999999999983
-43.03199999999999,-22.016000000000012
26.459999999999994,-2.2440000000000015
-20.087999999999994,11.407999999999973
-7.672000000000012,-24.87600000000001
-26.352000000000007,0.46799999999997954
33.472000000000016,55.07199999999999
29.847999999999985,-34.764
21.287999999999997,10.53599999999999
-33.396,-0.9160000000000057
43.79200000000001,22.79199999999999
-8.040000000000003,19.279999999999987
31.943999999999996,6.53999999999999
-54.232,-11.448000000000002
-5.303999999999998,14.915999999999997
-2.0040000000000058,-48.16000000000001
51.800000000000004,39.37200000000001
17.379999999999995,-12.180000000000014
45.435999999999986,8.319999999999993
38.527999999999984,59.29199999999999
-15.451999999999998,-26.988000000000014
30.44,-6.767999999999996
-9.687999999999985,22.78
41.959999999999994,27.027999999999984
-21.772000000000002,30.30799999999998
-17.436000000000007,-10.587999999999997
44.944,41.891999999999996
24.67600000000001,8.867999999999988
30.58399999999999,27.191999999999993
-42.99999999999999,24.963999999999984
-14.463999999999988,-24.840000000000007
-15.603999999999996,-8.796000000000015
16.667999999999992,8.283999999999981
27.435999999999993,33.707999999999984
54.488,32.10799999999998
18.179999999999996,2.0959999999999868
-26.512,20.63599999999999
1.0760000000000103,-44.64800000000001
7.523999999999997,29.035999999999994
-53.843999999999994,-14.107999999999999
50.90400000000002,36.480000000000004
51.34000000000001,13.623999999999992
-8.079999999999998,-40.932000000000016
-8.152000000000005,-46.93200000000001
-41.66399999999999,28.352
1.9560000000000022,-0.29600000000000737
8.855999999999998,-36.18800000000001
-20.640000000000004,12.06799999999999
-3.2559999999999922,-10.108000000000006
34.132000000000005,-22.02400000000001
0.5439999999999889,-42.144000000000005
18.788000000000004,-23.287999999999997
23.903999999999993,37.09199999999999
27.47200000000001,16.803999999999995
-23.460000000000004,23.35999999999998
9.532000000000007,7.979999999999987
-25.544,18.916
-36.30799999999999,-6.3200000000000145
-28.176000000000002,-7.68000000000002
2.3560000000000025,26.59199999999999
-44.876000000000005,27.136000000000003
-25.363999999999997,-40.47600000000001
-39.836000000000006,-20.467999999999996
42.43600000000001,1.6639999999999766
-25.53200000000001,-1.1760000000000215
7.079999999999997,1.0599999999999943
24.07999999999999,20.34799999999999
38.904,42.832
-35.28399999999999,-13.872000000000018
-26.78799999999999,2.1079999999999766
-32.18399999999999,30.312000000000005
7.252000000000014,-34.10000000000001
-58.31999999999999,2.756000000000003
-40.108,-33.19200000000001
30.064,51.56799999999999
-6.807999999999992,-29.056000000000015
-18.303999999999988,21.939999999999984
28.683999999999997,63.72
-2.839999999999998,-14.15200000000002
-17.324000000000005,5.892000000000008
16.79600000000001,57.05199999999999
-2.5920000000000165,-2.1640000000000104
1.0279999999999845,18.827999999999978
21.964000000000006,-16.127999999999997
-32.56,-0.32799999999999496
-34.192000000000014,-9.116000000000014
-56.108000000000004,10.93200000000001
35.04799999999999,-25.444
18.752000000000013,-9.492000000000012
-23.563999999999997,33.08799999999999
-28.192000000000007,14.012000000000002
-27.500000000000004,-34.680000000000014
14.863999999999988,26.715999999999983
22.496000000000006,49.695999999999984
20.732000000000017,0.6159999999999943
38.792,7.91599999999999
-38.444,-11.116000000000014
56.128,8.779999999999987
1.5720000000000178,23.516000000000005
25.67600000000001,56.01999999999998
-9.492000000000012,23.319999999999986
-20.08399999999999,9.627999999999993
13.651999999999997,2.7839999999999865
31.58399999999999,33.12799999999998
-30.715999999999998,6.5320000000000045
54.09599999999999,5.332000000000003
-36.16799999999999,10.475999999999996
-3.8679999999999826,-42.748000000000005
-6.292000000000009,-1.868000000000003
-42.843999999999994,16.212000000000003
22.10000000000001,-32.240000000000016
27.395999999999997,55.556000000000004
23.063999999999997,-27.83200000000001
-13.99600000000001,-13.224000000000002
-6.2000000000000055,-29.32800000000001
42.480000000000004,12.507999999999985
-51.291999999999994,1.5839999999999854
21.028000000000002,58.952000000000005
35.13600000000001,55.12799999999998
20.404,2.7599999999999847
18.567999999999984,51.04799999999998
-24.387999999999987,19.143999999999984
29.020000000000003,27.30799999999998
-11.031999999999996,-29.960000000000008
-20.44799999999999,31.11599999999999
46.872,34.32799999999998
-16.83999999999999,7.583999999999991
-17.903999999999986,-43.51200000000001
-29.136000000000006,35.44799999999999
-22.636,8.739999999999991
-39.548,-5.036000000000018
-24.372000000000003,-11.324000000000002
-43.168000000000006,-13.228000000000007
-16.423999999999992,4.223999999999983
-12.196000000000007,11.795999999999985
-24.099999999999998,29.179999999999986
-25.380000000000003,-27.748000000000005
21.96,39.803999999999995
-47.34,1.3439999999999896
-44.06,-21.21200000000002
33.343999999999994,8.275999999999994
31.876000000000015,-29.408000000000012
38.012,36.73599999999999
30.847999999999985,-37.124
23.572000000000017,-21.95600000000001
26.903999999999996,55.855999999999995
24.947999999999993,58.90799999999998
49.32400000000001,11.287999999999986
46.232000000000006,27.723999999999993
18.124000000000006,33.983999999999995
-35.227999999999994,14.487999999999989
-24.708,32.032
36.46,55.89599999999999
-51.632,-6.352000000000024
15.056000000000003,3.463999999999978
0.9120000000000017,-35.464000000000006
-39.20399999999999,2.7959999999999985
28.664,-4.367999999999994
26.415999999999997,45.88799999999998
-28.123999999999995,-28.32800000000001
39.544000000000004,-6.3200000000000145
24.912,5.031999999999992
21.832000000000008,-42.588000000000015
-3.5760000000000014,14.56799999999998
-50.788,-14.384000000000007
-11.107999999999985,8.863999999999983
20.199999999999996,43.48399999999999
-18.067999999999994,-31.81600000000001
-24.6,15.192000000000005
42.456,9.623999999999988
-12.759999999999994,-41.756000000000014
-38.032,23.01599999999999
-37.536,-35.59600000000002
5.227999999999988,-11.216000000000015
54.108000000000004,8.932000000000006
-23.032000000000007,-25.148000000000003
29.116000000000007,36.70399999999998
17.247999999999998,14.636000000000005
19.14,19.035999999999987
28.971999999999998,46.019999999999996
37.3,17.535999999999994
-16.632,16.57599999999999
31.46,35.86799999999999
-53.668000000000006,9.347999999999978
-8.556000000000008,-40.36400000000001
5.176000000000003,-23.080000000000013
-43.547999999999995,-12.176000000000009
-13.22000000000001,-28.692000000000007
-14.483999999999986,-12.212000000000012
29.84,56.48
-36.443999999999996,13.475999999999999
15.27200000000002,-49.29600000000002
-46.46,-16.456000000000014
-36.184,6.6239999999999855
-13.027999999999995,-8.500000000000007
-5.496000000000012,26.959999999999983
32.084,50.011999999999986
-29.727999999999987,-22.43200000000002
-45.02,-14.508
-10.379999999999988,-46.68000000000001
-54.291999999999994,-21.168
-32.996,-18.35200000000001
-1.847999999999983,-24.980000000000015
-17.500000000000004,-20.488000000000007
-13.779999999999992,-46.18800000000001
-31.336,-23.840000000000007
-1.4479999999999826,-33.19600000000001
-29.847999999999995,-37.68800000000001
-56.296,-13.37600000000001
29.888000000000005,2.4559999999999915
40.21600000000001,-14.436000000000016
-11.75600000000001,4.415999999999998
41.44399999999999,8.712000000000009
-17.720000000000002,-31.29200000000001
44.39999999999999,20.98399999999998
-52.21199999999999,11.163999999999996
39.104000000000006,0.43599999999999195
-36.75200000000001,-24.03200000000002
-51.464,-0.6960000000000077
-53.42,-4.984000000000011
0.5720000000000169,-10.972000000000016
35.227999999999994,-8.332000000000017
-2.8960000000000097,14.091999999999993
-51.09600000000001,9.451999999999995
-7.959999999999989,-44.18800000000002
3.2279999999999864,22.80399999999998
-2.9199999999999893,-29.868000000000006
1.2720000000000065,-2.776000000000023
15.847999999999995,-14.112000000000013
25.815999999999995,24.831999999999987
25.392000000000014,-46.82800000000002
7.032000000000016,25.839999999999996
20.564000000000004,-27.436000000000014
50.224000000000025,9.663999999999984
27.94000000000001,36.772000000000006
-6.787999999999994,10.33599999999999
6.012000000000017,-34.684000000000005
25.784000000000006,-41.480000000000004
-24.676,-13.176000000000009
14.647999999999994,20.93999999999998
12.183999999999994,21.523999999999987
-29.427999999999987,4.255999999999993
-23.832000000000008,4.512000000000005
-40.848,-27.77600000000001
-16.544000000000004,-37.792
-33.924,-33.912000000000006
-31.856000000000005,-20.096000000000014
23.187999999999988,-35.59200000000001
32.699999999999996,-38.144
-46.90399999999999,8.155999999999985
11.904000000000003,-20.452000000000016
38.168,5.271999999999988
10.616000000000003,31.035999999999998
39.73599999999999,33.13999999999999
31.44,-34.716000000000015
21.367999999999988,1.855999999999991
-41.996,7.087999999999983
1.187999999999989,15.511999999999993
-0.22799999999998377,-21.828000000000003
25.903999999999993,57.95999999999999
-5.059999999999998,-15.224000000000004
-26.95200000000001,-17.832000000000015
40.95200000000001,16.535999999999994
-8.240000000000002,-37.804
12.472000000000016,58.664
-52.452,4.6519999999999895
32.46,37.7
-18.58,16.69999999999998
6.476000000000015,20.08399999999999
-35.17600000000001,-31.864000000000004
31.844000000000005,7.075999999999993
26.427999999999983,2.4759999999999893
16.056000000000004,66.25599999999999
27.207999999999988,8.099999999999996
-12.260000000000005,-40.46800000000002
-56.436,-1.5320000000000222
14.847999999999995,29.576
-0.8680000000000021,-35.132000000000005
-32.847999999999985,11.54799999999998
-5.571999999999999,3.943999999999992
-13.612000000000002,-33.144000000000005
4.6760000000000135,-32.644000000000005
32.33999999999999,8.735999999999988
5.284,-14.952000000000021
4.6720000000000095,-2.0199999999999996
41.364000000000004,-14.088000000000001
1.1239999999999917,28.68799999999998
-10.20399999999999,-14.304000000000006
-30.12799999999999,23.339999999999982
15.900000000000002,27.27599999999999
3.299999999999992,-33.83600000000001
12.863999999999987,-1.7840000000000078
46.028000000000006,0.07200000000000539
18.14,-38.12000000000001
24.2,-44.640000000000015
26.912000000000003,-13.496000000000008
24.25600000000001,-10.392000000000012
23.063999999999997,13.623999999999992
-19.027999999999988,8.251999999999992
35.09200000000001,-37.08000000000001
-44.592,28.139999999999986
-23.863999999999997,-4.41600000000002
-12.952000000000009,-25.564000000000007
48.50400000000001,42.78399999999998
32.967999999999996,46.10799999999999
-27.536000000000005,-2.7920000000000167
1.1560000000000015,28.211999999999993
24.564000000000007,35.34799999999998
-29.156000000000006,-40.464
-54.608000000000004,6.440000000000001
24.18,-29.53600000000002
-47.492000000000004,20.551999999999992
35.33200000000001,-32.444
-12.872000000000018,-11.520000000000008
-3.632000000000013,-29.15200000000001
-40.91600000000001,7.355999999999985
-32.496,25.411999999999992
4.088000000000003,8.68
-39.459999999999994,-16.940000000000012
17.667999999999996,-25.884000000000007
1.7120000000000024,-14.892000000000017
-14.880000000000004,11.275999999999996
39.227999999999994,14.547999999999984
17.32799999999999,14.083999999999985
30.29200000000001,-29.832000000000004
2.499999999999991,-13.700000000000012
52.04799999999998,-1.3400000000000079
-54.532000000000004,14.219999999999988
-43.623999999999995,-3.4399999999999986
-7.811999999999997,30.727999999999977
21.164000000000005,12.083999999999984
-10.052000000000017,-30.34800000000001
4.967999999999995,-4.387999999999992
2.864,-5.776000000000003
10.00399999999999,28.459999999999997
42.676,32.06
-1.6040000000000054,9.387999999999973
-6.499999999999995,-12.544000000000011
-39.62,9.527999999999981
-12.072000000000017,31.623999999999985
18.203999999999997,8.216000000000001
-41.5,-21.57600000000002
-36.692,-37.29600000000002
10.196000000000005,-49.24400000000001
41.724000000000004,-0.9520000000000195
54.24,33.399999999999984
30.836,-0.5320000000000213
47.56,38.68799999999999
26.316000000000006,0.8839999999999959
-30.57200000000001,-10.987999999999998
-36.53999999999999,-16.07600000000001
-45.635999999999996,22.439999999999994
23.960000000000004,7.155999999999985
29.65200000000001,17.239999999999988
47.972000000000016,22.96799999999999
-6.1839999999999895,-1.012000000000013
37.647999999999996,-22.440000000000005
24.540000000000006,47.08399999999999
52.587999999999994,0.10799999999997478
-6.98399999999999,0.07200000000000539
-6.215999999999999,-31.720000000000002
19.564000000000004,-10.184000000000005
39.04399999999999,20.055999999999983
0.18799999999998818,14.28799999999999
-3.7639999999999896,16.77599999999999
-41.076,-21.17200000000001
-44.523999999999994,-0.17200000000001658
37.188,34.98799999999997
-42.772,12.592000000000002
-34.88,-20.684
10.036000000000001,-2.9039999999999955
-29.97200000000001,-28.136000000000017
42.472,44.199999999999996
46.09599999999998,34.80399999999999
8.640000000000004,-0.21600000000001618
37.116000000000014,-9.636000000000012
-52.896,4.139999999999988
14.456000000000003,11.367999999999977
-29.92,-30.56000000000001
8.16000000000001,-40.92800000000001
16.276000000000003,-8.296000000000014
-2.635999999999994,27.523999999999994
18.39600000000001,-2.6040000000000063
-23.11200000000001,-24.45200000000002
-20.572000000000003,15.427999999999976
22.736,52.132
-31.752000000000002,-28.79600000000001
27.903999999999996,5.287999999999982
-12.588,27.00799999999999
2.2079999999999878,-32.312000000000005
42.932000000000016,26.336000000000006
33.763999999999996,7.583999999999991
30.952,-14.320000000000011
7.716000000000012,22.096000000000004
-20.68399999999999,6.099999999999994
-44.596000000000004,19.059999999999988
21.736,-4.37200000000002
-9.487999999999985,-36.992000000000004
-23.43200000000001,-9.228000000000003
-28.584,-23.452000000000016
11.376000000000008,16.767999999999983
-31.256000000000007,-13.540000000000008
29.215999999999998,-17.172000000000022
14.792000000000005,56.31999999999999
-7.704,-45.59600000000002
1.9479999999999942,-16.216000000000008
19.61200000000001,11.680000000000001
-6.928000000000001,-25.892000000000003
26.760000000000005,-12.840000000000007
17.804,14.32399999999998
45.30400000000001,27.679999999999993
-45.36,26.86799999999998
40.92400000000001,41.824
9.363999999999994,18.103999999999985
18.896,-40.72800000000001
-12.060000000000004,-23.768
3.936000000000006,-16.07600000000001
-22.607999999999993,-31.500000000000007
-20.22799999999999,19.307999999999993
-11.240000000000006,-2.3279999999999967
26.776,-35.180000000000014
24.836000000000013,-26.44000000000001
-52.896,-0.18400000000000638
-23.91200000000001,-6.300000000000017
-27.692000000000007,4.831999999999992
22.492,-7.984000000000002
-6.0960000000000125,1.1519999999999975
-20.79200000000001,25.72399999999999
36.62799999999999,38.43999999999998
-25.48799999999999,-5.024000000000006
33.18399999999999,6.879999999999997
13.719999999999999,-7.528000000000001
-9.943999999999997,12.075999999999997
37.94,11.743999999999977
33.716000000000015,1.3279999999999736
-15.808,20.50399999999999
-48.512,21.92799999999999
15.532000000000012,-27.072000000000006
-25.783999999999995,-8.960000000000012
2.3239999999999927,-5.703999999999998
40.368,9.075999999999995
-20.047999999999988,8.787999999999974
5.512000000000006,-24.940000000000005
-43.552,24.74799999999999
25.868000000000002,42.716
-9.376000000000007,-27.872000000000007
36.040000000000006,21.331999999999994
-43.56399999999999,-16.57200000000002
-6.512000000000007,18.203999999999997
-20.52799999999999,-18.81200000000002
-23.299999999999997,-4.100000000000015
-49.912,-18.388000000000005
24.604000000000003,10.947999999999979
18.58,-24.076000000000008
13.944,16.659999999999986
-27.947999999999993,15.57599999999999
0.5079999999999973,-27.19600000000001
-49.419999999999995,5.227999999999988
22.804000000000002,51.507999999999974
-2.6559999999999917,7.352000000000003
-19.267999999999997,-0.5800000000000027
-36.31200000000001,-34.82000000000001
-44.123999999999995,-22.476000000000017
-4.5399999999999885,-25.592000000000013
-31.879999999999995,22.387999999999984
-16.416000000000007,17.50799999999999
37.32,29.635999999999996
-1.2320000000000109,15.459999999999985
38.036,31.16399999999999
-33.896,-29.15200000000001
2.0279999999999854,0.28399999999999537
38.88400000000001,-13.556000000000012
5.047999999999986,20.08399999999999
14.643999999999991,17.371999999999986
29.659999999999997,17.827999999999978
53.07999999999999,22.112
10.684000000000005,-51.66400000000001
23.136000000000003,-14.112000000000013
5.9639999999999915,-4.2360000000000175
-40.468,9.283999999999981
-4.703999999999997,-5.308000000000002
45.18799999999998,29.739999999999988
-43.072,20.232000000000006
-5.400000000000005,-3.760000000000008
-3.6880000000000024,-2.4720000000000075
-41.164,-13.86400000000001
18.887999999999995,-48.972
48.928,39.84799999999999
31.067999999999984,-39.048000000000016
37.344,-33.408000000000015
16.179999999999993,21.067999999999977
11.440000000000005,-9.916000000000015
25.852000000000007,-44.32800000000001
21.4,34.91599999999999
-33.996,-24.45600000000001
52.6,15.223999999999993
-19.64,-43.31600000000001
25.088,-36.376000000000005
46.972000000000016,24.02399999999998
14.127999999999986,-47.872
-44.147999999999996,29.927999999999976
16.535999999999994,-4.608000000000012
18.39600000000001,10.863999999999985
-38.088,24.736000000000004
-26.259999999999994,-20.452000000000016
-6.367999999999996,20.907999999999994
-27.12399999999999,-32.33600000000001
-22.216,-22.308000000000007
36.772000000000006,4.675999999999991
-23.30399999999999,20.472
13.036000000000003,-12.920000000000009
-33.752,-38.53200000000001
-36.58,-10.460000000000013
-1.6599999999999948,-44.80400000000001
-12.216000000000005,-25.644
14.500000000000002,-45.87600000000002
45.89599999999998,1.1319999999999997
53.304000000000016,37.20799999999998
10.196000000000005,-46.176000000000016
41.7,-6.4240000000000075
-56.663999999999994,12.823999999999991
-37.476,24.01199999999999
-24.052000000000007,-17.708000000000002
25.32399999999999,-23.44400000000001
17.29200000000002,-32.22800000000001
38.15200000000001,38.38399999999999
-9.95600000000001,-23.748
-48.5,4.779999999999984
-6.343999999999994,-30.468000000000007
23.804000000000002,-30.940000000000012
-22.603999999999992,13.903999999999982
10.31200000000001,12.239999999999984
23.43200000000001,-47.56800000000001
-14.68799999999999,-2.6040000000000063
45.78799999999998,32.816
-2.38799999999999,-5.620000000000003
-55.04,10.33599999999999
9.963999999999995,-29.57200000000001
41.69200000000002,13.276
-36.01200000000001,26.052000000000007
49.16799999999999,26.732
17.567999999999984,51.627999999999986
-17.203999999999997,-32.47600000000001
-8.532000000000007,24.843999999999976
-40.232,13.075999999999999
-2.2240000000000038,-16.30400000000001
-4.007999999999989,11.5
24.360000000000003,-1.2280000000000069
-50.696000000000005,-15.627999999999997
-35.327999999999996,-22.62400000000001
8.067999999999987,-35.05200000000001
53.13599999999998,28.927999999999976
-46.98,21.72399999999999
23.516000000000005,8.787999999999974
12.927999999999983,-50.104000000000006
33.664,26.48799999999998
-32.752,25.81199999999999
-28.927999999999987,-25.924000000000003
-26.412000000000003,10.152000000000005
-33.35600000000001,1.0279999999999845
46.92000000000001,-0.46800000000000175
-51.064,-20.772000000000013
-22.944,9.655999999999999
40.347999999999985,-24.66400000000001
-10.787999999999997,-14.036000000000016
-10.22399999999999,30.483999999999977
3.2200000000000006,28.679999999999993
32.38399999999999,19.543999999999983
15.55200000000001,13.195999999999986
-42.704,23.495999999999984
45.764,11.659999999999982
-3.8120000000000154,13.75599999999999
31.632000000000016,-19.628
24.580000000000002,32.87199999999999
-17.223999999999997,-0.8520000000000083
32.376000000000005,-32.352000000000004
-25.407999999999998,-41.12000000000001
-32.367999999999995,23.215999999999994
38.43600000000001,-1.880000000000015
-51.971999999999994,25.072000000000006
18.764000000000003,9.772000000000002
31.412000000000017,-11.896000000000019
-12.663999999999987,-27.83200000000001
-26.103999999999992,-2.976000000000023
-54.25600000000001,-12.568000000000001
-53.70399999999999,-12.032000000000021
36.524,-3.2600000000000184
-2.0000000000000018,0.5199999999999871
-21.152000000000005,19.607999999999983
40.524,35.79999999999999
-40.21199999999999,-3.587999999999991
31.31600000000001,38.35599999999999
28.54399999999999,-41.23600000000002
14.676,58.471999999999994
11.776000000000009,31.16399999999999
-27.439999999999998,17.511999999999993
-2.4839999999999973,-45.48800000000001
-7.6160000000000005,-0.6920000000000259
34.95600000000001,45.907999999999994
-42.228,-31.00400000000001
21.320000000000007,4.6519999999999895
-15.524000000000004,1.7839999999999856
-26.687999999999988,-28.116000000000007
-12.715999999999994,4.85199999999999
-27.812000000000005,-7.164000000000015
32.09600000000001,-12.060000000000004
2.6960000000000095,25.607999999999986
-9.363999999999994,2.2319999999999895
-30.436000000000007,4.5359999999999845
50.912,-1.2560000000000127
-40.996,-11.776000000000009
-9.40399999999999,14.19999999999999
4.8679999999999835,-20.48000000000001
-11.22399999999999,-46.24800000000001
-32.96,-29.12800000000001
-22.58,-3.308
37.188,11.612
-44.623999999999995,-31.13600000000001
-42.688,26.312
-32.924,3.3519999999999994
26.78799999999999,-40.644000000000005
45.900000000000006,8.555999999999987
-22.724,23.011999999999986
-32.252,13.867999999999991
32.24799999999999,-23.75600000000001
12.948000000000004,4.0999999999999925
22.972000000000016,4.976000000000003
-27.395999999999997,13.207999999999975
47.10400000000001,22.131999999999998
-12.256,-33.97600000000002
37.495999999999995,20.087999999999973
-2.7879999999999905,5.303999999999998
-31.787999999999993,-4.652000000000012
51.767999999999994,-0.12400000000001299
-35.36799999999999,22.039999999999992
8.952000000000005,24.879999999999992
36.40000000000001,19.711999999999996
-27.78799999999999,17.896
-24.256,-2.9520000000000213
25.363999999999987,-26.812
-41.17999999999999,-29.356000000000016
-13.796000000000008,31.952
-25.144,33.08799999999999
-35.56,9.44799999999999
-1.3639999999999874,23.02799999999998
35.17600000000001,1.9320000000000004
-14.756000000000014,26.151999999999997
-5.07200000000001,7.231999999999994
38.46799999999999,32.49999999999999
21.644,40.38799999999998
-43.156000000000006,-25.832000000000022
11.579999999999991,8.93599999999999
-41.903999999999996,-14.548000000000005
25.459999999999994,43.876000000000005
24.76799999999999,11.707999999999984
-11.284000000000006,18.052
-15.972000000000008,32.18399999999999
28.6,41.42399999999999
28.635999999999996,-15.768000000000004
0.10799999999999699,22.927999999999994
-28.023999999999994,-12.140000000000006
43.384,14.471999999999996
-0.8120000000000127,6.735999999999986
-43.928,0.6959999999999855
-41.07999999999999,10.251999999999995
27.024000000000004,5.307999999999979
46.25999999999999,7.8279999999999905
-18.796000000000014,-3.952000000000022
16.784,37.707999999999984
-45.943999999999996,-12.807999999999996
33.176,-39.116000000000014
25.50000000000001,-7.872000000000012
-25.060000000000006,33.836
29.20799999999999,-6.19200000000002
27.227999999999987,20.560000000000002
19.524000000000008,-22.65600000000001
0.7160000000000055,-30.864000000000004
3.424000000000005,-23.17600000000001
-38.852,-26.804000000000006
13.383999999999997,12.863999999999987
24.052000000000007,0.46799999999997954
-33.36799999999999,-27.348000000000006
-28.74,5.167999999999973
7.699999999999996,11.987999999999976
21.744000000000007,-49.15200000000001
-22.316000000000003,8.211999999999996
-24.16799999999999,35.77999999999999
-40.54,-2.2360000000000158
-29.316,-32.82000000000001
-46.651999999999994,-1.100000000000012
-26.796,7.6160000000000005
23.331999999999997,60.524
-5.052000000000012,7.803999999999989
23.019999999999996,38.315999999999995
6.1879999999999935,-3.4399999999999986
-25.99600000000001,-4.37200000000002
28.327999999999996,-38.90000000000001
7.655999999999996,-51.62000000000001
-24.207999999999995,22.296000000000006
4.996,-31.252000000000002
19.384,26.207999999999988
-11.427999999999994,20.027999999999977
-49.86000000000001,-22.63600000000001
25.160000000000004,-44.396000000000015
31.29200000000001,10.787999999999975
38.256,53.94799999999997
-45.36,2.1039999999999948
0.16799999999999038,10.555999999999987
-27.103999999999996,28.38799999999999
-14.779999999999994,-14.808
-19.61200000000001,8.463999999999983
-16.652,13.55599999999999
-47.89600000000001,-9.856000000000009
-19.09200000000001,-17.164
-15.764,31.599999999999984
-17.812000000000005,-7.9600000000000115
-22.156,26.675999999999988
-2.519999999999989,8.823999999999987
-43.796,-27.632000000000012
6.864000000000003,27.539999999999985
-18.196000000000012,-2.4440000000000017
32.943999999999996,41.69199999999999
32.896000000000015,10.792000000000002
32.58399999999999,-30.356000000000016
-17.764000000000003,-37.38000000000001
-50.391999999999996,20.063999999999993
42.703999999999986,-14.368000000000002
-46.08,-20.66000000000001
-31.435999999999996,-32.02400000000001
-13.087999999999989,-13.607999999999997
-58.623999999999995,10.036000000000001
31.035999999999998,54.027999999999984
36.40399999999999,-8.38000000000001
-28.323999999999995,37.184
-48.948,-0.12000000000000899
-10.611999999999998,-16.01600000000001
-38.548,32.86399999999998
-47.56,7.216
20.136,-10.272000000000014
-10.20399999999999,-42.224000000000004
-0.6760000000000099,-2.3360000000000047
-16.276000000000003,-30.044000000000004
-34.34,-1.7160000000000064
23.512,4.620000000000002
36.04399999999999,28.743999999999993
-14.764,3.387999999999991
10.743999999999998,5.499999999999994
-2.1560000000000024,-5.940000000000012
26.176,17.70799999999999
42.75200000000001,52.092000000000006
7.919999999999994,-51.116000000000014
-33.79200000000001,2.295999999999987
-7.484000000000002,-10.32400000000001
20.712000000000018,-8.867999999999999
-1.980000000000004,26.56799999999999
44.46399999999999,-9.744000000000009
5.852000000000013,-42.168000000000006
18.087999999999994,-7.120000000000015
-16.776000000000014,24.727999999999994
27.247999999999983,7.163999999999993
-4.7760000000000025,-16.416000000000007
-7.103999999999999,-6.048000000000009
-47.687999999999995,-15.968000000000004
-36.083999999999996,-13.564000000000009
-32.01200000000001,10.515999999999991
34.15999999999999,-2.624000000000004
24.907999999999998,-35.34800000000001
21.819999999999993,-19.108000000000004
6.612000000000018,-18.940000000000012
-18.96399999999999,21.143999999999984
30.18399999999999,-16.860000000000007
-14.480000000000004,-0.38000000000000256
-40.756,-19.908000000000005
29.276000000000014,-39.13200000000001
-33.596000000000004,18.527999999999988
-2.5560000000000027,11.683999999999983
10.528000000000004,-9.267999999999999
14.06799999999999,-19.588000000000005
10.240000000000006,-3.3760000000000234
-25.319999999999997,1.6720000000000068
11.739999999999995,13.412000000000003
-41.248,-17.344000000000005
15.663999999999989,-41.032000000000004
53.416,-2.424000000000004
-49.12800000000001,20.516000000000002
-29.74,28.96399999999999
-46.024,14.867999999999991
-13.892000000000015,-26.05600000000001
36.33200000000001,-6.816000000000022
-13.724000000000004,-45.61200000000001
41.39999999999999,22.54799999999999
-49.28,15.551999999999989
-29.68799999999999,-17.912000000000017
29.923999999999996,-33.632000000000005
-5.47200000000001,-19.720000000000006
-50.019999999999996,-17.644000000000005
-30.856000000000005,-36.436000000000014
-37.791999999999994,-24.060000000000002
6.0840000000000005,4.267999999999983
-21.119999999999994,23.244
37.208,7.88399999999998
-25.923999999999992,-9.908000000000005
36.724000000000004,-24.65200000000002
-19.547999999999988,-35.88000000000001
44.31200000000002,30.403999999999986
-11.472000000000016,31.44399999999998
48.372000000000014,-6.79200000000002
11.192000000000002,12.987999999999978
-11.312000000000012,-1.648000000000005
21.352000000000015,-30.79200000000001
33.02,33.15999999999999
-23.083999999999993,5.787999999999993
-29.80799999999999,-3.5720000000000196
25.272000000000006,-32.632000000000005
-52.968,17.276000000000003
23.995999999999995,21.127999999999993
-21.936,-10.648000000000001
23.019999999999996,39.14399999999998
-31.723999999999997,15.079999999999982
4.508000000000001,13.55599999999999
-41.464,-3.644000000000003
7.191999999999998,-11.816000000000015
3.624000000000005,22.423999999999978
44.456,28.11999999999999
17.37200000000001,64.68400000000001
-2.4720000000000075,-27.132000000000012
-28.623999999999995,-35.05600000000001
-26.352000000000007,34.48
-19.616,1.1079999999999757
33.07599999999999,1.2559999999999905
37.992000000000004,41.23599999999998
-12.660000000000004,-47.63600000000001
28.86799999999998,-41.768000000000015
21.807999999999982,-35.11200000000001
-40.48,-26.680000000000003
-5.227999999999988,-40.864
-5.287999999999982,9.49199999999999
14.383999999999997,-13.244
18.212000000000007,-14.344000000000001
-35.00399999999999,9.555999999999987
-31.879999999999995,23.587999999999987
-14.651999999999997,-2.080000000000015
21.892,41.832
-10.123999999999999,18.45599999999998
22.384000000000004,-12.360000000000005
-8.655999999999997,-28.82000000000001
-31.58,24.807999999999986
-13.403999999999993,-39.18800000000001
-5.143999999999993,-26.46400000000001
-26.400000000000002,-38.284000000000006
-0.5120000000000013,-5.728
36.512000000000015,-22.776000000000007
-23.152000000000005,9.060000000000002
30.244000000000003,12.187999999999978
25.663999999999998,-15.008
-10.568,-38.16800000000001
22.019999999999996,-24.04400000000001
-29.159999999999997,-14.236000000000015
42.736,29.80799999999999
-17.183999999999997,19.751999999999992
48.976,24.54799999999999
36.608,28.403999999999986
-4.024000000000005,26.01199999999999
23.995999999999995,8.271999999999991
48.068,3.4359999999999946
25.404000000000003,-43.332
-46.268,10.183999999999994
26.94399999999999,-47.05600000000001
32.192,58.83599999999998
-1.0320000000000107,-36.54400000000001
-52.528,-10.828000000000005
17.799999999999994,-17.27200000000002
-7.6119999999999965,9.627999999999993
-10.423999999999989,31.987999999999992
-7.072000000000012,8.992
-27.103999999999996,14.815999999999985
-33.879999999999995,-4.82800000000001
-4.719999999999991,-42.63600000000001
20.520000000000003,65.57599999999996
-13.860000000000007,14.34399999999998
16.872,26.539999999999985
20.624,13.203999999999994
31.479999999999997,-30.196000000000012
24.96799999999999,51.20399999999998
37.472000000000016,37.70399999999998
35.80399999999999,29.81999999999998
12.280000000000001,17.995999999999988
26.812000000000012,39.052
-15.999999999999993,-18.444000000000006
-39.748000000000005,-27.480000000000004
22.14400000000001,4.743999999999993
55.155999999999985,33.5
-7.423999999999986,27.479999999999993
23.756,60.29599999999997
-3.072000000000008,10.587999999999976
5.383999999999989,-50.46800000000001
33.587999999999994,39.33599999999999
21.164000000000005,-27.59600000000001
-45.86,-19.152000000000015
26.839999999999996,19.16399999999998
34.156000000000006,14.58799999999998
31.800000000000004,-7.7520000000000255
-43.13199999999999,-28.024000000000004
12.93200000000001,24.855999999999987
-46.540000000000006,26.907999999999976
18.384,57.62400000000001
-5.360000000000009,-1.6880000000000006
37.13600000000001,-16.048000000000005
-26.139999999999997,-24.160000000000004
-48.124,-25.13200000000002
-20.943999999999996,33.747999999999976
32.08,-20.888000000000005
33.60399999999999,4.5279999999999765
22.268,-46.752
24.616000000000014,9.772000000000002
-30.247999999999998,-17.84000000000001
-26.912000000000003,13.695999999999998
5.092000000000008,-21.296000000000014
-3.3239999999999936,-11.704000000000004
-11.667999999999989,-29.932000000000002
-44.996,6.243999999999983
-43.228,-24.89600000000002
35.352000000000004,3.707999999999978
3.6799999999999944,-3.720000000000012
46.00400000000002,7.387999999999995
40.46399999999999,32.463999999999984
-46.324,17.66799999999997
27.176000000000002,-12.568000000000001
23.4,36.72
-14.492000000000015,-19.476000000000017
-40.552,-21.340000000000014
9.916000000000015,-29.01600000000001
-4.2240000000000055,24.44799999999998
-36.06399999999999,-9.044000000000008
-16.303999999999984,-36.460000000000015
47.33599999999998,-5.056000000000016
-26.84399999999999,35.16799999999998
-25.375999999999998,0.11200000000000099
-40.604,-16.656000000000017
18.532000000000014,21.255999999999986
-2.2359999999999935,27.883999999999997
-32.74399999999999,30.759999999999987
-54.908,-0.46399999999999775
-20.979999999999997,22.067999999999977
10.095999999999993,19.947999999999986
-31.552000000000003,24.116000000000003
-42.46399999999999,24.74399999999999
-53.148,25.27599999999999
-52.10399999999999,-1.8199999999999994
-51.35999999999999,14.363999999999976
-21.46,-20.788000000000007
-53.172,-6.800000000000006
39.964,34.33999999999999
-38.612,-7.996000000000015
5.396000000000001,-20.872000000000014
26.248000000000005,-5.367999999999995
-12.631999999999998,-26.22000000000001
48.584,10.059999999999981
-45.46399999999999,-11.352000000000018
-18.79200000000001,-36.728000000000016
-5.403999999999987,19.62799999999998
-16.203999999999997,14.632000000000001
-16.584,-5.384000000000011
40.50799999999999,-16.200000000000014
30.960000000000008,12.216000000000005
27.107999999999997,69.77199999999999
-55.16399999999999,12.823999999999991
-10.587999999999997,19.419999999999995
-2.083999999999997,-1.776000000000022
4.400000000000004,-47.59200000000001
36.57999999999999,9.036
53.935999999999986,31.755999999999986
28.832000000000015,-37.45600000000001
-42.236000000000004,8.732000000000006
18.032000000000004,6.591999999999998
28.80400000000001,29.423999999999985
-32.99999999999999,-12.068000000000001
-31.120000000000005,19.096000000000004
7.879999999999998,5.387999999999993
37.104000000000006,20.455999999999985
25.01200000000001,25.391999999999992
-35.38399999999999,-4.424000000000006
3.1320000000000014,-43.51600000000001
7.132000000000005,0.33999999999998476
-32.376000000000005,1.2199999999999989
51.980000000000004,6.863999999999981
-29.392000000000007,-2.636000000000016
-41.848,13.847999999999994
18.336,-18.81200000000002
10.64799999999999,-28.168000000000013
38.88799999999999,23.18
-2.540000000000009,-35.01200000000001
30.596,14.711999999999993
-9.943999999999997,-35.624
5.752000000000002,17.86399999999999
29.427999999999987,8.216000000000001
-20.376000000000005,24.536
-18.66399999999999,17.867999999999974
-10.064000000000007,-44.51600000000001
30.484,32.707999999999984
34.09200000000001,47.207999999999984
28.156000000000002,-43.09600000000001
13.524000000000003,24.56799999999999
-22.44799999999999,-42.59600000000001
47.76799999999999,25.60399999999998
21.796000000000014,27.395999999999997
-44.516,-11.252000000000017
18.56,15.335999999999995
11.579999999999991,-45.51600000000001
-37.260000000000005,20.355999999999995
-44.128,-3.732000000000024
-9.472000000000014,-26.280000000000015
-2.4920000000000053,-4.864000000000002
16.632,-38.944
-14.063999999999988,21.731999999999996
-50.32,-14.816000000000018
-43.13199999999999,-10.54400000000001
-34.04799999999999,9.647999999999989
19.964000000000006,-28.264
-15.243999999999991,-28.980000000000004
-47.324,9.567999999999977
27.22,6.607999999999992
27.356,17.94
-18.92799999999999,-11.860000000000003
9.644000000000009,27.47200000000001
38.012,24.239999999999995
-9.732000000000006,8.759999999999991
28.444000000000003,-11.324000000000002
18.028,-23.280000000000012
-20.487999999999996,-25.19600000000001
54.49999999999999,35.23999999999998
47.05999999999999,-10.480000000000011
-40.456,-23.972000000000016
26.363999999999987,-38.52000000000001
-15.876000000000001,-2.200000000000002
14.863999999999988,-14.288
19.019999999999992,-47.46800000000001
20.340000000000003,-31.768000000000008
27.04,41.78799999999998
-46.651999999999994,13.76799999999998
35.35999999999999,-9.660000000000013
-17.408,32.52799999999998
-7.143999999999995,-38.95200000000001
49.36799999999999,2.499999999999991
32.548,35.05199999999999
-20.020000000000003,-8.567999999999998
-10.704000000000002,-21.428000000000004
31.220000000000002,-1.083999999999996
-17.500000000000004,3.943999999999992
-31.32799999999999,-8.860000000000012
32.667999999999985,-7.967999999999997
-32.772,35.392
-12.759999999999994,30.483999999999977
-25.93200000000001,29.24
2.4560000000000137,-45.32400000000001
0.015999999999993797,-11.252000000000017
-52.959999999999994,18.331999999999994
-32.38399999999999,-11.172000000000015
-16.912000000000017,27.095999999999986
11.492000000000013,-25.448000000000004
-18.436000000000007,6.33999999999999
50.10400000000001,0.9879999999999889
-20.772000000000002,-23.436000000000014
41.852000000000004,15.476
-1.0399999999999965,-35.940000000000005
-31.236000000000008,-14.552000000000021
22.116000000000003,8.831999999999995
-15.276,-15.032000000000012
-37.971999999999994,34.251999999999995
15.072000000000019,-50.96800000000001
-22.072000000000003,29.791999999999994
23.99200000000001,61.812
-2.872000000000008,-40.748000000000005
-3.3400000000000096,8.339999999999993
22.692,-23.048000000000002
19.167999999999985,-12.276000000000009
48.40799999999999,-4.2360000000000175
8.796000000000003,-15.864
14.559999999999995,14.327999999999985
33.187999999999995,-2.9320000000000235
7.220000000000004,-30.400000000000006
-42.152,-11.228000000000005
21.152000000000015,-6.2120000000000175
-9.376000000000007,3.6679999999999824
-8.552000000000003,-30.500000000000004
22.352000000000018,54.48799999999998
39.623999999999995,37.40799999999997
-4.072000000000009,20.599999999999994
17.116,-49.940000000000005
24.343999999999987,-17.264000000000003
-17.243999999999993,-6.132000000000026
-32.14799999999999,30.932000000000002
2.2520000000000095,20.916
15.144000000000002,4.907999999999979
-39.768,-29.192000000000007
-3.1479999999999952,0.7360000000000033
-26.316000000000006,-24.708
-8.976000000000006,6.215999999999999
24.644,18.10799999999999
-23.619999999999997,6.871999999999989
45.99200000000001,-8.808000000000005
-11.196000000000005,-20.91600000000001
52.39200000000002,3.195999999999999
8.116000000000012,-0.048000000000003595
-3.8120000000000154,-20.53600000000001
-42.884,-26.372000000000007
12.836000000000002,-16.664
44.736,39.26399999999999
-20.076000000000004,35.57999999999999
9.675999999999995,8.619999999999983
20.41600000000001,3.5639999999999894
27.232000000000014,52.11999999999999
38.656,5.7359999999999856
-14.17600000000001,-19.048
-50.068,-3.9960000000000218
22.812000000000012,-11.800000000000011
46.435999999999986,24.22399999999998
-7.8440000000000065,27.983999999999988
-28.720000000000002,-18.436000000000007
-8.467999999999986,4.127999999999976
-32.879999999999995,23.45599999999999
-23.144,34.16799999999998
-20.187999999999995,31.776000000000003
4.40799999999999,26.492000000000004
-2.0999999999999908,-4.400000000000004
-6.343999999999994,22.47999999999999
-40.764,17.983999999999977
-41.724,25.712000000000003
-47.592,-7.944000000000006
32.16000000000001,-39.67600000000001
-6.400000000000006,-20.176000000000016
-33.11200000000001,20.53999999999998
14.756000000000014,-41.516000000000005
41.476,-4.464000000000001
4.176000000000002,-38.46800000000001
38.388,22.492
14.927999999999987,45.692
-48.20399999999999,0.7079999999999753
44.008,38.77599999999999
26.612000000000013,66.59200000000001
45.46400000000001,9.807999999999995
-0.5600000000000049,-39.284000000000006
-5.571999999999999,7.9520000000000035
33.128,43.52399999999999
13.236000000000004,11.507999999999985
0.32399999999999096,-13.307999999999998
27.088,-21.976000000000017
9.640000000000004,-37.37200000000001
-25.096000000000007,-41.93600000000002
51.396,17.723999999999982
-5.563999999999991,27.536000000000005
8.696000000000016,-34.16000000000001
-46.111999999999995,13.471999999999994
43.25600000000001,-5.952000000000024
-35.083999999999996,28.43199999999999
19.576000000000015,49.11999999999998
50.295999999999985,13.695999999999998
-43.699999999999996,28.78799999999999
-9.487999999999985,31.31599999999999
14.436000000000003,-42.724000000000004
-11.136000000000013,20.591999999999988
10.867999999999988,60.339999999999996
50.192000000000014,8.231999999999996
16.003999999999998,-23.94400000000001
-22.763999999999996,-36.55200000000001
13.227999999999994,6.419999999999981
8.872000000000014,-37.38800000000001
-11.016000000000004,-15.104000000000006
12.003999999999992,26.939999999999987
21.816000000000013,11.763999999999996
-28.483999999999998,35.77999999999999
3.9839999999999876,-7.792000000000021
41.57200000000001,-5.196000000000023
48.092,-5.692000000000008
-31.10799999999999,-2.964000000000011
40.21600000000001,0.8159999999999945
-19.735999999999997,19.12799999999999
16.784,11.099999999999998
28.468000000000004,21.523999999999987
-2.9360000000000053,-24.73200000000002
24.419999999999998,-8.388000000000007
4.624000000000006,28.735999999999983
-0.17599999999999838,-17.08400000000001
-16.436000000000007,-35.81200000000001
-8.643999999999984,9.927999999999981
33.33600000000001,-1.3279999999999959
-0.7239999999999913,-21.808000000000007
-36.024,-19.696000000000012
-51.564,-10.22400000000001
-4.739999999999989,4.85199999999999
-43.76399999999999,16.923999999999985
11.627999999999993,51.34799999999999
44.496,8.187999999999974
-45.867999999999995,0.5959999999999965
45.252,42.867999999999974
11.559999999999992,-15.088000000000001
-17.81600000000001,1.756000000000002
-13.240000000000007,2.743999999999991
-48.452,-28.44000000000001
-16.315999999999995,26.94399999999999
-26.903999999999996,-36.760000000000005
17.300000000000004,-1.5560000000000018
-8.443999999999985,6.727999999999978
-49.22,-2.3400000000000087
-22.067999999999987,20.65999999999999
6.824000000000008,-15.648000000000007
30.255999999999993,-26.904000000000007
38.99600000000001,-7.528000000000001
-51.016000000000005,-18.876000000000015
23.507999999999996,24.687999999999978
-23.416000000000004,3.9879999999999916
20.208000000000006,24.575999999999997
34.959999999999994,52.336000000000006
52.39599999999997,30.887999999999984
25.303999999999995,-18.58000000000001
4.952000000000001,-50.12000000000001
-45.836,11.671999999999993
-13.552000000000008,25.45599999999999
43.955999999999996,20.20399999999998
-46.036,6.596000000000002
-1.1800000000000033,12.703999999999983
-46.56,-19.112000000000016
-22.63200000000001,-7.64800000000001
33.62399999999999,54.215999999999994
15.900000000000002,-0.8199999999999985
-20.363999999999994,8.359999999999989
28.659999999999997,-46.228000000000016
-44.156000000000006,17.331999999999994
41.57200000000001,29.487999999999982
-10.672000000000015,26.235999999999994
11.168,-35.396000000000015
-41.136,-2.0080000000000098
-54.616,-25.228000000000005
-9.884000000000004,15.74399999999998
36.42399999999999,42.30399999999999
53.34000000000001,9.855999999999998
-30.34,-37.48000000000001
15.827999999999998,12.403999999999993
-55.748,6.355999999999984
-17.97200000000001,-24.348000000000003
-13.115999999999994,-15.280000000000005
1.088,6.303999999999976
43.076,18.099999999999984
-20.287999999999997,17.615999999999985
31.128,14.995999999999988
-40.09199999999999,-14.272000000000018
-49.27199999999999,3.495999999999988
5.676000000000014,-23.352000000000018
8.156000000000008,-5.580000000000007
32.58399999999999,-3.180000000000005
-10.607999999999995,7.8279999999999905
-15.920000000000002,19.76399999999998
16.30799999999999,26.29999999999999
10.952000000000005,-9.767999999999999
-15.544000000000002,24.087999999999976
22.4,-20.212000000000018
16.79200000000001,48.36799999999999
-6.2879999999999825,-24.616000000000014
9.780000000000012,6.303999999999976
-47.38,-28.720000000000013
-28.996,30.41999999999998
-42.676,-23.336000000000013
-33.912000000000006,6.871999999999989
34.644000000000005,20.807999999999982
29.932000000000002,38.86399999999999
42.652,16.443999999999992
20.443999999999996,-7.228000000000012
-44.776,-11.692000000000014
-42.647999999999996,-29.976000000000013
-0.0760000000000094,11.515999999999993
11.524000000000001,-48.55200000000001
-36.907999999999994,-5.908000000000002
-11.968,-19.420000000000005
-36.487999999999985,-22.476000000000017
24.580000000000002,61.74799999999998
29.903999999999996,-32.52
-46.268,26.303999999999995
-21.840000000000003,-40.000000000000014
-14.419999999999987,1.959999999999984
31.44,36.46799999999999
49.60799999999998,39.53199999999999
39.21600000000001,11.219999999999985
2.856000000000014,6.147999999999976
-51.891999999999996,14.735999999999994
-10.972000000000005,-45.49200000000001
-9.719999999999995,-25.02000000000001
-54.379999999999995,-3.324000000000016
-52.696,24.82399999999998
-9.392,-44.452000000000005
52.63200000000001,9.135999999999989
-49.044,-28.556000000000015
30.496000000000013,34.48
-27.947999999999993,17.276000000000003
45.53599999999997,25.639999999999997
22.936,-24.216000000000015
7.991999999999999,-2.8160000000000185
-5.387999999999993,-37.98000000000001
28.947999999999997,0.8159999999999945
-37.36000000000001,23.423999999999978
12.136000000000013,-33.60800000000002
51.49599999999999,27.483999999999998
-13.032,-7.103999999999999
25.387999999999987,-4.552000000000023
1.9479999999999942,28.58799999999999
34.69599999999999,-8.53600000000001
-47.632,-11.50000000000001
-21.84799999999999,2.2319999999999895
-14.643999999999991,-47.25600000000001
16.223999999999993,-43.468
26.395999999999997,57.032
17.788000000000004,20.619999999999994
-32.25600000000001,-13.76400000000001
-57.068,15.52
34.82000000000001,31.547999999999977
36.476,30.692000000000007
10.067999999999987,-38.24000000000001
37.35600000000001,8.467999999999986
19.21999999999999,38.87199999999999
-13.492000000000015,-39.96800000000002
-33.39200000000001,26.771999999999995
33.084,-27.988000000000014
19.752000000000013,41.583999999999975
28.439999999999998,35.28799999999998
9.916000000000015,-9.876000000000019
24.083999999999996,-1.7240000000000144
0.019999999999997797,7.512000000000008
-45.748,-17.988000000000003
-13.764,-44.65600000000002
20.648,25.319999999999986
12.752000000000008,-5.112000000000005
-11.104000000000003,-41.20000000000002
-26.667999999999992,35.744
-4.096000000000011,19.667999999999974
-35.827999999999996,19.343999999999983
4.747999999999997,-2.6160000000000183
-1.3679999999999914,-16.668000000000006
-32.407999999999994,35.79999999999999
-24.519999999999996,31.492000000000008
-13.276,-10.672000000000015
-48.668,13.572000000000006
3.5639999999999894,14.236000000000004
-49.187999999999995,24.083999999999996
23.48000000000001,-5.9760000000000035
31.108000000000004,46.04799999999998
34.08,24.963999999999984
-39.172,11.123999999999977
-24.992000000000004,24.976
-51.7,-17.412000000000017
19.016000000000012,-26.104000000000006
-9.487999999999985,-38.004000000000005
19.584000000000003,-22.104000000000003
-32.12799999999999,-23.23600000000001
-32.10799999999999,-6.284000000000001
4.600000000000004,-13.312000000000012
15.432000000000002,59.02400000000001
27.516000000000005,-24.16400000000001
20.167999999999985,34.18399999999999
-6.11600000000001,11.392000000000003
-18.575999999999993,17.303999999999988
-43.699999999999996,-9.872000000000014
-25.783999999999995,-10.624
-30.796,16.323999999999984
5.899999999999994,3.267999999999982
27.792000000000016,53.77999999999999
-0.5079999999999973,-47.33600000000001
7.447999999999988,-36.75200000000001
35.592,9.363999999999994
-33.48799999999999,36.23999999999998
26.156000000000002,19.42799999999998
-21.652000000000005,-38.092000000000006
-21.419999999999995,20.65999999999999
20.648,40.71199999999999
47.207999999999984,7.779999999999987
27.923999999999992,-33.87600000000002
-15.656000000000002,-37.58000000000001
8.16000000000001,-6.152000000000024
-27.592000000000006,-34.08800000000001
-14.203999999999994,7.87199999999999
-51.756,-22.348000000000003
19.58,-2.416000000000018
50.38,17.832000000000004
-36.1,16.903999999999986
-28.959999999999997,-19.667999999999996
7.9399999999999915,5.919999999999992
-5.664000000000002,-28.064
-41.41199999999999,-20.648
-31.267999999999997,-38.31600000000002
-44.708000000000006,25.675999999999988
-21.716,13.159999999999993
-32.407999999999994,-26.396000000000008
22.927999999999994,8.539999999999992
-35.14000000000001,10.859999999999982
-11.904000000000003,18.323999999999984
-31.84799999999999,15.656000000000002
-4.876000000000014,-19.600000000000005
3.587999999999991,-47.952000000000005
-33.51200000000001,23.403999999999982
8.644000000000007,-41.992000000000004
3.9160000000000084,-21.072000000000013
-6.112000000000006,-22.63200000000002
-45.111999999999995,29.831999999999994
-1.8839999999999968,22.067999999999977
52.855999999999995,5.396000000000001
18.440000000000012,-21.228
-10.107999999999983,-2.3479999999999945
-0.9560000000000013,-7.560000000000011
53.624,0.5039999999999933
-30.976000000000003,12.06799999999999
-31.520000000000003,3.359999999999985
24.076000000000008,18.432000000000002
25.320000000000007,-0.42400000000000215
-23.319999999999997,-5.480000000000018
27.167999999999992,-7.700000000000018
17.996000000000013,2.6759999999999895
-48.36,-24.264000000000006
36.25200000000002,-18.696000000000012
2.747999999999995,-33.984
-35.239999999999995,25.363999999999987
30.352,-24.01200000000001
50.751999999999995,31.40799999999999
30.432000000000016,-33.98800000000001
-21.89200000000001,-23.892000000000014
2.7639999999999887,-33.46800000000001
-44.379999999999995,-29.38400000000001
-7.623999999999986,-32.42400000000001
-35.092,3.3239999999999936
24.795999999999996,-0.6040000000000045
3.09600000000001,2.4439999999999795
15.632000000000001,10.70399999999998
53.24400000000003,5.899999999999994
32.21200000000002,-4.4560000000000155
-45.312,1.411999999999991
33.56399999999999,-38.92000000000001
-43.308,28.359999999999985
54.45200000000001,14.863999999999988
-11.207999999999995,29.235999999999997
35.684000000000005,-33.88000000000001
-20.016000000000002,-18.884
6.167999999999996,22.02799999999998
41.63600000000001,5.123999999999995
-22.767999999999986,3.739999999999988
-1.656000000000013,-32.164
27.908,-41.47600000000001
30.035999999999994,-43.988000000000014
-9.099999999999998,29.147999999999975
-21.052000000000003,-16.716000000000008
-49.30799999999999,-30.680000000000007
-31.256000000000007,25.32399999999999
5.492000000000008,26.05599999999999
-46.56399999999999,15.939999999999998
-27.296,35.62399999999999
29.747999999999998,4.383999999999988
-57.248,-12.564000000000009
-11.099999999999998,-30.57200000000001
29.74000000000001,-6.444000000000005
-34.56799999999999,7.035999999999998
39.379999999999995,-14.707999999999998
28.99200000000002,24.492000000000004
37.275999999999996,4.7639999999999905
18.799999999999994,8.619999999999983
47.74400000000001,29.65599999999999
-17.77200000000001,-4.9000000000000155
8.487999999999985,1.9039999999999946
22.283999999999992,47.79199999999999
-51.668000000000006,11.363999999999997
17.483999999999988,-32.83200000000001
-38.92,-11.372000000000016
-31.020000000000003,-38.86400000000001
22.243999999999996,-25.55200000000002
-4.2079999999999895,-28.65200000000001
-9.640000000000004,27.83199999999999
-3.1479999999999952,20.78399999999998
12.97600000000001,-7.232000000000016
-5.108000000000001,-13.992000000000015
12.427999999999994,-13.144
34.388,44.867999999999974
-23.019999999999996,-41.36000000000001
24.659999999999993,60.77999999999999
-59.38,6.396000000000002
13.988,-47.34400000000001
11.532000000000009,23.21199999999999
-39.768,-25.392000000000014
-9.872000000000014,-13.296000000000008
-28.779999999999994,9.783999999999992
-15.112000000000014,-9.440000000000005
0.45999999999999375,5.29599999999999
9.46,-52.772000000000006
-5.8640000000000025,19.96399999999998
11.339999999999995,-43.12400000000001
6.743999999999994,-48.08800000000001
3.068000000000004,-25.564000000000007
-36.407999999999994,-12.784000000000006
-52.352,22.872000000000003
23.30399999999999,-46.33600000000001
-19.003999999999998,-24.780000000000012
39.527999999999984,0.7719999999999949
29.960000000000008,8.15999999999999
31.508000000000003,-11.108000000000008
-21.007999999999992,18.747999999999987
28.58399999999999,44.496
12.047999999999991,-24.128000000000004
24.892000000000003,23.98
14.747999999999983,28.00799999999999
-2.62,-36.42800000000002
-32.736,-17.180000000000007
-22.340000000000003,33.412
9.548000000000002,15.81999999999999
27.256000000000014,-6.520000000000015
-13.79999999999999,10.287999999999986
17.01600000000001,15.155999999999992
8.928000000000003,5.047999999999986
-29.696,-23.552000000000017
-29.732000000000003,35.639999999999986
28.479999999999993,-24.340000000000007
35.416000000000004,12.363999999999997
-17.43999999999999,26.85599999999999
-30.29200000000001,-7.780000000000009
-55.48800000000001,13.331999999999988
-35.38,-2.972000000000019
10.492000000000012,-30.500000000000004
28.556000000000004,-20.91600000000001
-31.976000000000006,16.496
-3.055999999999992,23.52799999999999
32.42,20.787999999999982
42.432,26.04799999999998
28.244000000000003,59.812
0.11200000000000099,17.127999999999986
-43.73600000000001,-14.696000000000009
26.612000000000013,-42.44000000000001
33.49200000000001,23.912
-37.444,18.17599999999999
-9.455999999999998,-10.244000000000009
-24.992000000000004,-32.732000000000006
-14.504000000000005,22.21599999999999
33.192,-13.692000000000014
49.99200000000001,3.283999999999998
-3.4720000000000084,-27.76400000000001
32.35600000000001,-6.59200000000002
-16.787999999999982,26.003999999999984
-15.095999999999998,-39.604000000000006
-12.084000000000007,4.003999999999985
-50.10399999999999,21.76399999999998
7.684000000000002,-30.788000000000014
42.152000000000015,-21.164000000000005
-5.415999999999999,4.64
29.716000000000008,11.816000000000004
-50.99199999999999,19.696
-10.043999999999986,23.59199999999999
-41.884,-31.564000000000004
10.475999999999996,-13.024000000000003
29.29600000000001,-6.832000000000016
-5.339999999999989,-9.980000000000011
21.375999999999994,-26.48800000000001
4.992000000000019,-30.212000000000007
29.980000000000008,32.211999999999996
-32.916000000000004,-20.432000000000016
-10.704000000000002,-26.544
26.12000000000001,9.687999999999985
2.632000000000012,-41.312000000000005
-48.27199999999999,3.0399999999999983
-46.040000000000006,-25.364000000000008
-47.839999999999996,5.9760000000000035
5.567999999999995,-21.588000000000008
-23.799999999999997,36.715999999999994
25.052000000000007,6.023999999999985
-43.308,-23.416000000000015
35.656,-25.648000000000003
-12.031999999999998,2.3679999999999923
-6.472000000000011,-47.192000000000014
43.75200000000001,-5.536000000000008
-40.736000000000004,-29.724000000000007
40.608,5.487999999999982
49.12799999999999,22.531999999999996
-41.01199999999999,-0.32799999999999496
18.976000000000013,7.216
-30.043999999999993,18.999999999999993
-25.439999999999998,36.93199999999999
-5.459999999999998,15.792000000000005
-10.15600000000001,21.123999999999988
20.92799999999999,-23.460000000000015
-8.512000000000008,-39.16400000000001
-41.608000000000004,-11.907999999999996
38.472000000000016,47.852000000000004
27.32000000000001,59.887999999999984
31.756000000000007,40.015999999999984
47.727999999999994,29.059999999999995
-5.9800000000000075,10.343999999999998
-48.760000000000005,-18.728
-24.716000000000005,-7.780000000000009
40.70799999999999,44.403999999999975
-36.256,31.903999999999975
19.48399999999999,-39.936000000000014
-12.675999999999998,28.347999999999974
39.876,13.851999999999997
42.828,35.696
-2.9039999999999955,11.287999999999986
48.43200000000001,9.027999999999992
-15.304000000000006,18.76399999999998
-30.27200000000001,-19.16000000000001
-47.483999999999995,-3.1160000000000077
35.89200000000001,4.007999999999989
28.407999999999987,-43.604000000000006
14.556000000000013,-47.36800000000001
-15.663999999999989,-26.336000000000016
-7.079999999999997,12.372000000000005
37.916,45.024
39.92799999999998,41.612
-7.6039999999999885,-39.448000000000015
-35.56799999999999,24.903999999999993
13.79999999999999,27.796
-11.403999999999993,-5.604000000000009
13.080000000000002,14.987999999999978
49.924000000000014,1.5439999999999898
33.93200000000001,-14.144000000000002
-29.016,-12.287999999999998
34.49200000000001,18.087999999999994
20.676000000000005,14.772000000000007
23.276000000000007,-24.80000000000001
20.723999999999986,-12.632000000000021
15.576000000000011,5.271999999999988
30.227999999999987,20.223999999999997
-37.352,14.403999999999995
24.103999999999992,-11.508000000000006
-48.27199999999999,26.403999999999982
-47.12,2.3639999999999883
-6.772,-20.800000000000008
7.143999999999995,-17.520000000000014
-43.876000000000005,30.572
22.767999999999986,-4.052000000000011
-26.95200000000001,9.763999999999996
-0.7679999999999909,5.04
-38.62,-5.659999999999998
15.027999999999997,27.679999999999993
-41.372,29.752000000000002
1.527999999999996,2.823999999999982
-22.427999999999994,2.6959999999999873
-51.88,21.47999999999999
49.41200000000001,-1.660000000000017
3.183999999999987,-50.072
14.576000000000011,25.831999999999987
-53.688,-13.507999999999997
16.812000000000005,62.59599999999998
18.935999999999996,-6.716000000000011
-11.519999999999996,-15.188000000000002
32.49200000000001,-14.004000000000005
23.584000000000003,11.939999999999994
-54.44799999999999,17.531999999999993
-29.79200000000001,29.627999999999986
-23.596000000000007,0.21599999999999397
18.647999999999996,0.42399999999997995
-17.080000000000005,-11.33200000000002
36.895999999999994,-10.196000000000016
-42.08,-29.89600000000001
0.18000000000000238,-20.69200000000002
-42.400000000000006,-4.152000000000022
22.78,56.39599999999998
-19.899999999999995,12.167999999999978
13.548000000000005,27.26799999999998
-34.667999999999985,-0.7640000000000091
-15.547999999999984,-22.85600000000001
28.136000000000006,46.70399999999999
7.303999999999999,-7.6360000000000205
-54.98800000000001,13.772000000000006
43.36799999999998,0.5639999999999867
-35.792,23.055999999999987
-26.923999999999992,27.915999999999986
-24.847999999999992,-4.972000000000021
27.523999999999994,54.71599999999999
-3.2399999999999984,13.595999999999986
35.519999999999996,-2.428000000000008
12.040000000000006,-25.507999999999996
19.063999999999993,-32.59600000000001
-7.872000000000012,10.955999999999989
-35.44799999999999,-34.872
-33.96399999999999,13.53199999999999
-11.047999999999991,13.876
-44.96399999999999,20.38399999999998
-22.587999999999997,6.6199999999999815
20.672,17.995999999999988
-1.6479999999999828,4.0879999999999805
-35.376000000000005,-36.092
16.1,6.7520000000000024
-50.007999999999996,11.335999999999991
-46.123999999999995,28.615999999999996
-8.104,-45.99200000000001
-3.49600000000001,-0.6480000000000041
-6.336000000000008,-14.540000000000008
42.379999999999995,-9.640000000000004
-60.268,8.003999999999989
-0.007999999999985796,-3.4560000000000146
-56.004,-25.928000000000008
-35.27600000000001,2.2599999999999953
37.612,-4.408000000000012
-26.19600000000001,30.703999999999997
14.356000000000012,-20.516000000000012
-14.083999999999985,12.952000000000009
8.816000000000003,16.812000000000005
0.5600000000000049,0.33600000000000296
-1.1639999999999873,14.107999999999986
37.463999999999984,9.983999999999993
7.928000000000002,-38.00800000000001
-38.788,17.38799999999998
32.78000000000001,37.32
18.752000000000013,-1.7800000000000038
0.40799999999998615,2.62
-21.407999999999994,28.263999999999978
-2.2359999999999935,5.503999999999998
-1.6720000000000068,-6.284000000000001
8.247999999999989,16.883999999999986
-34.227999999999994,34.54799999999998
29.87200000000001,-11.820000000000007
-6.816,26.37999999999998
-7.163999999999993,-31.308000000000014
22.85600000000001,40.24399999999999
-30.92799999999999,-0.21600000000001618
11.856,11.392000000000003
-49.244,-9.152000000000015
35.53200000000001,6.163999999999992
0.7439999999999891,-3.2240000000000046
26.503999999999994,41.94
5.696000000000012,0.43599999999999195
35.50799999999998,46.34399999999999
-13.947999999999983,-6.824000000000008
-7.556000000000007,-19.80400000000001
1.8240000000000034,18.751999999999992
-16.66399999999999,-17.224000000000007
18.516,40.503999999999984
-7.963999999999993,5.523999999999996
-42.611999999999995,-1.644000000000001
-52.664,18.79200000000001
-46.34,0.8879999999999777
8.603999999999989,-13.256000000000013
-45.792,-28.480000000000004
-57.96,7.332000000000005
49.404000000000025,-8.688000000000006
1.5160000000000062,8.811999999999998
-38.803999999999995,10.216000000000003
-21.216,5.559999999999987
-36.352000000000004,24.587999999999987
-29.212000000000003,19.967999999999986
-34.852000000000004,4.007999999999989
19.567999999999984,10.599999999999987
-58.64,6.735999999999986
-24.696000000000005,12.02399999999999
-15.707999999999988,-42.19600000000001
-12.827999999999996,-32.96000000000001
46.964000000000006,30.772
-29.359999999999996,-30.952000000000012
-6.459999999999999,7.932000000000006
43.98,17.13199999999999
-44.635999999999996,-16.98400000000001
-24.772000000000006,5.871999999999988
23.752000000000017,1.6479999999999828
-34.81999999999999,35.87199999999999
28.38799999999999,-29.196000000000012
11.672000000000015,28.255999999999993
-33.936,-2.1720000000000184
-1.32000000000001,22.40399999999998
21.140000000000004,18.923999999999985
-7.055999999999996,23.355999999999998
-2.2760000000000113,-40.83600000000002
1.868000000000003,-10.512000000000022
6.864000000000003,21.275999999999982
16.828,63.10799999999999
-11.495999999999995,27.635999999999996
19.352000000000015,11.119999999999997
-42.772,30.08799999999998
18.384,7.099999999999995
32.09600000000001,4.991999999999996
-34.687999999999995,33.256
-23.067999999999987,33.29199999999999
-5.752000000000002,-44.73600000000001
-7.895999999999992,-9.908000000000005
22.616000000000014,22.652000000000005
-27.564,-36.548000000000016
30.167999999999996,-15.476000000000012
-2.2760000000000113,26.064
43.24000000000001,38.00399999999999
-9.284000000000002,-17.964000000000002
21.276000000000007,57.104
23.25600000000001,-1.5920000000000156
-31.516,21.832000000000008
17.747999999999987,-30.252000000000013
33.763999999999996,-27.900000000000013
52.89599999999999,28.475999999999992
37.9,-6.572000000000022
-21.876000000000005,-4.364000000000012
53.668000000000006,2.200000000000002
12.675999999999998,-45.75600000000001
21.372000000000014,19.403999999999975
-48.163999999999994,15.247999999999973
44.78,-1.0720000000000063
45.18799999999998,3.407999999999989
-28.736000000000004,23.395999999999994
-35.943999999999996,-34.44400000000001
18.043999999999993,-8.660000000000013
-35.724000000000004,-24.087999999999997
21.96799999999999,63.007999999999974
49.112,13.863999999999987
-11.736000000000013,-49.284000000000006
47.04400000000002,32.74399999999999
3.5519999999999996,21.21599999999999
-4.3360000000000065,-45.93200000000001
33.236,51.89999999999999
4.800000000000004,10.280000000000001
49.395999999999994,14.339999999999996
-9.275999999999996,16.947999999999986
41.06399999999999,54.53599999999999
43.364000000000004,-13.880000000000015
-21.552000000000003,22.795999999999992
28.576,-15.207999999999998
-36.56,19.035999999999987
28.872000000000007,-8.684000000000003
27.576,-43.104000000000006
19.867999999999995,-1.1720000000000175
48.46400000000002,38.739999999999995
-49.78,-30.04800000000001
-1.7079999999999984,13.847999999999994
-24.227999999999994,25.615999999999993
2.727999999999997,-34.764
-8.040000000000003,-8.756000000000007
44.14,-7.916000000000012
25.356,20.476000000000006
21.43600000000001,34.007999999999996
2.5639999999999885,-22.360000000000014
-13.616000000000007,-43.912000000000006
-32.536,26.34399999999999
-11.543999999999999,-22.896000000000015
26.992000000000015,13.71199999999999
32.49200000000001,24.77999999999998
-53.52,15.123999999999981
30.479999999999997,-11.708000000000007
19.83999999999999,-43.36800000000001
19.48399999999999,56.155999999999985
1.4120000000000132,-8.42400000000001
-40.827999999999996,28.447999999999986
-19.48399999999999,-6.584000000000012
36.33600000000001,14.59999999999999
-0.6680000000000019,-12.568000000000001
-18.643999999999995,-21.987999999999996
-39.21600000000001,13.3
-15.692000000000018,-34.70000000000001
-52.91600000000001,16.676000000000002
39.212,21.919999999999984
-8.996000000000004,0.9039999999999937
17.04000000000001,-10.568
3.0079999999999885,8.396000000000004
27.99200000000002,32.78399999999999
46.867999999999995,10.071999999999992
-19.807999999999993,19.647999999999975
36.096,6.203999999999987
38.572,37.59999999999999
21.932000000000016,-11.140000000000006
31.064000000000004,55.75600000000001
6.767999999999996,19.476000000000006
41.227999999999994,13.71199999999999
-24.060000000000002,7.535999999999987
-38.16,-33.32800000000001
15.203999999999995,-33.42800000000001
41.81999999999999,6.947999999999976
-43.48,-2.2240000000000038
-12.359999999999992,23.239999999999995
15.692000000000018,-37.84400000000001
33.400000000000006,44.21999999999999
-22.603999999999992,-32.92
30.676000000000016,24.019999999999996
-2.4839999999999973,-15.192000000000016
13.963999999999999,-6.6480000000000095
-16.208,-17.50400000000001
-18.63600000000001,-31.764000000000003
18.291999999999998,-42.19200000000001
-30.679999999999996,-4.808000000000012
30.540000000000013,-36.52800000000001
-3.192000000000017,1.2720000000000065
-40.372,21.279999999999987
14.023999999999992,28.459999999999997
46.379999999999995,32.66399999999998
-31.016,-10.064000000000007
-17.032000000000004,1.191999999999993
-35.392,23.98
-44.348,-27.668000000000013
-42.108000000000004,18.696
40.856,18.65999999999999
11.680000000000001,10.763999999999996
-15.112000000000014,-26.096000000000007
22.940000000000005,-37.58000000000001
-16.603999999999996,21.867999999999977
-25.687999999999988,-41.78400000000001
-0.9720000000000173,-5.26000000000002
7.412000000000019,-8.548
23.964000000000006,51.93999999999998
29.27200000000001,60.651999999999994
-3.2760000000000122,-20.43600000000001
48.96,3.3439999999999914
-24.476,36.55599999999999
-34.955999999999996,-6.84800000000001
-43.279999999999994,-11.104000000000003
-31.899999999999995,-8.312000000000019
-38.988,23.647999999999982
-10.207999999999995,11.436000000000002
-16.324000000000005,-3.5600000000000076
-55.943999999999996,3.479999999999994
-17.952000000000012,28.732000000000003
39.13200000000001,18.14
42.876000000000005,3.7479999999999736
-10.452000000000016,13.992000000000004
34.78399999999999,16.147999999999985
-43.85600000000001,12.995999999999984
29.596,-0.5960000000000187
17.164,10.53599999999999
-20.779999999999998,-5.292000000000008
-17.759999999999998,19.83999999999999
-47.516000000000005,21.644
-15.41999999999999,17.192000000000007
38.92799999999998,-10.044000000000008
-5.627999999999989,-26.116000000000017
22.952000000000016,57.11200000000001
-17.959999999999997,-34.88000000000001
49.20400000000002,0.7319999999999993
-42.312,16.37599999999999
38.00399999999999,4.7719999999999985
34.148,39.012
2.2560000000000136,-33.77600000000002
2.5439999999999907,13.907999999999987
51.004000000000005,-5.640000000000001
-29.679999999999996,-37.108000000000004
9.987999999999996,-33.496000000000016
29.160000000000007,42.28399999999999
31.96399999999999,-3.708
51.27599999999999,40.283999999999985
1.9200000000000106,-30.124000000000006
33.3,-6.4240000000000075
-29.487999999999992,14.172000000000008
-37.332,16.60799999999998
-14.547999999999984,-29.02800000000001
-6.3039999999999985,-25.156000000000013
36.11200000000001,-16.420000000000012
8.827999999999992,-48.52800000000001
-24.76799999999999,-36.46800000000001
25.692000000000004,-26.372000000000007
27.347999999999995,0.5079999999999751
-51.988,3.167999999999993
-27.24399999999999,-25.812000000000012
-30.42799999999999,5.9479999999999755
0.18000000000000238,-9.328000000000003
-7.6119999999999965,-21.49200000000001
49.54400000000001,20.316000000000003
-21.252000000000002,-28.89600000000001
33.55600000000001,-34.172000000000004
-29.256000000000004,18.063999999999993
-23.099999999999998,-33.52800000000001
-40.988,32.53999999999999
-57.748,3.0359999999999943
23.816000000000017,-36.64400000000001
-8.032000000000018,-3.1440000000000135
-4.156000000000004,-5.323999999999995
18.976000000000013,59.83999999999998
-52.26,-3.072000000000008
3.312000000000004,-38.544
-38.712,18.567999999999984
-51.983999999999995,-5.816000000000021
42.61200000000001,39.983999999999995
-2.4960000000000093,-0.5600000000000049
25.167999999999992,-27.47200000000001
24.756,-12.524000000000001
8.332000000000006,-15.427999999999997
-61.163999999999994,6.647999999999987
-26.74,-28.696000000000012
18.31200000000002,-13.456000000000012
-7.932000000000006,29.76399999999999
-10.115999999999993,-26.180000000000014
23.296000000000006,22.731999999999996
-9.567999999999998,-35.360000000000014
-38.688,19.21999999999999
4.832000000000014,26.895999999999987
2.847999999999984,-26.212000000000003
16.379999999999995,-22.35600000000001
30.960000000000008,-8.400000000000007
-31.88399999999999,-40.09600000000001
10.655999999999999,-36.06800000000001
-38.352,-3.608000000000011
-28.987999999999992,-28.73600000000002
-19.084,4.671999999999987
-30.57200000000001,30.843999999999983
-52.26,20.21999999999999
19.100000000000005,41.43999999999999
8.89200000000001,-41.412000000000006
-39.483999999999995,-18.808000000000003
-11.040000000000006,12.263999999999985
30.747999999999998,20.587999999999983
-37.188,28.651999999999987
-17.447999999999997,-13.616000000000017
9.007999999999994,-13.892000000000015
-22.30399999999999,-11.104000000000003
-34.992000000000004,-11.012000000000022
-47.331999999999994,23.819999999999997
46.072,44.916
-29.132,-35.21200000000001
40.84000000000001,-13.128000000000007
32.71999999999999,40.42399999999999
7.496000000000014,-43.64800000000001
-14.012000000000002,-26.636000000000017
13.412000000000003,-32.92400000000001
-32.116,-27.392000000000007
-3.503999999999996,-41.62800000000001
-35.839999999999996,27.872000000000007
-46.587999999999994,-6.123999999999996
30.104,-7.596000000000003
3.8880000000000026,-4.208000000000012
27.839999999999996,15.763999999999978
31.259999999999998,43.947999999999986
-16.61999999999999,-22.812000000000022
3.9839999999999876,-40.29200000000001
25.156,12.147999999999982
-3.9760000000000018,29.552
-16.227999999999998,-15.836000000000016
6.279999999999997,29.88799999999998
-8.91200000000001,14.656000000000002
8.143999999999995,-46.176000000000016
43.891999999999996,4.411999999999994
-36.144,-24.844000000000012
-19.332000000000004,-19.500000000000007
5.420000000000003,29.332
12.57600000000001,-36.708000000000006
6.600000000000006,-26.924000000000003
-29.659999999999997,25.72399999999999
-45.46,-25.640000000000008
0.44399999999999995,-3.756000000000004
-29.447999999999997,5.283999999999978
18.228,-11.804000000000004
-12.579999999999991,-44.53600000000001
-27.023999999999994,33.26799999999999
-28.07200000000001,-36.68800000000001
43.54799999999999,12.903999999999982
-24.575999999999997,-13.844000000000001
0.6360000000000143,-34.192000000000014
25.167999999999992,35.227999999999994
18.067999999999994,39.463999999999984
6.336000000000008,-12.680000000000014
34.91600000000001,-37.784000000000006
-0.6320000000000103,-32.616000000000014
-45.931999999999995,-11.672000000000015
0.7959999999999967,15.895999999999999
-33.46,-28.81600000000001
-24.62399999999999,-20.63600000000001
-23.04799999999999,0.31999999999998696
-47.68,18.235999999999986
8.512000000000008,24.427999999999983
30.00799999999999,42.99599999999999
-53.776,-3.332000000000024
-7.312000000000007,-46.25600000000001
26.807999999999986,-3.839999999999999
1.5039999999999942,20.643999999999995
21.916000000000004,49.45599999999999
6.055999999999995,-0.09600000000000719
-52.128,-3.644000000000003
8.207999999999993,-34.464000000000006
16.900000000000006,12.579999999999991
-12.947999999999983,-18.656000000000017
-44.331999999999994,26.156000000000002
9.756000000000009,9.216000000000001
42.06399999999999,-13.756000000000013
-29.523999999999994,-24.584000000000007
4.824000000000006,2.5919999999999943
5.380000000000007,25.49999999999999
46.412000000000006,-1.4720000000000066
-4.6559999999999935,16.647999999999975
8.44799999999999,5.979999999999985
-27.356,2.1560000000000024
-48.80799999999999,-1.8240000000000034
-40.908,10.787999999999975
32.407999999999994,-37.27600000000001
6.864000000000003,-5.344000000000015
23.540000000000006,-12.407999999999998
5.787999999999993,-11.036000000000012
52.416,16.395999999999987
-39.564,20.755999999999997
17.159999999999997,-26.172000000000008
-18.159999999999997,-10.864000000000008
24.560000000000002,-46.39200000000001
49.60400000000003,34.28799999999998
-30.82799999999999,-39.46400000000001
-51.952,17.775999999999993
-42.888000000000005,-16.436000000000018
14.152000000000008,62.964
-32.687999999999995,-32.284
1.5840000000000076,-26.360000000000007
36.192,26.66799999999998
-34.20399999999999,6.023999999999985
29.747999999999998,-18.07200000000002
27.279999999999994,-41.60800000000001
15.28799999999999,-21.732000000000017
-24.407999999999998,-19.46000000000001
0.42400000000000215,-43.68800000000002
9.336000000000011,26.603999999999985
45.98400000000002,-3.508
42.54799999999999,15.827999999999975
-47.56,-10.65600000000001
-0.5400000000000071,-36.120000000000005
9.556000000000008,-44.18800000000002
18.999999999999993,11.795999999999985
45.23599999999999,39.23999999999999
17.252000000000002,-6.072000000000011
31.73999999999999,-6.6440000000000055
-8.512000000000008,-49.268000000000015
21.832000000000008,-26.036000000000016
-21.567999999999987,24.32399999999999
35.80000000000001,23.756
20.028000000000002,-3.416000000000019
44.39999999999999,-4.316000000000009
43.891999999999996,39.59599999999999
-16.755999999999993,8.312000000000008
-22.24799999999999,-9.500000000000009
35.744,11.992000000000003
-23.287999999999986,-2.524000000000015
30.092000000000006,43.59599999999999
48.65599999999999,5.487999999999982
49.90400000000002,13.207999999999975
-14.076,-44.20800000000001
-33.879999999999995,-5.459999999999998
16.767999999999983,-7.152000000000025
-60.536,10.559999999999992
9.196000000000005,20.343999999999983
0.6199999999999983,-0.19600000000001838
9.699999999999998,-26.632000000000012
-31.46,-24.492000000000015
30.36000000000001,-14.468000000000004
-19.59200000000001,31.09200000000001
5.7439999999999936,-5.292000000000008
-14.779999999999994,8.007999999999992
-8.18399999999999,-41.92800000000001
-10.356000000000009,4.971999999999999
-0.45200000000000795,12.975999999999988
-12.056000000000001,-23.260000000000012
-37.2,-14.17600000000001
-13.304000000000006,2.2119999999999918
35.052000000000014,2.4799999999999933
26.22,11.659999999999982
-14.04399999999999,-20.996000000000016
-21.08,4.055999999999993
29.29600000000001,-12.348000000000003
26.36799999999999,-16.612000000000016
-21.696000000000005,22.287999999999975
-34.81999999999999,-32.34000000000001
-47.29600000000001,-24.864000000000008
18.403999999999996,1.092000000000004
53.688,34.31999999999999
-9.46,-19.800000000000008
43.639999999999986,17.740000000000002
-40.964,-11.248000000000003
11.075999999999997,-21.13600000000001
-39.26,17.103999999999985
39.97999999999999,44.316
-2.4359999999999937,-27.664000000000012
11.543999999999999,-0.9760000000000213
-20.12799999999999,-14.416000000000018
42.252,-2.428000000000008
-44.42,-16.300000000000015
30.803999999999988,26.687999999999978
-34.032000000000004,17.367999999999984
18.028,22.607999999999983
40.99600000000001,56.611999999999995
-37.236000000000004,4.7679999999999945
26.083999999999996,47.467999999999975
-36.156,31.35999999999999
-43.688,-18.232000000000014
-33.732000000000006,20.443999999999996
5.267999999999984,18.88399999999999
24.47999999999999,-14.488000000000001
-55.352000000000004,-3.6839999999999984
-57.516,12.967999999999979
0.22799999999998377,21.839999999999993
2.9200000000000115,-11.187999999999999
-49.839999999999996,-20.164000000000005
-19.836,-29.544000000000004
25.459999999999994,2.1039999999999948
-19.42799999999999,-21.496000000000016
-37.19199999999999,5.352000000000001
3.076000000000012,-8.484000000000002
-27.676000000000002,-32.59200000000001
-26.203999999999994,-1.3479999999999936
47.44400000000002,-12.036000000000014
14.35200000000001,-50.07600000000001
-44.208000000000006,-10.804000000000002
13.867999999999991,-12.088
-37.308,31.89599999999999
48.955999999999975,-6.923999999999997
1.8240000000000034,-9.808000000000005
18.656000000000006,-35.26400000000001
14.747999999999983,-16.232000000000014
11.359999999999992,-17.164
12.927999999999983,-8.367999999999999
-7.423999999999986,-13.660000000000005
-15.895999999999999,10.53599999999999
-16.660000000000007,-27.900000000000013
5.392000000000019,16.79200000000001
1.9160000000000066,11.680000000000001
52.14000000000001,9.547999999999979
-8.011999999999997,-19.12400000000001
12.687999999999988,-4.5720000000000205
-1.4999999999999902,-24.23600000000001
-10.852000000000018,-14.580000000000004
22.687999999999995,-46.204
-19.423999999999996,1.639999999999997
-19.20799999999999,14.215999999999983
-44.104,-16.76000000000001
11.963999999999997,27.51999999999999
-5.996000000000001,-21.672000000000015
-11.744,-43.836000000000006
-50.5,-2.288000000000001
-20.752000000000002,-22.172000000000015
48.196,23.43599999999999
21.587999999999987,-13.300000000000011
17.436000000000007,62.28799999999999
0.09200000000000319,13.036000000000003
-51.580000000000005,0.9799999999999809
-27.74,-28.616000000000007
-28.559999999999995,17.223999999999997
-47.36,29.287999999999982
12.836000000000002,-13.900000000000013
3.2359999999999944,18.555999999999994
50.18,38.92799999999998
-46.62,-11.036000000000012
41.164,-5.680000000000018
-0.8879999999999999,13.103999999999981
16.680000000000007,55.492000000000004
-45.29600000000001,-31.996000000000013
34.57600000000001,5.095999999999989
41.06799999999999,29.90799999999998
21.50399999999999,28.512000000000004
-18.979999999999997,-19.932000000000016
43.66799999999999,-18.496000000000013
-4.403999999999986,13.695999999999998
-0.14000000000000679,5.031999999999992
22.127999999999993,-16.680000000000007
39.476,2.1039999999999948
30.196,-3.9080000000000004
11.119999999999997,-51.312000000000005
-38.1,15.256000000000004
30.824000000000005,48.199999999999996
-23.30399999999999,10.816000000000003
-29.18799999999999,-18.86000000000001
21.219999999999995,43.835999999999984
30.20799999999999,-21.320000000000007
28.059999999999995,21.896000000000004
11.047999999999991,-10.452000000000016
-18.232000000000003,-42.468
-30.043999999999993,-21.84400000000001
-53.164,-23.936000000000014
6.0799999999999965,9.399999999999986
17.452,2.6439999999999797
2.407999999999988,-1.984000000000008
43.955999999999996,42.74799999999998
31.191999999999997,17.303999999999988
-28.212000000000003,-24.072000000000017
10.636000000000001,-32.06000000000001
-9.607999999999993,-6.576000000000004
-15.147999999999984,20.919999999999984
49.839999999999996,33.32799999999998
11.792000000000002,-16.17200000000002
-8.783999999999992,-15.588000000000001
4.596,-33.74400000000001
-50.275999999999996,1.4359999999999928
-28.267999999999994,5.356000000000005
1.3639999999999874,-45.972000000000016
-2.176,7.7079999999999815
38.97600000000001,-5.108000000000001
14.412000000000003,-38.488000000000014
12.260000000000005,-5.688000000000004
-2.167999999999992,23.643999999999977
35.58000000000001,12.935999999999993
33.45200000000001,-5.036000000000018
39.356000000000016,25.976
16.704000000000008,-30.92800000000001
9.420000000000005,-25.13200000000002
46.01200000000001,13.127999999999984
36.86000000000001,-18.680000000000007
-1.9600000000000062,-28.744000000000003
-36.892,5.840000000000001
-19.904,-0.6520000000000081
-10.783999999999994,-8.916000000000013
-3.9800000000000058,-28.08800000000001
15.568000000000005,14.483999999999986
26.244,7.312000000000007
-19.247999999999987,-14.500000000000012
-11.799999999999988,-18.447999999999997
-6.235999999999997,23.20399999999998
-28.407999999999987,17.70799999999999
32.748,-25.960000000000004
-49.239999999999995,22.160000000000004
-10.252000000000017,-40.41600000000001
-52.32,-15.436000000000016
-0.15600000000000058,-30.01600000000001
-55.576,-12.560000000000004
15.427999999999997,-14.456000000000014
-52.968,6.867999999999985
-22.7,-11.424000000000001
48.884000000000015,10.495999999999995
-3.923999999999994,10.192
-16.08399999999999,-22.580000000000013
-6.82799999999999,-32.28000000000001
18.09200000000002,63.015999999999984
0.30799999999999716,-1.892000000000027
-18.336,-5.116000000000009
-2.0040000000000058,-36.64000000000001
-46.568,19.947999999999986
8.996000000000004,30.699999999999996
22.70000000000001,36.22399999999999
33.487999999999985,35.032
28.059999999999995,18.740000000000002
40.452,-0.7960000000000189
33.596000000000004,34.50799999999998
3.595999999999999,19.076000000000004
-55.22,11.463999999999984
21.048000000000002,-45.79200000000001
-26.916000000000007,-30.124000000000006
18.70799999999999,-19.232000000000017
-29.195999999999998,18.58399999999998
-53.67999999999999,-21.484
-27.78799999999999,-27.896000000000008
-27.316000000000006,29.027999999999988
-22.440000000000005,31.15999999999999
-42.308,17.01999999999999
20.740000000000002,22.575999999999997
-26.523999999999994,-6.052000000000013
-10.695999999999994,-48.32800000000002
-30.00799999999999,-18.364000000000004
4.796,-7.932000000000016
-18.216000000000008,-22.687999999999995
14.783999999999997,-35.20000000000001
-38.068000000000005,32.73599999999999
-8.752000000000004,17.256000000000004
29.347999999999995,26.115999999999985
-33.424,-26.280000000000015
40.227999999999994,52.19199999999999
0.5279999999999951,1.5039999999999942
-55.352000000000004,-7.456000000000018
18.799999999999994,58.46799999999999
-41.376000000000005,-23.292000000000012
32.56399999999999,53.620000000000005
-29.64,34.036
-25.052000000000007,-0.8440000000000003
38.724000000000004,12.675999999999998
-14.876000000000001,31.667999999999985
-35.90399999999999,5.079999999999996
28.676000000000013,66.44400000000002
6.3039999999999985,25.043999999999976
26.932000000000002,-10.504000000000001
35.464000000000006,15.992000000000006
-10.356000000000009,-24.524
14.700000000000003,8.847999999999988
-21.772000000000002,34.471999999999994
-1.6120000000000134,-40.97200000000001
50.90000000000001,13.995999999999986
8.416,-50.74000000000001
21.352000000000015,-37.34
4.756000000000005,-10.987999999999998
0.5039999999999933,-44.364000000000004
31.548,33.876
34.367999999999995,10.339999999999993
-28.32,0.7560000000000011
-41.58,21.052000000000003
-5.543999999999993,-45.56000000000001
-49.69199999999999,-24.48000000000001
-37.99600000000001,-34.74
-26.659999999999997,25.439999999999998
14.500000000000002,9.423999999999989
-24.312000000000012,-3.9920000000000178
-49.248000000000005,-15.104000000000006
-19.32799999999999,-1.4080000000000092
43.58800000000001,4.963999999999991
12.652000000000019,50.512
31.576000000000004,34.46799999999999
7.076000000000016,20.096000000000004
4.912000000000005,-47.02
46.30799999999999,34.423999999999985
31.147999999999996,-10.548000000000002
-40.076,2.0119999999999916
37.403999999999996,-5.476000000000014
34.988,0.7239999999999913
40.21600000000001,-17.188000000000002
30.176000000000002,-40.004000000000005
26.167999999999992,-13.136000000000013
32.98799999999999,5.763999999999991
10.939999999999994,-26.872000000000007
-8.400000000000007,20.97199999999999
-37.763999999999996,-7.7280000000000015
-1.2279999999999847,-41.47600000000001
-46.8,-17.256000000000014
1.6839999999999966,-0.7440000000000113
20.19200000000001,-22.060000000000013
-36.592,7.003999999999988
0.9239999999999915,-33.652
-42.028,-21.500000000000007
38.803999999999995,39.36799999999998
-31.379999999999995,-25.888000000000012
24.872000000000007,-30.32800000000001
-26.572000000000006,0.9159999999999835
-21.94799999999999,-20.588000000000008
-38.344,28.879999999999995
-36.43200000000001,-6.868000000000007
-9.983999999999993,-5.496000000000012
-53.400000000000006,-6.040000000000001
-20.06,-42.68800000000002
-42.468,-24.564000000000007
24.839999999999996,35.856
-14.944000000000003,-14.196000000000009
-12.979999999999992,8.816000000000003
18.063999999999993,5.983999999999989
-45.02,6.863999999999981
8.496000000000015,-1.1960000000000193
-2.316000000000007,16.195999999999987
-4.096000000000011,-18.820000000000014
16.451999999999998,-41.040000000000006
15.64000000000001,43.97599999999999
15.820000000000011,49.80399999999998
14.840000000000009,-8.79200000000001
43.604,-7.700000000000018
-1.6120000000000134,-42.16000000000001
-25.227999999999994,31.779999999999987
-24.71200000000001,29.547999999999973
-40.632000000000005,30.023999999999983
-9.836,-24.348000000000003
-34.699999999999996,28.016
33.919999999999995,23.883999999999993
-8.580000000000009,-19.196000000000012
-29.36399999999999,16.12
1.8079999999999874,-2.4440000000000017
41.120000000000005,-0.9160000000000057
26.836000000000016,53.932
44.915999999999976,4.976000000000003
26.288,-45.800000000000004
20.66000000000001,19.092
-27.856,-13.032000000000021
20.375999999999994,63.26400000000001
2.9959999999999987,28.195999999999998
-9.787999999999997,-28.292000000000005
-51.35999999999999,-17.90400000000001
-11.383999999999993,10.007999999999996
-16.256000000000004,-12.264000000000008
-12.24399999999999,-1.527999999999996
-42.348,14.07999999999998
-43.584,-28.160000000000007
21.336,-25.248000000000005
13.924000000000003,17.899999999999984
21.547999999999988,38.48399999999999
-27.483999999999998,11.219999999999985
0.6680000000000019,-40.148
33.08,25.411999999999992
-26.156000000000002,-18.480000000000008
-45.431999999999995,15.159999999999997
-14.315999999999995,-38.06800000000001
-31.796000000000003,-6.888000000000005
31.084,35.51599999999999
35.180000000000014,-28.39600000000001
-46.628,28.515999999999984
15.812000000000005,11.275999999999996
4.196,-1.7880000000000118
36.056,38.852
-44.072,-19.164
-42.908,25.435999999999993
-1.0000000000000009,26.839999999999996
-41.628,31.532000000000004
41.867999999999995,18.052
43.54799999999999,36.575999999999986
3.824000000000005,-18.947999999999997
3.488000000000002,-44.084
-21.343999999999998,-23.572000000000017
-12.080000000000002,19.19599999999999
44.70799999999999,43.01999999999999
16.500000000000004,-37.33200000000001
-31.056000000000004,-34.35600000000001
19.023999999999997,-17.216000000000008
40.647999999999996,1.7879999999999896
-25.02399999999999,1.2439999999999785
-16.636000000000006,-16.308
-54.128,20.42799999999998
28.776000000000003,40.90399999999998
-3.923999999999994,28.723999999999993
-30.596,19.911999999999995
-17.179999999999996,18.787999999999982
-24.339999999999996,-37.784000000000006
29.703999999999997,54.76399999999999
-13.807999999999998,-0.26800000000000157
-29.227999999999987,33.62799999999999
-16.056000000000004,-37.22800000000001
45.452000000000005,37.3
23.311999999999998,-42.332
35.62799999999999,38.54799999999998
41.916,26.103999999999992
-6.459999999999999,6.743999999999994
40.164,-22.964000000000006
8.260000000000002,-32.70800000000001
43.42399999999999,21.619999999999994
-41.291999999999994,-22.184000000000005
-5.367999999999995,23.983999999999984
17.784,-22.040000000000003
3.0399999999999983,-2.764000000000011
-25.872000000000007,-1.868000000000003
-44.888000000000005,-16.508
41.77600000000001,-8.396000000000015
-31.832000000000004,-38.23200000000001
24.832000000000008,-5.200000000000005
39.22399999999999,-26.284000000000006
16.636000000000006,53.552
25.027999999999984,-14.940000000000008
-25.836000000000002,-20.944000000000006
50.627999999999986,10.115999999999993
-0.10399999999999299,-23.15600000000001
6.336000000000008,-44.668000000000006
30.947999999999997,39.347999999999985
-20.89200000000001,-30.87200000000001
-29.500000000000004,-25.812000000000012
15.216000000000008,-45.04800000000001
-10.163999999999994,0.32799999999997276
38.1,9.759999999999991
42.628,34.836
-12.372000000000005,-35.608000000000004
-20.676000000000005,-15.84000000000001
39.696,-13.880000000000015
39.02000000000001,-12.456000000000012
-9.992,10.943999999999999
34.35600000000001,42.55199999999999
-19.687999999999995,-25.404000000000003
-17.100000000000005,15.08799999999999
-27.212000000000003,-13.468000000000002
-23.692,-28.356000000000016
26.844,-46.120000000000005
49.452000000000005,33.667999999999985
-39.571999999999996,23.627999999999982
-23.696000000000005,-36.90800000000001
-37.036,2.0279999999999854
25.263999999999996,-9.296000000000015
-19.34799999999999,-2.083999999999997
-10.715999999999992,15.052
-9.623999999999988,-41.39200000000001
14.347999999999983,20.18399999999998
7.400000000000007,-27.77600000000001
31.82799999999999,-34.42400000000001
-7.9520000000000035,-17.29200000000002
-37.108,-28.724000000000004
-12.352000000000007,-37.86000000000001
-36.083999999999996,30.343999999999994
-46.57600000000001,7.135999999999987
36.49200000000001,21.652000000000005
30.40799999999999,54.06399999999998
-17.740000000000002,30.356000000000005
8.736000000000011,8.112000000000009
-21.012000000000008,-29.944000000000003
48.43599999999999,-4.760000000000009
-26.464,23.4
12.431999999999999,-2.1240000000000148
37.572,-29.79600000000001
45.695999999999984,-15.200000000000014
-35.007999999999996,-16.544000000000004
-25.419999999999998,-29.53600000000002
41.91200000000001,39.52399999999998
-48.728,-1.2400000000000189
-23.796000000000006,-16.532000000000014
0.5200000000000093,7.776000000000005
21.127999999999993,-28.832
-39.803999999999995,16.487999999999992
3.595999999999999,-10.887999999999998
22.65999999999999,-13.936000000000014
47.711999999999996,5.415999999999999
33.343999999999994,-25.832000000000022
-54.69199999999999,-2.9320000000000235
14.451999999999998,-37.58800000000001
-18.008000000000003,-38.424
49.87599999999999,10.999999999999988
-17.423999999999996,-33.47600000000001
-7.499999999999996,13.307999999999986
19.667999999999996,-8.488000000000007
-31.443999999999996,-30.57200000000001
-18.90399999999999,10.22399999999999
-7.62799999999999,6.719999999999993
53.99599999999998,15.251999999999999
-12.744,8.291999999999987
10.264000000000006,-26.956000000000014
25.375999999999998,62.504000000000005
14.927999999999987,-9.396000000000015
-33.952000000000005,-10.22400000000001
-20.023999999999997,-37.036000000000016
-46.168,-10.387999999999998
-32.596000000000004,-14.184000000000008
7.29200000000001,19.111999999999995
-51.275999999999996,-24.45200000000002
38.339999999999996,10.199999999999987
14.968000000000004,-42.89200000000001
-38.376,-12.728000000000005
23.436000000000014,-13.628000000000007
-57.348,6.779999999999986
-9.600000000000009,-23.192000000000014
24.016000000000016,-6.004000000000009
26.74399999999999,6.915999999999989
26.956000000000003,24.387999999999987
47.91599999999998,7.579999999999987
13.704000000000004,54.556000000000004
-36.864,-35.66800000000001
-28.864,-38.38800000000001
5.71600000000001,23.143999999999988
34.53200000000001,-18.447999999999997
14.399999999999991,26.295999999999985
-16.071999999999996,28.53999999999999
-12.284000000000006,5.299999999999994
31.692000000000007,-4.496000000000011
32.68,3.831999999999991
-32.168,-24.536000000000012
9.607999999999993,1.515999999999984
46.31599999999998,24.81199999999999
-47.524,24.879999999999992
28.03200000000001,-36.50800000000001
-4.943999999999993,-22.784000000000006
17.68799999999999,-14.388000000000002
-27.767999999999994,2.5679999999999925
-47.9,-17.608
-49.244,-20.244000000000007
21.36,-24.356000000000012
41.26399999999999,23.16799999999999
12.836000000000002,-28.824000000000005
-49.732,22.463999999999995
-7.336000000000009,-3.8040000000000074
-27.06799999999999,24.063999999999997
-8.072000000000013,-24.188
-57.71999999999999,7.879999999999998
40.964,36.876
36.324,27.647999999999982
30.987999999999992,-43.10000000000001
-44.596000000000004,10.219999999999985
-34.86,-2.9000000000000137
-21.187999999999995,-5.888000000000004
25.963999999999988,-23.668
-3.6640000000000006,16.223999999999993
-32.04,20.587999999999983
47.428000000000004,41.98399999999998
-15.032,-6.980000000000008
19.58,-51.06800000000001
-26.383999999999997,-27.56400000000001
9.707999999999984,-19.908000000000005
-7.240000000000002,-20.38000000000001
3.7760000000000016,25.936000000000003
20.860000000000014,-34.68800000000001
-51.5,18.70799999999999
40.17600000000001,7.291999999999987
49.712,8.211999999999996
-0.23599999999999177,12.479999999999979
-8.479999999999999,-13.224000000000002
8.528000000000002,-45.784000000000006
20.175999999999995,-43.73600000000001
-37.356,29.255999999999993
24.992000000000015,41.10799999999999
-54.94799999999999,17.727999999999987
2.624000000000004,-0.44399999999999995
19.387999999999984,-0.33600000000000296
-0.8560000000000123,-37.30000000000001
51.04,2.9839999999999867
14.756000000000014,40.46799999999999
-41.772,11.97999999999999
21.056000000000008,-39.88
33.47599999999999,-20.66000000000001
-31.312000000000005,35.572
40.59600000000001,34.227999999999994
-9.864000000000006,31.89200000000001
-19.003999999999998,20.511999999999997
-5.756000000000006,-30.368000000000006
-41.54399999999999,10.54799999999998
-12.003999999999992,17.35199999999999
-14.59999999999999,-43.04800000000001
-3.736000000000006,-32.252
5.252000000000012,-2.288000000000001
27.932000000000002,-2.9160000000000075
20.14799999999999,-45.52
-5.075999999999992,3.707999999999978
-47.856,22.01599999999999
28.96399999999999,-13.724000000000004
-47.928000000000004,1.7799999999999816
2.5920000000000165,10.34799999999998
19.316,-42.864000000000004
-0.22400000000000198,20.01599999999999
14.700000000000003,-10.448000000000002
33.052000000000014,53.86
-25.78,-11.312000000000012
29.676000000000013,-15.312000000000015
39.14,5.7359999999999856
36.75200000000001,19.072
-0.5800000000000027,21.663999999999994
22.752000000000017,-19.788000000000004
-14.967999999999982,-4.028000000000009
1.5079999999999982,1.1679999999999913
1.627999999999985,22.94399999999999
-42.111999999999995,31.952
12.7,-17.436000000000018
-30.287999999999993,28.855999999999995
45.76,43.94
0.7759999999999989,-39.62000000000001
39.21600000000001,25.45599999999999
1.1639999999999873,15.003999999999994
-15.680000000000005,-15.420000000000012
14.939999999999998,-18.064000000000004
22.936,-41.908000000000015
-16.08399999999999,-8.144000000000007
41.087999999999994,36.05199999999999
-53.72,-10.804000000000002
37.80000000000001,51.67599999999999
-29.29200000000001,-6.152000000000024
21.523999999999987,-18.144000000000005
41.932000000000016,35.42799999999999
7.176000000000005,-0.7840000000000069
28.743999999999993,61.527999999999984
-52.732,6.359999999999988
-17.50799999999999,-26.356000000000012
-30.00799999999999,12.599999999999989
22.43600000000001,-2.424000000000004
-47.072,-25.472000000000016
0.25999999999999357,-37.424
22.887999999999998,-22.428000000000004
15.512000000000015,45.79599999999999
-4.7800000000000065,-10.216000000000014
27.612000000000016,-15.760000000000007
-25.652000000000008,-31.11600000000001
-44.628,3.367999999999993
-1.8320000000000114,25.78799999999999
-2.067999999999981,11.943999999999978
20.979999999999997,44.66799999999998
47.96799999999999,10.899999999999999
-56.96,14.32399999999998
40.46000000000001,17.896
-19.38399999999999,-27.556000000000015
7.552000000000003,-42.47200000000001
28.352,13.5
-53.184,-14.100000000000012
-10.192,-9.796000000000015
-14.060000000000006,20.547999999999988
54.059999999999995,28.19999999999998
36.53200000000001,23.39199999999999
2.320000000000011,-19.67200000000001
-11.996000000000006,13.107999999999986
-38.37199999999999,-17.78000000000001
-51.808,5.447999999999986
19.087999999999994,3.4720000000000084
21.067999999999998,51.19199999999999
1.8799999999999928,-15.408
-14.79600000000001,-13.144
-19.116,16.527999999999988
-19.85600000000001,-31.37200000000001
-36.596000000000004,30.623999999999985
36.11200000000001,33.97999999999999
-6.33999999999999,12.5
15.212000000000003,59.77999999999999
-42.796,-18.59600000000001
37.95600000000001,55.236
-5.027999999999988,-36.852000000000004
50.160000000000004,6.4039999999999875
3.059999999999996,-22.572000000000013
47.12799999999999,1.0159999999999947
-12.412,32.192
32.108000000000004,41.91199999999999
29.323999999999995,45.18399999999998
35.39600000000001,-15.324000000000005
-33.056000000000004,-24.060000000000002
23.036000000000012,29.135999999999985
-13.972000000000007,-36.952000000000005
-22.96,7.067999999999985
-34.78399999999999,-33.216000000000015
-53.16,5.923999999999996
31.936000000000007,4.492000000000007
-8.075999999999993,-48.61200000000001
-33.04799999999999,17.612000000000005
17.06000000000001,-31.66000000000001
-7.363999999999993,-34.10800000000002
-17.132000000000012,10.807999999999973
1.2480000000000047,17.54
33.407999999999994,36.20799999999997
14.44399999999999,6.576000000000004
49.288,-5.420000000000003
-31.203999999999997,-25.180000000000014
43.01200000000001,39.363999999999976
50.49599999999999,1.5679999999999916
27.327999999999996,65.21999999999998
23.439999999999994,-34.584
-45.21999999999999,10.319999999999997
-5.556000000000005,-48.192000000000014
21.58,58.95599999999999
-1.0159999999999947,9.475999999999996
2.5720000000000187,-28.56000000000001
-2.6040000000000063,-11.352000000000018
26.12399999999999,-14.392000000000015
-37.464,-3.860000000000019
26.09999999999999,22.272000000000002
-8.13600000000001,-21.648
26.576,-35.724000000000004
-37.148,-33.84800000000001
-2.2520000000000095,-38.024
-42.58,-3.1640000000000112
41.379999999999995,3.1039999999999957
29.580000000000005,7.023999999999986
-24.519999999999996,8.016000000000002
-13.295999999999996,-31.588000000000015
28.971999999999998,-30.552000000000014
-45.79600000000001,10.636000000000001
-14.632000000000001,24.859999999999992
-28.939999999999998,13.083999999999985
2.8120000000000145,17.599999999999994
48.215999999999994,11.463999999999984
-35.507999999999996,-22.108000000000004
31.563999999999993,-25.74000000000001
23.2,18.62799999999998
0.7279999999999953,-20.352000000000015
-25.647999999999993,-13.792000000000016
-14.68799999999999,-41.748000000000005
-36.876,-35.07600000000002
49.17200000000002,25.159999999999982
16.39600000000001,0.5879999999999885
30.767999999999994,19.35199999999999
33.879999999999995,19.81200000000001
21.852000000000004,-33.176000000000016
-6.275999999999993,-32.31600000000001
16.867999999999995,-15.492000000000017
-2.0520000000000094,18.239999999999988
-25.536,4.191999999999996
-16.267999999999994,-33.02800000000001
34.62399999999999,13.819999999999988
-18.287999999999993,-4.127999999999998
-3.3279999999999976,-16.068000000000005
23.947999999999993,3.191999999999995
2.3720000000000185,-47.66400000000001
30.332000000000004,4.371999999999998
35.464000000000006,19.447999999999976
-18.332000000000015,-37.11200000000001
-58.699999999999996,-6.144000000000016
-1.1120000000000019,-14.016000000000018
25.140000000000008,-20.988000000000007
-37.868,10.752000000000006
36.57999999999999,26.151999999999997
53.74000000000001,33.08
15.100000000000001,-30.008000000000013
41.75200000000001,-16.780000000000005
-28.064,-18.976000000000013
50.547999999999995,6.919999999999993
-6.567999999999996,-1.4440000000000008
-13.119999999999997,-38.280000000000015
-21.019999999999996,8.172
0.36399999999998656,6.547999999999976
20.16,-25.72000000000001
35.972,7.147999999999977
-4.235999999999995,-44.912000000000006
-1.096000000000008,-4.6800000000000175
-20.547999999999988,-27.968000000000014
-20.368,-36.44400000000001
17.052,39.012
-3.192000000000017,-26.132000000000012
-19.404,5.732000000000004
-14.883999999999986,-36.60000000000001
-12.359999999999992,-0.32000000000000917
1.2880000000000003,-29.176000000000013
23.067999999999998,3.391999999999995
42.167999999999985,30.11999999999999
-14.712000000000014,-11.272000000000016
22.160000000000004,22.323999999999987
30.78399999999999,-12.696000000000007
-30.16399999999999,-1.527999999999996
2.0040000000000058,30.42799999999999
20.564000000000004,51.01199999999999
0.7039999999999935,-10.244000000000009
-4.347999999999996,-3.776000000000024
2.4960000000000093,1.532
21.17200000000001,57.792
34.35600000000001,-9.060000000000013
6.279999999999997,28.88799999999998
-16.808,20.719999999999985
-0.33199999999999896,-31.26000000000001
17.04000000000001,0.023999999999979593
-33.09200000000001,-19.344000000000005
-48.083999999999996,24.951999999999998
-13.712000000000014,-15.244000000000002
22.028000000000002,-45.904
-8.583999999999993,-11.696000000000017
11.667999999999989,7.147999999999977
-18.243999999999993,27.136000000000003
-5.319999999999991,-20.332000000000015
-4.4520000000000115,-3.1520000000000215
50.0,35.08799999999999
16.799999999999994,-8.576000000000016
12.127999999999982,-4.58400000000001
1.415999999999995,-10.232000000000019
-50.744,24.387999999999987
47.207999999999984,42.567999999999984
-32.3,2.4799999999999933
-9.932000000000007,-12.484000000000005
-18.272,27.727999999999973
39.12,8.455999999999996
-19.007999999999992,6.103999999999998
-13.623999999999992,11.036000000000001
26.527999999999995,60.68799999999999
-46.96399999999999,-15.448000000000006
34.38000000000001,-4.636000000000018
29.056000000000015,64.77999999999999
-44.08800000000001,-30.972000000000012
-53.492,23.007999999999985
-53.22,-0.7720000000000171
-41.052,-5.356000000000005
31.07200000000001,-22.07600000000002
35.66400000000001,30.739999999999988
-7.423999999999986,-19.28000000000001
-24.563999999999997,33.07599999999999
-16.720000000000002,30.712000000000007
-47.78,9.97999999999999
-26.94399999999999,17.28399999999999
7.7360000000000095,-49.34
30.563999999999993,-1.208000000000009
-17.516,-30.364
10.139999999999993,-51.40800000000001
16.75200000000001,-26.968000000000014
-51.25999999999999,24.327999999999996
-23.144,21.815999999999992
-37.516000000000005,-12.23200000000002
13.467999999999991,55.34799999999998
0.12000000000000899,-9.860000000000014
44.872,42.496
-0.42400000000000215,-46.804
29.51999999999999,11.263999999999985
11.487999999999987,-20.764000000000003
16.592000000000006,-28.788000000000014
17.179999999999996,11.507999999999985
14.944000000000003,-27.948000000000008
-0.6839999999999957,15.735999999999994
22.34400000000001,-3.612000000000015
-4.739999999999989,-28.58400000000001
-5.420000000000003,-21.500000000000007
13.119999999999997,-23.924
-49.092,-23.328000000000003
-49.208,4.279999999999995
-8.299999999999997,16.896
-26.72,9.155999999999986
-8.411999999999997,-47.412000000000006
-26.22,-7.164000000000015
-45.144,-4.7920000000000185
14.792000000000005,-11.60000000000001
37.184,28.403999999999986
25.896000000000008,46.54399999999998
13.680000000000003,-40.16800000000001
-26.072000000000006,-31.620000000000005
-1.8799999999999928,-32.61200000000001
-35.372,31.41999999999998
38.992000000000004,-20.264000000000003
-9.60399999999999,21.38399999999998
41.95600000000002,15.927999999999987
34.964,21.395999999999994
-4.791999999999996,-43.86800000000001
-16.54,-15.336000000000016
-16.092000000000017,-7.376000000000005
9.24799999999999,6.019999999999981
36.82000000000001,-19.708000000000002
8.407999999999994,-9.004000000000001
-52.056000000000004,8.099999999999996
-1.4279999999999848,-5.659999999999998
-15.592000000000006,-36.88000000000001
0.20000000000000018,15.14399999999998
21.21200000000001,1.1439999999999895
51.81200000000001,7.567999999999975
9.023999999999987,-12.796000000000006
6.943999999999995,-23.396000000000015
16.112000000000016,59.28
11.056,-0.8480000000000043
-14.260000000000005,3.635999999999995
31.279999999999998,11.707999999999984
15.388000000000002,-43.320000000000014
-11.187999999999999,-43.55600000000002
0.8760000000000101,12.675999999999998
17.364,19.20799999999998
5.767999999999995,3.943999999999992
-1.6720000000000068,-8.156000000000008
39.428,-0.7079999999999975
31.484,-3.9879999999999916
20.340000000000003,53.67999999999999
23.995999999999995,67.312
-13.592000000000004,31.176000000000002
45.71200000000002,29.332
27.404000000000007,32.64799999999999
-24.616000000000003,-40.012
13.672000000000018,-25.812000000000012
8.035999999999998,0.5360000000000031
29.183999999999987,-45.32000000000001
-10.875999999999998,4.0879999999999805
1.5439999999999898,-48.364000000000004
22.272000000000002,-11.776000000000009
-3.7839999999999874,-25.360000000000007
-17.952000000000012,-0.13600000000000279
-2.4440000000000017,-47.040000000000006
-11.512000000000011,-39.49600000000001
-4.308000000000001,-32.352000000000004
31.323999999999998,7.055999999999996
-50.61600000000001,-21.93600000000001
-45.928000000000004,-30.732000000000003
11.939999999999994,23.976
-51.652,-23.964000000000006
38.72799999999999,48.684
-12.17999999999999,27.976
-0.6040000000000045,29.243999999999982
-9.640000000000004,17.915999999999997
11.383999999999993,17.347999999999985
1.876000000000011,-33.44400000000001
30.888000000000005,60.39599999999999
-51.908,16.88799999999999
3.200000000000003,8.996000000000004
33.176,-17.192000000000018
-10.023999999999988,-10.90000000000001
-17.376000000000012,23.687999999999974
17.92799999999999,-47.64800000000001
32.328,-34.55200000000001
15.59999999999999,-22.780000000000012
13.227999999999994,-39.02000000000001
32.75600000000001,-21.68000000000001
4.180000000000006,29.20799999999999
-13.904000000000005,25.956000000000003
-28.07200000000001,-18.388000000000005
3.752,-9.867999999999999
36.31999999999999,6.763999999999992
-39.24399999999999,-23.096000000000018
9.572000000000003,-41.544000000000004
10.227999999999993,16.559999999999995
-29.62,-38.292
-18.247999999999998,34.89199999999999
14.727999999999986,-19.736000000000008
-40.31600000000001,5.811999999999995
3.0079999999999885,-2.0560000000000134
12.387999999999998,-17.836000000000006
4.716000000000009,12.907999999999987
-22.707999999999995,17.891999999999996
24.195999999999994,-32.388000000000005
25.632000000000012,29.879999999999995
-6.3160000000000105,-9.000000000000007
37.432,49.42399999999998
54.532000000000004,25.336000000000002
-8.983999999999991,-35.14800000000001
-4.412000000000016,-15.652000000000022
0.9959999999999969,-21.34400000000001
26.248000000000005,-29.268000000000015
-37.08,32.49999999999999
9.84799999999999,26.419999999999998
40.95200000000001,-18.464000000000002
-30.736000000000008,22.283999999999992
27.432000000000013,-17.612000000000016
42.592000000000006,29.043999999999983
-17.15200000000001,24.363999999999987
-1.4960000000000084,-44.23600000000001
0.42799999999998395,21.052000000000003
-11.568000000000001,-47.804
2.299999999999991,19.81599999999999
14.192000000000004,10.803999999999991
-17.527999999999988,-2.6040000000000063
18.344000000000005,-19.584000000000003
41.408,-24.992000000000015
-42.66,-8.244000000000007
42.640000000000015,37.827999999999975
33.9,37.32799999999998
38.707999999999984,6.335999999999986
-4.356000000000004,3.820000000000001
-33.072,23.936
-31.556000000000004,29.39999999999998
-20.88,-24.048000000000002
-30.912000000000006,20.412000000000006
23.492,-22.496000000000016
0.26399999999999757,-38.47600000000001
19.072,20.424
-19.087999999999994,17.519999999999982
50.215999999999994,19.711999999999996
-27.627999999999997,28.05199999999999
1.1720000000000175,-20.81200000000002
18.240000000000013,-33.84800000000001
-10.820000000000007,-16.51600000000001
12.124000000000002,8.643999999999984
26.847999999999985,-18.328
30.824000000000005,-35.484
8.383999999999991,-21.38000000000001
22.76,-13.380000000000013
-16.55200000000001,-9.836000000000011
21.316000000000003,-16.98400000000001
36.13600000000001,46.40399999999998
28.336000000000006,-21.388000000000005
1.0320000000000107,-46.85600000000001
13.863999999999987,-13.096000000000007
-55.48800000000001,-6.912000000000007
-30.823999999999995,35.05199999999999
-55.58,-8.41200000000002
13.467999999999991,63.195999999999984
4.027999999999987,12.347999999999981
35.148,38.219999999999985
-23.227999999999994,3.391999999999995
31.635999999999996,-15.312000000000015
-41.428,7.6160000000000005
35.86799999999999,21.859999999999992
10.528000000000004,14.812000000000003
-39.64399999999999,3.2039999999999846
-40.356,15.54
-19.563999999999993,15.643999999999991
-23.16799999999999,-19.88000000000001
-0.18799999999998818,14.772000000000007
25.703999999999994,-18.01600000000001
-5.603999999999987,-36.680000000000014
-1.9120000000000026,-0.5720000000000169
22.063999999999993,-34.06000000000001
31.82400000000001,11.86799999999999
33.33200000000001,-23.548000000000002
-26.492000000000004,-16.360000000000007
15.515999999999996,-26.468000000000014
54.59200000000002,33.879999999999995
-28.036000000000005,25.679999999999993
-22.976000000000006,22.427999999999983
-47.57600000000001,-1.7160000000000064
-53.952,9.947999999999979
24.412000000000013,-39.548000000000016
41.388000000000005,17.711999999999996
29.020000000000003,-24.568
-36.36799999999999,23.383999999999983
-10.732000000000008,-32.50000000000001
-53.24399999999999,2.5760000000000005
33.748,6.879999999999997
15.139999999999997,17.94399999999998
-19.363999999999994,-12.307999999999996
35.988,2.6920000000000055
-57.156000000000006,-19.232000000000017
2.6839999999999975,20.291999999999998
-6.000000000000005,-35.204
51.672000000000004,6.1960000000000015
-6.440000000000001,3.3760000000000012
-21.827999999999992,-42.756000000000014
32.455999999999996,17.291999999999994
14.684000000000008,-42.24000000000001
24.696000000000005,0.5039999999999933
-29.296,-8.376000000000017
-40.408,-11.852000000000018
3.292000000000006,26.59199999999999
9.363999999999994,-46.84800000000001
-18.300000000000004,29.91999999999999
48.35599999999998,28.115999999999985
23.940000000000005,-19.28000000000001
14.860000000000007,46.45599999999999
20.272000000000002,17.296
-45.416000000000004,-5.9960000000000235
-40.0,0.18799999999998818
27.235999999999994,-11.084000000000005
42.559999999999995,21.099999999999987
-5.875999999999992,21.995999999999995
-34.608,5.071999999999988
-8.243999999999986,-28.200000000000014
23.792000000000012,29.69599999999999
-42.388000000000005,-26.416000000000018
-26.412000000000003,-8.724000000000009
-25.956000000000003,-15.340000000000009
-16.959999999999997,19.276000000000003
24.07999999999999,46.623999999999974
-45.31999999999999,-22.752000000000017
-26.467999999999993,-32.07200000000001
-11.295999999999996,22.63599999999999
16.28799999999999,-37.924
-23.332000000000008,14.691999999999993
24.120000000000008,-3.068000000000004
-1.1360000000000037,16.04399999999999
6.776000000000004,-2.660000000000018
-50.328,18.872
-29.80799999999999,20.78399999999998
28.903999999999996,60.964
36.68799999999999,-33.116000000000014
39.44799999999999,-29.10800000000001
45.81599999999999,42.70799999999999
-38.44,-32.85600000000001
-42.576,-23.97600000000001
41.452,-1.5640000000000098
10.831999999999997,6.10799999999998
-54.19199999999999,-14.660000000000007
-9.043999999999986,29.69599999999999
51.13599999999998,0.9319999999999995
-35.608,-19.32400000000001
26.512,46.57599999999999
-45.967999999999996,-25.912000000000013
-30.90799999999999,25.85599999999999
-21.267999999999986,-12.292000000000014
13.867999999999991,9.236
8.423999999999987,-14.844000000000001
11.304000000000002,-18.240000000000013
-41.576,-29.81600000000001
33.69200000000001,14.123999999999981
9.183999999999992,-39.24000000000001
-19.252000000000002,-41.992000000000004
48.280000000000015,7.972000000000001
2.6799999999999935,15.263999999999989
-23.783999999999995,-0.31200000000002337
30.212000000000018,26.732
28.84,64.22799999999998
41.44399999999999,11.179999999999989
-11.35600000000001,16.58799999999998
-9.28,-32.67200000000001
4.519999999999991,-12.020000000000008
-4.576000000000002,25.72399999999999
-13.272000000000016,6.932000000000005
-45.46399999999999,17.043999999999993
-8.811999999999998,16.13199999999999
-14.556000000000013,-27.104000000000006
31.844000000000005,-9.61200000000002
34.18399999999999,19.296000000000003
-30.284,16.727999999999987
31.143999999999995,-18.012000000000018
12.22399999999999,25.659999999999993
16.66399999999999,25.795999999999996
17.147999999999985,61.73599999999997
-35.356,-11.352000000000018
21.016000000000012,16.311999999999994
1.1439999999999895,-10.784000000000004
-13.683999999999985,26.56799999999999
-32.24399999999999,21.80399999999998
0.6839999999999957,-11.980000000000013
-25.707999999999988,34.972
2.6720000000000077,-6.812000000000018
-33.156000000000006,-2.0160000000000178
41.276,44.18799999999998
24.336000000000002,58.87199999999999
-9.323999999999998,12.347999999999981
15.312000000000015,-2.8320000000000123
3.9120000000000044,-34.732000000000006
-8.023999999999987,-23.048000000000002
40.656000000000006,-16.77200000000002
32.800000000000004,47.352
35.836,13.47999999999998
19.364000000000004,-23.184000000000005
40.32,33.04799999999999
-38.428,-23.852000000000018
21.584000000000003,-39.744
-18.856000000000005,-5.323999999999995
20.14,39.792
-42.779999999999994,14.695999999999998
-22.51200000000001,27.752
-14.267999999999992,-23.204
24.027999999999984,-22.287999999999997
-2.499999999999991,-8.544000000000008
-56.08800000000001,-15.904000000000007
-7.432000000000016,25.872000000000007
-6.227999999999989,5.319999999999991
-33.704,-13.468000000000002
24.612000000000013,-21.828000000000003
-23.724,-9.72400000000001
-22.43200000000001,-14.184000000000008
-28.02,-15.556000000000015
44.472,13.856000000000002
14.803999999999995,60.16799999999998
-15.219999999999988,-2.524000000000015
17.579999999999995,62.83999999999998
4.5479999999999965,-21.056000000000008
-20.372,33.85199999999999
30.367999999999995,2.732000000000001
-7.899999999999996,-11.624
43.232000000000006,-15.968000000000004
-8.207999999999993,-5.552000000000024
13.956000000000014,17.267999999999994
38.144,7.159999999999989
-43.767999999999994,29.535999999999984
47.12400000000001,11.132000000000009
-10.996000000000006,-46.76800000000001
20.907999999999994,10.152000000000005
-34.65200000000001,16.10799999999999
29.435999999999996,10.683999999999983
-2.8799999999999937,-23.352000000000018
7.675999999999994,53.81199999999999
-41.852000000000004,4.132000000000002
-13.02399999999999,23.143999999999988
-14.179999999999993,29.492000000000008
-9.207999999999995,-38.49600000000001
7.356000000000007,-39.56800000000001
31.512000000000008,8.172
11.616000000000003,-30.768000000000008
30.04,24.756
44.940000000000005,39.80799999999998
27.652000000000008,13.295999999999996
-45.336,-16.964000000000002
27.595999999999997,2.2239999999999815
-53.016000000000005,5.352000000000001
38.1,-28.872000000000007
-17.604,19.212000000000007
-16.944000000000003,-8.884000000000004
37.808,-16.208
25.856000000000012,-21.49200000000001
-28.800000000000004,-13.684000000000008
-6.936000000000009,14.32
39.7,14.471999999999996
13.060000000000006,-19.924000000000007
-47.696000000000005,-17.156000000000017
25.039999999999996,47.443999999999996
-1.32000000000001,-7.007999999999992
22.476000000000006,65.71199999999999
14.416000000000007,16.691999999999997
-21.307999999999993,1.1039999999999939
-41.556000000000004,-11.260000000000014
-10.431999999999997,-17.05200000000001
11.787999999999998,-13.304000000000006
-10.436,-29.00800000000001
-35.943999999999996,-14.812000000000014
20.66000000000001,12.287999999999988
5.8760000000000145,-11.608000000000008
40.84000000000001,39.58799999999998
-33.11999999999999,31.216
22.476000000000006,53.65199999999999
36.08,-12.532000000000021
-20.587999999999994,-8.644000000000007
-12.924000000000003,23.652000000000008
-7.02799999999999,-45.59600000000002
-25.964,-16.616000000000007
29.04,7.783999999999991
32.03200000000002,18.427999999999976
-40.956,-16.192000000000018
15.372000000000007,65.984
38.82000000000001,-27.78400000000001
-24.263999999999996,12.399999999999988
49.288,28.183999999999987
36.959999999999994,43.61200000000001
45.80400000000002,32.172
-44.88399999999999,-29.212000000000003
-19.052000000000003,-15.072000000000019
39.947999999999986,-1.8360000000000154
18.184,-20.708000000000006
-22.892000000000003,-19.356000000000016
-21.276000000000007,-14.140000000000008
-32.568,24.331999999999997
-39.24399999999999,20.252000000000002
-20.59200000000001,-19.364000000000004
-18.332000000000015,-6.496000000000013
-48.092,24.351999999999997
-18.932000000000016,-7.7360000000000095
34.256,6.1839999999999895
48.05599999999999,8.707999999999982
13.515999999999995,-51.356000000000016
24.844,63.039999999999985
28.604000000000006,-9.764000000000006
23.516000000000005,-15.104000000000006
-26.347999999999992,-10.376000000000008
-9.95999999999999,-45.09600000000001
15.383999999999997,-16.32000000000001
-38.82,-14.832000000000011
24.107999999999997,-47.84400000000001
8.899999999999997,-7.512000000000008
-39.872,13.507999999999987
47.120000000000005,-12.97600000000001
8.255999999999997,-25.748000000000005
14.156000000000013,-46.66400000000001
23.036000000000012,-6.868000000000007
-34.199999999999996,18.435999999999986
22.692,54.132000000000005
51.67599999999999,16.58799999999998
-19.507999999999992,-24.916000000000015
-9.383999999999993,-33.58800000000001
-40.668000000000006,-13.35200000000002
50.335999999999984,5.391999999999997
6.143999999999994,43.204
-50.971999999999994,18.443999999999996
23.552000000000017,-15.684000000000008
-7.7199999999999935,-36.90000000000001
22.439999999999994,-7.012000000000018
-24.639999999999993,21.94799999999999
4.123999999999994,13.095999999999997
-44.548,15.623999999999993
10.099999999999998,-23.740000000000006
-24.956,-3.7920000000000176
20.10399999999999,-46.99200000000001
23.280000000000012,-4.248000000000007
21.396000000000015,0.027999999999983594
34.18399999999999,-34.436000000000014
23.50399999999999,-5.428000000000011
-25.944,-17.180000000000007
-40.604,26.107999999999976
-59.744,16.096
10.183999999999994,15.347999999999985
-38.88,3.9039999999999964
38.73200000000001,4.3320000000000025
-27.516000000000005,-17.196000000000012
27.488,41.50799999999999
-18.867999999999995,-34.98800000000001
-26.244,35.436
41.91200000000001,12.199999999999989
46.70799999999999,5.387999999999993
28.42,5.532000000000004
-37.532,-29.112000000000005
-29.000000000000004,-21.444000000000006
47.760000000000005,26.86799999999998
-54.98,16.151999999999987
36.56399999999999,17.331999999999994
8.835999999999999,-44.952000000000005
-51.344,-22.787999999999997
29.25200000000001,-4.387999999999992
7.152000000000003,17.427999999999976
-56.316,-15.312000000000015
-40.91199999999999,-27.140000000000008
9.916000000000015,-11.084000000000005
-1.747999999999994,-19.440000000000012
9.492000000000012,-31.236000000000008
-43.572,2.9999999999999805
11.831999999999997,-39.18000000000001
19.37200000000001,13.539999999999996
4.0000000000000036,20.303999999999988
22.048000000000002,-41.20400000000001
4.2159999999999975,-20.504
18.399999999999995,46.644
39.75200000000001,1.303999999999994
20.120000000000005,-14.736000000000015
10.427999999999994,18.947999999999986
40.168000000000006,38.96799999999998
31.112000000000005,28.067999999999984
-39.91199999999999,-26.528000000000006
38.73600000000002,-0.012000000000012001
-17.764000000000003,31.279999999999998
36.163999999999994,-25.368000000000002
-55.684,10.559999999999992
8.928000000000003,-27.78400000000001
2.1320000000000006,-8.416000000000013
36.772000000000006,51.115999999999985
20.584000000000003,-34.104
-17.080000000000005,12.527999999999984
-35.716,1.9159999999999844
-36.56799999999999,-26.500000000000014
-6.292000000000009,-8.33600000000001
-48.27199999999999,11.667999999999989
51.49599999999999,24.043999999999976
-43.34,19.587999999999983
-19.08,-40.70400000000001
-35.852000000000004,-0.13600000000000279
24.836000000000013,6.591999999999998
8.992,-21.39200000000001
41.471999999999994,39.94399999999998
-47.648,-20.128
-46.024,-15.776000000000012
16.500000000000004,-33.620000000000005
29.667999999999985,-36.51600000000001
23.216000000000015,-0.9600000000000053
10.704000000000002,-21.564000000000007
-25.96799999999999,-8.292000000000021
-41.492,-23.93200000000002
5.947999999999998,15.271999999999997
-29.87200000000001,-2.9160000000000075
-33.76799999999999,-17.644000000000005
4.64,-49.724000000000004
43.59600000000001,19.81599999999999
22.552000000000017,13.895999999999997
-45.611999999999995,-7.860000000000012
13.759999999999994,16.056000000000004
-7.052000000000014,1.8959999999999866
46.23599999999999,-12.216000000000015
15.095999999999998,26.112000000000002
24.624000000000002,-31.888000000000016
-27.364,7.623999999999986
-55.452,-17.81600000000001
-1.2720000000000065,-8.78000000000001
-2.079999999999993,-34.264
26.552,-3.320000000000012
17.471999999999998,-45.668000000000006
-47.028000000000006,-1.6040000000000054
20.79200000000001,-1.9200000000000106
15.999999999999993,-46.52
32.444,22.160000000000004
-43.58,-21.704
-25.776,-32.23600000000001
-50.54,-6.576000000000004
-1.6120000000000134,-43.336000000000006
11.559999999999992,-32.54000000000001
-25.392000000000003,-2.7920000000000167
-29.032000000000004,-11.672000000000015
47.00799999999998,19.619999999999994
-27.05200000000001,21.151999999999994
-3.0079999999999885,-12.172000000000017
37.08799999999999,39.43999999999998
6.812000000000018,13.675999999999998
-27.767999999999994,-24.44400000000001
16.24000000000001,4.403999999999986
46.78400000000003,31.667999999999985
36.84799999999999,-31.08000000000001
-28.092000000000006,-16.668000000000006
-41.364000000000004,1.4679999999999804
10.452000000000016,21.97199999999999
-8.756000000000007,-20.640000000000015
19.472,38.11199999999999
8.308000000000003,-51.58400000000001
48.94400000000001,-0.7120000000000237
-21.299999999999997,9.707999999999984
-44.391999999999996,16.779999999999994
-12.935999999999993,-27.09600000000001
-7.996000000000003,27.371999999999996
39.168000000000006,42.26399999999999
-4.264000000000001,-16.192000000000018
29.412000000000017,37.71199999999999
-40.379999999999995,29.003999999999984
0.5959999999999965,19.212000000000007
6.024000000000007,-35.296000000000014
26.72000000000001,-4.567999999999994
30.832000000000015,-29.588000000000015
30.736000000000008,-28.756000000000014
38.983999999999995,40.08399999999999
17.456000000000003,-13.760000000000005
21.972000000000016,-29.08400000000001
4.11999999999999,9.919999999999995
47.85999999999999,36.34399999999998
-41.11600000000001,-30.148000000000007
-46.099999999999994,-0.19200000000001438
33.24400000000001,52.46399999999998
-1.8520000000000092,-31.36000000000001
13.183999999999996,-9.548000000000002
-27.823999999999995,35.40799999999997
7.275999999999994,-52.172000000000004
-5.96000000000001,-19.86000000000001
11.143999999999998,21.387999999999984
0.35600000000000076,20.019999999999992
-15.436000000000005,-34.16400000000001
-46.519999999999996,-20.156000000000006
-24.00399999999999,9.192
19.316,46.93999999999998
-0.9239999999999915,-38.65200000000001
31.732000000000006,-42.58400000000001
31.576000000000004,-43.640000000000015
-23.9,-39.856000000000016
-12.539999999999996,17.32799999999999
-51.391999999999996,-2.7800000000000047
35.31999999999999,56.032
-47.424,26.427999999999983
0.40000000000000036,-45.032000000000004
-37.096000000000004,-8.608000000000004
5.783999999999989,-12.668000000000001
20.624,25.827999999999985
-0.5920000000000147,21.083999999999993
-24.580000000000002,8.583999999999993
30.679999999999996,57.86799999999999
-9.152000000000005,-32.03600000000001
-23.739999999999995,14.259999999999984
52.94799999999999,7.479999999999998
15.212000000000003,-48.672000000000004
-34.955999999999996,-5.244000000000004
52.47599999999999,12.915999999999993
-28.492000000000004,25.24399999999998
26.187999999999988,49.55199999999999
-49.456,16.755999999999993
-42.396,28.047999999999984
-49.37199999999999,-18.568000000000005
29.532000000000004,-11.408000000000007
-10.607999999999995,21.815999999999992
-41.86,-26.540000000000006
30.215999999999998,7.543999999999995
-14.956000000000014,1.7879999999999896
7.18399999999999,-46.732000000000006
-43.91199999999999,2.6879999999999793
21.744000000000007,53.627999999999986
28.767999999999994,-43.14800000000001
25.444,49.09999999999999
46.156,22.536
3.7920000000000176,-25.288
-50.39600000000001,26.176
-31.132000000000005,-32.796000000000014
48.839999999999996,31.675999999999995
51.53599999999998,25.263999999999996
-18.256000000000007,33.18399999999999
17.467999999999996,-27.328000000000007
-8.043999999999984,-21.204
17.247999999999998,-8.056000000000008
-8.42799999999999,22.232000000000006
-13.860000000000007,-39.500000000000014
-35.436,17.876000000000005
29.647999999999985,6.4159999999999995
18.599999999999994,-34.31200000000001
34.084,34.17599999999999
-33.644,33.68799999999999
-53.64,20.111999999999995
-10.640000000000004,-10.896000000000017
-21.040000000000003,26.759999999999984
32.616,35.72799999999998
6.516000000000011,31.211999999999996
40.339999999999996,12.379999999999992
42.087999999999994,-14.360000000000007
40.388000000000005,19.175999999999995
-35.892,-16.952000000000012
-11.00000000000001,10.911999999999988
5.20799999999999,-27.140000000000008
25.036000000000016,-20.41200000000002
-50.980000000000004,21.74799999999999
-17.423999999999996,-18.26000000000001
-13.24399999999999,-32.38000000000001
29.844000000000005,27.61199999999999
15.251999999999999,-38.89600000000001
-10.192,-11.94400000000001
-17.176000000000013,16.58799999999998
28.303999999999995,-10.344000000000008
26.27600000000001,-32.67200000000001
36.707999999999984,18.267999999999972
4.919999999999991,-45.09600000000001
52.54400000000001,29.179999999999986
-8.591999999999999,-7.232000000000016
-8.332000000000006,12.752000000000008
12.724000000000002,-21.836000000000013
32.519999999999996,16.543999999999983
-14.92,5.05199999999999
-19.343999999999994,-8.580000000000009
34.00000000000001,24.387999999999987
43.77600000000002,-8.42400000000001
17.324000000000005,42.696
54.815999999999974,1.6759999999999886
-50.44,0.20799999999998597
41.68399999999999,-11.328000000000005
-50.236000000000004,24.655999999999988
-3.4359999999999946,-8.92400000000001
39.04399999999999,-25.688
-15.100000000000001,1.1120000000000019
-17.347999999999985,-45.42400000000001
29.892000000000007,46.77199999999999
45.395999999999994,-12.868000000000002
-57.983999999999995,-2.636000000000016
33.912000000000006,51.83199999999999
-11.836000000000002,-2.648000000000006
17.700000000000003,-4.876000000000014
14.388000000000002,-24.548000000000002
-8.372000000000002,-33.14800000000001
11.095999999999995,-6.1000000000000165
1.1319999999999997,-41.868000000000016
2.540000000000009,-44.72400000000001
50.42,24.756
-47.128,13.88799999999999
41.37200000000001,12.51199999999999
22.036000000000012,31.191999999999997
15.376000000000012,57.611999999999995
9.000000000000007,-16.960000000000008
15.827999999999998,-12.972000000000017
-21.019999999999996,-22.972000000000016
-30.320000000000004,-1.0040000000000049
-27.42,-37.672000000000004
-14.539999999999997,-38.660000000000004
-40.852,-1.432000000000011
22.92399999999999,-5.332000000000026
29.492000000000008,-2.644000000000002
30.44,36.707999999999984
-53.788000000000004,7.635999999999998
-51.132,-29.23600000000002
-1.8199999999999994,-39.172000000000004
11.631999999999998,-46.140000000000015
16.147999999999985,13.883999999999986
-46.776,-18.576000000000015
-6.552000000000002,28.139999999999986
37.559999999999995,-24.856000000000012
-50.212,-7.268000000000008
12.527999999999984,-0.6000000000000005
11.532000000000009,-11.468
8.104,22.67999999999999
36.26799999999999,-10.44400000000001
32.31600000000001,-35.46800000000001
-30.699999999999996,12.563999999999997
-20.172,-3.520000000000012
-19.85600000000001,2.1279999999999744
29.888000000000005,13.77599999999999
28.927999999999997,8.467999999999986
24.092000000000002,-7.420000000000004
-8.007999999999992,-12.87600000000001
9.51200000000001,28.695999999999987
29.123999999999995,20.57199999999999
-2.1120000000000028,-1.216000000000017
40.31200000000001,28.596
48.41599999999999,41.48399999999999
8.736000000000011,2.3760000000000003
3.5800000000000054,-36.116000000000014
26.54399999999999,9.016000000000002
-51.827999999999996,-20.18000000000001
-0.42400000000000215,5.659999999999998
10.607999999999995,-12.528000000000006
19.564000000000004,65.57599999999996
27.127999999999997,-7.116000000000011
-27.380000000000003,0.36399999999998656
42.672,-5.044000000000004
42.26399999999999,-11.53200000000002
23.604000000000003,-28.12000000000001
-53.164,16.09999999999998
3.4440000000000026,4.831999999999992
37.53200000000001,-18.164
-0.024000000000001798,-27.05200000000001
44.112000000000016,-11.352000000000018
29.523999999999994,2.9839999999999867
20.732000000000017,-14.508
16.592000000000006,-46.572
-15.271999999999997,25.81199999999999
41.896,36.84799999999999
-16.06000000000001,2.7039999999999953
-51.12,-22.220000000000006
-50.78,-25.076000000000008
-51.275999999999996,5.363999999999991
-25.563999999999997,-26.224000000000004
-25.444,-3.4640000000000004
45.608000000000004,28.263999999999978
-19.267999999999997,-16.427999999999997
-14.719999999999999,21.632000000000005
-3.49600000000001,-39.74000000000001
28.635999999999996,14.355999999999991
21.187999999999985,61.29599999999997
43.379999999999995,42.71999999999998
6.832000000000016,-46.21200000000001
18.167999999999985,14.923999999999982
-10.231999999999996,23.02799999999998
50.492000000000004,31.68799999999998
45.955999999999996,28.803999999999984
-54.556000000000004,-8.532000000000018
14.056000000000001,8.687999999999985
-42.98800000000001,-20.712000000000018
-23.727999999999994,2.263999999999977
8.55999999999999,-35.440000000000005
17.843999999999994,-45.188
29.356000000000005,2.3399999999999865
-9.952000000000005,24.82799999999998
-28.732000000000003,-27.32000000000001
4.503999999999997,-32.168000000000006
20.144000000000005,-28.924000000000007
28.17200000000002,47.727999999999994
22.016000000000012,-21.62400000000001
39.15600000000001,-8.616000000000012
21.387999999999984,-22.608000000000004
-31.72799999999999,13.592000000000004
-23.54799999999999,-3.1320000000000237
-53.264,3.059999999999996
20.99200000000001,-3.0120000000000147
-25.092000000000002,14.33199999999999
-6.923999999999997,0.6319999999999881
21.492,45.74799999999999
0.7879999999999887,-1.3920000000000154
-19.052000000000003,17.09999999999998
17.135999999999996,65.652
-2.432000000000012,-14.556000000000013
44.98,2.6879999999999793
15.083999999999985,-28.476000000000013
-45.536,-14.744000000000002
1.980000000000004,-43.140000000000015
17.10799999999999,55.772
19.14,5.783999999999989
-37.864,3.735999999999984
0.41200000000001236,-47.12400000000001
-40.852,23.867999999999977
-10.431999999999997,24.475999999999985
-37.71600000000001,17.103999999999985
19.752000000000013,-3.8920000000000066
34.388,-13.272000000000016
2.2079999999999878,-0.8760000000000101
11.816000000000004,-40.38400000000001
38.832,34.792
24.896000000000008,-3.747999999999996
21.564000000000007,-21.81200000000002
-25.816000000000006,-35.404
18.428,-38.616000000000014
-22.596000000000004,-20.004000000000012
-41.724,18.203999999999997
30.044000000000004,37.86399999999999
27.656000000000013,-31.692000000000007
54.29599999999999,13.475999999999999
42.41999999999999,-20.616000000000014
53.87200000000001,23.892000000000003
30.492000000000008,15.799999999999992
34.592,37.98799999999998
36.09200000000001,-1.3640000000000096
-31.223999999999997,-8.204
39.676,16.999999999999993
48.924000000000014,23.599999999999998
-7.216,-49.34400000000001
-21.316000000000003,14.679999999999982
35.084,-18.30400000000001
39.15600000000001,19.59599999999999
14.495999999999999,25.327999999999975
16.232000000000003,-5.07200000000001
18.37200000000001,-40.980000000000004
-52.16,0.08399999999999519
25.17200000000002,29.63199999999999
-39.43600000000001,-15.87200000000002
-20.59200000000001,19.799999999999997
-5.552000000000001,23.292
-18.132000000000016,-3.6880000000000024
29.62,24.391999999999992
41.467999999999996,25.12799999999997
30.40799999999999,-25.636000000000013
-17.54,17.79200000000001
-23.099999999999998,7.843999999999984
-1.5639999999999876,0.06799999999997919
-45.49999999999999,2.6720000000000077
-20.58,21.62799999999998
-44.120000000000005,-12.520000000000008
0.28399999999999537,-16.028
14.016000000000005,13.671999999999995
22.195999999999994,56.49200000000001
-7.919999999999994,-17.89600000000001
1.3360000000000039,-37.256000000000014
-32.22799999999999,-33.32400000000001
-22.43200000000001,11.711999999999989
16.208,48.32399999999999
-16.915999999999997,-36.26400000000001
-53.372,-20.267999999999997
4.719999999999991,15.18799999999998
39.968,0.38399999999998435
7.055999999999996,6.816
38.72799999999999,-9.58000000000001
-11.475999999999997,-11.824000000000002
-28.359999999999996,9.427999999999992
42.071999999999996,1.1560000000000015
17.86399999999999,-22.65600000000001
-7.075999999999993,25.35999999999998
-50.816,-13.128000000000007
-31.532000000000004,22.963999999999984
29.64,39.42399999999999
13.616000000000007,5.431999999999992
-54.348,-15.216000000000008
-28.60799999999999,-0.23200000000000998
-37.528000000000006,-8.272000000000013
-24.252000000000006,26.82
2.312000000000003,6.459999999999999
45.79200000000001,-7.708000000000004
-52.064,20.791999999999987
37.05200000000002,-1.5840000000000076
-29.952,-38.76400000000001
-37.328,-34.45600000000001
44.14799999999999,0.12399999999999078
20.10399999999999,-2.6120000000000143
25.584000000000007,-36.74800000000001
-15.04399999999999,-42.17200000000001
-50.812000000000005,-0.6000000000000005
29.059999999999995,38.15200000000001
-22.892000000000003,11.24799999999999
-4.932000000000003,18.39599999999999
13.02000000000001,-49.45600000000001
-32.732000000000006,-2.288000000000001
28.452000000000012,7.583999999999991
-41.808,16.64399999999999
52.82400000000003,24.191999999999993
-8.235999999999999,-14.444
-8.576000000000006,17.867999999999974
-28.54399999999999,35.19999999999999
25.059999999999995,52.23599999999999
-14.403999999999995,-14.384000000000007
-50.571999999999996,3.756000000000004
-8.432000000000016,19.703999999999986
-16.680000000000007,21.287999999999975
16.447999999999997,-11.004000000000003
24.204000000000004,-0.6800000000000139
23.41200000000001,15.883999999999986
-21.996000000000006,-1.2800000000000145
39.827999999999996,-2.4839999999999973
52.115999999999985,33.80799999999999
-48.88399999999999,-22.300000000000008
-29.24,-22.296000000000017
-6.38399999999999,13.972000000000007
-22.196000000000005,-13.12000000000001
-36.58799999999999,27.107999999999976
-21.98,31.49599999999999
35.42399999999999,-30.308000000000014
-28.156000000000002,-4.356000000000004
-46.74,27.675999999999988
-29.123999999999995,-9.696000000000016
22.555999999999997,-29.868000000000006
-24.916000000000004,-17.088000000000005
-51.38399999999999,-4.264000000000001
29.56399999999999,-32.932
-53.152,3.595999999999999
1.6079999999999872,5.779999999999985
-43.46,-26.316000000000017
45.239999999999995,-10.712000000000021
36.5,-20.244000000000007
45.540000000000006,6.263999999999981
34.275999999999996,-34.952000000000005
-53.284,14.615999999999985
8.800000000000008,12.843999999999989
-59.151999999999994,-1.9200000000000106
36.78399999999999,-0.5720000000000169
-56.728,-5.844000000000005
23.839999999999996,-18.276000000000014
40.144000000000005,2.3760000000000003
-29.436000000000007,21.187999999999985
-10.719999999999995,-20.33600000000001
-27.987999999999992,-34.948000000000015
-54.94799999999999,7.463999999999982
-11.655999999999999,20.655999999999985
-5.620000000000003,-0.9240000000000137
-43.572,-26.82000000000001
44.28399999999999,1.0439999999999783
-15.471999999999998,-1.307999999999998
9.783999999999992,-30.712000000000007
45.08400000000001,38.731999999999985
30.348,50.46799999999998
-5.259999999999998,-28.464
34.496000000000016,19.603999999999978
20.775999999999996,62.00400000000001
-29.423999999999996,19.092
27.395999999999997,-1.2320000000000109
17.836000000000006,44.43999999999999
-38.82,-12.368000000000002
-14.944000000000003,23.912
-24.5,1.287999999999978
-9.216000000000001,-43.800000000000004
-20.604,-8.128000000000002
-49.536,-7.056000000000018
-13.187999999999999,-28.216000000000008
-35.099999999999994,-24.34400000000001
-45.75600000000001,8.512000000000008
-3.2440000000000024,24.136000000000003
-36.7,-9.032000000000018
27.892000000000007,-22.296000000000017
-28.132,31.075999999999993
12.33200000000001,-38.172000000000004
22.116000000000003,34.92799999999998
22.812000000000012,-4.656000000000016
16.896,58.235999999999976
-31.66,-32.55600000000002
-39.38,-28.004000000000005
-47.78,7.767999999999975
33.412,56.77999999999999
45.419999999999995,-3.0040000000000067
14.572000000000006,-25.004000000000005
30.455999999999996,-39.45200000000001
45.387999999999984,17.691999999999997
13.847999999999994,10.372000000000003
-40.403999999999996,-9.467999999999998
1.8040000000000056,9.407999999999994
-33.044,-10.068
39.692000000000014,-8.312000000000019
5.327999999999999,-29.74000000000001
-11.299999999999999,-5.04
-10.132000000000009,-8.492000000000022
-21.736,-15.588000000000001
-18.81600000000001,22.79199999999999
-36.72399999999999,1.6159999999999952
-7.284000000000002,11.792000000000002
37.692000000000014,21.232000000000006
15.232000000000001,46.916000000000004
-20.832000000000008,34.94799999999998
32.879999999999995,24.171999999999993
51.12000000000001,23.087999999999976
-14.008,12.35599999999999
-41.67999999999999,27.312000000000005
-5.319999999999991,28.651999999999987
46.83999999999999,13.175999999999988
-10.260000000000002,-13.704000000000004
34.35600000000001,-26.628000000000007
-43.35600000000001,-11.664000000000009
-30.279999999999994,35.29599999999999
-4.136000000000006,-12.55200000000002
-29.115999999999996,14.707999999999988
49.515999999999984,10.44799999999999
21.940000000000005,-3.3400000000000096
-8.235999999999999,-6.080000000000019
24.696000000000005,2.0039999999999836
-17.432000000000002,-38.53200000000001
-53.196,11.419999999999986
-13.579999999999991,-18.65200000000001
-15.39600000000001,-36.26000000000001
19.680000000000007,-2.980000000000005
44.30399999999999,-5.176000000000003
0.25999999999999357,-21.448
48.85599999999999,21.867999999999977
28.05200000000001,17.456000000000003
53.540000000000006,23.336000000000002
22.663999999999994,-38.53200000000001
16.356000000000016,-42.51200000000001
31.08,-7.908000000000004
51.416,23.499999999999986
21.043999999999997,-36.63600000000001
-50.988,4.887999999999981
-38.995999999999995,-29.68400000000001
-38.391999999999996,-16.404000000000007
-44.331999999999994,23.54799999999999
30.576000000000004,46.135999999999996
-17.06399999999999,33.147999999999975
27.864,-12.616000000000016
-0.23599999999999177,-9.008000000000004
-38.708,11.427999999999994
-53.676,-5.520000000000014
32.152,28.615999999999996
50.56799999999999,-4.703999999999997
15.147999999999984,-48.06400000000001
-48.199999999999996,2.503999999999995
33.264,-32.412000000000006
-30.68799999999999,-19.632000000000016
6.215999999999999,10.592000000000002
34.04799999999999,-36.08800000000001
10.976000000000008,-2.3760000000000225
-35.62799999999999,-10.904000000000003
1.3479999999999936,-17.964000000000002
-26.303999999999995,32.772
11.256,59.232
46.687999999999995,37.50799999999999
-4.903999999999997,-27.168000000000013
1.3360000000000039,-16.50400000000001
-27.42,16.915999999999997
-17.096,10.227999999999993
16.199999999999992,-44.684000000000005
-49.968,-6.672000000000011
31.16000000000001,-21.48000000000001
-10.836000000000002,-38.78800000000001
33.60000000000001,39.88799999999999
-36.036,-33.44400000000001
-41.82,4.84
-1.419999999999999,-23.568
10.20399999999999,-21.128000000000004
22.868,-34.56400000000001
-30.356000000000005,34.744
44.296,25.347999999999992
14.963999999999999,-14.960000000000006
-31.799999999999994,-11.23200000000002
29.103999999999996,-15.404000000000007
-34.232000000000006,25.447999999999983
4.692000000000007,-3.49600000000001
-34.692000000000014,-13.848000000000004
33.176,16.272
-7.567999999999997,5.123999999999995
40.49200000000002,29.596
-31.176000000000002,-27.944000000000003
29.572,19.235999999999986
-40.111999999999995,-22.248
-2.835999999999994,-50.69200000000001
24.50399999999999,6.011999999999995
0.7319999999999993,-46.452000000000005
43.599999999999994,2.299999999999991
-44.572,-5.056000000000016
-21.640000000000004,-25.096000000000018
-27.727999999999998,-32.00800000000002
28.380000000000006,-8.464000000000006
21.567999999999987,-24.887999999999998
-35.116,-30.768000000000008
-12.212,-43.400000000000006
9.943999999999997,11.019999999999985
-49.612,24.312
12.812000000000001,63.29599999999998
20.616000000000014,19.591999999999988
16.927999999999987,-13.412000000000013
36.608,24.963999999999984
-9.183999999999992,-21.572000000000013
33.24,-35.128000000000014
38.000000000000014,-5.424000000000007
7.7360000000000095,-24.728000000000005
-32.20799999999999,-1.5800000000000036
-19.499999999999996,29.855999999999995
-47.80800000000001,14.731999999999989
37.992000000000004,46.435999999999986
19.32400000000001,-32.06000000000001
34.324,1.2839999999999963
-56.228,12.519999999999998
11.724,5.483999999999978
-48.50399999999999,23.107999999999972
30.459999999999997,-41.580000000000005
-16.66399999999999,-1.7520000000000202
-23.660000000000004,-27.256000000000014
0.07200000000000539,0.027999999999983594
31.503999999999998,16.720000000000002
-26.976,-22.016000000000012
0.5360000000000031,-14.316000000000017
-33.816,-20.62400000000001
-24.256,5.467999999999984
11.552000000000007,57.67599999999997
19.344000000000005,-8.91200000000002
-21.716,30.983999999999988
-52.38,-9.064000000000005
8.572000000000003,-22.884000000000004
27.936000000000007,0.28799999999997716
-33.55600000000001,17.10799999999999
-13.383999999999997,-21.968
53.367999999999995,30.61999999999998
13.495999999999997,14.04399999999999
19.320000000000004,54.772
-32.396,-20.164000000000005
-22.396000000000004,13.123999999999981
4.540000000000011,2.9919999999999947
38.42399999999999,-20.40400000000001
34.46,43.687999999999995
22.839999999999993,-7.496000000000014
41.988,2.847999999999984
-57.95600000000001,9.827999999999992
16.883999999999986,-21.42400000000001
-49.636,7.323999999999997
5.163999999999991,-13.644
14.856000000000002,-45.49200000000001
24.25999999999999,53.51999999999999
10.736000000000011,-41.14800000000001
17.01999999999999,36.964
-57.372,15.955999999999992
47.96799999999999,35.12
37.06799999999999,-21.38000000000001
-36.5,-34.308000000000014
19.263999999999992,10.036000000000001
-28.815999999999995,16.127999999999986
23.512,-41.824000000000005
-11.299999999999999,-14.044
12.307999999999986,-51.52000000000001
34.716000000000015,38.58799999999998
48.00799999999998,32.976000000000006
7.044000000000006,-20.508000000000003
-11.524000000000001,3.8639999999999786
27.536000000000005,-20.184
-4.847999999999986,-9.592000000000011
49.49599999999998,-4.283999999999999
3.6640000000000006,-1.9760000000000222
38.707999999999984,-6.228000000000011
-44.647999999999996,-27.004000000000005
-29.804,34.651999999999994
7.791999999999999,27.976
-17.676000000000002,18.667999999999974
25.32399999999999,37.94
6.492000000000009,-4.852000000000012
21.916000000000004,3.183999999999987
54.767999999999994,28.027999999999984
-28.932000000000002,6.352000000000002
-21.943999999999996,0.9120000000000017
31.523999999999997,-8.704
14.956000000000014,45.17199999999999
14.592000000000006,3.1360000000000054
-10.327999999999982,-23.94400000000001
4.212000000000016,-8.300000000000008
-10.667999999999989,29.499999999999993
1.1079999999999979,-31.940000000000012
4.424000000000006,6.127999999999978
23.311999999999998,-44.06000000000001
-11.460000000000004,14.283999999999985
23.076000000000008,-6.3080000000000025
-4.479999999999995,-34.388000000000005
8.312000000000008,-33.484
-19.020000000000003,-44.052
-31.404,-10.832000000000019
-36.684,10.611999999999998
30.415999999999997,-16.324000000000005
13.13200000000001,-25.49600000000001
-18.81600000000001,33.93200000000001
-53.752,-7.147999999999999
26.668000000000003,9.579999999999988
-17.77200000000001,-39.45600000000001
-40.588,-13.97600000000001
48.04400000000002,2.051999999999987
-11.315999999999992,-7.596000000000003
-40.276,11.563999999999997
-55.331999999999994,2.2439999999999793
-26.223999999999993,-28.300000000000015
-5.156000000000005,-7.132000000000027
16.556000000000015,8.811999999999998
27.804000000000006,-8.528000000000002
19.58,20.835999999999988
10.75600000000001,-46.26800000000001
-19.443999999999996,25.695999999999984
5.812000000000017,26.83199999999999
-22.952000000000005,0.8679999999999799
25.239999999999995,-45.34800000000001
51.83200000000001,11.647999999999993
-14.460000000000006,-25.96400000000001
24.607999999999986,-43.50000000000001
-42.443999999999996,13.535999999999992
-8.69200000000001,14.039999999999985
-12.431999999999999,-46.44000000000001
46.32799999999999,-13.004000000000005
4.308000000000001,-28.916000000000007
-51.10399999999999,22.43599999999999
-17.932000000000016,-17.324000000000005
9.507999999999983,-23.00000000000001
-4.699999999999993,-32.80400000000001
9.292000000000012,-12.00000000000001
-0.38399999999998435,-51.356000000000016
49.90000000000001,-7.716000000000012
-12.212,17.832000000000004
-25.152000000000008,36.471999999999994
-14.963999999999999,-0.36400000000000876
-0.6960000000000077,-19.967999999999996
27.683999999999997,15.30799999999999
12.623999999999992,-23.99200000000001
47.19599999999999,-7.288000000000006
-23.080000000000002,-15.04000000000001
-42.172,14.623999999999992
-7.504,17.256000000000004
5.576000000000003,4.847999999999986
-0.42400000000000215,-14.060000000000006
35.260000000000005,14.139999999999997
18.996000000000013,-5.816000000000021
12.1,-9.128000000000004
-26.439999999999998,31.68399999999998
-32.032000000000004,-9.416000000000013
-10.607999999999995,2.6799999999999935
17.54,4.583999999999988
13.536000000000016,15.415999999999986
28.192000000000018,-31.288000000000014
49.60400000000003,6.127999999999978
48.8,29.67599999999999
19.932000000000016,50.332
-13.579999999999991,-2.5120000000000253
13.315999999999995,51.81199999999999
-42.056000000000004,0.5279999999999729
13.739999999999997,57.53599999999999
-57.04,-1.432000000000011
27.34399999999999,-22.484000000000005
35.455999999999996,30.235999999999997
-53.64,-1.9560000000000022
-19.192000000000007,7.231999999999994
22.239999999999995,40.36799999999998
7.652000000000014,-48.768000000000015
13.332000000000011,28.25199999999999
-53.352,-10.020000000000007
24.331999999999997,26.139999999999986
-12.640000000000008,-39.19200000000001
22.92399999999999,-20.33600000000001
17.932000000000016,-27.636000000000017
1.0480000000000045,-5.352000000000023
6.672000000000011,1.6199999999999992
3.8120000000000154,-27.916000000000007
53.515999999999984,15.943999999999981
30.596,-25.100000000000012
-40.656000000000006,19.027999999999977
-16.764000000000003,-31.09600000000001
-20.172,33.26799999999999
-12.227999999999994,-31.04800000000001
-42.504,7.547999999999977
44.59600000000001,25.971999999999994
-47.660000000000004,-12.716000000000015
-43.96399999999999,-9.000000000000007
6.796000000000002,26.36799999999999
29.667999999999985,-22.668
-52.5,1.5560000000000018
8.772000000000002,3.2159999999999966
-40.31199999999999,-30.148000000000007
-28.903999999999996,-16.000000000000014
-23.444,1.7639999999999878
33.38399999999999,-28.544000000000004
-8.400000000000007,30.616
-42.408,-12.536000000000014
-56.39999999999999,13.319999999999999
-2.163999999999988,29.547999999999973
3.839999999999999,-29.064
10.675999999999997,-1.2800000000000145
-25.944,-19.808000000000003
-15.856000000000003,-4.432000000000014
-33.924,10.251999999999995
-21.592000000000013,-25.724000000000004
-50.568000000000005,-12.424000000000001
23.712,-43.592000000000006
-10.915999999999993,24.127999999999993
-1.747999999999994,-39.66400000000001
-44.74399999999999,25.063999999999997
28.224000000000004,-47.252
19.18799999999998,37.535999999999994
53.23200000000001,18.891999999999996
52.035999999999994,12.54799999999998
24.995999999999995,19.743999999999986
0.22799999999998377,4.379999999999984
-22.52799999999999,-33.496000000000016
-28.62,-4.747999999999997
-44.828,13.359999999999994
4.996,6.6319999999999935
-21.072000000000003,-27.912000000000003
25.859999999999992,-4.940000000000011
-49.416000000000004,-16.456000000000014
-9.323999999999998,-0.028000000000005798
39.356000000000016,30.323999999999995
30.400000000000006,8.792
21.711999999999996,8.043999999999984
-0.8159999999999945,-46.42000000000001
1.088,-12.472000000000016
-7.319999999999993,4.2159999999999975
-50.70399999999999,22.875999999999983
-38.571999999999996,-20.332000000000015
4.479999999999995,-8.867999999999999
12.892000000000014,-2.4680000000000035
-7.387999999999995,-18.080000000000005
23.555999999999997,-29.136000000000017
36.24799999999999,-26.024
29.932000000000002,-9.916000000000015
46.964000000000006,18.743999999999982
47.984,-11.44400000000001
-42.41199999999999,-33.264
23.436000000000014,-48.892
-37.08,-26.78800000000001
16.392000000000007,-9.02400000000001
18.676000000000002,66.94
-35.924,-9.972000000000014
-9.499999999999996,1.6799999999999926
0.9319999999999995,11.175999999999986
-4.7719999999999985,20.892
-28.876,-24.204000000000004
-46.68399999999999,22.183999999999983
42.008,11.532000000000009
21.196000000000016,-2.404000000000006
16.023999999999994,-29.74000000000001
-15.792000000000005,-46.51200000000001
-22.956,19.923999999999985
43.85600000000001,16.487999999999992
-51.81600000000001,-25.75600000000001
-46.88,-26.560000000000006
-36.136,32.55599999999998
-19.972,3.9120000000000044
-41.656000000000006,15.879999999999983
-54.872,-12.528000000000006
3.624000000000005,-14.76400000000001
16.70799999999999,13.372000000000007
-15.232000000000001,4.56399999999999
4.143999999999992,-17.24000000000001
-13.747999999999983,5.215999999999998
-15.060000000000006,12.595999999999986
40.42399999999999,57.044000000000004
8.047999999999988,-23.23600000000001
45.02400000000002,-8.080000000000009
19.66000000000001,-45.34000000000001
30.003999999999987,1.9560000000000022
-52.532000000000004,-6.859999999999999
-25.36799999999999,-17.456000000000017
-51.836000000000006,3.735999999999984
32.60000000000001,-29.644000000000005
55.07599999999999,28.615999999999996
-35.316,-10.072000000000013
7.583999999999991,-43.03600000000001
-15.359999999999996,-31.66000000000001
47.711999999999996,36.975999999999985
36.495999999999995,-14.332000000000011
25.995999999999995,66.69599999999998
-11.915999999999993,6.6319999999999935
-7.072000000000012,27.04399999999998
-23.263999999999996,22.875999999999983
27.38799999999999,-36.804
-15.924000000000005,-28.056000000000015
-56.716,-7.6200000000000045
17.127999999999986,66.604
-16.243999999999993,-42.62400000000001
6.928000000000001,4.596
1.3560000000000016,25.571999999999996
36.61600000000001,37.82399999999999
13.107999999999986,-33.86800000000001
-40.428,7.123999999999997
41.504000000000005,21.591999999999988
12.344,63.707999999999984
30.432000000000016,16.403999999999996
-10.24799999999999,17.872
42.736,38.836000000000006
-13.535999999999992,17.703999999999986
-41.343999999999994,-22.70000000000001
-26.419999999999998,30.335999999999984
21.823999999999998,-20.09200000000002
-29.467999999999993,25.087999999999976
-8.436,11.567999999999978
3.583999999999987,28.356
-31.712000000000007,1.8799999999999928
53.24799999999998,4.692000000000007
-56.208000000000006,6.043999999999983
-52.74399999999999,-20.956000000000007
-17.604,-32.12400000000001
21.407999999999983,-31.34800000000001
-45.656000000000006,-7.187999999999994
12.119999999999997,9.167999999999976
-26.556,3.48799999999998
8.064000000000004,-7.20400000000001
33.227999999999994,-12.50000000000001
43.332000000000015,-19.484
39.232,43.40799999999998
-7.872000000000012,1.183999999999985
-2.844000000000002,-23.887999999999998
-28.264,4.8679999999999835
15.667999999999992,27.84399999999998
-38.548,19.911999999999995
5.556000000000005,-26.724000000000004
1.2960000000000083,1.7599999999999838
-39.09199999999999,-22.596000000000018
-6.6359999999999975,-46.13600000000001
-29.003999999999998,-26.79600000000001
15.104000000000006,5.492000000000008
33.80399999999999,10.82399999999999
-18.772000000000013,-12.50000000000001
45.78,35.26799999999999
34.02399999999999,25.892000000000003
22.507999999999996,3.732000000000002
48.14000000000001,14.12
-39.964,1.4679999999999804
-24.272000000000006,16.28799999999999
3.1079999999999997,13.839999999999986
34.367999999999995,50.627999999999986
32.147999999999996,12.372000000000005
-8.907999999999983,-49.69600000000002
14.192000000000004,15.451999999999998
-36.29600000000001,21.039999999999992
31.088000000000005,41.14799999999998
-37.94800000000001,-19.200000000000006
-35.192,8.979999999999988
4.479999999999995,-41.364000000000004
-17.256000000000004,-0.22400000000000198
-12.719999999999999,-31.36000000000001
20.067999999999998,40.947999999999986
-37.583999999999996,-26.53200000000001
29.092000000000006,-11.684000000000005
32.919999999999995,16.95199999999999
-13.895999999999997,-9.352000000000016
-37.251999999999995,34.35599999999999
26.127999999999997,-37.14400000000001
10.943999999999999,-42.37600000000001
37.9,27.579999999999984
-14.935999999999993,-41.16000000000001
4.516000000000009,19.91999999999998
3.820000000000001,-32.78000000000001
-22.18,-29.056000000000015
28.12000000000001,-15.512000000000015
-36.49600000000001,-4.14000000000001
27.80799999999999,-46.96800000000001
41.48399999999999,56.08
-57.312,13.747999999999983
-19.563999999999993,6.355999999999984
2.85200000000001,19.61200000000001
-42.088,15.627999999999975
19.428,43.96
33.29200000000001,55.66399999999998
22.25999999999999,61.095999999999975
-37.62800000000001,-23.468
27.09999999999999,-31.680000000000007
-38.12399999999999,12.319999999999997
-53.956,-6.016000000000021
4.0000000000000036,16.379999999999995
14.256000000000002,-33.58000000000001
42.564,-10.960000000000015
-46.028000000000006,-11.13200000000002
34.855999999999995,10.519999999999996
37.32799999999998,10.575999999999986
2.072000000000007,-52.20800000000001
-10.715999999999992,-27.54000000000001
27.876000000000012,40.12
-19.907999999999994,27.932000000000002
10.196000000000005,-37.34
-8.772000000000002,-10.912000000000022
34.55999999999999,-28.920000000000012
-7.132000000000005,-32.79200000000001
12.148000000000003,-2.62
-42.93600000000001,26.863999999999976
2.6839999999999975,-24.39600000000002
0.38000000000000256,-47.98800000000001
39.284000000000006,55.02399999999999
-22.116000000000003,-42.092000000000006
-7.587999999999995,-29.752000000000013
18.267999999999994,18.992000000000008
-8.600000000000009,26.075999999999986
23.072000000000003,-49.36000000000001
-26.264,-25.23200000000002
-55.879999999999995,17.456000000000003
15.296,-8.52400000000001
10.343999999999998,-5.664000000000002
-49.431999999999995,-2.992000000000017
16.720000000000002,-28.24000000000001
-53.41600000000001,10.132000000000009
-23.875999999999998,35.15999999999999
-50.656,23.67999999999999
2.7160000000000073,-24.95200000000002
6.780000000000008,-1.776000000000022
25.78,-40.79600000000001
31.348,45.53999999999998
3.400000000000003,-6.1000000000000165
-9.04799999999999,-2.080000000000015
49.81200000000001,16.676000000000002
32.24,60.07199999999999
-4.356000000000004,1.6159999999999952
10.576000000000008,11.067999999999989
50.83599999999999,5.671999999999988
23.67600000000001,65.16799999999998
-3.5920000000000174,-12.412000000000011
-30.812000000000005,18.39599999999999
50.312,2.1320000000000006
-29.503999999999998,-39.32000000000001
37.42399999999999,-18.676000000000016
-3.807999999999989,-3.4760000000000124
-20.89200000000001,12.723999999999979
53.66400000000002,10.372000000000003
-33.46399999999999,21.059999999999988
-40.852,29.467999999999982
-20.08399999999999,-2.3640000000000105
32.25200000000002,-40.644000000000005
32.407999999999994,23.232000000000006
-26.923999999999992,-41.47200000000001
-30.596,-6.672000000000011
-18.355999999999995,-7.7840000000000025
-32.687999999999995,-27.524000000000004
-38.3,4.159999999999986
-10.899999999999999,27.951999999999998
-11.352000000000007,-10.160000000000014
-45.912,-23.384000000000004
-23.263999999999996,-7.224000000000008
-43.276,26.363999999999987
-24.339999999999996,-5.804000000000009
-20.296000000000003,-17.66000000000001
-26.244,-19.352000000000015
-32.903999999999996,-19.852000000000015
-16.755999999999993,-40.864
43.267999999999994,-10.068
24.54399999999999,12.819999999999986
-35.472,-4.8920000000000075
11.748000000000003,-37.93200000000001
51.019999999999996,12.239999999999984
11.376000000000008,-7.216000000000022
-1.4999999999999902,12.203999999999994
-25.587999999999987,32.275999999999996
-48.88399999999999,-15.484000000000009
29.940000000000012,60.80799999999997
-3.600000000000003,21.931999999999995
19.287999999999993,21.496000000000002
-24.196000000000005,6.292000000000009
-37.416000000000004,2.9360000000000053
35.5,-6.912000000000007
-31.443999999999996,0.6199999999999983
17.252000000000002,-22.896000000000015
-5.055999999999994,-1.1640000000000095
-50.444,19.443999999999996
-43.572,-7.360000000000011
-23.852000000000007,1.4239999999999808
-18.487999999999992,3.756000000000004
-7.807999999999993,-7.164000000000015
12.119999999999997,15.083999999999985
27.02,-30.068000000000005
5.252000000000012,-42.036000000000016
-50.79600000000001,-22.63600000000001
-32.424,15.955999999999992
8.240000000000002,-30.79200000000001
17.32,10.959999999999992
49.712,25.85599999999999
31.632000000000016,28.932000000000002
-16.967999999999982,-21.784000000000002
22.672000000000004,62.564
-37.5,15.323999999999982
19.784000000000002,-1.8480000000000052
8.487999999999985,16.311999999999994
-49.156,13.487999999999989
22.407999999999983,-31.744000000000007
46.83200000000001,24.587999999999987
4.047999999999985,17.88399999999999
-19.84799999999999,-5.703999999999998
-26.372000000000007,-39.66400000000001
41.72,34.32799999999998
27.932000000000002,-13.164000000000009
-31.116,27.42399999999998
15.364,27.072000000000006
9.684000000000005,-10.44400000000001
17.724000000000007,-12.544000000000011
18.808000000000003,47.167999999999985
8.416,-14.052000000000021
1.3879999999999892,4.576000000000002
4.796,3.532000000000002
15.788000000000002,65.65599999999998
-23.48,-32.20400000000001
-22.672000000000004,35.28
19.100000000000005,2.855999999999992
11.172000000000004,25.583999999999985
-48.56399999999999,24.635999999999992
-50.38,-2.848000000000006
-58.144,4.611999999999994
37.012,24.615999999999993
25.72000000000001,-6.36000000000001
22.98,-25.380000000000013
-58.07600000000001,14.207999999999977
-30.579999999999995,23.951999999999995
24.652000000000008,-0.028000000000005798
16.076,7.963999999999993
-24.396000000000008,-32.728000000000016
43.316,4.075999999999991
-28.027999999999984,-20.59200000000002
47.459999999999994,34.33999999999999
5.247999999999986,-38.27600000000001
-32.599999999999994,31.267999999999986
-31.499999999999993,7.527999999999979
37.10799999999998,23.531999999999996
31.667999999999985,-16.012000000000015
23.90000000000001,4.235999999999995
16.312000000000015,1.1519999999999975
20.123999999999988,19.272
-6.703999999999999,9.592
-4.16399999999999,4.787999999999992
20.452000000000005,28.44399999999998
17.876000000000005,12.812000000000001
8.572000000000003,-44.09600000000001
-23.66799999999999,-38.084
13.187999999999999,58.55200000000001
54.612000000000016,30.84
-28.456000000000003,-38.85200000000001
-7.743999999999995,-1.4160000000000172
38.06799999999999,55.75600000000001
45.35200000000002,-14.432000000000011
-28.464,-15.160000000000007
42.516,8.855999999999998
27.187999999999988,-17.12000000000001
24.272000000000006,39.74799999999998
35.94,-0.30799999999999716
-28.679999999999993,-40.848000000000006
7.007999999999992,-51.580000000000005
8.216000000000001,13.147999999999982
41.612,0.9519999999999973
-19.567999999999998,-14.06400000000001
52.279999999999994,38.676
-22.619999999999997,30.235999999999997
13.247999999999994,3.391999999999995
30.740000000000013,17.656000000000006
-4.5479999999999965,-29.09600000000001
-51.912000000000006,9.119999999999994
-2.5879999999999903,-33.364000000000004
32.568,2.623999999999982
35.352000000000004,25.159999999999982
-34.43200000000001,-28.988000000000014
4.096000000000011,-2.42
-20.563999999999993,-10.287999999999997
-30.06399999999999,31.247999999999987
1.7679999999999918,12.3
-44.98399999999999,11.307999999999986
44.907999999999994,-12.468000000000002
-45.46,-22.11200000000002
-31.816,-25.444
42.432,36.803999999999995
-38.580000000000005,2.7599999999999847
2.872000000000008,18.143999999999984
12.519999999999998,57.49999999999999
-13.79999999999999,-30.564000000000004
-26.339999999999996,8.023999999999987
-1.6639999999999988,-17.59200000000002
-58.29600000000001,8.155999999999985
-40.788000000000004,13.159999999999993
-32.312000000000005,3.5399999999999876
-10.46799999999999,-15.06400000000001
27.132,43.004
-53.959999999999994,12.763999999999998
-33.07600000000001,-3.180000000000005
14.460000000000006,2.0319999999999894
-15.64000000000001,-35.34800000000001
12.443999999999988,18.56
-46.940000000000005,-2.1440000000000126
-19.192000000000007,8.863999999999983
5.196000000000001,3.047999999999984
-34.644,-14.372000000000018
32.95600000000001,10.315999999999992
-33.696000000000005,-34.50000000000001
-41.732,-17.28400000000001
15.483999999999988,-5.900000000000016
-4.024000000000005,-1.5160000000000062
-32.80799999999999,24.815999999999995
-30.852,36.42399999999999
-8.743999999999996,-19.628
44.775999999999996,19.751999999999992
-45.07600000000001,-1.76400000000001
20.604,-36.976000000000006
28.488000000000003,62.08
-48.056,21.492
27.439999999999998,42.20399999999999
-4.007999999999989,7.407999999999992
2.4839999999999973,-25.75600000000001
-25.183999999999994,-21.464000000000006
-36.744,26.619999999999997
13.324000000000002,-45.93200000000001
38.19200000000001,-13.45200000000002
-38.38399999999999,-14.548000000000005
50.072,21.52799999999999
-26.86799999999999,-19.348
23.572000000000017,-33.73600000000001
16.979999999999997,23.343999999999987
-44.80800000000001,33.30399999999998
-32.57600000000001,17.847999999999974
-36.608,28.767999999999994
14.168000000000003,-10.868
33.93999999999999,-29.968000000000007
-37.036,-10.15600000000001
-27.443999999999992,29.455999999999992
45.432,28.85199999999999
-33.419999999999995,-31.288000000000014
-42.672,15.735999999999994
16.680000000000007,-27.668000000000013
-32.163999999999994,-38.66800000000001
-48.788,5.24
-8.067999999999987,-0.8800000000000141
-7.064000000000004,-35.42800000000001
29.444000000000003,31.89200000000001
-6.347999999999998,9.112000000000009
15.559999999999995,-42.732000000000006
10.260000000000002,18.059999999999988
20.732000000000017,-10.336000000000013
-17.836000000000006,17.323999999999984
-26.796,-24.748000000000005
-35.96799999999999,7.143999999999995
-34.232000000000006,13.04399999999999
23.839999999999996,-24.772000000000016
-46.06,-4.8880000000000035
3.2359999999999944,-47.51600000000001
41.66399999999999,-5.807999999999991
21.087999999999994,-46.35600000000001
35.392,36.172000000000004
19.03600000000001,-4.908000000000001
7.352000000000003,-45.21600000000001
38.75200000000001,25.25200000000001
51.727999999999994,8.631999999999994
49.12400000000001,36.256
29.267999999999983,-1.0680000000000023
19.296000000000003,-19.21600000000001
-30.543999999999993,-17.27200000000002
-30.77200000000001,34.056
-39.495999999999995,-28.536000000000016
19.775999999999993,60.50799999999998
-43.104,29.25199999999999
-1.967999999999992,-23.892000000000014
-37.519999999999996,32.96399999999999
26.607999999999986,28.215999999999998
-13.28799999999999,31.943999999999996
14.863999999999988,-36.06000000000002
-30.86399999999999,-7.7239999999999975
-31.116,-17.136000000000017
-31.840000000000003,-23.596000000000018
-12.3,1.8879999999999786
34.895999999999994,-7.012000000000018
-35.05200000000001,-29.456000000000017
-41.620000000000005,-30.392000000000007
-35.256,21.035999999999987
25.923999999999992,-43.12000000000001
6.703999999999999,-50.256000000000014
49.596,18.232000000000003
8.519999999999994,-48.104
-39.083999999999996,31.08
-12.031999999999998,-28.476000000000013
-18.823999999999998,27.872000000000007
-17.183999999999997,18.243999999999993
-12.675999999999998,-13.128000000000007
42.48399999999999,0.19199999999999218
-35.68399999999999,-30.34800000000001
7.675999999999994,-20.58000000000001
38.983999999999995,-23.476000000000006
36.412,-32.068000000000005
51.027999999999984,24.631999999999987
16.964000000000002,12.091999999999992
-38.928,6.132000000000004
-48.596000000000004,-8.916000000000013
31.58399999999999,-14.296000000000008
10.48,-14.412000000000013
55.524000000000015,25.716000000000005
2.1560000000000024,-25.304000000000006
51.25200000000001,35.063999999999986
-5.943999999999994,-47.04400000000001
5.812000000000017,-2.3760000000000225
15.120000000000001,9.263999999999983
5.523999999999996,5.332000000000003
-46.168,-27.05600000000001
27.468000000000004,29.183999999999987
25.180000000000003,-31.512000000000008
44.85600000000001,7.435999999999998
10.867999999999988,-48.18800000000001
-9.443999999999985,-41.96000000000001
24.072000000000003,16.779999999999994
-53.82399999999999,-20.676000000000016
35.66799999999999,27.692000000000007
-51.588,-18.984
-21.18,-39.744
25.956000000000003,-38.90000000000001
37.22399999999999,6.427999999999989
-0.9360000000000035,-31.024000000000008
-22.060000000000002,-3.7000000000000144
50.67999999999999,20.052000000000003
-43.279999999999994,-8.404
20.979999999999997,-26.836000000000016
2.9160000000000075,-9.95600000000001
17.04000000000001,-34.98000000000001
-44.711999999999996,19.679999999999986
-29.296,-3.187999999999991
12.607999999999997,29.692000000000007
-26.639999999999997,-26.468000000000014
27.384000000000007,10.992
1.092000000000004,21.032000000000007
-36.199999999999996,1.4239999999999808
7.647999999999988,-37.48400000000001
-48.812,22.563999999999986
47.900000000000006,26.283999999999995
19.48399999999999,17.68799999999999
24.103999999999992,8.772000000000002
18.252000000000002,19.531999999999993
-21.832000000000008,-6.6520000000000135
39.60399999999999,-18.204000000000008
-41.0,-7.46
-31.687999999999995,-39.01600000000002
33.27200000000001,3.823999999999983
-51.832,0.45999999999999375
-20.143999999999995,-13.832000000000011
7.096000000000013,-18.120000000000015
-23.18,-7.800000000000007
-14.392000000000005,-6.040000000000001
26.98400000000001,-27.08800000000001
-7.472000000000012,18.311999999999994
37.636,-12.156000000000011
16.460000000000008,-25.124000000000002
-51.768,-28.604000000000006
16.176000000000013,42.832
-22.624,27.167999999999992
27.54399999999999,37.53999999999999
31.68799999999998,-21.89200000000001
-8.875999999999994,-25.396000000000008
-26.496,-3.387999999999991
29.044000000000004,-32.952000000000005
34.07200000000002,-4.056000000000015
-45.163999999999994,24.727999999999994
49.44,-0.41200000000001236
30.18399999999999,-35.496000000000016
-19.46399999999999,4.259999999999997
18.267999999999994,-35.63600000000001
38.684000000000005,-16.212000000000014
-1.0760000000000103,-39.712
-9.803999999999991,35.527999999999984
20.23999999999999,13.64399999999999
14.607999999999999,-50.604000000000006
19.584000000000003,55.31599999999999
9.407999999999994,3.399999999999981
29.24,-12.948000000000004
-8.807999999999993,23.20399999999998
-35.18,-34.29200000000001
-28.303999999999995,8.816000000000003
-32.02799999999999,-11.75600000000001
-4.536000000000007,7.363999999999993
-16.056000000000004,-5.596000000000023
-6.3160000000000105,-24.096000000000018
28.244000000000003,14.927999999999987
2.2240000000000038,-27.50800000000001
35.728,14.423999999999992
4.296000000000011,22.523999999999987
-26.772000000000006,27.359999999999985
43.204,-7.288000000000006
54.836,27.06799999999998
-2.7959999999999985,17.192000000000007
27.24,60.58799999999997
-29.636000000000006,-5.01600000000002
-37.663999999999994,5.687999999999982
12.907999999999987,22.583999999999982
15.383999999999997,62.35999999999999
35.46,15.523999999999983
-48.544,27.85199999999999
52.099999999999994,30.30799999999998
-51.364,-14.112000000000013
-4.235999999999995,16.267999999999994
15.456000000000003,-45.644000000000005
-31.527999999999988,-2.2440000000000015
50.10400000000001,20.23999999999999
6.716000000000011,-52.07200000000001
-39.88,7.963999999999993
15.959999999999997,15.535999999999994
-6.552000000000002,19.731999999999992
-46.331999999999994,-26.568000000000012
-31.70799999999999,33.90799999999998
9.528000000000002,29.811999999999994
29.05200000000001,-41.17200000000001
-7.252000000000014,-43.86800000000001
29.31600000000001,3.615999999999997
22.404000000000003,-17.200000000000003
-32.68399999999999,-15.704000000000008
1.415999999999995,3.952
-13.607999999999997,5.783999999999989
-29.927999999999987,-11.508000000000006
-33.752,-11.812000000000012
-52.580000000000005,8.031999999999995
51.879999999999995,-4.096000000000011
7.612000000000019,-35.31200000000001
38.94799999999998,9.987999999999975
22.352000000000018,57.43599999999998
-6.015999999999999,-38.18800000000001
-27.54,-39.96800000000002
-28.62,-31.272000000000013
27.29600000000001,-24.688
20.432000000000006,-9.796000000000015
-37.480000000000004,-35.06000000000002
-22.383999999999993,22.516000000000002
34.28,-40.37600000000001
-27.42,34.964
-22.719999999999995,-6.964000000000015
-8.207999999999993,-42.764
-4.139999999999988,-39.53200000000001
51.93599999999998,26.595999999999997
1.4960000000000084,-45.352000000000004
24.43200000000001,-34.872
8.78000000000001,0.6599999999999939
13.783999999999995,6.58399999999999
2.747999999999995,-17.81600000000001
-7.299999999999995,16.259999999999984
1.963999999999988,-13.248000000000005
-51.416000000000004,10.283999999999981
-24.832000000000008,10.7
15.852,0.24399999999997757
-24.744,-8.788000000000007
51.06400000000002,30.90799999999998
32.04799999999999,-29.920000000000012
50.075999999999986,14.152000000000008
8.143999999999995,30.603999999999985
50.112,4.8639999999999795
-30.996000000000002,29.083999999999975
-34.656,-19.628
-40.459999999999994,18.516
4.80799999999999,0.9719999999999951
10.563999999999997,23.687999999999974
17.01600000000001,-33.896000000000015
52.6,29.835999999999995
-33.61200000000001,-14.376000000000012
9.492000000000012,2.383999999999986
14.139999999999997,5.627999999999989
-17.199999999999992,-28.128000000000007
-18.764000000000003,16.032000000000004
46.61599999999999,35.94799999999998
-23.119999999999997,30.50799999999998
46.90400000000001,-5.9760000000000035
42.188,-15.932000000000013
-18.023999999999994,-13.584000000000007
-50.50399999999999,11.7
-27.380000000000003,-37.072
9.58000000000001,-13.784000000000008
0.21200000000001218,-49.91200000000001
14.783999999999997,-8.216000000000012
42.08399999999999,4.752000000000001
-42.896,3.7279999999999758
-4.703999999999997,10.807999999999973
-35.760000000000005,-28.632
-20.124,-2.960000000000007
-17.067999999999994,-23.108000000000008
27.195999999999998,-33.33200000000001
20.032000000000004,39.21599999999999
21.23600000000001,8.335999999999988
-2.42,-18.81200000000002
-46.751999999999995,-24.53200000000002
-34.699999999999996,13.539999999999996
38.06,32.11999999999999
-32.052,-17.947999999999997
11.652000000000019,-4.4440000000000035
-21.232000000000006,35.33200000000001
-49.28399999999999,14.083999999999985
-14.99600000000001,30.563999999999993
-2.835999999999994,21.232000000000006
37.076,-25.168000000000003
-48.344,-12.807999999999996
-42.803999999999995,12.043999999999988
-25.216000000000005,-26.62000000000001
46.46400000000001,19.787999999999982
39.22399999999999,31.467999999999986
11.396000000000006,-10.952000000000018
-46.95199999999999,-29.12000000000001
-11.568000000000001,-17.424000000000007
-30.132000000000005,19.575999999999993
10.892000000000014,55.02799999999999
3.820000000000001,27.459999999999994
19.955999999999996,21.751999999999995
18.443999999999996,-27.328000000000007
36.836,8.332000000000006
-34.924,11.37999999999999
-35.492000000000004,-29.116000000000007
12.66799999999999,0.8559999999999901
-46.099999999999994,23.116000000000003
17.227999999999998,-22.320000000000007
36.10799999999998,39.53199999999999
-24.21200000000001,-0.7920000000000149
-41.308,8.379999999999988
-12.603999999999992,-20.06000000000001
36.15600000000001,45.27999999999999
-44.996,-24.460000000000004
-7.567999999999997,19.73999999999998
20.775999999999996,-30.87200000000001
-19.10799999999999,32.067999999999984
-7.772000000000001,-8.248
-15.460000000000008,-1.880000000000015
47.475999999999985,1.756000000000002
47.488,27.99999999999998
-29.323999999999995,-27.34000000000001
38.527999999999984,0.5360000000000031
32.879999999999995,-5.116000000000009
-11.719999999999997,-18.968000000000007
4.047999999999985,27.987999999999992
-46.623999999999995,-20.920000000000005
28.09600000000001,-4.648000000000008
13.667999999999992,42.224
-42.676,17.61999999999999
23.668,57.11999999999999
-4.936000000000007,-44.99200000000001
22.123999999999988,-43.132000000000005
11.787999999999998,59.61599999999998
-46.55199999999999,16.56399999999998
-14.196000000000009,-4.832000000000014
-5.044000000000004,-29.648000000000007
53.53599999999999,33.544
-52.1,-9.984000000000004
18.61600000000001,-5.356000000000005
-29.847999999999995,-31.16000000000001
0.8639999999999981,-19.747999999999998
-56.74,9.983999999999993
44.48799999999999,15.572000000000008
0.7000000000000117,-9.636000000000012
8.620000000000005,13.535999999999992
26.12399999999999,-20.244000000000007
-20.827999999999992,27.28799999999998
19.535999999999998,6.791999999999998
27.676000000000013,-23.616000000000014
-38.772,-30.300000000000004
13.263999999999987,-16.808
12.872000000000018,13.727999999999984
23.327999999999992,-7.888000000000006
36.716000000000015,29.495999999999988
12.152000000000008,-49.072
16.695999999999998,21.395999999999994
-33.752,-23.328000000000003
20.256000000000007,-37.88800000000001
24.307999999999996,-6.496000000000013
-56.523999999999994,15.607999999999977
13.200000000000012,23.675999999999988
40.97600000000001,-19.13600000000001
1.9320000000000004,12.952000000000009
31.33999999999999,20.435999999999986
24.63200000000001,-41.37600000000001
-14.816000000000006,-13.67600000000001
33.436,31.723999999999997
5.508000000000002,-45.05600000000002
-2.7120000000000033,-49.64800000000002
39.17999999999999,-14.216000000000017
6.963999999999992,22.756
25.659999999999993,22.663999999999994
23.127999999999993,21.163999999999984
-9.516000000000012,3.176000000000001
47.74,12.427999999999994
-36.407999999999994,25.587999999999987
0.6599999999999939,22.823999999999977
51.295999999999985,8.352000000000004
-32.312000000000005,34.08
-31.523999999999997,16.779999999999994
27.327999999999996,11.53599999999999
22.93200000000002,27.02399999999998
31.976000000000006,21.77199999999999
-12.524000000000001,-38.444
-45.504,-14.172000000000018
-22.603999999999992,-26.22000000000001
22.668,-42.61600000000001
-19.496000000000002,10.50399999999998
-47.843999999999994,3.47599999999999
-16.247999999999998,11.48
24.143999999999988,-40.97200000000001
39.707999999999984,22.73999999999998
10.704000000000002,-5.076000000000014
-39.248000000000005,23.04799999999998
42.832,11.372000000000003
34.656,-32.39200000000001
31.635999999999996,1.3839999999999852
-2.960000000000007,-18.55600000000002
47.720000000000006,25.0
-52.82399999999999,-10.148000000000001
18.32799999999999,-48.82000000000001
-30.167999999999996,25.512
19.179999999999996,23.94399999999999
-12.79999999999999,24.156
7.8359999999999985,2.8639999999999777
-41.992,24.2
15.008,-0.45200000000000795
25.103999999999992,26.619999999999997
33.192,61.480000000000004
-38.72,20.496000000000002
26.23200000000001,-31.212000000000007
16.483999999999988,-24.42000000000001
-10.704000000000002,-18.63600000000001
51.04,-0.004000000000004
-12.387999999999998,-11.780000000000012
7.163999999999993,4.015999999999997
44.39200000000001,27.427999999999987
-31.179999999999996,19.795999999999992
49.624000000000024,0.6639999999999979
-0.9679999999999911,17.32799999999999
12.196000000000007,-45.39200000000001
-32.52,18.379999999999995
-2.732000000000001,-4.292000000000007
-0.19599999999999618,-18.864000000000004
49.82400000000003,17.58799999999998
-34.30799999999999,20.067999999999977
25.483999999999995,34.57999999999999
27.488,57.62799999999999
-5.387999999999993,21.823999999999977
-19.120000000000005,-32.34800000000001
19.376000000000015,-38.74000000000001
1.536000000000004,-41.36000000000001
22.952000000000016,0.5639999999999867
51.25999999999999,10.816000000000003
13.73200000000001,-21.372000000000014
34.056,21.767999999999986
10.75600000000001,-46.92800000000001
-16.112000000000016,1.3599999999999834
21.03600000000001,50.61599999999999
20.876000000000005,-3.516000000000008
-2.163999999999988,15.563999999999979
-49.812,2.295999999999987
17.100000000000005,27.247999999999983
-34.30399999999999,-20.920000000000005
49.47200000000001,9.271999999999991
35.95600000000001,20.111999999999995
24.887999999999998,7.191999999999998
-16.467999999999993,4.963999999999991
41.52400000000001,38.96399999999998
3.2359999999999944,-16.636000000000017
-7.596000000000003,-44.92800000000001
-48.96,7.996000000000003
34.58399999999999,-10.496000000000016
39.324000000000005,-5.380000000000007
32.847999999999985,55.976000000000006
-44.672,8.31599999999999
-43.584,-1.5920000000000156
-11.579999999999991,-12.852000000000018
10.792000000000002,-43.99600000000001
41.672,4.107999999999978
11.820000000000007,-0.48799999999999955
17.199999999999992,-31.120000000000015
38.06799999999999,35.49199999999999
24.616000000000014,-13.407999999999998
-53.032000000000004,7.727999999999979
15.196000000000009,63.75999999999999
46.42400000000002,40.24399999999999
23.024,18.056000000000004
14.612000000000002,43.604
9.792000000000002,-48.220000000000006
-10.640000000000004,0.035999999999991594
-28.003999999999994,-6.628000000000012
48.475999999999985,33.97999999999999
24.47999999999999,55.788
-40.776,-20.472000000000012
32.396,49.11600000000001
-20.18399999999999,-40.96800000000002
23.932,34.23999999999998
-51.623999999999995,15.583999999999998
48.99200000000001,34.05199999999999
37.836000000000006,32.68
27.32399999999999,39.41999999999999
-26.764,-7.192000000000021
6.832000000000016,-14.768000000000004
-48.636,14.107999999999986
-43.663999999999994,18.336
-28.200000000000003,-19.488000000000007
-23.032000000000007,-35.14800000000001
-12.007999999999996,22.639999999999993
-24.56799999999999,-38.84800000000001
34.78000000000001,36.79999999999999
-51.85999999999999,-24.564000000000007
-33.64799999999999,13.15599999999999
5.152000000000001,17.68399999999999
-38.5,-29.35200000000001
23.123999999999988,-9.600000000000009
-30.003999999999998,1.0879999999999779
-41.104,-26.460000000000004
12.427999999999994,54.172
32.84400000000001,-14.744000000000002
-37.456,-11.096000000000018
35.08799999999999,-18.81600000000001
51.14400000000001,21.092
-44.82000000000001,15.027999999999974
8.444000000000006,-52.16400000000001
31.16000000000001,-33.51200000000001
12.368000000000002,-3.09600000000001
-12.427999999999994,-30.476000000000013
40.88,40.236000000000004
29.380000000000006,-26.060000000000006
13.144,-34.708000000000006
-22.627999999999993,26.607999999999986
14.892000000000017,-5.656000000000017
-21.307999999999993,-21.788000000000007
0.32399999999999096,12.539999999999996
-35.483999999999995,35.747999999999976
21.687999999999995,-36.36800000000001
-45.623999999999995,21.487999999999975
48.215999999999994,40.947999999999986
-15.352000000000011,-23.66400000000001
10.884000000000004,-13.624000000000002
48.06400000000002,38.267999999999994
-11.240000000000006,-37.244000000000014
-28.623999999999995,-16.908
-18.81600000000001,-0.9960000000000191
-31.276000000000003,32.752
24.47600000000001,16.471999999999998
4.483999999999999,-27.100000000000012
34.28799999999998,-31.87200000000001
30.543999999999993,35.33599999999999
-56.66,-14.844000000000001
-44.552,-2.776000000000023
-53.44,12.883999999999984
29.967999999999996,34.95599999999999
30.07200000000001,22.975999999999996
42.724000000000004,-8.356000000000009
-7.312000000000007,-28.73600000000002
5.620000000000003,-31.244000000000007
-43.388000000000005,-20.352000000000015
16.076,65.21999999999998
42.32,-16.54000000000001
-38.42,32.32799999999998
-35.9,-35.34400000000001
32.896000000000015,58.935999999999964
21.68000000000001,39.06799999999999
26.195999999999998,-22.73600000000001
48.304000000000016,29.976000000000003
52.94000000000001,36.69199999999999
27.372000000000018,-9.496000000000016
44.96799999999999,35.84399999999999
-41.69199999999999,-13.968000000000004
-45.78,-26.468000000000014
-22.183999999999994,-25.26400000000001
12.919999999999998,-38.01600000000002
29.967999999999996,40.583999999999996
24.516000000000005,52.40399999999998
-29.57200000000001,6.147999999999976
-7.763999999999993,-32.97600000000001
-19.404,22.639999999999993
-12.53200000000001,-20.73600000000001
19.896,13.06799999999999
13.764,-38.78800000000001
-44.163999999999994,18.604
-40.356,-7.296000000000014
21.876000000000005,-13.768000000000002
8.052000000000014,-13.204000000000004
-57.51199999999999,-11.472000000000016
-14.695999999999998,25.492000000000004
32.64,-34.96800000000001
11.20000000000001,-27.51600000000002
-49.788,15.871999999999996
-38.99199999999999,33.28
-36.18799999999999,-20.36000000000001
32.27200000000001,-0.012000000000012001
48.05599999999999,12.036000000000001
-22.50399999999999,24.03599999999999
15.86399999999999,-11.116000000000014
28.207999999999988,20.012000000000008
-3.0440000000000023,-27.400000000000013
3.0240000000000045,-48.60000000000001
-44.544,-7.207999999999992
28.400000000000002,-17.89600000000001
6.035999999999997,-24.076000000000008
-1.0000000000000009,-24.460000000000004
-4.835999999999996,12.691999999999993
39.48799999999999,-27.428000000000008
52.63200000000001,27.583999999999985
23.896000000000008,43.56
24.184000000000005,23.04799999999998
-2.5879999999999903,3.479999999999994
23.05600000000001,-29.116000000000007
18.588000000000005,42.604
5.600000000000005,22.043999999999997
21.164000000000005,47.60399999999998
52.332,21.516000000000002
39.212,56.724
-51.548,-18.400000000000006
47.12799999999999,6.98399999999999
43.852000000000004,24.831999999999987
-50.908,14.68799999999999
9.756000000000009,29.259999999999998
-0.39200000000001456,10.48
36.42399999999999,36.039999999999985
-26.112000000000002,-2.3880000000000123
25.98799999999999,2.956000000000003
24.439999999999994,-7.820000000000005
-46.18,-18.732000000000014
13.159999999999993,9.107999999999983
-5.884,28.776000000000003
-16.77200000000001,31.243999999999982
-23.539999999999996,-20.368
-27.723999999999993,25.163999999999987
-30.476000000000003,-27.168000000000013
-42.656000000000006,0.38799999999998835
-7.9399999999999915,-23.576000000000008
-50.968,-23.252000000000017
27.047999999999984,27.83199999999999
-46.788,-19.596000000000014
-17.944000000000003,-36.092
-0.7279999999999953,2.1399999999999864
-23.616000000000003,23.94399999999999
17.740000000000002,50.19199999999999
-28.64,-11.124
27.256000000000014,-39.848000000000006
-45.111999999999995,3.499999999999992
-25.316000000000006,7.26
26.332,64.28799999999998
31.93999999999999,10.763999999999996
-9.284000000000002,-14.952000000000021
44.544000000000004,-8.288000000000007
7.024000000000008,-42.77200000000001
-1.7839999999999856,-46.616000000000014
29.647999999999985,-9.308000000000005
26.74399999999999,4.799999999999982
-47.4,-24.184000000000005
-2.3719999999999963,-43.52400000000001
-31.796000000000003,14.135999999999992
-19.20799999999999,-7.06
-18.59600000000001,-13.572000000000017
-44.388000000000005,20.17199999999999
-51.0,-20.09200000000002
-50.12800000000001,-15.436000000000016
30.200000000000003,-28.048000000000005
52.34000000000001,-2.40800000000001
-31.287999999999993,-0.9640000000000093
41.68799999999999,31.223999999999986
-42.656000000000006,1.747999999999994
-47.368,-0.8600000000000163
-14.092000000000017,-2.2760000000000113
-29.543999999999993,12.407999999999975
22.812000000000012,-23.592000000000013
-35.488,-26.368000000000013
31.40799999999999,42.711999999999996
-6.872000000000011,-19.044000000000004
34.364,-6.752000000000025
-23.560000000000002,-25.468000000000004
-58.116,-9.760000000000012
-40.083999999999996,9.799999999999986
-1.8040000000000056,-27.000000000000014
44.91200000000002,17.771999999999988
29.36399999999999,-8.904
42.260000000000005,20.035999999999987
-31.13600000000001,-35.14000000000001
4.812000000000016,10.847999999999992
-11.952000000000007,7.772000000000001
-42.032000000000004,-1.8360000000000154
-29.596,-10.064000000000007
-18.656000000000006,-14.656000000000013
0.20799999999998597,24.063999999999997
-34.28,-2.660000000000018
-16.388,-8.656000000000008
0.9079999999999977,18.276000000000003
6.319999999999992,-10.040000000000004
-35.656,-25.116000000000017
54.152,-1.3400000000000079
-23.46799999999999,-29.688000000000013
-40.61600000000001,24.495999999999984
21.043999999999997,6.763999999999992
-44.476000000000006,7.139999999999991
-7.743999999999995,-28.05200000000001
5.255999999999994,-47.484
-50.016000000000005,21.151999999999994
1.096000000000008,-15.076000000000011
10.027999999999992,11.636000000000003
29.156000000000006,6.007999999999991
-27.97200000000001,-9.444000000000008
-36.983999999999995,-22.208000000000006
25.17200000000002,-7.412000000000019
-35.376000000000005,34.09599999999999
22.807999999999986,-18.432000000000016
24.556,-5.8599999999999985
17.623999999999995,15.06399999999999
-7.695999999999992,-33.61200000000001
-18.808000000000003,23.495999999999984
-14.467999999999993,-40.70000000000002
-38.37199999999999,-31.272000000000013
8.712000000000009,23.743999999999986
25.163999999999987,-41.64800000000001
-4.719999999999991,19.603999999999978
20.775999999999996,17.412000000000006
0.5520000000000191,8.719999999999995
-15.576000000000011,-0.42400000000000215
48.75599999999998,11.663999999999985
-12.939999999999996,11.487999999999987
31.852000000000015,19.88399999999999
23.459999999999994,-40.98400000000001
26.552,35.12
15.144000000000002,13.5
-20.756000000000007,-3.6960000000000104
32.64799999999999,14.923999999999982
15.232000000000001,42.387999999999984
-42.91199999999999,-5.052000000000012
-0.26800000000000157,-37.77600000000001
41.76799999999999,2.1079999999999766
38.408,27.30799999999998
-36.88799999999999,-7.9479999999999995
-10.280000000000001,0.8759999999999879
12.656,-30.148000000000007
14.304000000000006,-3.303999999999996
8.455999999999996,21.843999999999998
8.904,14.335999999999993
-30.20799999999999,-33.83200000000001
1.8399999999999972,-1.9600000000000062
-34.89600000000001,-35.684000000000005
35.168,8.952000000000005
22.507999999999996,23.419999999999995
-13.504000000000005,-4.916000000000009
48.01200000000001,-8.21200000000002
-32.376000000000005,-7.444000000000006
-5.943999999999994,23.799999999999997
16.08399999999999,-49.40800000000001
8.383999999999991,1.2239999999999807
-53.76800000000001,3.1079999999999774
49.35200000000002,34.964
15.759999999999996,17.859999999999985
12.803999999999993,-18.676000000000016
-22.572000000000003,-40.94800000000001
-34.187999999999995,30.08399999999998
42.73200000000001,-17.888000000000005
-18.032000000000004,-14.748000000000005
-52.28,-28.824000000000005
44.276,39.21599999999999
-37.06,-26.244
-7.6079999999999925,0.6359999999999921
46.624000000000024,25.736000000000004
46.01599999999999,25.22
-0.46800000000000175,-27.40800000000001
34.38000000000001,-12.64400000000001
-45.45600000000001,-10.720000000000008
28.712000000000003,16.01999999999999
-59.4,10.855999999999998
41.883999999999986,-9.384000000000004
-41.296,13.459999999999983
27.435999999999993,59.16799999999998
24.21200000000001,41.44799999999997
-12.924000000000003,29.427999999999987
-24.944,-12.10000000000001
-18.472,24.887999999999977
-12.631999999999998,-6.807999999999992
36.79600000000001,36.651999999999994
17.64000000000001,-31.684
30.532000000000004,17.147999999999985
32.455999999999996,10.947999999999979
24.424,-33.908000000000015
23.327999999999992,-29.600000000000005
6.076000000000015,-26.540000000000006
2.7120000000000033,28.791999999999994
23.595999999999997,5.247999999999986
26.32000000000001,-9.116000000000014
23.95200000000002,42.499999999999986
17.959999999999997,-27.044
-7.240000000000002,-18.608000000000004
-20.772000000000002,-33.38000000000001
-54.272,-9.567999999999998
-0.7160000000000055,25.411999999999992
-3.1160000000000077,-31.212000000000007
16.55200000000001,-30.10400000000001
29.91999999999999,48.156
-9.860000000000003,-28.848000000000006
2.412000000000014,8.359999999999989
31.267999999999986,-19.148
27.303999999999995,-34.69600000000001
-16.26399999999999,25.791999999999994
6.723999999999997,-31.42800000000001
-23.787999999999986,30.332000000000004
15.432000000000002,-11.412000000000011
6.452000000000013,-20.604
52.17200000000002,27.259999999999994
-12.863999999999987,16.79200000000001
43.81600000000001,0.7439999999999891
-48.376000000000005,25.57999999999998
-46.044,-13.32000000000001
20.048,-5.712000000000006
-14.051999999999998,-43.20400000000001
-21.15600000000001,30.887999999999984
-16.26000000000001,13.06799999999999
33.69600000000001,5.771999999999999
-46.74,14.339999999999996
52.36400000000001,5.70799999999998
-20.904,-0.1560000000000228
-8.495999999999992,-21.304000000000002
-51.800000000000004,10.69199999999999
-34.116,5.399999999999983
25.204000000000004,17.856000000000005
-6.452000000000013,-43.044000000000004
45.475999999999985,18.296
-25.423999999999992,-19.852000000000015
-35.08,32.367999999999974
8.872000000000014,-9.616000000000014
-0.8359999999999923,-9.592000000000011
-52.98,12.479999999999979
-19.479999999999997,-15.992000000000017
-25.080000000000002,-23.080000000000013
13.807999999999998,-17.456000000000017
35.056,27.439999999999998
29.644000000000005,-40.844
40.283999999999985,8.499999999999996
-7.22799999999999,-28.172000000000008
-16.208,-45.412000000000006
14.59999999999999,-12.724000000000002
-6.203999999999987,20.40799999999998
47.35200000000002,-2.656000000000014
30.412000000000017,15.207999999999977
-0.9920000000000151,-10.076000000000018
25.916000000000004,-10.15600000000001
-21.827999999999992,23.823999999999977
53.94000000000001,28.695999999999987
-55.39999999999999,-0.8600000000000163
1.760000000000006,6.391999999999998
-26.264,-31.08000000000001
-53.372,23.575999999999997
-10.072000000000013,-9.132000000000017
-56.44,14.603999999999996
-12.112000000000013,-17.200000000000003
-5.899999999999994,-22.20000000000001
26.807999999999986,-19.096000000000014
24.940000000000005,-46.02400000000001
6.3160000000000105,-45.32800000000001
17.696,-39.184000000000005
27.09600000000001,-23.688
22.912,-43.14800000000001
48.58,35.20799999999997
26.532,-28.212000000000003
14.556000000000013,-0.7960000000000189
-38.632,16.927999999999987
-30.779999999999998,11.071999999999992
5.835999999999997,10.075999999999997
-44.36,-13.07600000000001
-23.639999999999993,-13.172000000000017
22.468,24.207999999999984
-35.476000000000006,25.979999999999983
-20.003999999999998,-27.54000000000001
6.112000000000006,19.587999999999983
-14.572000000000006,28.939999999999987
12.016000000000005,58.067999999999984
-36.216,28.303999999999995
-26.612000000000002,-19.888000000000005
-44.168,25.2
22.828000000000003,28.447999999999986
19.332000000000015,-18.588000000000005
26.951999999999998,-20.664000000000005
-12.176000000000009,-36.16000000000001
7.647999999999988,4.16399999999999
-21.840000000000003,-3.1039999999999957
26.327999999999996,57.63999999999998
29.60799999999999,51.89599999999999
12.460000000000004,-50.58800000000001
-46.072,8.999999999999986
-42.476,-6.2120000000000175
31.91600000000001,-30.544000000000004
-26.992000000000004,30.011999999999993
15.376000000000012,58.211999999999996
4.852000000000012,-25.21200000000001
-40.93600000000001,4.156000000000004
-56.96,-9.564000000000005
9.28,-40.980000000000004
27.78799999999999,12.671999999999993
27.308,-15.408
12.656,15.423999999999992
-35.544,-7.08000000000002
37.06799999999999,-25.724000000000004
-35.46799999999999,-17.364
-10.123999999999999,9.20399999999999
49.67599999999999,29.287999999999982
19.087999999999994,-12.888
-58.919999999999995,5.479999999999996
-45.872,25.96799999999999
10.31200000000001,1.3839999999999852
-53.196,0.38399999999998435
-43.46399999999999,25.447999999999983
18.023999999999994,56.10799999999998
39.696,-4.976000000000003
34.55600000000001,-38.24800000000002
-54.492,10.147999999999978
50.2,30.403999999999986
40.92,-24.996000000000016
39.504000000000005,30.87599999999999
18.703999999999986,-31.412000000000006
-10.339999999999993,-48.91600000000002
25.395999999999997,-3.324000000000016
23.672000000000004,40.93199999999999
37.536000000000016,-21.024000000000008
15.695999999999998,51.85200000000001
-21.363999999999994,26.159999999999982
33.69200000000001,-34.81200000000001
20.028000000000002,-34.31600000000002
-6.372,-40.760000000000005
-50.62,25.24399999999998
17.272,-28.512000000000004
-33.20799999999999,7.972000000000001
10.295999999999994,-15.992000000000017
-45.08399999999999,-2.3880000000000123
18.887999999999995,4.335999999999984
-7.899999999999996,6.207999999999991
-4.939999999999989,-37.540000000000006
39.57600000000001,23.299999999999986
-25.212,8.979999999999988
-31.336,18.41599999999999
15.076,-27.348000000000006
-57.196000000000005,0.6599999999999939
5.9760000000000035,-37.66400000000001
-26.244,-14.02000000000001
-25.112000000000002,24.363999999999987
-24.30399999999999,-25.772000000000016
-8.772000000000002,15.54399999999998
32.967999999999996,-31.936000000000007
2.9279999999999973,4.971999999999999
-5.587999999999993,-35.632000000000005
10.783999999999994,-3.604000000000007
50.152000000000015,31.372
21.70000000000001,47.87599999999998
-5.884,9.552000000000005
1.6000000000000014,29.043999999999983
29.572,28.327999999999975
-54.403999999999996,23.639999999999993
5.044000000000004,13.587999999999978
-25.992000000000004,11.251999999999995
27.963999999999988,45.88799999999998
-42.53199999999999,-21.232000000000017
-48.471999999999994,16.26399999999999
-26.56799999999999,4.235999999999995
12.792000000000003,41.44399999999999
18.952000000000012,9.24799999999999
40.080000000000005,40.80799999999998
32.29200000000001,-37.83200000000001
-34.54799999999999,-37.504000000000005
14.79999999999999,-23.772000000000016
49.57599999999998,5.067999999999984
4.832000000000014,0.40000000000000036
-39.012,-19.272000000000013
0.41599999999999415,-26.624000000000002
-30.784,-20.704
49.65200000000001,4.267999999999983
-40.800000000000004,-6.912000000000007
33.432000000000016,5.179999999999985
6.864000000000003,-39.07200000000001
33.11999999999999,-19.17200000000001
-24.476,9.067999999999987
33.20799999999999,18.755999999999993
16.427999999999997,-48.63600000000001
-21.127999999999993,-8.400000000000007
46.33599999999998,11.431999999999999
46.976,-1.6280000000000072
8.636,28.027999999999984
30.620000000000005,24.607999999999986
39.19600000000001,35.83999999999998
34.952000000000005,-4.112000000000027
41.32799999999999,25.979999999999983
6.552000000000002,-27.848000000000006
14.027999999999995,-4.760000000000009
-59.34,13.251999999999997
24.807999999999986,-48.072
-50.980000000000004,11.99999999999999
54.88400000000002,22.611999999999988
-50.971999999999994,-11.396000000000017
12.136000000000013,-11.252000000000017
14.596000000000009,42.592000000000006
24.963999999999984,29.152
32.772,-20.167999999999996
-31.34,-20.42400000000001
26.72000000000001,-0.41600000000001636
9.552000000000005,-27.77600000000001
18.63600000000001,-6.236000000000019
51.868,5.315999999999987
-14.892000000000017,-25.572000000000017
-54.876000000000005,19.619999999999994
15.364,-38.328
-38.908,-10.652000000000017
-19.340000000000003,21.591999999999988
-5.119999999999991,25.659999999999993
-3.6479999999999846,-26.292000000000005
-34.71200000000001,-3.483999999999998
21.523999999999987,-44.60800000000001
39.86399999999999,-3.828000000000009
11.475999999999997,27.22
25.604000000000006,14.719999999999999
-1.2520000000000087,11.187999999999976
-40.052,33.016
50.912,11.287999999999986
14.32,60.952000000000005
-13.37600000000001,30.423999999999985
9.875999999999996,13.651999999999997
33.93600000000001,35.392
-20.12799999999999,4.85199999999999
38.64399999999999,24.292
-9.168,25.887999999999977
-57.312,8.332000000000006
16.208,-34.74400000000001
15.39600000000001,17.371999999999986
-28.227999999999987,-13.956000000000014
-54.092,-2.7920000000000167
12.631999999999998,-44.372000000000014
-31.779999999999998,19.99599999999999
11.97600000000001,-34.74
40.212,17.28399999999999
-46.58,-1.6920000000000268
33.27200000000001,32.68
-30.296,6.955999999999984
-0.9239999999999915,-6.032000000000015
40.44000000000001,4.5560000000000045
13.647999999999993,-14.076000000000011
-18.720000000000002,-22.640000000000004
-3.1519999999999992,6.043999999999983
-20.023999999999997,25.23599999999999
-30.336000000000006,22.00799999999998
-10.695999999999994,-37.180000000000014
-33.10799999999999,-5.787999999999993
-34.852000000000004,31.267999999999986
-26.116000000000007,1.1319999999999997
4.3239999999999945,17.311999999999994
11.304000000000002,3.935999999999984
41.676,-22.64400000000001
4.047999999999985,-43.852000000000004
26.815999999999995,45.07600000000001
-1.6479999999999828,-34.58800000000001
36.040000000000006,52.067999999999984
14.856000000000002,-4.540000000000011
8.479999999999999,-26.78800000000001
10.46799999999999,-33.14800000000001
-0.49600000000000755,7.376000000000005
-38.39600000000001,-13.960000000000006
23.764000000000006,-35.60000000000001
-27.22,20.23999999999999
14.607999999999999,62.095999999999975
16.112000000000016,-27.268000000000015
14.603999999999996,-48.216000000000015
-33.156000000000006,-30.168000000000006
13.3,30.196
29.543999999999993,-38.02000000000001
25.363999999999987,23.652000000000008
31.088000000000005,-23.824
-27.847999999999995,1.9399999999999862
11.40000000000001,-34.83200000000001
33.432000000000016,35.643999999999984
42.964,3.1360000000000054
-25.016000000000005,-10.552000000000017
17.28000000000001,44.34399999999998
14.17600000000001,19.479999999999986
-48.471999999999994,23.607999999999983
-2.6839999999999975,22.207999999999984
23.587999999999987,50.2
-20.452000000000005,7.635999999999998
8.499999999999996,-49.61200000000001
-0.7920000000000149,-31.59200000000001
-49.05199999999999,-8.060000000000011
-3.079999999999994,-26.772000000000006
8.244000000000007,4.183999999999988
-11.899999999999999,10.196000000000005
4.7800000000000065,2.092000000000005
4.583999999999988,-35.21200000000001
51.86400000000002,10.515999999999991
19.724000000000007,25.587999999999987
17.535999999999994,17.007999999999978
-4.903999999999997,-18.944000000000006
-27.036000000000005,25.77999999999998
21.136,19.823999999999998
53.38,24.087999999999976
-14.232,-31.04800000000001
0.5079999999999973,-29.208000000000013
16.68799999999999,11.703999999999981
35.416000000000004,-2.8920000000000057
-1.307999999999998,-9.51200000000002
-11.572000000000005,32.016
-53.559999999999995,22.232000000000006
-2.3320000000000007,27.115999999999985
-38.971999999999994,-24.17600000000001
25.672000000000004,10.799999999999986
-33.404,-10.596000000000016
-44.14,8.587999999999973
21.256000000000007,-4.624000000000006
53.004000000000005,11.843999999999987
23.0,53.44
-33.64799999999999,7.552000000000003
-29.636000000000006,-6.6560000000000175
-23.96799999999999,-35.072
14.284000000000008,-40.31600000000001
-17.100000000000005,-2.088000000000001
21.984,1.9360000000000044
-13.592000000000004,-5.444000000000004
-22.436,20.175999999999995
18.667999999999996,16.439999999999987
-4.864000000000002,-4.127999999999998
-15.243999999999991,0.5679999999999907
24.956,2.635999999999994
-34.36799999999999,1.5759999999999996
27.824000000000005,-0.31200000000002337
-26.0,26.315999999999985
10.136000000000012,29.912000000000006
-15.788000000000002,-17.164
5.267999999999984,28.303999999999995
-6.492000000000009,-0.5279999999999951
-17.656000000000006,-6.5239999999999965
12.45200000000002,-31.736000000000008
-31.956000000000007,18.247999999999976
-18.41999999999999,-28.764
39.87200000000002,-27.872000000000007
6.812000000000018,10.451999999999995
-40.471999999999994,6.572
48.75599999999998,30.991999999999997
9.952000000000005,23.367999999999988
-29.53600000000001,36.16799999999998
-48.132,-10.436000000000012
-10.640000000000004,-31.120000000000015
-8.699999999999996,-29.388000000000012
-14.332000000000011,8.396000000000004
28.056000000000015,-27.29600000000001
-56.568,5.703999999999998
-9.519999999999996,6.475999999999993
-18.92799999999999,4.167999999999994
23.019999999999996,-31.21600000000001
-3.1199999999999894,-28.860000000000007
22.352000000000018,-47.684000000000005
-49.056,5.763999999999991
5.699999999999994,17.259999999999987
32.596000000000004,52.70399999999999
-38.971999999999994,-28.408000000000012
-31.58,34.992000000000004
-55.596000000000004,-9.576000000000018
32.76000000000001,56.63199999999999
11.416000000000004,2.823999999999982
48.67999999999999,11.056
23.672000000000004,37.70399999999998
-1.8679999999999808,-29.85200000000001
10.687999999999986,-20.008000000000003
-10.899999999999999,22.272000000000002
-39.69199999999999,22.575999999999997
-0.8079999999999865,-48.05600000000001
-39.38,-9.82400000000001
31.40399999999999,4.411999999999994
-0.46800000000000175,22.847999999999978
5.07200000000001,-24.692000000000014
36.275999999999996,17.68799999999999
3.068000000000004,-13.360000000000005
24.30399999999999,21.912
35.104,-16.844000000000005
-18.379999999999995,-23.97600000000001
26.292000000000005,59.84400000000001
44.604,11.907999999999985
30.36399999999999,-37.452000000000005
-34.599999999999994,28.499999999999993
-39.391999999999996,-14.89600000000001
-2.6479999999999837,-17.680000000000007
15.756000000000014,-15.200000000000014
22.492,-27.49600000000001
-24.336000000000002,20.963999999999984
-53.136,-7.323999999999997
-45.391999999999996,16.135999999999996
18.843999999999994,-41.264
-50.356,-0.38000000000000256
-48.407999999999994,-0.7600000000000051
10.487999999999985,-40.04800000000001
9.992,-23.148000000000003
-17.047999999999995,13.975999999999988
-3.74000000000001,4.16399999999999
45.72400000000001,-4.268000000000005
-14.396000000000008,-36.04400000000001
32.62799999999999,25.887999999999977
-13.240000000000007,24.07999999999999
-32.32799999999999,21.19199999999999
-33.196000000000005,-8.196000000000014
-30.656000000000006,-13.392000000000015
11.460000000000004,-31.984
19.063999999999993,-44.908000000000015
-12.492000000000015,-8.42400000000001
-13.823999999999991,2.0279999999999854
39.660000000000004,-11.364000000000008
-56.548,4.4239999999999835
26.52000000000001,15.41999999999999
26.679999999999993,-22.408000000000005
40.39999999999999,-15.500000000000014
-52.5,-7.520000000000016
35.243999999999986,13.539999999999996
3.1439999999999912,-40.14000000000001
-3.8920000000000066,6.10799999999998
-56.98399999999999,13.307999999999986
-38.25999999999999,27.615999999999996
-35.30399999999999,7.307999999999981
12.792000000000003,-39.40800000000001
-25.107999999999997,6.4159999999999995
3.9839999999999876,5.179999999999985
-9.552000000000005,-43.236000000000004
22.587999999999987,38.575999999999986
-29.200000000000003,10.183999999999994
-31.620000000000005,-17.544000000000004
-14.115999999999996,-3.544000000000014
-19.947999999999986,-16.264
-35.4,-35.53200000000001
5.47200000000001,-9.356000000000009
-39.836000000000006,-35.06800000000001
27.380000000000003,3.7879999999999914
6.16000000000001,26.14399999999999
37.24799999999999,18.076000000000004
1.9239999999999924,-41.932
51.56799999999999,2.635999999999994
48.695999999999984,-3.424000000000005
-47.67199999999999,-18.952000000000012
21.404,2.956000000000003
23.048000000000002,46.92799999999999
30.684,-7.364000000000015
-25.812,-36.704
-25.044,23.76799999999999
-53.288000000000004,-22.584000000000003
43.584,28.176000000000002
-12.796000000000006,-43.24800000000001
-31.576000000000004,-26.376000000000012
19.81600000000001,3.683999999999976
8.319999999999993,19.340000000000003
-28.24,-8.840000000000014
37.70400000000001,-13.136000000000013
31.11999999999999,27.147999999999996
51.84400000000002,-1.8160000000000176
28.02,38.612
5.356000000000005,8.647999999999989
-37.744,-27.072000000000006
47.16400000000001,29.103999999999996
40.28,-1.3279999999999959
17.784,-40.92800000000001
-13.783999999999995,-14.104000000000006
18.667999999999996,-10.364000000000006
0.7039999999999935,-22.416000000000015
37.656,-25.472000000000016
-33.736,22.371999999999993
-7.296000000000014,2.7599999999999847
-34.624,20.560000000000002
-14.471999999999996,24.24799999999998
-23.52799999999999,-15.292000000000016
9.548000000000002,-1.112000000000024
34.948,45.18799999999998
40.77600000000001,14.615999999999985
50.044000000000025,23.171999999999993
-10.443999999999987,-36.04400000000001
38.472000000000016,-12.228000000000005
19.99200000000001,-14.112000000000013
20.700000000000006,48.096000000000004
46.459999999999994,3.631999999999991
45.692,34.412
-25.116000000000007,25.503999999999994
-54.36,15.876000000000001
42.98,36.75200000000001
-33.84799999999999,-7.9600000000000115
14.588000000000001,-19.12400000000001
-31.187999999999995,-18.388000000000005
-8.979999999999988,-12.328000000000007
48.248000000000005,22.043999999999997
-36.292,-23.71200000000002
-30.684,8.163999999999994
-24.252000000000006,1.8639999999999768
0.48799999999999955,1.0000000000000009
-21.279999999999998,0.011999999999989797
18.167999999999985,50.60799999999999
-4.5439999999999925,-2.096000000000009
5.180000000000007,-18.81200000000002
-38.388,-19.708000000000002
56.18400000000001,23.672000000000004
16.04399999999999,-45.68000000000001
-14.124000000000002,-0.7079999999999975
9.200000000000008,26.04799999999998
-10.724,9.343999999999998
-6.0840000000000005,-34.28800000000001
16.547999999999984,9.695999999999994
-6.991999999999998,14.927999999999987
26.736000000000004,-11.536000000000012
-20.532000000000007,-35.732000000000006
33.879999999999995,-30.54800000000001
-8.823999999999987,-6.416000000000022
47.35200000000002,-5.628000000000011
-20.252000000000002,-22.01200000000002
-31.499999999999993,-39.536000000000016
-41.888000000000005,27.85599999999999
51.94000000000001,18.027999999999977
8.360000000000012,2.927999999999975
44.73200000000001,9.707999999999984
18.784,-7.924000000000008
2.8159999999999963,24.716000000000005
-40.471999999999994,26.76399999999999
33.40399999999999,-4.1320000000000245
43.103999999999985,13.927999999999985
-42.86800000000001,4.272000000000009
-14.619999999999989,-23.796000000000017
-54.571999999999996,-14.184000000000008
32.176,-16.09600000000001
49.475999999999985,41.40799999999998
5.820000000000003,12.135999999999992
11.895999999999995,62.672
9.46,-36.90000000000001
0.41200000000001236,18.63999999999999
18.21999999999999,-4.2200000000000015
34.616,-1.6839999999999966
-49.852,-18.940000000000012
24.127999999999993,-3.620000000000001
-43.01199999999999,-2.7240000000000153
-22.052000000000007,27.34399999999999
15.783999999999999,62.787999999999975
-25.764,-33.74400000000001
-7.647999999999988,8.643999999999984
-54.876000000000005,17.15199999999999
-27.95200000000001,-21.704
25.852000000000007,-2.3440000000000127
-27.580000000000005,-40.54800000000001
9.223999999999988,-0.12799999999999478
25.156,18.435999999999986
-24.939999999999994,26.01199999999999
33.519999999999996,-29.200000000000003
30.556000000000004,51.927999999999976
29.000000000000004,62.11199999999999
4.7920000000000185,11.723999999999979
24.459999999999994,44.12399999999999
-23.619999999999997,30.90799999999998
52.20400000000001,14.487999999999989
-4.396,29.092000000000006
46.156,41.276
11.280000000000001,16.183999999999976
46.12799999999999,18.623999999999995
43.135999999999996,33.46
47.61200000000001,40.103999999999985
50.82799999999998,29.167999999999992
22.16799999999999,57.972
21.263999999999996,55.51999999999999
13.97600000000001,59.455999999999975
18.612000000000005,5.763999999999991
34.23200000000002,52.492000000000004
-57.336,-5.392000000000019
29.816,54.152
10.867999999999988,-14.808
46.02400000000002,-6.252000000000013
-43.284,14.53199999999999
-5.884,-16.23600000000002
28.832000000000015,3.0959999999999877
-16.487999999999992,15.083999999999985
-32.556000000000004,4.667999999999983
40.59600000000001,16.872
25.044,16.69999999999998
-37.936,19.551999999999992
-42.208,21.207999999999984
14.812000000000003,12.236000000000002
46.167999999999985,43.28399999999999
13.312000000000012,-15.04000000000001
44.316,8.732000000000006
45.04400000000002,13.612000000000002
35.02799999999999,28.04
-24.792,7.023999999999986
-33.61200000000001,5.099999999999993
-55.576,-20.608000000000004
1.6360000000000152,-23.136000000000013
25.624000000000002,-39.32800000000001
0.9600000000000053,5.571999999999999
-16.832,17.072
-30.12,6.440000000000001
34.084,-36.728000000000016
-59.77600000000001,-6.776000000000004
5.147999999999997,20.599999999999994
6.807999999999992,24.083999999999996
-19.69200000000001,-20.044000000000008
-26.395999999999997,12.79999999999999
11.988,26.23199999999999
-33.972,30.655999999999995
22.199999999999996,7.191999999999998
-17.636000000000006,28.30799999999998
-29.47200000000001,-2.1039999999999948
0.15600000000000058,-51.78800000000001
36.04399999999999,45.87999999999999
44.12400000000001,35.192
-42.584,-7.516000000000012
-27.58799999999999,-22.10000000000001
-26.223999999999993,-23.084000000000003
5.640000000000001,-30.268000000000008
-18.711999999999996,19.755999999999997
-31.587999999999994,-33.860000000000014
21.587999999999987,8.843999999999985
-16.524000000000004,-29.020000000000014
47.91599999999998,42.592000000000006
-44.663999999999994,27.56799999999999
-47.352,-21.004
22.716,21.511999999999997
0.16399999999998638,-45.544000000000004
25.848000000000006,-34.284000000000006
19.08399999999999,47.632000000000005
21.059999999999988,-13.200000000000012
20.155999999999995,-8.716000000000012
11.519999999999996,-24.23200000000002
32.391999999999996,15.432000000000002
9.24799999999999,16.723999999999982
23.976,-41.61600000000001
-31.84799999999999,32.147999999999975
4.387999999999992,-10.296000000000017
-15.583999999999998,-30.092000000000006
7.475999999999994,-22.160000000000014
-49.751999999999995,18.655999999999985
39.756000000000014,15.056000000000003
21.787999999999986,43.224
-40.388000000000005,-15.072000000000019
-51.856,-25.144000000000013
-37.10399999999999,30.332000000000004
-16.632,-11.768
15.680000000000005,8.952000000000005
-6.435999999999997,-16.692000000000018
22.428000000000004,-2.980000000000005
-32.71200000000001,-1.7400000000000082
-24.936000000000003,-26.148000000000017
27.284,-1.8160000000000176
2.5679999999999925,17.091999999999995
15.559999999999995,47.37199999999999
-26.447999999999993,2.707999999999977
4.356000000000004,-43.36800000000001
4.632000000000014,29.78399999999999
-39.888,24.971999999999994
19.03600000000001,19.58
-58.4,-13.624000000000002
-10.907999999999983,-37.744000000000014
16.92,45.255999999999986
-57.123999999999995,-6.272000000000011
-21.504,7.016
33.823999999999984,50.05599999999999
10.536000000000012,-8.292000000000021
-38.62799999999999,30.86
-40.81199999999999,31.899999999999995
42.512000000000015,10.687999999999986
-11.416000000000004,-33.168000000000006
-26.467999999999993,-1.9039999999999946
26.236000000000015,59.251999999999995
24.292,13.451999999999998
42.843999999999994,-0.5000000000000115
-24.263999999999996,6.803999999999988
7.69200000000001,-32.72400000000001
-26.863999999999997,15.459999999999985
5.000000000000004,-46.43600000000001
23.775999999999996,7.647999999999988
52.96799999999999,33.43999999999998
-25.303999999999995,9.671999999999992
20.39200000000001,-33.044000000000004
-3.0359999999999943,-40.12000000000001
-53.132000000000005,-4.512000000000027
25.78,1.0639999999999983
-35.24799999999999,-38.09600000000001
24.784000000000006,-18.364000000000004
-30.323999999999995,15.232000000000001
8.823999999999987,-2.9320000000000235
-34.836,-8.940000000000015
38.35999999999999,-8.78000000000001
-35.364,-31.356000000000016
-27.74,28.679999999999993
21.387999999999984,-1.8440000000000012
37.188,25.171999999999993
44.176000000000016,23.41199999999999
-26.280000000000005,33.76799999999997
-55.272,9.312000000000008
29.176000000000002,-27.500000000000014
-35.208,29.379999999999985
24.384000000000007,7.532000000000005
21.39200000000001,-6.856000000000018
12.436000000000003,-24.536000000000012
35.304,-13.436000000000014
-20.38399999999999,-16.744000000000003
-22.783999999999992,-16.716000000000008
15.012000000000004,60.81599999999998
-9.675999999999995,2.5560000000000027
10.864000000000008,17.696
48.815999999999995,8.383999999999991
28.604000000000006,-25.784000000000006
12.927999999999983,-50.98400000000001
35.928000000000004,48.90799999999997
19.14,15.212000000000003
32.79600000000001,36.29199999999999
-52.768,-18.920000000000016
-29.87200000000001,28.33999999999999
2.163999999999988,-44.372000000000014
8.95999999999999,-33.120000000000005
-34.46,3.5359999999999836
-46.74,25.059999999999995
29.215999999999998,-1.6880000000000006
15.847999999999995,-37.272000000000006
-43.391999999999996,1.179999999999981
23.936,-42.19600000000001
6.363999999999992,-14.412000000000013
-24.360000000000003,-17.344000000000005
-21.68399999999999,-9.372000000000014
-22.927999999999994,17.30799999999999
7.519999999999993,-16.720000000000013
48.80400000000002,12.671999999999993
-8.40399999999999,-25.656000000000013
8.636,-8.476000000000017
33.328,-9.464000000000006
33.660000000000004,13.07999999999998
4.987999999999992,-24.14400000000001
-18.456000000000007,-5.720000000000014
10.948000000000002,-30.02800000000001
28.85200000000001,-27.992000000000004
-43.831999999999994,-15.404000000000007
-16.987999999999982,17.58799999999998
-6.055999999999995,-43.50000000000001
41.98,33.31999999999999
28.235999999999994,25.59199999999999
16.147999999999985,53.215999999999994
7.7320000000000055,-0.8879999999999999
-42.596000000000004,29.596
3.3279999999999976,-46.50000000000001
-13.196000000000009,-20.052000000000014
-37.136,22.232000000000006
-42.46,19.10399999999999
10.95600000000001,-33.544000000000004
-28.483999999999998,-6.284000000000001
-15.008,24.41199999999999
31.232000000000014,-36.51600000000001
31.836,3.9919999999999956
-48.376000000000005,-9.40000000000001
35.772000000000006,-8.192000000000021
47.56400000000001,40.784
25.015999999999995,-25.392000000000014
-7.403999999999988,-8.900000000000007
-43.672,11.943999999999978
49.56799999999999,22.95999999999998
11.895999999999995,-7.364000000000015
-32.116,-25.98400000000001
32.147999999999996,-21.448
-3.620000000000001,3.1999999999999806
-50.888,29.89599999999999
-4.6479999999999855,-44.50400000000001
-30.192000000000007,-13.068000000000001
-34.60399999999999,5.623999999999985
30.59200000000002,-15.848000000000006
-28.34399999999999,13.163999999999998
-9.35999999999999,19.567999999999984
19.039999999999992,-24.40000000000001
-7.307999999999981,-26.85200000000001
11.592000000000002,-49.692
50.58799999999999,10.759999999999991
46.05200000000001,35.831999999999994
7.244000000000006,-1.4080000000000092
48.839999999999996,2.3320000000000007
37.904,30.543999999999993
18.843999999999994,-43.07200000000001
39.44000000000001,40.632000000000005
27.068000000000005,-19.644000000000005
17.788000000000004,-28.932000000000002
-11.507999999999985,27.02
-11.787999999999998,26.07999999999999
-2.072000000000007,-12.324000000000002
-14.823999999999993,-28.388000000000012
-37.519999999999996,22.787999999999986
-7.652000000000014,-5.616000000000021
-40.308,32.216
-8.359999999999989,-8.312000000000019
-39.096,-32.82800000000001
11.73200000000001,-19.91200000000002
21.21600000000001,21.78
-51.608,-11.996000000000018
15.392000000000007,-23.95600000000001
13.704000000000004,-47.70000000000001
-16.423999999999992,29.932000000000002
-55.13600000000001,-15.06400000000001
3.9879999999999916,-26.73200000000001
30.503999999999998,-18.80400000000001
-5.791999999999997,-16.936000000000018
49.56,36.675999999999995
32.544,17.90799999999999
-53.07999999999999,-17.564
20.17200000000001,-12.300000000000011
41.812000000000005,5.7359999999999856
52.292,17.55199999999999
-10.104000000000003,-22.88000000000001
20.967999999999986,-19.320000000000004
-17.88399999999999,-2.956000000000003
27.116000000000007,45.536
39.896,-10.464000000000006
45.36799999999999,-1.1600000000000055
-12.796000000000006,14.083999999999985
-39.476,-10.416000000000015
-33.516,0.48799999999997734
-4.2039999999999855,-25.168000000000003
-7.02799999999999,3.28799999999998
1.0199999999999987,7.532000000000005
-48.684,-30.77200000000001
26.059999999999995,58.504
14.216000000000006,22.54799999999999
-34.556,-5.556000000000005
-11.163999999999996,-31.352000000000004
4.356000000000004,-27.80800000000001
6.572,11.572000000000005
41.24000000000001,-2.6839999999999975
9.472000000000014,28.115999999999985
-26.344,-11.752000000000018
-52.368,-19.784000000000002
-1.4120000000000132,20.08399999999999
0.7639999999999869,-16.248000000000008
2.7959999999999985,-51.62800000000001
13.77600000000001,29.103999999999996
-31.003999999999998,14.183999999999997
-12.73200000000001,-43.824000000000005
21.732000000000017,26.83199999999999
-18.056000000000004,14.475999999999999
-44.699999999999996,-28.692000000000007
20.432000000000006,0.09200000000000319
-23.2,4.599999999999982
-11.443999999999988,25.371999999999993
22.140000000000004,-44.384
35.748000000000005,-10.524000000000001
50.760000000000005,-0.5720000000000169
34.24400000000001,22.319999999999986
-22.252000000000006,-16.604000000000006
-11.087999999999987,-35.57600000000001
33.104,21.059999999999988
12.304000000000004,-15.324000000000005
20.34400000000001,-6.7640000000000144
-29.64399999999999,1.8000000000000016
22.439999999999994,6.643999999999983
6.947999999999999,-27.348000000000006
-9.027999999999992,-9.492000000000012
-32.852000000000004,2.0159999999999956
-29.86399999999999,-26.312
44.99200000000001,1.4879999999999782
-48.216,-25.66400000000001
38.26399999999999,27.967999999999993
26.024,-7.592000000000021
-44.699999999999996,21.092
55.36400000000001,29.767999999999994
2.320000000000011,13.407999999999976
23.54799999999999,35.26399999999998
52.81200000000001,11.027999999999993
7.432000000000016,-47.48000000000001
40.84000000000001,9.24799999999999
22.34400000000001,-50.22800000000001
18.223999999999997,17.935999999999996
-18.364000000000004,-15.904000000000007
-36.28799999999999,4.620000000000002
-13.735999999999994,13.715999999999994
-6.787999999999994,-8.208000000000004
5.824000000000007,19.059999999999988
-1.876000000000011,-18.088000000000005
36.056,24.536
32.71600000000001,-12.25600000000001
-50.876,-17.732000000000014
21.367999999999988,13.271999999999995
37.236000000000004,38.77599999999999
-22.767999999999986,-30.856000000000016
37.99600000000001,42.592000000000006
15.907999999999989,54.596000000000004
14.447999999999993,-16.732000000000014
-28.139999999999997,23.599999999999998
-30.456000000000007,21.02799999999998
44.152000000000015,5.471999999999988
15.820000000000011,0.8920000000000039
18.307999999999993,5.332000000000003
-25.056,23.055999999999987
23.972000000000016,16.159999999999997
18.86399999999999,-0.45600000000001195
-31.643999999999995,-7.767999999999997
-21.272000000000002,-16.136000000000017
-57.916000000000004,13.539999999999996
27.792000000000016,-30.576000000000015
28.083999999999996,-16.184000000000008
-25.272000000000006,-5.512000000000006
-42.568000000000005,31.503999999999976
-35.852000000000004,22.467999999999975
22.98,12.479999999999979
32.09600000000001,8.06
-28.323999999999995,-12.660000000000004
35.55200000000001,24.652000000000008
-34.496,-36.592
51.488,36.05999999999998
-33.872,-31.79200000000001
-24.239999999999995,19.563999999999982
19.924000000000007,-18.81200000000002
-40.14,-1.2800000000000145
31.296000000000014,-28.512000000000004
-18.432000000000002,-15.232000000000012
10.532000000000007,-36.86000000000001
31.644000000000005,7.5999999999999845
23.384000000000004,-18.348
30.088000000000005,-20.276000000000018
37.788,-2.0080000000000098
-1.2839999999999963,-0.5360000000000031
-10.587999999999997,23.627999999999982
-42.276,-15.048000000000005
44.228,4.035999999999995
12.183999999999994,-39.68000000000001
27.235999999999994,-0.06399999999999739
10.752000000000006,-22.196000000000016
-46.108000000000004,-9.708000000000006
35.324,18.099999999999984
-34.0,-30.044000000000004
-50.012,12.056000000000001
27.288,53.67999999999999
11.304000000000002,-5.323999999999995
-30.967999999999996,-15.69600000000001
27.783999999999985,6.823999999999986
-33.599999999999994,-1.6400000000000192
-53.81199999999999,11.723999999999979
21.45600000000001,49.556
31.052000000000014,0.28399999999999537
-51.208,17.63999999999999
2.4960000000000093,-42.69600000000001
5.552000000000001,-1.2480000000000047
-13.475999999999999,-21.088000000000008
-37.775999999999996,6.6239999999999855
33.18000000000001,6.38399999999999
17.192000000000007,-16.404000000000007
-40.76,5.492000000000008
19.56,62.51599999999997
28.180000000000007,-31.82400000000001
-29.287999999999993,16.75199999999999
37.012,-16.924000000000007
13.396000000000008,43.556
26.372000000000018,-13.85200000000002
-26.83200000000001,16.679999999999986
-46.263999999999996,28.027999999999984
-1.639999999999997,7.535999999999987
11.827999999999994,18.41599999999999
-33.36799999999999,2.855999999999992
-34.864,28.932000000000002
-39.284,10.523999999999978
-14.023999999999992,22.427999999999983
-22.276000000000007,35.68799999999999
-44.032,3.2599999999999962
46.167999999999985,40.72799999999999
-10.115999999999993,-4.756000000000005
46.387999999999984,9.619999999999983
-45.836,7.055999999999996
36.66400000000001,-34.296000000000014
12.840000000000007,-36.208000000000006
-36.816,31.655999999999995
-55.588,-4.9120000000000275
34.216,36.707999999999984
36.10799999999998,-7.336000000000009
-49.412,-23.936000000000014
-21.972,-38.60800000000001
30.548,2.1479999999999944
18.819999999999993,11.280000000000001
-15.216000000000008,-31.124000000000006
11.97600000000001,-5.180000000000007
-40.523999999999994,1.3399999999999856
-40.176,-6.16000000000001
1.1519999999999975,-37.97600000000001
46.45599999999999,19.18799999999998
-12.843999999999989,1.9560000000000022
41.44399999999999,-22.14400000000001
13.515999999999995,-10.032000000000018
-13.75200000000001,-31.232000000000003
-28.815999999999995,1.532
-30.89200000000001,21.823999999999977
-31.312000000000005,30.135999999999985
31.840000000000003,17.371999999999986
-10.675999999999997,-31.66000000000001
2.0120000000000138,15.947999999999984
-40.779999999999994,8.503999999999978
28.503999999999998,-17.376000000000012
-7.496000000000014,13.96799999999998
-53.504,-8.952000000000016
-16.54,0.9959999999999969
14.632000000000001,28.635999999999996
41.37600000000001,2.5560000000000027
24.67600000000001,36.37999999999999
-34.032000000000004,-26.144000000000002
-10.304000000000002,10.392000000000001
26.444000000000003,52.903999999999996
-49.52399999999999,14.551999999999987
31.084,-5.187999999999993
-14.739999999999998,-37.68800000000001
15.579999999999995,-25.90800000000001
-16.32,0.30399999999999316
36.72,-32.53600000000001
-38.644,-22.044000000000008
24.52000000000001,-2.5920000000000165
27.976,8.739999999999991
-49.868,-9.352000000000016
-15.692000000000018,-11.852000000000018
21.90000000000001,54.89200000000001
-10.359999999999992,-0.8280000000000065
3.932000000000002,20.835999999999988
-14.032,11.772000000000006
26.187999999999988,-3.8040000000000074
-44.236,-31.67200000000001
-58.776,13.339999999999996
29.367999999999995,19.775999999999993
42.687999999999995,6.699999999999995
29.215999999999998,12.647999999999993
-18.39200000000001,23.116000000000003
30.227999999999987,-24.572000000000017
41.176000000000016,8.08399999999998
-31.052000000000003,-13.016000000000016
-15.999999999999993,-19.63600000000001
-9.336000000000011,4.156000000000004
1.6199999999999992,-32.972000000000016
44.72799999999999,26.652000000000008
43.355999999999995,15.467999999999993
9.860000000000003,2.6559999999999917
8.299999999999997,-11.696000000000017
30.519999999999992,29.04
-7.644000000000006,15.852
-35.716,-14.156000000000013
-18.555999999999994,-40.45600000000002
37.636,-1.4600000000000168
2.3639999999999883,-10.168
8.887999999999984,-14.508
31.904,48.35999999999998
-48.187999999999995,-1.5960000000000196
-6.347999999999998,25.963999999999988
-43.111999999999995,-3.3520000000000216
-16.276000000000003,26.38799999999999
-43.92,-24.416000000000015
30.435999999999996,-13.484000000000007
40.06000000000001,-6.056000000000017
23.30000000000001,-9.028000000000002
-25.747999999999994,-27.420000000000012
8.567999999999998,9.319999999999995
-8.840000000000003,-42.19600000000001
40.98,25.495999999999984
-54.496,-4.283999999999999
-52.988,15.039999999999987
12.460000000000004,16.071999999999996
46.292,-4.480000000000017
18.307999999999993,11.392000000000003
37.007999999999996,7.251999999999992
43.872,20.696000000000005
2.3560000000000025,12.592000000000002
35.952000000000005,43.14
-7.180000000000009,-10.820000000000007
41.37200000000001,42.90399999999999
-36.96799999999999,-30.236000000000008
13.788,-16.936000000000018
-40.61600000000001,-0.7840000000000069
3.279999999999994,25.627999999999986
9.407999999999994,-29.480000000000008
-0.7079999999999975,-26.880000000000003
-50.032,4.275999999999991
4.747999999999997,15.751999999999988
-25.647999999999993,-25.328000000000007
1.2480000000000047,-6.244000000000005
-12.240000000000006,26.447999999999983
32.76000000000001,28.279999999999994
50.524000000000015,25.483999999999995
25.27999999999999,8.879999999999999
-2.943999999999991,-47.228000000000016
29.644000000000005,-35.86800000000001
3.8999999999999924,6.33999999999999
-51.184,-25.548000000000005
1.3319999999999999,-6.856000000000018
-29.287999999999993,23.383999999999983
3.9839999999999876,0.46399999999999775
28.872000000000007,50.27599999999999
-22.64799999999999,16.299999999999983
-49.27199999999999,-19.132000000000016
-33.587999999999994,-33.38000000000001
-34.46799999999999,-12.412000000000011
-30.89200000000001,1.8000000000000016
-30.484,17.819999999999993
-13.144,26.76399999999999
-17.503999999999987,6.887999999999983
-42.428,9.915999999999991
21.52799999999999,-34.44400000000001
-50.548,6.5320000000000045
21.004,-43.852000000000004
23.716000000000005,44.31999999999998
-30.959999999999997,0.43199999999998795
3.3560000000000034,1.4999999999999902
6.356000000000006,26.723999999999993
37.548,39.827999999999975
-28.30799999999999,-8.248
-3.807999999999989,-19.967999999999996
-19.636,-3.29600000000001
-32.36399999999999,-25.17600000000001
-13.396000000000008,-8.144000000000007
-29.34,-4.580000000000006
-24.407999999999998,3.523999999999994
22.340000000000003,-49.120000000000005
-25.959999999999994,21.00799999999998
-4.667999999999983,-38.844
-6.1919999999999975,-7.164000000000015
11.959999999999994,-22.596000000000018
40.096,36.172000000000004
19.999999999999996,26.156000000000002
26.23200000000001,-26.624000000000002
5.9639999999999915,-13.97600000000001
18.272,-8.152000000000015
-37.37199999999999,6.292000000000009
42.58,4.943999999999993
-4.732000000000003,-21.368
2.943999999999991,-44.31600000000001
-55.468,-5.512000000000006
-26.847999999999995,18.59200000000001
-42.228,-8.724000000000009
40.256,-10.012000000000022
33.49200000000001,9.271999999999991
-22.00399999999999,-26.24000000000001
3.0159999999999965,-32.97600000000001
8.844000000000008,19.77199999999999
-8.55999999999999,-17.216000000000008
8.583999999999993,-27.34000000000001
28.04,-40.02000000000001
47.03999999999999,25.332
-0.06399999999999739,-41.39600000000001
13.467999999999991,22.919999999999984
-22.783999999999992,13.407999999999976
-15.64000000000001,-16.628
12.592000000000002,0.28799999999997716
21.896000000000004,-14.936000000000016
-21.18,-43.532000000000004
39.86399999999999,47.23599999999999
25.683999999999997,6.267999999999985
6.1839999999999895,-15.016000000000018
-19.82799999999999,28.547999999999973
19.83600000000001,46.79599999999999
-33.204,29.25199999999999
17.576000000000015,-24.560000000000002
31.96000000000001,5.535999999999985
44.263999999999996,15.023999999999994
-10.776000000000007,-13.432000000000022
28.444000000000003,32.407999999999994
-31.767999999999997,-21.252000000000017
3.4520000000000106,12.259999999999982
-42.104,-9.348
-34.816,22.287999999999975
27.163999999999987,56.384000000000015
46.556,23.623999999999977
30.267999999999983,13.31199999999999
12.060000000000004,10.499999999999998
24.616000000000014,-33.34800000000001
32.768,7.251999999999992
-7.400000000000007,-4.472000000000009
5.259999999999998,8.08399999999998
-26.107999999999986,23.95999999999998
-24.656,9.563999999999995
-15.023999999999994,19.319999999999983
-31.799999999999994,-21.840000000000003
-3.488000000000002,25.795999999999996
-0.31600000000000517,15.311999999999992
-38.071999999999996,17.68799999999999
53.17599999999998,32.847999999999985
-32.976000000000006,33.03999999999998
-25.180000000000003,34.431999999999995
-55.98800000000001,13.012
38.739999999999995,20.491999999999997
-36.65200000000001,-12.184000000000006
-6.343999999999994,0.04399999999997739
42.535999999999994,0.7160000000000055
13.016000000000005,18.487999999999992
-5.103999999999997,-0.5240000000000133
-44.532,17.799999999999994
24.639999999999993,-4.632000000000014
-36.983999999999995,27.591999999999995
-55.22,-13.22000000000001
-54.492,-16.924000000000007
-16.680000000000007,-0.6639999999999979
-38.408,-33.81200000000001
-20.752000000000002,19.18799999999998
-26.052000000000007,4.007999999999989
7.336000000000009,-29.72800000000001
27.503999999999994,44.212
-53.488,-15.027999999999997
-44.236,11.595999999999984
22.34400000000001,11.663999999999985
22.296000000000006,16.64399999999999
-59.78,8.392
-4.820000000000002,17.252000000000002
34.476,10.875999999999998
-13.524000000000003,-13.236000000000015
6.687999999999983,-1.1840000000000073
27.34399999999999,-32.20800000000001
33.592,58.86799999999999
21.772000000000013,15.291999999999994
36.24000000000001,-20.740000000000013
-9.211999999999998,-0.5720000000000169
-9.128000000000004,18.099999999999984
-41.303999999999995,-10.624
-16.256000000000004,20.863999999999994
-47.9,-1.112000000000024
38.79999999999999,32.967999999999975
22.452000000000005,-39.65600000000001
41.77600000000001,14.34399999999998
12.744,6.1960000000000015
4.712000000000005,4.007999999999989
7.9520000000000035,12.54799999999998
28.592000000000017,-44.92800000000001
25.30000000000001,1.1639999999999873
50.58799999999999,33.51200000000001
-32.616,29.831999999999994
-2.171999999999996,-22.316000000000013
-23.867999999999988,-17.020000000000014
4.740000000000011,-17.136000000000017
19.916,25.072000000000006
63.772000000000006,15.06399999999999
-40.708,17.272
24.32399999999999,2.7959999999999985
-5.667999999999984,20.48399999999999
31.319999999999993,2.167999999999992
-53.483999999999995,17.072
-22.7,-29.280000000000005
-32.424,-13.00000000000001
23.05999999999999,-33.704
-4.283999999999999,17.09999999999998
46.268,42.111999999999995
33.90799999999998,8.247999999999989
12.012,0.36399999999998656
54.327999999999996,31.40799999999999
27.864,-34.48000000000001
39.89200000000002,-20.908000000000005
39.92799999999998,6.732000000000005
40.99600000000001,-4.7800000000000065
-14.35200000000001,23.659999999999993
-29.612000000000005,3.055999999999992
-21.387999999999995,6.155999999999984
-12.212,-41.60800000000001
36.40399999999999,41.15199999999999
14.579999999999993,-7.747999999999999
5.264000000000002,-3.3800000000000052
-36.672000000000004,11.587999999999976
-11.563999999999997,-4.083999999999999
18.072,-40.41600000000001
-29.96399999999999,-0.5360000000000031
48.280000000000015,33.56799999999998
46.355999999999995,-2.5720000000000187
13.904000000000005,3.303999999999996
2.756000000000003,-23.140000000000004
28.312000000000005,-16.80400000000001
-55.456,7.596000000000003
-0.9720000000000173,20.57199999999999
43.796000000000014,22.136
-52.82399999999999,19.955999999999996
-12.912000000000013,-37.73200000000001
38.64000000000001,14.951999999999988
36.612,-4.080000000000017
52.92000000000001,31.043999999999983
33.988,27.092000000000006
-3.316000000000008,22.496000000000006
26.136000000000003,-36.51600000000001
14.179999999999993,60.37599999999998
23.868000000000002,36.275999999999996
-8.148,13.503999999999984
18.347999999999985,-3.660000000000019
-4.447999999999985,10.352000000000006
-30.384,-9.172000000000013
-36.15200000000001,0.8159999999999945
34.592,-25.072000000000017
27.827999999999985,-1.6320000000000112
-9.968,-32.48800000000001
50.395999999999994,37.59599999999998
38.707999999999984,7.263999999999982
41.016000000000005,38.307999999999986
48.65599999999999,6.003999999999987
0.31200000000000117,-15.476000000000012
39.91200000000001,-15.964
21.587999999999987,51.14399999999999
-22.796000000000006,-39.256000000000014
-28.023999999999994,-39.284000000000006
-26.932000000000013,10.607999999999972
-38.236000000000004,-10.116000000000014
-46.736,22.823999999999977
-40.408,14.399999999999991
-8.243999999999986,-32.484
-35.62799999999999,-12.024000000000001
-10.863999999999985,30.07199999999999
20.032000000000004,-32.39200000000001
-42.708,-20.212000000000018
-5.703999999999998,7.291999999999987
0.7840000000000069,-6.547999999999998
-55.36800000000001,3.523999999999994
29.65599999999999,20.311999999999998
-21.467999999999986,12.463999999999986
33.284000000000006,29.63199999999999
22.355999999999998,-34.84800000000001
-7.432000000000016,-17.100000000000005
11.519999999999996,26.643999999999977
26.807999999999986,-5.624000000000007
-36.10399999999999,-23.108000000000008
29.80400000000001,-25.724000000000004
-54.327999999999996,7.891999999999988
37.504000000000005,-19.688000000000006
22.727999999999994,-28.216000000000008
38.02000000000001,15.012000000000004
-41.76399999999999,19.16
-16.632,18.527999999999988
27.499999999999993,4.81999999999998
26.259999999999994,-12.356000000000012
50.44800000000001,27.547999999999973
-17.047999999999995,-28.692000000000007
10.192,-22.61200000000002
17.104000000000006,-39.32000000000001
-17.247999999999998,-39.66400000000001
20.152000000000015,54.279999999999994
21.36,7.22799999999999
-31.556000000000004,8.975999999999985
-15.535999999999994,-7.876000000000016
0.9840000000000071,-27.46400000000001
31.539999999999992,-41.772000000000006
-39.44,32.86799999999999
-14.159999999999995,-9.920000000000007
34.016000000000005,4.987999999999992
-25.807999999999986,-7.720000000000016
13.223999999999991,19.652
23.683999999999994,61.25599999999998
14.672000000000018,-29.61600000000001
51.604000000000006,33.02799999999999
-4.6640000000000015,9.352000000000004
7.49200000000001,-13.980000000000015
21.94799999999999,23.712
-32.08399999999999,8.763999999999994
-17.335999999999995,23.123999999999988
7.380000000000009,-2.756000000000003
-37.77199999999999,28.695999999999987
26.627999999999986,-17.08400000000001
45.28400000000001,40.276
-24.996000000000006,11.163999999999996
33.220000000000006,7.695999999999992
-19.932000000000006,23.099999999999987
8.192,7.475999999999994
28.676000000000013,19.563999999999982
-14.616000000000007,-3.2280000000000086
-16.608,-34.152
42.74400000000001,27.651999999999987
13.084000000000007,-0.6560000000000121
20.320000000000004,-49.824
37.504000000000005,-21.69200000000001
-29.32,-34.63600000000001
-46.492,-13.728000000000007
1.5720000000000178,-49.10000000000001
13.748000000000005,-4.208000000000012
14.012000000000002,14.283999999999985
26.479999999999993,10.155999999999988
-23.37600000000001,-21.38000000000001
27.432000000000013,3.1120000000000037
49.68400000000002,37.192
-32.276,-16.724000000000004
-43.544,-32.88000000000001
20.184,-30.584
31.232000000000014,-27.648000000000007
-14.335999999999993,-45.996000000000016
-29.076,5.69599999999999
-53.547999999999995,5.447999999999986
14.403999999999995,45.98399999999998
-24.583999999999996,7.487999999999984
-6.0960000000000125,-37.58800000000001
35.256,-12.287999999999998
34.012,20.872
21.4,23.76799999999999
-8.543999999999997,-12.716000000000015
44.08399999999999,36.392
-42.784,9.463999999999984
-27.427999999999997,-38.33200000000001
17.564,-33.80000000000001
-13.983999999999996,-19.564000000000004
-28.423999999999992,1.971999999999996
13.251999999999997,-35.82000000000001
28.756000000000004,49.72399999999999
34.60000000000001,-20.83200000000002
-16.056000000000004,3.7879999999999914
27.264,25.187999999999988
-16.680000000000007,-39.848000000000006
24.492000000000004,48.85999999999999
13.880000000000003,44.03999999999999
-32.087999999999994,-35.796000000000014
-18.008000000000003,32.179999999999986
23.892000000000003,52.42799999999998
24.367999999999988,-42.47200000000001
16.872,61.219999999999985
18.144000000000005,61.095999999999975
20.336,-44.42800000000001
14.04399999999999,9.891999999999989
31.167999999999996,24.976
-4.5439999999999925,6.323999999999996
26.94000000000001,0.9639999999999871
5.079999999999996,-16.65200000000001
-6.763999999999992,7.363999999999993
4.467999999999983,-30.688000000000017
28.27200000000001,0.7079999999999753
8.143999999999995,23.292
25.656000000000013,47.17199999999999
-51.076,-28.148000000000007
19.944000000000006,-6.372000000000022
47.507999999999996,18.45599999999998
0.27600000000000957,11.067999999999989
25.36799999999999,-8.356000000000009
-38.108,-28.768000000000015
43.70799999999999,-1.8080000000000096
-36.192,14.175999999999988
12.295999999999996,-35.172000000000004
-25.056,19.067999999999973
-40.779999999999994,20.799999999999997
41.496,-11.804000000000004
-3.6839999999999984,8.80399999999999
-29.720000000000002,30.196
30.956000000000007,-45.032000000000004
47.995999999999995,39.172000000000004
13.536000000000016,60.83599999999998
-3.74000000000001,-36.86000000000001
-38.32,-24.51200000000001
-44.816,-21.62400000000001
-50.964,9.97999999999999
37.51599999999999,42.736
7.487999999999984,22.683999999999994
36.72,-29.124000000000006
-0.6839999999999957,-0.42400000000000215
-15.432000000000002,32.579999999999984
-40.0,26.00799999999999
48.152000000000015,15.412000000000003
16.74,54.992
19.472,45.891999999999996
41.456,28.66399999999998
21.887999999999998,-22.996000000000016
6.3080000000000025,18.179999999999996
43.86399999999999,9.787999999999975
-18.247999999999998,21.307999999999993
-44.663999999999994,-5.572000000000021
36.40000000000001,29.88399999999998
31.235999999999997,39.867999999999995
-8.13600000000001,-25.236000000000015
-1.4479999999999826,7.035999999999998
-28.303999999999995,12.55599999999999
16.744000000000003,-47.24
-22.032000000000007,-7.720000000000016
-1.8560000000000132,6.671999999999989
-27.476,-9.232000000000017
-34.60399999999999,-4.1160000000000085
-32.74,8.863999999999983
-0.30799999999999716,-50.160000000000004
47.58,13.963999999999977
27.483999999999998,58.235999999999976
25.595999999999997,-33.63600000000001
40.283999999999985,40.096
-29.056000000000004,15.603999999999996
19.472,-16.132000000000012
-2.6760000000000117,19.947999999999986
-48.739999999999995,-21.288000000000007
-6.844000000000006,-13.660000000000005
-10.127999999999982,29.29599999999999
11.240000000000006,-40.58400000000001
-0.0320000000000098,-40.844
-51.275999999999996,-9.276000000000018
17.487999999999992,59.575999999999986
32.704,-9.840000000000003
-48.46,-17.33600000000002
-21.327999999999992,-30.464000000000002
-45.072,21.50399999999999
26.859999999999996,-37.492000000000004
-9.055999999999997,2.743999999999991
13.115999999999994,-47.692000000000014
35.236000000000004,33.38799999999998
-50.407999999999994,18.379999999999995
31.391999999999996,-30.732000000000003
-42.352000000000004,-9.836000000000011
27.776,39.079999999999984
34.728,-24.016000000000016
8.543999999999997,11.132000000000009
-53.672,0.7879999999999887
18.223999999999997,-34.772000000000006
35.440000000000005,1.29999999999999
10.499999999999998,13.815999999999985
-18.887999999999995,9.552000000000005
-34.48,-22.39200000000001
-44.967999999999996,23.54799999999999
24.916000000000004,-23.776000000000007
19.544000000000004,-29.30800000000001
-1.8920000000000048,18.992000000000008
22.984000000000005,-32.77600000000002
-38.696000000000005,22.139999999999983
-36.744,26.06799999999998
-18.86399999999999,-13.060000000000006
22.50399999999999,26.0
-29.727999999999987,14.747999999999983
29.627999999999986,-10.344000000000008
-53.776,4.559999999999986
10.339999999999993,28.932000000000002
-16.576000000000015,28.803999999999984
14.907999999999987,-50.12800000000001
8.407999999999994,5.299999999999994
-18.727999999999987,-41.37200000000001
-18.15200000000001,16.08399999999999
-21.772000000000002,3.5560000000000036
-34.88399999999999,-13.27600000000001
33.084,13.879999999999981
5.708000000000002,-16.744000000000003
5.052000000000012,9.196000000000005
28.156000000000002,-6.5440000000000165
-49.583999999999996,20.787999999999982
39.715999999999994,-24.73200000000002
-15.312000000000015,27.27599999999999
7.596000000000003,-33.31200000000001
39.275999999999996,33.04399999999998
3.2640000000000002,-14.36400000000001
15.632000000000001,-30.10800000000001
-29.600000000000005,-16.38400000000001
2.947999999999995,1.9120000000000026
-4.523999999999995,-1.32000000000001
5.24,-8.688000000000006
46.144000000000005,-13.564000000000009
-7.372000000000001,20.37199999999999
29.392000000000017,15.871999999999996
7.8239999999999865,10.163999999999994
-41.327999999999996,-28.19600000000001
18.376000000000015,9.11599999999999
22.98,-8.467999999999998
27.903999999999996,51.94399999999999
21.876000000000005,-12.588
38.79600000000001,30.523999999999994
-30.259999999999998,-32.188
3.1479999999999952,-3.400000000000003
17.388000000000005,1.7239999999999922
-18.59200000000001,-20.31200000000002
16.335999999999995,-6.624000000000008
47.492000000000004,0.32799999999997276
25.619999999999997,-12.284000000000006
-40.408,-16.164
-33.016,-37.03200000000001
-17.384,9.283999999999981
-0.6040000000000045,-41.604000000000006
9.907999999999983,3.615999999999997
10.532000000000007,27.815999999999995
-24.8,1.7239999999999922
-28.85200000000001,-30.756000000000018
0.6079999999999863,23.623999999999977
-15.871999999999996,-2.747999999999995
14.344000000000001,13.183999999999996
-14.179999999999993,-20.256000000000007
-26.156000000000002,13.819999999999988
24.740000000000006,-21.200000000000006
-38.78,8.796000000000003
-7.475999999999994,-13.040000000000006
36.284000000000006,-33.788000000000004
-9.652000000000015,9.49199999999999
-34.07600000000001,26.45599999999999
1.9519999999999982,29.65599999999999
26.180000000000003,6.647999999999987
18.355999999999995,-43.468
-2.192000000000016,-9.740000000000004
40.647999999999996,22.20399999999998
-30.396,20.46399999999999
31.36000000000001,-44.18800000000002
29.879999999999995,16.232000000000003
20.712000000000018,-27.956000000000014
19.972000000000012,23.652000000000008
18.564000000000004,39.803999999999995
-56.096000000000004,12.06799999999999
8.232000000000017,10.53599999999999
12.368000000000002,-16.988000000000003
-4.3199999999999905,-23.41200000000002
-29.54,-15.276000000000012
-10.532000000000007,-30.080000000000005
20.987999999999985,-44.444
-15.703999999999985,-19.188000000000006
-38.364,-31.884
-40.832,15.803999999999995
20.779999999999998,-31.444000000000006
14.924000000000003,-39.70400000000001
-4.6640000000000015,8.18399999999999
-45.151999999999994,-7.380000000000009
31.667999999999985,-27.140000000000008
19.516,32.27199999999999
-10.252000000000017,6.203999999999987
24.552000000000017,-9.596000000000016
25.656000000000013,16.28799999999999
-30.027999999999988,25.01199999999999
24.76400000000001,-3.100000000000014
-29.879999999999995,-33.184000000000005
35.400000000000006,-22.44400000000001
-51.676,-8.11200000000002
-16.616000000000007,-6.976000000000004
27.699999999999992,-6.840000000000002
14.924000000000003,11.683999999999983
25.007999999999985,-39.30000000000001
31.840000000000003,19.35199999999999
-44.084,-27.10800000000001
4.8960000000000115,30.240000000000002
-2.0999999999999908,-15.64000000000001
24.76400000000001,59.431999999999995
13.968000000000004,45.61200000000001
17.412000000000006,16.192000000000007
49.18,5.756000000000006
-35.352000000000004,18.467999999999975
50.23599999999999,29.707999999999977
-46.888,20.476000000000006
-3.727999999999998,-13.012000000000013
-21.604,-13.23200000000002
-48.116,28.512000000000004
50.60799999999999,3.3399999999999874
41.496,20.719999999999985
32.116000000000014,22.712
-29.787999999999993,33.45199999999999
23.67999999999999,58.93200000000001
35.656,-25.048000000000002
-19.135999999999996,-38.95600000000001
3.4399999999999986,-49.64800000000002
2.624000000000004,-20.152000000000015
-8.411999999999997,-41.37600000000001
13.352000000000007,-13.496000000000008
34.307999999999986,16.927999999999987
-7.803999999999989,-16.612000000000016
-34.79200000000001,25.247999999999983
-57.924,-16.108
24.327999999999996,57.164000000000016
9.796000000000005,-0.13600000000000279
25.67600000000001,-22.476000000000017
-19.187999999999995,-33.240000000000016
20.955999999999996,-9.404000000000002
4.620000000000002,-50.60800000000001
-52.696,15.955999999999992
20.696000000000005,-29.456000000000017
-43.504,11.192000000000002
25.312,-19.924000000000007
-57.304,1.4479999999999826
-43.496,10.179999999999989
33.667999999999985,3.371999999999997
-10.084000000000003,13.239999999999984
19.263999999999992,-15.504000000000007
41.7,37.30399999999998
41.896,17.047999999999973
20.456000000000007,-20.39200000000002
-45.912,2.3159999999999847
34.38000000000001,-15.892000000000017
9.107999999999983,-4.176000000000002
36.275999999999996,25.583999999999985
13.884000000000007,-20.176000000000016
-19.92799999999999,-34.072
26.296000000000006,24.407999999999987
-5.703999999999998,8.975999999999985
2.8200000000000003,-15.972000000000019
-6.7560000000000064,-48.84
-37.012000000000015,0.22399999999997977
32.26799999999999,44.73199999999999
15.935999999999995,2.7039999999999953
-14.732000000000012,3.956000000000004
-10.443999999999987,-22.652000000000015
1.6000000000000014,19.307999999999993
-40.471999999999994,-17.164
36.307999999999986,-28.600000000000016
28.407999999999987,6.843999999999983
-39.571999999999996,-15.368000000000004
-18.527999999999988,28.91999999999999
3.5679999999999934,9.996000000000006
-22.640000000000004,-4.072000000000009
-3.7919999999999954,1.9479999999999942
-12.603999999999992,-40.84000000000001
42.176000000000016,-8.820000000000006
-35.53999999999999,-7.816000000000011
-51.339999999999996,-3.747999999999996
35.163999999999994,33.996
-13.312000000000012,21.267999999999976
-11.027999999999993,28.58799999999999
-3.8559999999999928,-46.41600000000001
9.152000000000005,-45.996000000000016
-31.240000000000002,-19.840000000000014
-26.85200000000001,12.503999999999982
-51.488,19.755999999999997
-22.46799999999999,-35.16800000000001
25.747999999999994,62.89599999999997
23.995999999999995,55.51200000000001
16.735999999999997,-40.40000000000001
25.595999999999997,16.81999999999999
-19.304,2.2599999999999953
13.05200000000002,-6.596000000000002
-29.043999999999993,-14.827999999999996
19.247999999999998,-35.504000000000005
34.348,-39.80000000000001
2.088000000000001,27.907999999999976
16.683999999999987,-10.024000000000012
11.719999999999997,11.911999999999988
-38.652,-11.848000000000003
30.496000000000013,-8.048
-7.479999999999998,-48.74000000000001
25.708,15.53199999999999
-10.983999999999995,-47.728000000000016
29.659999999999997,0.5839999999999845
4.832000000000014,-49.02000000000001
-40.48,19.59599999999999
-53.14,-1.8040000000000056
6.176000000000004,-21.052000000000014
3.7719999999999976,-16.592000000000017
2.9360000000000053,1.2199999999999989
15.280000000000005,24.607999999999986
38.988,11.73599999999999
10.40000000000001,-45.09600000000001
-0.7720000000000171,-33.152
15.451999999999998,11.663999999999985
20.552000000000014,-40.86000000000001
-11.124,1.631999999999989
30.000000000000004,-2.9440000000000133
0.8960000000000079,-29.74000000000001
-35.824,9.987999999999975
29.85200000000001,-12.788
5.703999999999998,27.971999999999998
-47.583999999999996,-30.088000000000015
-3.0440000000000023,-5.204000000000009
39.544000000000004,19.967999999999986
28.016,6.1919999999999975
40.739999999999995,-22.104000000000003
-23.24799999999999,-10.064000000000007
-29.64399999999999,-34.11200000000001
48.10400000000001,19.131999999999994
17.080000000000005,-4.868000000000006
-11.075999999999997,-34.172000000000004
-48.812,12.232
27.688000000000002,25.62399999999998
38.512000000000015,-25.272000000000016
-20.063999999999993,15.212000000000003
-21.563999999999993,26.747999999999994
0.6960000000000077,10.643999999999988
-9.148,18.90399999999999
35.5,-21.780000000000012
33.45200000000001,40.45999999999999
-1.859999999999995,17.40799999999998
37.952000000000005,19.795999999999992
-9.316000000000013,15.867999999999993
-21.819999999999993,-39.304
11.095999999999995,7.352000000000003
50.44,35.76799999999998
-4.4440000000000035,-48.75600000000001
17.988000000000003,64.43999999999998
49.76400000000001,32.09599999999999
13.612000000000002,-8.144000000000007
-22.11200000000001,9.016000000000002
-26.06799999999999,19.015999999999988
29.171999999999997,10.167999999999978
13.651999999999997,-33.63600000000001
-12.084000000000007,27.02
-48.08,-11.076000000000008
27.05200000000001,44.54399999999998
-3.5560000000000036,-17.100000000000005
-26.28799999999999,-10.992000000000013
33.496000000000016,46.56
32.20799999999999,36.37999999999999
-21.09200000000001,-32.888000000000005
45.88000000000001,40.135999999999996
41.388000000000005,10.607999999999972
-37.212,25.635999999999992
-23.127999999999993,21.14799999999999
14.983999999999998,12.856000000000002
35.895999999999994,8.796000000000003
-26.85200000000001,-1.4800000000000146
41.49200000000002,-8.972000000000014
20.567999999999987,-8.388000000000007
-37.85999999999999,-27.968000000000014
38.172000000000004,23.19199999999999
20.72799999999999,-50.16400000000001
23.85600000000001,18.935999999999996
9.284000000000002,-5.523999999999996
22.52799999999999,-26.892000000000003
-16.527999999999988,25.295999999999985
41.324000000000005,12.992000000000004
25.419999999999998,-35.03600000000001
16.447999999999997,40.81599999999999
19.32400000000001,1.4879999999999782
15.59999999999999,50.37199999999999
-48.536,-9.960000000000013
22.683999999999994,-10.328000000000003
48.92000000000001,20.395999999999994
26.45200000000001,-14.856000000000014
1.8360000000000154,-2.960000000000007
28.844,-19.49200000000002
-18.952000000000012,-24.10000000000001
-8.732000000000006,8.451999999999993
4.312000000000005,3.47599999999999
-37.244,-19.508000000000003
-39.768,11.227999999999994
-9.423999999999989,-45.30400000000001
-3.807999999999989,1.2759999999999883
-51.78,22.467999999999975
25.868000000000002,-38.29600000000001
4.60799999999999,17.903999999999986
-0.41200000000001236,-36.65200000000001
36.44799999999999,-9.964000000000006
15.84000000000001,-31.656000000000017
-1.1039999999999939,1.1199999999999877
17.823999999999995,57.324
-25.163999999999998,0.6759999999999877
42.31200000000002,28.463999999999977
53.14400000000001,29.459999999999997
43.516,2.9079999999999773
11.260000000000003,11.280000000000001
-13.327999999999985,13.383999999999997
27.963999999999988,-20.596000000000014
31.464000000000002,32.579999999999984
31.06,4.796
21.70399999999999,24.932
-7.007999999999992,-22.508000000000006
23.512,35.831999999999994
-22.555999999999997,-12.596000000000018
25.563999999999986,-3.9039999999999964
-19.240000000000002,12.91199999999999
21.996000000000016,55.44399999999998
-23.287999999999986,12.331999999999987
17.652,-20.564000000000004
-49.748000000000005,-11.092000000000013
-15.416000000000007,12.1
-35.943999999999996,-3.952000000000022
44.63600000000001,6.919999999999993
8.267999999999986,54.79999999999998
6.772,27.06399999999998
-34.816,14.856000000000002
-49.876,-3.2560000000000144
18.067999999999994,24.02399999999998
-2.2520000000000095,3.0319999999999903
-26.247999999999994,8.687999999999985
-26.50799999999999,-9.887999999999996
32.447999999999986,3.27599999999999
32.28799999999998,-18.71600000000001
48.44,3.059999999999996
-17.39600000000001,-35.74400000000001
11.368,8.419999999999984
17.755999999999993,-25.280000000000015
-6.576000000000004,8.519999999999994
21.644,58.35999999999999
-43.611999999999995,-12.82000000000001
18.347999999999985,-29.12800000000001
29.160000000000007,35.096
24.227999999999984,-37.824000000000005
-6.512000000000007,-27.428000000000008
-49.532,-17.03600000000002
-52.336000000000006,-27.884000000000007
9.352000000000004,0.39199999999999235
-32.74,-32.884
46.404000000000025,21.02799999999998
26.872000000000007,-6.240000000000001
7.42799999999999,11.411999999999999
-39.696,-21.640000000000004
15.247999999999994,11.175999999999986
18.472,-47.19600000000001
-21.916000000000004,11.675999999999998
-23.983999999999995,13.79999999999999
-21.424,-40.320000000000014
16.68799999999999,5.715999999999988
42.687999999999995,5.467999999999984
37.504000000000005,43.32799999999999
-32.98,-26.73200000000001
42.676,30.411999999999995
-43.84,23.215999999999994
40.72,11.143999999999977
-24.367999999999988,24.77999999999998
-18.232000000000003,-24.97600000000001
-22.355999999999998,-2.6000000000000023
-10.352000000000006,-21.987999999999996
-3.7879999999999914,-41.09600000000001
28.644000000000002,18.90399999999999
-16.408,7.919999999999994
-23.776000000000007,-18.196000000000012
9.139999999999993,-13.368000000000002
10.972000000000005,-38.17600000000001
24.736000000000004,58.44400000000001
49.027999999999984,16.127999999999986
-52.86,8.535999999999987
7.879999999999998,-52.30000000000001
45.17200000000001,22.655999999999988
18.83600000000001,-39.044000000000004
3.5760000000000014,-33.304
4.5560000000000045,1.5479999999999938
22.816000000000013,57.83599999999998
16.516,5.152000000000001
-11.715999999999994,-3.2560000000000144
23.343999999999987,19.243999999999993
-7.312000000000007,22.69999999999999
-36.97200000000001,-33.24800000000001
18.243999999999993,55.14399999999999
5.67200000000001,29.86399999999998
-28.720000000000002,-31.932000000000006
54.64799999999998,25.915999999999983
-25.007999999999996,31.275999999999993
-43.568,-19.432000000000016
38.724000000000004,-2.7079999999999993
16.408,-18.236000000000008
37.076,-3.308
-4.371999999999998,13.071999999999996
26.244,18.272
-38.648,-35.272000000000006
5.987999999999993,-16.132000000000012
-33.996,-31.180000000000007
-57.263999999999996,5.991999999999997
-43.952000000000005,-20.23600000000001
-3.1519999999999992,-9.344000000000008
-15.227999999999998,2.971999999999997
-1.2520000000000087,13.552000000000008
47.13200000000002,10.552000000000007
-11.744,-46.83600000000001
9.507999999999983,11.463999999999984
-4.887999999999981,-3.520000000000012
-19.46399999999999,15.019999999999989
-26.703999999999994,-8.272000000000013
13.37600000000001,16.911999999999992
-21.855999999999998,-34.284000000000006
-36.62399999999999,-13.980000000000015
8.847999999999988,-10.552000000000017
-43.220000000000006,13.091999999999992
37.779999999999994,48.536
28.499999999999993,-33.17200000000001
-1.9879999999999898,-24.48000000000001
-31.240000000000002,-31.112000000000005
35.80399999999999,-14.524000000000004
-11.856,10.787999999999975
17.992000000000008,3.263999999999978
-38.512,-19.044000000000004
-11.35600000000001,18.62799999999998
53.67200000000001,31.259999999999998
-3.9760000000000018,-27.460000000000008
-50.92399999999999,-0.060000000000015596
26.259999999999994,14.479999999999983
-47.099999999999994,-20.524000000000008
-47.040000000000006,6.787999999999994
2.4440000000000017,-29.716000000000008
40.236000000000004,33.643999999999984
3.727999999999998,-46.032000000000004
37.916,17.832000000000004
15.547999999999984,18.987999999999982
27.279999999999994,-25.224000000000004
51.292,30.512000000000008
18.112000000000016,20.18399999999998
9.487999999999985,-30.15200000000001
-17.344000000000005,3.303999999999996
-3.424000000000005,18.775999999999993
1.1800000000000033,27.04
4.415999999999998,-26.384000000000007
5.343999999999993,15.755999999999993
23.807999999999986,42.992000000000004
-17.500000000000004,-5.432000000000015
-3.583999999999987,-34.06800000000001
-41.564,-27.140000000000008
2.3639999999999883,-15.668000000000005
-6.4119999999999955,-22.067999999999998
-28.676000000000002,-9.232000000000017
-37.260000000000005,26.403999999999982
-4.16399999999999,28.163999999999987
25.448000000000004,-10.184000000000005
15.915999999999997,-28.56000000000001
-51.352,19.252000000000002
-6.247999999999987,-17.984
-17.647999999999996,-24.856000000000012
26.692000000000004,-41.832
-11.427999999999994,15.439999999999987
45.06000000000001,7.967999999999975
12.5,5.343999999999993
23.764000000000006,-26.372000000000007
-24.739999999999995,20.507999999999992
10.348000000000003,26.703999999999994
29.016,43.19200000000001
-44.048,15.995999999999988
14.59999999999999,-51.48400000000001
-1.1679999999999913,-22.35600000000001
28.136000000000006,-45.82800000000001
-21.607999999999993,-27.724000000000004
-28.464,-35.608000000000004
33.71200000000001,32.831999999999994
39.88,36.755999999999986
3.9719999999999978,-45.53600000000001
-14.952000000000009,-44.2
-22.387999999999998,-5.664000000000002
46.720000000000006,26.783999999999985
10.840000000000005,13.443999999999988
-40.884,-23.64400000000001
17.656000000000006,65.41999999999999
39.08799999999999,37.71199999999999
-22.019999999999996,17.371999999999986
-26.036000000000005,-15.920000000000012
20.944000000000006,-4.039999999999999
32.220000000000006,-1.760000000000006
-37.980000000000004,-10.728000000000005
-1.6680000000000028,-38.10800000000001
13.075999999999999,-43.45600000000002
5.667999999999984,-15.508
34.704,56.68
16.267999999999994,-1.2320000000000109
-0.22400000000000198,22.112
22.320000000000007,-0.7640000000000091
9.976000000000006,-9.22400000000001
2.607999999999988,-11.748000000000003
-16.332000000000015,-41.908000000000015
-41.284,12.263999999999985
2.296000000000009,-4.523999999999995
-24.287999999999986,-14.432000000000011
7.803999999999989,-26.90800000000001
-9.996000000000006,-14.864000000000011
-18.584,2.5959999999999983
-17.555999999999994,-27.716000000000008
7.776000000000005,-22.748
-34.732000000000006,2.1239999999999926
-14.887999999999991,12.075999999999997
40.48399999999999,-23.43200000000002
42.14,38.90399999999998
31.943999999999996,59.535999999999966
-41.279999999999994,-10.024000000000012
-39.884,-32.076000000000015
-37.28399999999999,10.50399999999998
38.17999999999999,6.027999999999989
-23.580000000000002,-42.47600000000001
-51.756,23.2
-1.0199999999999987,16.731999999999992
-3.1279999999999974,12.919999999999998
31.664,26.00799999999999
17.227999999999998,13.051999999999996
-21.68399999999999,4.156000000000004
22.98,-30.22800000000001
22.036000000000012,-27.232000000000014
26.131999999999998,-6.80400000000001
-28.792000000000005,-4.152000000000022
-10.072000000000013,-29.820000000000014
48.112,35.699999999999996
28.832000000000015,-3.756000000000004
-53.959999999999994,1.9399999999999862
-0.29999999999998916,-2.947999999999995
34.18000000000001,11.880000000000003
-2.2560000000000136,0.9839999999999849
5.9719999999999995,25.639999999999997
-28.695999999999998,-34.47600000000002
-19.512000000000008,-11.780000000000012
29.76399999999999,33.763999999999996
9.507999999999983,-48.80800000000001
52.935999999999986,3.9799999999999836
36.919999999999995,54.092000000000006
-11.831999999999997,-44.45600000000002
16.347999999999985,-21.067999999999998
-3.047999999999984,-43.50400000000001
-22.76,20.519999999999982
-11.420000000000009,-14.627999999999997
32.26,-28.184000000000008
48.21200000000001,0.5319999999999991
13.663999999999987,11.13599999999999
-15.280000000000005,21.452000000000005
6.232000000000015,17.511999999999993
10.507999999999985,-2.1520000000000206
8.80399999999999,-46.51600000000001
50.56799999999999,2.6479999999999837
14.35200000000001,23.116000000000003
32.348,55.63199999999999
-3.312000000000004,11.663999999999985
10.91200000000001,-29.22800000000001
9.18000000000001,9.167999999999976
33.544,-7.076000000000016
-15.660000000000007,4.243999999999981
-33.419999999999995,24.77999999999998
29.53600000000001,24.96799999999999
19.167999999999985,-28.044000000000004
16.115999999999996,47.37199999999999
-28.82,3.8639999999999786
-45.604,4.279999999999995
-5.612000000000017,-12.47600000000001
7.672000000000012,-41.320000000000014
-27.903999999999996,-22.548000000000002
5.103999999999997,14.415999999999984
7.387999999999995,12.675999999999998
-52.32399999999999,14.363999999999976
-21.44799999999999,-7.028000000000012
28.103999999999996,44.255999999999986
-33.644,19.863999999999994
-28.179999999999993,24.24399999999998
0.7600000000000051,-4.167999999999994
11.275999999999996,-14.388000000000002
19.88000000000001,-41.89600000000001
-25.847999999999992,9.911999999999988
-50.468,-3.508
55.26799999999999,15.412000000000003
18.048,0.5599999999999827
-6.967999999999996,-23.496000000000016
-0.8000000000000007,23.239999999999995
13.99999999999999,-48.38400000000001
17.700000000000003,-41.856000000000016
30.540000000000013,-26.256000000000014
-4.596,-18.480000000000008
-56.767999999999994,8.436
-23.52799999999999,24.62399999999998
-48.852,11.636000000000003
17.90799999999999,-32.284
-25.69600000000001,14.54399999999998
-26.62399999999999,-31.480000000000008
21.784000000000002,-17.356000000000016
-2.8240000000000043,2.283999999999997
28.683999999999997,39.93599999999999
-18.843999999999994,-38.10000000000001
-26.096000000000007,-26.384000000000007
-49.88,-5.123999999999995
-36.07600000000001,-29.160000000000007
-14.292000000000016,5.376000000000003
1.7360000000000042,5.075999999999992
1.0440000000000005,-11.508000000000006
43.632000000000005,7.783999999999991
-46.072,18.99599999999999
0.45600000000001195,-40.748000000000005
34.423999999999985,-30.264000000000003
34.123999999999995,-29.37200000000001
50.12000000000001,15.091999999999995
45.64400000000002,21.699999999999985
-14.900000000000002,-26.632000000000012
35.23200000000002,37.636
27.316000000000006,-0.6480000000000041
22.65600000000001,-33.984
26.264,-41.296000000000014
-8.123999999999999,-36.44400000000001
44.072,-16.956000000000017
30.196,56.02399999999999
23.45600000000001,-19.620000000000005
-33.144,-38.612
33.675999999999995,48.94399999999999
36.3,22.98
20.787999999999982,-49.592000000000006
39.968,-0.47600000000000975
19.364000000000004,-13.984000000000007
-22.21200000000001,-23.364000000000008
46.695999999999984,-11.907999999999996
-3.723999999999994,12.083999999999984
19.32799999999999,42.18799999999998
-52.284,2.6439999999999797
-48.888,15.103999999999985
26.847999999999985,23.139999999999983
23.103999999999992,25.919999999999987
-2.976000000000001,-19.20400000000001
-56.13199999999999,-9.620000000000006
39.676,57.23999999999998
-21.799999999999997,18.795999999999992
26.56799999999999,56.49999999999999
31.816,9.996000000000006
43.828,30.08399999999998
5.452000000000012,-52.18400000000001
34.455999999999996,-17.796000000000014
53.824000000000005,-1.9440000000000124
29.367999999999995,-5.492000000000008
34.656,29.927999999999976
-7.339999999999991,-31.86000000000001
28.792000000000016,37.49199999999999
-32.943999999999996,4.055999999999993
44.88799999999999,14.232
-48.571999999999996,21.283999999999992
-11.748000000000003,-37.90000000000001
27.659999999999997,-9.032000000000018
31.556000000000004,53.78799999999999
-12.836000000000002,-40.25200000000001
35.968,50.58399999999998
-33.567999999999984,-3.5600000000000076
11.159999999999993,-23.784000000000006
22.492,-19.344000000000005
-22.892000000000003,-8.884000000000004
44.23600000000001,-12.984000000000007
-37.583999999999996,11.227999999999994
-58.8,8.983999999999991
-21.567999999999987,-42.30400000000001
-14.471999999999996,18.303999999999988
-4.052000000000011,27.156000000000002
34.46799999999999,7.495999999999992
22.19200000000001,-13.248000000000005
-1.195999999999997,21.21200000000001
-9.183999999999992,13.036000000000003
-52.388,21.72399999999999
30.983999999999988,-2.5840000000000085
-43.63600000000001,22.267999999999976
-19.972,-24.387999999999998
-7.196000000000002,8.31599999999999
-29.96399999999999,-2.283999999999997
42.32,10.147999999999978
51.800000000000004,20.95199999999999
8.652000000000015,23.019999999999996
17.964000000000002,-19.268000000000008
-51.532,-0.0760000000000094
24.30000000000001,50.91599999999998
2.1239999999999926,-3.512000000000026
17.623999999999995,-38.37200000000001
-5.467999999999984,-43.72800000000001
22.912,-46.74400000000001
-33.472,21.716
14.788,-21.420000000000005
34.02399999999999,-32.50000000000001
15.812000000000005,-8.716000000000012
-51.412,-15.144000000000002
16.947999999999986,-47.81200000000001
16.08399999999999,-32.60000000000001
36.60399999999999,5.487999999999982
-32.587999999999994,20.735999999999997
27.407999999999987,-3.8960000000000106
23.863999999999997,25.375999999999998
-23.196000000000005,-42.04000000000001
53.132000000000005,0.9319999999999995
-5.196000000000001,-20.944000000000006
32.66,-43.09600000000001
-24.66799999999999,18.496000000000002
23.912,-20.492000000000022
-33.943999999999996,22.912
53.488,21.607999999999983
26.592000000000017,-16.144000000000002
-18.15200000000001,-25.98800000000001
-31.220000000000002,-11.40000000000001
41.90400000000001,-4.083999999999999
38.92,31.943999999999996
-2.4920000000000053,-18.216000000000008
-15.707999999999988,25.37999999999998
14.676,-22.584000000000003
37.02799999999999,25.72399999999999
-38.208,-7.387999999999995
23.572000000000017,-11.296000000000017
29.912000000000006,31.492000000000008
15.095999999999998,50.18399999999998
22.039999999999992,59.33599999999997
-7.767999999999997,-42.45600000000002
-43.843999999999994,-6.328
26.92000000000001,-17.556000000000015
40.79600000000001,14.095999999999997
44.23999999999999,21.755999999999997
4.083999999999999,-33.576000000000015
38.388,52.807999999999986
32.304,47.02799999999998
-29.936000000000007,-25.312000000000012
27.576,-32.76000000000001
-24.464,-26.348000000000017
-28.232000000000003,32.61999999999998
15.347999999999985,-9.044000000000008
-29.012000000000004,-16.544000000000004
16.30799999999999,-38.43200000000001
32.407999999999994,4.420000000000002
-30.367999999999995,-21.17200000000001
37.97200000000001,26.932000000000002
-36.88,-25.148000000000003
-5.823999999999985,21.44799999999998
15.744000000000003,-43.74000000000001
-10.543999999999997,-43.82800000000001
13.427999999999995,-32.33600000000001
13.736000000000015,20.19599999999999
-31.696,30.495999999999988
-28.85200000000001,-7.512000000000008
-1.9479999999999942,8.763999999999994
-5.444000000000004,6.743999999999994
-33.38399999999999,-21.544000000000008
12.26799999999999,12.99999999999999
-47.892,23.795999999999996
32.903999999999996,20.547999999999988
48.364000000000004,17.56399999999998
-15.080000000000005,15.963999999999977
-29.172000000000008,4.803999999999986
13.739999999999997,29.623999999999985
-10.776000000000007,30.599999999999984
41.379999999999995,-21.104
-16.236000000000004,2.067999999999981
13.179999999999993,0.8279999999999843
43.900000000000006,21.296000000000003
5.000000000000004,-22.020000000000007
44.86399999999999,25.395999999999997
24.01200000000001,-19.852000000000015
37.196000000000005,15.676000000000002
26.327999999999996,11.127999999999982
-17.952000000000012,-40.480000000000004
-32.704,6.319999999999992
39.368,4.239999999999999
22.13200000000002,45.41599999999999
0.27200000000000557,-32.464000000000006
33.68799999999999,-33.132000000000005
-14.952000000000009,15.451999999999998
9.728000000000003,30.38799999999999
-30.27200000000001,29.93999999999999
25.963999999999988,7.891999999999988
30.200000000000003,19.232000000000006
-51.239999999999995,10.93599999999999
4.8839999999999995,21.035999999999987
-27.25200000000001,-8.120000000000005
-38.75999999999999,21.62799999999998
9.292000000000012,-11.008000000000006
8.939999999999992,5.679999999999996
-25.319999999999997,-6.79200000000002
-15.260000000000007,-37.88000000000002
16.176000000000013,-4.156000000000004
34.284000000000006,22.939999999999984
11.072000000000015,28.723999999999993
28.163999999999987,2.967999999999993
-27.647999999999996,-15.080000000000005
-22.64799999999999,-0.38400000000000656
12.504000000000005,-14.348000000000006
-15.28799999999999,-38.436000000000014
41.788000000000004,44.19200000000001
9.255999999999997,-42.076000000000015
29.884,-5.824000000000007
15.739999999999998,28.66399999999998
-15.932000000000013,-14.916000000000018
30.596,19.85999999999999
-38.019999999999996,13.903999999999982
19.984,4.723999999999995
-43.216,-3.9240000000000164
-19.479999999999997,-9.81200000000002
-33.572,-32.372000000000014
17.727999999999987,-3.3520000000000216
-5.687999999999982,-8.220000000000006
19.81600000000001,1.2720000000000065
54.972,0.31200000000000117
47.10000000000001,-7.800000000000007
-45.492,-23.640000000000004
-40.128,31.15999999999999
32.176,24.391999999999992
-20.98399999999999,-21.088000000000008
26.792000000000016,7.495999999999992
30.60799999999999,53.587999999999994
-54.93600000000001,-6.616000000000022
41.788000000000004,7.503999999999977
-23.607999999999997,32.155999999999985
2.5639999999999885,-43.29200000000001
-48.532,-3.320000000000012
-8.807999999999993,19.35199999999999
-52.652,10.799999999999986
2.8999999999999915,-15.448000000000006
-5.132000000000003,5.279999999999996
-44.516,-30.52800000000001
-38.112,-8.312000000000019
24.8,44.536
31.104,26.151999999999997
-57.46399999999999,0.027999999999983594
30.42,-3.3960000000000212
-3.383999999999987,-42.52400000000001
0.48399999999999554,-5.387999999999993
-14.651999999999997,-42.48400000000001
21.676000000000005,18.843999999999994
-31.096,17.91999999999998
-54.552,21.175999999999995
35.887999999999984,36.77999999999999
-41.32,30.91999999999999
-6.512000000000007,17.15599999999999
22.239999999999995,7.855999999999996
52.744000000000014,38.26399999999999
-35.572,-20.040000000000013
-31.387999999999995,0.10399999999999299
12.623999999999992,-47.388000000000005
24.248000000000005,3.7279999999999758
26.647999999999982,-36.924
25.784000000000006,64.012
33.172000000000004,11.935999999999991
-47.508,-29.200000000000003
32.42799999999999,20.187999999999985
13.115999999999994,-30.948000000000008
-35.472,26.672000000000008
-17.35200000000001,25.98799999999999
12.7,21.275999999999982
-11.460000000000004,12.823999999999991
34.116000000000014,39.612
8.847999999999988,-15.096000000000009
-45.49999999999999,-32.576000000000015
9.759999999999991,-47.616000000000014
-37.46000000000001,-15.320000000000011
-11.543999999999999,11.899999999999999
3.8479999999999848,24.29999999999999
5.476000000000014,-48.724000000000004
0.9400000000000075,-45.17200000000001
-23.587999999999987,15.859999999999985
13.512000000000013,-0.21600000000001618
-45.548,13.091999999999992
25.627999999999986,61.392
-22.827999999999992,3.0359999999999943
29.464000000000002,45.756
9.816000000000003,-15.304000000000006
29.99200000000002,58.772000000000006
-45.68,-9.244000000000007
-2.2359999999999935,-10.992000000000013
10.128000000000004,-28.012000000000004
-49.312,-1.1800000000000033
-32.996,11.00399999999999
-42.568000000000005,-18.040000000000013
11.783999999999995,22.692
36.71200000000001,17.743999999999982
-47.40399999999999,-8.532000000000018
11.916000000000015,-42.09600000000001
-21.996000000000006,-18.568000000000005
-46.663999999999994,18.847999999999978
-57.251999999999995,11.715999999999994
21.863999999999994,-39.256000000000014
4.2320000000000135,23.143999999999988
-20.052000000000003,-5.144000000000015
33.812,-21.508000000000006
-25.012,-12.860000000000005
-5.675999999999992,-33.92800000000001
-17.652,8.503999999999978
-44.46399999999999,24.043999999999976
16.612000000000005,-25.80000000000001
-1.432000000000011,28.579999999999984
-26.55200000000001,11.071999999999992
29.247999999999983,18.79200000000001
-3.3320000000000016,-46.53600000000001
39.61600000000001,55.487999999999985
-14.388000000000002,10.359999999999992
-9.627999999999993,29.479999999999997
-34.587999999999994,10.139999999999993
-29.195999999999998,33.091999999999985
39.292000000000016,-4.0120000000000156
-40.372,-0.26399999999999757
24.096000000000007,-5.47200000000001
4.864000000000002,-17.808
-50.10399999999999,23.55999999999998
-31.467999999999996,16.276000000000003
-19.276000000000003,23.131999999999998
36.09200000000001,28.171999999999997
46.03999999999999,30.179999999999986
39.33600000000001,56.07599999999997
-17.799999999999994,-42.09600000000001
34.275999999999996,29.055999999999994
-8.516000000000012,20.34799999999999
-24.5,17.76399999999998
0.8680000000000021,4.2200000000000015
-35.208,5.423999999999984
26.688000000000002,11.887999999999987
18.59600000000001,-26.75200000000001
28.176000000000002,16.252
-0.40400000000000436,19.551999999999992
4.496000000000011,-28.39600000000001
-41.288000000000004,28.87599999999999
-40.66,-8.388000000000007
29.67200000000001,-37.21200000000001
5.496000000000012,-48.05200000000001
-21.216,-22.296000000000017
-38.636,31.423999999999985
16.776000000000014,43.04799999999997
-38.888,-3.4480000000000066
-54.120000000000005,5.539999999999989
-30.42,-5.360000000000009
-7.872000000000012,4.072000000000009
-14.152000000000008,-28.136000000000017
24.204000000000004,-28.12000000000001
18.443999999999996,61.787999999999975
9.087999999999985,-49.33200000000001
12.495999999999995,-43.224000000000004
52.92000000000001,16.647999999999975
15.799999999999992,26.683999999999997
14.036000000000005,43.48799999999999
-18.103999999999985,26.576
-9.892000000000012,-19.332000000000015
37.84399999999999,-29.320000000000014
50.50400000000002,26.647999999999982
-1.7199999999999882,29.132
-15.64000000000001,-44.30400000000001
-39.49199999999999,31.92799999999998
23.628000000000004,63.432
36.096,34.747999999999976
19.81600000000001,-32.89200000000001
-32.532000000000004,14.447999999999993
44.324000000000005,18.99599999999999
1.0360000000000147,-34.72400000000001
37.632,12.35599999999999
20.643999999999995,-7.756000000000007
0.09600000000000719,-4.708000000000001
26.200000000000003,39.071999999999996
-34.51200000000001,-31.82400000000001
46.540000000000006,22.263999999999996
16.227999999999998,10.192
29.832000000000015,12.823999999999991
16.047999999999995,51.20399999999998
51.66400000000002,9.152000000000005
44.96799999999999,-5.308000000000002
-31.667999999999996,-29.412000000000006
-36.4,15.219999999999988
35.964,0.31200000000000117
47.312,27.103999999999996
-1.0079999999999867,-42.064
42.456,-4.472000000000009
-46.548,-29.56000000000001
37.808,-8.628000000000002
-28.939999999999998,24.947999999999993
28.604000000000006,17.740000000000002
25.995999999999995,-4.364000000000012
27.752,-21.104
44.92799999999999,-6.620000000000004
-28.979999999999993,12.52399999999998
27.32000000000001,-35.25600000000001
37.06400000000001,-29.704000000000008
2.068000000000003,-46.412000000000006
-22.843999999999998,-5.828000000000011
20.48399999999999,-17.956000000000017
4.499999999999993,-23.73200000000002
19.167999999999985,-8.367999999999999
42.224,-7.836000000000009
-6.647999999999987,-5.103999999999997
-37.263999999999996,-1.0639999999999983
-5.884,-20.376000000000015
-10.036000000000001,1.4399999999999968
19.072,48.17199999999999
50.744000000000014,30.403999999999986
9.867999999999988,-45.232000000000006
-52.7,5.819999999999981
44.276,-2.320000000000011
-44.51199999999999,-9.19200000000001
5.844000000000005,1.0359999999999925
20.604,47.18399999999998
-14.68799999999999,9.475999999999996
-12.763999999999998,26.315999999999985
-58.855999999999995,0.8520000000000083
-15.603999999999996,16.652
-32.95600000000001,9.355999999999987
39.315999999999995,-2.6639999999999997
38.70400000000001,31.08399999999998
46.655999999999985,0.04799999999998139
-21.876000000000005,7.463999999999982
-46.008,2.859999999999996
3.2560000000000144,10.375999999999985
36.64799999999999,-21.116000000000014
-35.227999999999994,10.187999999999974
-8.519999999999994,-9.556000000000008
48.931999999999995,21.22799999999998
-31.212000000000007,-21.887999999999998
-16.127999999999986,-32.34800000000001
-53.696,-23.040000000000006
-1.756000000000002,-9.196000000000016
18.92,52.207999999999984
3.7679999999999936,-43.300000000000004
-42.01199999999999,-6.6480000000000095
35.616,25.62399999999998
40.876000000000005,-0.26399999999999757
-4.632000000000014,-40.112
39.42000000000001,-10.216000000000014
-37.78,-32.22400000000001
37.324,46.696000000000005
-2.288000000000001,28.903999999999996
-24.807999999999996,37.076
11.040000000000006,-30.60800000000001
8.356000000000009,-38.944
-13.715999999999994,-17.36000000000001
-8.167999999999997,9.759999999999991
-39.648,27.591999999999995
32.052000000000014,14.676
-15.808,-10.260000000000014
3.1120000000000037,20.81599999999999
21.887999999999998,65.604
-29.40799999999999,-15.868000000000004
-49.22,26.395999999999997
5.596000000000001,-22.18000000000001
-31.087999999999994,-21.31200000000002
19.544000000000004,52.0
47.648,11.332000000000008
6.224000000000007,-1.6760000000000108
9.640000000000004,-49.440000000000005
6.363999999999992,-33.01600000000001
-12.75600000000001,-31.92800000000001
19.767999999999986,-44.22400000000001
-47.876000000000005,-0.5560000000000231
-13.192000000000004,15.595999999999988
-42.76,-32.10400000000001
24.16400000000001,-45.26800000000001
27.712000000000003,19.751999999999992
26.259999999999994,62.487999999999985
-46.135999999999996,29.535999999999984
-1.3639999999999874,9.955999999999987
22.823999999999998,18.979999999999997
29.227999999999987,-36.192
16.223999999999993,-47.604
17.524000000000008,-11.096000000000018
-11.612,8.143999999999995
-26.33200000000001,-6.668000000000007
36.144,-10.996000000000016
-13.007999999999997,18.61999999999999
-1.6320000000000112,-9.920000000000007
-12.915999999999993,22.275999999999986
-45.123999999999995,-23.276000000000007
13.107999999999986,-10.332000000000019
-30.123999999999995,-19.724000000000007
2.5760000000000005,0.7839999999999847
26.083999999999996,61.84400000000001
24.10000000000001,-43.24000000000001
18.700000000000006,-7.26
23.492,55.63199999999999
-33.93200000000001,35.876
-49.38,2.7479999999999727
14.152000000000008,-16.080000000000005
52.64799999999998,36.27199999999999
-57.592,-3.1079999999999997
-10.643999999999988,-19.196000000000012
24.283999999999995,-32.88000000000001
-42.916,-19.29200000000002
19.41600000000001,-42.248000000000005
38.24799999999999,-27.268000000000015
30.176000000000002,-40.600000000000016
-40.868,25.62399999999998
-12.892000000000014,-33.96800000000001
-28.22,11.587999999999976
25.947999999999993,60.384000000000015
13.596000000000007,-5.584000000000011
-34.943999999999996,15.583999999999998
-6.887999999999983,-24.052000000000017
42.628,22.696000000000005
25.560000000000006,-28.632
-22.727999999999994,-25.584000000000007
-33.388,-25.736000000000015
31.796000000000003,-7.228000000000012
22.048000000000002,-10.264000000000006
2.963999999999989,26.139999999999986
38.57600000000001,55.932
-16.335999999999995,-17.956000000000017
-46.768,10.499999999999998
-38.10399999999999,16.66399999999999
-1.088,-12.892000000000014
14.212000000000003,2.6599999999999957
42.73200000000001,-15.652000000000022
-15.732000000000014,0.39599999999999635
-30.167999999999996,-26.74000000000001
-1.012000000000013,-43.16000000000001
28.508,46.223999999999975
0.7160000000000055,-5.884
-39.788000000000004,2.5439999999999907
-32.924,35.999999999999986
12.247999999999992,-40.81600000000001
26.32000000000001,-17.59600000000001
-54.428,-24.46400000000001
10.807999999999996,25.879999999999992
-15.003999999999994,-22.704
-25.919999999999998,-6.076000000000015
46.488,30.855999999999995
22.752000000000017,19.591999999999988
7.147999999999999,-2.2240000000000038
18.472,23.119999999999983
-7.803999999999989,-43.00400000000001
23.143999999999988,-28.54000000000001
0.6599999999999939,16.54
-53.708,-12.73200000000002
2.092000000000005,20.40399999999998
-45.204,7.923999999999998
-16.471999999999998,5.9760000000000035
19.41600000000001,59.35599999999999
8.299999999999997,12.1
11.472000000000016,-47.900000000000006
-44.016,31.11599999999999
-8.09200000000001,-27.664000000000012
-31.623999999999995,-23.104000000000003
36.632,7.752000000000003
13.492000000000015,13.467999999999991
-3.71999999999999,-14.684000000000008
33.972,15.236000000000004
31.87200000000001,-20.340000000000014
46.03599999999999,5.532000000000004
30.756000000000007,5.235999999999996
22.772000000000013,-1.9560000000000022
22.016000000000012,-7.328000000000001
-15.999999999999993,-31.168000000000006
-51.71600000000001,4.787999999999992
52.624000000000024,35.747999999999976
1.863999999999999,-26.848000000000017
-54.047999999999995,14.523999999999981
21.283999999999992,-29.78400000000001
34.343999999999994,-5.708000000000002
-25.28799999999999,-7.88000000000001
10.343999999999998,-24.407999999999998
27.692000000000007,-16.74000000000001
45.775999999999996,20.072000000000003
30.240000000000002,6.455999999999995
43.176000000000016,-4.6800000000000175
-53.67999999999999,-18.728
1.2399999999999967,-25.944
-2.7760000000000007,-25.204000000000004
39.047999999999995,16.076
2.6799999999999935,-36.30800000000001
0.47200000000000575,11.583999999999994
-33.407999999999994,-30.724000000000007
53.879999999999995,13.95599999999999
-45.068,-12.272000000000016
-3.7879999999999914,-47.06800000000001
32.487999999999985,-3.9160000000000084
40.876000000000005,43.81599999999999
-25.272000000000006,14.923999999999982
-39.523999999999994,13.819999999999988
-42.928,27.939999999999987
-34.36799999999999,-6.820000000000004
-17.512000000000015,-42.62000000000001
-32.86,15.603999999999996
-12.5,6.372
32.53600000000001,54.352000000000004
-32.907999999999994,16.28399999999999
-28.952000000000012,-27.95200000000001
35.972,26.163999999999987
-31.404,-11.996000000000018
-49.172,24.719999999999985
47.62,10.423999999999989
-60.608000000000004,4.4359999999999955
18.680000000000007,24.25999999999999
-10.055999999999997,-37.08000000000001
-4.987999999999992,-31.684
20.828000000000003,13.759999999999994
-49.828,1.7599999999999838
-13.871999999999996,-28.55200000000001
34.912000000000006,29.223999999999982
-45.228,-28.788000000000014
31.13600000000001,42.111999999999995
12.507999999999985,-32.57200000000001
-24.252000000000006,34.72799999999998
23.732,-48.38400000000001
-54.532000000000004,8.463999999999983
21.940000000000005,24.41199999999999
43.63600000000001,33.79999999999998
-13.487999999999989,-43.284
1.5800000000000036,-38.992000000000004
-5.303999999999998,10.567999999999977
23.52799999999999,0.5519999999999969
-0.5759999999999987,17.623999999999995
-54.752,-3.5679999999999934
6.672000000000011,-24.20000000000001
0.5279999999999951,-27.780000000000005
5.467999999999984,-23.796000000000017
40.70799999999999,23.892000000000003
39.44799999999999,-12.060000000000004
33.352000000000004,50.416
39.54,33.747999999999976
-25.272000000000006,-33.27600000000002
-1.7959999999999976,-45.49200000000001
24.688,-17.788000000000004
-29.092000000000006,25.464
2.059999999999995,-24.748000000000005
-18.223999999999997,18.81599999999999
7.264000000000004,23.751999999999995
47.708,15.036000000000005
0.024000000000001798,-27.656000000000013
-43.176,-14.376000000000012
38.968,33.5
42.443999999999996,18.38399999999998
-16.076,-0.2920000000000256
34.972,-15.572000000000019
46.05999999999999,25.827999999999985
-42.996,19.123999999999985
15.276,-35.53200000000001
17.720000000000002,-46.284000000000006
-1.5079999999999982,-5.07200000000001
-34.519999999999996,-11.304000000000002
20.720000000000006,-17.488000000000003
13.236000000000004,-29.192000000000007
25.092000000000002,21.619999999999994
25.703999999999994,21.943999999999985
-47.55199999999999,8.999999999999986
-14.847999999999995,-38.19200000000001
13.872000000000018,-46.120000000000005
-10.319999999999997,26.85599999999999
5.279999999999996,30.567999999999973
-47.68,2.295999999999987
-32.86399999999999,2.5599999999999845
-29.70799999999999,-20.260000000000012
14.504000000000005,-18.380000000000006
-50.756,3.183999999999987
-24.403999999999993,15.695999999999998
32.484,-41.39200000000001
12.612000000000002,-30.67200000000001
-33.056000000000004,0.07999999999999119
-29.516,35.10399999999998
16.683999999999987,56.132000000000005
31.191999999999997,17.843999999999994
-5.487999999999982,-37.34800000000001
36.86000000000001,45.156
27.264,-5.144000000000015
3.483999999999998,-30.09600000000001
-39.42,24.56799999999999
-51.168,-19.488000000000007
12.132000000000009,-42.652000000000015
2.967999999999993,-41.796000000000014
-21.96799999999999,6.471999999999989
52.29999999999999,10.939999999999994
2.736000000000005,-52.62000000000001
-9.176000000000005,13.636000000000003
-46.204,-24.096000000000018
27.97200000000002,-11.828000000000005
33.432000000000016,24.452000000000005
-4.092000000000007,-30.26000000000001
26.872000000000007,16.079999999999984
-29.903999999999996,-9.484000000000004
43.01200000000001,30.959999999999987
44.8,0.34799999999999276
33.00000000000001,-12.95200000000002
29.552,-20.32400000000001
37.487999999999985,43.931999999999995
7.087999999999983,-4.612000000000016
35.26799999999999,48.16399999999999
43.512000000000015,44.247999999999976
-15.79600000000001,9.816000000000003
9.611999999999998,-22.408000000000005
-33.924,9.079999999999998
36.78399999999999,-10.796000000000017
-15.408,-43.74800000000001
-49.69199999999999,-13.848000000000004
29.736000000000008,26.38799999999999
29.064,28.64399999999998
-9.536000000000012,18.503999999999987
32.203999999999986,7.443999999999984
43.076,8.499999999999996
-56.13600000000001,-11.672000000000015
-8.455999999999996,2.7799999999999825
-38.912,27.512000000000004
-36.7,-15.532000000000012
5.603999999999987,4.411999999999994
41.028,-21.62400000000001
-13.807999999999998,-10.948000000000002
-6.112000000000006,-15.124000000000004
37.519999999999996,5.231999999999992
-29.92,32.236
-22.567999999999987,9.267999999999986
18.267999999999994,47.30399999999999
-9.783999999999992,26.36799999999999
31.732000000000006,21.163999999999984
37.64399999999999,24.692000000000004
-38.312000000000005,-4.923999999999995
-3.1199999999999894,-6.676000000000015
2.296000000000009,-20.628
40.89200000000002,20.619999999999994
-25.180000000000003,-36.94400000000001
10.563999999999997,-50.268000000000015
-1.4440000000000008,4.679999999999995
26.0,-3.2720000000000082
-0.9959999999999969,-3.4760000000000124
16.904000000000007,64.39200000000001
-40.384,-10.016000000000014
35.73600000000001,16.872
-46.848,3.532000000000002
-45.02,-8.18000000000001
-54.74399999999999,5.067999999999984
-39.676,-18.247999999999998
-20.167999999999996,-9.876000000000019
-21.70399999999999,-9.916000000000015
-2.6839999999999975,1.3719999999999954
-17.17200000000001,21.795999999999992
-42.992,-14.816000000000018
18.819999999999993,49.02399999999998
33.919999999999995,20.343999999999983
-16.344,19.167999999999985
-53.724,6.007999999999991
2.632000000000012,-30.276000000000014
-22.552000000000007,-38.72000000000001
-19.604,31.675999999999995
-53.76,2.5399999999999867
-13.603999999999994,1.0199999999999987
46.05200000000001,-2.1240000000000148
-0.8560000000000123,-50.35600000000001
-42.056000000000004,-10.684000000000005
54.98400000000001,-2.1479999999999944
-45.31999999999999,-16.152000000000022
-34.660000000000004,-30.204000000000008
-26.639999999999997,-22.62400000000001
1.2399999999999967,-18.58000000000001
-0.36799999999999056,-5.120000000000013
-53.32,-21.94400000000001
2.9160000000000075,-19.676000000000016
-48.53999999999999,-8.344000000000007
-3.8920000000000066,24.00399999999998
14.28799999999999,-17.28400000000001
-48.760000000000005,20.76399999999998
-23.20399999999999,-32.71200000000001
27.316000000000006,12.152000000000008
27.932000000000002,-4.068000000000005
13.431999999999999,-18.788000000000004
33.89200000000001,-40.892
36.86000000000001,12.147999999999982
32.391999999999996,55.04799999999999
-12.280000000000001,3.07599999999999
2.5639999999999885,4.559999999999986
-2.947999999999995,27.051999999999985
-57.931999999999995,1.5439999999999898
20.039999999999992,-17.76000000000001
-41.04399999999999,27.227999999999987
30.624000000000006,-11.036000000000012
-0.27600000000000957,-49.55200000000001
44.06000000000001,28.559999999999985
-45.172000000000004,-26.504000000000005
12.304000000000004,10.992
0.048000000000003595,-25.572000000000017
-9.524,-34.796000000000014
15.008,51.21199999999999
-17.503999999999987,-1.7120000000000246
26.308,29.67599999999999
-47.90800000000001,-21.004
51.468,36.656
30.244000000000003,-17.968000000000007
5.712000000000006,-34.204
27.824000000000005,-9.972000000000014
32.644000000000005,-8.79200000000001
31.56000000000001,25.45200000000001
48.79599999999999,35.82399999999999
24.879999999999992,20.74799999999999
-1.3679999999999914,8.891999999999989
-15.623999999999993,29.659999999999997
10.24799999999999,8.235999999999999
-35.519999999999996,17.059999999999988
-42.2,-32.71200000000001
-18.612000000000005,14.427999999999974
-41.288000000000004,24.54399999999999
-8.787999999999997,-37.62000000000001
9.699999999999998,22.90399999999999
-21.887999999999998,18.316
-9.383999999999993,-16.132000000000012
50.78,17.36
-38.308,20.887999999999973
9.44799999999999,-12.412000000000011
19.46399999999999,64.72
25.836000000000013,-32.16000000000001
37.983999999999995,36.1
11.420000000000009,-3.527999999999998
-3.312000000000004,-10.704000000000002
-21.127999999999993,-9.364000000000006
22.424,-14.948000000000006
-3.71999999999999,-45.24800000000001
50.624000000000024,21.36
-16.447999999999997,23.25999999999999
-51.60399999999999,9.723999999999977
18.324000000000005,47.936
-48.488,-28.976000000000013
13.312000000000012,-2.0440000000000014
-26.236000000000004,17.01999999999999
-28.08799999999999,-30.12000000000001
30.235999999999997,51.112
-2.6999999999999913,-6.300000000000017
24.263999999999996,-22.99200000000001
5.267999999999984,-31.756000000000018
14.188,12.095999999999997
-19.70799999999999,-8.044000000000008
22.76,-14.504000000000005
10.060000000000002,-32.164
11.924000000000001,-29.656000000000017
24.464,51.72799999999997
15.072000000000019,19.375999999999994
-30.243999999999993,-35.860000000000014
35.652000000000015,-17.956000000000017
-4.212000000000016,12.443999999999988
0.024000000000001798,24.692000000000004
-43.316,12.439999999999984
-10.768,-15.49600000000001
-31.052000000000003,-27.384000000000007
-37.99600000000001,-17.37200000000002
-18.86399999999999,24.119999999999987
-28.496,5.871999999999988
-16.799999999999994,12.952000000000009
40.79200000000001,-21.13200000000002
41.784,-19.240000000000013
51.56400000000001,4.275999999999991
41.087999999999994,24.76799999999999
7.347999999999999,-19.972000000000012
25.30000000000001,-13.704000000000004
31.020000000000003,1.5879999999999894
-38.0,29.267999999999983
-39.31600000000001,-30.632000000000005
13.240000000000007,-3.74000000000001
28.679999999999993,-10.832000000000019
40.696,-22.68000000000001
-0.7239999999999913,23.77199999999999
-34.56799999999999,24.695999999999984
0.8120000000000127,25.76399999999999
-49.803999999999995,-14.736000000000015
-36.01200000000001,-27.928000000000008
3.2359999999999944,-17.452000000000012
17.952000000000012,34.699999999999996
-37.083999999999996,-31.56000000000001
32.03200000000002,-27.62000000000001
4.347999999999996,-46.996000000000016
-8.027999999999992,22.575999999999997
18.967999999999986,-16.592000000000017
44.37600000000002,2.8200000000000003
35.660000000000004,-28.700000000000014
51.45599999999999,12.739999999999995
-22.26,34.06
28.360000000000007,28.34399999999999
-39.495999999999995,-16.35200000000001
-19.167999999999996,6.683999999999979
-5.123999999999995,-30.39600000000001
9.68,-11.604000000000003
-15.636000000000006,-24.828000000000007
32.79600000000001,-0.9120000000000239
29.664,-2.0240000000000036
-26.23200000000001,7.527999999999979
23.85600000000001,-32.94000000000001
44.336,10.899999999999999
-18.092,12.812000000000001
-15.695999999999998,-16.024000000000004
-42.74399999999999,-30.684
31.53600000000001,46.4
-52.93600000000001,-3.2680000000000042
21.352000000000015,13.939999999999998
-2.732000000000001,-38.42000000000001
19.896,-0.10000000000001119
-14.327999999999985,16.403999999999996
18.36,-28.256000000000014
-46.972,-7.856000000000007
36.05200000000002,-5.256000000000016
-11.95600000000001,-12.22000000000001
-55.852000000000004,-10.164000000000007
-22.419999999999995,-2.0080000000000098
-20.247999999999987,-13.156000000000013
15.912000000000015,-48.388000000000005
-56.63199999999999,1.2279999999999847
10.884000000000004,57.89199999999999
-0.5439999999999889,-29.200000000000003
-13.739999999999997,-34.484
36.724000000000004,-26.28800000000001
-1.1519999999999975,2.4920000000000053
20.712000000000018,62.787999999999975
19.848,-9.708000000000006
-53.908,10.7
-1.963999999999988,-30.480000000000008
-8.756000000000007,-32.48000000000001
23.784000000000006,-6.967999999999996
15.667999999999992,-47.73600000000001
11.655999999999999,-13.907999999999998
-53.03600000000001,-14.716000000000019
17.01600000000001,7.419999999999982
31.596000000000004,-23.460000000000015
-40.04,-12.748000000000005
11.272000000000016,13.759999999999994
12.803999999999993,-5.828000000000011
-47.760000000000005,13.256
-45.58,-27.004000000000005
4.4560000000000155,8.031999999999995
-3.3439999999999914,-38.680000000000014
-6.947999999999999,-30.79200000000001
15.999999999999993,-31.144000000000005
51.97599999999998,23.756
-36.72,-4.62800000000001
-41.824,8.019999999999982
-57.292,9.427999999999992
23.743999999999986,-27.03200000000001
-37.60399999999999,-20.640000000000015
-16.403999999999996,33.84399999999999
-36.392,27.736000000000004
-41.22,-0.8600000000000163
35.55600000000001,28.36399999999999
-30.484,-8.596000000000014
-9.416000000000002,-7.816000000000011
40.14799999999998,7.976000000000005
-2.639999999999998,-17.088000000000005
-43.596000000000004,-22.364000000000004
49.22,13.295999999999996
-18.599999999999994,20.263999999999992
-0.5279999999999951,-3.77200000000002
-17.740000000000002,-44.412000000000006
42.16,-17.888000000000005
31.767999999999997,22.25999999999999
-18.979999999999997,28.515999999999984
-23.74799999999999,8.707999999999982
-31.66399999999999,-37.09600000000002
14.356000000000012,-15.560000000000008
-25.316000000000006,21.987999999999985
-1.2520000000000087,-19.85600000000002
55.03200000000001,4.979999999999984
-12.7,-48.24
16.159999999999997,14.451999999999998
21.839999999999993,-31.764000000000003
5.780000000000007,-20.396000000000015
-7.216,-4.972000000000021
30.603999999999985,-41.00800000000001
-7.907999999999982,21.255999999999986
35.156000000000006,3.0279999999999863
-20.663999999999994,-25.768
-4.459999999999997,-21.99200000000001
-6.632000000000016,1.4999999999999902
7.62799999999999,8.323999999999998
-21.136,10.915999999999993
50.147999999999996,12.175999999999988
10.583999999999993,-27.636000000000017
-1.9199999999999884,-8.53600000000001
-42.476,-13.564000000000009
4.067999999999983,15.239999999999988
34.95600000000001,57.251999999999995
-52.083999999999996,-4.204000000000008
-54.711999999999996,-2.316000000000007
-3.492000000000006,23.039999999999992
-46.040000000000006,-0.6600000000000161
-13.583999999999996,-35.74800000000001
-3.595999999999999,-17.600000000000005
-17.012000000000004,0.6839999999999957
-53.336000000000006,6.447999999999987
2.7120000000000033,-14.340000000000009
40.076,-6.567999999999996
43.848,9.175999999999984
-38.023999999999994,14.436000000000003
9.372000000000003,-40.324000000000005
32.007999999999996,-31.920000000000005
-39.048,-23.552000000000017
0.26399999999999757,-50.512000000000015
-18.987999999999992,11.527999999999983
-23.663999999999994,-26.724000000000004
25.836000000000013,-24.392000000000014
-27.54399999999999,13.779999999999992
53.327999999999996,7.172000000000001
38.612,-15.376000000000012
10.148000000000001,-35.11200000000001
11.37999999999999,7.867999999999986
-28.712000000000003,23.956
0.8079999999999865,-50.58800000000001
-54.2,11.327999999999982
29.716000000000008,-23.928000000000004
42.883999999999986,19.887999999999995
-51.152,-9.81200000000002
10.392000000000001,-34.48800000000001
-41.996,-24.228000000000005
30.647999999999985,59.852
-36.407999999999994,-17.716000000000008
25.163999999999987,59.755999999999986
28.024000000000004,18.056000000000004
26.927999999999997,-24.264000000000006
51.59200000000001,25.936000000000003
