aspect_ratio,angle_degrees,smoothness,bandwidth,decay_true,decay_pseudo,decay_shift,implied_range_ratio,variance_factor,smoothed_correlation,asymptotic_scale,leading_coefficient,directional_contrast_coefficient_to_minor,leading_shift,coefficient_ratio,directional_kernel_variance,kernel_total_variance,support_radius,quadrature_order
1.0,0.0,0.5,0.003,1.0,0.9975884135351952,0.0024115864648046,1.002417416273169,0.9975913190672324,0.368767684860202,0.003,0.8040922786428688,0.0,0.0024122768359286,0.9997138093299808,0.2,0.4,1.4142135623730951,96
1.0,0.0,0.5,0.0040533233920169,1.0,0.996742014173239,0.0032579858267609,1.0032686349932418,0.9967473156285844,0.3690799417217395,0.0040533233920169,0.8040922786428688,0.0,0.0032592460423633,0.9996133413722028,0.2,0.4,1.4142135623730951,96
1.0,0.0,0.5,0.0054764768400905,1.0,0.9955987076538524,0.0044012923461476,1.0044207493564543,0.9956083790751308,0.3695021545386254,0.0054764768400905,0.8040922786428688,0.0,0.0044035927412833,0.999477609472338,0.2,0.4,1.4142135623730951,96
1.0,0.0,0.5,0.0073993105605927,1.0,0.9940544705997636,0.0059455294002362,1.005981090147554,0.9940721100448996,0.3700731942540941,0.0073993105605927,0.8040922786428688,0.0,0.0059497284890532,0.999294238581694,0.2,0.4,1.4142135623730951,96
1.0,0.0,0.5,0.0099972661933495,1.0,0.9919689402911044,0.0080310597088955,1.0080960798092515,0.9920011023003354,0.3708457984818664,0.0099972661933495,0.8040922786428688,0.0,0.0080387245536097,0.9990465098457942,0.2,0.4,1.4142135623730951,96
1.0,0.0,0.5,0.0135073843059079,1.0,0.9891528076212684,0.0108471923787315,1.0109661442551197,0.9892114236375008,0.3718916213472437,0.0135073843059079,0.8040922786428688,0.0,0.0108611834250424,0.9987118303997476,0.2,0.4,1.4142135623730951,96
1.0,0.0,0.5,0.0182499322573664,1.0,0.9853509093354728,0.0146490906645271,1.0148668768920166,0.9854576764929424,0.3733082066151686,0.0182499322573664,0.8040922786428688,0.0,0.0146746296139037,0.9982596528806116,0.2,0.4,1.4142135623730951,96
1.0,0.0,0.5,0.024657625773836,1.0,0.9802196141786343,0.0197803858213656,1.02017954500731,0.980413933478436,0.3752286842627303,0.024657625773836,0.8040922786428688,0.0,0.0198270064944069,0.9976486277414376,0.2,0.4,1.4142135623730951,96
1.0,0.0,0.5,0.0333151104468964,1.0,0.9732966929440529,0.0267033070559471,1.027435937314422,0.9736499778259208,0.377835375436814,0.0333151104468964,0.8040922786428688,0.0,0.0267884230724838,0.9968226567011282,0.2,0.4,1.4142135623730951,96
1.0,0.0,0.5,0.0450123054940112,1.0,0.9639613952519602,0.0360386047480397,1.0373859419324776,0.9646027377039226,0.3813790962539219,0.0450123054940112,0.8040922786428688,0.0,0.0361940472916484,0.9957053008646394,0.2,0.4,1.4142135623730951,96
1.0,0.0,0.5,0.0608164769291628,1.0,0.9513819853253106,0.0486180146746894,1.0511025176265716,0.9525438758237734,0.3862069221804588,0.0608164769291628,0.8040922786428688,0.0,0.048902059513002,0.9941915567331656,0.2,0.4,1.4142135623730951,96
1.0,0.0,0.5,0.0821696161856783,1.0,0.9344476991532796,0.0655523008467204,1.0701508505035848,0.9365466469077416,0.392802750924941,0.0821696161856783,0.8040922786428688,0.0,0.066071953913952,0.9921350431393582,0.2,0.4,1.4142135623730951,96
1.0,0.0,0.5,0.1110200091328213,1.0,0.9116825040437108,0.0883174959562892,1.0968730841763032,0.915459043081244,0.4018475448163822,0.1110200091328213,0.8040922786428688,0.0,0.0892703321185624,0.9893263961311612,0.2,0.4,1.4142135623730951,96
1.0,0.0,0.5,0.15,1.0,0.8811406901349764,0.1188593098650235,1.1348925446251,0.887896736620782,0.4143100426558595,0.15,0.8040922786428688,0.0,0.1206138417964303,0.9854533119476618,0.2,0.4,1.4142135623730951,96
1.0,5.0,0.5,0.003,1.0,0.997588413535066,0.002411586464934,1.0024174162732988,0.9975913190672324,0.3687676848602497,0.003,0.8040922786428688,0.0,0.0024122768359286,0.9997138093835988,0.2,0.4,1.4142135623730951,96
1.0,5.0,0.5,0.0040533233920169,1.0,0.996742014172809,0.0032579858271909,1.0032686349936746,0.9967473156285844,0.3690799417218982,0.0040533233920169,0.8040922786428688,0.0,0.0032592460423633,0.999613341504132,0.2,0.4,1.4142135623730951,96
1.0,5.0,0.5,0.0054764768400905,1.0,0.9955987076524188,0.0044012923475811,1.0044207493579007,0.9956083790751308,0.3695021545391552,0.0054764768400905,0.8040922786428688,0.0,0.0044035927412833,0.999477609797872,0.2,0.4,1.4142135623730951,96
1.0,5.0,0.5,0.0073993105605927,1.0,0.9940544705949862,0.0059455294050138,1.005981090152389,0.9940721100448996,0.3700731942558621,0.0073993105605927,0.8040922786428688,0.0,0.0059497284890532,0.999294239384674,0.2,0.4,1.4142135623730951,96
1.0,5.0,0.5,0.0099972661933495,1.0,0.9919689402751848,0.0080310597248151,1.00809607982543,0.9920011023003354,0.3708457984877701,0.0099972661933495,0.8040922786428688,0.0,0.0080387245536097,0.999046511826158,0.2,0.4,1.4142135623730951,96
1.0,5.0,0.5,0.0135073843059079,1.0,0.9891528075682222,0.0108471924317777,1.0109661443093358,0.9892114236375008,0.3718916213669712,0.0135073843059079,0.8040922786428688,0.0,0.0108611834250424,0.9987118352837672,0.2,0.4,1.4142135623730951,96
1.0,5.0,0.5,0.0182499322573664,1.0,0.9853509091587268,0.014649090841273,1.014866877074057,0.9854576764929424,0.3733082066811494,0.0182499322573664,0.8040922786428688,0.0,0.0146746296139037,0.9982596649249326,0.2,0.4,1.4142135623730951,96
1.0,5.0,0.5,0.024657625773836,1.0,0.9802196135897984,0.0197803864102016,1.0201795456201506,0.980413933478436,0.3752286844836784,0.024657625773836,0.8040922786428688,0.0,0.0198270064944069,0.9976486574401208,0.2,0.4,1.4142135623730951,96
1.0,5.0,0.5,0.0333151104468964,1.0,0.9732966909827612,0.0267033090172389,1.0274359393848098,0.9736499778259208,0.3778353761778594,0.0333151104468964,0.8040922786428688,0.0,0.0267884230724838,0.9968227299152844,0.2,0.4,1.4142135623730951,96
1.0,5.0,0.5,0.0450123054940112,1.0,0.9639613887219716,0.0360386112780283,1.0373859489598527,0.9646027377039226,0.3813790987443231,0.0450123054940112,0.8040922786428688,0.0,0.0361940472916484,0.995705481280731,0.2,0.4,1.4142135623730951,96
1.0,5.0,0.5,0.0608164769291628,1.0,0.9513819636007648,0.0486180363992351,1.0511025416282087,0.9525438758237734,0.3862069305706289,0.0608164769291628,0.8040922786428688,0.0,0.048902059513002,0.994192000979194,0.2,0.4,1.4142135623730951,96
1.0,5.0,0.5,0.0821696161856783,1.0,0.9344476269828088,0.0655523730171911,1.0701509331548629,0.9365466469077416,0.3928027792737015,0.0821696161856783,0.8040922786428688,0.0,0.066071953913952,0.9921361354405,0.2,0.4,1.4142135623730951,96
1.0,5.0,0.5,0.1110200091328213,1.0,0.9116822649649444,0.0883177350350556,1.0968733718193495,0.915459043081244,0.401847640889609,0.1110200091328213,0.8040922786428688,0.0,0.0892703321185624,0.9893290742747368,0.2,0.4,1.4142135623730951,96
1.0,5.0,0.5,0.15,1.0,0.8811399026848342,0.1188600973151657,1.134893558846897,0.887896736620782,0.4143103689044899,0.15,0.8040922786428688,0.0,0.1206138417964303,0.9854598406356672,0.2,0.4,1.4142135623730951,96
1.0,10.0,0.5,0.003,1.0,0.9975884135346949,0.0024115864653052,1.002417416273672,0.9975913190672324,0.3687676848603867,0.003,0.8040922786428688,-5.551115123125783e-17,0.0024122768359286,0.9997138095375024,0.1999999999999999,0.4,1.4142135623730951,96
1.0,10.0,0.5,0.0040533233920169,1.0,0.99674201417157,0.00325798582843,1.0032686349949218,0.9967473156285844,0.3690799417223555,0.0040533233920169,0.8040922786428688,-5.551115123125783e-17,0.0032592460423633,0.999613341884318,0.1999999999999999,0.4,1.4142135623730951,96
1.0,10.0,0.5,0.0054764768400905,1.0,0.9955987076482904,0.0044012923517094,1.0044207493620656,0.9956083790751308,0.3695021545406806,0.0054764768400905,0.8040922786428688,-5.551115123125783e-17,0.0044035927412833,0.9994776107353712,0.1999999999999999,0.4,1.4142135623730951,96
1.0,10.0,0.5,0.0073993105605927,1.0,0.9940544705812306,0.0059455294187693,1.0059810901663095,0.9940721100448996,0.3700731942609527,0.0073993105605927,0.8040922786428688,-5.551115123125783e-17,0.0059497284890532,0.9992942416966368,0.1999999999999999,0.4,1.4142135623730951,96
1.0,10.0,0.5,0.0099972661933495,1.0,0.991968940229347,0.0080310597706529,1.008096079872013,0.9920011023003354,0.3708457985047689,0.0099972661933495,0.8040922786428688,-5.551115123125783e-17,0.0080387245536097,0.9990465175282928,0.1999999999999999,0.4,1.4142135623730951,96
1.0,10.0,0.5,0.0135073843059079,1.0,0.9891528074154824,0.0108471925845177,1.010966144465444,0.9892114236375008,0.3718916214237739,0.0135073843059079,0.8040922786428688,-5.551115123125783e-17,0.0108611834250424,0.9987118493466852,0.1999999999999999,0.4,1.4142135623730951,96
1.0,10.0,0.5,0.0182499322573664,1.0,0.985350908649807,0.0146490913501929,1.0148668775982217,0.9854576764929424,0.3733082068711333,0.0182499322573664,0.8040922786428688,-5.551115123125783e-17,0.0146746296139037,0.9982596996051882,0.1999999999999999,0.4,1.4142135623730951,96
1.0,10.0,0.5,0.024657625773836,1.0,0.9802196118943132,0.0197803881056867,1.0201795473847544,0.980413933478436,0.375228685119873,0.024657625773836,0.8040922786428688,-5.551115123125783e-17,0.0198270064944069,0.9976487429540426,0.1999999999999999,0.4,1.4142135623730951,96
1.0,10.0,0.5,0.0333151104468964,1.0,0.9732966853354428,0.0267033146645571,1.0274359453462578,0.9736499778259208,0.377835378311616,0.0333151104468964,0.8040922786428688,-5.551115123125783e-17,0.0267884230724838,0.9968229407271773,0.1999999999999999,0.4,1.4142135623730951,96
1.0,10.0,0.5,0.0450123054940112,1.0,0.963961369919581,0.0360386300804189,1.0373859691944145,0.9646027377039226,0.381379105915162,0.0450123054940112,0.8040922786428688,-5.551115123125783e-17,0.0361940472916484,0.9957060007692118,0.1999999999999999,0.4,1.4142135623730951,96
1.0,10.0,0.5,0.0608164769291628,1.0,0.9513819010470044,0.0486180989529956,1.0511026107386434,0.9525438758237734,0.3862069547293255,0.0608164769291628,0.8040922786428688,-5.551115123125783e-17,0.048902059513002,0.994193280143326,0.1999999999999999,0.4,1.4142135623730951,96
1.0,10.0,0.5,0.0821696161856783,1.0,0.9344474191715378,0.0655525808284621,1.070151171145167,0.9365466469077416,0.3928028609025548,0.0821696161856783,0.8040922786428688,-5.551115123125783e-17,0.066071953913952,0.9921392806671608,0.1999999999999999,0.4,1.4142135623730951,96
1.0,10.0,0.5,0.1110200091328213,1.0,0.9116815765136848,0.0883184234863151,1.0968742001171603,0.915459043081244,0.4018479175422187,0.1110200091328213,0.8040922786428688,-5.551115123125783e-17,0.0892703321185624,0.9893367862574652,0.1999999999999999,0.4,1.4142135623730951,96
1.0,10.0,0.5,0.15,1.0,0.8811376347560063,0.1188623652439937,1.1348964799090753,0.887896736620782,0.4143113085319848,0.15,0.8040922786428688,-5.551115123125783e-17,0.1206138417964303,0.9854786438575376,0.1999999999999999,0.4,1.4142135623730951,96
1.0,15.0,0.5,0.003,1.0,0.9975884135341252,0.0024115864658749,1.0024174162742443,0.9975913190672324,0.3687676848605967,0.003,0.8040922786428688,5.551115123125783e-17,0.0024122768359286,0.9997138097736508,0.2,0.4,1.4142135623730951,96
1.0,15.0,0.5,0.0040533233920169,1.0,0.9967420141696722,0.0032579858303277,1.003268634996832,0.9967473156285844,0.3690799417230559,0.0040533233920169,0.8040922786428688,5.551115123125783e-17,0.0032592460423633,0.9996133424665704,0.2,0.4,1.4142135623730951,96
1.0,15.0,0.5,0.0054764768400905,1.0,0.9955987076419665,0.0044012923580336,1.0044207493684458,0.9956083790751308,0.3695021545430174,0.0054764768400905,0.8040922786428688,5.551115123125783e-17,0.0044035927412833,0.9994776121715084,0.2,0.4,1.4142135623730951,96
1.0,15.0,0.5,0.0073993105605927,1.0,0.9940544705601554,0.0059455294398446,1.0059810901876376,0.9940721100448996,0.370073194268752,0.0073993105605927,0.8040922786428688,5.551115123125783e-17,0.0059497284890532,0.9992942452388578,0.2,0.4,1.4142135623730951,96
1.0,15.0,0.5,0.0099972661933495,1.0,0.9919689401591184,0.0080310598408814,1.0080960799433831,0.9920011023003354,0.3708457985308128,0.0099972661933495,0.8040922786428688,5.551115123125783e-17,0.0080387245536097,0.9990465262645652,0.2,0.4,1.4142135623730951,96
1.0,15.0,0.5,0.0135073843059079,1.0,0.9891528071814708,0.010847192818529,1.010966144704616,0.9892114236375008,0.3718916215108007,0.0135073843059079,0.8040922786428688,5.551115123125783e-17,0.0108611834250424,0.9987118708923453,0.2,0.4,1.4142135623730951,96
1.0,15.0,0.5,0.0182499322573664,1.0,0.985350907870096,0.0146490921299039,1.0148668784012884,0.9854576764929424,0.3733082071622058,0.0182499322573664,0.8040922786428688,5.551115123125783e-17,0.0146746296139037,0.9982597527384518,0.2,0.4,1.4142135623730951,96
1.0,15.0,0.5,0.024657625773836,1.0,0.9802196092966788,0.0197803907033212,1.0201795500882849,0.980413933478436,0.37522868609458,0.024657625773836,0.8040922786428688,5.551115123125783e-17,0.0198270064944069,0.9976488739690073,0.2,0.4,1.4142135623730951,96
1.0,15.0,0.5,0.0333151104468964,1.0,0.9732966766832396,0.0267033233167605,1.027435954479737,0.9736499778259208,0.3778353815807246,0.0333151104468964,0.8040922786428688,5.551115123125783e-17,0.0267884230724838,0.996823263710108,0.2,0.4,1.4142135623730951,96
1.0,15.0,0.5,0.0450123054940112,1.0,0.963961341112537,0.036038658887463,1.0373860001956818,0.9646027377039226,0.3813791169015668,0.0450123054940112,0.8040922786428688,5.551115123125783e-17,0.0361940472916484,0.9957067966747886,0.2,0.4,1.4142135623730951,96
1.0,15.0,0.5,0.0608164769291628,1.0,0.9513818052078628,0.0486181947921372,1.051102716623338,0.9525438758237734,0.3862069917430703,0.0608164769291628,0.8040922786428688,5.551115123125783e-17,0.048902059513002,0.9941952399614312,0.2,0.4,1.4142135623730951,96
1.0,15.0,0.5,0.0821696161856783,1.0,0.9344471007727172,0.0655528992272828,1.0701515357831124,0.9365466469077416,0.3928029859705423,0.0821696161856783,0.8040922786428688,5.551115123125783e-17,0.066071953913952,0.9921440996380216,0.2,0.4,1.4142135623730951,96
1.0,15.0,0.5,0.1110200091328213,1.0,0.911680521597114,0.0883194784028861,1.0968754693235794,0.915459043081244,0.4018483414584695,0.1110200091328213,0.8040922786428688,5.551115123125783e-17,0.0892703321185624,0.9893486033589136,0.2,0.4,1.4142135623730951,96
1.0,15.0,0.5,0.15,1.0,0.8811341584820024,0.1188658415179976,1.1349009573329638,0.887896736620782,0.4143127487941195,0.15,0.8040922786428688,5.551115123125783e-17,0.1206138417964303,0.9855074653754672,0.2,0.4,1.4142135623730951,96
1.0,20.0,0.5,0.003,1.0,0.9975884135334266,0.0024115864665733,1.0024174162749462,0.9975913190672324,0.3687676848608543,0.003,0.8040922786428688,5.551115123125783e-17,0.0024122768359286,0.999713810063187,0.2,0.4,1.4142135623730951,96
1.0,20.0,0.5,0.0040533233920169,1.0,0.9967420141673442,0.0032579858326557,1.0032686349991753,0.9967473156285844,0.3690799417239152,0.0040533233920169,0.8040922786428688,5.551115123125783e-17,0.0032592460423633,0.9996133431808544,0.2,0.4,1.4142135623730951,96
1.0,20.0,0.5,0.0054764768400905,1.0,0.995598707634208,0.0044012923657918,1.004420749376273,0.9956083790751308,0.3695021545458841,0.0054764768400905,0.8040922786428688,5.551115123125783e-17,0.0044035927412833,0.9994776139333058,0.2,0.4,1.4142135623730951,96
1.0,20.0,0.5,0.0073993105605927,1.0,0.9940544705343028,0.0059455294656971,1.0059810902138002,0.9940721100448996,0.3700731942783194,0.0073993105605927,0.8040922786428688,5.551115123125783e-17,0.0059497284890532,0.9992942495840212,0.2,0.4,1.4142135623730951,96
1.0,20.0,0.5,0.0099972661933495,1.0,0.9919689400729714,0.0080310599270285,1.008096080030931,0.9920011023003354,0.3708457985627601,0.0099972661933495,0.8040922786428688,5.551115123125783e-17,0.0080387245536097,0.9990465369810776,0.2,0.4,1.4142135623730951,96
1.0,20.0,0.5,0.0135073843059079,1.0,0.9891528068944138,0.0108471931055862,1.0109661449980034,0.9892114236375008,0.3718916216175549,0.0135073843059079,0.8040922786428688,5.551115123125783e-17,0.0108611834250424,0.9987118973219842,0.2,0.4,1.4142135623730951,96
1.0,20.0,0.5,0.0182499322573664,1.0,0.9853509069136396,0.0146490930863604,1.0148668793863955,0.9854576764929424,0.3733082075192589,0.0182499322573664,0.8040922786428688,5.551115123125783e-17,0.0146746296139037,0.9982598179160062,0.2,0.4,1.4142135623730951,96
1.0,20.0,0.5,0.024657625773836,1.0,0.980219606110207,0.019780393889793,1.0201795534046572,0.980413933478436,0.3752286872902357,0.024657625773836,0.8040922786428688,5.551115123125783e-17,0.0198270064944069,0.9976490346827162,0.2,0.4,1.4142135623730951,96
1.0,20.0,0.5,0.0333151104468964,1.0,0.9732966660697244,0.0267033339302755,1.027435965683625,0.9736499778259208,0.3778353855908862,0.0333151104468964,0.8040922786428688,5.551115123125783e-17,0.0267884230724838,0.9968236599079372,0.2,0.4,1.4142135623730951,96
1.0,20.0,0.5,0.0450123054940112,1.0,0.9639613057752844,0.0360386942247156,1.0373860382245643,0.9646027377039226,0.3813791303784573,0.0450123054940112,0.8040922786428688,5.551115123125783e-17,0.0361940472916484,0.9957077730025334,0.2,0.4,1.4142135623730951,96
1.0,20.0,0.5,0.0608164769291628,1.0,0.951381687641733,0.0486183123582669,1.0511028465124037,0.9525438758237734,0.3862070371479342,0.0608164769291628,0.8040922786428688,5.551115123125783e-17,0.048902059513002,0.9941976440755091,0.2,0.4,1.4142135623730951,96
1.0,20.0,0.5,0.0821696161856783,1.0,0.934446710176454,0.0655532898235459,1.070151983103635,0.9365466469077416,0.3928031393979507,0.0821696161856783,0.8040922786428688,5.551115123125783e-17,0.066071953913952,0.9921500113182428,0.2,0.4,1.4142135623730951,96
1.0,20.0,0.5,0.1110200091328213,1.0,0.9116792273054726,0.0883207726945274,1.0968770265343932,0.915459043081244,0.4018488615677555,0.1110200091328213,0.8040922786428688,5.551115123125783e-17,0.0892703321185624,0.9893631019231128,0.2,0.4,1.4142135623730951,96
1.0,20.0,0.5,0.15,1.0,0.8811298915395589,0.1188701084604411,1.1349064531822255,0.887896736620782,0.4143145166465439,0.15,0.8040922786428688,5.551115123125783e-17,0.1206138417964303,0.985542842264056,0.2,0.4,1.4142135623730951,96
1.0,25.0,0.5,0.003,1.0,0.9975884135326832,0.0024115864673168,1.0024174162756931,0.9975913190672324,0.3687676848611285,0.003,0.8040922786428688,0.0,0.0024122768359286,0.9997138103714088,0.2,0.4,1.4142135623730951,96
1.0,25.0,0.5,0.0040533233920169,1.0,0.9967420141648664,0.0032579858351335,1.0032686350016693,0.9967473156285844,0.3690799417248296,0.0040533233920169,0.8040922786428688,0.0,0.0032592460423633,0.9996133439410902,0.2,0.4,1.4142135623730951,96
1.0,25.0,0.5,0.0054764768400905,1.0,0.9955987076259524,0.0044012923740476,1.0044207493846016,0.9956083790751308,0.3695021545489346,0.0054764768400905,0.8040922786428688,0.0,0.0044035927412833,0.9994776158080771,0.2,0.4,1.4142135623730951,96
1.0,25.0,0.5,0.0073993105605927,1.0,0.9940544705067912,0.0059455294932089,1.0059810902416422,0.9940721100448996,0.3700731942885008,0.0073993105605927,0.8040922786428688,0.0,0.0059497284890532,0.9992942542080592,0.2,0.4,1.4142135623730951,96
1.0,25.0,0.5,0.0099972661933495,1.0,0.9919689399812948,0.0080310600187051,1.008096080124098,0.9920011023003354,0.370845798596758,0.0099972661933495,0.8040922786428688,0.0,0.0080387245536097,0.9990465483854432,0.2,0.4,1.4142135623730951,96
1.0,25.0,0.5,0.0135073843059079,1.0,0.989152806588934,0.0108471934110661,1.01096614531022,0.9892114236375008,0.3718916217311603,0.0135073843059079,0.8040922786428688,0.0,0.0108611834250424,0.9987119254478202,0.2,0.4,1.4142135623730951,96
1.0,25.0,0.5,0.0182499322573664,1.0,0.9853509058957992,0.0146490941042009,1.0148668804347252,0.9854576764929424,0.3733082078992271,0.0182499322573664,0.8040922786428688,0.0,0.0146746296139037,0.9982598872765628,0.2,0.4,1.4142135623730951,96
1.0,25.0,0.5,0.024657625773836,1.0,0.980219602719232,0.0197803972807678,1.0201795569338696,0.980413933478436,0.3752286885626267,0.024657625773836,0.8040922786428688,0.0,0.0198270064944069,0.9976492057107952,0.2,0.4,1.4142135623730951,96
1.0,25.0,0.5,0.0333151104468964,1.0,0.9732966547750376,0.0267033452249623,1.0274359776065751,0.9736499778259208,0.3778353898584185,0.0333151104468964,0.8040922786428688,0.0,0.0267884230724838,0.996824081533604,0.2,0.4,1.4142135623730951,96
1.0,25.0,0.5,0.0450123054940112,1.0,0.9639612681699444,0.0360387318300556,1.0373860786942968,0.9646027377039226,0.3813791447203494,0.0450123054940112,0.8040922786428688,0.0,0.0361940472916484,0.9957088119949334,0.2,0.4,1.4142135623730951,96
1.0,25.0,0.5,0.0608164769291628,1.0,0.9513815625280282,0.0486184374719718,1.051102984740194,0.9525438758237734,0.3862070854677305,0.0608164769291628,0.8040922786428688,0.0,0.048902059513002,0.9942002025302265,0.2,0.4,1.4142135623730951,96
1.0,25.0,0.5,0.0821696161856783,1.0,0.9344462944856112,0.0655537055143887,1.0701524591635032,0.9365466469077416,0.3928033026826528,0.0821696161856783,0.8040922786428688,0.0,0.066071953913952,0.9921563028052992,0.2,0.4,1.4142135623730951,96
1.0,25.0,0.5,0.1110200091328213,1.0,0.9116778496523932,0.0883221503476068,1.0968786840453375,0.915459043081244,0.4018494151764585,0.1110200091328213,0.8040922786428688,0.0,0.0892703321185624,0.9893785342962954,0.2,0.4,1.4142135623730951,96
1.0,25.0,0.5,0.15,1.0,0.8811253475223392,0.1188746524776608,1.1349123059641035,0.887896736620782,0.4143163993031193,0.15,0.8040922786428688,0.0,0.1206138417964303,0.9855805163581072,0.2,0.4,1.4142135623730951,96
1.0,30.0,0.5,0.003,1.0,0.9975884135319846,0.0024115864680154,1.0024174162763952,0.9975913190672324,0.3687676848613861,0.003,0.8040922786428688,0.0,0.0024122768359286,0.9997138106609912,0.2,0.4,1.4142135623730951,96
1.0,30.0,0.5,0.0040533233920169,1.0,0.9967420141625384,0.0032579858374615,1.0032686350040123,0.9967473156285844,0.3690799417256888,0.0040533233920169,0.8040922786428688,0.0,0.0032592460423633,0.99961334465534,0.2,0.4,1.4142135623730951,96
1.0,30.0,0.5,0.0054764768400905,1.0,0.9955987076181942,0.0044012923818057,1.0044207493924284,0.9956083790751308,0.3695021545518012,0.0054764768400905,0.8040922786428688,0.0,0.0044035927412833,0.9994776175698494,0.2,0.4,1.4142135623730951,96
1.0,30.0,0.5,0.0073993105605927,1.0,0.9940544704809388,0.0059455295190611,1.0059810902678046,0.9940721100448996,0.370073194298068,0.0073993105605927,0.8040922786428688,0.0,0.0059497284890532,0.9992942585531666,0.2,0.4,1.4142135623730951,96
1.0,30.0,0.5,0.0099972661933495,1.0,0.9919689398951472,0.0080310601048527,1.0080960802116463,0.9920011023003354,0.3708457986287055,0.0099972661933495,0.8040922786428688,0.0,0.0080387245536097,0.9990465591020244,0.2,0.4,1.4142135623730951,96
1.0,30.0,0.5,0.0135073843059079,1.0,0.989152806301877,0.010847193698123,1.0109661456036072,0.9892114236375008,0.3718916218379144,0.0135073843059079,0.8040922786428688,0.0,0.0108611834250424,0.9987119518774386,0.2,0.4,1.4142135623730951,96
1.0,30.0,0.5,0.0182499322573664,1.0,0.985350904939342,0.0146490950606581,1.0148668814198327,0.9854576764929424,0.3733082082562804,0.0182499322573664,0.8040922786428688,0.0,0.0146746296139037,0.99825995245417,0.2,0.4,1.4142135623730951,96
1.0,30.0,0.5,0.024657625773836,1.0,0.9802195995327568,0.0197804004672431,1.020179560250246,0.980413933478436,0.3752286897582836,0.024657625773836,0.8040922786428688,0.0,0.0198270064944069,0.9976493664246836,0.2,0.4,1.4142135623730951,96
1.0,30.0,0.5,0.0333151104468964,1.0,0.9732966441614852,0.0267033558385147,1.0274359888105031,0.9736499778259208,0.3778353938685942,0.0333151104468964,0.8040922786428688,0.0,0.0267884230724838,0.99682447773283,0.2,0.4,1.4142135623730951,96
1.0,30.0,0.5,0.0450123054940112,1.0,0.9639612328322767,0.0360387671677231,1.0373861167236311,0.9646027377039226,0.3813791581973991,0.0450123054940112,0.8040922786428688,0.0,0.0361940472916484,0.9957097883341413,0.2,0.4,1.4142135623730951,96
1.0,30.0,0.5,0.0608164769291628,1.0,0.951381444957308,0.048618555042692,1.0511031146343977,0.9525438758237734,0.3862071308743784,0.0608164769291628,0.8040922786428688,0.0,0.048902059513002,0.9942026067381768,0.2,0.4,1.4142135623730951,96
1.0,30.0,0.5,0.0821696161856783,1.0,0.9344459038386306,0.0655540961613694,1.070152906542881,0.9365466469077416,0.3928034561301069,0.0821696161856783,0.8040922786428688,0.0,0.066071953913952,0.992162215253131,0.2,0.4,1.4142135623730951,96
1.0,30.0,0.5,0.1110200091328213,1.0,0.9116765548028452,0.0883234451971548,1.0968802419365224,0.915459043081244,0.4018499355113289,0.1110200091328213,0.8040922786428688,0.0,0.0892703321185624,0.9893930391101268,0.2,0.4,1.4142135623730951,96
1.0,30.0,0.5,0.15,1.0,0.8811210744941509,0.1188789255058491,1.1349178097619526,0.887896736620782,0.4143181696925549,0.15,0.8040922786428688,0.0,0.1206138417964303,0.9856159437031335,0.2,0.4,1.4142135623730951,96
1.0,35.0,0.5,0.003,1.0,0.9975884135314146,0.0024115864685854,1.002417416276968,0.9975913190672324,0.3687676848615963,0.003,0.8040922786428688,0.0,0.0024122768359286,0.9997138108972776,0.2,0.4,1.4142135623730951,96
1.0,35.0,0.5,0.0040533233920169,1.0,0.9967420141606408,0.0032579858393592,1.0032686350059226,0.9967473156285844,0.3690799417263892,0.0040533233920169,0.8040922786428688,0.0,0.0032592460423633,0.9996133452375924,0.2,0.4,1.4142135623730951,96
1.0,35.0,0.5,0.0054764768400905,1.0,0.9955987076118696,0.0044012923881304,1.004420749398809,0.9956083790751308,0.3695021545541382,0.0054764768400905,0.8040922786428688,0.0,0.0044035927412833,0.9994776190061126,0.2,0.4,1.4142135623730951,96
1.0,35.0,0.5,0.0073993105605927,1.0,0.9940544704598636,0.0059455295401364,1.0059810902891329,0.9940721100448996,0.3700731943058674,0.0073993105605927,0.8040922786428688,0.0,0.0059497284890532,0.9992942620954062,0.2,0.4,1.4142135623730951,96
1.0,35.0,0.5,0.0099972661933495,1.0,0.9919689398249192,0.0080310601750808,1.008096080283016,0.9920011023003354,0.3708457986547492,0.0099972661933495,0.8040922786428688,0.0,0.0080387245536097,0.999046567838242,0.2,0.4,1.4142135623730951,96
1.0,35.0,0.5,0.0135073843059079,1.0,0.9891528060678656,0.0108471939321345,1.0109661458427792,0.9892114236375008,0.3718916219249413,0.0135073843059079,0.8040922786428688,0.0,0.0108611834250424,0.9987119734231088,0.2,0.4,1.4142135623730951,96
1.0,35.0,0.5,0.0182499322573664,1.0,0.9853509041596308,0.0146490958403691,1.0148668822229,0.9854576764929424,0.3733082085473529,0.0182499322573664,0.8040922786428688,0.0,0.0146746296139037,0.9982600055874336,0.2,0.4,1.4142135623730951,96
1.0,35.0,0.5,0.024657625773836,1.0,0.9802195969351172,0.0197804030648828,1.0201795629537818,0.980413933478436,0.3752286907329926,0.024657625773836,0.8040922786428688,0.0,0.0198270064944069,0.9976494974399056,0.2,0.4,1.4142135623730951,96
1.0,35.0,0.5,0.0333151104468964,1.0,0.9732966355092242,0.0267033644907758,1.0274359979440435,0.9736499778259208,0.3778353971377247,0.0333151104468964,0.8040922786428688,0.0,0.0267884230724838,0.9968248007179116,0.2,0.4,1.4142135623730951,96
1.0,35.0,0.5,0.0450123054940112,1.0,0.9639612040245976,0.0360387959754022,1.037386147725591,0.9646027377039226,0.3813791691840477,0.0450123054940112,0.8040922786428688,0.0,0.0361940472916484,0.9957105842572636,0.2,0.4,1.4142135623730951,96
1.0,35.0,0.5,0.0608164769291628,1.0,0.951381349111133,0.0486186508888669,1.051103220526964,0.9525438758237734,0.3862071678908564,0.0608164769291628,0.8040922786428688,0.0,0.048902059513002,0.9942045667001056,0.2,0.4,1.4142135623730951,96
1.0,35.0,0.5,0.0821696161856783,1.0,0.9344455853621054,0.0655544146378945,1.0701532712709982,0.9365466469077416,0.3928035812288066,0.0821696161856783,0.8040922786428688,0.0,0.066071953913952,0.9921670354000508,0.2,0.4,1.4142135623730951,96
1.0,35.0,0.5,0.1110200091328213,1.0,0.91167549903151,0.0883245009684901,1.0968815121853324,0.915459043081244,0.4018503597731959,0.1110200091328213,0.8040922786428688,0.0,0.0892703321185624,0.9894048657865844,0.2,0.4,1.4142135623730951,96
1.0,35.0,0.5,0.15,1.0,0.8811175888960927,0.1188824111039072,1.1349222993639805,0.887896736620782,0.4143196138416795,0.15,0.8040922786428688,0.0,0.1206138417964303,0.9856448425260734,0.2,0.4,1.4142135623730951,96
1.0,40.0,0.5,0.003,1.0,0.997588413531043,0.002411586468957,1.0024174162773414,0.9975913190672324,0.3687676848617333,0.003,0.8040922786428688,-5.551115123125783e-17,0.0024122768359286,0.9997138110513194,0.1999999999999999,0.4,1.4142135623730951,96
1.0,40.0,0.5,0.0040533233920169,1.0,0.996742014159402,0.0032579858405979,1.0032686350071691,0.9967473156285844,0.3690799417268465,0.0040533233920169,0.8040922786428688,-5.551115123125783e-17,0.0032592460423633,0.9996133456176765,0.1999999999999999,0.4,1.4142135623730951,96
1.0,40.0,0.5,0.0054764768400905,1.0,0.9955987076077416,0.0044012923922582,1.0044207494029738,0.9956083790751308,0.3695021545556634,0.0054764768400905,0.8040922786428688,-5.551115123125783e-17,0.0044035927412833,0.9994776199434856,0.1999999999999999,0.4,1.4142135623730951,96
1.0,40.0,0.5,0.0073993105605927,1.0,0.9940544704461076,0.0059455295538922,1.0059810903030535,0.9940721100448996,0.3700731943109581,0.0073993105605927,0.8040922786428688,-5.551115123125783e-17,0.0059497284890532,0.9992942644074064,0.1999999999999999,0.4,1.4142135623730951,96
1.0,40.0,0.5,0.0099972661933495,1.0,0.9919689397790808,0.0080310602209192,1.0080960803295995,0.9920011023003354,0.3708457986717482,0.0099972661933495,0.8040922786428688,-5.551115123125783e-17,0.0080387245536097,0.9990465735404456,0.1999999999999999,0.4,1.4142135623730951,96
1.0,40.0,0.5,0.0135073843059079,1.0,0.9891528059151256,0.0108471940848744,1.0109661459988877,0.9892114236375008,0.3718916219817439,0.0135073843059079,0.8040922786428688,-5.551115123125783e-17,0.0108611834250424,0.9987119874860269,0.1999999999999999,0.4,1.4142135623730951,96
1.0,40.0,0.5,0.0182499322573664,1.0,0.9853509036507104,0.0146490963492894,1.0148668827470648,0.9854576764929424,0.3733082087373371,0.0182499322573664,0.8040922786428688,-5.551115123125783e-17,0.0146746296139037,0.9982600402677196,0.1999999999999999,0.4,1.4142135623730951,96
1.0,40.0,0.5,0.024657625773836,1.0,0.9802195952396277,0.0197804047603724,1.0201795647183904,0.980413933478436,0.3752286913691889,0.024657625773836,0.8040922786428688,-5.551115123125783e-17,0.0198270064944069,0.997649582954057,0.1999999999999999,0.4,1.4142135623730951,96
1.0,40.0,0.5,0.0333151104468964,1.0,0.9732966298618556,0.0267033701381443,1.0274360039055457,0.9736499778259208,0.3778353992715005,0.0333151104468964,0.8040922786428688,-5.551115123125783e-17,0.0267884230724838,0.996825011531686,0.1999999999999999,0.4,1.4142135623730951,96
1.0,40.0,0.5,0.0450123054940112,1.0,0.9639611852216484,0.0360388147783515,1.037386167960762,0.9646027377039226,0.3813791763551009,0.0450123054940112,0.8040922786428688,-5.551115123125783e-17,0.0361940472916484,0.9957111037611798,0.1999999999999999,0.4,1.4142135623730951,96
1.0,40.0,0.5,0.0608164769291628,1.0,0.951381286551188,0.0486187134488119,1.0511032896443209,0.9525438758237734,0.3862071920519563,0.0608164769291628,0.8040922786428688,-5.551115123125783e-17,0.048902059513002,0.9942058459907044,0.1999999999999999,0.4,1.4142135623730951,96
1.0,40.0,0.5,0.0821696161856783,1.0,0.9344453774825028,0.0655546225174973,1.070153509340598,0.9365466469077416,0.3928036628846675,0.0821696161856783,0.8040922786428688,-5.551115123125783e-17,0.066071953913952,0.992170181660914,0.1999999999999999,0.4,1.4142135623730951,96
1.0,40.0,0.5,0.1110200091328213,1.0,0.9116748098285828,0.0883251901714171,1.0968823413998072,0.915459043081244,0.4018506367297356,0.1110200091328213,0.8040922786428688,-5.551115123125783e-17,0.0892703321185624,0.9894125861894406,0.1999999999999999,0.4,1.4142135623730951,96
1.0,40.0,0.5,0.15,1.0,0.8811153127676762,0.1188846872323238,1.1349252311356324,0.887896736620782,0.4143205568873994,0.15,0.8040922786428688,-5.551115123125783e-17,0.1206138417964303,0.9856637137300964,0.1999999999999999,0.4,1.4142135623730951,96
1.0,45.0,0.5,0.003,1.0,0.997588413530914,0.002411586469086,1.0024174162774708,0.9975913190672324,0.3687676848617809,0.003,0.8040922786428688,0.0,0.0024122768359286,0.9997138111047992,0.2,0.4,1.4142135623730951,96
1.0,45.0,0.5,0.0040533233920169,1.0,0.9967420141589718,0.0032579858410282,1.0032686350076023,0.9967473156285844,0.3690799417270052,0.0040533233920169,0.8040922786428688,0.0,0.0032592460423633,0.9996133457496736,0.2,0.4,1.4142135623730951,96
1.0,45.0,0.5,0.0054764768400905,1.0,0.9955987076063084,0.0044012923936916,1.0044207494044195,0.9956083790751308,0.3695021545561931,0.0054764768400905,0.8040922786428688,0.0,0.0044035927412833,0.9994776202689948,0.2,0.4,1.4142135623730951,96
1.0,45.0,0.5,0.0073993105605927,1.0,0.9940544704413304,0.0059455295586695,1.005981090307888,0.9940721100448996,0.370073194312726,0.0073993105605927,0.8040922786428688,0.0,0.0059497284890532,0.9992942652103488,0.2,0.4,1.4142135623730951,96
1.0,45.0,0.5,0.0099972661933495,1.0,0.9919689397631614,0.0080310602368386,1.008096080345778,0.9920011023003354,0.3708457986776519,0.0099972661933495,0.8040922786428688,0.0,0.0080387245536097,0.9990465755207816,0.2,0.4,1.4142135623730951,96
1.0,45.0,0.5,0.0135073843059079,1.0,0.9891528058620797,0.0108471941379204,1.0109661460531032,0.9892114236375008,0.3718916220014713,0.0135073843059079,0.8040922786428688,0.0,0.0108611834250424,0.9987119923700262,0.2,0.4,1.4142135623730951,96
1.0,45.0,0.5,0.0182499322573664,1.0,0.985350903473964,0.0146490965260358,1.0148668829291057,0.9854576764929424,0.373308208803318,0.0182499322573664,0.8040922786428688,0.0,0.0146746296139037,0.9982600523120708,0.2,0.4,1.4142135623730951,96
1.0,45.0,0.5,0.024657625773836,1.0,0.98021959465079,0.0197804053492098,1.0201795653312324,0.980413933478436,0.3752286915901376,0.024657625773836,0.8040922786428688,0.0,0.0198270064944069,0.9976496126528128,0.2,0.4,1.4142135623730951,96
1.0,45.0,0.5,0.0333151104468964,1.0,0.973296627900544,0.0267033720994559,1.0274360059759549,0.9736499778259208,0.3778354000125534,0.0333151104468964,0.8040922786428688,0.0,0.0267884230724838,0.99682508474658,0.2,0.4,1.4142135623730951,96
1.0,45.0,0.5,0.0450123054940112,1.0,0.9639611786914396,0.0360388213085605,1.0373861749883773,0.9646027377039226,0.3813791788455866,0.0450123054940112,0.8040922786428688,0.0,0.0361940472916484,0.99571128418336,0.2,0.4,1.4142135623730951,96
1.0,45.0,0.5,0.0608164769291628,1.0,0.9513812648241998,0.0486187351758001,1.0511033136486918,0.9525438758237734,0.3862072004430755,0.0608164769291628,0.8040922786428688,0.0,0.048902059513002,0.9942062902866796,0.2,0.4,1.4142135623730951,96
1.0,45.0,0.5,0.0821696161856783,1.0,0.9344453052850452,0.0655546947149549,1.0701535920231928,0.9365466469077416,0.3928036912440943,0.0821696161856783,0.8040922786428688,0.0,0.066071953913952,0.9921712743705026,0.2,0.4,1.4142135623730951,96
1.0,45.0,0.5,0.1110200091328213,1.0,0.9116745704529592,0.0883254295470409,1.096882629404873,0.915459043081244,0.4018507329229939,0.1110200091328213,0.8040922786428688,0.0,0.0892703321185624,0.989415267658391,0.2,0.4,1.4142135623730951,96
1.0,45.0,0.5,0.15,1.0,0.8811145220792242,0.1188854779207757,1.134926249586982,0.887896736620782,0.4143208844860086,0.15,0.8040922786428688,0.0,0.1206138417964303,0.9856702692666762,0.2,0.4,1.4142135623730951,96
1.0,50.0,0.5,0.003,1.0,0.9975884135310432,0.0024115864689567,1.0024174162773412,0.9975913190672324,0.3687676848617332,0.003,0.8040922786428688,0.0,0.0024122768359286,0.9997138110512274,0.2,0.4,1.4142135623730951,96
1.0,50.0,0.5,0.0040533233920169,1.0,0.996742014159402,0.0032579858405979,1.0032686350071691,0.9967473156285844,0.3690799417268465,0.0040533233920169,0.8040922786428688,0.0,0.0032592460423633,0.9996133456176765,0.2,0.4,1.4142135623730951,96
1.0,50.0,0.5,0.0054764768400905,1.0,0.9955987076077416,0.0044012923922582,1.0044207494029738,0.9956083790751308,0.3695021545556634,0.0054764768400905,0.8040922786428688,0.0,0.0044035927412833,0.9994776199434856,0.2,0.4,1.4142135623730951,96
1.0,50.0,0.5,0.0073993105605927,1.0,0.9940544704461078,0.0059455295538921,1.0059810903030535,0.9940721100448996,0.370073194310958,0.0073993105605927,0.8040922786428688,0.0,0.0059497284890532,0.999294264407388,0.2,0.4,1.4142135623730951,96
1.0,50.0,0.5,0.0099972661933495,1.0,0.9919689397790812,0.0080310602209189,1.0080960803295993,0.9920011023003354,0.3708457986717481,0.0099972661933495,0.8040922786428688,0.0,0.0080387245536097,0.999046573540404,0.2,0.4,1.4142135623730951,96
1.0,50.0,0.5,0.0135073843059079,1.0,0.9891528059151254,0.0108471940848745,1.0109661459988877,0.9892114236375008,0.371891621981744,0.0135073843059079,0.8040922786428688,0.0,0.0108611834250424,0.9987119874860372,0.2,0.4,1.4142135623730951,96
1.0,50.0,0.5,0.0182499322573664,1.0,0.9853509036507108,0.0146490963492893,1.0148668827470646,0.9854576764929424,0.373308208737337,0.0182499322573664,0.8040922786428688,0.0,0.0146746296139037,0.998260040267712,0.2,0.4,1.4142135623730951,96
1.0,50.0,0.5,0.024657625773836,1.0,0.9802195952396277,0.0197804047603723,1.0201795647183902,0.980413933478436,0.3752286913691889,0.024657625773836,0.8040922786428688,0.0,0.0198270064944069,0.9976495829540516,0.2,0.4,1.4142135623730951,96
1.0,50.0,0.5,0.0333151104468964,1.0,0.9732966298618556,0.0267033701381442,1.0274360039055457,0.9736499778259208,0.3778353992715004,0.0333151104468964,0.8040922786428688,0.0,0.0267884230724838,0.9968250115316818,0.2,0.4,1.4142135623730951,96
1.0,50.0,0.5,0.0450123054940112,1.0,0.9639611852216484,0.0360388147783514,1.0373861679607617,0.9646027377039226,0.3813791763551008,0.0450123054940112,0.8040922786428688,0.0,0.0361940472916484,0.9957111037611768,0.2,0.4,1.4142135623730951,96
1.0,50.0,0.5,0.0608164769291628,1.0,0.951381286551188,0.0486187134488119,1.0511032896443209,0.9525438758237734,0.3862071920519563,0.0608164769291628,0.8040922786428688,0.0,0.048902059513002,0.9942058459907044,0.2,0.4,1.4142135623730951,96
1.0,50.0,0.5,0.0821696161856783,1.0,0.9344453774825028,0.0655546225174973,1.070153509340598,0.9365466469077416,0.3928036628846675,0.0821696161856783,0.8040922786428688,0.0,0.066071953913952,0.992170181660914,0.2,0.4,1.4142135623730951,96
1.0,50.0,0.5,0.1110200091328213,1.0,0.9116748098285828,0.0883251901714171,1.0968823413998072,0.915459043081244,0.4018506367297356,0.1110200091328213,0.8040922786428688,0.0,0.0892703321185624,0.9894125861894406,0.2,0.4,1.4142135623730951,96
1.0,50.0,0.5,0.15,1.0,0.8811153127676763,0.1188846872323237,1.1349252311356324,0.887896736620782,0.4143205568873993,0.15,0.8040922786428688,0.0,0.1206138417964303,0.9856637137300954,0.2,0.4,1.4142135623730951,96
1.0,55.0,0.5,0.003,1.0,0.9975884135314148,0.002411586468585,1.0024174162769677,0.9975913190672324,0.3687676848615961,0.003,0.8040922786428688,5.551115123125783e-17,0.0024122768359286,0.9997138108971396,0.2,0.4,1.4142135623730951,96
1.0,55.0,0.5,0.0040533233920169,1.0,0.9967420141606412,0.0032579858393588,1.003268635005922,0.9967473156285844,0.3690799417263891,0.0040533233920169,0.8040922786428688,5.551115123125783e-17,0.0032592460423633,0.9996133452374902,0.2,0.4,1.4142135623730951,96
1.0,55.0,0.5,0.0054764768400905,1.0,0.9955987076118696,0.0044012923881304,1.004420749398809,0.9956083790751308,0.3695021545541382,0.0054764768400905,0.8040922786428688,5.551115123125783e-17,0.0044035927412833,0.9994776190061126,0.2,0.4,1.4142135623730951,96
1.0,55.0,0.5,0.0073993105605927,1.0,0.9940544704598636,0.0059455295401363,1.0059810902891326,0.9940721100448996,0.3700731943058674,0.0073993105605927,0.8040922786428688,5.551115123125783e-17,0.0059497284890532,0.9992942620953876,0.2,0.4,1.4142135623730951,96
1.0,55.0,0.5,0.0099972661933495,1.0,0.9919689398249192,0.0080310601750808,1.008096080283016,0.9920011023003354,0.3708457986547492,0.0099972661933495,0.8040922786428688,5.551115123125783e-17,0.0080387245536097,0.999046567838242,0.2,0.4,1.4142135623730951,96
1.0,55.0,0.5,0.0135073843059079,1.0,0.9891528060678656,0.0108471939321345,1.0109661458427792,0.9892114236375008,0.3718916219249413,0.0135073843059079,0.8040922786428688,5.551115123125783e-17,0.0108611834250424,0.9987119734231088,0.2,0.4,1.4142135623730951,96
1.0,55.0,0.5,0.0182499322573664,1.0,0.9853509041596304,0.0146490958403695,1.0148668822229003,0.9854576764929424,0.3733082085473531,0.0182499322573664,0.8040922786428688,5.551115123125783e-17,0.0146746296139037,0.998260005587464,0.2,0.4,1.4142135623730951,96
1.0,55.0,0.5,0.024657625773836,1.0,0.9802195969351172,0.0197804030648828,1.0201795629537818,0.980413933478436,0.3752286907329926,0.024657625773836,0.8040922786428688,5.551115123125783e-17,0.0198270064944069,0.9976494974399056,0.2,0.4,1.4142135623730951,96
1.0,55.0,0.5,0.0333151104468964,1.0,0.9732966355092242,0.0267033644907758,1.0274359979440435,0.9736499778259208,0.3778353971377247,0.0333151104468964,0.8040922786428688,5.551115123125783e-17,0.0267884230724838,0.9968248007179116,0.2,0.4,1.4142135623730951,96
1.0,55.0,0.5,0.0450123054940112,1.0,0.9639612040245976,0.0360387959754022,1.037386147725591,0.9646027377039226,0.3813791691840477,0.0450123054940112,0.8040922786428688,5.551115123125783e-17,0.0361940472916484,0.9957105842572636,0.2,0.4,1.4142135623730951,96
1.0,55.0,0.5,0.0608164769291628,1.0,0.951381349111133,0.0486186508888669,1.051103220526964,0.9525438758237734,0.3862071678908564,0.0608164769291628,0.8040922786428688,5.551115123125783e-17,0.048902059513002,0.9942045667001056,0.2,0.4,1.4142135623730951,96
1.0,55.0,0.5,0.0821696161856783,1.0,0.9344455853621054,0.0655544146378945,1.0701532712709982,0.9365466469077416,0.3928035812288066,0.0821696161856783,0.8040922786428688,5.551115123125783e-17,0.066071953913952,0.9921670354000508,0.2,0.4,1.4142135623730951,96
1.0,55.0,0.5,0.1110200091328213,1.0,0.91167549903151,0.0883245009684899,1.096881512185332,0.915459043081244,0.4018503597731958,0.1110200091328213,0.8040922786428688,5.551115123125783e-17,0.0892703321185624,0.9894048657865832,0.2,0.4,1.4142135623730951,96
1.0,55.0,0.5,0.15,1.0,0.881117588896093,0.1188824111039069,1.13492229936398,0.887896736620782,0.4143196138416794,0.15,0.8040922786428688,5.551115123125783e-17,0.1206138417964303,0.9856448425260708,0.2,0.4,1.4142135623730951,96
1.0,60.0,0.5,0.003,1.0,0.9975884135319842,0.0024115864680157,1.0024174162763957,0.9975913190672324,0.3687676848613862,0.003,0.8040922786428688,0.0,0.0024122768359286,0.9997138106611292,0.2,0.4,1.4142135623730951,96
1.0,60.0,0.5,0.0040533233920169,1.0,0.9967420141625384,0.0032579858374615,1.0032686350040123,0.9967473156285844,0.3690799417256888,0.0040533233920169,0.8040922786428688,0.0,0.0032592460423633,0.99961334465534,0.2,0.4,1.4142135623730951,96
1.0,60.0,0.5,0.0054764768400905,1.0,0.9955987076181942,0.0044012923818057,1.0044207493924284,0.9956083790751308,0.3695021545518012,0.0054764768400905,0.8040922786428688,0.0,0.0044035927412833,0.9994776175698494,0.2,0.4,1.4142135623730951,96
1.0,60.0,0.5,0.0073993105605927,1.0,0.9940544704809384,0.0059455295190614,1.0059810902678048,0.9940721100448996,0.3700731942980681,0.0073993105605927,0.8040922786428688,0.0,0.0059497284890532,0.9992942585532224,0.2,0.4,1.4142135623730951,96
1.0,60.0,0.5,0.0099972661933495,1.0,0.9919689398951472,0.0080310601048526,1.008096080211646,0.9920011023003354,0.3708457986287054,0.0099972661933495,0.8040922786428688,0.0,0.0080387245536097,0.9990465591020108,0.2,0.4,1.4142135623730951,96
1.0,60.0,0.5,0.0135073843059079,1.0,0.9891528063018769,0.0108471936981232,1.0109661456036074,0.9892114236375008,0.3718916218379144,0.0135073843059079,0.8040922786428688,0.0,0.0108611834250424,0.998711951877459,0.2,0.4,1.4142135623730951,96
1.0,60.0,0.5,0.0182499322573664,1.0,0.985350904939342,0.014649095060658,1.0148668814198327,0.9854576764929424,0.3733082082562804,0.0182499322573664,0.8040922786428688,0.0,0.0146746296139037,0.9982599524541624,0.2,0.4,1.4142135623730951,96
1.0,60.0,0.5,0.024657625773836,1.0,0.9802195995327568,0.0197804004672432,1.020179560250246,0.980413933478436,0.3752286897582837,0.024657625773836,0.8040922786428688,0.0,0.0198270064944069,0.997649366424689,0.2,0.4,1.4142135623730951,96
1.0,60.0,0.5,0.0333151104468964,1.0,0.9732966441614852,0.0267033558385147,1.0274359888105031,0.9736499778259208,0.3778353938685942,0.0333151104468964,0.8040922786428688,0.0,0.0267884230724838,0.99682447773283,0.2,0.4,1.4142135623730951,96
1.0,60.0,0.5,0.0450123054940112,1.0,0.9639612328322764,0.0360387671677234,1.0373861167236318,0.9646027377039226,0.3813791581973992,0.0450123054940112,0.8040922786428688,0.0,0.0361940472916484,0.9957097883341504,0.2,0.4,1.4142135623730951,96
1.0,60.0,0.5,0.0608164769291628,1.0,0.951381444957308,0.0486185550426918,1.0511031146343972,0.9525438758237734,0.3862071308743783,0.0608164769291628,0.8040922786428688,0.0,0.048902059513002,0.9942026067381724,0.2,0.4,1.4142135623730951,96
1.0,60.0,0.5,0.0821696161856783,1.0,0.9344459038386304,0.0655540961613696,1.0701529065428812,0.9365466469077416,0.392803456130107,0.0821696161856783,0.8040922786428688,0.0,0.066071953913952,0.9921622152531344,0.2,0.4,1.4142135623730951,96
1.0,60.0,0.5,0.1110200091328213,1.0,0.9116765548028452,0.0883234451971548,1.0968802419365224,0.915459043081244,0.4018499355113289,0.1110200091328213,0.8040922786428688,0.0,0.0892703321185624,0.9893930391101268,0.2,0.4,1.4142135623730951,96
1.0,60.0,0.5,0.15,1.0,0.8811210744941509,0.1188789255058491,1.1349178097619526,0.887896736620782,0.4143181696925549,0.15,0.8040922786428688,0.0,0.1206138417964303,0.9856159437031335,0.2,0.4,1.4142135623730951,96
1.0,65.0,0.5,0.003,1.0,0.9975884135326832,0.0024115864673168,1.0024174162756931,0.9975913190672324,0.3687676848611285,0.003,0.8040922786428688,0.0,0.0024122768359286,0.9997138103714088,0.2,0.4,1.4142135623730951,96
1.0,65.0,0.5,0.0040533233920169,1.0,0.9967420141648664,0.0032579858351335,1.0032686350016693,0.9967473156285844,0.3690799417248296,0.0040533233920169,0.8040922786428688,0.0,0.0032592460423633,0.9996133439410902,0.2,0.4,1.4142135623730951,96
1.0,65.0,0.5,0.0054764768400905,1.0,0.995598707625952,0.0044012923740479,1.004420749384602,0.9956083790751308,0.3695021545489347,0.0054764768400905,0.8040922786428688,0.0,0.0044035927412833,0.9994776158081528,0.2,0.4,1.4142135623730951,96
1.0,65.0,0.5,0.0073993105605927,1.0,0.9940544705067912,0.0059455294932089,1.0059810902416422,0.9940721100448996,0.3700731942885008,0.0073993105605927,0.8040922786428688,0.0,0.0059497284890532,0.9992942542080592,0.2,0.4,1.4142135623730951,96
1.0,65.0,0.5,0.0099972661933495,1.0,0.9919689399812948,0.0080310600187051,1.008096080124098,0.9920011023003354,0.370845798596758,0.0099972661933495,0.8040922786428688,0.0,0.0080387245536097,0.9990465483854432,0.2,0.4,1.4142135623730951,96
1.0,65.0,0.5,0.0135073843059079,1.0,0.9891528065889342,0.0108471934110657,1.0109661453102197,0.9892114236375008,0.3718916217311602,0.0135073843059079,0.8040922786428688,0.0,0.0108611834250424,0.9987119254477894,0.2,0.4,1.4142135623730951,96
1.0,65.0,0.5,0.0182499322573664,1.0,0.9853509058957988,0.0146490941042011,1.0148668804347254,0.9854576764929424,0.3733082078992272,0.0182499322573664,0.8040922786428688,0.0,0.0146746296139037,0.998259887276578,0.2,0.4,1.4142135623730951,96
1.0,65.0,0.5,0.024657625773836,1.0,0.980219602719232,0.0197803972807679,1.02017955693387,0.980413933478436,0.3752286885626267,0.024657625773836,0.8040922786428688,0.0,0.0198270064944069,0.9976492057108008,0.2,0.4,1.4142135623730951,96
1.0,65.0,0.5,0.0333151104468964,1.0,0.9732966547750376,0.0267033452249625,1.0274359776065751,0.9736499778259208,0.3778353898584186,0.0333151104468964,0.8040922786428688,0.0,0.0267884230724838,0.9968240815336123,0.2,0.4,1.4142135623730951,96
1.0,65.0,0.5,0.0450123054940112,1.0,0.9639612681699444,0.0360387318300556,1.0373860786942968,0.9646027377039226,0.3813791447203494,0.0450123054940112,0.8040922786428688,0.0,0.0361940472916484,0.9957088119949334,0.2,0.4,1.4142135623730951,96
1.0,65.0,0.5,0.0608164769291628,1.0,0.9513815625280284,0.0486184374719717,1.051102984740194,0.9525438758237734,0.3862070854677304,0.0608164769291628,0.8040922786428688,0.0,0.048902059513002,0.994200202530224,0.2,0.4,1.4142135623730951,96
1.0,65.0,0.5,0.0821696161856783,1.0,0.9344462944856112,0.0655537055143887,1.0701524591635032,0.9365466469077416,0.3928033026826528,0.0821696161856783,0.8040922786428688,0.0,0.066071953913952,0.9921563028052992,0.2,0.4,1.4142135623730951,96
1.0,65.0,0.5,0.1110200091328213,1.0,0.9116778496523932,0.0883221503476068,1.0968786840453375,0.915459043081244,0.4018494151764585,0.1110200091328213,0.8040922786428688,0.0,0.0892703321185624,0.9893785342962954,0.2,0.4,1.4142135623730951,96
1.0,65.0,0.5,0.15,1.0,0.8811253475223391,0.1188746524776609,1.1349123059641035,0.887896736620782,0.4143163993031194,0.15,0.8040922786428688,0.0,0.1206138417964303,0.985580516358108,0.2,0.4,1.4142135623730951,96
1.0,70.0,0.5,0.003,1.0,0.9975884135334262,0.0024115864665738,1.0024174162749466,0.9975913190672324,0.3687676848608545,0.003,0.8040922786428688,0.0,0.0024122768359286,0.9997138100633712,0.2,0.4,1.4142135623730951,96
1.0,70.0,0.5,0.0040533233920169,1.0,0.9967420141673444,0.0032579858326556,1.003268634999175,0.9967473156285844,0.3690799417239151,0.0040533233920169,0.8040922786428688,0.0,0.0032592460423633,0.9996133431808204,0.2,0.4,1.4142135623730951,96
1.0,70.0,0.5,0.0054764768400905,1.0,0.995598707634208,0.0044012923657918,1.004420749376273,0.9956083790751308,0.3695021545458841,0.0054764768400905,0.8040922786428688,0.0,0.0044035927412833,0.9994776139333058,0.2,0.4,1.4142135623730951,96
1.0,70.0,0.5,0.0073993105605927,1.0,0.9940544705343028,0.0059455294656971,1.0059810902138002,0.9940721100448996,0.3700731942783194,0.0073993105605927,0.8040922786428688,0.0,0.0059497284890532,0.9992942495840212,0.2,0.4,1.4142135623730951,96
1.0,70.0,0.5,0.0099972661933495,1.0,0.9919689400729712,0.0080310599270289,1.008096080030931,0.9920011023003354,0.3708457985627602,0.0099972661933495,0.8040922786428688,0.0,0.0080387245536097,0.9990465369811188,0.2,0.4,1.4142135623730951,96
1.0,70.0,0.5,0.0135073843059079,1.0,0.9891528068944138,0.0108471931055862,1.0109661449980034,0.9892114236375008,0.3718916216175549,0.0135073843059079,0.8040922786428688,0.0,0.0108611834250424,0.9987118973219842,0.2,0.4,1.4142135623730951,96
1.0,70.0,0.5,0.0182499322573664,1.0,0.9853509069136392,0.0146490930863608,1.014866879386396,0.9854576764929424,0.3733082075192591,0.0182499322573664,0.8040922786428688,0.0,0.0146746296139037,0.9982598179160364,0.2,0.4,1.4142135623730951,96
1.0,70.0,0.5,0.024657625773836,1.0,0.9802196061102066,0.0197803938897933,1.0201795534046576,0.980413933478436,0.3752286872902358,0.024657625773836,0.8040922786428688,0.0,0.0198270064944069,0.9976490346827328,0.2,0.4,1.4142135623730951,96
1.0,70.0,0.5,0.0333151104468964,1.0,0.9732966660697244,0.0267033339302755,1.027435965683625,0.9736499778259208,0.3778353855908862,0.0333151104468964,0.8040922786428688,0.0,0.0267884230724838,0.9968236599079372,0.2,0.4,1.4142135623730951,96
1.0,70.0,0.5,0.0450123054940112,1.0,0.9639613057752844,0.0360386942247157,1.0373860382245643,0.9646027377039226,0.3813791303784573,0.0450123054940112,0.8040922786428688,0.0,0.0361940472916484,0.9957077730025364,0.2,0.4,1.4142135623730951,96
1.0,70.0,0.5,0.0608164769291628,1.0,0.9513816876417328,0.0486183123582671,1.051102846512404,0.9525438758237734,0.3862070371479343,0.0608164769291628,0.8040922786428688,0.0,0.048902059513002,0.9941976440755138,0.2,0.4,1.4142135623730951,96
1.0,70.0,0.5,0.0821696161856783,1.0,0.934446710176454,0.0655532898235459,1.070151983103635,0.9365466469077416,0.3928031393979507,0.0821696161856783,0.8040922786428688,0.0,0.066071953913952,0.9921500113182428,0.2,0.4,1.4142135623730951,96
1.0,70.0,0.5,0.1110200091328213,1.0,0.9116792273054726,0.0883207726945274,1.0968770265343932,0.915459043081244,0.4018488615677555,0.1110200091328213,0.8040922786428688,0.0,0.0892703321185624,0.9893631019231128,0.2,0.4,1.4142135623730951,96
1.0,70.0,0.5,0.15,1.0,0.8811298915395586,0.1188701084604414,1.1349064531822262,0.887896736620782,0.414314516646544,0.15,0.8040922786428688,0.0,0.1206138417964303,0.9855428422640586,0.2,0.4,1.4142135623730951,96
1.0,75.0,0.5,0.003,1.0,0.9975884135341252,0.0024115864658749,1.0024174162742443,0.9975913190672324,0.3687676848605967,0.003,0.8040922786428688,0.0,0.0024122768359286,0.9997138097736508,0.2,0.4,1.4142135623730951,96
1.0,75.0,0.5,0.0040533233920169,1.0,0.9967420141696722,0.0032579858303277,1.003268634996832,0.9967473156285844,0.3690799417230559,0.0040533233920169,0.8040922786428688,0.0,0.0032592460423633,0.9996133424665704,0.2,0.4,1.4142135623730951,96
1.0,75.0,0.5,0.0054764768400905,1.0,0.9955987076419662,0.0044012923580337,1.0044207493684458,0.9956083790751308,0.3695021545430174,0.0054764768400905,0.8040922786428688,0.0,0.0044035927412833,0.9994776121715336,0.2,0.4,1.4142135623730951,96
1.0,75.0,0.5,0.0073993105605927,1.0,0.9940544705601554,0.0059455294398446,1.0059810901876376,0.9940721100448996,0.370073194268752,0.0073993105605927,0.8040922786428688,0.0,0.0059497284890532,0.9992942452388578,0.2,0.4,1.4142135623730951,96
1.0,75.0,0.5,0.0099972661933495,1.0,0.9919689401591186,0.0080310598408813,1.0080960799433831,0.9920011023003354,0.3708457985308128,0.0099972661933495,0.8040922786428688,0.0,0.0080387245536097,0.9990465262645516,0.2,0.4,1.4142135623730951,96
1.0,75.0,0.5,0.0135073843059079,1.0,0.9891528071814708,0.010847192818529,1.010966144704616,0.9892114236375008,0.3718916215108007,0.0135073843059079,0.8040922786428688,0.0,0.0108611834250424,0.9987118708923453,0.2,0.4,1.4142135623730951,96
1.0,75.0,0.5,0.0182499322573664,1.0,0.9853509078700964,0.0146490921299035,1.014866878401288,0.9854576764929424,0.3733082071622057,0.0182499322573664,0.8040922786428688,0.0,0.0146746296139037,0.9982597527384216,0.2,0.4,1.4142135623730951,96
1.0,75.0,0.5,0.024657625773836,1.0,0.980219609296679,0.019780390703321,1.0201795500882846,0.980413933478436,0.37522868609458,0.024657625773836,0.8040922786428688,0.0,0.0198270064944069,0.997648873968996,0.2,0.4,1.4142135623730951,96
1.0,75.0,0.5,0.0333151104468964,1.0,0.9732966766832396,0.0267033233167605,1.027435954479737,0.9736499778259208,0.3778353815807246,0.0333151104468964,0.8040922786428688,0.0,0.0267884230724838,0.996823263710108,0.2,0.4,1.4142135623730951,96
1.0,75.0,0.5,0.0450123054940112,1.0,0.9639613411125372,0.0360386588874629,1.0373860001956818,0.9646027377039226,0.3813791169015668,0.0450123054940112,0.8040922786428688,0.0,0.0361940472916484,0.9957067966747856,0.2,0.4,1.4142135623730951,96
1.0,75.0,0.5,0.0608164769291628,1.0,0.9513818052078628,0.0486181947921372,1.051102716623338,0.9525438758237734,0.3862069917430703,0.0608164769291628,0.8040922786428688,0.0,0.048902059513002,0.9941952399614312,0.2,0.4,1.4142135623730951,96
1.0,75.0,0.5,0.0821696161856783,1.0,0.9344471007727172,0.0655528992272829,1.0701515357831124,0.9365466469077416,0.3928029859705423,0.0821696161856783,0.8040922786428688,0.0,0.066071953913952,0.9921440996380234,0.2,0.4,1.4142135623730951,96
1.0,75.0,0.5,0.1110200091328213,1.0,0.9116805215971142,0.0883194784028857,1.0968754693235792,0.915459043081244,0.4018483414584694,0.1110200091328213,0.8040922786428688,0.0,0.0892703321185624,0.9893486033589098,0.2,0.4,1.4142135623730951,96
1.0,75.0,0.5,0.15,1.0,0.8811341584820024,0.1188658415179976,1.1349009573329638,0.887896736620782,0.4143127487941195,0.15,0.8040922786428688,0.0,0.1206138417964303,0.9855074653754672,0.2,0.4,1.4142135623730951,96
1.0,80.0,0.5,0.003,1.0,0.9975884135346944,0.0024115864653054,1.002417416273672,0.9975913190672324,0.3687676848603867,0.003,0.8040922786428688,-5.551115123125783e-17,0.0024122768359286,0.9997138095375944,0.1999999999999999,0.4,1.4142135623730951,96
1.0,80.0,0.5,0.0040533233920169,1.0,0.9967420141715698,0.0032579858284301,1.003268634994922,0.9967473156285844,0.3690799417223556,0.0040533233920169,0.8040922786428688,-5.551115123125783e-17,0.0032592460423633,0.999613341884352,0.1999999999999999,0.4,1.4142135623730951,96
1.0,80.0,0.5,0.0054764768400905,1.0,0.9955987076482906,0.0044012923517093,1.0044207493620654,0.9956083790751308,0.3695021545406806,0.0054764768400905,0.8040922786428688,-5.551115123125783e-17,0.0044035927412833,0.999477610735346,0.1999999999999999,0.4,1.4142135623730951,96
1.0,80.0,0.5,0.0073993105605927,1.0,0.9940544705812306,0.0059455294187693,1.0059810901663095,0.9940721100448996,0.3700731942609527,0.0073993105605927,0.8040922786428688,-5.551115123125783e-17,0.0059497284890532,0.9992942416966368,0.1999999999999999,0.4,1.4142135623730951,96
1.0,80.0,0.5,0.0099972661933495,1.0,0.9919689402293468,0.0080310597706532,1.008096079872013,0.9920011023003354,0.3708457985047689,0.0099972661933495,0.8040922786428688,-5.551115123125783e-17,0.0080387245536097,0.9990465175283202,0.1999999999999999,0.4,1.4142135623730951,96
1.0,80.0,0.5,0.0135073843059079,1.0,0.9891528074154824,0.0108471925845177,1.010966144465444,0.9892114236375008,0.3718916214237739,0.0135073843059079,0.8040922786428688,-5.551115123125783e-17,0.0108611834250424,0.9987118493466852,0.1999999999999999,0.4,1.4142135623730951,96
1.0,80.0,0.5,0.0182499322573664,1.0,0.985350908649807,0.0146490913501929,1.0148668775982217,0.9854576764929424,0.3733082068711333,0.0182499322573664,0.8040922786428688,-5.551115123125783e-17,0.0146746296139037,0.9982596996051882,0.1999999999999999,0.4,1.4142135623730951,96
1.0,80.0,0.5,0.024657625773836,1.0,0.9802196118943132,0.0197803881056867,1.0201795473847544,0.980413933478436,0.375228685119873,0.024657625773836,0.8040922786428688,-5.551115123125783e-17,0.0198270064944069,0.9976487429540426,0.1999999999999999,0.4,1.4142135623730951,96
1.0,80.0,0.5,0.0333151104468964,1.0,0.9732966853354428,0.0267033146645572,1.027435945346258,0.9736499778259208,0.3778353783116161,0.0333151104468964,0.8040922786428688,-5.551115123125783e-17,0.0267884230724838,0.9968229407271814,0.1999999999999999,0.4,1.4142135623730951,96
1.0,80.0,0.5,0.0450123054940112,1.0,0.9639613699195814,0.0360386300804186,1.037385969194414,0.9646027377039226,0.3813791059151619,0.0450123054940112,0.8040922786428688,-5.551115123125783e-17,0.0361940472916484,0.9957060007692028,0.1999999999999999,0.4,1.4142135623730951,96
1.0,80.0,0.5,0.0608164769291628,1.0,0.9513819010470048,0.0486180989529951,1.051102610738643,0.9525438758237734,0.3862069547293253,0.0608164769291628,0.8040922786428688,-5.551115123125783e-17,0.048902059513002,0.9941932801433168,0.1999999999999999,0.4,1.4142135623730951,96
1.0,80.0,0.5,0.0821696161856783,1.0,0.934447419171538,0.065552580828462,1.0701511711451668,0.9365466469077416,0.3928028609025547,0.0821696161856783,0.8040922786428688,-5.551115123125783e-17,0.066071953913952,0.9921392806671592,0.1999999999999999,0.4,1.4142135623730951,96
1.0,80.0,0.5,0.1110200091328213,1.0,0.9116815765136852,0.0883184234863148,1.09687420011716,0.915459043081244,0.4018479175422186,0.1110200091328213,0.8040922786428688,-5.551115123125783e-17,0.0892703321185624,0.9893367862574614,0.1999999999999999,0.4,1.4142135623730951,96
1.0,80.0,0.5,0.15,1.0,0.8811376347560063,0.1188623652439937,1.1348964799090753,0.887896736620782,0.4143113085319848,0.15,0.8040922786428688,-5.551115123125783e-17,0.1206138417964303,0.9854786438575376,0.1999999999999999,0.4,1.4142135623730951,96
1.0,85.0,0.5,0.003,1.0,0.997588413535066,0.002411586464934,1.0024174162732988,0.9975913190672324,0.3687676848602497,0.003,0.8040922786428688,0.0,0.0024122768359286,0.9997138093835988,0.2,0.4,1.4142135623730951,96
1.0,85.0,0.5,0.0040533233920169,1.0,0.9967420141728088,0.0032579858271911,1.0032686349936748,0.9967473156285844,0.3690799417218983,0.0040533233920169,0.8040922786428688,0.0,0.0032592460423633,0.9996133415042,0.2,0.4,1.4142135623730951,96
1.0,85.0,0.5,0.0054764768400905,1.0,0.9955987076524188,0.0044012923475811,1.0044207493579007,0.9956083790751308,0.3695021545391552,0.0054764768400905,0.8040922786428688,0.0,0.0044035927412833,0.999477609797872,0.2,0.4,1.4142135623730951,96
1.0,85.0,0.5,0.0073993105605927,1.0,0.9940544705949862,0.0059455294050138,1.005981090152389,0.9940721100448996,0.3700731942558621,0.0073993105605927,0.8040922786428688,0.0,0.0059497284890532,0.999294239384674,0.2,0.4,1.4142135623730951,96
1.0,85.0,0.5,0.0099972661933495,1.0,0.9919689402751848,0.0080310597248151,1.00809607982543,0.9920011023003354,0.3708457984877701,0.0099972661933495,0.8040922786428688,0.0,0.0080387245536097,0.999046511826158,0.2,0.4,1.4142135623730951,96
1.0,85.0,0.5,0.0135073843059079,1.0,0.989152807568222,0.0108471924317781,1.010966144309336,0.9892114236375008,0.3718916213669713,0.0135073843059079,0.8040922786428688,0.0,0.0108611834250424,0.998711835283798,0.2,0.4,1.4142135623730951,96
1.0,85.0,0.5,0.0182499322573664,1.0,0.9853509091587268,0.014649090841273,1.014866877074057,0.9854576764929424,0.3733082066811494,0.0182499322573664,0.8040922786428688,0.0,0.0146746296139037,0.9982596649249326,0.2,0.4,1.4142135623730951,96
1.0,85.0,0.5,0.024657625773836,1.0,0.9802196135897984,0.0197803864102016,1.0201795456201506,0.980413933478436,0.3752286844836784,0.024657625773836,0.8040922786428688,0.0,0.0198270064944069,0.9976486574401208,0.2,0.4,1.4142135623730951,96
1.0,85.0,0.5,0.0333151104468964,1.0,0.973296690982761,0.026703309017239,1.0274359393848098,0.9736499778259208,0.3778353761778595,0.0333151104468964,0.8040922786428688,0.0,0.0267884230724838,0.9968227299152888,0.2,0.4,1.4142135623730951,96
1.0,85.0,0.5,0.0450123054940112,1.0,0.9639613887219718,0.0360386112780282,1.0373859489598525,0.9646027377039226,0.3813790987443231,0.0450123054940112,0.8040922786428688,0.0,0.0361940472916484,0.995705481280728,0.2,0.4,1.4142135623730951,96
1.0,85.0,0.5,0.0608164769291628,1.0,0.951381963600765,0.048618036399235,1.0511025416282087,0.9525438758237734,0.3862069305706288,0.0608164769291628,0.8040922786428688,0.0,0.048902059513002,0.9941920009791916,0.2,0.4,1.4142135623730951,96
1.0,85.0,0.5,0.0821696161856783,1.0,0.9344476269828084,0.0655523730171915,1.070150933154863,0.9365466469077416,0.3928027792737016,0.0821696161856783,0.8040922786428688,0.0,0.066071953913952,0.9921361354405052,0.2,0.4,1.4142135623730951,96
1.0,85.0,0.5,0.1110200091328213,1.0,0.9116822649649442,0.0883177350350558,1.0968733718193495,0.915459043081244,0.401847640889609,0.1110200091328213,0.8040922786428688,0.0,0.0892703321185624,0.989329074274738,0.2,0.4,1.4142135623730951,96
1.0,85.0,0.5,0.15,1.0,0.8811399026848342,0.1188600973151657,1.134893558846897,0.887896736620782,0.4143103689044899,0.15,0.8040922786428688,0.0,0.1206138417964303,0.9854598406356672,0.2,0.4,1.4142135623730951,96
1.0,90.0,0.5,0.003,1.0,0.9975884135351952,0.0024115864648046,1.002417416273169,0.9975913190672324,0.368767684860202,0.003,0.8040922786428688,0.0,0.0024122768359286,0.9997138093299808,0.2,0.4,1.4142135623730951,96
1.0,90.0,0.5,0.0040533233920169,1.0,0.9967420141732392,0.0032579858267608,1.0032686349932416,0.9967473156285844,0.3690799417217394,0.0040533233920169,0.8040922786428688,0.0,0.0032592460423633,0.9996133413721688,0.2,0.4,1.4142135623730951,96
1.0,90.0,0.5,0.0054764768400905,1.0,0.9955987076538524,0.0044012923461476,1.0044207493564543,0.9956083790751308,0.3695021545386254,0.0054764768400905,0.8040922786428688,0.0,0.0044035927412833,0.999477609472338,0.2,0.4,1.4142135623730951,96
1.0,90.0,0.5,0.0073993105605927,1.0,0.9940544705997636,0.0059455294002365,1.0059810901475543,0.9940721100448996,0.3700731942540942,0.0073993105605927,0.8040922786428688,0.0,0.0059497284890532,0.9992942385817314,0.2,0.4,1.4142135623730951,96
1.0,90.0,0.5,0.0099972661933495,1.0,0.9919689402911044,0.0080310597088955,1.0080960798092515,0.9920011023003354,0.3708457984818664,0.0099972661933495,0.8040922786428688,0.0,0.0080387245536097,0.9990465098457942,0.2,0.4,1.4142135623730951,96
1.0,90.0,0.5,0.0135073843059079,1.0,0.9891528076212684,0.0108471923787316,1.01096614425512,0.9892114236375008,0.3718916213472438,0.0135073843059079,0.8040922786428688,0.0,0.0108611834250424,0.9987118303997576,0.2,0.4,1.4142135623730951,96
1.0,90.0,0.5,0.0182499322573664,1.0,0.9853509093354728,0.0146490906645271,1.0148668768920166,0.9854576764929424,0.3733082066151686,0.0182499322573664,0.8040922786428688,0.0,0.0146746296139037,0.9982596528806116,0.2,0.4,1.4142135623730951,96
1.0,90.0,0.5,0.024657625773836,1.0,0.980219614178634,0.019780385821366,1.0201795450073103,0.980413933478436,0.3752286842627304,0.024657625773836,0.8040922786428688,0.0,0.0198270064944069,0.99764862774146,0.2,0.4,1.4142135623730951,96
1.0,90.0,0.5,0.0333151104468964,1.0,0.973296692944053,0.026703307055947,1.0274359373144215,0.9736499778259208,0.377835375436814,0.0333151104468964,0.8040922786428688,0.0,0.0267884230724838,0.996822656701124,0.2,0.4,1.4142135623730951,96
1.0,90.0,0.5,0.0450123054940112,1.0,0.9639613952519602,0.0360386047480397,1.0373859419324776,0.9646027377039226,0.3813790962539219,0.0450123054940112,0.8040922786428688,0.0,0.0361940472916484,0.9957053008646394,0.2,0.4,1.4142135623730951,96
1.0,90.0,0.5,0.0608164769291628,1.0,0.9513819853253104,0.0486180146746895,1.0511025176265718,0.9525438758237734,0.3862069221804589,0.0608164769291628,0.8040922786428688,0.0,0.048902059513002,0.9941915567331678,0.2,0.4,1.4142135623730951,96
1.0,90.0,0.5,0.0821696161856783,1.0,0.9344476991532794,0.0655523008467205,1.0701508505035848,0.9365466469077416,0.3928027509249411,0.0821696161856783,0.8040922786428688,0.0,0.066071953913952,0.99213504313936,0.2,0.4,1.4142135623730951,96
1.0,90.0,0.5,0.1110200091328213,1.0,0.911682504043711,0.088317495956289,1.0968730841763028,0.915459043081244,0.4018475448163821,0.1110200091328213,0.8040922786428688,0.0,0.0892703321185624,0.9893263961311588,0.2,0.4,1.4142135623730951,96
1.0,90.0,0.5,0.15,1.0,0.8811406901349765,0.1188593098650234,1.1348925446250997,0.887896736620782,0.4143100426558594,0.15,0.8040922786428688,0.0,0.1206138417964303,0.985453311947661,0.2,0.4,1.4142135623730951,96
1.0,0.0,1.0,0.003,1.0,0.9999683244411296,3.1675558870292164e-05,1.000031676562243,0.9999771256660293,0.6019205664723564,5.228228691282625e-05,0.5718501593041607,0.0,2.989763409988553e-05,1.059467072359864,0.2,0.4,1.4142135623730951,96
1.0,0.0,1.0,0.0040533233920169,1.0,0.9999450030730916,5.499692690835722e-05,1.0000549999517367,0.9999602206350336,0.6019303855210406,9.049688728311992e-05,0.5718501593041607,0.0,5.175065940938281e-05,1.0627290074372626,0.2,0.4,1.4142135623730951,96
1.0,0.0,1.0,0.0054764768400905,1.0,0.99990476260138,9.523739861994064e-05,1.000095246469646,0.9999309930146444,0.6019473282897801,0.0001561760917159,0.5718501593041607,0.0,8.930932292729403e-05,1.0663768965920006,0.2,0.4,1.4142135623730951,96
1.0,0.0,1.0,0.0073993105605927,1.0,0.9998355603386856,0.0001644396613145,1.000164466706164,0.9998806179644038,0.6019764657587015,0.0002686226755593,0.5718501593041607,0.0,0.0001536119198113,1.0704876386967597,0.2,0.4,1.4142135623730951,96
1.0,0.0,1.0,0.0099972661933495,1.0,0.9997169976136449,0.0002830023863552,1.000283082499378,0.9997940977058296,0.6020263883607703,0.0004602925869754,0.5718501593041607,0.0,0.0002632183891884,1.0751619110952002,0.2,0.4,1.4142135623730951,96
1.0,0.0,1.0,0.0135073843059079,1.0,0.9995147248563624,0.0004852751436377,1.0004855107499366,0.999646082959354,0.6021115641867518,0.0007853569971121,0.5718501593041607,0.0,0.0004491065239091,1.080534612175524,0.2,0.4,1.4142135623730951,96
1.0,0.0,1.0,0.0182499322573664,1.0,0.9991712933007054,0.0008287066992945,1.0008293940236783,0.9993940006091372,0.6022561980636599,0.0013334370976519,0.5718501593041607,0.0,0.0007625262167143,1.086791091413788,0.2,0.4,1.4142135623730951,96
1.0,0.0,1.0,0.024657625773836,1.0,0.9985913810219051,0.0014086189780947,1.001410605984455,0.9989668845386472,0.6025004725812724,0.0022512172696923,0.5718501593041607,0.0,0.0012873589543018,1.0941928615850915,0.2,0.4,1.4142135623730951,96
1.0,0.0,1.0,0.0333151104468964,1.0,0.9976182902986016,0.0023817097013985,1.002387395785101,0.9982474892465032,0.6029105008104257,0.003775584287217,0.5718501593041607,0.0,0.0021590684761113,1.103119112594413,0.2,0.4,1.4142135623730951,96
1.0,0.0,1.0,0.0450123054940112,1.0,0.9959972442807676,0.0040027557192323,1.0040188421626837,0.9970441787988624,0.6035939352897761,0.0062825938364425,0.5718501593041607,0.0,0.0035927022862129,1.1141350995302202,0.2,0.4,1.4142135623730951,96
1.0,0.0,1.0,0.0608164769291628,1.0,0.9933193779018942,0.0066806220981058,1.006725552975939,0.9950478138323684,0.6047239627681986,0.0103558127090701,0.5718501593041607,0.0,0.0059219731474058,1.128107462127272,0.2,0.4,1.4142135623730951,96
1.0,0.0,1.0,0.0821696161856783,1.0,0.988938764284232,0.0110612357157681,1.0111849551410537,0.9917677745429712,0.6065753050118655,0.0168726579851546,0.5718501593041607,0.0,0.0096486321566952,1.1464045406780896,0.2,0.4,1.4142135623730951,96
1.0,0.0,1.0,0.1110200091328213,1.0,0.9818542828413164,0.0181457171586835,1.0184810694171165,0.986441328755402,0.6095766159758321,0.0270918750239637,0.5718501593041607,0.0,0.015492493048302,1.1712586929753188,0.2,0.4,1.4142135623730951,96
1.0,0.0,1.0,0.15,1.0,0.970550864515056,0.0294491354849438,1.0303427018218756,0.97791388301463,0.6143836745733392,0.0426851996599323,0.5718501593041607,0.0,0.0244095382254622,1.2064601637660126,0.2,0.4,1.4142135623730951,96
1.0,5.0,1.0,0.003,1.0,0.9999683244410706,3.167555892935603e-05,1.000031676562302,0.9999771256660293,0.6019205664723812,5.228228691282625e-05,0.5718501593041607,0.0,2.989763409988553e-05,1.0594670743354009,0.2,0.4,1.4142135623730951,96
1.0,5.0,1.0,0.0040533233920169,1.0,0.999945003072896,5.49969271038675e-05,1.000054999951932,0.9999602206350336,0.6019303855211231,9.049688728311992e-05,0.5718501593041607,0.0,5.175065940938281e-05,1.0627290112151908,0.2,0.4,1.4142135623730951,96
1.0,5.0,1.0,0.0054764768400905,1.0,0.9999047626007264,9.523739927363994e-05,1.0000952464702997,0.9999309930146444,0.6019473282900553,0.0001561760917159,0.5718501593041607,0.0,8.930932292729403e-05,1.0663769039114976,0.2,0.4,1.4142135623730951,96
1.0,5.0,1.0,0.0073993105605927,1.0,0.999835560336508,0.0001644396634921,1.0001644667083422,0.9998806179644038,0.6019764657596184,0.0002686226755593,0.5718501593041607,0.0,0.0001536119198113,1.070487652872687,0.2,0.4,1.4142135623730951,96
1.0,5.0,1.0,0.0099972661933495,1.0,0.999716997606388,0.0002830023936118,1.0002830825066389,0.9997940977058296,0.6020263883638258,0.0004602925869754,0.5718501593041607,0.0,0.0002632183891884,1.0751619386640938,0.2,0.4,1.4142135623730951,96
1.0,5.0,1.0,0.0135073843059079,1.0,0.9995147248321816,0.0004852751678183,1.0004855107741408,0.999646082959354,0.6021115641969347,0.0007853569971121,0.5718501593041607,0.0,0.0004491065239091,1.080534666017221,0.2,0.4,1.4142135623730951,96
1.0,5.0,1.0,0.0182499322573664,1.0,0.9991712932201368,0.0008287067798632,1.0008293941043809,0.9993940006091372,0.6022561980975933,0.0013334370976519,0.5718501593041607,0.0,0.0007625262167143,1.0867911970739752,0.2,0.4,1.4142135623730951,96
1.0,5.0,1.0,0.024657625773836,1.0,0.9985913807534998,0.0014086192465001,1.0014106062536183,0.9989668845386472,0.6025004726943457,0.0022512172696923,0.5718501593041607,0.0,0.0012873589543018,1.0941930700781526,0.2,0.4,1.4142135623730951,96
1.0,5.0,1.0,0.0333151104468964,1.0,0.9976182894046948,0.0023817105953053,1.002387396683281,0.9982474892465032,0.602910501187167,0.003775584287217,0.5718501593041607,0.0,0.0021590684761113,1.1031195266187237,0.2,0.4,1.4142135623730951,96
1.0,5.0,1.0,0.0450123054940112,1.0,0.9959972413052652,0.0040027586947346,1.0040188451621503,0.9970441787988624,0.6035939365446852,0.0062825938364425,0.5718501593041607,0.0,0.0035927022862129,1.1141359277375282,0.2,0.4,1.4142135623730951,96
1.0,5.0,1.0,0.0608164769291628,1.0,0.9933193680076788,0.0066806319923212,1.0067255630036902,0.9950478138323684,0.6047239669458213,0.0103558127090701,0.5718501593041607,0.0,0.0059219731474058,1.1281091328905803,0.2,0.4,1.4142135623730951,96
1.0,5.0,1.0,0.0821696161856783,1.0,0.988938731448835,0.0110612685511649,1.0111849887150843,0.9917677745429712,0.6065753189016974,0.0168726579851546,0.5718501593041607,0.0,0.0096486321566952,1.146407943792263,0.2,0.4,1.4142135623730951,96
1.0,5.0,1.0,0.1110200091328213,1.0,0.9818541742927586,0.0181458257072414,1.0184811820149484,0.986441328755402,0.6095766620303874,0.0270918750239637,0.5718501593041607,0.0,0.015492493048302,1.171265699501485,0.2,0.4,1.4142135623730951,96
1.0,5.0,1.0,0.15,1.0,0.9705505084320576,0.0294494915679424,1.0303430798418916,0.97791388301463,0.6143838263605591,0.0426851996599323,0.5718501593041607,0.0,0.0244095382254622,1.2064747516289718,0.2,0.4,1.4142135623730951,96
1.0,10.0,1.0,0.003,1.0,0.9999683244409012,3.167555909866504e-05,1.0000316765624715,0.9999771256660293,0.6019205664724525,5.228228691282625e-05,0.5718501593041607,-3.968007584344018e-17,2.989763409988553e-05,1.0594670799983574,0.1999999999999999,0.4,1.4142135623730951,96
1.0,10.0,1.0,0.0040533233920169,1.0,0.9999450030723316,5.499692766841591e-05,1.0000549999524968,0.9999602206350336,0.6019303855213609,9.049688728311992e-05,0.5718501593041607,-3.968007584344018e-17,5.175065940938281e-05,1.0627290221241998,0.1999999999999999,0.4,1.4142135623730951,96
1.0,10.0,1.0,0.0054764768400905,1.0,0.9999047625988448,9.523740115524593e-05,1.0000952464721815,0.9999309930146444,0.6019473282908476,0.0001561760917159,0.5718501593041607,-3.968007584344018e-17,8.930932292729403e-05,1.0663769249799138,0.1999999999999999,0.4,1.4142135623730951,96
1.0,10.0,1.0,0.0073993105605927,1.0,0.9998355603302376,0.0001644396697624,1.0001644667146146,0.9998806179644038,0.6019764657622586,0.0002686226755593,0.5718501593041607,-3.968007584344018e-17,0.0001536119198113,1.0704876936918997,0.1999999999999999,0.4,1.4142135623730951,96
1.0,10.0,1.0,0.0099972661933495,1.0,0.9997169975854924,0.0002830024145075,1.0002830825275464,0.9997940977058296,0.6020263883726243,0.0004602925869754,0.5718501593041607,-3.968007584344018e-17,0.0002632183891884,1.0751620180491954,0.1999999999999999,0.4,1.4142135623730951,96
1.0,10.0,1.0,0.0135073843059079,1.0,0.9995147247625544,0.0004852752374455,1.0004855108438355,0.999646082959354,0.6021115642262554,0.0007853569971121,0.5718501593041607,-3.968007584344018e-17,0.0004491065239091,1.0805348210521386,0.1999999999999999,0.4,1.4142135623730951,96
1.0,10.0,1.0,0.0182499322573664,1.0,0.9991712929881474,0.0008287070118525,1.000829394336755,0.9993940006091372,0.6022561981953011,0.0013334370976519,0.5718501593041607,-3.968007584344018e-17,0.0007625262167143,1.0867915013117988,0.1999999999999999,0.4,1.4142135623730951,96
1.0,10.0,1.0,0.024657625773836,1.0,0.9985913799806578,0.0014086200193421,1.0014106070286422,0.9989668845386472,0.6025004730199279,0.0022512172696923,0.5718501593041607,-3.968007584344018e-17,0.0012873589543018,1.0941936704095598,0.1999999999999999,0.4,1.4142135623730951,96
1.0,10.0,1.0,0.0333151104468964,1.0,0.9976182868307912,0.0023817131692088,1.0023873992694892,0.9982474892465032,0.6029105022719509,0.003775584287217,0.5718501593041607,-3.968007584344018e-17,0.0021590684761113,1.1031207187548524,0.1999999999999999,0.4,1.4142135623730951,96
1.0,10.0,1.0,0.0450123054940112,1.0,0.9959972327376378,0.0040027672623621,1.0040188537987802,0.9970441787988624,0.6035939401580565,0.0062825938364425,0.5718501593041607,-3.968007584344018e-17,0.0035927022862129,1.1141383124682445,0.1999999999999999,0.4,1.4142135623730951,96
1.0,10.0,1.0,0.0608164769291628,1.0,0.9933193395182932,0.0066806604817066,1.0067255918775793,0.9950478138323684,0.6047239789748592,0.0103558127090701,0.5718501593041607,-3.968007584344018e-17,0.0059219731474058,1.1281139436833172,0.1999999999999999,0.4,1.4142135623730951,96
1.0,10.0,1.0,0.0821696161856783,1.0,0.9889386369016876,0.0110613630983122,1.0111850853890867,0.9917677745429712,0.6065753588964624,0.0168726579851546,0.5718501593041607,-3.968007584344018e-17,0.0096486321566952,1.1464177428130773,0.1999999999999999,0.4,1.4142135623730951,96
1.0,10.0,1.0,0.1110200091328213,1.0,0.9818538617245036,0.0181461382754963,1.0184815062433272,0.986441328755402,0.6095767946456288,0.0270918750239637,0.5718501593041607,-3.968007584344018e-17,0.015492493048302,1.1712858749667228,0.1999999999999999,0.4,1.4142135623730951,96
1.0,10.0,1.0,0.15,1.0,0.9705494829697464,0.0294505170302534,1.030344168480868,0.97791388301463,0.6143842634836973,0.0426851996599323,0.5718501593041607,-3.968007584344018e-17,0.0244095382254622,1.20651676235042,0.1999999999999999,0.4,1.4142135623730951,96
1.0,15.0,1.0,0.003,1.0,0.9999683244406424,3.167555935756905e-05,1.0000316765627304,0.9999771256660293,0.6019205664725618,5.228228691282625e-05,0.5718501593041607,3.968007584344018e-17,2.989763409988553e-05,1.0594670886580395,0.2,0.4,1.4142135623730951,96
1.0,15.0,1.0,0.0040533233920169,1.0,0.999945003071466,5.499692853394578e-05,1.0000549999533626,0.9999602206350336,0.6019303855217252,9.049688728311992e-05,0.5718501593041607,3.968007584344018e-17,5.175065940938281e-05,1.0627290388492014,0.2,0.4,1.4142135623730951,96
1.0,15.0,1.0,0.0054764768400905,1.0,0.9999047625959616,9.52374040383841e-05,1.0000952464750654,0.9999309930146444,0.6019473282920614,0.0001561760917159,0.5718501593041607,3.968007584344018e-17,8.930932292729403e-05,1.0663769572625252,0.2,0.4,1.4142135623730951,96
1.0,15.0,1.0,0.0073993105605927,1.0,0.9998355603206308,0.0001644396793692,1.0001644667242249,0.9998806179644038,0.6019764657663038,0.0002686226755593,0.5718501593041607,3.968007584344018e-17,0.0001536119198113,1.0704877562317785,0.2,0.4,1.4142135623730951,96
1.0,15.0,1.0,0.0099972661933495,1.0,0.9997169975534784,0.0002830024465216,1.0002830825595783,0.9997940977058296,0.6020263883861048,0.0004602925869754,0.5718501593041607,3.968007584344018e-17,0.0002632183891884,1.0751621396750788,0.2,0.4,1.4142135623730951,96
1.0,15.0,1.0,0.0135073843059079,1.0,0.9995147246558794,0.0004852753441205,1.000485510950614,0.999646082959354,0.6021115642711776,0.0007853569971121,0.5718501593041607,3.968007584344018e-17,0.0004491065239091,1.0805350585793096,0.2,0.4,1.4142135623730951,96
1.0,15.0,1.0,0.0182499322573664,1.0,0.9991712926327208,0.0008287073672791,1.000829394692771,0.9993940006091372,0.6022561983449978,0.0013334370976519,0.5718501593041607,3.968007584344018e-17,0.0007625262167143,1.0867919674289883,0.2,0.4,1.4142135623730951,96
1.0,15.0,1.0,0.024657625773836,1.0,0.9985913787965962,0.0014086212034037,1.0014106082160463,0.9989668845386472,0.6025004735187486,0.0022512172696923,0.5718501593041607,3.968007584344018e-17,0.0012873589543018,1.0941945901698351,0.2,0.4,1.4142135623730951,96
1.0,15.0,1.0,0.0333151104468964,1.0,0.9976182828873382,0.0023817171126617,1.002387403231794,0.9982474892465032,0.6029105039339375,0.003775584287217,0.5718501593041607,3.968007584344018e-17,0.0021590684761113,1.1031225452151714,0.2,0.4,1.4142135623730951,96
1.0,15.0,1.0,0.0450123054940112,1.0,0.9959972196112375,0.0040027803887623,1.0040188670308987,0.9970441787988624,0.6035939456940764,0.0062825938364425,0.5718501593041607,3.968007584344018e-17,0.0035927022862129,1.114141966096946,0.2,0.4,1.4142135623730951,96
1.0,15.0,1.0,0.0608164769291628,1.0,0.9933192958696608,0.0066807041303391,1.0067256361153138,0.9950478138323684,0.6047239974045682,0.0103558127090701,0.5718501593041607,3.968007584344018e-17,0.0059219731474058,1.1281213143064863,0.2,0.4,1.4142135623730951,96
1.0,15.0,1.0,0.0821696161856783,1.0,0.9889384920430608,0.0110615079569391,1.01118523350637,0.9917677745429712,0.6065754201736905,0.0168726579851546,0.5718501593041607,3.968007584344018e-17,0.0096486321566952,1.1464327561978265,0.2,0.4,1.4142135623730951,96
1.0,15.0,1.0,0.1110200091328213,1.0,0.9818533827985456,0.0181466172014543,1.0184820030356585,0.986441328755402,0.609576997842502,0.0270918750239637,0.5718501593041607,3.968007584344018e-17,0.015492493048302,1.1713167883875977,0.2,0.4,1.4142135623730951,96
1.0,15.0,1.0,0.15,1.0,0.9705479114026538,0.0294520885973461,1.0303458368735052,0.97791388301463,0.6143849333949154,0.0426851996599323,0.5718501593041607,3.968007584344018e-17,0.0244095382254622,1.206581145669685,0.2,0.4,1.4142135623730951,96
1.0,20.0,1.0,0.003,1.0,0.9999683244403232,3.167555967675817e-05,1.0000316765630497,0.9999771256660293,0.6019205664726959,5.228228691282625e-05,0.5718501593041607,3.968007584344018e-17,2.989763409988553e-05,1.0594670993341058,0.2,0.4,1.4142135623730951,96
1.0,20.0,1.0,0.0040533233920169,1.0,0.9999450030704042,5.499692959576308e-05,1.0000549999544244,0.9999602206350336,0.6019303855221722,9.049688728311992e-05,0.5718501593041607,3.968007584344018e-17,5.175065940938281e-05,1.0627290593671488,0.2,0.4,1.4142135623730951,96
1.0,20.0,1.0,0.0054764768400905,1.0,0.999904762592425,9.523740757499954e-05,1.0000952464786026,0.9999309930146444,0.6019473282935505,0.0001561760917159,0.5718501593041607,3.968007584344018e-17,8.930932292729403e-05,1.0663769968621477,0.2,0.4,1.4142135623730951,96
1.0,20.0,1.0,0.0073993105605927,1.0,0.999835560308846,0.000164439691154,1.0001644667360134,0.9998806179644038,0.601976465771266,0.0002686226755593,0.5718501593041607,3.968007584344018e-17,0.0001536119198113,1.0704878329497531,0.2,0.4,1.4142135623730951,96
1.0,20.0,1.0,0.0099972661933495,1.0,0.9997169975142072,0.0002830024857929,1.000283082598872,0.9997940977058296,0.6020263884026407,0.0004602925869754,0.5718501593041607,3.968007584344018e-17,0.0002632183891884,1.0751622888715426,0.2,0.4,1.4142135623730951,96
1.0,20.0,1.0,0.0135073843059079,1.0,0.9995147245250235,0.0004852754749764,1.0004855110815971,0.999646082959354,0.6021115643262825,0.0007853569971121,0.5718501593041607,3.968007584344018e-17,0.0004491065239091,1.0805353499486725,0.2,0.4,1.4142135623730951,96
1.0,20.0,1.0,0.0182499322573664,1.0,0.999171292196726,0.000828707803274,1.0008293951294898,0.9993940006091372,0.6022561985286277,0.0013334370976519,0.5718501593041607,3.968007584344018e-17,0.0007625262167143,1.0867925392059283,0.2,0.4,1.4142135623730951,96
1.0,20.0,1.0,0.024657625773836,1.0,0.9985913773441276,0.0014086226558722,1.0014106096726156,0.9989668845386472,0.6025004741306428,0.0022512172696923,0.5718501593041607,3.968007584344018e-17,0.0012873589543018,1.094195718424293,0.2,0.4,1.4142135623730951,96
1.0,20.0,1.0,0.0333151104468964,1.0,0.997618278049974,0.0023817219500259,1.002387408092283,0.9982474892465032,0.6029105059726678,0.003775584287217,0.5718501593041607,3.968007584344018e-17,0.0021590684761113,1.1031247857018578,0.2,0.4,1.4142135623730951,96
1.0,20.0,1.0,0.0450123054940112,1.0,0.99599720350927,0.0040027964907298,1.0040188832625498,0.9970441787988624,0.6035939524850332,0.0062825938364425,0.5718501593041607,3.968007584344018e-17,0.0035927022862129,1.114146447951064,0.2,0.4,1.4142135623730951,96
1.0,20.0,1.0,0.0608164769291628,1.0,0.9933192423260871,0.0066807576739127,1.0067256903815416,0.9950478138323684,0.6047240200122065,0.0103558127090701,0.5718501593041607,3.968007584344018e-17,0.0059219731474058,1.1281303558154971,0.2,0.4,1.4142135623730951,96
1.0,20.0,1.0,0.0821696161856783,1.0,0.988938314341044,0.011061685658956,1.011185415205929,0.9917677745429712,0.6065754953441372,0.0168726579851546,0.5718501593041607,3.968007584344018e-17,0.0096486321566952,1.1464511735251732,0.2,0.4,1.4142135623730951,96
1.0,20.0,1.0,0.1110200091328213,1.0,0.9818527952367664,0.0181472047632335,1.0184826125171416,0.986441328755402,0.6095772471310218,0.0270918750239637,0.5718501593041607,3.968007584344018e-17,0.015492493048302,1.1713547139672502,0.2,0.4,1.4142135623730951,96
1.0,20.0,1.0,0.15,1.0,0.9705459828155087,0.0294540171844912,1.0303478842898783,0.97791388301463,0.6143857554935068,0.0426851996599323,0.5718501593041607,3.968007584344018e-17,0.0244095382254622,1.2066601552407503,0.2,0.4,1.4142135623730951,96
1.0,25.0,1.0,0.003,1.0,0.9999683244399846,3.167556001537619e-05,1.0000316765633883,0.9999771256660293,0.6019205664728385,5.228228691282625e-05,0.5718501593041607,0.0,2.989763409988553e-05,1.0594671106600193,0.2,0.4,1.4142135623730951,96
1.0,25.0,1.0,0.0040533233920169,1.0,0.9999450030692753,5.499693072474887e-05,1.0000549999555537,0.9999602206350336,0.6019303855226475,9.049688728311992e-05,0.5718501593041607,0.0,5.175065940938281e-05,1.0627290811830217,0.2,0.4,1.4142135623730951,96
1.0,25.0,1.0,0.0054764768400905,1.0,0.999904762588662,9.523741133787844e-05,1.0000952464823665,0.9999309930146444,0.601947328295135,0.0001561760917159,0.5718501593041607,0.0,8.930932292729403e-05,1.0663770389952505,0.2,0.4,1.4142135623730951,96
1.0,25.0,1.0,0.0073993105605927,1.0,0.9998355602963036,0.0001644397036963,1.00016446674856,0.9998806179644038,0.6019764657765466,0.0002686226755593,0.5718501593041607,0.0,0.0001536119198113,1.0704879145990192,0.2,0.4,1.4142135623730951,96
1.0,25.0,1.0,0.0099972661933495,1.0,0.9997169974724168,0.0002830025275832,1.000283082640686,0.9997940977058296,0.6020263884202378,0.0004602925869754,0.5718501593041607,0.0,0.0002632183891884,1.0751624476383717,0.2,0.4,1.4142135623730951,96
1.0,25.0,1.0,0.0135073843059079,1.0,0.99951472438577,0.0004852756142299,1.0004855112209858,0.999646082959354,0.6021115643849241,0.0007853569971121,0.5718501593041607,0.0,0.0004491065239091,1.08053566001653,0.2,0.4,1.4142135623730951,96
1.0,25.0,1.0,0.0182499322573664,1.0,0.9991712917327484,0.0008287082672515,1.0008293955942371,0.9993940006091372,0.6022561987240429,0.0013334370976519,0.5718501593041607,0.0,0.0007625262167143,1.0867931476801196,0.2,0.4,1.4142135623730951,96
1.0,25.0,1.0,0.024657625773836,1.0,0.998591375798443,0.0014086242015569,1.0014106112226642,0.9989668845386472,0.6025004747818076,0.0022512172696923,0.5718501593041607,0.0,0.0012873589543018,1.0941969190876248,0.2,0.4,1.4142135623730951,96
1.0,25.0,1.0,0.0333151104468964,1.0,0.9976182729021518,0.0023817270978482,1.0023874132647146,0.9982474892465032,0.6029105081422418,0.003775584287217,0.5718501593041607,0.0,0.0021590684761113,1.10312716998116,0.2,0.4,1.4142135623730951,96
1.0,25.0,1.0,0.0450123054940112,1.0,0.9959971863738492,0.0040028136261507,1.0040189005359783,0.9970441787988624,0.6035939597118459,0.0062825938364425,0.5718501593041607,0.0,0.0035927022862129,1.1141512174586643,0.2,0.4,1.4142135623730951,96
1.0,25.0,1.0,0.0608164769291628,1.0,0.9933191853454796,0.0066808146545205,1.006725748131198,0.9950478138323684,0.6047240440710601,0.0103558127090701,0.5718501593041607,0.0,0.0059219731474058,1.1281399777111676,0.2,0.4,1.4142135623730951,96
1.0,25.0,1.0,0.0821696161856783,1.0,0.988938125226513,0.0110618747734869,1.0111856085748068,0.9917677745429712,0.6065755753422437,0.0168726579851546,0.5718501593041607,0.0,0.0096486321566952,1.1464707736641206,0.2,0.4,1.4142135623730951,96
1.0,25.0,1.0,0.1110200091328213,1.0,0.981852169879228,0.0181478301207721,1.018483261205202,0.986441328755402,0.6095775124554526,0.0270918750239637,0.5718501593041607,0.0,0.015492493048302,1.171395079164555,0.2,0.4,1.4142135623730951,96
1.0,25.0,1.0,0.15,1.0,0.9705439295157756,0.0294560704842244,1.0303500641119054,0.97791388301463,0.6143866307540329,0.0426851996599323,0.5718501593041607,0.0,0.0244095382254622,1.206744273986229,0.2,0.4,1.4142135623730951,96
1.0,30.0,1.0,0.003,1.0,0.9999683244396662,3.1675560333788155e-05,1.0000316765637067,0.9999771256660293,0.6019205664729728,5.228228691282625e-05,0.5718501593041607,0.0,2.989763409988553e-05,1.0594671213100917,0.2,0.4,1.4142135623730951,96
1.0,30.0,1.0,0.0040533233920169,1.0,0.999945003068214,5.499693178601106e-05,1.0000549999566148,0.9999602206350336,0.6019303855230943,9.049688728311992e-05,0.5718501593041607,0.0,5.175065940938281e-05,1.062729101690242,0.2,0.4,1.4142135623730951,96
1.0,30.0,1.0,0.0054764768400905,1.0,0.9999047625851256,9.523741487438286e-05,1.0000952464859034,0.9999309930146444,0.601947328296624,0.0001561760917159,0.5718501593041607,0.0,8.930932292729403e-05,1.0663770785936295,0.2,0.4,1.4142135623730951,96
1.0,30.0,1.0,0.0073993105605927,1.0,0.9998355602845188,0.0001644397154811,1.0001644667603484,0.9998806179644038,0.6019764657815087,0.0002686226755593,0.5718501593041607,0.0,0.0001536119198113,1.0704879913169938,0.2,0.4,1.4142135623730951,96
1.0,30.0,1.0,0.0099972661933495,1.0,0.9997169974331458,0.0002830025668542,1.0002830826799791,0.9997940977058296,0.6020263884367738,0.0004602925869754,0.5718501593041607,0.0,0.0002632183891884,1.07516259683357,0.2,0.4,1.4142135623730951,96
1.0,30.0,1.0,0.0135073843059079,1.0,0.999514724254914,0.0004852757450859,1.000485511351969,0.999646082959354,0.602111564440029,0.0007853569971121,0.5718501593041607,0.0,0.0004491065239091,1.08053595138614,0.2,0.4,1.4142135623730951,96
1.0,30.0,1.0,0.0182499322573664,1.0,0.9991712912967528,0.0008287087032472,1.0008293960309564,0.9993940006091372,0.6022561989076731,0.0013334370976519,0.5718501593041607,0.0,0.0007625262167143,1.0867937194580788,0.2,0.4,1.4142135623730951,96
1.0,30.0,1.0,0.024657625773836,1.0,0.9985913743459738,0.0014086256540262,1.001410612679234,0.9989668845386472,0.6025004753937023,0.0022512172696923,0.5718501593041607,0.0,0.0012873589543018,1.0941980473426862,0.2,0.4,1.4142135623730951,96
1.0,30.0,1.0,0.0333151104468964,1.0,0.9976182680647748,0.002381731935225,1.0023874181252166,0.9982474892465032,0.6029105101809771,0.003775584287217,0.5718501593041607,0.0,0.0021590684761113,1.1031294104737084,0.2,0.4,1.4142135623730951,96
1.0,30.0,1.0,0.0450123054940112,1.0,0.995997170271759,0.0040028297282409,1.0040189167677542,0.9970441787988624,0.6035939665028547,0.0062825938364425,0.5718501593041607,0.0,0.0035927022862129,1.1141556993469297,0.2,0.4,1.4142135623730951,96
1.0,30.0,1.0,0.0608164769291628,1.0,0.9933191318005418,0.0066808681994582,1.0067258023988204,0.9950478138323684,0.6047240666792754,0.0103558127090701,0.5718501593041607,0.0,0.0059219731474058,1.1281490194505297,0.2,0.4,1.4142135623730951,96
1.0,30.0,1.0,0.0821696161856783,1.0,0.9889379475094704,0.0110620524905294,1.011185790289864,0.9917677745429712,0.6065756505190583,0.0168726579851546,0.5718501593041607,0.0,0.0096486321566952,1.14648919254875,0.2,0.4,1.4142135623730951,96
1.0,30.0,1.0,0.1110200091328213,1.0,0.9818515821532032,0.0181484178467967,1.0184838708585642,0.986441328755402,0.6095777618137839,0.0270918750239637,0.5718501593041607,0.0,0.015492493048302,1.1714330153458266,0.2,0.4,1.4142135623730951,96
1.0,30.0,1.0,0.15,1.0,0.9705419991590304,0.0294580008409696,1.030352113423731,0.97791388301463,0.6143874536082979,0.0426851996599323,0.5718501593041607,0.0,0.0244095382254622,1.2068233560535455,0.2,0.4,1.4142135623730951,96
1.0,35.0,1.0,0.003,1.0,0.9999683244394062,3.167556059380239e-05,1.0000316765639667,0.9999771256660293,0.601920566473082,5.228228691282625e-05,0.5718501593041607,0.0,2.989763409988553e-05,1.059467130006908,0.2,0.4,1.4142135623730951,96
1.0,35.0,1.0,0.0040533233920169,1.0,0.999945003067349,5.499693265098582e-05,1.00005499995748,0.9999602206350336,0.6019303855234587,9.049688728311992e-05,0.5718501593041607,0.0,5.175065940938281e-05,1.0627291184045171,0.2,0.4,1.4142135623730951,96
1.0,35.0,1.0,0.0054764768400905,1.0,0.999904762582242,9.523741775807616e-05,1.0000952464887878,0.9999309930146444,0.601947328297838,0.0001561760917159,0.5718501593041607,0.0,8.930932292729403e-05,1.066377110882457,0.2,0.4,1.4142135623730951,96
1.0,35.0,1.0,0.0073993105605927,1.0,0.9998355602749116,0.0001644397250883,1.0001644667699587,0.9998806179644038,0.6019764657855539,0.0002686226755593,0.5718501593041607,0.0,0.0001536119198113,1.0704880538590409,0.2,0.4,1.4142135623730951,96
1.0,35.0,1.0,0.0099972661933495,1.0,0.9997169974011312,0.0002830025988687,1.000283082712012,0.9997940977058296,0.6020263884502544,0.0004602925869754,0.5718501593041607,0.0,0.0002632183891884,1.0751627184607189,0.2,0.4,1.4142135623730951,96
1.0,35.0,1.0,0.0135073843059079,1.0,0.9995147241482396,0.0004852758517605,1.0004855114587472,0.999646082959354,0.602111564484951,0.0007853569971121,0.5718501593041607,0.0,0.0004491065239091,1.0805361889123222,0.2,0.4,1.4142135623730951,96
1.0,35.0,1.0,0.0182499322573664,1.0,0.9991712909413262,0.0008287090586738,1.000829396386973,0.9993940006091372,0.6022561990573697,0.0013334370976519,0.5718501593041607,0.0,0.0007625262167143,1.0867941855752683,0.2,0.4,1.4142135623730951,96
1.0,35.0,1.0,0.024657625773836,1.0,0.99859137316191,0.00140862683809,1.0014106138666408,0.9989668845386472,0.6025004758925238,0.0022512172696923,0.5718501593041607,0.0,0.0012873589543018,1.0941989671046866,0.2,0.4,1.4142135623730951,96
1.0,35.0,1.0,0.0333151104468964,1.0,0.997618264121306,0.0023817358786939,1.0023874220875375,0.9982474892465032,0.6029105118429708,0.003775584287217,0.5718501593041607,0.0,0.0021590684761113,1.103131236941432,0.2,0.4,1.4142135623730951,96
1.0,35.0,1.0,0.0450123054940112,1.0,0.99599715714517,0.0040028428548301,1.004018930000065,0.9970441787988624,0.6035939720389546,0.0062825938364425,0.5718501593041607,0.0,0.0035927022862129,1.1141593530282268,0.2,0.4,1.4142135623730951,96
1.0,35.0,1.0,0.0608164769291628,1.0,0.9933190881498178,0.0066809118501821,1.006725846638693,0.9950478138323684,0.6047240851098687,0.0103558127090701,0.5718501593041607,0.0,0.0059219731474058,1.128156390426864,0.2,0.4,1.4142135623730951,96
1.0,35.0,1.0,0.0821696161856783,1.0,0.9889378026278216,0.0110621973721783,1.011185938430894,0.9917677745429712,0.6065757118060426,0.0168726579851546,0.5718501593041607,0.0,0.0096486321566952,1.14650420831954,0.2,0.4,1.4142135623730951,96
1.0,35.0,1.0,0.1110200091328213,1.0,0.9818511029756088,0.0181488970243912,1.0184843679142277,0.986441328755402,0.6095779651176146,0.0270918750239637,0.5718501593041607,0.0,0.015492493048302,1.1714639450091802,0.2,0.4,1.4142135623730951,96
1.0,35.0,1.0,0.15,1.0,0.9705404248807248,0.0294595751192753,1.0303537847204003,0.97791388301463,0.614388124677288,0.0426851996599323,0.5718501593041607,0.0,0.0244095382254622,1.2068878504446798,0.2,0.4,1.4142135623730951,96
1.0,40.0,1.0,0.003,1.0,0.9999683244392378,3.167556076222322e-05,1.000031676564135,0.9999771256660293,0.6019205664731533,5.228228691282625e-05,0.5718501593041607,-3.968007584344018e-17,2.989763409988553e-05,1.0594671356401577,0.1999999999999999,0.4,1.4142135623730951,96
1.0,40.0,1.0,0.0040533233920169,1.0,0.9999450030667842,5.499693321575627e-05,1.0000549999580448,0.9999602206350336,0.6019303855236964,9.049688728311992e-05,0.5718501593041607,-3.968007584344018e-17,5.175065940938281e-05,1.0627291293178167,0.1999999999999999,0.4,1.4142135623730951,96
1.0,40.0,1.0,0.0054764768400905,1.0,0.99990476258036,9.52374196400152e-05,1.00009524649067,0.9999309930146444,0.6019473282986304,0.0001561760917159,0.5718501593041607,-3.968007584344018e-17,8.930932292729403e-05,1.066377131954602,0.1999999999999999,0.4,1.4142135623730951,96
1.0,40.0,1.0,0.0073993105605927,1.0,0.9998355602686408,0.0001644397313591,1.0001644667762315,0.9998806179644038,0.6019764657881942,0.0002686226755593,0.5718501593041607,-3.968007584344018e-17,0.0001536119198113,1.0704880946811444,0.1999999999999999,0.4,1.4142135623730951,96
1.0,40.0,1.0,0.0099972661933495,1.0,0.9997169973802356,0.0002830026197643,1.0002830827329194,0.9997940977058296,0.6020263884590529,0.0004602925869754,0.5718501593041607,-3.968007584344018e-17,0.0002632183891884,1.0751627978458205,0.1999999999999999,0.4,1.4142135623730951,96
1.0,40.0,1.0,0.0135073843059079,1.0,0.9995147240786124,0.0004852759213876,1.000485511528442,0.999646082959354,0.6021115645142718,0.0007853569971121,0.5718501593041607,-3.968007584344018e-17,0.0004491065239091,1.0805363439472395,0.1999999999999999,0.4,1.4142135623730951,96
1.0,40.0,1.0,0.0182499322573664,1.0,0.999171290709338,0.0008287092906621,1.0008293966193462,0.9993940006091372,0.6022561991550773,0.0013334370976519,0.5718501593041607,-3.968007584344018e-17,0.0007625262167143,1.0867944898117814,0.1999999999999999,0.4,1.4142135623730951,96
1.0,40.0,1.0,0.024657625773836,1.0,0.9985913723890668,0.0014086276109332,1.001410614641666,0.9989668845386472,0.6025004762181064,0.0022512172696923,0.5718501593041607,-3.968007584344018e-17,0.0012873589543018,1.0941995674370424,0.1999999999999999,0.4,1.4142135623730951,96
1.0,40.0,1.0,0.0333151104468964,1.0,0.9976182615473874,0.0023817384526125,1.0023874246737607,0.9982474892465032,0.602910512927761,0.003775584287217,0.5718501593041607,-3.968007584344018e-17,0.0021590684761113,1.103132429084554,0.1999999999999999,0.4,1.4142135623730951,96
1.0,40.0,1.0,0.0450123054940112,1.0,0.9959971485773756,0.0040028514226243,1.0040189386368643,0.9970441787988624,0.6035939756523961,0.0062825938364425,0.5718501593041607,-3.968007584344018e-17,0.0035927022862129,1.114161737805358,0.1999999999999999,0.4,1.4142135623730951,96
1.0,40.0,1.0,0.0608164769291628,1.0,0.9933190596585952,0.0066809403414046,1.0067258755144606,0.9950478138323684,0.6047240971396842,0.0103558127090701,0.5718501593041607,-3.968007584344018e-17,0.0059219731474058,1.1281612015298164,0.1999999999999999,0.4,1.4142135623730951,96
1.0,40.0,1.0,0.0821696161856783,1.0,0.9889377080604306,0.0110622919395694,1.011186035125777,0.9917677745429712,0.6065757518093868,0.0168726579851546,0.5718501593041607,-3.968007584344018e-17,0.0096486321566952,1.146514009438444,0.1999999999999999,0.4,1.4142135623730951,96
1.0,40.0,1.0,0.1110200091328213,1.0,0.981850790186068,0.0181492098139319,1.0184846923741768,0.986441328755402,0.6095780978269129,0.0270918750239637,0.5718501593041607,-3.968007584344018e-17,0.015492493048302,1.171484134757837,0.1999999999999999,0.4,1.4142135623730951,96
1.0,40.0,1.0,0.15,1.0,0.9705393970341828,0.0294606029658173,1.030354875913172,0.97791388301463,0.6143885628185664,0.0426851996599323,0.5718501593041607,-3.968007584344018e-17,0.0244095382254622,1.2069299588423277,0.1999999999999999,0.4,1.4142135623730951,96
1.0,45.0,1.0,0.003,1.0,0.999968324439178,3.167556082206424e-05,1.000031676564195,0.9999771256660293,0.6019205664731782,5.228228691282625e-05,0.5718501593041607,0.0,2.989763409988553e-05,1.0594671376416878,0.2,0.4,1.4142135623730951,96
1.0,45.0,1.0,0.0040533233920169,1.0,0.9999450030665884,5.499693341171064e-05,1.0000549999582409,0.9999602206350336,0.601930385523779,9.049688728311992e-05,0.5718501593041607,0.0,5.175065940938281e-05,1.0627291331043265,0.2,0.4,1.4142135623730951,96
1.0,45.0,1.0,0.0054764768400905,1.0,0.9999047625797064,9.523742029349248e-05,1.0000952464913235,0.9999309930146444,0.6019473282989055,0.0001561760917159,0.5718501593041607,0.0,8.930932292729403e-05,1.0663771392716128,0.2,0.4,1.4142135623730951,96
1.0,45.0,1.0,0.0073993105605927,1.0,0.9998355602664626,0.0001644397335374,1.0001644667784106,0.9998806179644038,0.6019764657891112,0.0002686226755593,0.5718501593041607,0.0,0.0001536119198113,1.0704881088614084,0.2,0.4,1.4142135623730951,96
1.0,45.0,1.0,0.0099972661933495,1.0,0.999716997372978,0.0002830026270218,1.000283082740181,0.9997940977058296,0.6020263884621088,0.0004602925869754,0.5718501593041607,0.0,0.0002632183891884,1.0751628254180885,0.2,0.4,1.4142135623730951,96
1.0,45.0,1.0,0.0135073843059079,1.0,0.9995147240544312,0.0004852759455686,1.0004855115526463,0.999646082959354,0.6021115645244548,0.0007853569971121,0.5718501593041607,0.0,0.0004491065239091,1.0805363977896787,0.2,0.4,1.4142135623730951,96
1.0,45.0,1.0,0.0182499322573664,1.0,0.999171290628769,0.000828709371231,1.0008293967000488,0.9993940006091372,0.602256199189011,0.0013334370976519,0.5718501593041607,0.0,0.0007625262167143,1.08679459547226,0.2,0.4,1.4142135623730951,96
1.0,45.0,1.0,0.024657625773836,1.0,0.9985913721206608,0.0014086278793392,1.0014106149108295,0.9989668845386472,0.6025004763311801,0.0022512172696923,0.5718501593041607,0.0,0.0012873589543018,1.0941997759305346,0.2,0.4,1.4142135623730951,96
1.0,45.0,1.0,0.0333151104468964,1.0,0.997618260653474,0.0023817393465259,1.0023874255719476,0.9982474892465032,0.602910513304505,0.003775584287217,0.5718501593041607,0.0,0.0021590684761113,1.1031328431118987,0.2,0.4,1.4142135623730951,96
1.0,45.0,1.0,0.0450123054940112,1.0,0.9959971456018086,0.0040028543981913,1.0040189416363967,0.9970441787988624,0.6035939769073329,0.0062825938364425,0.5718501593041607,0.0,0.0035927022862129,1.1141625660306822,0.2,0.4,1.4142135623730951,96
1.0,45.0,1.0,0.0608164769291628,1.0,0.993319049763653,0.0066809502363469,1.0067258855429548,0.9950478138323684,0.604724101317614,0.0103558127090701,0.5718501593041607,0.0,0.0059219731474058,1.1281628724158643,0.2,0.4,1.4142135623730951,96
1.0,45.0,1.0,0.0821696161856783,1.0,0.9889376752170376,0.0110623247829623,1.0111860687080554,0.9917677745429712,0.6065757657026073,0.0168726579851546,0.5718501593041607,0.0,0.0096486321566952,1.146517413381341,0.2,0.4,1.4142135623730951,96
1.0,45.0,1.0,0.1110200091328213,1.0,0.9818506815501168,0.0181493184498832,1.018484805063464,0.986441328755402,0.6095781439186142,0.0270918750239637,0.5718501593041607,0.0,0.015492493048302,1.1714911469250135,0.2,0.4,1.4142135623730951,96
1.0,45.0,1.0,0.15,1.0,0.9705390400095716,0.0294609599904285,1.0303552549417672,0.97791388301463,0.6143887150078844,0.0426851996599323,0.5718501593041607,0.0,0.0244095382254622,1.2069445852808904,0.2,0.4,1.4142135623730951,96
1.0,50.0,1.0,0.003,1.0,0.9999683244392378,3.167556076222322e-05,1.000031676564135,0.9999771256660293,0.6019205664731531,5.228228691282625e-05,0.5718501593041607,0.0,2.989763409988553e-05,1.0594671356401577,0.2,0.4,1.4142135623730951,96
1.0,50.0,1.0,0.0040533233920169,1.0,0.9999450030667842,5.499693321575627e-05,1.0000549999580448,0.9999602206350336,0.6019303855236964,9.049688728311992e-05,0.5718501593041607,0.0,5.175065940938281e-05,1.0627291293178167,0.2,0.4,1.4142135623730951,96
1.0,50.0,1.0,0.0054764768400905,1.0,0.99990476258036,9.52374196400152e-05,1.00009524649067,0.9999309930146444,0.6019473282986304,0.0001561760917159,0.5718501593041607,0.0,8.930932292729403e-05,1.066377131954602,0.2,0.4,1.4142135623730951,96
1.0,50.0,1.0,0.0073993105605927,1.0,0.9998355602686404,0.0001644397313594,1.000164466776232,0.9998806179644038,0.6019764657881943,0.0002686226755593,0.5718501593041607,0.0,0.0001536119198113,1.0704880946833126,0.2,0.4,1.4142135623730951,96
1.0,50.0,1.0,0.0099972661933495,1.0,0.9997169973802352,0.0002830026197646,1.0002830827329197,0.9997940977058296,0.602026388459053,0.0004602925869754,0.5718501593041607,0.0,0.0002632183891884,1.075162797847086,0.2,0.4,1.4142135623730951,96
1.0,50.0,1.0,0.0135073843059079,1.0,0.9995147240786132,0.0004852759213868,1.000485511528441,0.999646082959354,0.6021115645142716,0.0007853569971121,0.5718501593041607,0.0,0.0004491065239091,1.080536343945262,0.2,0.4,1.4142135623730951,96
1.0,50.0,1.0,0.0182499322573664,1.0,0.9991712907093382,0.0008287092906618,1.000829396619346,0.9993940006091372,0.6022561991550772,0.0013334370976519,0.5718501593041607,0.0,0.0007625262167143,1.0867944898113446,0.2,0.4,1.4142135623730951,96
1.0,50.0,1.0,0.024657625773836,1.0,0.9985913723890668,0.0014086276109332,1.001410614641666,0.9989668845386472,0.6025004762181064,0.0022512172696923,0.5718501593041607,0.0,0.0012873589543018,1.0941995674370424,0.2,0.4,1.4142135623730951,96
1.0,50.0,1.0,0.0333151104468964,1.0,0.9976182615473872,0.0023817384526128,1.002387424673761,0.9982474892465032,0.6029105129277611,0.003775584287217,0.5718501593041607,0.0,0.0021590684761113,1.103132429084657,0.2,0.4,1.4142135623730951,96
1.0,50.0,1.0,0.0450123054940112,1.0,0.9959971485773758,0.0040028514226242,1.0040189386368643,0.9970441787988624,0.6035939756523963,0.0062825938364425,0.5718501593041607,0.0,0.0035927022862129,1.1141617378053272,0.2,0.4,1.4142135623730951,96
1.0,50.0,1.0,0.0608164769291628,1.0,0.9933190596585952,0.0066809403414046,1.0067258755144606,0.9950478138323684,0.6047240971396842,0.0103558127090701,0.5718501593041607,0.0,0.0059219731474058,1.1281612015298164,0.2,0.4,1.4142135623730951,96
1.0,50.0,1.0,0.0821696161856783,1.0,0.9889377080604306,0.0110622919395694,1.011186035125777,0.9917677745429712,0.6065757518093868,0.0168726579851546,0.5718501593041607,0.0,0.0096486321566952,1.146514009438444,0.2,0.4,1.4142135623730951,96
1.0,50.0,1.0,0.1110200091328213,1.0,0.9818507901860684,0.0181492098139316,1.0184846923741766,0.986441328755402,0.6095780978269127,0.0270918750239637,0.5718501593041607,0.0,0.015492493048302,1.1714841347578155,0.2,0.4,1.4142135623730951,96
1.0,50.0,1.0,0.15,1.0,0.9705393970341836,0.0294606029658165,1.030354875913171,0.97791388301463,0.6143885628185661,0.0426851996599323,0.5718501593041607,0.0,0.0244095382254622,1.2069299588422957,0.2,0.4,1.4142135623730951,96
1.0,55.0,1.0,0.003,1.0,0.9999683244394062,3.167556059380239e-05,1.0000316765639667,0.9999771256660293,0.601920566473082,5.228228691282625e-05,0.5718501593041607,3.968007584344018e-17,2.989763409988553e-05,1.059467130006908,0.2,0.4,1.4142135623730951,96
1.0,55.0,1.0,0.0040533233920169,1.0,0.9999450030673496,5.499693265043071e-05,1.0000549999574797,0.9999602206350336,0.6019303855234586,9.049688728311992e-05,0.5718501593041607,3.968007584344018e-17,5.175065940938281e-05,1.0627291183937904,0.2,0.4,1.4142135623730951,96
1.0,55.0,1.0,0.0054764768400905,1.0,0.999904762582242,9.523741775807616e-05,1.0000952464887878,0.9999309930146444,0.601947328297838,0.0001561760917159,0.5718501593041607,3.968007584344018e-17,8.930932292729403e-05,1.066377110882457,0.2,0.4,1.4142135623730951,96
1.0,55.0,1.0,0.0073993105605927,1.0,0.9998355602749116,0.0001644397250883,1.0001644667699587,0.9998806179644038,0.6019764657855537,0.0002686226755593,0.5718501593041607,3.968007584344018e-17,0.0001536119198113,1.0704880538590409,0.2,0.4,1.4142135623730951,96
1.0,55.0,1.0,0.0099972661933495,1.0,0.9997169974011312,0.0002830025988688,1.000283082712012,0.9997940977058296,0.6020263884502542,0.0004602925869754,0.5718501593041607,3.968007584344018e-17,0.0002632183891884,1.0751627184611408,0.2,0.4,1.4142135623730951,96
1.0,55.0,1.0,0.0135073843059079,1.0,0.9995147241482396,0.0004852758517605,1.0004855114587472,0.999646082959354,0.602111564484951,0.0007853569971121,0.5718501593041607,3.968007584344018e-17,0.0004491065239091,1.0805361889123222,0.2,0.4,1.4142135623730951,96
1.0,55.0,1.0,0.0182499322573664,1.0,0.9991712909413262,0.0008287090586738,1.000829396386973,0.9993940006091372,0.6022561990573697,0.0013334370976519,0.5718501593041607,3.968007584344018e-17,0.0007625262167143,1.0867941855752683,0.2,0.4,1.4142135623730951,96
1.0,55.0,1.0,0.024657625773836,1.0,0.99859137316191,0.00140862683809,1.0014106138666408,0.9989668845386472,0.6025004758925238,0.0022512172696923,0.5718501593041607,3.968007584344018e-17,0.0012873589543018,1.0941989671046866,0.2,0.4,1.4142135623730951,96
1.0,55.0,1.0,0.0333151104468964,1.0,0.9976182641213056,0.0023817358786943,1.002387422087538,0.9982474892465032,0.6029105118429707,0.003775584287217,0.5718501593041607,3.968007584344018e-17,0.0021590684761113,1.1031312369416375,0.2,0.4,1.4142135623730951,96
1.0,55.0,1.0,0.0450123054940112,1.0,0.99599715714517,0.0040028428548301,1.004018930000065,0.9970441787988624,0.6035939720389546,0.0062825938364425,0.5718501593041607,3.968007584344018e-17,0.0035927022862129,1.1141593530282268,0.2,0.4,1.4142135623730951,96
1.0,55.0,1.0,0.0608164769291628,1.0,0.9933190881498178,0.0066809118501821,1.006725846638693,0.9950478138323684,0.6047240851098687,0.0103558127090701,0.5718501593041607,3.968007584344018e-17,0.0059219731474058,1.128156390426864,0.2,0.4,1.4142135623730951,96
1.0,55.0,1.0,0.0821696161856783,1.0,0.9889378026278216,0.0110621973721785,1.011185938430894,0.9917677745429712,0.6065757118060424,0.0168726579851546,0.5718501593041607,3.968007584344018e-17,0.0096486321566952,1.1465042083195516,0.2,0.4,1.4142135623730951,96
1.0,55.0,1.0,0.1110200091328213,1.0,0.9818511029756092,0.0181488970243909,1.0184843679142273,0.986441328755402,0.6095779651176145,0.0270918750239637,0.5718501593041607,3.968007584344018e-17,0.015492493048302,1.1714639450091588,0.2,0.4,1.4142135623730951,96
1.0,55.0,1.0,0.15,1.0,0.9705404248807248,0.0294595751192753,1.0303537847204003,0.97791388301463,0.614388124677288,0.0426851996599323,0.5718501593041607,3.968007584344018e-17,0.0244095382254622,1.2068878504446798,0.2,0.4,1.4142135623730951,96
1.0,60.0,1.0,0.003,1.0,0.999968324439666,3.167556033412122e-05,1.000031676563707,0.9999771256660293,0.6019205664729727,5.228228691282625e-05,0.5718501593041607,0.0,2.989763409988553e-05,1.059467121321232,0.2,0.4,1.4142135623730951,96
1.0,60.0,1.0,0.0040533233920169,1.0,0.999945003068214,5.499693178601106e-05,1.0000549999566148,0.9999602206350336,0.6019303855230943,9.049688728311992e-05,0.5718501593041607,0.0,5.175065940938281e-05,1.062729101690242,0.2,0.4,1.4142135623730951,96
1.0,60.0,1.0,0.0054764768400905,1.0,0.9999047625851256,9.523741487438286e-05,1.0000952464859034,0.9999309930146444,0.601947328296624,0.0001561760917159,0.5718501593041607,0.0,8.930932292729403e-05,1.0663770785936295,0.2,0.4,1.4142135623730951,96
1.0,60.0,1.0,0.0073993105605927,1.0,0.9998355602845194,0.0001644397154806,1.000164466760348,0.9998806179644038,0.6019764657815085,0.0002686226755593,0.5718501593041607,0.0,0.0001536119198113,1.07048799131338,0.2,0.4,1.4142135623730951,96
1.0,60.0,1.0,0.0099972661933495,1.0,0.9997169974331456,0.0002830025668543,1.0002830826799791,0.9997940977058296,0.602026388436774,0.0004602925869754,0.5718501593041607,0.0,0.0002632183891884,1.075162596833992,0.2,0.4,1.4142135623730951,96
1.0,60.0,1.0,0.0135073843059079,1.0,0.9995147242549136,0.0004852757450862,1.0004855113519693,0.999646082959354,0.6021115644400291,0.0007853569971121,0.5718501593041607,0.0,0.0004491065239091,1.0805359513868815,0.2,0.4,1.4142135623730951,96
1.0,60.0,1.0,0.0182499322573664,1.0,0.9991712912967528,0.0008287087032472,1.0008293960309564,0.9993940006091372,0.6022561989076731,0.0013334370976519,0.5718501593041607,0.0,0.0007625262167143,1.0867937194580788,0.2,0.4,1.4142135623730951,96
1.0,60.0,1.0,0.024657625773836,1.0,0.9985913743459738,0.0014086256540262,1.001410612679234,0.9989668845386472,0.6025004753937023,0.0022512172696923,0.5718501593041607,0.0,0.0012873589543018,1.0941980473426862,0.2,0.4,1.4142135623730951,96
1.0,60.0,1.0,0.0333151104468964,1.0,0.9976182680647752,0.0023817319352247,1.0023874181252164,0.9982474892465032,0.602910510180977,0.003775584287217,0.5718501593041607,0.0,0.0021590684761113,1.1031294104735545,0.2,0.4,1.4142135623730951,96
1.0,60.0,1.0,0.0450123054940112,1.0,0.9959971702717586,0.0040028297282413,1.004018916767755,0.9970441787988624,0.6035939665028548,0.0062825938364425,0.5718501593041607,0.0,0.0035927022862129,1.1141556993470534,0.2,0.4,1.4142135623730951,96
1.0,60.0,1.0,0.0608164769291628,1.0,0.9933191318005412,0.0066808681994586,1.0067258023988208,0.9950478138323684,0.6047240666792756,0.0103558127090701,0.5718501593041607,0.0,0.0059219731474058,1.1281490194506043,0.2,0.4,1.4142135623730951,96
1.0,60.0,1.0,0.0821696161856783,1.0,0.9889379475094704,0.0110620524905294,1.011185790289864,0.9917677745429712,0.6065756505190583,0.0168726579851546,0.5718501593041607,0.0,0.0096486321566952,1.14648919254875,0.2,0.4,1.4142135623730951,96
1.0,60.0,1.0,0.1110200091328213,1.0,0.9818515821532032,0.0181484178467967,1.0184838708585642,0.986441328755402,0.6095777618137839,0.0270918750239637,0.5718501593041607,0.0,0.015492493048302,1.1714330153458266,0.2,0.4,1.4142135623730951,96
1.0,60.0,1.0,0.15,1.0,0.9705419991590304,0.0294580008409696,1.030352113423731,0.97791388301463,0.6143874536082979,0.0426851996599323,0.5718501593041607,0.0,0.0244095382254622,1.2068233560535455,0.2,0.4,1.4142135623730951,96
1.0,65.0,1.0,0.003,1.0,0.9999683244399844,3.167556001559824e-05,1.0000316765633883,0.9999771256660293,0.6019205664728386,5.228228691282625e-05,0.5718501593041607,0.0,2.989763409988553e-05,1.0594671106674465,0.2,0.4,1.4142135623730951,96
1.0,65.0,1.0,0.0040533233920169,1.0,0.9999450030692748,5.499693072519296e-05,1.000054999955554,0.9999602206350336,0.6019303855226477,9.049688728311992e-05,0.5718501593041607,0.0,5.175065940938281e-05,1.0627290811916028,0.2,0.4,1.4142135623730951,96
1.0,65.0,1.0,0.0054764768400905,1.0,0.9999047625886612,9.523741133876662e-05,1.0000952464823671,0.9999309930146444,0.6019473282951351,0.0001561760917159,0.5718501593041607,0.0,8.930932292729403e-05,1.0663770390051954,0.2,0.4,1.4142135623730951,96
1.0,65.0,1.0,0.0073993105605927,1.0,0.9998355602963036,0.0001644397036963,1.00016446674856,0.9998806179644038,0.6019764657765466,0.0002686226755593,0.5718501593041607,0.0,0.0001536119198113,1.0704879145990192,0.2,0.4,1.4142135623730951,96
1.0,65.0,1.0,0.0099972661933495,1.0,0.9997169974724158,0.0002830025275841,1.000283082640687,0.9997940977058296,0.602026388420238,0.0004602925869754,0.5718501593041607,0.0,0.0002632183891884,1.0751624476417458,0.2,0.4,1.4142135623730951,96
1.0,65.0,1.0,0.0135073843059079,1.0,0.9995147243857694,0.0004852756142306,1.0004855112209865,0.999646082959354,0.602111564384924,0.0007853569971121,0.5718501593041607,0.0,0.0004491065239091,1.0805356600180132,0.2,0.4,1.4142135623730951,96
1.0,65.0,1.0,0.0182499322573664,1.0,0.9991712917327488,0.0008287082672512,1.000829395594237,0.9993940006091372,0.602256198724043,0.0013334370976519,0.5718501593041607,0.0,0.0007625262167143,1.0867931476796828,0.2,0.4,1.4142135623730951,96
1.0,65.0,1.0,0.024657625773836,1.0,0.998591375798443,0.0014086242015569,1.0014106112226642,0.9989668845386472,0.6025004747818076,0.0022512172696923,0.5718501593041607,0.0,0.0012873589543018,1.0941969190876248,0.2,0.4,1.4142135623730951,96
1.0,65.0,1.0,0.0333151104468964,1.0,0.9976182729021512,0.0023817270978487,1.002387413264715,0.9982474892465032,0.602910508142242,0.003775584287217,0.5718501593041607,0.0,0.0021590684761113,1.1031271699814171,0.2,0.4,1.4142135623730951,96
1.0,65.0,1.0,0.0450123054940112,1.0,0.9959971863738492,0.0040028136261507,1.0040189005359783,0.9970441787988624,0.6035939597118459,0.0062825938364425,0.5718501593041607,0.0,0.0035927022862129,1.1141512174586643,0.2,0.4,1.4142135623730951,96
1.0,65.0,1.0,0.0608164769291628,1.0,0.9933191853454796,0.0066808146545205,1.006725748131198,0.9950478138323684,0.60472404407106,0.0103558127090701,0.5718501593041607,0.0,0.0059219731474058,1.1281399777111676,0.2,0.4,1.4142135623730951,96
1.0,65.0,1.0,0.0821696161856783,1.0,0.988938125226513,0.0110618747734869,1.0111856085748068,0.9917677745429712,0.6065755753422437,0.0168726579851546,0.5718501593041607,0.0,0.0096486321566952,1.1464707736641206,0.2,0.4,1.4142135623730951,96
1.0,65.0,1.0,0.1110200091328213,1.0,0.981852169879228,0.0181478301207721,1.018483261205202,0.986441328755402,0.6095775124554526,0.0270918750239637,0.5718501593041607,0.0,0.015492493048302,1.171395079164555,0.2,0.4,1.4142135623730951,96
1.0,65.0,1.0,0.15,1.0,0.9705439295157754,0.0294560704842246,1.0303500641119057,0.97791388301463,0.614386630754033,0.0426851996599323,0.5718501593041607,0.0,0.0244095382254622,1.2067442739862335,0.2,0.4,1.4142135623730951,96
1.0,70.0,1.0,0.003,1.0,0.9999683244403232,3.167555967675817e-05,1.0000316765630497,0.9999771256660293,0.6019205664726959,5.228228691282625e-05,0.5718501593041607,0.0,2.989763409988553e-05,1.0594670993341058,0.2,0.4,1.4142135623730951,96
1.0,70.0,1.0,0.0040533233920169,1.0,0.9999450030704042,5.499692959576308e-05,1.0000549999544244,0.9999602206350336,0.6019303855221722,9.049688728311992e-05,0.5718501593041607,0.0,5.175065940938281e-05,1.0627290593671488,0.2,0.4,1.4142135623730951,96
1.0,70.0,1.0,0.0054764768400905,1.0,0.999904762592425,9.523740757499954e-05,1.0000952464786026,0.9999309930146444,0.6019473282935505,0.0001561760917159,0.5718501593041607,0.0,8.930932292729403e-05,1.0663769968621477,0.2,0.4,1.4142135623730951,96
1.0,70.0,1.0,0.0073993105605927,1.0,0.999835560308846,0.000164439691154,1.0001644667360134,0.9998806179644038,0.601976465771266,0.0002686226755593,0.5718501593041607,0.0,0.0001536119198113,1.0704878329497531,0.2,0.4,1.4142135623730951,96
1.0,70.0,1.0,0.0099972661933495,1.0,0.9997169975142072,0.0002830024857929,1.000283082598872,0.9997940977058296,0.6020263884026408,0.0004602925869754,0.5718501593041607,0.0,0.0002632183891884,1.0751622888715426,0.2,0.4,1.4142135623730951,96
1.0,70.0,1.0,0.0135073843059079,1.0,0.9995147245250235,0.0004852754749764,1.0004855110815971,0.999646082959354,0.6021115643262825,0.0007853569971121,0.5718501593041607,0.0,0.0004491065239091,1.0805353499486725,0.2,0.4,1.4142135623730951,96
1.0,70.0,1.0,0.0182499322573664,1.0,0.9991712921967256,0.0008287078032743,1.0008293951294902,0.9993940006091372,0.6022561985286278,0.0013334370976519,0.5718501593041607,0.0,0.0007625262167143,1.086792539206365,0.2,0.4,1.4142135623730951,96
1.0,70.0,1.0,0.024657625773836,1.0,0.998591377344128,0.0014086226558719,1.0014106096726154,0.9989668845386472,0.6025004741306429,0.0022512172696923,0.5718501593041607,0.0,0.0012873589543018,1.0941957184240343,0.2,0.4,1.4142135623730951,96
1.0,70.0,1.0,0.0333151104468964,1.0,0.997618278049974,0.0023817219500259,1.002387408092283,0.9982474892465032,0.6029105059726678,0.003775584287217,0.5718501593041607,0.0,0.0021590684761113,1.1031247857018578,0.2,0.4,1.4142135623730951,96
1.0,70.0,1.0,0.0450123054940112,1.0,0.99599720350927,0.0040027964907298,1.0040188832625498,0.9970441787988624,0.603593952485033,0.0062825938364425,0.5718501593041607,0.0,0.0035927022862129,1.114146447951064,0.2,0.4,1.4142135623730951,96
1.0,70.0,1.0,0.0608164769291628,1.0,0.9933192423260871,0.0066807576739127,1.0067256903815416,0.9950478138323684,0.6047240200122064,0.0103558127090701,0.5718501593041607,0.0,0.0059219731474058,1.1281303558154971,0.2,0.4,1.4142135623730951,96
1.0,70.0,1.0,0.0821696161856783,1.0,0.988938314341044,0.011061685658956,1.011185415205929,0.9917677745429712,0.6065754953441372,0.0168726579851546,0.5718501593041607,0.0,0.0096486321566952,1.1464511735251732,0.2,0.4,1.4142135623730951,96
1.0,70.0,1.0,0.1110200091328213,1.0,0.9818527952367656,0.0181472047632342,1.0184826125171424,0.986441328755402,0.609577247131022,0.0270918750239637,0.5718501593041607,0.0,0.015492493048302,1.1713547139673004,0.2,0.4,1.4142135623730951,96
1.0,70.0,1.0,0.15,1.0,0.9705459828155087,0.0294540171844912,1.0303478842898783,0.97791388301463,0.6143857554935068,0.0426851996599323,0.5718501593041607,0.0,0.0244095382254622,1.2066601552407503,0.2,0.4,1.4142135623730951,96
1.0,75.0,1.0,0.003,1.0,0.9999683244406424,3.167555935756905e-05,1.0000316765627304,0.9999771256660293,0.6019205664725618,5.228228691282625e-05,0.5718501593041607,0.0,2.989763409988553e-05,1.0594670886580395,0.2,0.4,1.4142135623730951,96
1.0,75.0,1.0,0.0040533233920169,1.0,0.999945003071466,5.499692853394578e-05,1.0000549999533626,0.9999602206350336,0.6019303855217252,9.049688728311992e-05,0.5718501593041607,0.0,5.175065940938281e-05,1.0627290388492014,0.2,0.4,1.4142135623730951,96
1.0,75.0,1.0,0.0054764768400905,1.0,0.9999047625959616,9.52374040383841e-05,1.0000952464750654,0.9999309930146444,0.6019473282920614,0.0001561760917159,0.5718501593041607,0.0,8.930932292729403e-05,1.0663769572625252,0.2,0.4,1.4142135623730951,96
1.0,75.0,1.0,0.0073993105605927,1.0,0.9998355603206308,0.0001644396793692,1.0001644667242249,0.9998806179644038,0.6019764657663038,0.0002686226755593,0.5718501593041607,0.0,0.0001536119198113,1.0704877562317785,0.2,0.4,1.4142135623730951,96
1.0,75.0,1.0,0.0099972661933495,1.0,0.9997169975534784,0.0002830024465214,1.0002830825595783,0.9997940977058296,0.6020263883861047,0.0004602925869754,0.5718501593041607,0.0,0.0002632183891884,1.0751621396742352,0.2,0.4,1.4142135623730951,96
1.0,75.0,1.0,0.0135073843059079,1.0,0.9995147246558794,0.0004852753441205,1.000485510950614,0.999646082959354,0.6021115642711776,0.0007853569971121,0.5718501593041607,0.0,0.0004491065239091,1.0805350585793096,0.2,0.4,1.4142135623730951,96
1.0,75.0,1.0,0.0182499322573664,1.0,0.9991712926327208,0.0008287073672792,1.0008293946927715,0.9993940006091372,0.6022561983449977,0.0013334370976519,0.5718501593041607,0.0,0.0007625262167143,1.086791967429134,0.2,0.4,1.4142135623730951,96
1.0,75.0,1.0,0.024657625773836,1.0,0.998591378796596,0.001408621203404,1.0014106082160468,0.9989668845386472,0.6025004735187485,0.0022512172696923,0.5718501593041607,0.0,0.0012873589543018,1.094194590170008,0.2,0.4,1.4142135623730951,96
1.0,75.0,1.0,0.0333151104468964,1.0,0.9976182828873382,0.0023817171126617,1.002387403231794,0.9982474892465032,0.6029105039339375,0.003775584287217,0.5718501593041607,0.0,0.0021590684761113,1.1031225452151714,0.2,0.4,1.4142135623730951,96
1.0,75.0,1.0,0.0450123054940112,1.0,0.9959972196112375,0.0040027803887623,1.0040188670308987,0.9970441787988624,0.6035939456940764,0.0062825938364425,0.5718501593041607,0.0,0.0035927022862129,1.114141966096946,0.2,0.4,1.4142135623730951,96
1.0,75.0,1.0,0.0608164769291628,1.0,0.9933192958696614,0.0066807041303386,1.0067256361153134,0.9950478138323684,0.604723997404568,0.0103558127090701,0.5718501593041607,0.0,0.0059219731474058,1.1281213143063926,0.2,0.4,1.4142135623730951,96
1.0,75.0,1.0,0.0821696161856783,1.0,0.9889384920430608,0.0110615079569391,1.01118523350637,0.9917677745429712,0.6065754201736905,0.0168726579851546,0.5718501593041607,0.0,0.0096486321566952,1.1464327561978265,0.2,0.4,1.4142135623730951,96
1.0,75.0,1.0,0.1110200091328213,1.0,0.9818533827985462,0.0181466172014538,1.018482003035658,0.986441328755402,0.6095769978425017,0.0270918750239637,0.5718501593041607,0.0,0.015492493048302,1.171316788387562,0.2,0.4,1.4142135623730951,96
1.0,75.0,1.0,0.15,1.0,0.970547911402654,0.029452088597346,1.0303458368735052,0.97791388301463,0.6143849333949155,0.0426851996599323,0.5718501593041607,0.0,0.0244095382254622,1.2065811456696804,0.2,0.4,1.4142135623730951,96
1.0,80.0,1.0,0.003,1.0,0.9999683244409012,3.167555909866504e-05,1.0000316765624715,0.9999771256660293,0.6019205664724525,5.228228691282625e-05,0.5718501593041607,-3.968007584344018e-17,2.989763409988553e-05,1.0594670799983574,0.1999999999999999,0.4,1.4142135623730951,96
1.0,80.0,1.0,0.0040533233920169,1.0,0.9999450030723308,5.499692766919306e-05,1.0000549999524977,0.9999602206350336,0.601930385521361,9.049688728311992e-05,0.5718501593041607,-3.968007584344018e-17,5.175065940938281e-05,1.0627290221392172,0.1999999999999999,0.4,1.4142135623730951,96
1.0,80.0,1.0,0.0054764768400905,1.0,0.9999047625988448,9.523740115524593e-05,1.0000952464721815,0.9999309930146444,0.6019473282908476,0.0001561760917159,0.5718501593041607,-3.968007584344018e-17,8.930932292729403e-05,1.0663769249799138,0.1999999999999999,0.4,1.4142135623730951,96
1.0,80.0,1.0,0.0073993105605927,1.0,0.999835560330237,0.0001644396697629,1.0001644667146152,0.9998806179644038,0.6019764657622588,0.0002686226755593,0.5718501593041607,-3.968007584344018e-17,0.0001536119198113,1.0704876936955132,0.1999999999999999,0.4,1.4142135623730951,96
1.0,80.0,1.0,0.0099972661933495,1.0,0.999716997585492,0.0002830024145079,1.0002830825275468,0.9997940977058296,0.6020263883726245,0.0004602925869754,0.5718501593041607,-3.968007584344018e-17,0.0002632183891884,1.0751620180508823,0.1999999999999999,0.4,1.4142135623730951,96
1.0,80.0,1.0,0.0135073843059079,1.0,0.999514724762555,0.000485275237445,1.000485510843835,0.999646082959354,0.6021115642262553,0.0007853569971121,0.5718501593041607,-3.968007584344018e-17,0.0004491065239091,1.0805348210509025,0.1999999999999999,0.4,1.4142135623730951,96
1.0,80.0,1.0,0.0182499322573664,1.0,0.999171292988148,0.000828707011852,1.0008293943367546,0.9993940006091372,0.602256198195301,0.0013334370976519,0.5718501593041607,-3.968007584344018e-17,0.0007625262167143,1.0867915013110707,0.1999999999999999,0.4,1.4142135623730951,96
1.0,80.0,1.0,0.024657625773836,1.0,0.9985913799806584,0.0014086200193416,1.0014106070286417,0.9989668845386472,0.6025004730199278,0.0022512172696923,0.5718501593041607,-3.968007584344018e-17,0.0012873589543018,1.0941936704091286,0.1999999999999999,0.4,1.4142135623730951,96
1.0,80.0,1.0,0.0333151104468964,1.0,0.9976182868307912,0.0023817131692088,1.0023873992694892,0.9982474892465032,0.6029105022719509,0.003775584287217,0.5718501593041607,-3.968007584344018e-17,0.0021590684761113,1.1031207187548524,0.1999999999999999,0.4,1.4142135623730951,96
1.0,80.0,1.0,0.0450123054940112,1.0,0.9959972327376378,0.0040027672623621,1.0040188537987802,0.9970441787988624,0.6035939401580565,0.0062825938364425,0.5718501593041607,-3.968007584344018e-17,0.0035927022862129,1.1141383124682445,0.1999999999999999,0.4,1.4142135623730951,96
1.0,80.0,1.0,0.0608164769291628,1.0,0.9933193395182932,0.0066806604817066,1.0067255918775793,0.9950478138323684,0.6047239789748592,0.0103558127090701,0.5718501593041607,-3.968007584344018e-17,0.0059219731474058,1.1281139436833172,0.1999999999999999,0.4,1.4142135623730951,96
1.0,80.0,1.0,0.0821696161856783,1.0,0.9889386369016876,0.0110613630983122,1.0111850853890867,0.9917677745429712,0.6065753588964624,0.0168726579851546,0.5718501593041607,-3.968007584344018e-17,0.0096486321566952,1.1464177428130773,0.1999999999999999,0.4,1.4142135623730951,96
1.0,80.0,1.0,0.1110200091328213,1.0,0.9818538617245036,0.0181461382754963,1.0184815062433272,0.986441328755402,0.6095767946456288,0.0270918750239637,0.5718501593041607,-3.968007584344018e-17,0.015492493048302,1.1712858749667228,0.1999999999999999,0.4,1.4142135623730951,96
1.0,80.0,1.0,0.15,1.0,0.9705494829697464,0.0294505170302534,1.030344168480868,0.97791388301463,0.6143842634836973,0.0426851996599323,0.5718501593041607,-3.968007584344018e-17,0.0244095382254622,1.20651676235042,0.1999999999999999,0.4,1.4142135623730951,96
1.0,85.0,1.0,0.003,1.0,0.9999683244410708,3.1675558929133985e-05,1.000031676562302,0.9999771256660293,0.6019205664723811,5.228228691282625e-05,0.5718501593041607,0.0,2.989763409988553e-05,1.0594670743279735,0.2,0.4,1.4142135623730951,96
1.0,85.0,1.0,0.0040533233920169,1.0,0.9999450030728954,5.4996927104644655e-05,1.000054999951933,0.9999602206350336,0.6019303855211232,9.049688728311992e-05,0.5718501593041607,0.0,5.175065940938281e-05,1.062729011230208,0.2,0.4,1.4142135623730951,96
1.0,85.0,1.0,0.0054764768400905,1.0,0.9999047626007264,9.523739927363994e-05,1.0000952464702997,0.9999309930146444,0.6019473282900553,0.0001561760917159,0.5718501593041607,0.0,8.930932292729403e-05,1.0663769039114976,0.2,0.4,1.4142135623730951,96
1.0,85.0,1.0,0.0073993105605927,1.0,0.999835560336508,0.0001644396634921,1.0001644667083422,0.9998806179644038,0.6019764657596184,0.0002686226755593,0.5718501593041607,0.0,0.0001536119198113,1.070487652872687,0.2,0.4,1.4142135623730951,96
1.0,85.0,1.0,0.0099972661933495,1.0,0.999716997606388,0.0002830023936118,1.0002830825066389,0.9997940977058296,0.6020263883638258,0.0004602925869754,0.5718501593041607,0.0,0.0002632183891884,1.0751619386640938,0.2,0.4,1.4142135623730951,96
1.0,85.0,1.0,0.0135073843059079,1.0,0.9995147248321812,0.0004852751678189,1.0004855107741413,0.999646082959354,0.6021115641969349,0.0007853569971121,0.5718501593041607,0.0,0.0004491065239091,1.0805346660184572,0.2,0.4,1.4142135623730951,96
1.0,85.0,1.0,0.0182499322573664,1.0,0.9991712932201368,0.0008287067798632,1.0008293941043809,0.9993940006091372,0.6022561980975933,0.0013334370976519,0.5718501593041607,0.0,0.0007625262167143,1.0867911970739752,0.2,0.4,1.4142135623730951,96
1.0,85.0,1.0,0.024657625773836,1.0,0.9985913807534998,0.0014086192465001,1.0014106062536183,0.9989668845386472,0.6025004726943457,0.0022512172696923,0.5718501593041607,0.0,0.0012873589543018,1.0941930700781526,0.2,0.4,1.4142135623730951,96
1.0,85.0,1.0,0.0333151104468964,1.0,0.9976182894046944,0.0023817105953056,1.0023873966832817,0.9982474892465032,0.6029105011871669,0.003775584287217,0.5718501593041607,0.0,0.0021590684761113,1.1031195266188778,0.2,0.4,1.4142135623730951,96
1.0,85.0,1.0,0.0450123054940112,1.0,0.9959972413052652,0.0040027586947346,1.0040188451621503,0.9970441787988624,0.6035939365446852,0.0062825938364425,0.5718501593041607,0.0,0.0035927022862129,1.1141359277375282,0.2,0.4,1.4142135623730951,96
1.0,85.0,1.0,0.0608164769291628,1.0,0.9933193680076788,0.0066806319923212,1.0067255630036902,0.9950478138323684,0.6047239669458213,0.0103558127090701,0.5718501593041607,0.0,0.0059219731474058,1.1281091328905803,0.2,0.4,1.4142135623730951,96
1.0,85.0,1.0,0.0821696161856783,1.0,0.988938731448835,0.0110612685511649,1.0111849887150843,0.9917677745429712,0.6065753189016974,0.0168726579851546,0.5718501593041607,0.0,0.0096486321566952,1.146407943792263,0.2,0.4,1.4142135623730951,96
1.0,85.0,1.0,0.1110200091328213,1.0,0.9818541742927586,0.0181458257072414,1.0184811820149484,0.986441328755402,0.6095766620303874,0.0270918750239637,0.5718501593041607,0.0,0.015492493048302,1.171265699501485,0.2,0.4,1.4142135623730951,96
1.0,85.0,1.0,0.15,1.0,0.9705505084320576,0.0294494915679425,1.0303430798418918,0.97791388301463,0.6143838263605592,0.0426851996599323,0.5718501593041607,0.0,0.0244095382254622,1.2064747516289764,0.2,0.4,1.4142135623730951,96
1.0,90.0,1.0,0.003,1.0,0.9999683244411296,3.1675558870292164e-05,1.000031676562243,0.9999771256660293,0.6019205664723564,5.228228691282625e-05,0.5718501593041607,0.0,2.989763409988553e-05,1.059467072359864,0.2,0.4,1.4142135623730951,96
1.0,90.0,1.0,0.0040533233920169,1.0,0.9999450030730916,5.499692690835722e-05,1.0000549999517367,0.9999602206350336,0.6019303855210407,9.049688728311992e-05,0.5718501593041607,0.0,5.175065940938281e-05,1.0627290074372626,0.2,0.4,1.4142135623730951,96
1.0,90.0,1.0,0.0054764768400905,1.0,0.99990476260138,9.523739861994064e-05,1.000095246469646,0.9999309930146444,0.6019473282897801,0.0001561760917159,0.5718501593041607,0.0,8.930932292729403e-05,1.0663768965920006,0.2,0.4,1.4142135623730951,96
1.0,90.0,1.0,0.0073993105605927,1.0,0.9998355603386856,0.0001644396613145,1.000164466706164,0.9998806179644038,0.6019764657587015,0.0002686226755593,0.5718501593041607,0.0,0.0001536119198113,1.0704876386967597,0.2,0.4,1.4142135623730951,96
1.0,90.0,1.0,0.0099972661933495,1.0,0.999716997613645,0.000283002386355,1.0002830824993778,0.9997940977058296,0.60202638836077,0.0004602925869754,0.5718501593041607,0.0,0.0002632183891884,1.0751619110943569,0.2,0.4,1.4142135623730951,96
1.0,90.0,1.0,0.0135073843059079,1.0,0.9995147248563632,0.0004852751436367,1.0004855107499355,0.999646082959354,0.6021115641867516,0.0007853569971121,0.5718501593041607,0.0,0.0004491065239091,1.080534612173299,0.2,0.4,1.4142135623730951,96
1.0,90.0,1.0,0.0182499322573664,1.0,0.9991712933007054,0.0008287066992945,1.0008293940236783,0.9993940006091372,0.6022561980636599,0.0013334370976519,0.5718501593041607,0.0,0.0007625262167143,1.086791091413788,0.2,0.4,1.4142135623730951,96
1.0,90.0,1.0,0.024657625773836,1.0,0.9985913810219056,0.0014086189780943,1.0014106059844543,0.9989668845386472,0.6025004725812723,0.0022512172696923,0.5718501593041607,0.0,0.0012873589543018,1.0941928615847467,0.2,0.4,1.4142135623730951,96
1.0,90.0,1.0,0.0333151104468964,1.0,0.9976182902986016,0.0023817097013985,1.002387395785101,0.9982474892465032,0.6029105008104257,0.003775584287217,0.5718501593041607,0.0,0.0021590684761113,1.103119112594413,0.2,0.4,1.4142135623730951,96
1.0,90.0,1.0,0.0450123054940112,1.0,0.9959972442807676,0.0040027557192323,1.0040188421626837,0.9970441787988624,0.6035939352897761,0.0062825938364425,0.5718501593041607,0.0,0.0035927022862129,1.1141350995302202,0.2,0.4,1.4142135623730951,96
1.0,90.0,1.0,0.0608164769291628,1.0,0.993319377901894,0.006680622098106,1.0067255529759391,0.9950478138323684,0.6047239627681987,0.0103558127090701,0.5718501593041607,0.0,0.0059219731474058,1.1281074621273095,0.2,0.4,1.4142135623730951,96
1.0,90.0,1.0,0.0821696161856783,1.0,0.9889387642842324,0.0110612357157676,1.0111849551410532,0.9917677745429712,0.6065753050118654,0.0168726579851546,0.5718501593041607,0.0,0.0096486321566952,1.1464045406780436,0.2,0.4,1.4142135623730951,96
1.0,90.0,1.0,0.1110200091328213,1.0,0.9818542828413176,0.0181457171586825,1.0184810694171156,0.986441328755402,0.609576615975832,0.0270918750239637,0.5718501593041607,0.0,0.015492493048302,1.1712586929752544,0.2,0.4,1.4142135623730951,96
1.0,90.0,1.0,0.15,1.0,0.970550864515056,0.0294491354849438,1.0303427018218756,0.97791388301463,0.6143836745733392,0.0426851996599323,0.5718501593041607,0.0,0.0244095382254622,1.2064601637660126,0.2,0.4,1.4142135623730951,96
1.0,0.0,1.5,0.003,1.0,0.9999946163621686,5.3836378314242594e-06,1.0000053836668152,0.9999964081898268,0.7357608628725615,9e-06,0.6000000000000001,0.0,5.400000000000001e-06,0.99696996878227,0.2,0.4,1.4142135623730951,96
1.0,0.0,1.5,0.0040533233920169,1.0,0.9999901826629296,9.817337070505694e-06,1.0000098174334515,0.999993448417487,0.73576249393936,1.6429430520271774e-05,0.6000000000000001,0.0,9.857658312163068e-06,0.99590965314677,0.2,0.4,1.4142135623730951,96
1.0,0.0,1.5,0.0054764768400905,1.0,0.9999821042542668,1.789574573329844e-05,1.000017896065997,0.999988053043896,0.7357654658198239,2.9991798580048604e-05,0.6000000000000001,0.0,1.7995079148029164e-05,0.9944799678893548,0.2,0.4,1.4142135623730951,96
1.0,0.0,1.5,0.0073993105605927,1.0,0.999967394735068,3.26052649318731e-05,1.0000326063280698,0.9999782227086308,0.735770877149525,5.474979677209931e-05,0.6000000000000001,0.0,3.284987806325959e-05,0.992553606107291,0.2,0.4,1.4142135623730951,96
1.0,0.0,1.5,0.0099972661933495,1.0,0.9999406348422296,5.936515777049678e-05,1.0000593686822017,0.999960323951534,0.7357807215639375,9.99453313406894e-05,0.6000000000000001,0.0,5.996719880441365e-05,0.9899604943048872,0.2,0.4,1.4142135623730951,96
1.0,0.0,1.5,0.0135073843059079,1.0,0.9998920109932026,0.0001079890067974,1.0001080006696823,0.9999277640735968,0.7357986092782808,0.0001824494307874,0.6000000000000001,0.0,0.0001094696584724,0.9864743190421228,0.2,0.4,1.4142135623730951,96
1.0,0.0,1.5,0.0182499322573664,1.0,0.999803801893154,0.0001961981068461,1.0001962366080972,0.9998686065666332,0.7358310595923271,0.0003330600273984,0.6000000000000001,0.0,0.000199836016439,0.9817955258627572,0.2,0.4,1.4142135623730951,96
1.0,0.0,1.5,0.024657625773836,1.0,0.9996441273675252,0.0003558726324747,1.000355999322891,0.9997613020871144,0.7358898005652837,0.0006079985088025,0.6000000000000001,0.0,0.0003647991052815,0.9755304421596154,0.2,0.4,1.4142135623730951,96
1.0,0.0,1.5,0.0333151104468964,1.0,0.9993559270209024,0.0006440729790976,1.0006444880764531,0.9995670992187712,0.7359958235341219,0.0011098965840889,0.6000000000000001,0.0,0.0006659379504533,0.967166653678724,0.2,0.4,1.4142135623730951,96
1.0,0.0,1.5,0.0450123054940112,1.0,0.9988377690623544,0.0011622309376456,1.001163583290144,0.9992166822598022,0.7361864431144249,0.0020261076458861,0.6000000000000001,0.0,0.0012156645875317,0.9560457296905076,0.2,0.4,1.4142135623730951,96
1.0,0.0,1.5,0.0608164769291628,1.0,0.9979109998658704,0.0020890001341296,1.0020933731910064,0.9985869563736728,0.7365273819853052,0.0036986438660754,0.6000000000000001,0.0,0.0022191863196452,0.9413360724319678,0.2,0.4,1.4142135623730951,96
1.0,0.0,1.5,0.0821696161856783,1.0,0.996264833448889,0.0037351665511109,1.0037491703267096,0.9974614593770252,0.7371329701253179,0.0067518458241016,0.6000000000000001,0.0,0.004051107494461,0.922011216986455,0.2,0.4,1.4142135623730951,96
1.0,0.0,1.5,0.1110200091328213,1.0,0.9933676144122692,0.0066323855877308,1.006676667823175,0.995464609288069,0.7381987826990204,0.0123254424278517,0.6000000000000001,0.0,0.007395265456711,0.8968421250804564,0.2,0.4,1.4142135623730951,96
1.0,0.0,1.5,0.15,1.0,0.988330399747369,0.0116696002526309,1.011807387747674,0.9919565875391368,0.7400517903553792,0.0225,0.6000000000000001,0.0,0.0135,0.8644148335282202,0.2,0.4,1.4142135623730951,96
1.0,5.0,1.5,0.003,1.0,0.999994616362144,5.383637856071211e-06,1.00000538366684,0.9999964081898268,0.7357608628725707,9e-06,0.6000000000000001,0.0,5.400000000000001e-06,0.9969699733465204,0.2,0.4,1.4142135623730951,96
1.0,5.0,1.5,0.0040533233920169,1.0,0.999990182662848,9.817337152107086e-06,1.0000098174335332,0.999993448417487,0.73576249393939,1.6429430520271774e-05,0.6000000000000001,0.0,9.857658312163068e-06,0.9959096614247392,0.2,0.4,1.4142135623730951,96
1.0,5.0,1.5,0.0054764768400905,1.0,0.9999821042539958,1.789574600419286e-05,1.0000178960662676,0.999988053043896,0.7357654658199237,2.9991798580048604e-05,0.6000000000000001,0.0,1.7995079148029164e-05,0.99447998294316,0.2,0.4,1.4142135623730951,96
1.0,5.0,1.5,0.0073993105605927,1.0,0.9999673947341648,3.2605265835150554e-05,1.0000326063289733,0.9999782227086308,0.7357708771498573,5.474979677209931e-05,0.6000000000000001,0.0,3.284987806325959e-05,0.9925536336044236,0.2,0.4,1.4142135623730951,96
1.0,5.0,1.5,0.0099972661933495,1.0,0.999940634839218,5.936516078186571e-05,1.0000593686852135,0.999960323951534,0.7357807215650455,9.99453313406894e-05,0.6000000000000001,0.0,5.996719880441365e-05,0.9899605445218224,0.2,0.4,1.4142135623730951,96
1.0,5.0,1.5,0.0135073843059079,1.0,0.9998920109831688,0.0001079890168312,1.0001080006797185,0.9999277640735968,0.735798609281972,0.0001824494307874,0.6000000000000001,0.0,0.0001094696584724,0.9864744107009694,0.2,0.4,1.4142135623730951,96
1.0,5.0,1.5,0.0182499322573664,1.0,0.9998038018597264,0.0001961981402736,1.0001962366415378,0.9998686065666332,0.7358310596046242,0.0003330600273984,0.6000000000000001,0.0,0.000199836016439,0.9817956931373236,0.2,0.4,1.4142135623730951,96
1.0,5.0,1.5,0.024657625773836,1.0,0.9996441272561892,0.0003558727438108,1.0003559994343063,0.9997613020871144,0.7358898006062421,0.0006079985088025,0.6000000000000001,0.0,0.0003647991052815,0.9755307473581778,0.2,0.4,1.4142135623730951,96
1.0,5.0,1.5,0.0333151104468964,1.0,0.99935592665024,0.0006440733497599,1.0006444884475931,0.9995670992187712,0.7359958236704808,0.0011098965840889,0.6000000000000001,0.0,0.0006659379504533,0.9671672102805492,0.2,0.4,1.4142135623730951,96
1.0,5.0,1.5,0.0450123054940112,1.0,0.9988377678293452,0.0011622321706548,1.0011635845260245,0.9992166822598022,0.7361864435680234,0.0020261076458861,0.6000000000000001,0.0,0.0012156645875317,0.9560467439580546,0.2,0.4,1.4142135623730951,96
1.0,5.0,1.5,0.0608164769291628,1.0,0.9979109957703626,0.0020890042296374,1.002093377303679,0.9985869563736728,0.7365273834919552,0.0036986438660754,0.6000000000000001,0.0,0.0022191863196452,0.9413379179317284,0.2,0.4,1.4142135623730951,96
1.0,5.0,1.5,0.0821696161856783,1.0,0.9962648198830156,0.0037351801169842,1.0037491839944954,0.9974614593770252,0.7371329751158885,0.0067518458241016,0.6000000000000001,0.0,0.004051107494461,0.9220145656690888,0.2,0.4,1.4142135623730951,96
1.0,5.0,1.5,0.1110200091328213,1.0,0.9933675697096482,0.0066324302903517,1.00667671312472,0.995464609288069,0.7381987991438322,0.0123254424278517,0.6000000000000001,0.0,0.007395265456711,0.8968481698426357,0.2,0.4,1.4142135623730951,96
1.0,5.0,1.5,0.15,1.0,0.9883302538946446,0.0116697461053554,1.011807537065034,0.9919565875391368,0.740051844007916,0.0225,0.6000000000000001,0.0,0.0135,0.8644256374337352,0.2,0.4,1.4142135623730951,96
1.0,10.0,1.5,0.003,1.0,0.9999946163620737,5.383637926348328e-06,1.00000538366691,0.9999964081898268,0.7357608628725966,9e-06,0.6,-2.775557561562892e-17,5.4e-06,0.9969699863608016,0.1999999999999999,0.4,1.4142135623730951,96
1.0,10.0,1.5,0.0040533233920169,1.0,0.9999901826626127,9.817337387252325e-06,1.0000098174337684,0.999993448417487,0.7357624939394765,1.6429430520271774e-05,0.6,-2.775557561562892e-17,9.857658312163063e-06,0.995909685278806,0.1999999999999999,0.4,1.4142135623730951,96
1.0,10.0,1.5,0.0054764768400905,1.0,0.9999821042532157,1.78957467844576e-05,1.000017896067048,0.999988053043896,0.7357654658202107,2.9991798580048604e-05,0.6,-2.775557561562892e-17,1.799507914802916e-05,0.9944800263030552,0.1999999999999999,0.4,1.4142135623730951,96
1.0,10.0,1.5,0.0073993105605927,1.0,0.9999673947315624,3.260526843773537e-05,1.000032606331576,0.9999782227086308,0.7357708771508149,5.474979677209931e-05,0.6,-2.775557561562892e-17,3.2849878063259583e-05,0.992553712831044,0.1999999999999999,0.4,1.4142135623730951,96
1.0,10.0,1.5,0.0099972661933495,1.0,0.999940634830546,5.93651694540398e-05,1.0000593686938866,0.999960323951534,0.7357807215682356,9.99453313406894e-05,0.6,-2.775557561562892e-17,5.996719880441364e-05,0.9899606891371168,0.1999999999999999,0.4,1.4142135623730951,96
1.0,10.0,1.5,0.0135073843059079,1.0,0.9998920109542768,0.000107989045723,1.0001080007086165,0.9999277640735968,0.7357986092926008,0.0001824494307874,0.6,-2.775557561562892e-17,0.0001094696584724,0.9864746746259536,0.1999999999999999,0.4,1.4142135623730951,96
1.0,10.0,1.5,0.0182499322573664,1.0,0.9998038017634748,0.0001961982365251,1.000196236737827,0.9998686065666332,0.7358310596400333,0.0003330600273984,0.6,-2.775557561562892e-17,0.000199836016439,0.9817961747900508,0.1999999999999999,0.4,1.4142135623730951,96
1.0,10.0,1.5,0.024657625773836,1.0,0.999644126935608,0.0003558730643921,1.000355999755116,0.9997613020871144,0.7358898007241774,0.0006079985088025,0.6,-2.775557561562892e-17,0.0003647991052815,0.9755316261465948,0.1999999999999999,0.4,1.4142135623730951,96
1.0,10.0,1.5,0.0333151104468964,1.0,0.9993559255829612,0.0006440744170387,1.0006444895162483,0.9995670992187712,0.7359958240631106,0.0011098965840889,0.6,-2.775557561562892e-17,0.0006659379504533,0.9671688129506184,0.1999999999999999,0.4,1.4142135623730951,96
1.0,10.0,1.5,0.0450123054940112,1.0,0.9988377642790328,0.0011622357209672,1.0011635880846037,0.9992166822598022,0.7361864448741094,0.0020261076458861,0.6,-2.775557561562892e-17,0.0012156645875317,0.9560496644284912,0.1999999999999999,0.4,1.4142135623730951,96
1.0,10.0,1.5,0.0608164769291628,1.0,0.9979109839777832,0.0020890160222166,1.0020933891456827,0.9985869563736728,0.7365273878301932,0.0036986438660754,0.6,-2.775557561562892e-17,0.0022191863196452,0.9413432318520344,0.1999999999999999,0.4,1.4142135623730951,96
1.0,10.0,1.5,0.0821696161856783,1.0,0.9962647808212898,0.0037352191787102,1.0037492233496712,0.9974614593770252,0.737132989485794,0.0067518458241016,0.6,-2.775557561562892e-17,0.004051107494461,0.9220242079029762,0.1999999999999999,0.4,1.4142135623730951,96
1.0,10.0,1.5,0.1110200091328213,1.0,0.993367440989747,0.0066325590102529,1.0066768435692282,0.995464609288069,0.7381988464961915,0.0123254424278517,0.6,-2.775557561562892e-17,0.007395265456711,0.8968655755601095,0.1999999999999999,0.4,1.4142135623730951,96
1.0,10.0,1.5,0.15,1.0,0.988329833887896,0.0116701661121041,1.0118079670490123,0.9919565875391368,0.7400519985091605,0.0225,0.6,-2.775557561562892e-17,0.0135,0.8644567490447512,0.1999999999999999,0.4,1.4142135623730951,96
1.0,15.0,1.5,0.003,1.0,0.9999946163619658,5.383638034150984e-06,1.000005383667018,0.9999964081898268,0.7357608628726361,9e-06,0.6000000000000001,2.775557561562892e-17,5.400000000000001e-06,0.996970006324256,0.2,0.4,1.4142135623730951,96
1.0,15.0,1.5,0.0040533233920169,1.0,0.999990182662254,9.817337746076404e-06,1.0000098174341272,0.999993448417487,0.7357624939396084,1.6429430520271774e-05,0.6000000000000001,2.775557561562892e-17,9.857658312163068e-06,0.9959097216793452,0.2,0.4,1.4142135623730951,96
1.0,15.0,1.5,0.0054764768400905,1.0,0.9999821042520186,1.7895747981389043e-05,1.0000178960682449,0.999988053043896,0.7357654658206509,2.9991798580048604e-05,0.6000000000000001,2.775557561562892e-17,1.7995079148029164e-05,0.99448009281743,0.2,0.4,1.4142135623730951,96
1.0,15.0,1.5,0.0073993105605927,1.0,0.999967394727575,3.260527242499034e-05,1.0000326063355631,0.9999782227086308,0.7357708771522815,5.474979677209931e-05,0.6000000000000001,2.775557561562892e-17,3.284987806325959e-05,0.9925538342091192,0.2,0.4,1.4142135623730951,96
1.0,15.0,1.5,0.0099972661933495,1.0,0.999940634817261,5.9365182738968514e-05,1.000059368707173,0.999960323951534,0.7357807215731229,9.99453313406894e-05,0.6000000000000001,2.775557561562892e-17,5.996719880441365e-05,0.989960910673706,0.2,0.4,1.4142135623730951,96
1.0,15.0,1.5,0.0135073843059079,1.0,0.999892010910012,0.0001079890899878,1.0001080007528909,0.9999277640735968,0.735798609308885,0.0001824494307874,0.6000000000000001,2.775557561562892e-17,0.0001094696584724,0.9864750789828745,0.2,0.4,1.4142135623730951,96
1.0,15.0,1.5,0.0182499322573664,1.0,0.999803801616008,0.0001961983839919,1.000196236885352,0.9998686065666332,0.7358310596942832,0.0003330600273984,0.6000000000000001,2.775557561562892e-17,0.000199836016439,0.9817969127291828,0.2,0.4,1.4142135623730951,96
1.0,15.0,1.5,0.024657625773836,1.0,0.9996441264444488,0.0003558735555511,1.0003560002466247,0.9997613020871144,0.7358898009048648,0.0006079985088025,0.6000000000000001,2.775557561562892e-17,0.0003647991052815,0.975532972528741,0.2,0.4,1.4142135623730951,96
1.0,15.0,1.5,0.0333151104468964,1.0,0.9993559239477956,0.0006440760522044,1.0006444911535222,0.9995670992187712,0.7359958246646543,0.0011098965840889,0.6000000000000001,2.775557561562892e-17,0.0006659379504533,0.9671712683830924,0.2,0.4,1.4142135623730951,96
1.0,15.0,1.5,0.0450123054940112,1.0,0.9988377588396314,0.0011622411603685,1.0011635935366707,0.9992166822598022,0.7361864468751522,0.0020261076458861,0.6000000000000001,2.775557561562892e-17,0.0012156645875317,0.9560541388545116,0.2,0.4,1.4142135623730951,96
1.0,15.0,1.5,0.0608164769291628,1.0,0.997910965910412,0.002089034089588,1.0020934072887775,0.9985869563736728,0.736527394476793,0.0036986438660754,0.6000000000000001,2.775557561562892e-17,0.0022191863196452,0.9413513732916318,0.2,0.4,1.4142135623730951,96
1.0,15.0,1.5,0.0821696161856783,1.0,0.996264720974234,0.0037352790257658,1.0037492836463318,0.9974614593770252,0.7371330115021414,0.0067518458241016,0.6000000000000001,2.775557561562892e-17,0.004051107494461,0.9220389809139926,0.2,0.4,1.4142135623730951,96
1.0,15.0,1.5,0.1110200091328213,1.0,0.9933672437683704,0.0066327562316296,1.0066770434330692,0.995464609288069,0.7381989190482783,0.0123254424278517,0.6000000000000001,2.775557561562892e-17,0.007395265456711,0.896892244160152,0.2,0.4,1.4142135623730951,96
1.0,15.0,1.5,0.15,1.0,0.9883291902832868,0.0116708097167131,1.0118086259431112,0.9919565875391368,0.7400522352618143,0.0225,0.6000000000000001,2.775557561562892e-17,0.0135,0.8645044234602364,0.2,0.4,1.4142135623730951,96
1.0,20.0,1.5,0.003,1.0,0.999994616361834,5.383638166045479e-06,1.00000538366715,0.9999964081898268,0.7357608628726848,9e-06,0.6000000000000001,2.775557561562892e-17,5.400000000000001e-06,0.9969700307491628,0.2,0.4,1.4142135623730951,96
1.0,20.0,1.5,0.0040533233920169,1.0,0.9999901826618138,9.817338186168811e-06,1.0000098174345673,0.999993448417487,0.7357624939397704,1.6429430520271774e-05,0.6000000000000001,2.775557561562892e-17,9.857658312163068e-06,0.9959097663240664,0.2,0.4,1.4142135623730951,96
1.0,20.0,1.5,0.0054764768400905,1.0,0.999982104250551,1.789574944899286e-05,1.0000178960697126,0.999988053043896,0.735765465821191,2.9991798580048604e-05,0.6000000000000001,2.775557561562892e-17,1.7995079148029164e-05,0.9944801743732712,0.2,0.4,1.4142135623730951,96
1.0,20.0,1.5,0.0073993105605927,1.0,0.9999673947226846,3.260527731541174e-05,1.000032606340454,0.9999782227086308,0.7357708771540807,5.474979677209931e-05,0.6000000000000001,2.775557561562892e-17,3.284987806325959e-05,0.9925539830809472,0.2,0.4,1.4142135623730951,96
1.0,20.0,1.5,0.0099972661933495,1.0,0.9999406348009642,5.936519903582127e-05,1.000059368723472,0.999960323951534,0.7357807215791182,9.99453313406894e-05,0.6000000000000001,2.775557561562892e-17,5.996719880441365e-05,0.9899611824364878,0.2,0.4,1.4142135623730951,96
1.0,20.0,1.5,0.0135073843059079,1.0,0.9998920108557146,0.0001079891442854,1.0001080008072003,0.9999277640735968,0.7357986093288599,0.0001824494307874,0.6000000000000001,2.775557561562892e-17,0.0001094696584724,0.9864755749885,0.2,0.4,1.4142135623730951,96
1.0,20.0,1.5,0.0182499322573664,1.0,0.9998038014351148,0.000196198564885,1.0001962370663158,0.9998686065666332,0.7358310597608301,0.0003330600273984,0.6000000000000001,2.775557561562892e-17,0.000199836016439,0.98179781793677,0.2,0.4,1.4142135623730951,96
1.0,20.0,1.5,0.024657625773836,1.0,0.9996441258419524,0.0003558741580476,1.0003560008495502,0.9997613020871144,0.7358898011265106,0.0006079985088025,0.6000000000000001,2.775557561562892e-17,0.0003647991052815,0.975534624113102,0.2,0.4,1.4142135623730951,96
1.0,20.0,1.5,0.0333151104468964,1.0,0.9993559219419664,0.0006440780580334,1.0006444931619376,0.9995670992187712,0.7359958254025574,0.0011098965840889,0.6000000000000001,2.775557561562892e-17,0.0006659379504533,0.9671742804190592,0.2,0.4,1.4142135623730951,96
1.0,20.0,1.5,0.0450123054940112,1.0,0.9988377521672036,0.0011622478327965,1.0011636002246358,0.9992166822598022,0.7361864493297995,0.0020261076458861,0.6000000000000001,2.775557561562892e-17,0.0012156645875317,0.9560596275625088,0.2,0.4,1.4142135623730951,96
1.0,20.0,1.5,0.0608164769291628,1.0,0.9979109437473463,0.0020890562526536,1.0020934295447337,0.9985869563736728,0.7365274026301114,0.0036986438660754,0.6000000000000001,2.775557561562892e-17,0.0022191863196452,0.9413613603149874,0.2,0.4,1.4142135623730951,96
1.0,20.0,1.5,0.0821696161856783,1.0,0.9962646475592664,0.0037353524407336,1.003749357612844,0.9974614593770252,0.7371330385098098,0.0067518458241016,0.6000000000000001,2.775557561562892e-17,0.004051107494461,0.9220571031109158,0.2,0.4,1.4142135623730951,96
1.0,20.0,1.5,0.1110200091328213,1.0,0.9933670018222696,0.0066329981777303,1.0066772886209856,0.995464609288069,0.7381990080533081,0.0123254424278517,0.6000000000000001,2.775557561562892e-17,0.007395265456711,0.8969249605111912,0.2,0.4,1.4142135623730951,96
1.0,20.0,1.5,0.15,1.0,0.9883284005917536,0.0116715994082464,1.0118094343957516,0.9919565875391368,0.7400525257531535,0.0225,0.6000000000000001,2.775557561562892e-17,0.0135,0.864562919129368,0.2,0.4,1.4142135623730951,96
1.0,25.0,1.5,0.003,1.0,0.9999946163616932,5.383638306821759e-06,1.0000053836672906,0.9999964081898268,0.7357608628727366,9e-06,0.6000000000000001,0.0,5.400000000000001e-06,0.996970056818844,0.2,0.4,1.4142135623730951,96
1.0,25.0,1.5,0.0040533233920169,1.0,0.9999901826613452,9.817338654904972e-06,1.000009817435036,0.999993448417487,0.7357624939399429,1.6429430520271774e-05,0.6000000000000001,0.0,9.857658312163068e-06,0.9959098138745238,0.2,0.4,1.4142135623730951,96
1.0,25.0,1.5,0.0054764768400905,1.0,0.999982104248989,1.7895751010965633e-05,1.000017896071275,0.999988053043896,0.7357654658217655,2.9991798580048604e-05,0.6000000000000001,0.0,1.7995079148029164e-05,0.9944802611732658,0.2,0.4,1.4142135623730951,96
1.0,25.0,1.5,0.0073993105605927,1.0,0.9999673947174798,3.26052825202483e-05,1.0000326063456593,0.9999782227086308,0.7357708771559954,5.474979677209931e-05,0.6000000000000001,0.0,3.284987806325959e-05,0.9925541415240487,0.2,0.4,1.4142135623730951,96
1.0,25.0,1.5,0.0099972661933495,1.0,0.999940634783622,5.936521637794901e-05,1.000059368740816,0.999960323951534,0.735780721585498,9.99453313406894e-05,0.6000000000000001,0.0,5.996719880441365e-05,0.9899614716300482,0.2,0.4,1.4142135623730951,96
1.0,25.0,1.5,0.0135073843059079,1.0,0.9998920107979302,0.0001079892020697,1.000108000864997,0.9999277640735968,0.7357986093501174,0.0001824494307874,0.6000000000000001,0.0,0.0001094696584724,0.9864761028455672,0.2,0.4,1.4142135623730951,96
1.0,25.0,1.5,0.0182499322573664,1.0,0.9998038012426124,0.0001961987573877,1.0001962372588942,0.9998686065666332,0.735831059831648,0.0003330600273984,0.6000000000000001,0.0,0.000199836016439,0.9817987812400016,0.2,0.4,1.4142135623730951,96
1.0,25.0,1.5,0.024657625773836,1.0,0.9996441252007898,0.0003558747992101,1.0003560014911694,0.9997613020871144,0.7358898013623812,0.0006079985088025,0.6000000000000001,0.0,0.0003647991052815,0.9755363816902402,0.2,0.4,1.4142135623730951,96
1.0,25.0,1.5,0.0333151104468964,1.0,0.9993559198074058,0.0006440801925942,1.0006444952992506,0.9995670992187712,0.7359958261878182,0.0011098965840889,0.6000000000000001,0.0,0.0006659379504533,0.9671774857638648,0.2,0.4,1.4142135623730951,96
1.0,25.0,1.5,0.0450123054940112,1.0,0.998837745066538,0.0011622549334621,1.0011636073418355,0.9992166822598022,0.7361864519419868,0.0020261076458861,0.6000000000000001,0.0,0.0012156645875317,0.956065468536807,0.2,0.4,1.4142135623730951,96
1.0,25.0,1.5,0.0608164769291628,1.0,0.997910920161718,0.0020890798382818,1.0020934532292154,0.9985869563736728,0.7365274113067602,0.0036986438660754,0.6000000000000001,0.0,0.0022191863196452,0.9413719883672692,0.2,0.4,1.4142135623730951,96
1.0,25.0,1.5,0.0821696161856783,1.0,0.9962645694306502,0.0037354305693497,1.0037494363284287,0.9974614593770252,0.7371330672515205,0.0067518458241016,0.6000000000000001,0.0,0.004051107494461,0.922076388853454,0.2,0.4,1.4142135623730951,96
1.0,25.0,1.5,0.1110200091328213,1.0,0.9933667443264884,0.0066332556735115,1.0066775495670623,0.995464609288069,0.7381991027786191,0.0123254424278517,0.6000000000000001,0.0,0.007395265456711,0.8969597795156962,0.2,0.4,1.4142135623730951,96
1.0,25.0,1.5,0.15,1.0,0.9883275599847752,0.0116724400152249,1.0118102949748813,0.9919565875391368,0.7400528349739492,0.0225,0.6000000000000001,0.0,0.0135,0.8646251863129583,0.2,0.4,1.4142135623730951,96
1.0,30.0,1.5,0.003,1.0,0.9999946163615608,5.383638439271365e-06,1.000005383667423,0.9999964081898268,0.7357608628727853,9e-06,0.6000000000000001,0.0,5.400000000000001e-06,0.996970081346549,0.2,0.4,1.4142135623730951,96
1.0,30.0,1.5,0.0040533233920169,1.0,0.9999901826609052,9.817339094886355e-06,1.000009817435476,0.999993448417487,0.7357624939401047,1.6429430520271774e-05,0.6000000000000001,0.0,9.857658312163068e-06,0.9959098585079824,0.2,0.4,1.4142135623730951,96
1.0,30.0,1.5,0.0054764768400905,1.0,0.999982104247521,1.7895752479013538e-05,1.0000178960727426,0.999988053043896,0.7357654658223056,2.9991798580048604e-05,0.6000000000000001,0.0,1.7995079148029164e-05,0.9944803427537852,0.2,0.4,1.4142135623730951,96
1.0,30.0,1.5,0.0073993105605927,1.0,0.9999673947125888,3.260528741111379e-05,1.0000326063505505,0.9999782227086308,0.7357708771577947,5.474979677209931e-05,0.6000000000000001,0.0,3.284987806325959e-05,0.9925542904093956,0.2,0.4,1.4142135623730951,96
1.0,30.0,1.5,0.0099972661933495,1.0,0.999940634767326,5.936523267402461e-05,1.0000593687571142,0.999960323951534,0.7357807215914932,9.99453313406894e-05,0.6000000000000001,0.0,5.996719880441365e-05,0.9899617433798702,0.2,0.4,1.4142135623730951,96
1.0,30.0,1.5,0.0135073843059079,1.0,0.999892010743632,0.000107989256368,1.000108000919307,0.9999277640735968,0.7357986093700929,0.0001824494307874,0.6000000000000001,0.0,0.0001094696584724,0.986476598857278,0.2,0.4,1.4142135623730951,96
1.0,30.0,1.5,0.0182499322573664,1.0,0.9998038010617182,0.0001961989382818,1.0001962374398592,0.9998686065666332,0.7358310598981951,0.0003330600273984,0.6000000000000001,0.0,0.000199836016439,0.9817996864525892,0.2,0.4,1.4142135623730951,96
1.0,30.0,1.5,0.024657625773836,1.0,0.9996441245982932,0.0003558754017067,1.000356002094095,0.9997613020871144,0.7358898015840273,0.0006079985088025,0.6000000000000001,0.0,0.0003647991052815,0.9755380332749052,0.2,0.4,1.4142135623730951,96
1.0,30.0,1.5,0.0333151104468964,1.0,0.9993559178015748,0.0006440821984252,1.000644497307668,0.9995670992187712,0.7359958269257223,0.0011098965840889,0.6000000000000001,0.0,0.0006659379504533,0.9671804978028326,0.2,0.4,1.4142135623730951,96
1.0,30.0,1.5,0.0450123054940112,1.0,0.9988377383940774,0.0011622616059225,1.0011636140298337,0.9992166822598022,0.736186454396646,0.0020261076458861,0.6000000000000001,0.0,0.0012156645875317,0.9560709572715628,0.2,0.4,1.4142135623730951,96
1.0,30.0,1.5,0.0608164769291628,1.0,0.997910897998302,0.0020891020016979,1.0020934754855253,0.9985869563736728,0.7365274194602075,0.0036986438660754,0.6000000000000001,0.0,0.0022191863196452,0.9413819755485646,0.2,0.4,1.4142135623730951,96
1.0,30.0,1.5,0.0821696161856783,1.0,0.9962644960118486,0.0037355039881513,1.0037495102988263,0.9974614593770252,0.7371330942605991,0.0067518458241016,0.6000000000000001,0.0,0.004051107494461,0.9220945119967412,0.2,0.4,1.4142135623730951,96
1.0,30.0,1.5,0.1110200091328213,1.0,0.9933665023388006,0.0066334976611993,1.0066777947973695,0.995464609288069,0.738199191798947,0.0123254424278517,0.6000000000000001,0.0,0.007395265456711,0.8969925014902073,0.2,0.4,1.4142135623730951,96
1.0,30.0,1.5,0.15,1.0,0.988326769851446,0.0116732301485539,1.0118111038824826,0.9919565875391368,0.7400531256277992,0.0225,0.6000000000000001,0.0,0.0135,0.8646837147076981,0.2,0.4,1.4142135623730951,96
1.0,35.0,1.5,0.003,1.0,0.9999946163614528,5.383638547185043e-06,1.000005383667531,0.9999964081898268,0.7357608628728248,9e-06,0.6000000000000001,0.0,5.400000000000001e-06,0.9969701013305634,0.2,0.4,1.4142135623730951,96
1.0,35.0,1.5,0.0040533233920169,1.0,0.9999901826605446,9.817339455375771e-06,1.0000098174358365,0.999993448417487,0.7357624939402373,1.6429430520271774e-05,0.6000000000000001,0.0,9.857658312163068e-06,0.9959098950774602,0.2,0.4,1.4142135623730951,96
1.0,35.0,1.5,0.0054764768400905,1.0,0.9999821042463244,1.7895753675722936e-05,1.0000178960739394,0.999988053043896,0.7357654658227459,2.9991798580048604e-05,0.6000000000000001,0.0,1.7995079148029164e-05,0.9944804092558212,0.2,0.4,1.4142135623730951,96
1.0,35.0,1.5,0.0073993105605927,1.0,0.9999673947086016,3.260529139825774e-05,1.000032606354538,0.9999782227086308,0.7357708771592614,5.474979677209931e-05,0.6000000000000001,0.0,3.284987806325959e-05,0.9925544117840912,0.2,0.4,1.4142135623730951,96
1.0,35.0,1.5,0.0099972661933495,1.0,0.9999406347540398,5.936524596017456e-05,1.0000593687704018,0.999960323951534,0.7357807215963807,9.99453313406894e-05,0.6000000000000001,0.0,5.996719880441365e-05,0.9899619649368252,0.2,0.4,1.4142135623730951,96
1.0,35.0,1.5,0.0135073843059079,1.0,0.9998920106993672,0.0001079893006329,1.0001080009635814,0.9999277640735968,0.7357986093863768,0.0001824494307874,0.6000000000000001,0.0,0.0001094696584724,0.9864770032152133,0.2,0.4,1.4142135623730951,96
1.0,35.0,1.5,0.0182499322573664,1.0,0.999803800914252,0.0001961990857478,1.0001962375873832,0.9998686065666332,0.7358310599524449,0.0003330600273984,0.6000000000000001,0.0,0.000199836016439,0.9818004243878324,0.2,0.4,1.4142135623730951,96
1.0,35.0,1.5,0.024657625773836,1.0,0.9996441241071344,0.0003558758928656,1.0003560025856038,0.9997613020871144,0.7358898017647147,0.0006079985088025,0.6000000000000001,0.0,0.0003647991052815,0.9755393796567472,0.2,0.4,1.4142135623730951,96
1.0,35.0,1.5,0.0333151104468964,1.0,0.9993559161664036,0.0006440838335964,1.0006444989449477,0.9995670992187712,0.7359958275272678,0.0011098965840889,0.6000000000000001,0.0,0.0006659379504533,0.9671829532436428,0.2,0.4,1.4142135623730951,96
1.0,35.0,1.5,0.0450123054940112,1.0,0.9988377329546276,0.0011622670453724,1.0011636194819498,0.9992166822598022,0.7361864563977066,0.0020261076458861,0.6000000000000001,0.0,0.0012156645875317,0.9560754317375844,0.2,0.4,1.4142135623730951,96
1.0,35.0,1.5,0.0608164769291628,1.0,0.9979108799303948,0.0020891200696051,1.0020934936291614,0.9985869563736728,0.7365274261070045,0.0036986438660754,0.6000000000000001,0.0,0.0022191863196452,0.941390117229599,0.2,0.4,1.4142135623730951,96
1.0,35.0,1.5,0.0821696161856783,1.0,0.9962644361589182,0.0037355638410817,1.00374957060144,0.9974614593770252,0.7371331162791079,0.0067518458241016,0.6000000000000001,0.0,0.004051107494461,0.9221092864579152,0.2,0.4,1.4142135623730951,96
1.0,35.0,1.5,0.1110200091328213,1.0,0.99336630505371,0.00663369494629,1.0066779947261564,0.995464609288069,0.738199264374472,0.0123254424278517,0.6000000000000001,0.0,0.007395265456711,0.8970191787057668,0.2,0.4,1.4142135623730951,96
1.0,35.0,1.5,0.15,1.0,0.9883261255699622,0.0116738744300377,1.011811763473626,0.9919565875391368,0.7400533626294359,0.0225,0.6000000000000001,0.0,0.0135,0.8647314392620559,0.2,0.4,1.4142135623730951,96
1.0,40.0,1.5,0.003,1.0,0.9999946163613824,5.3836386176842055e-06,1.0000053836676015,0.9999964081898268,0.7357608628728507,9e-06,0.6,-2.775557561562892e-17,5.4e-06,0.996970114385964,0.1999999999999999,0.4,1.4142135623730951,96
1.0,40.0,1.5,0.0040533233920169,1.0,0.9999901826603116,9.817339688522608e-06,1.0000098174360696,0.999993448417487,0.7357624939403231,1.6429430520271774e-05,0.6,-2.775557561562892e-17,9.857658312163063e-06,0.9959099187288012,0.1999999999999999,0.4,1.4142135623730951,96
1.0,40.0,1.5,0.0054764768400905,1.0,0.9999821042455438,1.7895754456209723e-05,1.00001789607472,0.999988053043896,0.735765465823033,2.9991798580048604e-05,0.6,-2.775557561562892e-17,1.799507914802916e-05,0.9944804526280556,0.1999999999999999,0.4,1.4142135623730951,96
1.0,40.0,1.5,0.0073993105605927,1.0,0.9999673947059996,3.2605294000398466e-05,1.0000326063571403,0.9999782227086308,0.7357708771602187,5.474979677209931e-05,0.6,-2.775557561562892e-17,3.2849878063259583e-05,0.9925544909971928,0.1999999999999999,0.4,1.4142135623730951,96
1.0,40.0,1.5,0.0099972661933495,1.0,0.9999406347453692,5.936525463090536e-05,1.0000593687790735,0.999960323951534,0.7357807215995704,9.99453313406894e-05,0.6,-2.775557561562892e-17,5.996719880441364e-05,0.9899621095280512,0.1999999999999999,0.4,1.4142135623730951,96
1.0,40.0,1.5,0.0135073843059079,1.0,0.9998920106704756,0.0001079893295242,1.000108000992479,0.9999277640735968,0.7357986093970054,0.0001824494307874,0.6,-2.775557561562892e-17,0.0001094696584724,0.9864772671361406,0.1999999999999999,0.4,1.4142135623730951,96
1.0,40.0,1.5,0.0182499322573664,1.0,0.9998038008180004,0.0001961991819995,1.0001962376836726,0.9998686065666332,0.7358310599878539,0.0003330600273984,0.6,-2.775557561562892e-17,0.000199836016439,0.981800906041115,0.1999999999999999,0.4,1.4142135623730951,96
1.0,40.0,1.5,0.024657625773836,1.0,0.9996441237865528,0.0003558762134471,1.0003560029064134,0.9997613020871144,0.73588980188265,0.0006079985088025,0.6,-2.775557561562892e-17,0.0003647991052815,0.9755402584457732,0.1999999999999999,0.4,1.4142135623730951,96
1.0,40.0,1.5,0.0333151104468964,1.0,0.9993559150991218,0.0006440849008781,1.0006445000136055,0.9995670992187712,0.7359958279198988,0.0011098965840889,0.6,-2.775557561562892e-17,0.0006659379504533,0.9671845559180464,0.1999999999999999,0.4,1.4142135623730951,96
1.0,40.0,1.5,0.0450123054940112,1.0,0.998837729404273,0.001162270595727,1.0011636230405716,0.9992166822598022,0.7361864577038081,0.0020261076458861,0.6,-2.775557561562892e-17,0.0012156645875317,0.9560783522426336,0.1999999999999999,0.4,1.4142135623730951,96
1.0,40.0,1.5,0.0608164769291628,1.0,0.9979108681373454,0.0020891318626545,1.00209350547164,0.9985869563736728,0.7365274304454156,0.0036986438660754,0.6,-2.775557561562892e-17,0.0022191863196452,0.9413954313617752,0.1999999999999999,0.4,1.4142135623730951,96
1.0,40.0,1.5,0.0821696161856783,1.0,0.9962643970920269,0.0037356029079732,1.0037496099618506,0.9974614593770252,0.7371331306509136,0.0067518458241016,0.6,-2.775557561562892e-17,0.004051107494461,0.9221189299668948,0.1999999999999999,0.4,1.4142135623730951,96
1.0,40.0,1.5,0.1110200091328213,1.0,0.993366176277778,0.0066338237222218,1.006678125227778,0.995464609288069,0.7381993117474428,0.0123254424278517,0.6,-2.775557561562892e-17,0.007395265456711,0.897036591999794,0.1999999999999999,0.4,1.4142135623730951,96
1.0,40.0,1.5,0.15,1.0,0.988325704967974,0.0116742950320259,1.0118121940705815,0.9919565875391368,0.740053517349634,0.0225,0.6,-2.775557561562892e-17,0.0135,0.8647625949648885,0.1999999999999999,0.4,1.4142135623730951,96
1.0,45.0,1.5,0.003,1.0,0.999994616361358,5.383638642109112e-06,1.000005383667626,0.9999964081898268,0.7357608628728597,9e-06,0.6000000000000001,0.0,5.400000000000001e-06,0.9969701189090948,0.2,0.4,1.4142135623730951,96
1.0,45.0,1.5,0.0040533233920169,1.0,0.9999901826602298,9.817339770235025e-06,1.0000098174361514,0.999993448417487,0.7357624939403532,1.6429430520271774e-05,0.6000000000000001,0.0,9.857658312163068e-06,0.9959099270180328,0.2,0.4,1.4142135623730951,96
1.0,45.0,1.5,0.0054764768400905,1.0,0.9999821042452725,1.7895754727659252e-05,1.0000178960749917,0.999988053043896,0.735765465823133,2.9991798580048604e-05,0.6000000000000001,0.0,1.7995079148029164e-05,0.9944804677127086,0.2,0.4,1.4142135623730951,96
1.0,45.0,1.5,0.0073993105605927,1.0,0.9999673947050962,3.260529490378694e-05,1.0000326063580438,0.9999782227086308,0.7357708771605511,5.474979677209931e-05,0.6000000000000001,0.0,3.284987806325959e-05,0.9925545184977048,0.2,0.4,1.4142135623730951,96
1.0,45.0,1.5,0.0099972661933495,1.0,0.9999406347423576,5.936525764249634e-05,1.0000593687820856,0.999960323951534,0.7357807216006785,9.99453313406894e-05,0.6000000000000001,0.0,5.996719880441365e-05,0.9899621597486892,0.2,0.4,1.4142135623730951,96
1.0,45.0,1.5,0.0135073843059079,1.0,0.9998920106604408,0.0001079893395591,1.000108001002516,0.9999277640735968,0.735798609400697,0.0001824494307874,0.6000000000000001,0.0,0.0001094696584724,0.9864773588041148,0.2,0.4,1.4142135623730951,96
1.0,45.0,1.5,0.0182499322573664,1.0,0.9998038007845724,0.0001961992154274,1.0001962377171136,0.9998686065666332,0.7358310600001513,0.0003330600273984,0.6000000000000001,0.0,0.000199836016439,0.9818010733179036,0.2,0.4,1.4142135623730951,96
1.0,45.0,1.5,0.024657625773836,1.0,0.9996441236752156,0.0003558763247845,1.00035600301783,0.9997613020871144,0.7358898019236086,0.0006079985088025,0.6000000000000001,0.0,0.0003647991052815,0.9755405636476832,0.2,0.4,1.4142135623730951,96
1.0,45.0,1.5,0.0333151104468964,1.0,0.999355914728458,0.0006440852715419,1.0006445003847473,0.9995670992187712,0.7359958280562584,0.0011098965840889,0.6000000000000001,0.0,0.0006659379504533,0.9671851125220386,0.2,0.4,1.4142135623730951,96
1.0,45.0,1.5,0.0450123054940112,1.0,0.998837728171246,0.0011622718287539,1.0011636242764697,0.9992166822598022,0.7361864581574129,0.0020261076458861,0.6000000000000001,0.0,0.0012156645875317,0.9560793665247928,0.2,0.4,1.4142135623730951,96
1.0,45.0,1.5,0.0608164769291628,1.0,0.9979108640416516,0.0020891359583484,1.0020935095845005,0.9985869563736728,0.7365274319521339,0.0036986438660754,0.6000000000000001,0.0,0.0022191863196452,0.9413972769453832,0.2,0.4,1.4142135623730951,96
1.0,45.0,1.5,0.0821696161856783,1.0,0.9962643835241144,0.0037356164758856,1.0037496236317025,0.9974614593770252,0.7371331356422347,0.0067518458241016,0.6000000000000001,0.0,0.004051107494461,0.9221222791528564,0.2,0.4,1.4142135623730951,96
1.0,45.0,1.5,0.1110200091328213,1.0,0.99336613155303,0.0066338684469701,1.0066781705518777,0.995464609288069,0.7381993282003947,0.0123254424278517,0.6000000000000001,0.0,0.007395265456711,0.8970426397540632,0.2,0.4,1.4142135623730951,96
1.0,45.0,1.5,0.15,1.0,0.9883255588801694,0.0116744411198306,1.0118123436300266,0.9919565875391368,0.7400535710886429,0.0225,0.6000000000000001,0.0,0.0135,0.8647734162837499,0.2,0.4,1.4142135623730951,96
1.0,50.0,1.5,0.003,1.0,0.9999946163613824,5.383638617573183e-06,1.0000053836676013,0.9999964081898268,0.7357608628728508,9e-06,0.6000000000000001,0.0,5.400000000000001e-06,0.9969701143654042,0.2,0.4,1.4142135623730951,96
1.0,50.0,1.5,0.0040533233920169,1.0,0.9999901826603104,9.817339689521807e-06,1.0000098174360703,0.999993448417487,0.7357624939403233,1.6429430520271774e-05,0.6000000000000001,0.0,9.857658312163068e-06,0.9959099188301638,0.2,0.4,1.4142135623730951,96
1.0,50.0,1.5,0.0054764768400905,1.0,0.9999821042455438,1.7895754456209723e-05,1.00001789607472,0.999988053043896,0.735765465823033,2.9991798580048604e-05,0.6000000000000001,0.0,1.7995079148029164e-05,0.9944804526280552,0.2,0.4,1.4142135623730951,96
1.0,50.0,1.5,0.0073993105605927,1.0,0.9999673947059996,3.2605294000398466e-05,1.0000326063571403,0.9999782227086308,0.7357708771602187,5.474979677209931e-05,0.6000000000000001,0.0,3.284987806325959e-05,0.9925544909971926,0.2,0.4,1.4142135623730951,96
1.0,50.0,1.5,0.0099972661933495,1.0,0.9999406347453688,5.936525463134945e-05,1.000059368779074,0.999960323951534,0.7357807215995705,9.99453313406894e-05,0.6000000000000001,0.0,5.996719880441365e-05,0.9899621095354568,0.2,0.4,1.4142135623730951,96
1.0,50.0,1.5,0.0135073843059079,1.0,0.999892010670475,0.000107989329525,1.00010800099248,0.9999277640735968,0.7357986093970057,0.0001824494307874,0.6000000000000001,0.0,0.0001094696584724,0.9864772671432396,0.2,0.4,1.4142135623730951,96
1.0,50.0,1.5,0.0182499322573664,1.0,0.9998038008180004,0.0001961991819995,1.0001962376836726,0.9998686065666332,0.7358310599878539,0.0003330600273984,0.6000000000000001,0.0,0.000199836016439,0.9818009060411148,0.2,0.4,1.4142135623730951,96
1.0,50.0,1.5,0.024657625773836,1.0,0.9996441237865524,0.0003558762134474,1.0003560029064138,0.9997613020871144,0.7358898018826501,0.0006079985088025,0.6000000000000001,0.0,0.0003647991052815,0.975540258446686,0.2,0.4,1.4142135623730951,96
1.0,50.0,1.5,0.0333151104468964,1.0,0.9993559150991218,0.0006440849008781,1.0006445000136055,0.9995670992187712,0.7359958279198988,0.0011098965840889,0.6000000000000001,0.0,0.0006659379504533,0.9671845559180462,0.2,0.4,1.4142135623730951,96
1.0,50.0,1.5,0.0450123054940112,1.0,0.9988377294042718,0.0011622705957281,1.0011636230405727,0.9992166822598022,0.7361864577038085,0.0020261076458861,0.6000000000000001,0.0,0.0012156645875317,0.9560783522435468,0.2,0.4,1.4142135623730951,96
1.0,50.0,1.5,0.0608164769291628,1.0,0.9979108681373452,0.0020891318626548,1.0020935054716402,0.9985869563736728,0.7365274304454155,0.0036986438660754,0.6000000000000001,0.0,0.0022191863196452,0.9413954313618752,0.2,0.4,1.4142135623730951,96
1.0,50.0,1.5,0.0821696161856783,1.0,0.9962643970920266,0.0037356029079733,1.0037496099618506,0.9974614593770252,0.7371331306509135,0.0067518458241016,0.6000000000000001,0.0,0.004051107494461,0.9221189299669222,0.2,0.4,1.4142135623730951,96
1.0,50.0,1.5,0.1110200091328213,1.0,0.993366176277778,0.006633823722222,1.006678125227778,0.995464609288069,0.7381993117474429,0.0123254424278517,0.6000000000000001,0.0,0.007395265456711,0.897036591999824,0.2,0.4,1.4142135623730951,96
1.0,50.0,1.5,0.15,1.0,0.988325704967974,0.0116742950320259,1.0118121940705815,0.9919565875391368,0.740053517349634,0.0225,0.6000000000000001,0.0,0.0135,0.8647625949648884,0.2,0.4,1.4142135623730951,96
1.0,55.0,1.5,0.003,1.0,0.9999946163614534,5.383638546629932e-06,1.0000053836675304,0.9999964081898268,0.7357608628728247,9e-06,0.6000000000000001,2.775557561562892e-17,5.400000000000001e-06,0.996970101227765,0.2,0.4,1.4142135623730951,96
1.0,55.0,1.5,0.0040533233920169,1.0,0.9999901826605456,9.817339454487596e-06,1.0000098174358356,0.999993448417487,0.7357624939402371,1.6429430520271774e-05,0.6000000000000001,2.775557561562892e-17,9.857658312163068e-06,0.9959098949873598,0.2,0.4,1.4142135623730951,96
1.0,55.0,1.5,0.0054764768400905,1.0,0.9999821042463246,1.789575367538987e-05,1.0000178960739392,0.999988053043896,0.7357654658227457,2.9991798580048604e-05,0.6000000000000001,2.775557561562892e-17,1.7995079148029164e-05,0.9944804092373124,0.2,0.4,1.4142135623730951,96
1.0,55.0,1.5,0.0073993105605927,1.0,0.9999673947086024,3.2605291397480585e-05,1.0000326063545373,0.9999782227086308,0.7357708771592613,5.474979677209931e-05,0.6000000000000001,2.775557561562892e-17,3.284987806325959e-05,0.9925544117604334,0.2,0.4,1.4142135623730951,96
1.0,55.0,1.5,0.0099972661933495,1.0,0.99994063475404,5.936524595995252e-05,1.0000593687704016,0.999960323951534,0.7357807215963806,9.99453313406894e-05,0.6000000000000001,2.775557561562892e-17,5.996719880441365e-05,0.9899619649331224,0.2,0.4,1.4142135623730951,96
1.0,55.0,1.5,0.0135073843059079,1.0,0.9998920106993664,0.0001079893006336,1.000108000963582,0.9999277640735968,0.735798609386377,0.0001824494307874,0.6000000000000001,2.775557561562892e-17,0.0001094696584724,0.9864770032212984,0.2,0.4,1.4142135623730951,96
1.0,55.0,1.5,0.0182499322573664,1.0,0.9998038009142516,0.0001961990857484,1.0001962375873836,0.9998686065666332,0.735831059952445,0.0003330600273984,0.6000000000000001,2.775557561562892e-17,0.000199836016439,0.98180042439061,0.2,0.4,1.4142135623730951,96
1.0,55.0,1.5,0.024657625773836,1.0,0.9996441241071344,0.0003558758928656,1.0003560025856038,0.9997613020871144,0.7358898017647146,0.0006079985088025,0.6000000000000001,2.775557561562892e-17,0.0003647991052815,0.9755393796567472,0.2,0.4,1.4142135623730951,96
1.0,55.0,1.5,0.0333151104468964,1.0,0.9993559161664036,0.0006440838335964,1.0006444989449477,0.9995670992187712,0.7359958275272678,0.0011098965840889,0.6000000000000001,2.775557561562892e-17,0.0006659379504533,0.9671829532436428,0.2,0.4,1.4142135623730951,96
1.0,55.0,1.5,0.0450123054940112,1.0,0.9988377329546276,0.0011622670453724,1.0011636194819498,0.9992166822598022,0.7361864563977066,0.0020261076458861,0.6000000000000001,2.775557561562892e-17,0.0012156645875317,0.9560754317375844,0.2,0.4,1.4142135623730951,96
1.0,55.0,1.5,0.0608164769291628,1.0,0.9979108799303946,0.0020891200696053,1.0020934936291617,0.9985869563736728,0.7365274261070046,0.0036986438660754,0.6000000000000001,2.775557561562892e-17,0.0022191863196452,0.941390117229699,0.2,0.4,1.4142135623730951,96
1.0,55.0,1.5,0.0821696161856783,1.0,0.9962644361589186,0.0037355638410814,1.0037495706014397,0.9974614593770252,0.7371331162791078,0.0067518458241016,0.6000000000000001,2.775557561562892e-17,0.004051107494461,0.9221092864578332,0.2,0.4,1.4142135623730951,96
1.0,55.0,1.5,0.1110200091328213,1.0,0.99336630505371,0.0066336949462899,1.0066779947261562,0.995464609288069,0.7381992643744721,0.0123254424278517,0.6000000000000001,2.775557561562892e-17,0.007395265456711,0.8970191787057517,0.2,0.4,1.4142135623730951,96
1.0,55.0,1.5,0.15,1.0,0.9883261255699622,0.0116738744300377,1.011811763473626,0.9919565875391368,0.7400533626294359,0.0225,0.6000000000000001,2.775557561562892e-17,0.0135,0.8647314392620559,0.2,0.4,1.4142135623730951,96
1.0,60.0,1.5,0.003,1.0,0.9999946163615604,5.38363843949341e-06,1.0000053836674232,0.9999964081898268,0.7357608628727852,9e-06,0.6000000000000001,0.0,5.400000000000001e-06,0.9969700813876684,0.2,0.4,1.4142135623730951,96
1.0,60.0,1.5,0.0040533233920169,1.0,0.9999901826609044,9.817339095663511e-06,1.0000098174354768,0.999993448417487,0.735762493940105,1.6429430520271774e-05,0.6000000000000001,0.0,9.857658312163068e-06,0.9959098585868202,0.2,0.4,1.4142135623730951,96
1.0,60.0,1.5,0.0054764768400905,1.0,0.999982104247521,1.7895752479013538e-05,1.0000178960727426,0.999988053043896,0.7357654658223056,2.9991798580048604e-05,0.6000000000000001,0.0,1.7995079148029164e-05,0.9944803427537852,0.2,0.4,1.4142135623730951,96
1.0,60.0,1.5,0.0073993105605927,1.0,0.9999673947125886,3.260528741144686e-05,1.000032606350551,0.9999782227086308,0.7357708771577948,5.474979677209931e-05,0.6000000000000001,0.0,3.284987806325959e-05,0.9925542904195348,0.2,0.4,1.4142135623730951,96
1.0,60.0,1.5,0.0099972661933495,1.0,0.999940634767326,5.936523267402461e-05,1.0000593687571142,0.999960323951534,0.7357807215914932,9.99453313406894e-05,0.6000000000000001,0.0,5.996719880441365e-05,0.9899617433798702,0.2,0.4,1.4142135623730951,96
1.0,60.0,1.5,0.0135073843059079,1.0,0.999892010743632,0.000107989256368,1.000108000919307,0.9999277640735968,0.7357986093700929,0.0001824494307874,0.6000000000000001,0.0,0.0001094696584724,0.986476598857278,0.2,0.4,1.4142135623730951,96
1.0,60.0,1.5,0.0182499322573664,1.0,0.9998038010617172,0.0001961989382828,1.00019623743986,0.9998686065666332,0.7358310598981953,0.0003330600273984,0.6000000000000001,0.0,0.000199836016439,0.9817996864575892,0.2,0.4,1.4142135623730951,96
1.0,60.0,1.5,0.024657625773836,1.0,0.9996441245982932,0.0003558754017067,1.000356002094095,0.9997613020871144,0.7358898015840273,0.0006079985088025,0.6000000000000001,0.0,0.0003647991052815,0.9755380332749052,0.2,0.4,1.4142135623730951,96
1.0,60.0,1.5,0.0333151104468964,1.0,0.9993559178015748,0.0006440821984252,1.000644497307668,0.9995670992187712,0.7359958269257223,0.0011098965840889,0.6000000000000001,0.0,0.0006659379504533,0.9671804978028326,0.2,0.4,1.4142135623730951,96
1.0,60.0,1.5,0.0450123054940112,1.0,0.9988377383940774,0.0011622616059225,1.0011636140298337,0.9992166822598022,0.736186454396646,0.0020261076458861,0.6000000000000001,0.0,0.0012156645875317,0.9560709572715628,0.2,0.4,1.4142135623730951,96
1.0,60.0,1.5,0.0608164769291628,1.0,0.9979108979983023,0.0020891020016975,1.0020934754855249,0.9985869563736728,0.7365274194602073,0.0036986438660754,0.6000000000000001,0.0,0.0022191863196452,0.9413819755483644,0.2,0.4,1.4142135623730951,96
1.0,60.0,1.5,0.0821696161856783,1.0,0.9962644960118484,0.0037355039881514,1.0037495102988263,0.9974614593770252,0.7371330942605993,0.0067518458241016,0.6000000000000001,0.0,0.004051107494461,0.9220945119967684,0.2,0.4,1.4142135623730951,96
1.0,60.0,1.5,0.1110200091328213,1.0,0.9933665023388004,0.0066334976611995,1.00667779479737,0.995464609288069,0.7381991917989471,0.0123254424278517,0.6000000000000001,0.0,0.007395265456711,0.8969925014902372,0.2,0.4,1.4142135623730951,96
1.0,60.0,1.5,0.15,1.0,0.988326769851446,0.0116732301485539,1.0118111038824826,0.9919565875391368,0.7400531256277992,0.0225,0.6000000000000001,0.0,0.0135,0.8646837147076981,0.2,0.4,1.4142135623730951,96
1.0,65.0,1.5,0.003,1.0,0.9999946163616932,5.383638306821759e-06,1.0000053836672906,0.9999964081898268,0.7357608628727366,9e-06,0.6000000000000001,0.0,5.400000000000001e-06,0.996970056818844,0.2,0.4,1.4142135623730951,96
1.0,65.0,1.5,0.0040533233920169,1.0,0.9999901826613452,9.817338654904972e-06,1.000009817435036,0.999993448417487,0.7357624939399429,1.6429430520271774e-05,0.6000000000000001,0.0,9.857658312163068e-06,0.9959098138745238,0.2,0.4,1.4142135623730951,96
1.0,65.0,1.5,0.0054764768400905,1.0,0.999982104248989,1.7895751010965633e-05,1.000017896071275,0.999988053043896,0.7357654658217655,2.9991798580048604e-05,0.6000000000000001,0.0,1.7995079148029164e-05,0.9944802611732658,0.2,0.4,1.4142135623730951,96
1.0,65.0,1.5,0.0073993105605927,1.0,0.99996739471748,3.2605282519915235e-05,1.000032606345659,0.9999782227086308,0.7357708771559953,5.474979677209931e-05,0.6000000000000001,0.0,3.284987806325959e-05,0.9925541415139096,0.2,0.4,1.4142135623730951,96
1.0,65.0,1.5,0.0099972661933495,1.0,0.999940634783622,5.936521637794901e-05,1.000059368740816,0.999960323951534,0.735780721585498,9.99453313406894e-05,0.6000000000000001,0.0,5.996719880441365e-05,0.9899614716300482,0.2,0.4,1.4142135623730951,96
1.0,65.0,1.5,0.0135073843059079,1.0,0.9998920107979302,0.0001079892020697,1.000108000864997,0.9999277640735968,0.7357986093501174,0.0001824494307874,0.6000000000000001,0.0,0.0001094696584724,0.9864761028455672,0.2,0.4,1.4142135623730951,96
1.0,65.0,1.5,0.0182499322573664,1.0,0.9998038012426124,0.0001961987573877,1.0001962372588942,0.9998686065666332,0.735831059831648,0.0003330600273984,0.6000000000000001,0.0,0.000199836016439,0.9817987812400016,0.2,0.4,1.4142135623730951,96
1.0,65.0,1.5,0.024657625773836,1.0,0.9996441252007896,0.0003558747992103,1.0003560014911697,0.9997613020871144,0.7358898013623814,0.0006079985088025,0.6000000000000001,0.0,0.0003647991052815,0.9755363816908488,0.2,0.4,1.4142135623730951,96
1.0,65.0,1.5,0.0333151104468964,1.0,0.9993559198074058,0.0006440801925942,1.0006444952992506,0.9995670992187712,0.7359958261878182,0.0011098965840889,0.6000000000000001,0.0,0.0006659379504533,0.9671774857638648,0.2,0.4,1.4142135623730951,96
1.0,65.0,1.5,0.0450123054940112,1.0,0.998837745066538,0.0011622549334621,1.0011636073418355,0.9992166822598022,0.7361864519419868,0.0020261076458861,0.6000000000000001,0.0,0.0012156645875317,0.956065468536807,0.2,0.4,1.4142135623730951,96
1.0,65.0,1.5,0.0608164769291628,1.0,0.997910920161718,0.0020890798382818,1.0020934532292154,0.9985869563736728,0.7365274113067602,0.0036986438660754,0.6000000000000001,0.0,0.0022191863196452,0.9413719883672692,0.2,0.4,1.4142135623730951,96
1.0,65.0,1.5,0.0821696161856783,1.0,0.9962645694306502,0.0037354305693497,1.0037494363284287,0.9974614593770252,0.7371330672515205,0.0067518458241016,0.6000000000000001,0.0,0.004051107494461,0.922076388853454,0.2,0.4,1.4142135623730951,96
1.0,65.0,1.5,0.1110200091328213,1.0,0.9933667443264884,0.0066332556735115,1.0066775495670623,0.995464609288069,0.7381991027786191,0.0123254424278517,0.6000000000000001,0.0,0.007395265456711,0.8969597795156962,0.2,0.4,1.4142135623730951,96
1.0,65.0,1.5,0.15,1.0,0.9883275599847752,0.0116724400152247,1.011810294974881,0.9919565875391368,0.7400528349739491,0.0225,0.6000000000000001,0.0,0.0135,0.8646251863129418,0.2,0.4,1.4142135623730951,96
1.0,70.0,1.5,0.003,1.0,0.9999946163618338,5.383638166156501e-06,1.00000538366715,0.9999964081898268,0.7357608628726847,9e-06,0.6000000000000001,0.0,5.400000000000001e-06,0.9969700307697223,0.2,0.4,1.4142135623730951,96
1.0,70.0,1.5,0.0040533233920169,1.0,0.999990182661814,9.817338185946768e-06,1.000009817434567,0.999993448417487,0.7357624939397703,1.6429430520271774e-05,0.6000000000000001,0.0,9.857658312163068e-06,0.9959097663015414,0.2,0.4,1.4142135623730951,96
1.0,70.0,1.5,0.0054764768400905,1.0,0.9999821042505512,1.7895749448881837e-05,1.0000178960697124,0.999988053043896,0.7357654658211911,2.9991798580048604e-05,0.6000000000000001,0.0,1.7995079148029164e-05,0.9944801743671016,0.2,0.4,1.4142135623730951,96
1.0,70.0,1.5,0.0073993105605927,1.0,0.999967394722684,3.260527731585583e-05,1.0000326063404543,0.9999782227086308,0.7357708771540808,5.474979677209931e-05,0.6000000000000001,0.0,3.284987806325959e-05,0.992553983094466,0.2,0.4,1.4142135623730951,96
1.0,70.0,1.5,0.0099972661933495,1.0,0.9999406348009642,5.936519903582127e-05,1.000059368723472,0.999960323951534,0.7357807215791182,9.99453313406894e-05,0.6000000000000001,0.0,5.996719880441365e-05,0.9899611824364878,0.2,0.4,1.4142135623730951,96
1.0,70.0,1.5,0.0135073843059079,1.0,0.9998920108557132,0.0001079891442868,1.0001080008072016,0.9999277640735968,0.7357986093288602,0.0001824494307874,0.6000000000000001,0.0,0.0001094696584724,0.9864755750016844,0.2,0.4,1.4142135623730951,96
1.0,70.0,1.5,0.0182499322573664,1.0,0.999803801435115,0.0001961985648849,1.0001962370663158,0.9998686065666332,0.7358310597608302,0.0003330600273984,0.6000000000000001,0.0,0.000199836016439,0.9817978179362143,0.2,0.4,1.4142135623730951,96
1.0,70.0,1.5,0.024657625773836,1.0,0.9996441258419524,0.0003558741580476,1.0003560008495502,0.9997613020871144,0.7358898011265106,0.0006079985088025,0.6000000000000001,0.0,0.0003647991052815,0.975534624113102,0.2,0.4,1.4142135623730951,96
1.0,70.0,1.5,0.0333151104468964,1.0,0.999355921941966,0.0006440780580339,1.000644493161938,0.9995670992187712,0.7359958254025576,0.0011098965840889,0.6000000000000001,0.0,0.0006659379504533,0.967174280419726,0.2,0.4,1.4142135623730951,96
1.0,70.0,1.5,0.0450123054940112,1.0,0.9988377521672028,0.001162247832797,1.0011636002246365,0.9992166822598022,0.7361864493297997,0.0020261076458861,0.6000000000000001,0.0,0.0012156645875317,0.9560596275629654,0.2,0.4,1.4142135623730951,96
1.0,70.0,1.5,0.0608164769291628,1.0,0.9979109437473463,0.0020890562526535,1.0020934295447337,0.9985869563736728,0.7365274026301115,0.0036986438660754,0.6000000000000001,0.0,0.0022191863196452,0.9413613603149374,0.2,0.4,1.4142135623730951,96
1.0,70.0,1.5,0.0821696161856783,1.0,0.9962646475592664,0.0037353524407336,1.003749357612844,0.9974614593770252,0.7371330385098098,0.0067518458241016,0.6000000000000001,0.0,0.004051107494461,0.9220571031109158,0.2,0.4,1.4142135623730951,96
1.0,70.0,1.5,0.1110200091328213,1.0,0.9933670018222696,0.0066329981777303,1.0066772886209856,0.995464609288069,0.7381990080533081,0.0123254424278517,0.6000000000000001,0.0,0.007395265456711,0.8969249605111912,0.2,0.4,1.4142135623730951,96
1.0,70.0,1.5,0.15,1.0,0.9883284005917536,0.0116715994082464,1.0118094343957516,0.9919565875391368,0.7400525257531535,0.0225,0.6000000000000001,0.0,0.0135,0.864562919129368,0.2,0.4,1.4142135623730951,96
1.0,75.0,1.5,0.003,1.0,0.9999946163619656,5.383638034262006e-06,1.000005383667018,0.9999964081898268,0.7357608628726362,9e-06,0.6000000000000001,0.0,5.400000000000001e-06,0.9969700063448158,0.2,0.4,1.4142135623730951,96
1.0,75.0,1.5,0.0040533233920169,1.0,0.9999901826622536,9.817337746409471e-06,1.0000098174341274,0.999993448417487,0.7357624939396085,1.6429430520271774e-05,0.6000000000000001,0.0,9.857658312163068e-06,0.995909721713133,0.2,0.4,1.4142135623730951,96
1.0,75.0,1.5,0.0054764768400905,1.0,0.9999821042520186,1.7895747981389043e-05,1.0000178960682449,0.999988053043896,0.7357654658206509,2.9991798580048604e-05,0.6000000000000001,0.0,1.7995079148029164e-05,0.99448009281743,0.2,0.4,1.4142135623730951,96
1.0,75.0,1.5,0.0073993105605927,1.0,0.9999673947275746,3.260527242543443e-05,1.0000326063355638,0.9999782227086308,0.7357708771522816,5.474979677209931e-05,0.6000000000000001,0.0,3.284987806325959e-05,0.992553834222638,0.2,0.4,1.4142135623730951,96
1.0,75.0,1.5,0.0099972661933495,1.0,0.999940634817261,5.9365182738968514e-05,1.000059368707173,0.999960323951534,0.7357807215731229,9.99453313406894e-05,0.6000000000000001,0.0,5.996719880441365e-05,0.989960910673706,0.2,0.4,1.4142135623730951,96
1.0,75.0,1.5,0.0135073843059079,1.0,0.999892010910012,0.0001079890899878,1.0001080007528909,0.9999277640735968,0.735798609308885,0.0001824494307874,0.6000000000000001,0.0,0.0001094696584724,0.9864750789828745,0.2,0.4,1.4142135623730951,96
1.0,75.0,1.5,0.0182499322573664,1.0,0.9998038016160092,0.0001961983839908,1.0001962368853508,0.9998686065666332,0.735831059694283,0.0003330600273984,0.6000000000000001,0.0,0.000199836016439,0.981796912723627,0.2,0.4,1.4142135623730951,96
1.0,75.0,1.5,0.024657625773836,1.0,0.9996441264444488,0.0003558735555511,1.0003560002466247,0.9997613020871144,0.7358898009048648,0.0006079985088025,0.6000000000000001,0.0,0.0003647991052815,0.975532972528741,0.2,0.4,1.4142135623730951,96
1.0,75.0,1.5,0.0333151104468964,1.0,0.9993559239477956,0.0006440760522044,1.0006444911535222,0.9995670992187712,0.7359958246646543,0.0011098965840889,0.6000000000000001,0.0,0.0006659379504533,0.9671712683830924,0.2,0.4,1.4142135623730951,96
1.0,75.0,1.5,0.0450123054940112,1.0,0.9988377588396316,0.0011622411603684,1.0011635935366707,0.9992166822598022,0.736186446875152,0.0020261076458861,0.6000000000000001,0.0,0.0012156645875317,0.95605413885442,0.2,0.4,1.4142135623730951,96
1.0,75.0,1.5,0.0608164769291628,1.0,0.997910965910412,0.002089034089588,1.0020934072887775,0.9985869563736728,0.736527394476793,0.0036986438660754,0.6000000000000001,0.0,0.0022191863196452,0.9413513732916318,0.2,0.4,1.4142135623730951,96
1.0,75.0,1.5,0.0821696161856783,1.0,0.9962647209742336,0.0037352790257663,1.0037492836463322,0.9974614593770252,0.7371330115021415,0.0067518458241016,0.6000000000000001,0.0,0.004051107494461,0.9220389809141024,0.2,0.4,1.4142135623730951,96
1.0,75.0,1.5,0.1110200091328213,1.0,0.9933672437683704,0.0066327562316296,1.0066770434330692,0.995464609288069,0.7381989190482783,0.0123254424278517,0.6000000000000001,0.0,0.007395265456711,0.896892244160152,0.2,0.4,1.4142135623730951,96
1.0,75.0,1.5,0.15,1.0,0.9883291902832868,0.0116708097167131,1.0118086259431112,0.9919565875391368,0.7400522352618143,0.0225,0.6000000000000001,0.0,0.0135,0.8645044234602364,0.2,0.4,1.4142135623730951,96
1.0,80.0,1.5,0.003,1.0,0.999994616362074,5.383637925904239e-06,1.0000053836669096,0.9999964081898268,0.7357608628725965,9e-06,0.6,-2.775557561562892e-17,5.4e-06,0.9969699862785628,0.1999999999999999,0.4,1.4142135623730951,96
1.0,80.0,1.5,0.0040533233920169,1.0,0.9999901826626132,9.817337386919256e-06,1.000009817433768,0.999993448417487,0.7357624939394763,1.6429430520271774e-05,0.6,-2.775557561562892e-17,9.857658312163063e-06,0.9959096852450182,0.1999999999999999,0.4,1.4142135623730951,96
1.0,80.0,1.5,0.0054764768400905,1.0,0.9999821042532148,1.7895746785123734e-05,1.0000178960670487,0.999988053043896,0.735765465820211,2.9991798580048604e-05,0.6,-2.775557561562892e-17,1.799507914802916e-05,0.9944800263400728,0.1999999999999999,0.4,1.4142135623730951,96
1.0,80.0,1.5,0.0073993105605927,1.0,0.9999673947315624,3.260526843773537e-05,1.000032606331576,0.9999782227086308,0.7357708771508149,5.474979677209931e-05,0.6,-2.775557561562892e-17,3.2849878063259583e-05,0.992553712831044,0.1999999999999999,0.4,1.4142135623730951,96
1.0,80.0,1.5,0.0099972661933495,1.0,0.999940634830547,5.93651694530406e-05,1.0000593686938857,0.999960323951534,0.7357807215682355,9.99453313406894e-05,0.6,-2.775557561562892e-17,5.996719880441364e-05,0.9899606891204542,0.1999999999999999,0.4,1.4142135623730951,96
1.0,80.0,1.5,0.0135073843059079,1.0,0.9998920109542768,0.0001079890457232,1.0001080007086167,0.9999277640735968,0.7357986092926007,0.0001824494307874,0.6,-2.775557561562892e-17,0.0001094696584724,0.986474674627982,0.1999999999999999,0.4,1.4142135623730951,96
1.0,80.0,1.5,0.0182499322573664,1.0,0.9998038017634744,0.0001961982365257,1.0001962367378276,0.9998686065666332,0.7358310596400334,0.0003330600273984,0.6,-2.775557561562892e-17,0.000199836016439,0.9817961747928284,0.1999999999999999,0.4,1.4142135623730951,96
1.0,80.0,1.5,0.024657625773836,1.0,0.999644126935608,0.0003558730643921,1.000355999755116,0.9997613020871144,0.7358898007241774,0.0006079985088025,0.6,-2.775557561562892e-17,0.0003647991052815,0.9755316261465948,0.1999999999999999,0.4,1.4142135623730951,96
1.0,80.0,1.5,0.0333151104468964,1.0,0.9993559255829616,0.0006440744170385,1.000644489516248,0.9995670992187712,0.7359958240631105,0.0011098965840889,0.6,-2.775557561562892e-17,0.0006659379504533,0.9671688129502848,0.1999999999999999,0.4,1.4142135623730951,96
1.0,80.0,1.5,0.0450123054940112,1.0,0.9988377642790338,0.0011622357209661,1.0011635880846026,0.9992166822598022,0.7361864448741092,0.0020261076458861,0.6,-2.775557561562892e-17,0.0012156645875317,0.956049664427578,0.1999999999999999,0.4,1.4142135623730951,96
1.0,80.0,1.5,0.0608164769291628,1.0,0.9979109839777832,0.0020890160222166,1.0020933891456827,0.9985869563736728,0.7365273878301932,0.0036986438660754,0.6,-2.775557561562892e-17,0.0022191863196452,0.9413432318520344,0.1999999999999999,0.4,1.4142135623730951,96
1.0,80.0,1.5,0.0821696161856783,1.0,0.99626478082129,0.0037352191787098,1.0037492233496708,0.9974614593770252,0.7371329894857939,0.0067518458241016,0.6,-2.775557561562892e-17,0.004051107494461,0.922024207902894,0.1999999999999999,0.4,1.4142135623730951,96
1.0,80.0,1.5,0.1110200091328213,1.0,0.993367440989747,0.0066325590102529,1.0066768435692282,0.995464609288069,0.7381988464961915,0.0123254424278517,0.6,-2.775557561562892e-17,0.007395265456711,0.8968655755601095,0.1999999999999999,0.4,1.4142135623730951,96
1.0,80.0,1.5,0.15,1.0,0.988329833887896,0.0116701661121041,1.0118079670490123,0.9919565875391368,0.7400519985091605,0.0225,0.6,-2.775557561562892e-17,0.0135,0.8644567490447512,0.1999999999999999,0.4,1.4142135623730951,96
1.0,85.0,1.5,0.003,1.0,0.9999946163621444,5.383637855627121e-06,1.0000053836668394,0.9999964081898268,0.7357608628725706,9e-06,0.6000000000000001,0.0,5.400000000000001e-06,0.9969699732642816,0.2,0.4,1.4142135623730951,96
1.0,85.0,1.5,0.0040533233920169,1.0,0.9999901826628476,9.817337152440151e-06,1.0000098174335337,0.999993448417487,0.7357624939393902,1.6429430520271774e-05,0.6000000000000001,0.0,9.857658312163068e-06,0.9959096614585268,0.2,0.4,1.4142135623730951,96
1.0,85.0,1.5,0.0054764768400905,1.0,0.999982104253996,1.7895746003970814e-05,1.0000178960662671,0.999988053043896,0.7357654658199236,2.9991798580048604e-05,0.6000000000000001,0.0,1.7995079148029164e-05,0.9944799829308208,0.2,0.4,1.4142135623730951,96
1.0,85.0,1.5,0.0073993105605927,1.0,0.9999673947341644,3.2605265835594643e-05,1.0000326063289735,0.9999782227086308,0.7357708771498574,5.474979677209931e-05,0.6000000000000001,0.0,3.284987806325959e-05,0.9925536336179424,0.2,0.4,1.4142135623730951,96
1.0,85.0,1.5,0.0099972661933495,1.0,0.999940634839218,5.936516078186571e-05,1.0000593686852135,0.999960323951534,0.7357807215650455,9.99453313406894e-05,0.6000000000000001,0.0,5.996719880441365e-05,0.9899605445218224,0.2,0.4,1.4142135623730951,96
1.0,85.0,1.5,0.0135073843059079,1.0,0.9998920109831684,0.0001079890168315,1.0001080006797187,0.9999277640735968,0.7357986092819722,0.0001824494307874,0.6000000000000001,0.0,0.0001094696584724,0.9864744107029978,0.2,0.4,1.4142135623730951,96
1.0,85.0,1.5,0.0182499322573664,1.0,0.9998038018597256,0.0001961981402743,1.0001962366415384,0.9998686065666332,0.7358310596046245,0.0003330600273984,0.6000000000000001,0.0,0.000199836016439,0.9817956931412124,0.2,0.4,1.4142135623730951,96
1.0,85.0,1.5,0.024657625773836,1.0,0.9996441272561896,0.0003558727438105,1.000355999434306,0.9997613020871144,0.735889800606242,0.0006079985088025,0.6000000000000001,0.0,0.0003647991052815,0.9755307473572647,0.2,0.4,1.4142135623730951,96
1.0,85.0,1.5,0.0333151104468964,1.0,0.9993559266502392,0.0006440733497606,1.000644488447594,0.9995670992187712,0.735995823670481,0.0011098965840889,0.6000000000000001,0.0,0.0006659379504533,0.967167210281716,0.2,0.4,1.4142135623730951,96
1.0,85.0,1.5,0.0450123054940112,1.0,0.9988377678293452,0.0011622321706546,1.001163584526024,0.9992166822598022,0.7361864435680235,0.0020261076458861,0.6000000000000001,0.0,0.0012156645875317,0.9560467439579632,0.2,0.4,1.4142135623730951,96
1.0,85.0,1.5,0.0608164769291628,1.0,0.9979109957703624,0.0020890042296375,1.002093377303679,0.9985869563736728,0.7365273834919551,0.0036986438660754,0.6000000000000001,0.0,0.0022191863196452,0.9413379179317783,0.2,0.4,1.4142135623730951,96
1.0,85.0,1.5,0.0821696161856783,1.0,0.9962648198830156,0.0037351801169842,1.0037491839944954,0.9974614593770252,0.7371329751158885,0.0067518458241016,0.6000000000000001,0.0,0.004051107494461,0.9220145656690888,0.2,0.4,1.4142135623730951,96
1.0,85.0,1.5,0.1110200091328213,1.0,0.9933675697096483,0.0066324302903516,1.00667671312472,0.995464609288069,0.7381987991438324,0.0123254424278517,0.6000000000000001,0.0,0.007395265456711,0.8968481698426206,0.2,0.4,1.4142135623730951,96
1.0,85.0,1.5,0.15,1.0,0.9883302538946448,0.0116697461053553,1.011807537065034,0.9919565875391368,0.7400518440079161,0.0225,0.6000000000000001,0.0,0.0135,0.864425637433727,0.2,0.4,1.4142135623730951,96
1.0,90.0,1.5,0.003,1.0,0.999994616362168,5.383637832090393e-06,1.000005383666816,0.9999964081898268,0.7357608628725617,9e-06,0.6000000000000001,0.0,5.400000000000001e-06,0.9969699689056284,0.2,0.4,1.4142135623730951,96
1.0,90.0,1.5,0.0040533233920169,1.0,0.999990182662929,9.817337070949785e-06,1.000009817433452,0.999993448417487,0.7357624939393602,1.6429430520271774e-05,0.6000000000000001,0.0,9.857658312163068e-06,0.9959096531918202,0.2,0.4,1.4142135623730951,96
1.0,90.0,1.5,0.0054764768400905,1.0,0.9999821042542668,1.789574573329844e-05,1.000017896065997,0.999988053043896,0.7357654658198239,2.9991798580048604e-05,0.6000000000000001,0.0,1.7995079148029164e-05,0.9944799678893548,0.2,0.4,1.4142135623730951,96
1.0,90.0,1.5,0.0073993105605927,1.0,0.999967394735068,3.26052649318731e-05,1.0000326063280698,0.9999782227086308,0.735770877149525,5.474979677209931e-05,0.6000000000000001,0.0,3.284987806325959e-05,0.992553606107291,0.2,0.4,1.4142135623730951,96
1.0,90.0,1.5,0.0099972661933495,1.0,0.9999406348422294,5.93651577706078e-05,1.0000593686822017,0.999960323951534,0.7357807215639376,9.99453313406894e-05,0.6000000000000001,0.0,5.996719880441365e-05,0.9899604943067386,0.2,0.4,1.4142135623730951,96
1.0,90.0,1.5,0.0135073843059079,1.0,0.9998920109932036,0.0001079890067964,1.0001080006696814,0.9999277640735968,0.7357986092782806,0.0001824494307874,0.6000000000000001,0.0,0.0001094696584724,0.9864743190329952,0.2,0.4,1.4142135623730951,96
1.0,90.0,1.5,0.0182499322573664,1.0,0.9998038018931548,0.0001961981068452,1.0001962366080963,0.9998686065666332,0.7358310595923269,0.0003330600273984,0.6000000000000001,0.0,0.000199836016439,0.9817955258583124,0.2,0.4,1.4142135623730951,96
1.0,90.0,1.5,0.024657625773836,1.0,0.9996441273675252,0.0003558726324747,1.000355999322891,0.9997613020871144,0.7358898005652837,0.0006079985088025,0.6000000000000001,0.0,0.0003647991052815,0.9755304421596154,0.2,0.4,1.4142135623730951,96
1.0,90.0,1.5,0.0333151104468964,1.0,0.9993559270209024,0.0006440729790976,1.0006444880764531,0.9995670992187712,0.7359958235341219,0.0011098965840889,0.6000000000000001,0.0,0.0006659379504533,0.967166653678724,0.2,0.4,1.4142135623730951,96
1.0,90.0,1.5,0.0450123054940112,1.0,0.998837769062354,0.0011622309376461,1.0011635832901444,0.9992166822598022,0.7361864431144252,0.0020261076458861,0.6000000000000001,0.0,0.0012156645875317,0.9560457296908728,0.2,0.4,1.4142135623730951,96
1.0,90.0,1.5,0.0608164769291628,1.0,0.9979109998658702,0.0020890001341298,1.0020933731910069,0.9985869563736728,0.7365273819853053,0.0036986438660754,0.6000000000000001,0.0,0.0022191863196452,0.9413360724320678,0.2,0.4,1.4142135623730951,96
1.0,90.0,1.5,0.0821696161856783,1.0,0.9962648334488876,0.0037351665511122,1.003749170326711,0.9974614593770252,0.7371329701253181,0.0067518458241016,0.6000000000000001,0.0,0.004051107494461,0.922011216986784,0.2,0.4,1.4142135623730951,96
1.0,90.0,1.5,0.1110200091328213,1.0,0.993367614412269,0.006632385587731,1.0066766678231756,0.995464609288069,0.7381987826990205,0.0123254424278517,0.6000000000000001,0.0,0.007395265456711,0.8968421250804864,0.2,0.4,1.4142135623730951,96
1.0,90.0,1.5,0.15,1.0,0.988330399747369,0.0116696002526309,1.011807387747674,0.9919565875391368,0.7400517903553792,0.0225,0.6000000000000001,0.0,0.0135,0.8644148335282202,0.2,0.4,1.4142135623730951,96
1.0,0.0,2.5,0.003,1.0,0.9999985000097176,1.4999902824275324e-06,1.0000014999925324,0.9999988000038484,0.8583857306102851,9e-06,0.1666666666666666,0.0,1.5e-06,0.9999935216183548,0.2,0.4,1.4142135623730951,96
1.0,0.0,2.5,0.0040533233920169,1.0,0.9999972617939348,2.7382060652225704e-06,1.000002738213563,0.9999978094220796,0.8583860342860502,1.6429430520271774e-05,0.1666666666666666,0.0,2.7382384200452954e-06,0.999988184073933,0.2,0.4,1.4142135623730951,96
1.0,0.0,2.5,0.0054764768400905,1.0,0.9999950014745762,4.998525423793865e-06,1.0000049985504091,0.9999960011361876,0.8583865886349933,2.9991798580048604e-05,0.1666666666666666,0.0,4.998633096674767e-06,0.9999784595350728,0.2,0.4,1.4142135623730951,96
1.0,0.0,2.5,0.0073993105605927,1.0,0.9999908753919984,9.124608001731538e-06,1.000009124691261,0.9999927001690788,0.8583876005653889,5.474979677209931e-05,0.1666666666666666,0.0,9.124966128683216e-06,0.9999607530650932,0.2,0.4,1.4142135623730951,96
1.0,0.0,2.5,0.0099972661933495,1.0,0.999983343635132,1.6656364868139484e-05,1.0000166566423072,0.9999866744280834,0.8583894477391543,9.99453313406894e-05,0.1666666666666666,0.0,1.665755522344823e-05,0.9999285396150408,0.2,0.4,1.4142135623730951,96
1.0,0.0,2.5,0.0135073843059079,1.0,0.999969595714522,3.040428547795848e-05,1.0000304052099267,0.9999756749790438,0.858392819417719,0.0001824494307874,0.1666666666666666,0.0,3.040823846458145e-05,0.9998700027748214,0.2,0.4,1.4142135623730951,96
1.0,0.0,2.5,0.0182499322573664,1.0,0.9999445031067098,5.5496893290207794e-05,1.0000554999733664,0.9999555972098592,0.8583989733219134,0.0003330600273984,0.1666666666666666,0.0,5.551000456641073e-05,0.999763803366522,0.2,0.4,1.4142135623730951,96
1.0,0.0,2.5,0.024657625773836,1.0,0.9998987103316116,0.0001012896683884,1.0001012999290246,0.9999189508261452,0.8584102036953428,0.0006079985088025,0.1666666666666666,0.0,0.0001013330848004,0.9995715475147664,0.2,0.4,1.4142135623730951,96
1.0,0.0,2.5,0.0333151104468964,1.0,0.9998151606882504,0.0001848393117496,1.0001848734836372,0.999852071063472,0.8584306930267809,0.0011098965840889,0.1666666666666666,0.0,0.0001849827640148,0.9992245100998228,0.2,0.4,1.4142135623730951,96
1.0,0.0,2.5,0.0450123054940112,1.0,0.9996627879757264,0.0003372120242736,1.000337325774581,0.999730041588092,0.8584680580071146,0.0020261076458861,0.1666666666666666,0.0,0.0003376846076476,0.998600518461956,0.2,0.4,1.4142135623730951,96
1.0,0.0,2.5,0.0608164769291628,1.0,0.9993851100701492,0.0006148899298509,1.0006152682521032,0.999507471157588,0.8585361431178122,0.0036986438660754,0.1666666666666666,0.0,0.0006164406443459,0.9974844058236628,0.2,0.4,1.4142135623730951,96
1.0,0.0,2.5,0.0821696161856783,1.0,0.9988797540048994,0.0011202459951006,1.0011215023536209,0.9991018009261204,0.8586600293778764,0.0067518458241016,0.1666666666666666,0.0,0.0011253076373502,0.9955019924493124,0.2,0.4,1.4142135623730951,96
1.0,0.0,2.5,0.1110200091328213,1.0,0.9979621654555598,0.0020378345444401,1.0020419957940088,0.9983632914022188,0.8588848927232059,0.0123254424278517,0.1666666666666666,0.0,0.0020542404046419,0.9920136610278384,0.2,0.4,1.4142135623730951,96
1.0,0.0,2.5,0.15,1.0,0.9963026822161212,0.0036973177838788,1.0037110386731618,0.9970216705242936,0.85929130063816,0.0225,0.1666666666666666,0.0,0.00375,0.9859514090343544,0.2,0.4,1.4142135623730951,96
1.0,5.0,2.5,0.003,1.0,0.9999985000097144,1.4999902855361569e-06,1.0000014999925355,0.9999988000038484,0.8583857306102861,9e-06,0.1666666666666666,0.0,1.5e-06,0.9999935236907712,0.2,0.4,1.4142135623730951,96
1.0,5.0,2.5,0.0040533233920169,1.0,0.9999972617939232,2.738206076879912e-06,1.0000027382135748,0.9999978094220796,0.8583860342860532,1.6429430520271774e-05,0.1666666666666666,0.0,2.7382384200452954e-06,0.9999881883311744,0.2,0.4,1.4142135623730951,96
1.0,5.0,2.5,0.0054764768400905,1.0,0.9999950014745366,4.998525463428827e-06,1.0000049985504489,0.9999960011361876,0.8583865886350031,2.9991798580048604e-05,0.1666666666666666,0.0,4.998633096674767e-06,0.9999784674642328,0.2,0.4,1.4142135623730951,96
1.0,5.0,2.5,0.0073993105605927,1.0,0.9999908753918696,9.124608130517409e-06,1.0000091246913898,0.9999927001690788,0.8583876005654206,5.474979677209931e-05,0.1666666666666666,0.0,9.124966128683216e-06,0.9999607671786656,0.2,0.4,1.4142135623730951,96
1.0,5.0,2.5,0.0099972661933495,1.0,0.999983343634704,1.6656365296019437e-05,1.000016656642735,0.9999866744280834,0.8583894477392595,9.99453313406894e-05,0.1666666666666666,0.0,1.665755522344823e-05,0.9999285653018806,0.2,0.4,1.4142135623730951,96
1.0,5.0,2.5,0.0135073843059079,1.0,0.9999695957130884,3.040428691147845e-05,1.0000304052113602,0.9999756749790438,0.8583928194180707,0.0001824494307874,0.1666666666666666,0.0,3.040823846458145e-05,0.999870049917308,0.2,0.4,1.4142135623730951,96
1.0,5.0,2.5,0.0182499322573664,1.0,0.9999445031019348,5.5496898065166e-05,1.0000554999781417,0.9999555972098592,0.8583989733230843,0.0003330600273984,0.1666666666666666,0.0,5.551000456641073e-05,0.9997638893862988,0.2,0.4,1.4142135623730951,96
1.0,5.0,2.5,0.024657625773836,1.0,0.9998987103157084,0.0001012896842914,1.0001012999449308,0.9999189508261452,0.8584102036992425,0.0006079985088025,0.1666666666666666,0.0,0.0001013330848004,0.9995717044532104,0.2,0.4,1.4142135623730951,96
1.0,5.0,2.5,0.0333151104468964,1.0,0.9998151606353232,0.0001848393646768,1.000184873536584,0.999852071063472,0.8584306930397602,0.0011098965840889,0.1666666666666666,0.0,0.0001849827640148,0.9992247962195512,0.2,0.4,1.4142135623730951,96
1.0,5.0,2.5,0.0450123054940112,1.0,0.9996627877997312,0.0003372122002689,1.000337325950695,0.999730041588092,0.8584680580502702,0.0020261076458861,0.1666666666666666,0.0,0.0003376846076476,0.9986010396445192,0.2,0.4,1.4142135623730951,96
1.0,5.0,2.5,0.0608164769291628,1.0,0.9993851094859724,0.0006148905140275,1.000615268836999,0.999507471157588,0.8585361432610393,0.0036986438660754,0.1666666666666666,0.0,0.0006164406443459,0.9974853534844008,0.2,0.4,1.4142135623730951,96
1.0,5.0,2.5,0.0821696161856783,1.0,0.9988797520721668,0.0011202479278332,1.001121504290691,0.9991018009261204,0.8586600298516189,0.0067518458241016,0.1666666666666666,0.0,0.0011253076373502,0.995503709964218,0.2,0.4,1.4142135623730951,96
1.0,5.0,2.5,0.1110200091328213,1.0,0.9979621590995064,0.0020378409004937,1.002042002176047,0.9983632914022188,0.8588848942804554,0.0123254424278517,0.1666666666666666,0.0,0.0020542404046419,0.9920167551416323,0.2,0.4,1.4142135623730951,96
1.0,5.0,2.5,0.15,1.0,0.9963026615441472,0.0036973384558528,1.00371105949885,0.9970216705242936,0.8592913056986159,0.0225,0.1666666666666666,0.0,0.00375,0.98595692156076,0.2,0.4,1.4142135623730951,96
1.0,10.0,2.5,0.003,1.0,0.999998500009706,1.4999902940848742e-06,1.000001499992544,0.9999988000038484,0.8583857306102886,9e-06,0.1666666666666666,-1.3877787807814457e-17,1.5e-06,0.999993529389916,0.1999999999999999,0.4,1.4142135623730951,96
1.0,10.0,2.5,0.0040533233920169,1.0,0.99999726179389,2.738206110075581e-06,1.000002738213608,0.9999978094220796,0.8583860342860614,1.6429430520271774e-05,0.1666666666666666,-1.3877787807814457e-17,2.7382384200452954e-06,0.9999882004541758,0.1999999999999999,0.4,1.4142135623730951,96
1.0,10.0,2.5,0.0054764768400905,1.0,0.9999950014744264,4.9985255734519285e-06,1.0000049985505588,0.9999960011361876,0.8583865886350303,2.9991798580048604e-05,0.1666666666666666,-1.3877787807814457e-17,4.998633096674767e-06,0.9999784894748706,0.1999999999999999,0.4,1.4142135623730951,96
1.0,10.0,2.5,0.0073993105605927,1.0,0.9999908753914986,9.12460850144292e-06,1.0000091246917606,0.9999927001690788,0.8583876005655118,5.474979677209931e-05,0.1666666666666666,-1.3877787807814457e-17,9.124966128683216e-06,0.9999608078281876,0.1999999999999999,0.4,1.4142135623730951,96
1.0,10.0,2.5,0.0099972661933495,1.0,0.9999833436334662,1.6656366533807088e-05,1.000016656643973,0.9999866744280834,0.8583894477395635,9.99453313406894e-05,0.1666666666666666,-1.3877787807814457e-17,1.665755522344823e-05,0.9999286396097627,0.1999999999999999,0.4,1.4142135623730951,96
1.0,10.0,2.5,0.0135073843059079,1.0,0.99996959570896,3.0404291040064813e-05,1.0000304052154891,0.9999756749790438,0.8583928194190829,0.0001824494307874,0.1666666666666666,-1.3877787807814457e-17,3.040823846458145e-05,0.9998701856892752,0.1999999999999999,0.4,1.4142135623730951,96
1.0,10.0,2.5,0.0182499322573664,1.0,0.999944503088186,5.549691181405692e-05,1.0000554999918922,0.9999555972098592,0.8583989733264562,0.0003330600273984,0.1666666666666666,-1.3877787807814457e-17,5.551000456641073e-05,0.9997641370694152,0.1999999999999999,0.4,1.4142135623730951,96
1.0,10.0,2.5,0.024657625773836,1.0,0.999898710269924,0.0001012897300759,1.0001012999907246,0.9999189508261452,0.858410203710471,0.0006079985088025,0.1666666666666666,-1.3877787807814457e-17,0.0001013330848004,0.999572156274917,0.1999999999999999,0.4,1.4142135623730951,96
1.0,10.0,2.5,0.0333151104468964,1.0,0.9998151604829286,0.0001848395170713,1.0001848736890349,0.999852071063472,0.8584306930771323,0.0011098965840889,0.1666666666666666,-1.3877787807814457e-17,0.0001849827640148,0.9992256200505834,0.1999999999999999,0.4,1.4142135623730951,96
1.0,10.0,2.5,0.0450123054940112,1.0,0.9996627872929756,0.0003372127070243,1.0003373264577924,0.999730041588092,0.8584680581745322,0.0020261076458861,0.1666666666666666,-1.3877787807814457e-17,0.0003376846076476,0.998602540321198,0.1999999999999999,0.4,1.4142135623730951,96
1.0,10.0,2.5,0.0608164769291628,1.0,0.9993851078038956,0.0006148921961044,1.0006152705211464,0.999507471157588,0.8585361436734466,0.0036986438660754,0.1666666666666666,-1.3877787807814457e-17,0.0006164406443459,0.9974880821768348,0.1999999999999999,0.4,1.4142135623730951,96
1.0,10.0,2.5,0.0821696161856783,1.0,0.9988797465070648,0.001120253492935,1.0011215098682824,0.9991018009261204,0.8586600312157113,0.0067518458241016,0.1666666666666666,-1.3877787807814457e-17,0.0011253076373502,0.9955086553690468,0.1999999999999999,0.4,1.4142135623730951,96
1.0,10.0,2.5,0.1110200091328213,1.0,0.9979621407978108,0.0020378592021892,1.0020420205525633,0.9983632914022188,0.8588848987644176,0.0123254424278517,0.1666666666666666,-1.3877787807814457e-17,0.0020542404046419,0.9920256643693212,0.1999999999999999,0.4,1.4142135623730951,96
1.0,10.0,2.5,0.15,1.0,0.9963026020198192,0.0036973979801806,1.0037111194657975,0.9970216705242936,0.8592913202700454,0.0225,0.1666666666666666,-1.3877787807814457e-17,0.00375,0.98597279471484,0.1999999999999999,0.4,1.4142135623730951,96
1.0,15.0,2.5,0.003,1.0,0.999998500009691,1.4999903089618627e-06,1.0000014999925588,0.9999988000038484,0.8583857306102923,9e-06,0.1666666666666666,1.3877787807814457e-17,1.5e-06,0.9999935393079084,0.2,0.4,1.4142135623730951,96
1.0,15.0,2.5,0.0040533233920169,1.0,0.9999972617938389,2.738206161256862e-06,1.0000027382136591,0.9999978094220796,0.858386034286074,1.6429430520271774e-05,0.1666666666666666,1.3877787807814457e-17,2.7382384200452954e-06,0.9999882191454924,0.2,0.4,1.4142135623730951,96
1.0,15.0,2.5,0.0054764768400905,1.0,0.9999950014742544,4.99852574564752e-06,1.000004998550731,0.9999960011361876,0.8583865886350722,2.9991798580048604e-05,0.1666666666666666,1.3877787807814457e-17,4.998633096674767e-06,0.9999785239234064,0.2,0.4,1.4142135623730951,96
1.0,15.0,2.5,0.0073993105605927,1.0,0.9999908753909283,9.124609071542444e-06,1.0000091246923308,0.9999927001690788,0.8583876005656517,5.474979677209931e-05,0.1666666666666666,1.3877787807814457e-17,9.124966128683216e-06,0.9999608703050796,0.2,0.4,1.4142135623730951,96
1.0,15.0,2.5,0.0099972661933495,1.0,0.9999833436315676,1.6656368432399482e-05,1.0000166566458717,0.9999866744280834,0.8583894477400287,9.99453313406894e-05,0.1666666666666666,1.3877787807814457e-17,1.665755522344823e-05,0.9999287535876166,0.2,0.4,1.4142135623730951,96
1.0,15.0,2.5,0.0135073843059079,1.0,0.999969595702638,3.040429736189676e-05,1.0000304052218112,0.9999756749790438,0.8583928194206336,0.0001824494307874,0.1666666666666666,1.3877787807814457e-17,3.040823846458145e-05,0.9998703935879324,0.2,0.4,1.4142135623730951,96
1.0,15.0,2.5,0.0182499322573664,1.0,0.9999445030671238,5.549693287620894e-05,1.0000555000129567,0.9999555972098592,0.8583989733316216,0.0003330600273984,0.1666666666666666,1.3877787807814457e-17,5.551000456641073e-05,0.9997645164992528,0.2,0.4,1.4142135623730951,96
1.0,15.0,2.5,0.024657625773836,1.0,0.9998987101997752,0.0001012898002247,1.0001013000608876,0.9999189508261452,0.8584102037276741,0.0006079985088025,0.1666666666666666,1.3877787807814457e-17,0.0001013330848004,0.9995728485342696,0.2,0.4,1.4142135623730951,96
1.0,15.0,2.5,0.0333151104468964,1.0,0.9998151602494438,0.0001848397505561,1.0001848739226058,0.999852071063472,0.8584306931343896,0.0011098965840889,0.1666666666666666,1.3877787807814457e-17,0.0001849827640148,0.9992268822481092,0.2,0.4,1.4142135623730951,96
1.0,15.0,2.5,0.0450123054940112,1.0,0.9996627865165838,0.0003372134834161,1.000337327234708,0.999730041588092,0.8584680583649128,0.0020261076458861,0.1666666666666666,1.3877787807814457e-17,0.0003376846076476,0.9986048394838548,0.2,0.4,1.4142135623730951,96
1.0,15.0,2.5,0.0608164769291628,1.0,0.9993851052268046,0.0006148947731954,1.0006152731014095,0.999507471157588,0.8585361443052916,0.0036986438660754,0.1666666666666666,1.3877787807814457e-17,0.0006164406443459,0.9974922627755812,0.2,0.4,1.4142135623730951,96
1.0,15.0,2.5,0.0821696161856783,1.0,0.99887973798079,0.0011202620192098,1.0011215184136926,0.9991018009261204,0.8586600333056327,0.0067518458241016,0.1666666666666666,1.3877787807814457e-17,0.0011253076373502,0.99551623220805,0.2,0.4,1.4142135623730951,96
1.0,15.0,2.5,0.1110200091328213,1.0,0.9979621127575008,0.002037887242499,1.0020420487075088,0.9983632914022188,0.8588849056343651,0.0123254424278517,0.1666666666666666,1.3877787807814457e-17,0.0020542404046419,0.9920393143344316,0.2,0.4,1.4142135623730951,96
1.0,15.0,2.5,0.15,1.0,0.9963025108182176,0.0036974891817822,1.003711211345584,0.9970216705242936,0.8592913425960039,0.0225,0.1666666666666666,1.3877787807814457e-17,0.00375,0.9859971151419344,0.2,0.4,1.4142135623730951,96
1.0,20.0,2.5,0.003,1.0,0.999998500009671,1.4999903289458771e-06,1.0000014999925788,0.9999988000038484,0.8583857306102968,9e-06,0.1666666666666666,1.3877787807814457e-17,1.5e-06,0.9999935526305848,0.2,0.4,1.4142135623730951,96
1.0,20.0,2.5,0.0040533233920169,1.0,0.9999972617937756,2.73820622431753e-06,1.0000027382137222,0.9999978094220796,0.8583860342860893,1.6429430520271774e-05,0.1666666666666666,1.3877787807814457e-17,2.7382384200452954e-06,0.9999882421751408,0.2,0.4,1.4142135623730951,96
1.0,20.0,2.5,0.0054764768400905,1.0,0.9999950014740432,4.998525956700917e-06,1.000004998550942,0.9999960011361876,0.8583865886351238,2.9991798580048604e-05,0.1666666666666666,1.3877787807814457e-17,4.998633096674767e-06,0.9999785661456284,0.2,0.4,1.4142135623730951,96
1.0,20.0,2.5,0.0073993105605927,1.0,0.99999087539023,9.12460976998375e-06,1.0000091246930292,0.9999927001690788,0.8583876005658228,5.474979677209931e-05,0.1666666666666666,1.3877787807814457e-17,9.124966128683216e-06,0.9999609468468768,0.2,0.4,1.4142135623730951,96
1.0,20.0,2.5,0.0099972661933495,1.0,0.9999833436292394,1.6656370760648187e-05,1.0000166566482,0.9999866744280834,0.8583894477405998,9.99453313406894e-05,0.1666666666666666,1.3877787807814457e-17,1.665755522344823e-05,0.99992889335895,0.2,0.4,1.4142135623730951,96
1.0,20.0,2.5,0.0135073843059079,1.0,0.999969595694882,3.040430511791481e-05,1.000030405229568,0.9999756749790438,0.8583928194225358,0.0001824494307874,0.1666666666666666,1.3877787807814457e-17,3.040823846458145e-05,0.9998706486509826,0.2,0.4,1.4142135623730951,96
1.0,20.0,2.5,0.0182499322573664,1.0,0.999944503041285,5.54969587149845e-05,1.0000555000387985,0.9999555972098592,0.8583989733379586,0.0003330600273984,0.1666666666666666,1.3877787807814457e-17,5.551000456641073e-05,0.999764981978868,0.2,0.4,1.4142135623730951,96
1.0,20.0,2.5,0.024657625773836,1.0,0.9998987101137284,0.0001012898862715,1.000101300146952,0.9999189508261452,0.8584102037487764,0.0006079985088025,0.1666666666666666,1.3877787807814457e-17,0.0001013330848004,0.9995736976827632,0.2,0.4,1.4142135623730951,96
1.0,20.0,2.5,0.0333151104468964,1.0,0.999815159963032,0.000184840036968,1.0001848742091235,0.999852071063472,0.8584306932046263,0.0011098965840889,0.1666666666666666,1.3877787807814457e-17,0.0001849827640148,0.9992284305647632,0.2,0.4,1.4142135623730951,96
1.0,20.0,2.5,0.0450123054940112,1.0,0.999662785564196,0.0003372144358041,1.0003373281877386,0.999730041588092,0.8584680585984493,0.0020261076458861,0.1666666666666666,1.3877787807814457e-17,0.0003376846076476,0.9986076598313764,0.2,0.4,1.4142135623730951,96
1.0,20.0,2.5,0.0608164769291628,1.0,0.9993851020655268,0.0006148979344731,1.0006152762665783,0.999507471157588,0.858536145080366,0.0036986438660754,0.1666666666666666,1.3877787807814457e-17,0.0006164406443459,0.9974973910514552,0.2,0.4,1.4142135623730951,96
1.0,20.0,2.5,0.0821696161856783,1.0,0.9988797275216926,0.0011202724783073,1.0011215288962634,0.9991018009261204,0.8586600358693193,0.0067518458241016,0.1666666666666666,1.3877787807814457e-17,0.0011253076373502,0.9955255266419718,0.2,0.4,1.4142135623730951,96
1.0,20.0,2.5,0.1110200091328213,1.0,0.9979620783601656,0.0020379216398344,1.0020420832454706,0.9983632914022188,0.8588849140617999,0.0123254424278517,0.1666666666666666,1.3877787807814457e-17,0.0020542404046419,0.99205605888645,0.2,0.4,1.4142135623730951,96
1.0,20.0,2.5,0.15,1.0,0.996302398934555,0.003697601065445,1.003711324061248,0.9970216705242936,0.8592913699848859,0.0225,0.1666666666666666,1.3877787807814457e-17,0.00375,0.9860269507853422,0.2,0.4,1.4142135623730951,96
1.0,25.0,2.5,0.003,1.0,0.9999985000096508,1.4999903491519362e-06,1.000001499992599,0.9999988000038484,0.8583857306103019,9e-06,0.1666666666666666,0.0,1.5e-06,0.9999935661012908,0.2,0.4,1.4142135623730951,96
1.0,25.0,2.5,0.0040533233920169,1.0,0.9999972617937098,2.738206290153755e-06,1.000002738213788,0.9999978094220796,0.8583860342861057,1.6429430520271774e-05,0.1666666666666666,0.0,2.7382384200452954e-06,0.999988266218418,0.2,0.4,1.4142135623730951,96
1.0,25.0,2.5,0.0054764768400905,1.0,0.99999500147382,4.998526180077789e-06,1.0000049985511654,0.9999960011361876,0.8583865886351786,2.9991798580048604e-05,0.1666666666666666,0.0,4.998633096674767e-06,0.9999786108332196,0.2,0.4,1.4142135623730951,96
1.0,25.0,2.5,0.0073993105605927,1.0,0.9999908753894872,9.124610512833977e-06,1.000009124693772,0.9999927001690788,0.8583876005660053,5.474979677209931e-05,0.1666666666666666,0.0,9.124966128683216e-06,0.9999610282554228,0.2,0.4,1.4142135623730951,96
1.0,25.0,2.5,0.0099972661933495,1.0,0.9999833436267636,1.6656373236445532e-05,1.000016656650676,0.9999866744280834,0.8583894477412072,9.99453313406894e-05,0.1666666666666666,0.0,1.665755522344823e-05,0.9999290419880442,0.2,0.4,1.4142135623730951,96
1.0,25.0,2.5,0.0135073843059079,1.0,0.9999695956866276,3.0404313372311972e-05,1.0000304052378226,0.9999756749790438,0.8583928194245601,0.0001824494307874,0.1666666666666666,0.0,3.040823846458145e-05,0.9998709201036408,0.2,0.4,1.4142135623730951,96
1.0,25.0,2.5,0.0182499322573664,1.0,0.999944503013787,5.5496986212988375e-05,1.0000555000662994,0.9999555972098592,0.8583989733447022,0.0003330600273984,0.1666666666666666,0.0,5.551000456641073e-05,0.9997654773491006,0.2,0.4,1.4142135623730951,96
1.0,25.0,2.5,0.024657625773836,1.0,0.999898710022157,0.0001012899778429,1.000101300238542,0.9999189508261452,0.8584102037712333,0.0006079985088025,0.1666666666666666,0.0,0.0001013330848004,0.9995746013502802,0.2,0.4,1.4142135623730951,96
1.0,25.0,2.5,0.0333151104468964,1.0,0.9998151596582388,0.0001848403417611,1.0001848745140296,0.999852071063472,0.8584306932793706,0.0011098965840889,0.1666666666666666,0.0,0.0001849827640148,0.999230078248434,0.2,0.4,1.4142135623730951,96
1.0,25.0,2.5,0.0450123054940112,1.0,0.9996627845506868,0.0003372154493133,1.0003373292019315,0.999730041588092,0.8584680588469734,0.0020261076458861,0.1666666666666666,0.0,0.0003376846076476,0.998610661179802,0.2,0.4,1.4142135623730951,96
1.0,25.0,2.5,0.0608164769291628,1.0,0.999385098701352,0.0006149012986479,1.0006152796348944,0.999507471157588,0.8585361459051852,0.0036986438660754,0.1666666666666666,0.0,0.0006164406443459,0.9975028484703624,0.2,0.4,1.4142135623730951,96
1.0,25.0,2.5,0.0821696161856783,1.0,0.9988797163912608,0.0011202836087392,1.0011215400516758,0.9991018009261204,0.8586600385975597,0.0067518458241016,0.1666666666666666,0.0,0.0011253076373502,0.9955354176544736,0.2,0.4,1.4142135623730951,96
1.0,25.0,2.5,0.1110200091328213,1.0,0.9979620417543158,0.0020379582456842,1.0020421200009788,0.9983632914022188,0.8588849230303265,0.0123254424278517,0.1666666666666666,0.0,0.0020542404046419,0.9920738785387716,0.2,0.4,1.4142135623730951,96
1.0,25.0,2.5,0.15,1.0,0.996302279860346,0.003697720139654,1.0037114440209576,0.9970216705242936,0.8592913991339965,0.0225,0.1666666666666666,0.0,0.00375,0.9860587039077552,0.2,0.4,1.4142135623730951,96
1.0,30.0,2.5,0.003,1.0,0.999998500009632,1.4999903679147053e-06,1.000001499992618,0.9999988000038484,0.8583857306103064,9e-06,0.1666666666666666,0.0,1.5e-06,0.9999935786098036,0.2,0.4,1.4142135623730951,96
1.0,30.0,2.5,0.0040533233920169,1.0,0.999997261793648,2.7382063521042e-06,1.00000273821385,0.9999978094220796,0.8583860342861213,1.6429430520271774e-05,0.1666666666666666,0.0,2.7382384200452954e-06,0.9999882888426148,0.2,0.4,1.4142135623730951,96
1.0,30.0,2.5,0.0054764768400905,1.0,0.999995001473612,4.998526388022562e-06,1.0000049985513737,0.9999960011361876,0.8583865886352298,2.9991798580048604e-05,0.1666666666666666,0.0,4.998633096674767e-06,0.999978652433547,0.2,0.4,1.4142135623730951,96
1.0,30.0,2.5,0.0073993105605927,1.0,0.9999908753887868,9.12461121327368e-06,1.000009124694473,0.9999927001690788,0.8583876005661764,5.474979677209931e-05,0.1666666666666666,0.0,9.124966128683216e-06,0.9999611050162236,0.2,0.4,1.4142135623730951,96
1.0,30.0,2.5,0.0099972661933495,1.0,0.9999833436244352,1.665637556480526e-05,1.0000166566530042,0.9999866744280834,0.8583894477417782,9.99453313406894e-05,0.1666666666666666,0.0,1.665755522344823e-05,0.9999291817660426,0.2,0.4,1.4142135623730951,96
1.0,30.0,2.5,0.0135073843059079,1.0,0.999969595678871,3.040432112899616e-05,1.00003040524558,0.9999756749790438,0.8583928194264622,0.0001824494307874,0.1666666666666666,0.0,3.040823846458145e-05,0.9998711751885974,0.2,0.4,1.4142135623730951,96
1.0,30.0,2.5,0.0182499322573664,1.0,0.9999445029879483,5.549701205154189e-05,1.0000555000921407,0.9999555972098592,0.8583989733510385,0.0003330600273984,0.1666666666666666,0.0,5.551000456641073e-05,0.9997659428247156,0.2,0.4,1.4142135623730951,96
1.0,30.0,2.5,0.024657625773836,1.0,0.999898709936109,0.000101290063891,1.000101300324607,0.9999189508261452,0.8584102037923358,0.0006079985088025,0.1666666666666666,0.0,0.0001013330848004,0.9995754505108256,0.2,0.4,1.4142135623730951,96
1.0,30.0,2.5,0.0333151104468964,1.0,0.9998151593718282,0.0001848406281718,1.0001848748005462,0.999852071063472,0.8584306933496072,0.0011098965840889,0.1666666666666666,0.0,0.0001849827640148,0.999231626558486,0.2,0.4,1.4142135623730951,96
1.0,30.0,2.5,0.0450123054940112,1.0,0.999662783598298,0.000337216401702,1.0003373301549632,0.999730041588092,0.8584680590805102,0.0020261076458861,0.1666666666666666,0.0,0.0003376846076476,0.998613481529625,0.2,0.4,1.4142135623730951,96
1.0,30.0,2.5,0.0608164769291628,1.0,0.9993850955400582,0.0006149044599418,1.0006152828000798,0.999507471157588,0.8585361466802636,0.0036986438660754,0.1666666666666666,0.0,0.0006164406443459,0.997507976772531,0.2,0.4,1.4142135623730951,96
1.0,30.0,2.5,0.0821696161856783,1.0,0.9988797059319932,0.0011202940680068,1.0011215505344175,0.9991018009261204,0.8586600411612879,0.0067518458241016,0.1666666666666666,0.0,0.0011253076373502,0.9955447122395418,0.2,0.4,1.4142135623730951,96
1.0,30.0,2.5,0.1110200091328213,1.0,0.997962007355155,0.002037992644845,1.0020421545407787,0.9983632914022188,0.8588849314582083,0.0123254424278517,0.1666666666666666,0.0,0.0020542404046419,0.9920906239794588,0.2,0.4,1.4142135623730951,96
1.0,30.0,2.5,0.15,1.0,0.9963021679576832,0.0036978320423167,1.0037115567558152,0.9970216705242936,0.8592914265275264,0.0225,0.1666666666666666,0.0,0.00375,0.9860885446178064,0.2,0.4,1.4142135623730951,96
1.0,35.0,2.5,0.003,1.0,0.9999985000096168,1.4999903833468051e-06,1.0000014999926332,0.9999988000038484,0.8583857306103101,9e-06,0.1666666666666666,0.0,1.5e-06,0.9999935888978702,0.2,0.4,1.4142135623730951,96
1.0,35.0,2.5,0.0040533233920169,1.0,0.9999972617935946,2.738206405394905e-06,1.0000027382139032,0.9999978094220796,0.8583860342861337,1.6429430520271774e-05,0.1666666666666666,0.0,2.7382384200452954e-06,0.9999883083042894,0.2,0.4,1.4142135623730951,96
1.0,35.0,2.5,0.0054764768400905,1.0,0.99999500147344,4.998526559885086e-06,1.0000049985515451,0.9999960011361876,0.8583865886352718,2.9991798580048604e-05,0.1666666666666666,0.0,4.998633096674767e-06,0.9999786868154512,0.2,0.4,1.4142135623730951,96
1.0,35.0,2.5,0.0073993105605927,1.0,0.9999908753882184,9.12461178170787e-06,1.000009124695041,0.9999927001690788,0.8583876005663162,5.474979677209931e-05,0.1666666666666666,0.0,9.124966128683216e-06,0.9999611673106124,0.2,0.4,1.4142135623730951,96
1.0,35.0,2.5,0.0099972661933495,1.0,0.9999833436225374,1.6656377462620497e-05,1.0000166566549022,0.9999866744280834,0.8583894477422437,9.99453313406894e-05,0.1666666666666666,0.0,1.665755522344823e-05,0.9999292956972416,0.2,0.4,1.4142135623730951,96
1.0,35.0,2.5,0.0135073843059079,1.0,0.9999695956725484,3.0404327451605265e-05,1.000030405251903,0.9999756749790438,0.8583928194280133,0.0001824494307874,0.1666666666666666,0.0,3.040823846458145e-05,0.999871383112812,0.2,0.4,1.4142135623730951,96
1.0,35.0,2.5,0.0182499322573664,1.0,0.999944502966886,5.5497033114138006e-05,1.0000555001132057,0.9999555972098592,0.8583989733562044,0.0003330600273984,0.1666666666666666,0.0,5.551000456641073e-05,0.9997663222625536,0.2,0.4,1.4142135623730951,96
1.0,35.0,2.5,0.024657625773836,1.0,0.999898709865962,0.000101290134038,1.0001013003947683,0.9999189508261452,0.8584102038095388,0.0006079985088025,0.1666666666666666,0.0,0.0001013330848004,0.9995761427526484,0.2,0.4,1.4142135623730951,96
1.0,35.0,2.5,0.0333151104468964,1.0,0.999815159138344,0.000184840861656,1.000184875034117,0.999852071063472,0.8584306934068646,0.0011098965840889,0.1666666666666666,0.0,0.0001849827640148,0.9992328887530108,0.2,0.4,1.4142135623730951,96
1.0,35.0,2.5,0.0450123054940112,1.0,0.9996627828219038,0.0003372171780962,1.000337330931881,0.999730041588092,0.8584680592708913,0.0020261076458861,0.1666666666666666,0.0,0.0003376846076476,0.998615780699186,0.2,0.4,1.4142135623730951,96
1.0,35.0,2.5,0.0608164769291628,1.0,0.9993850929629412,0.0006149070370586,1.000615285380369,0.999507471157588,0.8585361473121147,0.0036986438660754,0.1666666666666666,0.0,0.0006164406443459,0.9975121574132414,0.2,0.4,1.4142135623730951,96
1.0,35.0,2.5,0.0821696161856783,1.0,0.998879697405456,0.001120302594544,1.0011215590800917,0.9991018009261204,0.8586600432512732,0.0067518458241016,0.1666666666666666,0.0,0.0011253076373502,0.995552289311776,0.2,0.4,1.4142135623730951,96
1.0,35.0,2.5,0.1110200091328213,1.0,0.997961979312046,0.002038020687954,1.0020421826985422,0.9983632914022188,0.858884938328841,0.0123254424278517,0.1666666666666666,0.0,0.0020542404046419,0.9921042753071624,0.2,0.4,1.4142135623730951,96
1.0,35.0,2.5,0.15,1.0,0.9963020767269756,0.0036979232730244,1.003711648665004,0.9970216705242936,0.8592914488606055,0.0225,0.1666666666666666,0.0,0.00375,0.9861128728065144,0.2,0.4,1.4142135623730951,96
1.0,40.0,2.5,0.003,1.0,0.999998500009607,1.4999903930057457e-06,1.000001499992643,0.9999988000038484,0.8583857306103125,9e-06,0.1666666666666666,-1.3877787807814457e-17,1.5e-06,0.9999935953371636,0.1999999999999999,0.4,1.4142135623730951,96
1.0,40.0,2.5,0.0040533233920169,1.0,0.9999972617935616,2.738206438368529e-06,1.0000027382139365,0.9999978094220796,0.858386034286142,1.6429430520271774e-05,0.1666666666666666,-1.3877787807814457e-17,2.7382384200452954e-06,0.9999883203462006,0.1999999999999999,0.4,1.4142135623730951,96
1.0,40.0,2.5,0.0054764768400905,1.0,0.9999950014733292,4.998526670907388e-06,1.0000049985516564,0.9999960011361876,0.8583865886352993,2.9991798580048604e-05,0.1666666666666666,-1.3877787807814457e-17,4.998633096674767e-06,0.9999787090259836,0.1999999999999999,0.4,1.4142135623730951,96
1.0,40.0,2.5,0.0073993105605927,1.0,0.9999908753878456,9.12461215452076e-06,1.000009124695414,0.9999927001690788,0.8583876005664074,5.474979677209931e-05,0.1666666666666666,-1.3877787807814457e-17,9.124966128683216e-06,0.9999612081669712,0.1999999999999999,0.4,1.4142135623730951,96
1.0,40.0,2.5,0.0099972661933495,1.0,0.9999833436212976,1.665637870240655e-05,1.000016656656142,0.9999866744280834,0.8583894477425478,9.99453313406894e-05,0.1666666666666666,-1.3877787807814457e-17,1.665755522344823e-05,0.9999293701250934,0.1999999999999999,0.4,1.4142135623730951,96
1.0,40.0,2.5,0.0135073843059079,1.0,0.9999695956684233,3.0404331576860955e-05,1.0000304052560285,0.9999756749790438,0.8583928194290251,0.0001824494307874,0.1666666666666666,-1.3877787807814457e-17,3.040823846458145e-05,0.9998715187752476,0.1999999999999999,0.4,1.4142135623730951,96
1.0,40.0,2.5,0.0182499322573664,1.0,0.999944502953138,5.54970468619187e-05,1.000055500126955,0.9999555972098592,0.8583989733595762,0.0003330600273984,0.1666666666666666,-1.3877787807814457e-17,5.551000456641073e-05,0.9997665699256694,0.1999999999999999,0.4,1.4142135623730951,96
1.0,40.0,2.5,0.024657625773836,1.0,0.9998987098201771,0.0001012901798228,1.0001013004405628,0.9999189508261452,0.8584102038207672,0.0006079985088025,0.1666666666666666,-1.3877787807814457e-17,0.0001013330848004,0.9995765945776418,0.1999999999999999,0.4,1.4142135623730951,96
1.0,40.0,2.5,0.0333151104468964,1.0,0.999815158985948,0.0001848410140521,1.0001848751865692,0.999852071063472,0.8584306934442372,0.0011098965840889,0.1666666666666666,-1.3877787807814457e-17,0.0001849827640148,0.9992337125924456,0.1999999999999999,0.4,1.4142135623730951,96
1.0,40.0,2.5,0.0450123054940112,1.0,0.9996627823151476,0.0003372176848523,1.0003373314389792,0.999730041588092,0.8584680593951537,0.0020261076458861,0.1666666666666666,-1.3877787807814457e-17,0.0003376846076476,0.9986172813781662,0.1999999999999999,0.4,1.4142135623730951,96
1.0,40.0,2.5,0.0608164769291628,1.0,0.9993850912808458,0.0006149087191541,1.0006152870645348,0.999507471157588,0.8585361477245267,0.0036986438660754,0.1666666666666666,-1.3877787807814457e-17,0.0006164406443459,0.9975148861357525,0.1999999999999999,0.4,1.4142135623730951,96
1.0,40.0,2.5,0.0821696161856783,1.0,0.9988796918401271,0.0011203081598728,1.001121564657911,0.9991018009261204,0.8586600446154217,0.0067518458241016,0.1666666666666666,-1.3877787807814457e-17,0.0011253076373502,0.9955572349182652,0.1999999999999999,0.4,1.4142135623730951,96
1.0,40.0,2.5,0.1110200091328213,1.0,0.997961961007889,0.0020380389921109,1.0020422010775367,0.9983632914022188,0.8588849428134058,0.0123254424278517,0.1666666666666666,-1.3877787807814457e-17,0.0020542404046419,0.9921131857330924,0.1999999999999999,0.4,1.4142135623730951,96
1.0,40.0,2.5,0.15,1.0,0.9963020171770486,0.0036979828229514,1.0037117086578118,0.9970216705242936,0.8592914634382973,0.0225,0.1666666666666666,-1.3877787807814457e-17,0.00375,0.9861287527870448,0.1999999999999999,0.4,1.4142135623730951,96
1.0,45.0,2.5,0.003,1.0,0.9999985000096032,1.499990396780504e-06,1.0000014999926468,0.9999988000038484,0.8583857306103134,9e-06,0.1666666666666666,0.0,1.5e-06,0.9999935978536691,0.2,0.4,1.4142135623730951,96
1.0,45.0,2.5,0.0040533233920169,1.0,0.9999972617935502,2.738206449803826e-06,1.0000027382139476,0.9999978094220796,0.8583860342861448,1.6429430520271774e-05,0.1666666666666666,0.0,2.7382384200452954e-06,0.9999883245223516,0.2,0.4,1.4142135623730951,96
1.0,45.0,2.5,0.0054764768400905,1.0,0.9999950014732896,4.99852671054235e-06,1.000004998551696,0.9999960011361876,0.8583865886353088,2.9991798580048604e-05,0.1666666666666666,0.0,4.998633096674767e-06,0.9999787169551436,0.2,0.4,1.4142135623730951,96
1.0,45.0,2.5,0.0073993105605927,1.0,0.9999908753877178,9.12461228219641e-06,1.0000091246955416,0.9999927001690788,0.8583876005664389,5.474979677209931e-05,0.1666666666666666,0.0,9.124966128683216e-06,0.9999612221588752,0.2,0.4,1.4142135623730951,96
1.0,45.0,2.5,0.0099972661933495,1.0,0.9999833436208646,1.665637913539353e-05,1.000016656656575,0.9999866744280834,0.8583894477426531,9.99453313406894e-05,0.1666666666666666,0.0,1.665755522344823e-05,0.9999293961185224,0.2,0.4,1.4142135623730951,96
1.0,45.0,2.5,0.0135073843059079,1.0,0.9999695956669884,3.0404333011491147e-05,1.0000304052574631,0.9999756749790438,0.8583928194293768,0.0001824494307874,0.1666666666666666,0.0,3.040823846458145e-05,0.9998715659542446,0.2,0.4,1.4142135623730951,96
1.0,45.0,2.5,0.0182499322573664,1.0,0.9999445029483623,5.549705163765406e-05,1.0000555001317313,0.9999555972098592,0.8583989733607471,0.0003330600273984,0.1666666666666666,0.0,5.551000456641073e-05,0.9997666559594464,0.2,0.4,1.4142135623730951,96
1.0,45.0,2.5,0.024657625773836,1.0,0.9998987098042754,0.0001012901957245,1.0001013004564676,0.9999189508261452,0.8584102038246669,0.0006079985088025,0.1666666666666666,0.0,0.0001013330848004,0.9995767515029385,0.2,0.4,1.4142135623730951,96
1.0,45.0,2.5,0.0333151104468964,1.0,0.999815158933022,0.0001848410669781,1.0001848752395146,0.999852071063472,0.8584306934572161,0.0011098965840889,0.1666666666666666,0.0,0.0001849827640148,0.9992339987055718,0.2,0.4,1.4142135623730951,96
1.0,45.0,2.5,0.0450123054940112,1.0,0.9996627821391508,0.000337217860849,1.0003373316150947,0.999730041588092,0.8584680594383098,0.0020261076458861,0.1666666666666666,0.0,0.0003376846076476,0.9986178025646748,0.2,0.4,1.4142135623730951,96
1.0,45.0,2.5,0.0608164769291628,1.0,0.9993850906966606,0.0006149093033394,1.0006152876494392,0.999507471157588,0.858536147867756,0.0036986438660754,0.1666666666666666,0.0,0.0006164406443459,0.9975158338105384,0.2,0.4,1.4142135623730951,96
1.0,45.0,2.5,0.0821696161856783,1.0,0.9988796899073016,0.0011203100926983,1.0011215665950743,0.9991018009261204,0.8586600450891868,0.0067518458241016,0.1666666666666666,0.0,0.0011253076373502,0.99555895251565,0.2,0.4,1.4142135623730951,96
1.0,45.0,2.5,0.1110200091328213,1.0,0.997961954650866,0.0020380453491339,1.0020422074605508,0.9983632914022188,0.8588849443708929,0.0123254424278517,0.1666666666666666,0.0,0.0020542404046419,0.9921162803188112,0.2,0.4,1.4142135623730951,96
1.0,45.0,2.5,0.15,1.0,0.9963019964949654,0.0036980035050345,1.003711729493712,0.9970216705242936,0.8592914685012261,0.0225,0.1666666666666666,0.0,0.00375,0.98613426800922,0.2,0.4,1.4142135623730951,96
1.0,50.0,2.5,0.003,1.0,0.9999985000096068,1.4999903933388126e-06,1.0000014999926432,0.9999988000038484,0.8583857306103128,9e-06,0.1666666666666666,0.0,1.5e-06,0.9999935955592084,0.2,0.4,1.4142135623730951,96
1.0,50.0,2.5,0.0040533233920169,1.0,0.999997261793562,2.7382064381464843e-06,1.000002738213936,0.9999978094220796,0.8583860342861418,1.6429430520271774e-05,0.1666666666666666,0.0,2.7382384200452954e-06,0.9999883202651102,0.2,0.4,1.4142135623730951,96
1.0,50.0,2.5,0.0054764768400905,1.0,0.9999950014733292,4.998526670907388e-06,1.0000049985516564,0.9999960011361876,0.858386588635299,2.9991798580048604e-05,0.1666666666666666,0.0,4.998633096674767e-06,0.9999787090259836,0.2,0.4,1.4142135623730951,96
1.0,50.0,2.5,0.0073993105605927,1.0,0.9999908753878456,9.12461215452076e-06,1.000009124695414,0.9999927001690788,0.8583876005664074,5.474979677209931e-05,0.1666666666666666,0.0,9.124966128683216e-06,0.9999612081669712,0.2,0.4,1.4142135623730951,96
1.0,50.0,2.5,0.0099972661933495,1.0,0.9999833436212984,1.665637870151837e-05,1.000016656656141,0.9999866744280834,0.8583894477425474,9.99453313406894e-05,0.1666666666666666,0.0,1.665755522344823e-05,0.9999293700717736,0.2,0.4,1.4142135623730951,96
1.0,50.0,2.5,0.0135073843059079,1.0,0.9999695956684233,3.0404331576860955e-05,1.0000304052560285,0.9999756749790438,0.8583928194290251,0.0001824494307874,0.1666666666666666,0.0,3.040823846458145e-05,0.9998715187752476,0.2,0.4,1.4142135623730951,96
1.0,50.0,2.5,0.0182499322573664,1.0,0.999944502953138,5.54970468619187e-05,1.000055500126955,0.9999555972098592,0.8583989733595762,0.0003330600273984,0.1666666666666666,0.0,5.551000456641073e-05,0.9997665699256694,0.2,0.4,1.4142135623730951,96
1.0,50.0,2.5,0.024657625773836,1.0,0.9998987098201774,0.0001012901798226,1.0001013004405626,0.9999189508261452,0.8584102038207673,0.0006079985088025,0.1666666666666666,0.0,0.0001013330848004,0.9995765945754506,0.2,0.4,1.4142135623730951,96
1.0,50.0,2.5,0.0333151104468964,1.0,0.999815158985949,0.000184841014051,1.000184875186568,0.999852071063472,0.858430693444237,0.0011098965840889,0.1666666666666666,0.0,0.0001849827640148,0.9992337125864438,0.2,0.4,1.4142135623730951,96
1.0,50.0,2.5,0.0450123054940112,1.0,0.9996627823151472,0.0003372176848528,1.0003373314389796,0.999730041588092,0.8584680593951538,0.0020261076458861,0.1666666666666666,0.0,0.0003376846076476,0.9986172813794812,0.2,0.4,1.4142135623730951,96
1.0,50.0,2.5,0.0608164769291628,1.0,0.999385091280845,0.000614908719155,1.0006152870645355,0.999507471157588,0.8585361477245269,0.0036986438660754,0.1666666666666666,0.0,0.0006164406443459,0.9975148861371932,0.2,0.4,1.4142135623730951,96
1.0,50.0,2.5,0.0821696161856783,1.0,0.9988796918401271,0.0011203081598728,1.001121564657911,0.9991018009261204,0.8586600446154217,0.0067518458241016,0.1666666666666666,0.0,0.0011253076373502,0.9955572349182652,0.2,0.4,1.4142135623730951,96
1.0,50.0,2.5,0.1110200091328213,1.0,0.9979619610078913,0.0020380389921088,1.0020422010775345,0.9983632914022188,0.8588849428134055,0.0123254424278517,0.1666666666666666,0.0,0.0020542404046419,0.9921131857320656,0.2,0.4,1.4142135623730951,96
1.0,50.0,2.5,0.15,1.0,0.9963020171770486,0.0036979828229514,1.0037117086578118,0.9970216705242936,0.8592914634382972,0.0225,0.1666666666666666,0.0,0.00375,0.9861287527870448,0.2,0.4,1.4142135623730951,96
1.0,55.0,2.5,0.003,1.0,0.999998500009617,1.4999903830137384e-06,1.000001499992633,0.9999988000038484,0.8583857306103102,9e-06,0.1666666666666666,1.3877787807814457e-17,1.5e-06,0.9999935886758256,0.2,0.4,1.4142135623730951,96
1.0,55.0,2.5,0.0040533233920169,1.0,0.9999972617935946,2.738206405394905e-06,1.0000027382139032,0.9999978094220796,0.8583860342861337,1.6429430520271774e-05,0.1666666666666666,1.3877787807814457e-17,2.7382384200452954e-06,0.9999883083042894,0.2,0.4,1.4142135623730951,96
1.0,55.0,2.5,0.0054764768400905,1.0,0.99999500147344,4.998526559885086e-06,1.0000049985515451,0.9999960011361876,0.8583865886352718,2.9991798580048604e-05,0.1666666666666666,1.3877787807814457e-17,4.998633096674767e-06,0.9999786868154512,0.2,0.4,1.4142135623730951,96
1.0,55.0,2.5,0.0073993105605927,1.0,0.9999908753882184,9.12461178170787e-06,1.000009124695041,0.9999927001690788,0.8583876005663162,5.474979677209931e-05,0.1666666666666666,1.3877787807814457e-17,9.124966128683216e-06,0.9999611673106124,0.2,0.4,1.4142135623730951,96
1.0,55.0,2.5,0.0099972661933495,1.0,0.9999833436225368,1.6656377463064587e-05,1.0000166566549027,0.9999866744280834,0.8583894477422436,9.99453313406894e-05,0.1666666666666666,1.3877787807814457e-17,1.665755522344823e-05,0.9999292957239015,0.2,0.4,1.4142135623730951,96
1.0,55.0,2.5,0.0135073843059079,1.0,0.9999695956725478,3.0404327452160373e-05,1.0000304052519031,0.9999756749790438,0.858392819428013,0.0001824494307874,0.1666666666666666,1.3877787807814457e-17,3.040823846458145e-05,0.9998713831310672,0.2,0.4,1.4142135623730951,96
1.0,55.0,2.5,0.0182499322573664,1.0,0.9999445029668832,5.549703311669152e-05,1.0000555001132083,0.9999555972098592,0.8583989733562046,0.0003330600273984,0.1666666666666666,1.3877787807814457e-17,5.551000456641073e-05,0.9997663223085544,0.2,0.4,1.4142135623730951,96
1.0,55.0,2.5,0.024657625773836,1.0,0.999898709865962,0.000101290134038,1.0001013003947683,0.9999189508261452,0.8584102038095388,0.0006079985088025,0.1666666666666666,1.3877787807814457e-17,0.0001013330848004,0.9995761427526484,0.2,0.4,1.4142135623730951,96
1.0,55.0,2.5,0.0333151104468964,1.0,0.999815159138344,0.000184840861656,1.000184875034117,0.999852071063472,0.8584306934068646,0.0011098965840889,0.1666666666666666,1.3877787807814457e-17,0.0001849827640148,0.9992328887530108,0.2,0.4,1.4142135623730951,96
1.0,55.0,2.5,0.0450123054940112,1.0,0.9996627828219038,0.0003372171780962,1.000337330931881,0.999730041588092,0.8584680592708913,0.0020261076458861,0.1666666666666666,1.3877787807814457e-17,0.0003376846076476,0.998615780699186,0.2,0.4,1.4142135623730951,96
1.0,55.0,2.5,0.0608164769291628,1.0,0.9993850929629432,0.0006149070370566,1.000615285380367,0.999507471157588,0.8585361473121146,0.0036986438660754,0.1666666666666666,1.3877787807814457e-17,0.0006164406443459,0.9975121574099995,0.2,0.4,1.4142135623730951,96
1.0,55.0,2.5,0.0821696161856783,1.0,0.998879697405456,0.001120302594544,1.0011215590800917,0.9991018009261204,0.8586600432512732,0.0067518458241016,0.1666666666666666,1.3877787807814457e-17,0.0011253076373502,0.995552289311776,0.2,0.4,1.4142135623730951,96
1.0,55.0,2.5,0.1110200091328213,1.0,0.997961979312046,0.002038020687954,1.0020421826985422,0.9983632914022188,0.858884938328841,0.0123254424278517,0.1666666666666666,1.3877787807814457e-17,0.0020542404046419,0.9921042753071624,0.2,0.4,1.4142135623730951,96
1.0,55.0,2.5,0.15,1.0,0.9963020767269756,0.0036979232730244,1.003711648665004,0.9970216705242936,0.8592914488606055,0.0225,0.1666666666666666,1.3877787807814457e-17,0.00375,0.9861128728065144,0.2,0.4,1.4142135623730951,96
1.0,60.0,2.5,0.003,1.0,0.9999985000096322,1.499990367803683e-06,1.0000014999926177,0.9999988000038484,0.8583857306103065,9e-06,0.1666666666666666,0.0,1.5e-06,0.9999935785357886,0.2,0.4,1.4142135623730951,96
1.0,60.0,2.5,0.0040533233920169,1.0,0.9999972617936465,2.73820635354749e-06,1.0000027382138514,0.9999978094220796,0.858386034286121,1.6429430520271774e-05,0.1666666666666666,0.0,2.7382384200452954e-06,0.9999882893697016,0.2,0.4,1.4142135623730951,96
1.0,60.0,2.5,0.0054764768400905,1.0,0.9999950014736112,4.998526388688696e-06,1.000004998551374,0.9999960011361876,0.85838658863523,2.9991798580048604e-05,0.1666666666666666,0.0,4.998633096674767e-06,0.9999786525668102,0.2,0.4,1.4142135623730951,96
1.0,60.0,2.5,0.0073993105605927,1.0,0.9999908753887868,9.12461121327368e-06,1.000009124694473,0.9999927001690788,0.8583876005661765,5.474979677209931e-05,0.1666666666666666,0.0,9.124966128683216e-06,0.9999611050162236,0.2,0.4,1.4142135623730951,96
1.0,60.0,2.5,0.0099972661933495,1.0,0.999983343624435,1.6656375565027304e-05,1.0000166566530044,0.9999866744280834,0.8583894477417783,9.99453313406894e-05,0.1666666666666666,0.0,1.665755522344823e-05,0.9999291817793726,0.2,0.4,1.4142135623730951,96
1.0,60.0,2.5,0.0135073843059079,1.0,0.999969595678872,3.040432112810798e-05,1.000030405245579,0.9999756749790438,0.8583928194264624,0.0001824494307874,0.1666666666666666,0.0,3.040823846458145e-05,0.9998711751593888,0.2,0.4,1.4142135623730951,96
1.0,60.0,2.5,0.0182499322573664,1.0,0.9999445029879488,5.549701205120883e-05,1.0000555000921405,0.9999555972098592,0.8583989733510388,0.0003330600273984,0.1666666666666666,0.0,5.551000456641073e-05,0.9997659428187156,0.2,0.4,1.4142135623730951,96
1.0,60.0,2.5,0.024657625773836,1.0,0.9998987099361089,0.0001012900638911,1.0001013003246075,0.9999189508261452,0.858410203792336,0.0006079985088025,0.1666666666666666,0.0,0.0001013330848004,0.9995754505119212,0.2,0.4,1.4142135623730951,96
1.0,60.0,2.5,0.0333151104468964,1.0,0.9998151593718284,0.0001848406281717,1.000184874800546,0.999852071063472,0.8584306933496074,0.0011098965840889,0.1666666666666666,0.0,0.0001849827640148,0.9992316265578856,0.2,0.4,1.4142135623730951,96
1.0,60.0,2.5,0.0450123054940112,1.0,0.999662783598298,0.000337216401702,1.0003373301549632,0.999730041588092,0.8584680590805102,0.0020261076458861,0.1666666666666666,0.0,0.0003376846076476,0.998613481529625,0.2,0.4,1.4142135623730951,96
1.0,60.0,2.5,0.0608164769291628,1.0,0.9993850955400582,0.0006149044599418,1.0006152828000798,0.999507471157588,0.8585361466802636,0.0036986438660754,0.1666666666666666,0.0,0.0006164406443459,0.997507976772531,0.2,0.4,1.4142135623730951,96
1.0,60.0,2.5,0.0821696161856783,1.0,0.9988797059319906,0.0011202940680093,1.00112155053442,0.9991018009261204,0.858660041161288,0.0067518458241016,0.1666666666666666,0.0,0.0011253076373502,0.995544712241811,0.2,0.4,1.4142135623730951,96
1.0,60.0,2.5,0.1110200091328213,1.0,0.997962007355155,0.002037992644845,1.0020421545407787,0.9983632914022188,0.8588849314582083,0.0123254424278517,0.1666666666666666,0.0,0.0020542404046419,0.9920906239794588,0.2,0.4,1.4142135623730951,96
1.0,60.0,2.5,0.15,1.0,0.9963021679576832,0.0036978320423167,1.0037115567558152,0.9970216705242936,0.8592914265275264,0.0225,0.1666666666666666,0.0,0.00375,0.9860885446178064,0.2,0.4,1.4142135623730951,96
1.0,65.0,2.5,0.003,1.0,0.9999985000096536,1.499990346487401e-06,1.0000014999925964,0.9999988000038484,0.8583857306103017,9e-06,0.1666666666666666,0.0,1.5e-06,0.999993564324934,0.2,0.4,1.4142135623730951,96
1.0,65.0,2.5,0.0040533233920169,1.0,0.9999972617937086,2.7382062913750005e-06,1.0000027382137893,0.9999978094220796,0.8583860342861059,1.6429430520271774e-05,0.1666666666666666,0.0,2.7382384200452954e-06,0.9999882666644146,0.2,0.4,1.4142135623730951,96
1.0,65.0,2.5,0.0054764768400905,1.0,0.9999950014738204,4.998526179522678e-06,1.000004998551165,0.9999960011361876,0.8583865886351785,2.9991798580048604e-05,0.1666666666666666,0.0,4.998633096674767e-06,0.9999786107221672,0.2,0.4,1.4142135623730951,96
1.0,65.0,2.5,0.0073993105605927,1.0,0.9999908753894872,9.124610512833977e-06,1.000009124693772,0.9999927001690788,0.8583876005660053,5.474979677209931e-05,0.1666666666666666,0.0,9.124966128683216e-06,0.9999610282554228,0.2,0.4,1.4142135623730951,96
1.0,65.0,2.5,0.0099972661933495,1.0,0.9999833436267628,1.6656373237111666e-05,1.0000166566506763,0.9999866744280834,0.8583894477412073,9.99453313406894e-05,0.1666666666666666,0.0,1.665755522344823e-05,0.999929042028034,0.2,0.4,1.4142135623730951,96
1.0,65.0,2.5,0.0135073843059079,1.0,0.9999695956866272,3.0404313372756064e-05,1.000030405237823,0.9999756749790438,0.8583928194245602,0.0001824494307874,0.1666666666666666,0.0,3.040823846458145e-05,0.9998709201182452,0.2,0.4,1.4142135623730951,96
1.0,65.0,2.5,0.0182499322573664,1.0,0.9999445030137876,5.5496986212544286e-05,1.000055500066299,0.9999555972098592,0.8583989733447019,0.0003330600273984,0.1666666666666666,0.0,5.551000456641073e-05,0.9997654773411004,0.2,0.4,1.4142135623730951,96
1.0,65.0,2.5,0.024657625773836,1.0,0.999898710022157,0.0001012899778429,1.000101300238542,0.9999189508261452,0.8584102037712334,0.0006079985088025,0.1666666666666666,0.0,0.0001013330848004,0.9995746013502802,0.2,0.4,1.4142135623730951,96
1.0,65.0,2.5,0.0333151104468964,1.0,0.9998151596582388,0.0001848403417611,1.0001848745140296,0.999852071063472,0.8584306932793706,0.0011098965840889,0.1666666666666666,0.0,0.0001849827640148,0.999230078248434,0.2,0.4,1.4142135623730951,96
1.0,65.0,2.5,0.0450123054940112,1.0,0.9996627845506868,0.0003372154493133,1.0003373292019315,0.999730041588092,0.8584680588469734,0.0020261076458861,0.1666666666666666,0.0,0.0003376846076476,0.998610661179802,0.2,0.4,1.4142135623730951,96
1.0,65.0,2.5,0.0608164769291628,1.0,0.999385098701352,0.0006149012986479,1.0006152796348944,0.999507471157588,0.8585361459051852,0.0036986438660754,0.1666666666666666,0.0,0.0006164406443459,0.9975028484703624,0.2,0.4,1.4142135623730951,96
1.0,65.0,2.5,0.0821696161856783,1.0,0.9988797163912594,0.0011202836087406,1.001121540051677,0.9991018009261204,0.8586600385975598,0.0067518458241016,0.1666666666666666,0.0,0.0011253076373502,0.9955354176556576,0.2,0.4,1.4142135623730951,96
1.0,65.0,2.5,0.1110200091328213,1.0,0.9979620417543152,0.0020379582456847,1.0020421200009797,0.9983632914022188,0.8588849230303267,0.0123254424278517,0.1666666666666666,0.0,0.0020542404046419,0.9920738785390418,0.2,0.4,1.4142135623730951,96
1.0,65.0,2.5,0.15,1.0,0.9963022798603448,0.0036977201396553,1.003711444020959,0.9970216705242936,0.8592913991339968,0.0225,0.1666666666666666,0.0,0.00375,0.9860587039080808,0.2,0.4,1.4142135623730951,96
1.0,70.0,2.5,0.003,1.0,0.9999985000096712,1.4999903288348548e-06,1.0000014999925788,0.9999988000038484,0.858385730610297,9e-06,0.1666666666666666,0.0,1.5e-06,0.99999355255657,0.2,0.4,1.4142135623730951,96
1.0,70.0,2.5,0.0040533233920169,1.0,0.999997261793776,2.738206223984463e-06,1.0000027382137218,0.9999978094220796,0.8583860342860895,1.6429430520271774e-05,0.1666666666666666,0.0,2.7382384200452954e-06,0.9999882420535052,0.2,0.4,1.4142135623730951,96
1.0,70.0,2.5,0.0054764768400905,1.0,0.9999950014740432,4.998525956700917e-06,1.000004998550942,0.9999960011361876,0.8583865886351238,2.9991798580048604e-05,0.1666666666666666,0.0,4.998633096674767e-06,0.9999785661456284,0.2,0.4,1.4142135623730951,96
1.0,70.0,2.5,0.0073993105605927,1.0,0.9999908753902296,9.124609770316816e-06,1.0000091246930296,0.9999927001690788,0.8583876005658229,5.474979677209931e-05,0.1666666666666666,0.0,9.124966128683216e-06,0.9999609468833772,0.2,0.4,1.4142135623730951,96
1.0,70.0,2.5,0.0099972661933495,1.0,0.99998334362924,1.6656370759982053e-05,1.0000166566481994,0.9999866744280834,0.8583894477405996,9.99453313406894e-05,0.1666666666666666,0.0,1.665755522344823e-05,0.99992889331896,0.2,0.4,1.4142135623730951,96
1.0,70.0,2.5,0.0135073843059079,1.0,0.999969595694882,3.040430511791481e-05,1.000030405229568,0.9999756749790438,0.8583928194225358,0.0001824494307874,0.1666666666666666,0.0,3.040823846458145e-05,0.9998706486509826,0.2,0.4,1.4142135623730951,96
1.0,70.0,2.5,0.0182499322573664,1.0,0.9999445030412846,5.549695871542859e-05,1.0000555000387987,0.9999555972098592,0.8583989733379587,0.0003330600273984,0.1666666666666666,0.0,5.551000456641073e-05,0.999764981986868,0.2,0.4,1.4142135623730951,96
1.0,70.0,2.5,0.024657625773836,1.0,0.9998987101137308,0.0001012898862692,1.0001013001469496,0.9999189508261452,0.8584102037487762,0.0006079985088025,0.1666666666666666,0.0,0.0001013330848004,0.9995736976597552,0.2,0.4,1.4142135623730951,96
1.0,70.0,2.5,0.0333151104468964,1.0,0.999815159963032,0.000184840036968,1.0001848742091235,0.999852071063472,0.8584306932046263,0.0011098965840889,0.1666666666666666,0.0,0.0001849827640148,0.9992284305647632,0.2,0.4,1.4142135623730951,96
1.0,70.0,2.5,0.0450123054940112,1.0,0.9996627855641972,0.0003372144358028,1.0003373281877372,0.999730041588092,0.8584680585984491,0.0020261076458861,0.1666666666666666,0.0,0.0003376846076476,0.998607659827431,0.2,0.4,1.4142135623730951,96
1.0,70.0,2.5,0.0608164769291628,1.0,0.999385102065525,0.000614897934475,1.0006152762665803,0.999507471157588,0.8585361450803661,0.0036986438660754,0.1666666666666666,0.0,0.0006164406443459,0.9974973910545168,0.2,0.4,1.4142135623730951,96
1.0,70.0,2.5,0.0821696161856783,1.0,0.9988797275216944,0.0011202724783057,1.0011215288962618,0.9991018009261204,0.858660035869319,0.0067518458241016,0.1666666666666666,0.0,0.0011253076373502,0.995525526640492,0.2,0.4,1.4142135623730951,96
1.0,70.0,2.5,0.1110200091328213,1.0,0.9979620783601656,0.0020379216398344,1.0020420832454706,0.9983632914022188,0.8588849140617999,0.0123254424278517,0.1666666666666666,0.0,0.0020542404046419,0.99205605888645,0.2,0.4,1.4142135623730951,96
1.0,70.0,2.5,0.15,1.0,0.996302398934555,0.003697601065445,1.003711324061248,0.9970216705242936,0.8592913699848859,0.0225,0.1666666666666666,0.0,0.00375,0.9860269507853422,0.2,0.4,1.4142135623730951,96
1.0,75.0,2.5,0.003,1.0,0.999998500009691,1.4999903089618627e-06,1.0000014999925588,0.9999988000038484,0.8583857306102923,9e-06,0.1666666666666666,0.0,1.5e-06,0.9999935393079084,0.2,0.4,1.4142135623730951,96
1.0,75.0,2.5,0.0040533233920169,1.0,0.9999972617938389,2.738206161256862e-06,1.0000027382136591,0.9999978094220796,0.858386034286074,1.6429430520271774e-05,0.1666666666666666,0.0,2.7382384200452954e-06,0.9999882191454924,0.2,0.4,1.4142135623730951,96
1.0,75.0,2.5,0.0054764768400905,1.0,0.999995001474254,4.998525746091609e-06,1.0000049985507315,0.9999960011361876,0.8583865886350726,2.9991798580048604e-05,0.1666666666666666,0.0,4.998633096674767e-06,0.9999785240122484,0.2,0.4,1.4142135623730951,96
1.0,75.0,2.5,0.0073993105605927,1.0,0.9999908753909282,9.124609071764487e-06,1.000009124692331,0.9999927001690788,0.8583876005656516,5.474979677209931e-05,0.1666666666666666,0.0,9.124966128683216e-06,0.9999608703294136,0.2,0.4,1.4142135623730951,96
1.0,75.0,2.5,0.0099972661933495,1.0,0.999983343631568,1.6656368431955393e-05,1.0000166566458712,0.9999866744280834,0.8583894477400286,9.99453313406894e-05,0.1666666666666666,0.0,1.665755522344823e-05,0.9999287535609568,0.2,0.4,1.4142135623730951,96
1.0,75.0,2.5,0.0135073843059079,1.0,0.99996959570264,3.0404297360120403e-05,1.0000304052218094,0.9999756749790438,0.8583928194206334,0.0001824494307874,0.1666666666666666,0.0,3.040823846458145e-05,0.9998703935295156,0.2,0.4,1.4142135623730951,96
1.0,75.0,2.5,0.0182499322573664,1.0,0.9999445030671208,5.549693287920654e-05,1.0000555000129596,0.9999555972098592,0.858398973331622,0.0003330600273984,0.1666666666666666,0.0,5.551000456641073e-05,0.999764516553254,0.2,0.4,1.4142135623730951,96
1.0,75.0,2.5,0.024657625773836,1.0,0.9998987101997764,0.0001012898002236,1.0001013000608865,0.9999189508261452,0.858410203727674,0.0006079985088025,0.1666666666666666,0.0,0.0001013330848004,0.9995728485233134,0.2,0.4,1.4142135623730951,96
1.0,75.0,2.5,0.0333151104468964,1.0,0.9998151602494438,0.0001848397505561,1.0001848739226058,0.999852071063472,0.8584306931343896,0.0011098965840889,0.1666666666666666,0.0,0.0001849827640148,0.9992268822481092,0.2,0.4,1.4142135623730951,96
1.0,75.0,2.5,0.0450123054940112,1.0,0.9996627865165836,0.0003372134834165,1.0003373272347085,0.999730041588092,0.8584680583649127,0.0020261076458861,0.1666666666666666,0.0,0.0003376846076476,0.998604839484841,0.2,0.4,1.4142135623730951,96
1.0,75.0,2.5,0.0608164769291628,1.0,0.999385105226804,0.0006148947731958,1.00061527310141,0.999507471157588,0.8585361443052917,0.0036986438660754,0.1666666666666666,0.0,0.0006164406443459,0.9974922627763017,0.2,0.4,1.4142135623730951,96
1.0,75.0,2.5,0.0821696161856783,1.0,0.9988797379807892,0.0011202620192106,1.0011215184136937,0.9991018009261204,0.8586600333056328,0.0067518458241016,0.1666666666666666,0.0,0.0011253076373502,0.9955162322087406,0.2,0.4,1.4142135623730951,96
1.0,75.0,2.5,0.1110200091328213,1.0,0.9979621127575008,0.002037887242499,1.0020420487075088,0.9983632914022188,0.8588849056343651,0.0123254424278517,0.1666666666666666,0.0,0.0020542404046419,0.9920393143344316,0.2,0.4,1.4142135623730951,96
1.0,75.0,2.5,0.15,1.0,0.9963025108182176,0.0036974891817822,1.003711211345584,0.9970216705242936,0.8592913425960039,0.0225,0.1666666666666666,0.0,0.00375,0.9859971151419344,0.2,0.4,1.4142135623730951,96
1.0,80.0,2.5,0.003,1.0,0.9999985000097052,1.4999902948620305e-06,1.0000014999925448,0.9999988000038484,0.8583857306102883,9e-06,0.1666666666666666,-1.3877787807814457e-17,1.5e-06,0.9999935299080202,0.1999999999999999,0.4,1.4142135623730951,96
1.0,80.0,2.5,0.0040533233920169,1.0,0.9999972617938896,2.738206110297625e-06,1.000002738213608,0.9999978094220796,0.8583860342860615,1.6429430520271774e-05,0.1666666666666666,-1.3877787807814457e-17,2.7382384200452954e-06,0.9999882005352662,0.1999999999999999,0.4,1.4142135623730951,96
1.0,80.0,2.5,0.0054764768400905,1.0,0.9999950014744252,4.998525574673174e-06,1.00000499855056,0.9999960011361876,0.8583865886350304,2.9991798580048604e-05,0.1666666666666666,-1.3877787807814457e-17,4.998633096674767e-06,0.9999784897191863,0.1999999999999999,0.4,1.4142135623730951,96
1.0,80.0,2.5,0.0073993105605927,1.0,0.9999908753914988,9.124608501109854e-06,1.0000091246917604,0.9999927001690788,0.8583876005655117,5.474979677209931e-05,0.1666666666666666,-1.3877787807814457e-17,9.124966128683216e-06,0.9999608077916872,0.1999999999999999,0.4,1.4142135623730951,96
1.0,80.0,2.5,0.0099972661933495,1.0,0.999983343633466,1.665636653391811e-05,1.000016656643973,0.9999866744280834,0.8583894477395633,9.99453313406894e-05,0.1666666666666666,-1.3877787807814457e-17,1.665755522344823e-05,0.9999286396164278,0.1999999999999999,0.4,1.4142135623730951,96
1.0,80.0,2.5,0.0135073843059079,1.0,0.9999695957089604,3.04042910395097e-05,1.0000304052154885,0.9999756749790438,0.858392819419083,0.0001824494307874,0.1666666666666666,-1.3877787807814457e-17,3.040823846458145e-05,0.99987018567102,0.1999999999999999,0.4,1.4142135623730951,96
1.0,80.0,2.5,0.0182499322573664,1.0,0.9999445030881852,5.549691181483407e-05,1.000055499991893,0.9999555972098592,0.858398973326456,0.0003330600273984,0.1666666666666666,-1.3877787807814457e-17,5.551000456641073e-05,0.9997641370834154,0.1999999999999999,0.4,1.4142135623730951,96
1.0,80.0,2.5,0.024657625773836,1.0,0.9998987102699244,0.0001012897300757,1.0001012999907244,0.9999189508261452,0.8584102037104708,0.0006079985088025,0.1666666666666666,-1.3877787807814457e-17,0.0001013330848004,0.9995721562727258,0.1999999999999999,0.4,1.4142135623730951,96
1.0,80.0,2.5,0.0333151104468964,1.0,0.9998151604829286,0.0001848395170713,1.0001848736890349,0.999852071063472,0.858430693077132,0.0011098965840889,0.1666666666666666,-1.3877787807814457e-17,0.0001849827640148,0.9992256200505834,0.1999999999999999,0.4,1.4142135623730951,96
1.0,80.0,2.5,0.0450123054940112,1.0,0.9996627872929778,0.0003372127070222,1.0003373264577902,0.999730041588092,0.8584680581745321,0.0020261076458861,0.1666666666666666,-1.3877787807814457e-17,0.0003376846076476,0.9986025403149512,0.1999999999999999,0.4,1.4142135623730951,96
1.0,80.0,2.5,0.0608164769291628,1.0,0.9993851078038966,0.0006148921961034,1.0006152705211453,0.999507471157588,0.8585361436734462,0.0036986438660754,0.1666666666666666,-1.3877787807814457e-17,0.0006164406443459,0.9974880821752138,0.1999999999999999,0.4,1.4142135623730951,96
1.0,80.0,2.5,0.0821696161856783,1.0,0.9988797465070648,0.001120253492935,1.0011215098682824,0.9991018009261204,0.8586600312157113,0.0067518458241016,0.1666666666666666,-1.3877787807814457e-17,0.0011253076373502,0.9955086553690468,0.1999999999999999,0.4,1.4142135623730951,96
1.0,80.0,2.5,0.1110200091328213,1.0,0.9979621407978108,0.0020378592021892,1.0020420205525633,0.9983632914022188,0.8588848987644176,0.0123254424278517,0.1666666666666666,-1.3877787807814457e-17,0.0020542404046419,0.9920256643693212,0.1999999999999999,0.4,1.4142135623730951,96
1.0,80.0,2.5,0.15,1.0,0.9963026020198176,0.0036973979801824,1.0037111194657995,0.9970216705242936,0.8592913202700456,0.0225,0.1666666666666666,-1.3877787807814457e-17,0.00375,0.9859727947153136,0.1999999999999999,0.4,1.4142135623730951,96
1.0,85.0,2.5,0.003,1.0,0.9999985000097144,1.4999902855361569e-06,1.0000014999925355,0.9999988000038484,0.8583857306102861,9e-06,0.1666666666666666,0.0,1.5e-06,0.9999935236907712,0.2,0.4,1.4142135623730951,96
1.0,85.0,2.5,0.0040533233920169,1.0,0.9999972617939232,2.738206076879912e-06,1.0000027382135748,0.9999978094220796,0.8583860342860532,1.6429430520271774e-05,0.1666666666666666,0.0,2.7382384200452954e-06,0.9999881883311744,0.2,0.4,1.4142135623730951,96
1.0,85.0,2.5,0.0054764768400905,1.0,0.9999950014745368,4.99852546309576e-06,1.0000049985504484,0.9999960011361876,0.8583865886350028,2.9991798580048604e-05,0.1666666666666666,0.0,4.998633096674767e-06,0.9999784673976012,0.2,0.4,1.4142135623730951,96
1.0,85.0,2.5,0.0073993105605927,1.0,0.9999908753918696,9.124608130517409e-06,1.0000091246913898,0.9999927001690788,0.8583876005654206,5.474979677209931e-05,0.1666666666666666,0.0,9.124966128683216e-06,0.9999607671786656,0.2,0.4,1.4142135623730951,96
1.0,85.0,2.5,0.0099972661933495,1.0,0.999983343634704,1.6656365296019437e-05,1.000016656642735,0.9999866744280834,0.8583894477392595,9.99453313406894e-05,0.1666666666666666,0.0,1.665755522344823e-05,0.9999285653018806,0.2,0.4,1.4142135623730951,96
1.0,85.0,2.5,0.0135073843059079,1.0,0.9999695957130884,3.040428691147845e-05,1.0000304052113602,0.9999756749790438,0.8583928194180706,0.0001824494307874,0.1666666666666666,0.0,3.040823846458145e-05,0.999870049917308,0.2,0.4,1.4142135623730951,96
1.0,85.0,2.5,0.0182499322573664,1.0,0.9999445031019328,5.54968980671644e-05,1.0000554999781437,0.9999555972098592,0.8583989733230845,0.0003330600273984,0.1666666666666666,0.0,5.551000456641073e-05,0.9997638894222995,0.2,0.4,1.4142135623730951,96
1.0,85.0,2.5,0.024657625773836,1.0,0.9998987103157088,0.0001012896842911,1.0001012999449306,0.9999189508261452,0.8584102036992426,0.0006079985088025,0.1666666666666666,0.0,0.0001013330848004,0.9995717044499236,0.2,0.4,1.4142135623730951,96
1.0,85.0,2.5,0.0333151104468964,1.0,0.9998151606353244,0.0001848393646755,1.0001848735365826,0.999852071063472,0.8584306930397599,0.0011098965840889,0.1666666666666666,0.0,0.0001849827640148,0.9992247962123488,0.2,0.4,1.4142135623730951,96
1.0,85.0,2.5,0.0450123054940112,1.0,0.9996627877997312,0.0003372122002689,1.000337325950695,0.999730041588092,0.8584680580502702,0.0020261076458861,0.1666666666666666,0.0,0.0003376846076476,0.9986010396445192,0.2,0.4,1.4142135623730951,96
1.0,85.0,2.5,0.0608164769291628,1.0,0.9993851094859716,0.0006148905140284,1.0006152688369998,0.999507471157588,0.8585361432610394,0.0036986438660754,0.1666666666666666,0.0,0.0006164406443459,0.9974853534858416,0.2,0.4,1.4142135623730951,96
1.0,85.0,2.5,0.0821696161856783,1.0,0.9988797520721662,0.0011202479278338,1.0011215042906916,0.9991018009261204,0.8586600298516192,0.0067518458241016,0.1666666666666666,0.0,0.0011253076373502,0.9955037099647112,0.2,0.4,1.4142135623730951,96
1.0,85.0,2.5,0.1110200091328213,1.0,0.9979621590995064,0.0020378409004937,1.002042002176047,0.9983632914022188,0.8588848942804554,0.0123254424278517,0.1666666666666666,0.0,0.0020542404046419,0.9920167551416323,0.2,0.4,1.4142135623730951,96
1.0,85.0,2.5,0.15,1.0,0.9963026615441474,0.0036973384558526,1.0037110594988496,0.9970216705242936,0.8592913056986157,0.0225,0.1666666666666666,0.0,0.00375,0.9859569215607008,0.2,0.4,1.4142135623730951,96
1.0,90.0,2.5,0.003,1.0,0.9999985000097176,1.4999902824275324e-06,1.0000014999925324,0.9999988000038484,0.8583857306102851,9e-06,0.1666666666666666,0.0,1.5e-06,0.9999935216183548,0.2,0.4,1.4142135623730951,96
1.0,90.0,2.5,0.0040533233920169,1.0,0.9999972617939352,2.738206064667459e-06,1.0000027382135626,0.9999978094220796,0.8583860342860504,1.6429430520271774e-05,0.1666666666666666,0.0,2.7382384200452954e-06,0.9999881838712072,0.2,0.4,1.4142135623730951,96
1.0,90.0,2.5,0.0054764768400905,1.0,0.9999950014745752,4.9985254247930655e-06,1.0000049985504105,0.9999960011361876,0.8583865886349935,2.9991798580048604e-05,0.1666666666666666,0.0,4.998633096674767e-06,0.9999784597349676,0.2,0.4,1.4142135623730951,96
1.0,90.0,2.5,0.0073993105605927,1.0,0.9999908753919984,9.124608001731538e-06,1.000009124691261,0.9999927001690788,0.8583876005653889,5.474979677209931e-05,0.1666666666666666,0.0,9.124966128683216e-06,0.9999607530650932,0.2,0.4,1.4142135623730951,96
1.0,90.0,2.5,0.0099972661933495,1.0,0.9999833436351336,1.6656364866252105e-05,1.0000166566423054,0.9999866744280834,0.858389447739154,9.99453313406894e-05,0.1666666666666666,0.0,1.665755522344823e-05,0.999928539501736,0.2,0.4,1.4142135623730951,96
1.0,90.0,2.5,0.0135073843059079,1.0,0.9999695957145222,3.040428547784746e-05,1.0000304052099265,0.9999756749790438,0.8583928194177189,0.0001824494307874,0.1666666666666666,0.0,3.040823846458145e-05,0.9998700027711704,0.2,0.4,1.4142135623730951,96
1.0,90.0,2.5,0.0182499322573664,1.0,0.9999445031067088,5.549689329109597e-05,1.0000554999733673,0.9999555972098592,0.8583989733219133,0.0003330600273984,0.1666666666666666,0.0,5.551000456641073e-05,0.9997638033825224,0.2,0.4,1.4142135623730951,96
1.0,90.0,2.5,0.024657625773836,1.0,0.9998987103316116,0.0001012896683884,1.0001012999290246,0.9999189508261452,0.8584102036953428,0.0006079985088025,0.1666666666666666,0.0,0.0001013330848004,0.9995715475147664,0.2,0.4,1.4142135623730951,96
1.0,90.0,2.5,0.0333151104468964,1.0,0.9998151606882504,0.0001848393117496,1.0001848734836372,0.999852071063472,0.8584306930267809,0.0011098965840889,0.1666666666666666,0.0,0.0001849827640148,0.9992245100998228,0.2,0.4,1.4142135623730951,96
1.0,90.0,2.5,0.0450123054940112,1.0,0.9996627879757252,0.0003372120242748,1.0003373257745822,0.999730041588092,0.8584680580071145,0.0020261076458861,0.1666666666666666,0.0,0.0003376846076476,0.9986005184655724,0.2,0.4,1.4142135623730951,96
1.0,90.0,2.5,0.0608164769291628,1.0,0.9993851100701492,0.0006148899298508,1.0006152682521032,0.999507471157588,0.858536143117812,0.0036986438660754,0.1666666666666666,0.0,0.0006164406443459,0.9974844058234826,0.2,0.4,1.4142135623730951,96
1.0,90.0,2.5,0.0821696161856783,1.0,0.9988797540049004,0.0011202459950995,1.0011215023536195,0.9991018009261204,0.858660029377876,0.0067518458241016,0.1666666666666666,0.0,0.0011253076373502,0.9955019924483256,0.2,0.4,1.4142135623730951,96
1.0,90.0,2.5,0.1110200091328213,1.0,0.9979621654555598,0.0020378345444401,1.0020419957940088,0.9983632914022188,0.8588848927232059,0.0123254424278517,0.1666666666666666,0.0,0.0020542404046419,0.9920136610278384,0.2,0.4,1.4142135623730951,96
1.0,90.0,2.5,0.15,1.0,0.9963026822161216,0.0036973177838783,1.0037110386731614,0.9970216705242936,0.8592913006381601,0.0225,0.1666666666666666,0.0,0.00375,0.9859514090342358,0.2,0.4,1.4142135623730951,96
4.0,0.0,0.5,0.003,1.0,0.9977325593417926,0.0022674406582073,1.0022725936294024,0.997738297321253,0.368714532375767,0.003,0.7550993374604549,0.7058823529411765,0.0022652980123813,1.0009458560482158,0.3764705882352941,0.4000000000000001,1.4142135623730951,96
4.0,0.0,0.5,0.0040533233920169,1.0,0.9969354265633646,0.0030645734366353,1.003073993916737,0.9969458984595612,0.3690085639909551,0.0040533233920169,0.7550993374604549,0.7058823529411765,0.0030606618078249,1.0012780336593845,0.3764705882352941,0.4000000000000001,1.4142135623730951,96
4.0,0.0,0.5,0.0054764768400905,1.0,0.9958575747177086,0.0041424252822913,1.0041596563479125,0.9958766843248436,0.3694065149802916,0.0054764768400905,0.7550993374604549,0.7058823529411765,0.0041352840335699,1.0017269064624004,0.3764705882352941,0.4000000000000001,1.4142135623730951,96
4.0,0.0,0.5,0.0073993105605927,1.0,0.9943997477381654,0.0056002522618345,1.005631791716131,0.9944346155156736,0.3699454384974234,0.0073993105605927,0.7550993374604549,0.7058823529411765,0.0055872145019677,1.002333499074049,0.3764705882352941,0.4000000000000001,1.4142135623730951,96
4.0,0.0,0.5,0.0099972661933495,1.0,0.992427267028828,0.007572732971172,1.0076305168376154,0.992490876811978,0.3706758688814642,0.0099972661933495,0.7550993374604549,0.7058823529411765,0.007548929079014,1.003153280671843,0.3764705882352941,0.4000000000000001,1.4142135623730951,96
4.0,0.0,0.5,0.0135073843059079,1.0,0.9897571206268222,0.0102428793731778,1.010348881720286,0.9898731385580568,0.3716669502964636,0.0135073843059079,0.7550993374604549,0.7058823529411765,0.0101994169402148,1.0042612664251025,0.3764705882352941,0.4000000000000001,1.4142135623730951,96
4.0,0.0,0.5,0.0182499322573664,1.0,0.986140127249255,0.0138598727507449,1.014054668670066,0.9863516676337264,0.3730137013208595,0.0182499322573664,0.7550993374604549,0.7058823529411765,0.0137805117562355,1.0057589294151912,0.3764705882352941,0.4000000000000001,1.4142135623730951,96
4.0,0.0,0.5,0.024657625773836,1.0,0.9812361212190884,0.0187638787809116,1.019122694706346,0.9816216720836356,0.3748474554571059,0.024657625773836,0.7550993374604549,0.7058823529411765,0.0186189568851714,1.0077835668579096,0.3764705882352941,0.4000000000000001,1.4142135623730951,96
4.0,0.0,0.5,0.0333151104468964,1.0,0.974579113970743,0.0254208860292569,1.0260839634923882,0.9752814210798232,0.3773511419686809,0.0333151104468964,0.7550993374604549,0.7058823529411765,0.0251562178258734,1.010520985516007,0.3764705882352941,0.4000000000000001,1.4142135623730951,96
4.0,0.0,0.5,0.0450123054940112,1.0,0.9655278277496108,0.0344721722503891,1.0357029297961662,0.966806160294774,0.3807821592964091,0.0450123054940112,0.7550993374604549,0.7058823529411765,0.0339887620560954,1.0142226478709586,0.3764705882352941,0.4000000000000001,1.4142135623730951,96
4.0,0.0,0.5,0.0608164769291628,1.0,0.9531944877851504,0.0468055122148495,1.049103842725326,0.955518914937448,0.3855075551776674,0.0608164769291628,0.7550993374604549,0.7058823529411765,0.0459224814358899,1.0192287252637329,0.3764705882352941,0.4000000000000001,1.4142135623730951,96
4.0,0.0,0.5,0.0821696161856783,1.0,0.9363406556365016,0.0636593443634983,1.0679873761544876,0.9405613635237152,0.3920598957290517,0.0821696161856783,0.7550993374604549,0.7058823529411765,0.0620462227411855,1.025998707915574,0.3764705882352941,0.4000000000000001,1.4142135623730951,96
4.0,0.0,0.5,0.1110200091328213,1.0,0.9132221276266304,0.0867778723733696,1.0950238389414593,0.92087166056105,0.4012293268932143,0.1110200091328213,0.7550993374604549,0.7058823529411765,0.083831135341047,1.0351508663259117,0.3764705882352941,0.4000000000000001,1.4142135623730951,96
4.0,0.0,0.5,0.15,1.0,0.8813539584973971,0.1186460415026029,1.134617925475572,0.8951820175779158,0.4142216928529716,0.15,0.7550993374604549,0.7058823529411765,0.1132649006190682,1.0475093418536827,0.3764705882352941,0.4000000000000001,1.4142135623730951,96
4.0,5.0,0.5,0.003,1.0,0.9977326076003578,0.0022673923996422,1.002272545151246,0.997738297321253,0.3687145145821331,0.003,0.7550993374604549,0.7005203834160735,0.0022652980123813,1.000924552641388,0.3737896034727426,0.4000000000000001,1.4142135623730951,96
4.0,5.0,0.5,0.0040533233920169,1.0,0.9969355146602668,0.0030644853397331,1.0030739052773914,0.9969458984595612,0.3690085314824452,0.0040533233920169,0.7550993374604549,0.7005203834160735,0.0030606618078249,1.0012492500472938,0.3737896034727426,0.4000000000000001,1.4142135623730951,96
4.0,5.0,0.5,0.0054764768400905,1.0,0.9958577355421394,0.0041422644578605,1.0041594941827765,0.9958766843248436,0.3694064555707039,0.0054764768400905,0.7550993374604549,0.7005203834160735,0.0041352840335699,1.001688015680179,0.3737896034727426,0.4000000000000001,1.4142135623730951,96
4.0,5.0,0.5,0.0073993105605927,1.0,0.99440004133597,0.0055999586640299,1.0056314948021383,0.9944346155156736,0.3699453298822707,0.0073993105605927,0.7550993374604549,0.7005203834160735,0.0055872145019677,1.0022809509206676,0.3737896034727426,0.4000000000000001,1.4142135623730951,96
4.0,5.0,0.5,0.0099972661933495,1.0,0.9924278030361754,0.0075721969638246,1.0076299726193267,0.992490876811978,0.3706756701965283,0.0099972661933495,0.7550993374604549,0.7005203834160735,0.007548929079014,1.0030822762496547,0.3737896034727426,0.4000000000000001,1.4142135623730951,96
4.0,5.0,0.5,0.0135073843059079,1.0,0.9897580992601722,0.0102419007398277,1.0103478827275911,0.9898731385580568,0.3716665865709689,0.0135073843059079,0.7550993374604549,0.7005203834160735,0.0101994169402148,1.004165316494262,0.3737896034727426,0.4000000000000001,1.4142135623730951,96
4.0,5.0,0.5,0.0182499322573664,1.0,0.9861419142572792,0.0138580857427207,1.014052831080766,0.9863516676337264,0.3730130347429777,0.0182499322573664,0.7550993374604549,0.7005203834160735,0.0137805117562355,1.0056292529520936,0.3737896034727426,0.4000000000000001,1.4142135623730951,96
4.0,5.0,0.5,0.024657625773836,1.0,0.9812393851244016,0.0187606148755983,1.0191193047894422,0.9816216720836356,0.374846231992501,0.024657625773836,0.7550993374604549,0.7005203834160735,0.0186189568851714,1.0076082667412871,0.3737896034727426,0.4000000000000001,1.4142135623730951,96
4.0,5.0,0.5,0.0333151104468964,1.0,0.9745850780004424,0.0254149219995576,1.0260776843122834,0.9752814210798232,0.3773488914419742,0.0333151104468964,0.7550993374604549,0.7005203834160735,0.0251562178258734,1.010283905771325,0.3737896034727426,0.4000000000000001,1.4142135623730951,96
4.0,5.0,0.5,0.0450123054940112,1.0,0.965538734419622,0.0344612655803781,1.0356912305554395,0.966806160294774,0.3807780062536995,0.0450123054940112,0.7550993374604549,0.7005203834160735,0.0339887620560954,1.013901757395659,0.3737896034727426,0.4000000000000001,1.4142135623730951,96
4.0,5.0,0.5,0.0608164769291628,1.0,0.9532144628134408,0.0467855371865593,1.0490818582929076,0.955518914937448,0.3854998547302552,0.0608164769291628,0.7550993374604549,0.7005203834160735,0.0459224814358899,1.018793752508219,0.3737896034727426,0.4000000000000001,1.4142135623730951,96
4.0,5.0,0.5,0.0821696161856783,1.0,0.9363773389571876,0.0636226610428123,1.067945536906806,0.9405613635237152,0.3920455139339562,0.0821696161856783,0.7550993374604549,0.7005203834160735,0.0620462227411855,1.0254074822282508,0.3737896034727426,0.4000000000000001,1.4142135623730951,96
4.0,5.0,0.5,0.1110200091328213,1.0,0.9132898383774656,0.0867101616225343,1.0949426545428145,0.92087166056105,0.4012021602739797,0.1110200091328213,0.7550993374604549,0.7005203834160735,0.083831135341047,1.034343162236496,0.3737896034727426,0.4000000000000001,1.4142135623730951,96
4.0,5.0,0.5,0.15,1.0,0.8814801488266008,0.1185198511733992,1.1344554966225493,0.8951820175779158,0.4141694253790814,0.15,0.7550993374604549,0.7005203834160735,0.1132649006190682,1.046395225048618,0.3737896034727426,0.4000000000000001,1.4142135623730951,96
4.0,10.0,0.5,0.003,1.0,0.9977327509096482,0.0022672490903518,1.0022724011898825,0.997738297321253,0.3687144617419214,0.003,0.7550993374604549,0.684597395571497,0.0022652980123813,1.000861289755158,0.3658281095504544,0.4000000000000001,1.4142135623730951,96
4.0,10.0,0.5,0.0040533233920169,1.0,0.9969357762738872,0.0030642237261129,1.0030736420530173,0.9969458984595612,0.3690084349448,0.0040533233920169,0.7550993374604549,0.684597395571497,0.0030606618078249,1.0011637738866992,0.3658281095504544,0.4000000000000001,1.4142135623730951,96
4.0,10.0,0.5,0.0054764768400905,1.0,0.9958582131278356,0.0041417868721643,1.0041590126160185,0.9958766843248436,0.3694062791475068,0.0054764768400905,0.7550993374604549,0.684597395571497,0.0041352840335699,1.001572525258642,0.3658281095504544,0.4000000000000001,1.4142135623730951,96
4.0,10.0,0.5,0.0073993105605927,1.0,0.9944009132051383,0.0055990867948615,1.0056306130862396,0.9944346155156736,0.3699450073384842,0.0073993105605927,0.7550993374604549,0.684597395571497,0.0055872145019677,1.0021249037225315,0.3658281095504544,0.4000000000000001,1.4142135623730951,96
4.0,10.0,0.5,0.0099972661933495,1.0,0.9924293947604864,0.0075706052395134,1.0076283565153172,0.992490876811978,0.3706750801835221,0.0099972661933495,0.7550993374604549,0.684597395571497,0.007548929079014,1.0028714219291976,0.3658281095504544,0.4000000000000001,1.4142135623730951,96
4.0,10.0,0.5,0.0135073843059079,1.0,0.9897610053868696,0.0102389946131304,1.0103449161539035,0.9898731385580568,0.3716655064623487,0.0135073843059079,0.7550993374604549,0.684597395571497,0.0101994169402148,1.0038803858247618,0.3658281095504544,0.4000000000000001,1.4142135623730951,96
4.0,10.0,0.5,0.0182499322573664,1.0,0.9861472208570072,0.0138527791429928,1.0140473743169445,0.9863516676337264,0.373011055317361,0.0182499322573664,0.7550993374604549,0.684597395571497,0.0137805117562355,1.0052441729331705,0.3658281095504544,0.4000000000000001,1.4142135623730951,96
4.0,10.0,0.5,0.024657625773836,1.0,0.9812490772441468,0.0187509227558533,1.019109238613009,0.9816216720836356,0.3748425989555405,0.024657625773836,0.7550993374604549,0.684597395571497,0.0186189568851714,1.0070877155737448,0.3658281095504544,0.4000000000000001,1.4142135623730951,96
4.0,10.0,0.5,0.0333151104468964,1.0,0.9746027874572252,0.0253972125427749,1.0260590395078155,0.9752814210798232,0.3773422088572619,0.0333151104468964,0.7550993374604549,0.684597395571497,0.0251562178258734,1.0095799264646872,0.3658281095504544,0.4000000000000001,1.4142135623730951,96
4.0,10.0,0.5,0.0450123054940112,1.0,0.9655711182786142,0.0344288817213858,1.0356564949692824,0.966806160294774,0.3807656753920991,0.0450123054940112,0.7550993374604549,0.684597395571497,0.0339887620560954,1.0129489760340185,0.3658281095504544,0.4000000000000001,1.4142135623730951,96
4.0,10.0,0.5,0.0608164769291628,1.0,0.9532737649219584,0.0467262350780415,1.0490165960686717,0.955518914937448,0.3854769944538744,0.0608164769291628,0.7550993374604549,0.684597395571497,0.0459224814358899,1.01750240006681,0.3658281095504544,0.4000000000000001,1.4142135623730951,96
4.0,10.0,0.5,0.0821696161856783,1.0,0.9364862196493604,0.0635137803506395,1.0678213720800085,0.9405613635237152,0.3920028300708023,0.0821696161856783,0.7550993374604549,0.684597395571497,0.0620462227411855,1.0236526503083947,0.3658281095504544,0.4000000000000001,1.4142135623730951,96
4.0,10.0,0.5,0.1110200091328213,1.0,0.9134907234666112,0.0865092765333888,1.0947018664897814,0.92087166056105,0.4011215728369263,0.1110200091328213,0.7550993374604549,0.684597395571497,0.083831135341047,1.0319468558006084,0.3658281095504544,0.4000000000000001,1.4142135623730951,96
4.0,10.0,0.5,0.15,1.0,0.8818542022225623,0.1181457977774377,1.1339742981092242,0.8951820175779158,0.4140145328698555,0.15,0.7550993374604549,0.684597395571497,0.1132649006190682,1.0430927598196098,0.3658281095504544,0.4000000000000001,1.4142135623730951,96
4.0,15.0,0.5,0.003,1.0,0.9977329849150174,0.0022670150849826,1.002272166119852,0.997738297321253,0.3687143754607678,0.003,0.7550993374604549,0.6585972013356843,0.0022652980123813,1.0007579897178498,0.3528280124325481,0.4000000000000001,1.4142135623730951,96
4.0,15.0,0.5,0.0040533233920169,1.0,0.9969362034543388,0.0030637965456611,1.0030732122427144,0.9969458984595612,0.3690082773116437,0.0040533233920169,0.7550993374604549,0.6585972013356843,0.0030606618078249,1.0010242026179306,0.3528280124325481,0.4000000000000001,1.4142135623730951,96
4.0,15.0,0.5,0.0054764768400905,1.0,0.9958589929606378,0.0041410070393621,1.004158226283674,0.9958766843248436,0.3694059910724853,0.0054764768400905,0.7550993374604549,0.6585972013356843,0.0041352840335699,1.0013839450315305,0.3528280124325481,0.4000000000000001,1.4142135623730951,96
4.0,15.0,0.5,0.0073993105605927,1.0,0.9944023368445046,0.0055976631554953,1.005629173371875,0.9944346155156736,0.3699444806705834,0.0073993105605927,0.7550993374604549,0.6585972013356843,0.0055872145019677,1.001870100659991,0.3528280124325481,0.4000000000000001,1.4142135623730951,96
4.0,15.0,0.5,0.0099972661933495,1.0,0.9924319938051483,0.0075680061948516,1.0076257176734444,0.992490876811978,0.3706741167836856,0.0099972661933495,0.7550993374604549,0.6585972013356843,0.007548929079014,1.0025271287672646,0.3528280124325481,0.4000000000000001,1.4142135623730951,96
4.0,15.0,0.5,0.0135073843059079,1.0,0.9897657505961068,0.010234249403893,1.0103400722824862,0.9898731385580568,0.3716637428359385,0.0135073843059079,0.7550993374604549,0.6585972013356843,0.0101994169402148,1.003415142638289,0.3528280124325481,0.4000000000000001,1.4142135623730951,96
4.0,15.0,0.5,0.0182499322573664,1.0,0.9861558854444268,0.0138441145555732,1.01403846466863,0.9863516676337264,0.3730078233444656,0.0182499322573664,0.7550993374604549,0.6585972013356843,0.0137805117562355,1.004615416354828,0.3528280124325481,0.4000000000000001,1.4142135623730951,96
4.0,15.0,0.5,0.024657625773836,1.0,0.9812649018673756,0.0187350981326244,1.0190928036832572,0.9816216720836356,0.3748366672595755,0.024657625773836,0.7550993374604549,0.6585972013356843,0.0186189568851714,1.0062377956063424,0.3528280124325481,0.4000000000000001,1.4142135623730951,96
4.0,15.0,0.5,0.0333151104468964,1.0,0.9746317001662806,0.0253682998337193,1.0260286011930366,0.9752814210798232,0.3773312990294798,0.0333151104468964,0.7550993374604549,0.6585972013356843,0.0251562178258734,1.0084305999142609,0.3528280124325481,0.4000000000000001,1.4142135623730951,96
4.0,15.0,0.5,0.0450123054940112,1.0,0.965623981672606,0.034376018327394,1.0355997976229314,0.966806160294774,0.3807455473582051,0.0450123054940112,0.7550993374604549,0.6585972013356843,0.0339887620560954,1.0113936562520107,0.3528280124325481,0.4000000000000001,1.4142135623730951,96
4.0,15.0,0.5,0.0608164769291628,1.0,0.9533705461176354,0.0466294538823646,1.048910105385835,0.955518914937448,0.3854396893346913,0.0608164769291628,0.7550993374604549,0.6585972013356843,0.0459224814358899,1.0153949095164132,0.3528280124325481,0.4000000000000001,1.4142135623730951,96
4.0,15.0,0.5,0.0821696161856783,1.0,0.9366638324804132,0.0633361675195869,1.0676188887873082,0.9405613635237152,0.3919332115211297,0.0821696161856783,0.7550993374604549,0.6585972013356843,0.0620462227411855,1.0207900613673475,0.3528280124325481,0.4000000000000001,1.4142135623730951,96
4.0,15.0,0.5,0.1110200091328213,1.0,0.913818135573079,0.086181864426921,1.094309645510454,0.92087166056105,0.4009902622753212,0.1110200091328213,0.7550993374604549,0.6585972013356843,0.083831135341047,1.02804124119649,0.3528280124325481,0.4000000000000001,1.4142135623730951,96
4.0,15.0,0.5,0.15,1.0,0.8824628066891442,0.1175371933108557,1.133192234754727,0.8951820175779158,0.413762638435735,0.15,0.7550993374604549,0.6585972013356843,0.1132649006190682,1.0377194759226964,0.3528280124325481,0.4000000000000001,1.4142135623730951,96
4.0,20.0,0.5,0.003,1.0,0.9977333025059224,0.0022666974940774,1.00227184708417,0.997738297321253,0.3687142583604542,0.003,0.7550993374604549,0.6233098034537571,0.0022652980123813,1.0006177914289738,0.3351843134915844,0.4000000000000001,1.4142135623730951,96
4.0,20.0,0.5,0.0040533233920169,1.0,0.9969367832206004,0.0030632167793994,1.003072628907827,0.9969458984595612,0.3690080633731563,0.0040533233920169,0.7550993374604549,0.6233098034537571,0.0030606618078249,1.0008347774876585,0.3351843134915844,0.4000000000000001,1.4142135623730951,96
4.0,20.0,0.5,0.0054764768400905,1.0,0.9958600513411882,0.0041399486588118,1.004157159083986,0.9958766843248436,0.369405600100576,0.0054764768400905,0.7550993374604549,0.6233098034537571,0.0041352840335699,1.0011280060097556,0.3351843134915844,0.4000000000000001,1.4142135623730951,96
4.0,20.0,0.5,0.0073993105605927,1.0,0.9944042689823966,0.0055957310176033,1.0056272194238765,0.9944346155156736,0.3699437658875248,0.0073993105605927,0.7550993374604549,0.6233098034537571,0.0055872145019677,1.0015242864995837,0.3351843134915844,0.4000000000000001,1.4142135623730951,96
4.0,20.0,0.5,0.0099972661933495,1.0,0.992435521149138,0.007564478850862,1.0076221363400044,0.992490876811978,0.3706728092908736,0.0099972661933495,0.7550993374604549,0.6233098034537571,0.007548929079014,1.0020598646093102,0.3351843134915844,0.4000000000000001,1.4142135623730951,96
4.0,20.0,0.5,0.0135073843059079,1.0,0.989772190539183,0.010227809460817,1.010333498514689,0.9898731385580568,0.3716613493502982,0.0135073843059079,0.7550993374604549,0.6233098034537571,0.0101994169402148,1.0027837395773314,0.3351843134915844,0.4000000000000001,1.4142135623730951,96
4.0,20.0,0.5,0.0182499322573664,1.0,0.98616764419036,0.01383235580964,1.014026373599994,0.9863516676337264,0.3730034372660273,0.0182499322573664,0.7550993374604549,0.6233098034537571,0.0137805117562355,1.0037621283100022,0.3351843134915844,0.4000000000000001,1.4142135623730951,96
4.0,20.0,0.5,0.024657625773836,1.0,0.9812863763014976,0.0187136236985022,1.0190705018947013,0.9816216720836356,0.3748286179406854,0.024657625773836,0.7550993374604549,0.6233098034537571,0.0186189568851714,1.0050844316314116,0.3351843134915844,0.4000000000000001,1.4142135623730951,96
4.0,20.0,0.5,0.0333151104468964,1.0,0.974670931381467,0.025329068618533,1.0259873027942183,0.9752814210798232,0.3773164961544604,0.0333151104468964,0.7550993374604549,0.6233098034537571,0.0251562178258734,1.006871096198007,0.3351843134915844,0.4000000000000001,1.4142135623730951,96
4.0,20.0,0.5,0.0450123054940112,1.0,0.9656956974402032,0.0343043025597967,1.0355228905448457,0.966806160294774,0.3807182428781097,0.0450123054940112,0.7550993374604549,0.6233098034537571,0.0339887620560954,1.0092836715612217,0.3351843134915844,0.4000000000000001,1.4142135623730951,96
4.0,20.0,0.5,0.0608164769291628,1.0,0.9535017953003618,0.0464982046996381,1.0487657232831855,0.955518914937448,0.3853891040101897,0.0608164769291628,0.7550993374604549,0.6233098034537571,0.0459224814358899,1.0125368500513627,0.3351843134915844,0.4000000000000001,1.4142135623730951,96
4.0,20.0,0.5,0.0821696161856783,1.0,0.9369045417106222,0.0630954582893777,1.0673445964667614,0.9405613635237152,0.3918388809330682,0.0821696161856783,0.7550993374604549,0.6233098034537571,0.0620462227411855,1.0169105467156143,0.3351843134915844,0.4000000000000001,1.4142135623730951,96
4.0,20.0,0.5,0.1110200091328213,1.0,0.9142613028209908,0.0857386971790091,1.0937792039479948,0.92087166056105,0.4008125958952179,0.1110200091328213,0.7550993374604549,0.6233098034537571,0.083831135341047,1.02275481335427,0.3351843134915844,0.4000000000000001,1.4142135623730951,96
4.0,20.0,0.5,0.15,1.0,0.8832845510966189,0.1167154489033811,1.132137994215427,0.8951820175779158,0.4134227709628011,0.15,0.7550993374604549,0.6233098034537571,0.1132649006190682,1.0304644092340467,0.3351843134915844,0.4000000000000001,1.4142135623730951,96
4.0,25.0,0.5,0.003,1.0,0.9977336940320236,0.0022663059679762,1.0022714537772277,0.997738297321253,0.3687141139992264,0.003,0.7550993374604549,0.5798073916540727,0.0022652980123813,1.00044495496372,0.3134331075917422,0.4000000000000001,1.4142135623730951,96
4.0,25.0,0.5,0.0040533233920169,1.0,0.9969374979550986,0.0030625020449014,1.0030719097748688,0.9969458984595612,0.3690077996304576,0.0040533233920169,0.7550993374604549,0.5798073916540727,0.0030606618078249,1.000601254627928,0.3134331075917422,0.4000000000000001,1.4142135623730951,96
4.0,25.0,0.5,0.0054764768400905,1.0,0.9958613561055676,0.0041386438944323,1.004155843450555,0.9958766843248436,0.3694051181136218,0.0054764768400905,0.7550993374604549,0.5798073916540727,0.0041352840335699,1.0008124861158505,0.3134331075917422,0.4000000000000001,1.4142135623730951,96
4.0,25.0,0.5,0.0073993105605927,1.0,0.9944066508932492,0.0055933491067508,1.005624810636299,0.9944346155156736,0.3699428847155034,0.0073993105605927,0.7550993374604549,0.5798073916540727,0.0055872145019677,1.0010979719466493,0.3134331075917422,0.4000000000000001,1.4142135623730951,96
4.0,25.0,0.5,0.0099972661933495,1.0,0.9924398695541194,0.0075601304458805,1.0076177214134667,0.992490876811978,0.3706711974588877,0.0099972661933495,0.7550993374604549,0.5798073916540727,0.007548929079014,1.001483835223417,0.3134331075917422,0.4000000000000001,1.4142135623730951,96
4.0,25.0,0.5,0.0135073843059079,1.0,0.9897801293357492,0.0102198706642507,1.0103253948643214,0.9898731385580568,0.3716583988181661,0.0135073843059079,0.7550993374604549,0.5798073916540727,0.0101994169402148,1.0020053816954273,0.3134331075917422,0.4000000000000001,1.4142135623730951,96
4.0,25.0,0.5,0.0182499322573664,1.0,0.9861821391245154,0.0138178608754846,1.0140114694104594,0.9863516676337264,0.3729980306449488,0.0182499322573664,0.7550993374604549,0.5798073916540727,0.0137805117562355,1.0027102853587535,0.3134331075917422,0.4000000000000001,1.4142135623730951,96
4.0,25.0,0.5,0.024657625773836,1.0,0.9813128457652686,0.0186871542347314,1.019043013973957,0.9816216720836356,0.37481869655947,0.024657625773836,0.7550993374604549,0.5798073916540727,0.0186189568851714,1.003662791099449,0.3134331075917422,0.4000000000000001,1.4142135623730951,96
4.0,25.0,0.5,0.0333151104468964,1.0,0.9747192814284596,0.0252807185715404,1.0259364096445198,0.9752814210798232,0.3772982533251647,0.0333151104468964,0.7550993374604549,0.5798073916540727,0.0251562178258734,1.0049491042941674,0.3134331075917422,0.4000000000000001,1.4142135623730951,96
4.0,25.0,0.5,0.0450123054940112,1.0,0.9657840609208252,0.0342159390791748,1.035428146377309,0.966806160294774,0.3806846027753329,0.0450123054940112,0.7550993374604549,0.5798073916540727,0.0339887620560954,1.006683886359393,0.3134331075917422,0.4000000000000001,1.4142135623730951,96
4.0,25.0,0.5,0.0608164769291628,1.0,0.9536634385161892,0.0463365614838108,1.0485879605030326,0.955518914937448,0.3853268135106266,0.0608164769291628,0.7550993374604549,0.5798073916540727,0.0459224814358899,1.0090169353870604,0.3134331075917422,0.4000000000000001,1.4142135623730951,96
4.0,25.0,0.5,0.0821696161856783,1.0,0.937200742828272,0.0627992571717279,1.067007263547629,0.9405613635237152,0.3917228350059122,0.0821696161856783,0.7550993374604549,0.5798073916540727,0.0620462227411855,1.0121366683945217,0.3134331075917422,0.4000000000000001,1.4142135623730951,96
4.0,25.0,0.5,0.1110200091328213,1.0,0.914805766109612,0.085194233890388,1.0931282213629818,0.92087166056105,0.4005944275488537,0.1110200091328213,0.7550993374604549,0.5798073916540727,0.083831135341047,1.0162600511587434,0.3134331075917422,0.4000000000000001,1.4142135623730951,96
4.0,25.0,0.5,0.15,1.0,0.8842909998689041,0.1157090001310958,1.1308494603566583,0.8951820175779158,0.4130068914383543,0.15,0.7550993374604549,0.5798073916540727,0.1132649006190682,1.0215786134863405,0.3134331075917422,0.4000000000000001,1.4142135623730951,96
4.0,30.0,0.5,0.003,1.0,0.9977341475964656,0.0022658524035342,1.0022709981501512,0.997738297321253,0.3687139467636529,0.003,0.7550993374604549,0.5294117647058825,0.0022652980123813,1.000244732105833,0.2882352941176471,0.4000000000000001,1.4142135623730951,96
4.0,30.0,0.5,0.0040533233920169,1.0,0.9969383259392118,0.0030616740607881,1.003071076696649,0.9969458984595612,0.3690074940979884,0.0040533233920169,0.7550993374604549,0.5294117647058825,0.0030606618078249,1.0003307300926283,0.2882352941176471,0.4000000000000001,1.4142135623730951,96
4.0,30.0,0.5,0.0054764768400905,1.0,0.9958628676032538,0.0041371323967461,1.0041543193659817,0.9958766843248436,0.3694045597590626,0.0054764768400905,0.7550993374604549,0.5294117647058825,0.0041352840335699,1.000446973693039,0.2882352941176471,0.4000000000000001,1.4142135623730951,96
4.0,30.0,0.5,0.0073993105605927,1.0,0.9944094101841856,0.0055905898158145,1.0056220202248278,0.9944346155156736,0.369941863936863,0.0073993105605927,0.7550993374604549,0.5294117647058825,0.0055872145019677,1.0006041138827926,0.2882352941176471,0.4000000000000001,1.4142135623730951,96
4.0,30.0,0.5,0.0099972661933495,1.0,0.9924449068302788,0.0075550931697211,1.0076126071258211,0.992490876811978,0.3706693302904045,0.0099972661933495,0.7550993374604549,0.5294117647058825,0.007548929079014,1.0008165516780705,0.2882352941176471,0.4000000000000001,1.4142135623730951,96
4.0,30.0,0.5,0.0135073843059079,1.0,0.989789325550405,0.010210674449595,1.0103160078473437,0.9898731385580568,0.3716549809834675,0.0135073843059079,0.7550993374604549,0.5294117647058825,0.0101994169402148,1.001103740483024,0.2882352941176471,0.4000000000000001,1.4142135623730951,96
4.0,30.0,0.5,0.0182499322573664,1.0,0.9861989290952552,0.0138010709047446,1.0139942059330829,0.9863516676337264,0.3729917680715026,0.0182499322573664,0.7550993374604549,0.5294117647058825,0.0137805117562355,1.0014919002191485,0.2882352941176471,0.4000000000000001,1.4142135623730951,96
4.0,30.0,0.5,0.024657625773836,1.0,0.9813435035615056,0.0186564964384943,1.0190111784209972,0.9816216720836356,0.3748072056203893,0.024657625773836,0.7550993374604549,0.5294117647058825,0.0186189568851714,1.0020162006687283,0.2882352941176471,0.4000000000000001,1.4142135623730951,96
4.0,30.0,0.5,0.0333151104468964,1.0,0.9747752730863444,0.0252247269136557,1.0258774792612342,0.9752814210798232,0.3772771283618603,0.0333151104468964,0.7550993374604549,0.5294117647058825,0.0251562178258734,1.0027233461030003,0.2882352941176471,0.4000000000000001,1.4142135623730951,96
4.0,30.0,0.5,0.0450123054940112,1.0,0.9658863600740007,0.0341136399259992,1.0353184819002783,0.966806160294774,0.3806456610547284,0.0450123054940112,0.7550993374604549,0.5294117647058825,0.0339887620560954,1.0036740929162904,0.2882352941176471,0.4000000000000001,1.4142135623730951,96
4.0,30.0,0.5,0.0608164769291628,1.0,0.953850473377818,0.0461495266221819,1.0483823491314683,0.955518914937448,0.3852547507027185,0.0608164769291628,0.7550993374604549,0.5294117647058825,0.0459224814358899,1.004944096642709,0.2882352941176471,0.4000000000000001,1.4142135623730951,96
4.0,30.0,0.5,0.0821696161856783,1.0,0.9375431302853238,0.0624568697146762,1.066617596243992,0.9405613635237152,0.3915887369786168,0.0821696161856783,0.7550993374604549,0.5294117647058825,0.0620462227411855,1.006618404076,0.2882352941176471,0.4000000000000001,1.4142135623730951,96
4.0,30.0,0.5,0.1110200091328213,1.0,0.9154339484383478,0.0845660515616522,1.0923781029815582,0.92087166056105,0.4003428602318224,0.1110200091328213,0.7550993374604549,0.5294117647058825,0.083831135341047,1.0087666261182708,0.2882352941176471,0.4000000000000001,1.4142135623730951,96
4.0,30.0,0.5,0.15,1.0,0.8854480401090431,0.1145519598909569,1.1293717470726456,0.8951820175779158,0.4125293021937732,0.15,0.7550993374604549,0.5294117647058825,0.1132649006190682,1.0113632666859198,0.2882352941176471,0.4000000000000001,1.4142135623730951,96
4.0,35.0,0.5,0.003,1.0,0.9977346494174216,0.0022653505825783,1.0022704940475915,0.997738297321253,0.3687137617353141,0.003,0.7550993374604549,0.473654168232589,0.0022652980123813,1.0000232067466277,0.2603564958810004,0.4000000000000001,1.4142135623730951,96
4.0,35.0,0.5,0.0040533233920169,1.0,0.9969392420133928,0.0030607579866072,1.0030701549880068,0.9969458984595612,0.3690071560599052,0.0040533233920169,0.7550993374604549,0.473654168232589,0.0030606618078249,1.0000314241782622,0.2603564958810004,0.4000000000000001,1.4142135623730951,96
4.0,35.0,0.5,0.0054764768400905,1.0,0.9958645399025932,0.0041354600974067,1.0041526331460815,0.9958766843248436,0.3694039420045779,0.0054764768400905,0.7550993374604549,0.473654168232589,0.0041352840335699,1.0000425759960792,0.2603564958810004,0.4000000000000001,1.4142135623730951,96
4.0,35.0,0.5,0.0073993105605927,1.0,0.994412462997016,0.0055875370029839,1.0056189329990333,0.9944346155156736,0.3699407345753181,0.0073993105605927,0.7550993374604549,0.473654168232589,0.0055872145019677,1.0000577212520008,0.2603564958810004,0.4000000000000001,1.4142135623730951,96
4.0,35.0,0.5,0.0099972661933495,1.0,0.9924504798607804,0.0075495201392195,1.0076069489535422,0.992490876811978,0.370667264544677,0.0099972661933495,0.7550993374604549,0.473654168232589,0.007548929079014,1.0000782972259086,0.2603564958810004,0.4000000000000001,1.4142135623730951,96
4.0,35.0,0.5,0.0135073843059079,1.0,0.9897994995550368,0.0102005004449632,1.0103056229565168,0.9898731385580568,0.3716511997832046,0.0135073843059079,0.7550993374604549,0.473654168232589,0.0101994169402148,1.0001062320282363,0.2603564958810004,0.4000000000000001,1.4142135623730951,96
4.0,35.0,0.5,0.0182499322573664,1.0,0.986217503261998,0.013782496738002,1.013975108627068,0.9863516676337264,0.3729848401245494,0.0182499322573664,0.7550993374604549,0.473654168232589,0.0137805117562355,1.000144042674289,0.2603564958810004,0.4000000000000001,1.4142135623730951,96
4.0,35.0,0.5,0.024657625773836,1.0,0.9813774158828104,0.0186225841171895,1.0189759656334023,0.9816216720836356,0.3747944952535252,0.024657625773836,0.7550993374604549,0.473654168232589,0.0186189568851714,1.0001948139222026,0.2603564958810004,0.4000000000000001,1.4142135623730951,96
4.0,35.0,0.5,0.0333151104468964,1.0,0.9748371974577656,0.0251628025422344,1.025812312669085,0.9752814210798232,0.3772537664361787,0.0333151104468964,0.7550993374604549,0.473654168232589,0.0251562178258734,1.000261753034841,0.2603564958810004,0.4000000000000001,1.4142135623730951,96
4.0,35.0,0.5,0.0450123054940112,1.0,0.96599946118996,0.0340005388100399,1.035197264777101,0.966806160294774,0.3806026120401698,0.0450123054940112,0.7550993374604549,0.473654168232589,0.0339887620560954,1.0003464896404592,0.2603564958810004,0.4000000000000001,1.4142135623730951,96
4.0,35.0,0.5,0.0608164769291628,1.0,0.954057132213978,0.0459428677860219,1.0481552584585865,0.955518914937448,0.3851751426304523,0.0608164769291628,0.7550993374604549,0.473654168232589,0.0459224814358899,1.0004439296286831,0.2603564958810004,0.4000000000000001,1.4142135623730951,96
4.0,35.0,0.5,0.0821696161856783,1.0,0.9379210182264832,0.0620789817735167,1.066187856511524,0.9405613635237152,0.3914407882727953,0.0821696161856783,0.7550993374604549,0.473654168232589,0.0620462227411855,1.000527977866886,0.2603564958810004,0.4000000000000001,1.4142135623730951,96
4.0,35.0,0.5,0.1110200091328213,1.0,0.9161258203627868,0.0838741796372131,1.091553122696617,0.92087166056105,0.4000659700439979,0.1110200091328213,0.7550993374604549,0.473654168232589,0.083831135341047,1.000513464311212,0.2603564958810004,0.4000000000000001,1.4142135623730951,96
4.0,35.0,0.5,0.15,1.0,0.8867173828066404,0.1132826171933596,1.1277550428015712,0.8951820175779158,0.4120059933358916,0.15,0.7550993374604549,0.473654168232589,0.1132649006190682,1.0001564171618442,0.2603564958810004,0.4000000000000001,1.4142135623730951,96
4.0,40.0,0.5,0.003,1.0,0.9977351842469082,0.0022648157530917,1.0022699567869815,0.997738297321253,0.368713564536375,0.003,0.7550993374604549,0.4142287685883284,0.0022652980123813,0.9997871100018884,0.2306437960588701,0.4000000000000001,1.4142135623730951,96
4.0,40.0,0.5,0.0040533233920169,1.0,0.9969402183418316,0.0030597816581684,1.003069172656368,0.9969458984595612,0.3690067957879006,0.0040533233920169,0.7550993374604549,0.4142287685883284,0.0030606618078249,0.9997124315877493,0.2306437960588701,0.4000000000000001,1.4142135623730951,96
4.0,40.0,0.5,0.0054764768400905,1.0,0.9958663221870856,0.0041336778129142,1.0041508360317235,0.9958766843248436,0.3694032836222473,0.0054764768400905,0.7550993374604549,0.4142287685883284,0.0041352840335699,0.9996115815400836,0.2306437960588701,0.4000000000000001,1.4142135623730951,96
4.0,40.0,0.5,0.0073993105605927,1.0,0.9944157165584668,0.0055842834415331,1.0056156427825371,0.9944346155156736,0.3699395309523631,0.0073993105605927,0.7550993374604549,0.4142287685883284,0.0055872145019677,0.9994753986206312,0.2306437960588701,0.4000000000000001,1.4142135623730951,96
4.0,40.0,0.5,0.0099972661933495,1.0,0.9924564192615906,0.0075435807384094,1.0076009188836947,0.992490876811978,0.3706650630097636,0.0099972661933495,0.7550993374604549,0.4142287685883284,0.007548929079014,0.999291510021009,0.2306437960588701,0.4000000000000001,1.4142135623730951,96
4.0,40.0,0.5,0.0135073843059079,1.0,0.9898103420500058,0.0101896579499941,1.0102945559539116,0.9898731385580568,0.3716471701787862,0.0135073843059079,0.7550993374604549,0.4142287685883284,0.0101994169402148,0.999043181558525,0.2306437960588701,0.4000000000000001,1.4142135623730951,96
4.0,40.0,0.5,0.0182499322573664,1.0,0.9862372966996164,0.0137627033003835,1.013954758501265,0.9863516676337264,0.3729774575454472,0.0182499322573664,0.7550993374604549,0.4142287685883284,0.0137805117562355,0.9987077072196544,0.2306437960588701,0.4000000000000001,1.4142135623730951,96
4.0,40.0,0.5,0.024657625773836,1.0,0.9814135504608308,0.0185864495391693,1.0189384480481667,0.9816216720836356,0.374780952457278,0.024657625773836,0.7550993374604549,0.4142287685883284,0.0186189568851714,0.9982540726528036,0.2306437960588701,0.4000000000000001,1.4142135623730951,96
4.0,40.0,0.5,0.0333151104468964,1.0,0.9749031668136802,0.0250968331863198,1.0257428984135368,0.9752814210798232,0.3772288800690683,0.0333151104468964,0.7550993374604549,0.4142287685883284,0.0251562178258734,0.9976393653463872,0.2306437960588701,0.4000000000000001,1.4142135623730951,96
4.0,40.0,0.5,0.0450123054940112,1.0,0.9661199071802108,0.0338800928197893,1.035068206925447,0.966806160294774,0.3805567727423058,0.0450123054940112,0.7550993374604549,0.4142287685883284,0.0339887620560954,0.9968027892240734,0.2306437960588701,0.4000000000000001,1.4142135623730951,96
4.0,40.0,0.5,0.0608164769291628,1.0,0.9542770675954502,0.0457229324045498,1.0479136866610037,0.955518914937448,0.3850904383036049,0.0608164769291628,0.7550993374604549,0.4142287685883284,0.0459224814358899,0.9956546548640088,0.2306437960588701,0.4000000000000001,1.4142135623730951,96
4.0,40.0,0.5,0.0821696161856783,1.0,0.9383226995866067,0.0616773004133931,1.0657314380655676,0.9405613635237152,0.3912835853794037,0.0821696161856783,0.7550993374604549,0.4142287685883284,0.0620462227411855,0.9940540727300788,0.2306437960588701,0.4000000000000001,1.4142135623730951,96
4.0,40.0,0.5,0.1110200091328213,1.0,0.9168596237665576,0.0831403762334422,1.0906795043410165,0.92087166056105,0.3997725079583544,0.1110200091328213,0.7550993374604549,0.4142287685883284,0.083831135341047,0.9917601126980492,0.2306437960588701,0.4000000000000001,1.4142135623730951,96
4.0,40.0,0.5,0.15,1.0,0.8880581071894815,0.1119418928105184,1.1260524417313087,0.8951820175779158,0.4114539769883273,0.15,0.7550993374604549,0.4142287685883284,0.1132649006190682,0.9883193487009776,0.2306437960588701,0.4000000000000001,1.4142135623730951,96
4.0,45.0,0.5,0.003,1.0,0.9977357358341352,0.0022642641658646,1.0022694026930603,0.997738297321253,0.3687133611587384,0.003,0.7550993374604549,0.3529411764705883,0.0022652980123813,0.9995436156695308,0.2,0.4000000000000001,1.4142135623730951,96
4.0,45.0,0.5,0.0040533233920169,1.0,0.9969412252583943,0.0030587747416056,1.003068159550542,0.9969458984595612,0.3690064242290332,0.0040533233920169,0.7550993374604549,0.3529411764705883,0.0030606618078249,0.9993834450397348,0.2,0.4000000000000001,1.4142135623730951,96
4.0,45.0,0.5,0.0054764768400905,1.0,0.9958681602999598,0.0041318397000401,1.0041489826311905,0.9958766843248436,0.36940260461794,0.0054764768400905,0.7550993374604549,0.3529411764705883,0.0041352840335699,0.9991670865890212,0.2,0.4000000000000001,1.4142135623730951,96
4.0,45.0,0.5,0.0073993105605927,1.0,0.994419072000864,0.0055809279991361,1.0056122495598427,0.9944346155156736,0.3699382896436591,0.0073993105605927,0.7550993374604549,0.3529411764705883,0.0055872145019677,0.9988748413311512,0.2,0.4000000000000001,1.4142135623730951,96
4.0,45.0,0.5,0.0099972661933495,1.0,0.9924625445341952,0.0075374554658047,1.007594700180189,0.992490876811978,0.3706627925921611,0.0099972661933495,0.7550993374604549,0.3529411764705883,0.007548929079014,0.998480100542847,0.2,0.4000000000000001,1.4142135623730951,96
4.0,45.0,0.5,0.0135073843059079,1.0,0.989821523482276,0.0101784765177239,1.0102831432498207,0.9898731385580568,0.3716430146543568,0.0135073843059079,0.7550993374604549,0.3529411764705883,0.0101994169402148,0.9979469000420684,0.2,0.4000000000000001,1.4142135623730951,96
4.0,45.0,0.5,0.0182499322573664,1.0,0.9862577076307172,0.0137422923692829,1.01393377437049,0.9863516676337264,0.3729698448059511,0.0182499322573664,0.7550993374604549,0.3529411764705883,0.0137805117562355,0.9972265625813664,0.2,0.4000000000000001,1.4142135623730951,96
4.0,45.0,0.5,0.024657625773836,1.0,0.9814508081551993,0.0185491918448008,1.0188997672534064,0.9816216720836356,0.3747669892432165,0.024657625773836,0.7550993374604549,0.3529411764705883,0.0186189568851714,0.9962530102625612,0.2,0.4000000000000001,1.4142135623730951,96
4.0,45.0,0.5,0.0333151104468964,1.0,0.9749711726955236,0.0250288273044763,1.0256713511182884,0.9752814210798232,0.3772032271587067,0.0333151104468964,0.7550993374604549,0.3529411764705883,0.0251562178258734,0.9949360224864132,0.2,0.4000000000000001,1.4142135623730951,96
4.0,45.0,0.5,0.0450123054940112,1.0,0.9662440250880884,0.0337559749119117,1.0349352482762668,0.966806160294774,0.3805095417630102,0.0450123054940112,0.7550993374604549,0.3529411764705883,0.0339887620560954,0.993151055522424,0.2,0.4000000000000001,1.4142135623730951,96
4.0,45.0,0.5,0.0608164769291628,1.0,0.954503553346168,0.045496446653832,1.0476650364415478,0.955518914937448,0.385003230682606,0.0608164769291628,0.7550993374604549,0.3529411764705883,0.0459224814358899,0.990722740393446,0.2,0.4000000000000001,1.4142135623730951,96
4.0,45.0,0.5,0.0821696161856783,1.0,0.9387358284247654,0.0612641715752345,1.0652624196500928,0.9405613635237152,0.3911219682330361,0.0821696161856783,0.7550993374604549,0.3529411764705883,0.0620462227411855,0.9873956684001024,0.2,0.4000000000000001,1.4142135623730951,96
4.0,45.0,0.5,0.1110200091328213,1.0,0.9176126178861136,0.0823873821138863,1.0897844913071058,0.92087166056105,0.3994715949177954,0.1110200091328213,0.7550993374604549,0.3529411764705883,0.083831135341047,0.9827778399840678,0.2,0.4000000000000001,1.4142135623730951,96
4.0,45.0,0.5,0.15,1.0,0.8894281575698042,0.1105718424301958,1.1243179018891336,0.8951820175779158,0.4108906502917621,0.15,0.7550993374604549,0.3529411764705883,0.1132649006190682,0.9762233651011648,0.2,0.4000000000000001,1.4142135623730951,96
4.0,50.0,0.5,0.003,1.0,0.9977362874193112,0.0022637125806889,1.0022688486018123,0.997738297321253,0.3687131577819704,0.003,0.7550993374604549,0.2916535843528481,0.0022652980123813,0.9993001222427316,0.1693562039411299,0.4000000000000001,1.4142135623730951,96
4.0,50.0,0.5,0.0040533233920169,1.0,0.9969422321681228,0.003057767831877,1.0030671464536387,0.9969458984595612,0.3690060526730617,0.0040533233920169,0.7550993374604549,0.2916535843528481,0.0030606618078249,0.9990544607246362,0.1693562039411299,0.4000000000000001,1.4142135623730951,96
4.0,50.0,0.5,0.0054764768400905,1.0,0.9958699983900596,0.0041300016099403,1.004147129260463,0.9958766843248436,0.3694019256232936,0.0054764768400905,0.7550993374604549,0.2916535843528481,0.0041352840335699,0.9987225971452804,0.1693562039411299,0.4000000000000001,1.4142135623730951,96
4.0,50.0,0.5,0.0073993105605927,1.0,0.9944224273673704,0.0055775726326297,1.005608856436792,0.9944346155156736,0.3699370483671951,0.0073993105605927,0.7550993374604549,0.2916535843528481,0.0055872145019677,0.99827429762458,0.1693562039411299,0.4000000000000001,1.4142135623730951,96
4.0,50.0,0.5,0.0099972661933495,1.0,0.99246866955391,0.0075313304460898,1.0075884818101866,0.992490876811978,0.3706605222822018,0.0099972661933495,0.7550993374604549,0.2916535843528481,0.007548929079014,0.9976687245647772,0.1693562039411299,0.4000000000000001,1.4142135623730951,96
4.0,50.0,0.5,0.0135073843059079,1.0,0.9898327040718758,0.0101672959281241,1.0102717316636427,0.9898731385580568,0.371638859489561,0.0135073843059079,0.7550993374604549,0.2916535843528481,0.0101994169402148,0.9968507011450776,0.1693562039411299,0.4000000000000001,1.4142135623730951,96
4.0,50.0,0.5,0.0182499322573664,1.0,0.986278115754079,0.013721884245921,1.013912793994653,0.9863516676337264,0.3729622332690168,0.0182499322573664,0.7550993374604549,0.2916535843528481,0.0137805117562355,0.9957456216901353,0.1693562039411299,0.4000000000000001,1.4142135623730951,96
4.0,50.0,0.5,0.024657625773836,1.0,0.9814880564954044,0.0185119435045957,1.0188610991056746,0.9816216720836356,0.3747530300548834,0.024657625773836,0.7550993374604549,0.2916535843528481,0.0186189568851714,0.994252450272286,0.1693562039411299,0.4000000000000001,1.4142135623730951,96
4.0,50.0,0.5,0.0333151104468964,1.0,0.975039147420126,0.0249608525798741,1.0255998465763334,0.9752814210798232,0.3771775877446474,0.0333151104468964,0.7550993374604549,0.2916535843528481,0.0251562178258734,0.9922339181767476,0.1693562039411299,0.4000000000000001,1.4142135623730951,96
4.0,50.0,0.5,0.0450123054940112,1.0,0.9663680392583166,0.0336319607416834,1.0348024348647704,0.966806160294774,0.3804623561138296,0.0450123054940112,0.7550993374604549,0.2916535843528481,0.0339887620560954,0.9895023739369144,0.1693562039411299,0.4000000000000001,1.4142135623730951,96
4.0,50.0,0.5,0.0608164769291628,1.0,0.9547296939723668,0.0452703060276332,1.0474168828239498,0.955518914937448,0.3849161756546412,0.0608164769291628,0.7550993374604549,0.2916535843528481,0.0459224814358899,0.98579834129462,0.1693562039411299,0.4000000000000001,1.4142135623730951,96
4.0,50.0,0.5,0.0821696161856783,1.0,0.9391478108349935,0.0608521891650064,1.064795113679606,0.9405613635237152,0.3909608660497818,0.0821696161856783,0.7550993374604549,0.2916535843528481,0.0620462227411855,0.9807557410680776,0.1693562039411299,0.4000000000000001,1.4142135623730951,96
4.0,50.0,0.5,0.1110200091328213,1.0,0.9183618159967828,0.0816381840032171,1.088895446850224,0.92087166056105,0.3991724236368906,0.1110200091328213,0.7550993374604549,0.2916535843528481,0.083831135341047,0.9738408488814032,0.1693562039411299,0.4000000000000001,1.4142135623730951,96
4.0,50.0,0.5,0.15,1.0,0.8907857280138146,0.1092142719861853,1.1226044250054392,0.8951820175779158,0.4103332157531454,0.15,0.7550993374604549,0.2916535843528481,0.1132649006190682,0.9642375651173184,0.1693562039411299,0.4000000000000001,1.4142135623730951,96
4.0,55.0,0.5,0.003,1.0,0.997736822242892,0.0022631777571079,1.002268311348899,0.997738297321253,0.3687129605855317,0.003,0.7550993374604549,0.2322281847085875,0.0022652980123813,0.9990640281049824,0.1396435041189996,0.4000000000000001,1.4142135623730951,96
4.0,55.0,0.5,0.0040533233920169,1.0,0.9969432084768832,0.0030567915231166,1.003066164147692,0.9969458984595612,0.3690056924093957,0.0040533233920169,0.7550993374604549,0.2322281847085875,0.0030606618078249,0.9987354745635726,0.1396435041189996,0.4000000000000001,1.4142135623730951,96
4.0,55.0,0.5,0.0054764768400905,1.0,0.9958717806089769,0.0041282193910232,1.0041453322319254,0.9958766843248436,0.3694012672687804,0.0054764768400905,0.7550993374604549,0.2322281847085875,0.0041352840335699,0.9982916185467984,0.1396435041189996,0.4000000000000001,1.4142135623730951,96
4.0,55.0,0.5,0.0073993105605927,1.0,0.994425680710302,0.0055743192896978,1.0056055665072088,0.9944346155156736,0.3699358448370713,0.0073993105605927,0.7550993374604549,0.2322281847085875,0.0055872145019677,0.9976920141037514,0.1396435041189996,0.4000000000000001,1.4142135623730951,96
4.0,55.0,0.5,0.0099972661933495,1.0,0.992474608226554,0.007525391773446,1.007582452700622,0.992490876811978,0.3706583210572341,0.0099972661933495,0.7550993374604549,0.2322281847085875,0.007548929079014,0.9968820338194134,0.1396435041189996,0.4000000000000001,1.4142135623730951,96
4.0,55.0,0.5,0.0135073843059079,1.0,0.9898435441404736,0.0101564558595264,1.0102606678799382,0.9898731385580568,0.3716348309206655,0.0135073843059079,0.7550993374604549,0.2322281847085875,0.0101994169402148,0.9957878885685068,0.1396435041189996,0.4000000000000001,1.4142135623730951,96
4.0,55.0,0.5,0.0182499322573664,1.0,0.9862979011071362,0.0137020988928637,1.0138924546807642,0.9863516676337264,0.3729548541525541,0.0182499322573664,0.7550993374604549,0.2322281847085875,0.0137805117562355,0.9943098729017572,0.1396435041189996,0.4000000000000001,1.4142135623730951,96
4.0,55.0,0.5,0.024657625773836,1.0,0.9815241641391728,0.0184758358608272,1.018823617936122,0.9816216720836356,0.3747394988502644,0.024657625773836,0.7550993374604549,0.2322281847085875,0.0186189568851714,0.9923131556065764,0.1396435041189996,0.4000000000000001,1.4142135623730951,96
4.0,55.0,0.5,0.0333151104468964,1.0,0.9751050270622016,0.0248949729377984,1.02553055542417,0.9752814210798232,0.3771527402386492,0.0333151104468964,0.7550993374604549,0.2322281847085875,0.0251562178258734,0.9896150967572592,0.1396435041189996,0.4000000000000001,1.4142135623730951,96
4.0,55.0,0.5,0.0450123054940112,1.0,0.9664881865463848,0.033511813453615,1.034673795210436,0.966806160294774,0.380416647339478,0.0450123054940112,0.7550993374604549,0.2322281847085875,0.0339887620560954,0.9859674617835972,0.1396435041189996,0.4000000000000001,1.4142135623730951,96
4.0,55.0,0.5,0.0608164769291628,1.0,0.9549486355904944,0.0450513644095056,1.04717674095806,0.955518914937448,0.3848319107091882,0.0608164769291628,0.7550993374604549,0.2322281847085875,0.0459224814358899,0.981030706548373,0.1396435041189996,0.4000000000000001,1.4142135623730951,96
4.0,55.0,0.5,0.0821696161856783,1.0,0.9395461910009149,0.0604538089990851,1.0643436262933306,0.9405613635237152,0.3908051460150423,0.0821696161856783,0.7550993374604549,0.2322281847085875,0.0620462227411855,0.9743350413329288,0.1396435041189996,0.4000000000000001,1.4142135623730951,96
4.0,55.0,0.5,0.1110200091328213,1.0,0.9190846871833832,0.0809153128166169,1.0880390174539727,0.92087166056105,0.3988839776605617,0.1110200091328213,0.7550993374604549,0.2322281847085875,0.083831135341047,0.9652179048683064,0.1396435041189996,0.4000000000000001,1.4142135623730951,96
4.0,55.0,0.5,0.15,1.0,0.892090495792011,0.1079095042079889,1.120962508531363,0.8951820175779158,0.4097981753225692,0.15,0.7550993374604549,0.2322281847085875,0.1132649006190682,0.9527179525006558,0.1396435041189996,0.4000000000000001,1.4142135623730951,96
4.0,60.0,0.5,0.003,1.0,0.997737324054801,0.002262675945199,1.0022678072581304,0.997738297321253,0.3687127755610235,0.003,0.7550993374604549,0.1764705882352942,0.0022652980123813,0.9988425067395056,0.111764705882353,0.4000000000000001,1.4142135623730951,96
4.0,60.0,0.5,0.0040533233920169,1.0,0.996944124520916,0.0030558754790839,1.0030652424784112,0.9969458984595612,0.369005354384088,0.0040533233920169,0.7550993374604549,0.1764705882352942,0.0030606618078249,0.9984361784994348,0.111764705882353,0.4000000000000001,1.4142135623730951,96
4.0,60.0,0.5,0.0054764768400905,1.0,0.9958734528078496,0.0041265471921503,1.0041436461435091,0.9958766843248436,0.3694006495569141,0.0054764768400905,0.7550993374604549,0.1764705882352942,0.0041352840335699,0.99788724514479,0.111764705882353,0.4000000000000001,1.4142135623730951,96
4.0,60.0,0.5,0.0073993105605927,1.0,0.9944287331883428,0.005571266811657,1.0056024797209897,0.9944346155156736,0.3699347156177519,0.0073993105605927,0.7550993374604549,0.1764705882352942,0.0055872145019677,0.9971456813936502,0.111764705882353,0.4000000000000001,1.4142135623730951,96
4.0,60.0,0.5,0.0099972661933495,1.0,0.9924801801414403,0.0075198198585596,1.0075767959995816,0.992490876811978,0.370656255786371,0.0099972661933495,0.7550993374604549,0.1764705882352942,0.007548929079014,0.9961439271518252,0.111764705882353,0.4000000000000001,1.4142135623730951,96
4.0,60.0,0.5,0.0135073843059079,1.0,0.9898537144276878,0.0101462855723122,1.0102502879207549,0.9898731385580568,0.3716310513069162,0.0135073843059079,0.7550993374604549,0.1764705882352942,0.0101994169402148,0.9947907445872588,0.111764705882353,0.4000000000000001,1.4142135623730951,96
4.0,60.0,0.5,0.0182499322573664,1.0,0.986316462887608,0.013683537112392,1.0138733739395682,0.9863516676337264,0.3729479315106739,0.0182499322573664,0.7550993374604549,0.1764705882352942,0.0137805117562355,0.992962914182073,0.111764705882353,0.4000000000000001,1.4142135623730951,96
4.0,60.0,0.5,0.024657625773836,1.0,0.9815580351947742,0.0184419648052257,1.0187884609406372,0.9816216720836356,0.37472680624282,0.024657625773836,0.7550993374604549,0.1764705882352942,0.0186189568851714,0.9904939851873968,0.111764705882353,0.4000000000000001,1.4142135623730951,96
4.0,60.0,0.5,0.0333151104468964,1.0,0.9751668139836506,0.0248331860163494,1.025465577437878,0.9752814210798232,0.3771294378518126,0.0333151104468964,0.7550993374604549,0.1764705882352942,0.0251562178258734,0.9871589675459184,0.111764705882353,0.4000000000000001,1.4142135623730951,96
4.0,60.0,0.5,0.0450123054940112,1.0,0.9666008300196534,0.0333991699803466,1.0345532188087068,0.966806160294774,0.3803737983004102,0.0450123054940112,0.7550993374604549,0.1764705882352942,0.0339887620560954,0.9826533230373098,0.111764705882353,0.4000000000000001,1.4142135623730951,96
4.0,60.0,0.5,0.0608164769291628,1.0,0.9551537718442124,0.0448462281557876,1.0469518411356933,0.955518914937448,0.3847529758291938,0.0608164769291628,0.7550993374604549,0.1764705882352942,0.0459224814358899,0.9765636950258278,0.111764705882353,0.4000000000000001,1.4142135623730951,96
4.0,60.0,0.5,0.0821696161856783,1.0,0.9399190206818524,0.0600809793181474,1.0639214421627117,0.9405613635237152,0.3906594694151123,0.0821696161856783,0.7550993374604549,0.1764705882352942,0.0620462227411855,0.9683261391876228,0.111764705882353,0.4000000000000001,1.4142135623730951,96
4.0,60.0,0.5,0.1110200091328213,1.0,0.9197598040850592,0.0802401959149408,1.0872403811936102,0.92087166056105,0.3986147752272169,0.1110200091328213,0.7550993374604549,0.1764705882352942,0.083831135341047,0.9571646094079796,0.111764705882353,0.4000000000000001,1.4142135623730951,96
4.0,60.0,0.5,0.15,1.0,0.8933046860632338,0.1066953139367662,1.1194388830612425,0.8951820175779158,0.4093009043168285,0.15,0.7550993374604549,0.1764705882352942,0.1132649006190682,0.9419980360518146,0.111764705882353,0.4000000000000001,1.4142135623730951,96
4.0,65.0,0.5,0.003,1.0,0.9977377776081454,0.0022622223918545,1.0022673516455174,0.997738297321253,0.3687126083301489,0.003,0.7550993374604549,0.1260749612871038,0.0022652980123813,0.9986422887805624,0.0865668924082577,0.4000000000000001,1.4142135623730951,96
4.0,65.0,0.5,0.0040533233920169,1.0,0.996944952468046,0.003055047531954,1.0030644094484766,0.9969458984595612,0.3690050488672904,0.0040533233920169,0.7550993374604549,0.1260749612871038,0.0030606618078249,0.9981656660476051,0.0865668924082577,0.4000000000000001,1.4142135623730951,96
4.0,65.0,0.5,0.0054764768400905,1.0,0.9958749641822948,0.0041250358177051,1.004142122220225,0.9958766843248436,0.3694000912546342,0.0054764768400905,0.7550993374604549,0.1260749612871038,0.0041352840335699,0.9975217625242776,0.0865668924082577,0.4000000000000001,1.4142135623730951,96
4.0,65.0,0.5,0.0073993105605927,1.0,0.994431492068598,0.005568507931402,1.0055996898487385,0.9944346155156736,0.3699336950135772,0.0073993105605927,0.7550993374604549,0.1260749612871038,0.0055872145019677,0.9966518968335524,0.0865668924082577,0.4000000000000001,1.4142135623730951,96
4.0,65.0,0.5,0.0099972661933495,1.0,0.9924852160490948,0.0075147839509052,1.0075716835166777,0.992490876811978,0.3706543892003953,0.0099972661933495,0.7550993374604549,0.1260749612871038,0.007548929079014,0.99547682489113,0.0865668924082577,0.4000000000000001,1.4142135623730951,96
4.0,65.0,0.5,0.0135073843059079,1.0,0.989862906082256,0.010137093917744,1.010240906953333,0.9898731385580568,0.3716276354183647,0.0135073843059079,0.7550993374604549,0.1260749612871038,0.0101994169402148,0.9938895504678285,0.0865668924082577,0.4000000000000001,1.4142135623730951,96
4.0,65.0,0.5,0.0182499322573664,1.0,0.9863332376643328,0.0136667623356673,1.0138561307819562,0.9863516676337264,0.372941675444865,0.0182499322573664,0.7550993374604549,0.1260749612871038,0.0137805117562355,0.991745631615111,0.0865668924082577,0.4000000000000001,1.4142135623730951,96
4.0,65.0,0.5,0.024657625773836,1.0,0.9815886423710736,0.0184113576289264,1.01875669382691,0.9816216720836356,0.3747153370889174,0.024657625773836,0.7550993374604549,0.1260749612871038,0.0186189568851714,0.9888501134878118,0.0865668924082577,0.4000000000000001,1.4142135623730951,96
4.0,65.0,0.5,0.0333151104468964,1.0,0.975222637033529,0.024777362966471,1.0254068784147996,0.9752814210798232,0.3771083859239897,0.0333151104468964,0.7550993374604549,0.1260749612871038,0.0251562178258734,0.9849399117933888,0.0865668924082577,0.4000000000000001,1.4142135623730951,96
4.0,65.0,0.5,0.0450123054940112,1.0,0.9667025677836992,0.0332974322163008,1.0344443403027674,0.966806160294774,0.380335101889146,0.0450123054940112,0.7550993374604549,0.1260749612871038,0.0339887620560954,0.979660046498498,0.0865668924082577,0.4000000000000001,1.4142135623730951,96
4.0,65.0,0.5,0.0608164769291628,1.0,0.9553389389015406,0.0446610610984593,1.046748917352632,0.955518914937448,0.3846817388484357,0.0608164769291628,0.7550993374604549,0.1260749612871038,0.0459224814358899,0.9725315292643414,0.0865668924082577,0.4000000000000001,1.4142135623730951,96
4.0,65.0,0.5,0.0821696161856783,1.0,0.9402552023758504,0.0597447976241497,1.063541044466636,0.9405613635237152,0.3905281589262362,0.0821696161856783,0.7550993374604549,0.1260749612871038,0.0620462227411855,0.9629078932550692,0.0865668924082577,0.4000000000000001,1.4142135623730951,96
4.0,65.0,0.5,0.1110200091328213,1.0,0.9203674235804152,0.0796325764195846,1.0865225934549028,0.92087166056105,0.3983726426883275,0.1110200091328213,0.7550993374604549,0.1260749612871038,0.083831135341047,0.9499164731053494,0.0865668924082577,0.4000000000000001,1.4142135623730951,96
4.0,65.0,0.5,0.15,1.0,0.8943939660501689,0.1056060339498311,1.1180755214798792,0.8951820175779158,0.408855303769061,0.15,0.7550993374604549,0.1260749612871038,0.1132649006190682,0.9323809350701208,0.0865668924082577,0.4000000000000001,1.4142135623730951,96
4.0,70.0,0.5,0.003,1.0,0.9977381691224364,0.0022618308775637,1.002266958353967,0.997738297321253,0.3687124639739219,0.003,0.7550993374604549,0.0825725494874195,0.0022652980123813,0.9984694575288964,0.0648156865084156,0.4000000000000001,1.4142135623730951,96
4.0,70.0,0.5,0.0040533233920169,1.0,0.996945667163188,0.0030543328368118,1.0030636903669012,0.9969458984595612,0.3690047851412688,0.0040533233920169,0.7550993374604549,0.0825725494874195,0.0030606618078249,0.9979321560464832,0.0648156865084156,0.4000000000000001,1.4142135623730951,96
4.0,70.0,0.5,0.0054764768400905,1.0,0.9958762688155244,0.0041237311844755,1.004140806758434,0.9958766843248436,0.3693996093233145,0.0054764768400905,0.7550993374604549,0.0825725494874195,0.0041352840335699,0.997206274345212,0.0648156865084156,0.4000000000000001,1.4142135623730951,96
4.0,70.0,0.5,0.0073993105605927,1.0,0.9944338735424127,0.0055661264575871,1.0055972816349863,0.9944346155156736,0.3699328140272183,0.0073993105605927,0.7550993374604549,0.0825725494874195,0.0055872145019677,0.9962256605016396,0.0648156865084156,0.4000000000000001,1.4142135623730951,96
4.0,70.0,0.5,0.0099972661933495,1.0,0.9924895629977432,0.0075104370022567,1.0075672705107064,0.992490876811978,0.3706527779883011,0.0099972661933495,0.7550993374604549,0.0825725494874195,0.007548929079014,0.9949009884243964,0.0648156865084156,0.4000000000000001,1.4142135623730951,96
4.0,70.0,0.5,0.0135073843059079,1.0,0.9898708400260774,0.0101291599739226,1.0102328097407696,0.9898731385580568,0.3716246869572792,0.0135073843059079,0.7550993374604549,0.0825725494874195,0.0101994169402148,0.9931116683724118,0.0648156865084156,0.4000000000000001,1.4142135623730951,96
4.0,70.0,0.5,0.0182499322573664,1.0,0.9863477164293476,0.0136522835706524,1.0138412482162726,0.9863516676337264,0.3729362757490725,0.0182499322573664,0.7550993374604549,0.0825725494874195,0.0137805117562355,0.99069496199768,0.0648156865084156,0.4000000000000001,1.4142135623730951,96
4.0,70.0,0.5,0.024657625773836,1.0,0.98161505796616,0.0183849420338398,1.0187292787377693,0.9816216720836356,0.3747054388910341,0.024657625773836,0.7550993374604549,0.0825725494874195,0.0186189568851714,0.9874313661729408,0.0648156865084156,0.4000000000000001,1.4142135623730951,96
4.0,70.0,0.5,0.0333151104468964,1.0,0.9752708076508364,0.0247291923491637,1.0253562314745477,0.9752814210798232,0.3770902208177636,0.0333151104468964,0.7550993374604549,0.0825725494874195,0.0251562178258734,0.9830250525072768,0.0648156865084156,0.4000000000000001,1.4142135623730951,96
4.0,70.0,0.5,0.0450123054940112,1.0,0.9667903338376956,0.0332096661623042,1.0343504325601578,0.966806160294774,0.3803017228428518,0.0450123054940112,0.7550993374604549,0.0825725494874195,0.0339887620560954,0.9770778384777477,0.0648156865084156,0.4000000000000001,1.4142135623730951,96
4.0,70.0,0.5,0.0608164769291628,1.0,0.9554985943441892,0.0445014056558107,1.046574014780581,0.955518914937448,0.384620327217622,0.0608164769291628,0.7550993374604549,0.0825725494874195,0.0459224814358899,0.9690549000044112,0.0648156865084156,0.4000000000000001,1.4142135623730951,96
4.0,70.0,0.5,0.0821696161856783,1.0,0.940544798382838,0.0594552016171621,1.0632135776194698,0.9405613635237152,0.3904150799052017,0.0821696161856783,0.7550993374604549,0.0825725494874195,0.0620462227411855,0.958240469611963,0.0648156865084156,0.4000000000000001,1.4142135623730951,96
4.0,70.0,0.5,0.1110200091328213,1.0,0.9208899925331472,0.0791100074668528,1.085906034497389,0.92087166056105,0.3981645198976317,0.1110200091328213,0.7550993374604549,0.0825725494874195,0.083831135341047,0.9436828827978117,0.0648156865084156,0.4000000000000001,1.4142135623730951,96
4.0,70.0,0.5,0.15,1.0,0.8953281771173796,0.1046718228826204,1.116908889452831,0.8951820175779158,0.4084735249781445,0.15,0.7550993374604549,0.0825725494874195,0.1132649006190682,0.9241329159388224,0.0648156865084156,0.4000000000000001,1.4142135623730951,96
4.0,75.0,0.5,0.003,1.0,0.9977384867022436,0.0022615132977564,1.0022666393327486,0.997738297321253,0.3687123468783072,0.003,0.7550993374604549,0.0472851516054922,0.0022652980123813,0.998329264139111,0.047171987567452,0.4000000000000001,1.4142135623730951,96
4.0,75.0,0.5,0.0040533233920169,1.0,0.996946246892467,0.0030537531075329,1.0030631070802982,0.9969458984595612,0.3690045712184528,0.0040533233920169,0.7550993374604549,0.0472851516054922,0.0030606618078249,0.997742742999464,0.047171987567452,0.4000000000000001,1.4142135623730951,96
4.0,75.0,0.5,0.0054764768400905,1.0,0.995877327072834,0.0041226729271659,1.0041397397200351,0.9958766843248436,0.3693992184036846,0.0054764768400905,0.7550993374604549,0.0472851516054922,0.0041352840335699,0.9969503651256832,0.047171987567452,0.4000000000000001,1.4142135623730951,96
4.0,75.0,0.5,0.0073993105605927,1.0,0.9944358052696242,0.0055641947303758,1.005595328226207,0.9944346155156736,0.3699320994186253,0.0073993105605927,0.7550993374604549,0.0472851516054922,0.0055872145019677,0.9958799198448918,0.047171987567452,0.4000000000000001,1.4142135623730951,96
4.0,75.0,0.5,0.0099972661933495,1.0,0.9924930889732274,0.0075069110267725,1.0075636909820085,0.992490876811978,0.3706514710779968,0.0099972661933495,0.7550993374604549,0.0472851516054922,0.007548929079014,0.9944339055511524,0.047171987567452,0.4000000000000001,1.4142135623730951,96
4.0,75.0,0.5,0.0135073843059079,1.0,0.9898772754090646,0.0101227245909354,1.01022624202253,0.9898731385580568,0.3716222954177864,0.0135073843059079,0.7550993374604549,0.0472851516054922,0.0101994169402148,0.9924807124045472,0.047171987567452,0.4000000000000001,1.4142135623730951,96
4.0,75.0,0.5,0.0182499322573664,1.0,0.9863594599812532,0.0136405400187469,1.0138291774674175,0.9863516676337264,0.3729318961782768,0.0182499322573664,0.7550993374604549,0.0472851516054922,0.0137805117562355,0.9898427765263996,0.047171987567452,0.4000000000000001,1.4142135623730951,96
4.0,75.0,0.5,0.024657625773836,1.0,0.9816364817802102,0.0183635182197897,1.0187070453886222,0.9816216720836356,0.3746974113573782,0.024657625773836,0.7550993374604549,0.0472851516054922,0.0186189568851714,0.9862807209363544,0.047171987567452,0.4000000000000001,1.4142135623730951,96
4.0,75.0,0.5,0.0333151104468964,1.0,0.9753098702565252,0.0246901297434747,1.0253151644379246,0.9752814210798232,0.3770754909788535,0.0333151104468964,0.7550993374604549,0.0472851516054922,0.0251562178258734,0.9814722512889312,0.047171987567452,0.4000000000000001,1.4142135623730951,96
4.0,75.0,0.5,0.0450123054940112,1.0,0.96686148819964,0.0331385118003598,1.0342743114756447,0.966806160294774,0.3802746636791168,0.0450123054940112,0.7550993374604549,0.0472851516054922,0.0339887620560954,0.9749843711773808,0.047171987567452,0.4000000000000001,1.4142135623730951,96
4.0,75.0,0.5,0.0608164769291628,1.0,0.9556279755396258,0.0443720244603742,1.0464323205223436,0.955518914937448,0.3845705677989334,0.0608164769291628,0.7550993374604549,0.0472851516054922,0.0459224814358899,0.9662375175069712,0.047171987567452,0.4000000000000001,1.4142135623730951,96
4.0,75.0,0.5,0.0821696161856783,1.0,0.940779299828044,0.0592207001719559,1.062948557842185,0.9405613635237152,0.3903235377385383,0.0821696161856783,0.7550993374604549,0.0472851516054922,0.0620462227411855,0.9544610059339824,0.047171987567452,0.4000000000000001,1.4142135623730951,96
4.0,75.0,0.5,0.1110200091328213,1.0,0.9213125747022276,0.0786874252977725,1.0854079575796571,0.92087166056105,0.3979962982174074,0.1110200091328213,0.7550993374604549,0.0472851516054922,0.083831135341047,0.9386420090536932,0.047171987567452,0.4000000000000001,1.4142135623730951,96
4.0,75.0,0.5,0.15,1.0,0.8960819185608977,0.1039180814391023,1.1159693988759356,0.8951820175779158,0.4081657575568896,0.15,0.7550993374604549,0.0472851516054922,0.1132649006190682,0.9174782379282608,0.047171987567452,0.4000000000000001,1.4142135623730951,96
4.0,80.0,0.5,0.003,1.0,0.9977387206985654,0.0022612793014346,1.0022664042745093,0.997738297321253,0.3687122606009843,0.003,0.7550993374604549,0.0212849573696794,0.0022652980123813,0.9982259680956788,0.0341718904495455,0.4000000000000001,1.4142135623730951,96
4.0,80.0,0.5,0.0040533233920169,1.0,0.99694667404277,0.00305332595723,1.0030626773093574,0.9969458984595612,0.3690044135980721,0.0040533233920169,0.7550993374604549,0.0212849573696794,0.0030606618078249,0.9976031815811414,0.0341718904495455,0.4000000000000001,1.4142135623730951,96
4.0,80.0,0.5,0.0054764768400905,1.0,0.9958781068051692,0.0041218931948308,1.0041389535191751,0.9958766843248436,0.3693989303712818,0.0054764768400905,0.7550993374604549,0.0212849573696794,0.0041352840335699,0.9967618091936568,0.0341718904495455,0.4000000000000001,1.4142135623730951,96
4.0,80.0,0.5,0.0073993105605927,1.0,0.9944372285742002,0.0055627714257997,1.0055938889514178,0.9944346155156736,0.3699315728929501,0.0073993105605927,0.7550993374604549,0.0212849573696794,0.0055872145019677,0.9956251767031016,0.0341718904495455,0.4000000000000001,1.4142135623730951,96
4.0,80.0,0.5,0.0099972661933495,1.0,0.992495686902274,0.007504313097726,1.0075610536113744,0.992490876811978,0.3706505081530248,0.0099972661933495,0.7550993374604549,0.0212849573696794,0.007548929079014,0.9940897601737932,0.0341718904495455,0.4000000000000001,1.4142135623730951,96
4.0,80.0,0.5,0.0135073843059079,1.0,0.9898820169008828,0.0101179830991171,1.010221403082758,0.9898731385580568,0.3716205333778905,0.0135073843059079,0.7550993374604549,0.0212849573696794,0.0101994169402148,0.9920158336917664,0.0341718904495455,0.4000000000000001,1.4142135623730951,96
4.0,80.0,0.5,0.0182499322573664,1.0,0.9863681121823836,0.0136318878176162,1.0138202843839457,0.9863516676337264,0.3729286695104619,0.0182499322573664,0.7550993374604549,0.0212849573696794,0.0137805117562355,0.9892149187745458,0.0341718904495455,0.4000000000000001,1.4142135623730951,96
4.0,80.0,0.5,0.024657625773836,1.0,0.98165226513753,0.0183477348624699,1.018690666251251,0.9816216720836356,0.3746914974209189,0.024657625773836,0.7550993374604549,0.0212849573696794,0.0186189568851714,0.9854330173073532,0.0341718904495455,0.4000000000000001,1.4142135623730951,96
4.0,80.0,0.5,0.0333151104468964,1.0,0.9753386455133256,0.0246613544866742,1.0252849147320466,0.9752814210798232,0.3770646406908781,0.0333151104468964,0.7550993374604549,0.0212849573696794,0.0251562178258734,0.98032838868607,0.0341718904495455,0.4000000000000001,1.4142135623730951,96
4.0,80.0,0.5,0.0450123054940112,1.0,0.9669138939256272,0.0330861060743729,1.034218254885184,0.966806160294774,0.3802547356314687,0.0450123054940112,0.7550993374604549,0.0212849573696794,0.0339887620560954,0.9734425166696916,0.0341718904495455,0.4000000000000001,1.4142135623730951,96
4.0,80.0,0.5,0.0608164769291628,1.0,0.9557232338725054,0.0442767661274946,1.0463280210820962,0.955518914937448,0.3845339359925405,0.0608164769291628,0.7550993374604549,0.0212849573696794,0.0459224814358899,0.9641631885530232,0.0341718904495455,0.4000000000000001,1.4142135623730951,96
4.0,80.0,0.5,0.0821696161856783,1.0,0.940951851301069,0.059048148698931,1.062753634649089,0.9405613635237152,0.3902561926475597,0.0821696161856783,0.7550993374604549,0.0212849573696794,0.0620462227411855,0.951679990984134,0.0341718904495455,0.4000000000000001,1.4142135623730951,96
4.0,80.0,0.5,0.1110200091328213,1.0,0.9216231977038404,0.0783768022961597,1.0850421327191309,0.92087166056105,0.3978726906113012,0.1110200091328213,0.7550993374604549,0.0212849573696794,0.083831135341047,0.9349366673527956,0.0341718904495455,0.4000000000000001,1.4142135623730951,96
4.0,80.0,0.5,0.15,1.0,0.8966349987369177,0.1033650012630823,1.1152810245068414,0.8951820175779158,0.4079400715848263,0.15,0.7550993374604549,0.0212849573696794,0.1132649006190682,0.9125951702435942,0.0341718904495455,0.4000000000000001,1.4142135623730951,96
4.0,85.0,0.5,0.003,1.0,0.9977388640019508,0.0022611359980492,1.0022662603208417,0.997738297321253,0.3687122077632729,0.003,0.7550993374604549,0.005361969525103,0.0022652980123813,0.9981627078161934,0.0262103965272574,0.4000000000000001,1.4142135623730951,96
4.0,85.0,0.5,0.0040533233920169,1.0,0.996946935636712,0.0030530643632881,1.003062414110675,0.9969458984595612,0.3690043170687656,0.0040533233920169,0.7550993374604549,0.005361969525103,0.0030606618078249,0.9975177118499596,0.0262103965272574,0.4000000000000001,1.4142135623730951,96
4.0,85.0,0.5,0.0054764768400905,1.0,0.9958785843252904,0.0041214156747096,1.0041384720382374,0.9958766843248436,0.3693987539759019,0.0054764768400905,0.7550993374604549,0.005361969525103,0.0041352840335699,0.9966463346295796,0.0262103965272574,0.4000000000000001,1.4142135623730951,96
4.0,85.0,0.5,0.0073993105605927,1.0,0.99443810022485,0.0055618997751498,1.0055930075224313,0.9944346155156736,0.3699312504419947,0.0073993105605927,0.7550993374604549,0.005361969525103,0.0055872145019677,0.9954691686154268,0.0262103965272574,0.4000000000000001,1.4142135623730951,96
4.0,85.0,0.5,0.0099972661933495,1.0,0.9924972778984192,0.0075027221015807,1.0075594384676476,0.992490876811978,0.3706499184499641,0.0099972661933495,0.7550993374604549,0.005361969525103,0.007548929079014,0.9938790023128276,0.0262103965272574,0.4000000000000001,1.4142135623730951,96
4.0,85.0,0.5,0.0135073843059079,1.0,0.9898849206012074,0.0101150793987926,1.0102184397279728,0.9898731385580568,0.3716194543047939,0.0135073843059079,0.7550993374604549,0.005361969525103,0.0101994169402148,0.9917311409155478,0.0262103965272574,0.4000000000000001,1.4142135623730951,96
4.0,85.0,0.5,0.0182499322573664,1.0,0.9863734106975331,0.0136265893024667,1.0138148384320604,0.9863516676337264,0.3729266935474917,0.0182499322573664,0.7550993374604549,0.005361969525103,0.0137805117562355,0.9888304254231198,0.0262103965272574,0.4000000000000001,1.4142135623730951,96
4.0,85.0,0.5,0.024657625773836,1.0,0.9816619303228428,0.0183380696771573,1.018680636490738,0.9816216720836356,0.3746878759756623,0.024657625773836,0.7550993374604549,0.005361969525103,0.0186189568851714,0.9849139127532016,0.0262103965272574,0.4000000000000001,1.4142135623730951,96
4.0,85.0,0.5,0.0333151104468964,1.0,0.975356265254262,0.0246437347457381,1.0252663930336408,0.9752814210798232,0.3770579969681234,0.0333151104468964,0.7550993374604549,0.005361969525103,0.0251562178258734,0.9796279757282028,0.0262103965272574,0.4000000000000001,1.4142135623730951,96
4.0,85.0,0.5,0.0450123054940112,1.0,0.966945979060176,0.0330540209398241,1.034183937526635,0.966806160294774,0.3802425353028388,0.0450123054940112,0.7550993374604549,0.005361969525103,0.0339887620560954,0.9724985242260769,0.0262103965272574,0.4000000000000001,1.4142135623730951,96
4.0,85.0,0.5,0.0608164769291628,1.0,0.955781541971138,0.044218458028862,1.046264189134338,0.955518914937448,0.3845115152035362,0.0608164769291628,0.7550993374604549,0.005361969525103,0.0459224814358899,0.9628934814986688,0.0262103965272574,0.4000000000000001,1.4142135623730951,96
4.0,85.0,0.5,0.0821696161856783,1.0,0.941057428074873,0.0589425719251269,1.0626344048372331,0.9405613635237152,0.3902149928326929,0.0821696161856783,0.7550993374604549,0.005361969525103,0.0620462227411855,0.9499784083713702,0.0262103965272574,0.4000000000000001,1.4142135623730951,96
4.0,85.0,0.5,0.1110200091328213,1.0,0.9218131206044468,0.0781868793955531,1.084818579436453,0.92087166056105,0.3977971326511489,0.1110200091328213,0.7550993374604549,0.005361969525103,0.083831135341047,0.9326711260376992,0.0262103965272574,0.4000000000000001,1.4142135623730951,96
4.0,85.0,0.5,0.15,1.0,0.8969727685066144,0.1030272314933855,1.1148610471920093,0.8951820175779158,0.4078023050287958,0.15,0.7550993374604549,0.005361969525103,0.1132649006190682,0.9096130480870332,0.0262103965272574,0.4000000000000001,1.4142135623730951,96
4.0,90.0,0.5,0.003,1.0,0.9977389122584652,0.0022610877415348,1.0022662118453582,0.997738297321253,0.3687121899705074,0.003,0.7550993374604549,0.0,0.0022652980123813,0.9981414053146788,0.0235294117647058,0.4000000000000001,1.4142135623730951,96
4.0,90.0,0.5,0.0040533233920169,1.0,0.9969470237267803,0.0030529762732195,1.0030623254802515,0.9969458984595612,0.3690042845631514,0.0040533233920169,0.7550993374604549,0.0,0.0030606618078249,0.9974889304706032,0.0235294117647058,0.4000000000000001,1.4142135623730951,96
4.0,90.0,0.5,0.0054764768400905,1.0,0.9958787451269474,0.0041212548730525,1.0041383099029062,0.9958766843248436,0.3693986945759749,0.0054764768400905,0.7550993374604549,0.0,0.0041352840335699,0.9966074493545188,0.0235294117647058,0.4000000000000001,1.4142135623730951,96
4.0,90.0,0.5,0.0073993105605927,1.0,0.9944383937467642,0.0055616062532357,1.0055927107080824,0.9944346155156736,0.3699311418590819,0.0073993105605927,0.7550993374604549,0.0,0.0055872145019677,0.9954166340449347,0.0235294117647058,0.4000000000000001,1.4142135623730951,96
4.0,90.0,0.5,0.0099972661933495,1.0,0.9924978136528768,0.0075021863471231,1.0075588945828622,0.992490876811978,0.3706497198726713,0.0099972661933495,0.7550993374604549,0.0,0.007548929079014,0.9938080313907316,0.0235294117647058,0.4000000000000001,1.4142135623730951,96
4.0,90.0,0.5,0.0135073843059079,1.0,0.9898858983918866,0.0101141016081134,1.0102174418531915,0.9898731385580568,0.3716190909389328,0.0135073843059079,0.7550993374604549,0.0,0.0101994169402148,0.9916352736042168,0.0235294117647058,0.4000000000000001,1.4142135623730951,96
4.0,90.0,0.5,0.0182499322573664,1.0,0.9863751948978128,0.0136248051021871,1.0138130045977063,0.9863516676337264,0.3729260281721743,0.0182499322573664,0.7550993374604549,0.0,0.0137805117562355,0.9887009527075058,0.0235294117647058,0.4000000000000001,1.4142135623730951,96
4.0,90.0,0.5,0.024657625773836,1.0,0.9816651848739214,0.0183348151260785,1.0186772592209568,0.9816216720836356,0.3746866565368157,0.024657625773836,0.7550993374604549,0.0,0.0186189568851714,0.984739115040375,0.0235294117647058,0.4000000000000001,1.4142135623730951,96
4.0,90.0,0.5,0.0333151104468964,1.0,0.975362198125927,0.024637801874073,1.0252601566078865,0.9752814210798232,0.3770557599380532,0.0333151104468964,0.7550993374604549,0.0,0.0251562178258734,0.979392134565349,0.0235294117647058,0.4000000000000001,1.4142135623730951,96
4.0,90.0,0.5,0.0450123054940112,1.0,0.966956781983746,0.033043218016254,1.0341723835355543,0.966806160294774,0.3802384275939795,0.0450123054940112,0.7550993374604549,0.0,0.0339887620560954,0.9721806861255834,0.0235294117647058,0.4000000000000001,1.4142135623730951,96
4.0,90.0,0.5,0.0608164769291628,1.0,0.9558011717775428,0.0441988282224572,1.0462427014399438,0.955518914937448,0.3845039673910136,0.0608164769291628,0.7550993374604549,0.0,0.0459224814358899,0.9624660262351244,0.0235294117647058,0.4000000000000001,1.4142135623730951,96
4.0,90.0,0.5,0.0821696161856783,1.0,0.941092963891772,0.058907036108228,1.062594279596593,0.9405613635237152,0.3902011264705341,0.0821696161856783,0.7550993374604549,0.0,0.0620462227411855,0.9494056770215956,0.0235294117647058,0.4000000000000001,1.4142135623730951,96
4.0,90.0,0.5,0.1110200091328213,1.0,0.9218770235097564,0.0781229764902436,1.084743381707047,0.92087166056105,0.3977717130708499,0.1110200091328213,0.7550993374604549,0.0,0.083831135341047,0.9319088447558166,0.0235294117647058,0.4000000000000001,1.4142135623730951,96
4.0,90.0,0.5,0.15,1.0,0.8970863497460707,0.1029136502539292,1.1147198932221631,0.8951820175779158,0.4077559889679051,0.15,0.7550993374604549,0.0,0.1132649006190682,0.9086102551755888,0.0235294117647058,0.4000000000000001,1.4142135623730951,96
4.0,0.0,1.0,0.003,1.0,0.9999665894059716,3.3410594028393525e-05,1.0000334117103336,0.9999775002693796,0.6019212969747724,5.228228691282625e-05,0.5718501593041608,0.5045736699742595,2.9897634099885537e-05,1.1174995960139014,0.3764705882352941,0.4000000000000001,1.4142135623730951,96
4.0,0.0,1.0,0.0040533233920169,1.0,0.9999418357624128,5.816423758719935e-05,1.0000581676208624,0.9999609044539526,0.6019317190686547,9.049688728311992e-05,0.5718501593041608,0.5045736699742595,5.1750659409382814e-05,1.1239322986607916,0.3764705882352941,0.4000000000000001,1.4142135623730951,96
4.0,0.0,1.0,0.0054764768400905,1.0,0.9998989806472364,0.0001010193527637,1.0001010295587045,0.9999322412684633,0.6019497627363984,0.0001561760917159,0.5718501593041608,0.5045736699742595,8.930932292729406e-05,1.1311176644568408,0.3764705882352941,0.4000000000000001,1.4142135623730951,96
4.0,0.0,1.0,0.0073993105605927,1.0,0.9998250052662478,0.0001749947337521,1.0001750253622688,0.9998828964776796,0.6019809100261471,0.0002686226755593,0.5718501593041608,0.5045736699742595,0.0001536119198113,1.139200225913935,0.3764705882352941,0.4000000000000001,1.4142135623730951,96
4.0,0.0,1.0,0.0099972661933495,1.0,0.9996977289333958,0.0003022710666041,1.0003023624620282,0.9997982565995108,0.6020345019658463,0.0004602925869754,0.5718501593041608,0.5045736699742595,0.0002632183891884,1.1483660679488987,0.3764705882352941,0.4000000000000001,1.4142135623730951,96
4.0,0.0,1.0,0.0135073843059079,1.0,0.9994795486243656,0.0005204513756345,1.0005207223863168,0.9996536733832072,0.6021263774388682,0.0007853569971121,0.5718501593041608,0.5045736699742595,0.0004491065239091,1.1588595309288594,0.3764705882352941,0.4000000000000001,1.4142135623730951,96
4.0,0.0,1.0,0.0182499322573664,1.0,0.9991070752926896,0.0008929247073102,1.0008937227344212,0.9994078518916318,0.6022832454092751,0.0013334370976519,0.5718501593041608,0.5045736699742595,0.0007625262167143,1.1710085341823993,0.3764705882352941,0.4000000000000001,1.4142135623730951,96
4.0,0.0,1.0,0.024657625773836,1.0,0.998474140027062,0.0015258599729379,1.0015281917796055,0.9989921545895004,0.602549864997943,0.0022512172696923,0.5718501593041608,0.5045736699742595,0.0012873589543018,1.185263805280672,0.3764705882352941,0.4000000000000001,1.4142135623730951,96
4.0,0.0,1.0,0.0333151104468964,1.0,0.9974042361587172,0.0025957638412829,1.002602519366952,0.9982935724410904,0.6030007190746551,0.003775584287217,0.5718501593041608,0.5045736699742595,0.0021590684761113,1.2022610074684146,0.3764705882352941,0.4000000000000001,1.4142135623730951,96
4.0,0.0,1.0,0.0450123054940112,1.0,0.9956064072299486,0.0043935927700513,1.0044129816141658,0.9971281600143188,0.6037587834048711,0.0062825938364425,0.5718501593041608,0.5045736699742595,0.0035927022862129,1.2229214724837572,0.3764705882352941,0.4000000000000001,1.4142135623730951,96
4.0,0.0,1.0,0.0608164769291628,1.0,0.992605706298942,0.0073942937010579,1.0074493765793755,0.9952006886173784,0.6050253411911974,0.0103558127090701,0.5718501593041608,0.5045736699742595,0.0059219731474058,1.248619930723104,0.3764705882352941,0.4000000000000001,1.4142135623730951,96
4.0,0.0,1.0,0.0821696161856783,1.0,0.9876355390746192,0.0123644609253809,1.0125192547616968,0.9920455559586164,0.6071267392712144,0.0168726579851546,0.5718501593041608,0.5045736699742595,0.0096486321566952,1.2814729305232206,0.3764705882352941,0.4000000000000001,1.4142135623730951,96
4.0,0.0,1.0,0.1110200091328213,1.0,0.9794746828347762,0.0205253171652237,1.0209554340963871,0.9869446137907688,0.6105867252738577,0.0270918750239637,0.5718501593041608,0.5045736699742595,0.015492493048302,1.3248556640451907,0.3764705882352941,0.4000000000000001,1.4142135623730951,96
4.0,0.0,1.0,0.15,1.0,0.966207917927424,0.033792082072576,1.0349739237751872,0.978821591816206,0.6162365880873486,0.0426851996599323,0.5718501593041608,0.5045736699742595,0.0244095382254622,1.3843802271247645,0.3764705882352941,0.4000000000000001,1.4142135623730951,96
4.0,5.0,1.0,0.003,1.0,0.999966623901791,3.337609820897036e-05,1.00003337721221,0.9999775002693796,0.6019212824509812,5.228228691282625e-05,0.5718501593041608,0.5007408660653666,2.9897634099885537e-05,1.1163457983820246,0.3737896034727426,0.4000000000000001,1.4142135623730951,96
4.0,5.0,1.0,0.0040533233920169,1.0,0.9999418987350966,5.81012649033541e-05,1.0000581046408563,0.9999609044539526,0.6019316925549538,9.049688728311992e-05,0.5718501593041608,0.5007408660653666,5.1750659409382814e-05,1.1227154507101773,0.3737896034727426,0.4000000000000001,1.4142135623730951,96
4.0,5.0,1.0,0.0054764768400905,1.0,0.9998990956060844,0.0001009043939156,1.0001009145766395,0.9999322412684633,0.6019497143338148,0.0001561760917159,0.5718501593041608,0.5007408660653666,8.930932292729406e-05,1.1298304657149902,0.3737896034727426,0.4000000000000001,1.4142135623730951,96
4.0,5.0,1.0,0.0073993105605927,1.0,0.9998252151314948,0.000174784868505,1.000174815423596,0.9998828964776796,0.6019808216611108,0.0002686226755593,0.5718501593041608,0.5007408660653666,0.0001536119198113,1.137834021733119,0.3737896034727426,0.4000000000000001,1.4142135623730951,96
4.0,5.0,1.0,0.0099972661933495,1.0,0.9996981120691708,0.000301887930829,1.0003019790946732,0.9997982565995108,0.60203434063539,0.0004602925869754,0.5718501593041608,0.5007408660653666,0.0002632183891884,1.146910486610956,0.3737896034727426,0.4000000000000001,1.4142135623730951,96
4.0,5.0,1.0,0.0135073843059079,1.0,0.999480248127712,0.0005197518722881,1.0005200221547768,0.9996536733832072,0.6021260828650742,0.0007853569971121,0.5718501593041608,0.5007408660653666,0.0004491065239091,1.1573019865399052,0.3737896034727426,0.4000000000000001,1.4142135623730951,96
4.0,5.0,1.0,0.0182499322573664,1.0,0.9991083525282988,0.0008916474717011,1.0008924432164388,0.9994078518916318,0.6022827074558176,0.0013334370976519,0.5718501593041608,0.5007408660653666,0.0007625262167143,1.1693335286794166,0.3737896034727426,0.4000000000000001,1.4142135623730951,96
4.0,5.0,1.0,0.024657625773836,1.0,0.9984764725738732,0.0015235274261269,1.001525852103655,0.9989921545895004,0.6025488822959288,0.0022512172696923,0.5718501593041608,0.5007408660653666,0.0012873589543018,1.1834519199450084,0.3737896034727426,0.4000000000000001,1.4142135623730951,96
4.0,5.0,1.0,0.0333151104468964,1.0,0.9974084973202278,0.0025915026797721,1.002598236015369,0.9982935724410904,0.6029989230250297,0.003775584287217,0.5718501593041608,0.5007408660653666,0.0021590684761113,1.2002873963681175,0.3737896034727426,0.4000000000000001,1.4142135623730951,96
4.0,5.0,1.0,0.0450123054940112,1.0,0.995614196026706,0.0043858039732941,1.004405123983564,0.9971281600143188,0.6037554979602913,0.0062825938364425,0.5718501593041608,0.5007408660653666,0.0035927022862129,1.220753523086137,0.3737896034727426,0.4000000000000001,1.4142135623730951,96
4.0,5.0,1.0,0.0608164769291628,1.0,0.9926199573297868,0.0073800426702133,1.0074349126427662,0.9952006886173784,0.6050193221876942,0.0103558127090701,0.5718501593041608,0.5007408660653666,0.0059219731474058,1.2462134640793183,0.3737896034727426,0.4000000000000001,1.4142135623730951,96
4.0,5.0,1.0,0.0821696161856783,1.0,0.9876616601852088,0.0123383398147912,1.0124924762316658,0.9920455559586164,0.6071156836540467,0.0168726579851546,0.5718501593041608,0.5007408660653666,0.0096486321566952,1.2787656959468137,0.3737896034727426,0.4000000000000001,1.4142135623730951,96
4.0,5.0,1.0,0.1110200091328213,1.0,0.9795227123418436,0.0204772876581562,1.020905372994567,0.9869446137907688,0.6105663274529102,0.0270918750239637,0.5718501593041608,0.5007408660653666,0.015492493048302,1.3217554846926645,0.3737896034727426,0.4000000000000001,1.4142135623730951,96
4.0,5.0,1.0,0.15,1.0,0.9662967328990016,0.0337032671009984,1.0348787964954458,0.978821591816206,0.6161986622932618,0.0426851996599323,0.5718501593041608,0.5007408660653666,0.0244095382254622,1.3807416916163424,0.3737896034727426,0.4000000000000001,1.4142135623730951,96
4.0,10.0,1.0,0.003,1.0,0.9999667263410644,3.3273658935684125e-05,1.000033274766109,0.9999775002693796,0.601921239320926,5.228228691282625e-05,0.5718501593041608,0.4893589121459676,2.9897634099885537e-05,1.1129194646144764,0.3658281095504544,0.4000000000000001,1.4142135623730951,96
4.0,10.0,1.0,0.0040533233920169,1.0,0.9999420857396024,5.7914260397473605e-05,1.0000579176146531,0.9999609044539526,0.6019316138195246,9.049688728311992e-05,0.5718501593041608,0.4893589121459676,5.1750659409382814e-05,1.1191018831148127,0.3658281095504544,0.4000000000000001,1.4142135623730951,96
4.0,10.0,1.0,0.0054764768400905,1.0,0.9998994369891564,0.0001005630108436,1.0001005731247798,0.9999322412684633,0.6019495705969786,0.0001561760917159,0.5718501593041608,0.4893589121459676,8.930932292729406e-05,1.1260079860360068,0.3658281095504544,0.4000000000000001,1.4142135623730951,96
4.0,10.0,1.0,0.0073993105605927,1.0,0.9998258383489054,0.0001741616510946,1.000174191988659,0.9998828964776796,0.6019805592516843,0.0002686226755593,0.5718501593041608,0.4893589121459676,0.0001536119198113,1.133776931559249,0.3658281095504544,0.4000000000000001,1.4142135623730951,96
4.0,10.0,1.0,0.0099972661933495,1.0,0.9996992498295052,0.0003007501704948,1.000300840648371,0.9997982565995108,0.6020338615484822,0.0004602925869754,0.5718501593041608,0.4893589121459676,0.0002632183891884,1.1425879909913004,0.3658281095504544,0.4000000000000001,1.4142135623730951,96
4.0,10.0,1.0,0.0135073843059079,1.0,0.9994823253650132,0.0005176746349867,1.0005179427608164,0.9996536733832072,0.6021252081025573,0.0007853569971121,0.5718501593041608,0.4893589121459676,0.0004491065239091,1.152676720170339,0.3658281095504544,0.4000000000000001,1.4142135623730951,96
4.0,10.0,1.0,0.0182499322573664,1.0,0.999112145364651,0.000887854635349,1.0008886436217077,0.9994078518916318,0.6022811099688736,0.0013334370976519,0.5718501593041608,0.4893589121459676,0.0007625262167143,1.1643594880904329,0.3658281095504544,0.4000000000000001,1.4142135623730951,96
4.0,10.0,1.0,0.024657625773836,1.0,0.9984833991330776,0.0015166008669225,1.001518904438711,0.9989921545895004,0.6025459641422002,0.0022512172696923,0.5718501593041608,0.4893589121459676,0.0012873589543018,1.1780714787081046,0.3658281095504544,0.4000000000000001,1.4142135623730951,96
4.0,10.0,1.0,0.0333151104468964,1.0,0.997421150636635,0.002578849363365,1.002585517022292,0.9982935724410904,0.6029935897604106,0.003775584287217,0.5718501593041608,0.4893589121459676,0.0021590684761113,1.194426852088445,0.3658281095504544,0.4000000000000001,1.4142135623730951,96
4.0,10.0,1.0,0.0450123054940112,1.0,0.9956373234315372,0.0043626765684628,1.0043817929137355,0.9971281600143188,0.6037457424989828,0.0062825938364425,0.5718501593041608,0.4893589121459676,0.0035927022862129,1.2143161945827463,0.3658281095504544,0.4000000000000001,1.4142135623730951,96
4.0,10.0,1.0,0.0608164769291628,1.0,0.9926622695905224,0.0073377304094777,1.0073919706976515,0.9952006886173784,0.6050014515798207,0.0103558127090701,0.5718501593041608,0.4893589121459676,0.0059219731474058,1.2390685041677518,0.3658281095504544,0.4000000000000001,1.4142135623730951,96
4.0,10.0,1.0,0.0821696161856783,1.0,0.9877392033616448,0.0122607966383552,1.012412989781743,0.9920455559586164,0.6070828646465926,0.0168726579851546,0.5718501593041608,0.4893589121459676,0.0096486321566952,1.2707289944562052,0.3658281095504544,0.4000000000000001,1.4142135623730951,96
4.0,10.0,1.0,0.1110200091328213,1.0,0.9796652506938291,0.0203347493061707,1.0207568343286333,0.9869446137907688,0.6105057947409194,0.0270918750239637,0.5718501593041608,0.4893589121459676,0.015492493048302,1.312555006013015,0.3658281095504544,0.4000000000000001,1.4142135623730951,96
4.0,10.0,1.0,0.15,1.0,0.9665601600486424,0.0334398399513574,1.0345967497249986,0.978821591816206,0.6160861816447764,0.0426851996599323,0.5718501593041608,0.4893589121459676,0.0244095382254622,1.369949715659738,0.3658281095504544,0.4000000000000001,1.4142135623730951,96
4.0,15.0,1.0,0.003,1.0,0.9999668936110966,3.310638890341444e-05,1.0000331074849726,0.9999775002693796,0.6019211688951502,5.228228691282625e-05,0.5718501593041608,0.4707736431263569,2.9897634099885537e-05,1.1073247064569964,0.3528280124325481,0.4000000000000001,1.4142135623730951,96
4.0,15.0,1.0,0.0040533233920169,1.0,0.9999423910934572,5.760890654271656e-05,1.00005761222552,0.9999609044539526,0.6019314852548991,9.049688728311992e-05,0.5718501593041608,0.4707736431263569,5.1750659409382814e-05,1.1132014007201538,0.3528280124325481,0.4000000000000001,1.4142135623730951,96
4.0,15.0,1.0,0.0054764768400905,1.0,0.9998999944222492,0.0001000055777509,1.0001000155798667,0.9999322412684633,0.6019493358939129,0.0001561760917159,0.5718501593041608,0.4707736431263569,8.930932292729406e-05,1.119766385781812,0.3528280124325481,0.4000000000000001,1.4142135623730951,96
4.0,15.0,1.0,0.0073993105605927,1.0,0.999826855977492,0.000173144022508,1.000173174006552,0.9998828964776796,0.6019801307732184,0.0002686226755593,0.5718501593041608,0.4707736431263569,0.0001536119198113,1.1271522595424612,0.3528280124325481,0.4000000000000001,1.4142135623730951,96
4.0,15.0,1.0,0.0099972661933495,1.0,0.9997011076279888,0.000298892372011,1.0002989817353711,0.9997982565995108,0.6020330792691811,0.0004602925869754,0.5718501593041608,0.4707736431263569,0.0002632183891884,1.1355299792412643,0.3528280124325481,0.4000000000000001,1.4142135623730951,96
4.0,15.0,1.0,0.0135073843059079,1.0,0.9994857171666656,0.0005142828333343,1.000514547456258,0.9996536733832072,0.6021237797546912,0.0007853569971121,0.5718501593041608,0.4707736431263569,0.0004491065239091,1.1451243879910893,0.3528280124325481,0.4000000000000001,1.4142135623730951,96
4.0,15.0,1.0,0.0182499322573664,1.0,0.9991183383789152,0.0008816616210848,1.0008824396342433,0.9994078518916318,0.6022785015678463,0.0013334370976519,0.5718501593041608,0.4707736431263569,0.0007625262167143,1.1562377814153837,0.3528280124325481,0.4000000000000001,1.4142135623730951,96
4.0,15.0,1.0,0.024657625773836,1.0,0.9984947086459632,0.0015052913540366,1.001507560672082,0.9989921545895004,0.6025411994722943,0.0022512172696923,0.5718501593041608,0.4707736431263569,0.0012873589543018,1.1692864286270317,0.3528280124325481,0.4000000000000001,1.4142135623730951,96
4.0,15.0,1.0,0.0333151104468964,1.0,0.9974418096431746,0.0025581903568253,1.0025647514793274,0.9982935724410904,0.6029848822279672,0.003775584287217,0.5718501593041608,0.4707736431263569,0.0021590684761113,1.1848583706955338,0.3528280124325481,0.4000000000000001,1.4142135623730951,96
4.0,15.0,1.0,0.0450123054940112,1.0,0.9956750800346093,0.0043249199653907,1.004343706146829,0.9971281600143188,0.6037298164451962,0.0062825938364425,0.5718501593041608,0.4707736431263569,0.0035927022862129,1.2038069455372469,0.3528280124325481,0.4000000000000001,1.4142135623730951,96
4.0,15.0,1.0,0.0608164769291628,1.0,0.992731334950736,0.0072686650492639,1.007321885381632,0.9952006886173784,0.604972282475378,0.0103558127090701,0.5718501593041608,0.4707736431263569,0.0059219731474058,1.2274059453390214,0.3528280124325481,0.4000000000000001,1.4142135623730951,96
4.0,15.0,1.0,0.0821696161856783,1.0,0.9878657364221974,0.0121342635778025,1.0122833125296458,0.9920455559586164,0.6070293136981496,0.0168726579851546,0.5718501593041608,0.4707736431263569,0.0096486321566952,1.257614901339405,0.3528280124325481,0.4000000000000001,1.4142135623730951,96
4.0,15.0,1.0,0.1110200091328213,1.0,0.9798977065388093,0.0201022934611907,1.0205146856932608,0.9869446137907688,0.6104070838838046,0.0270918750239637,0.5718501593041608,0.4707736431263569,0.015492493048302,1.297550587792187,0.3528280124325481,0.4000000000000001,1.4142135623730951,96
4.0,15.0,1.0,0.15,1.0,0.9669892837463786,0.0330107162536214,1.034137623661897,0.978821591816206,0.615902976205449,0.0426851996599323,0.5718501593041608,0.4707736431263569,0.0244095382254622,1.35236955114485,0.3528280124325481,0.4000000000000001,1.4142135623730951,96
4.0,20.0,1.0,0.003,1.0,0.9999671206292716,3.287937072826708e-05,1.0000328804518168,0.9999775002693796,0.6019210733135959,5.228228691282625e-05,0.5718501593041608,0.4455497630010951,2.9897634099885537e-05,1.0997315245219672,0.3351843134915844,0.4000000000000001,1.4142135623730951,96
4.0,20.0,1.0,0.0040533233920169,1.0,0.999942805517972,5.719448202812227e-05,1.000057197753424,0.9999609044539526,0.601931310767748,9.049688728311992e-05,0.5718501593041608,0.4455497630010951,5.1750659409382814e-05,1.1051932995804967,0.3351843134915844,0.4000000000000001,1.4142135623730951,96
4.0,20.0,1.0,0.0054764768400905,1.0,0.9999007509658128,9.924903418712104e-05,1.0000992588855355,0.9999322412684633,0.6019490173569507,0.0001561760917159,0.5718501593041608,0.4455497630010951,8.930932292729406e-05,1.1112953377545909,0.3351843134915844,0.4000000000000001,1.4142135623730951,96
4.0,20.0,1.0,0.0073993105605927,1.0,0.999828237089708,0.0001717629102918,1.0001717924178577,0.9998828964776796,0.601979549248145,0.0002686226755593,0.5718501593041608,0.4455497630010951,0.0001536119198113,1.118161341273593,0.3351843134915844,0.4000000000000001,1.4142135623730951,96
4.0,20.0,1.0,0.0099972661933495,1.0,0.9997036289916328,0.0002963710083672,1.0002964588701817,0.9997982565995108,0.6020320175777483,0.0004602925869754,0.5718501593041608,0.4455497630010951,0.0002632183891884,1.1259509994000607,0.3351843134915844,0.4000000000000001,1.4142135623730951,96
4.0,20.0,1.0,0.0135073843059079,1.0,0.9994903203920782,0.0005096796079218,1.0005099395136932,0.9996536733832072,0.6021218412581089,0.0007853569971121,0.5718501593041608,0.4455497630010951,0.0004491065239091,1.1348746473005162,0.3351843134915844,0.4000000000000001,1.4142135623730951,96
4.0,20.0,1.0,0.0182499322573664,1.0,0.9991267431246637,0.0008732568753363,1.0008740201194148,0.9994078518916318,0.6022749616310966,0.0013334370976519,0.5718501593041608,0.4455497630010951,0.0007625262167143,1.1452155430132789,0.3351843134915844,0.4000000000000001,1.4142135623730951,96
4.0,20.0,1.0,0.024657625773836,1.0,0.9985100565617776,0.0014899434382223,1.0014921666821792,0.9989921545895004,0.6025347334701351,0.0022512172696923,0.5718501593041608,0.4455497630010951,0.0012873589543018,1.1573644112573074,0.3351843134915844,0.4000000000000001,1.4142135623730951,96
4.0,20.0,1.0,0.0333151104468964,1.0,0.9974698435641868,0.0025301564358132,1.0025365743657697,0.9982935724410904,0.6029730663774663,0.003775584287217,0.5718501593041608,0.4455497630010951,0.0021590684761113,1.171874103951651,0.3351843134915844,0.4000000000000001,1.4142135623730951,96
4.0,20.0,1.0,0.0450123054940112,1.0,0.9957263083762664,0.0042736916237337,1.0042920344554347,0.9971281600143188,0.6037082083088748,0.0062825938364425,0.5718501593041608,0.4455497630010951,0.0035927022862129,1.1895479456046223,0.3351843134915844,0.4000000000000001,1.4142135623730951,96
4.0,20.0,1.0,0.0608164769291628,1.0,0.9928250205152808,0.0071749794847192,1.0072268318550186,0.9952006886173784,0.6049327166283195,0.0103558127090701,0.5718501593041608,0.4455497630010951,0.0059219731474058,1.2115859538914515,0.3351843134915844,0.4000000000000001,1.4142135623730951,96
4.0,20.0,1.0,0.0821696161856783,1.0,0.9880372986976916,0.0119627013023083,1.0121075401890962,0.9920455559586164,0.6069567101859468,0.0168726579851546,0.5718501593041608,0.4455497630010951,0.0096486321566952,1.239833906820389,0.3351843134915844,0.4000000000000001,1.4142135623730951,96
4.0,20.0,1.0,0.1110200091328213,1.0,0.9802126212271096,0.0197873787728902,1.0201868230875448,0.9869446137907688,0.6102733726791254,0.0270918750239637,0.5718501593041608,0.4455497630010951,0.015492493048302,1.2772236664039611,0.3351843134915844,0.4000000000000001,1.4142135623730951,96
4.0,20.0,1.0,0.15,1.0,0.9675696912903584,0.0324303087096414,1.0335172845962053,0.978821591816206,0.6156552343820362,0.0426851996599323,0.5718501593041608,0.4455497630010951,0.0244095382254622,1.3285916517590075,0.3351843134915844,0.4000000000000001,1.4142135623730951,96
4.0,25.0,1.0,0.003,1.0,0.9999674004975116,3.2599502488461773e-05,1.000032600565251,0.9999775002693796,0.60192095548057,5.228228691282625e-05,0.5718501593041608,0.4144536866038892,2.9897634099885537e-05,1.090370642023028,0.3134331075917422,0.4000000000000001,1.4142135623730951,96
4.0,25.0,1.0,0.0040533233920169,1.0,0.999943316420246,5.668357975385785e-05,1.000056686792964,0.9999609044539526,0.601931095660143,9.049688728311992e-05,0.5718501593041608,0.4144536866038892,5.1750659409382814e-05,1.0953209176612086,0.3134331075917422,0.4000000000000001,1.4142135623730951,96
4.0,25.0,1.0,0.0054764768400905,1.0,0.999901683629926,9.831637007395866e-05,1.000098326037133,0.9999322412684633,0.6019486246659025,0.0001561760917159,0.5718501593041608,0.4144536866038892,8.930932292729406e-05,1.1008522610119569,0.3134331075917422,0.4000000000000001,1.4142135623730951,96
4.0,25.0,1.0,0.0073993105605927,1.0,0.9998299397120596,0.0001700602879405,1.0001700892133611,0.9998828964776796,0.6019788323498939,0.0002686226755593,0.5718501593041608,0.4144536866038892,0.0001536119198113,1.107077420485281,0.3134331075917422,0.4000000000000001,1.4142135623730951,96
4.0,25.0,1.0,0.0099972661933495,1.0,0.999706737279756,0.0002932627202439,1.000293348748496,0.9997982565995108,0.6020307087467551,0.0004602925869754,0.5718501593041608,0.4144536866038892,0.0002632183891884,1.1141422191214307,0.3134331075917422,0.4000000000000001,1.4142135623730951,96
4.0,25.0,1.0,0.0135073843059079,1.0,0.9994959950734972,0.0005040049265027,1.000504259075561,0.9996536733832072,0.6021194515584349,0.0007853569971121,0.5718501593041608,0.4144536866038892,0.0004491065239091,1.1222391563490506,0.3134331075917422,0.4000000000000001,1.4142135623730951,96
4.0,25.0,1.0,0.0182499322573664,1.0,0.9991371038909392,0.0008628961090607,1.0008636413418142,0.9994078518916318,0.6022705978691543,0.0013334370976519,0.5718501593041608,0.4144536866038892,0.0007625262167143,1.1316281199863965,0.3134331075917422,0.4000000000000001,1.4142135623730951,96
4.0,25.0,1.0,0.024657625773836,1.0,0.998528975417752,0.001471024582248,1.0014731916834287,0.9989921545895004,0.6025267631068275,0.0022512172696923,0.5718501593041608,0.4144536866038892,0.0012873589543018,1.142668544256762,0.3134331075917422,0.4000000000000001,1.4142135623730951,96
4.0,25.0,1.0,0.0333151104468964,1.0,0.9975043968509076,0.0024956031490924,1.0025018467657596,0.9982935724410904,0.6029585029134089,0.003775584287217,0.5718501593041608,0.4144536866038892,0.0021590684761113,1.1558703101382262,0.3134331075917422,0.4000000000000001,1.4142135623730951,96
4.0,25.0,1.0,0.0450123054940112,1.0,0.9957894393677498,0.0042105606322502,1.0042283644170034,0.9971281600143188,0.6036815802799259,0.0062825938364425,0.5718501593041608,0.4144536866038892,0.0035927022862129,1.1719759381144004,0.3134331075917422,0.4000000000000001,1.4142135623730951,96
4.0,25.0,1.0,0.0608164769291628,1.0,0.9929404376780854,0.0070595623219146,1.0071097540738927,0.9952006886173784,0.6048839751297226,0.0103558127090701,0.5718501593041608,0.4144536866038892,0.0059219731474058,1.1920963074625126,0.3134331075917422,0.4000000000000001,1.4142135623730951,96
4.0,25.0,1.0,0.0821696161856783,1.0,0.9882485359929232,0.0117514640070769,1.0118912030517404,0.9920455559586164,0.6068673238086804,0.0168726579851546,0.5718501593041608,0.4144536866038892,0.0096486321566952,1.2179409284374536,0.3134331075917422,0.4000000000000001,1.4142135623730951,96
4.0,25.0,1.0,0.1110200091328213,1.0,0.9805999471106454,0.0194000528893546,1.019783860835927,0.9869446137907688,0.6101089401331381,0.0270918750239637,0.5718501593041608,0.4144536866038892,0.015492493048302,1.2522227913138104,0.3134331075917422,0.4000000000000001,1.4142135623730951,96
4.0,25.0,1.0,0.15,1.0,0.9682821024956508,0.0317178975043492,1.0327568767641162,0.978821591816206,0.6153512283547251,0.0426851996599323,0.5718501593041608,0.4144536866038892,0.0244095382254622,1.2994058802498578,0.3134331075917422,0.4000000000000001,1.4142135623730951,96
4.0,30.0,1.0,0.003,1.0,0.9999677247119,3.227528810001434e-05,1.000032276329828,0.9999775002693796,0.6019208189764872,5.228228691282625e-05,0.5718501593041608,0.3784302524806947,2.9897634099885537e-05,1.0795264933735311,0.2882352941176471,0.4000000000000001,1.4142135623730951,96
4.0,30.0,1.0,0.0040533233920169,1.0,0.9999439082759044,5.609172409570817e-05,1.0000560948705537,0.9999609044539526,0.6019308464684108,9.049688728311992e-05,0.5718501593041608,0.3784302524806947,5.1750659409382814e-05,1.0838842390777013,0.2882352941176471,0.4000000000000001,1.4142135623730951,96
4.0,30.0,1.0,0.0054764768400905,1.0,0.999902764073156,9.723592684385274e-05,1.0000972453825887,0.9999322412684633,0.6019481697537906,0.0001561760917159,0.5718501593041608,0.3784302524806947,8.930932292729406e-05,1.088754495686992,0.2882352941176471,0.4000000000000001,1.4142135623730951,96
4.0,30.0,1.0,0.0073993105605927,1.0,0.9998319121015476,0.0001680878984524,1.000168116156744,0.9998828964776796,0.601978001865402,0.0002686226755593,0.5718501593041608,0.3784302524806947,0.0001536119198113,1.0942373395170064,0.2882352941176471,0.4000000000000001,1.4142135623730951,96
4.0,30.0,1.0,0.0099972661933495,1.0,0.9997103380163316,0.0002896619836684,1.000289745912044,0.9997982565995108,0.602029192558856,0.0004602925869754,0.5718501593041608,0.3784302524806947,0.0002632183891884,1.1004625647983703,0.2882352941176471,0.4000000000000001,1.4142135623730951,96
4.0,30.0,1.0,0.0135073843059079,1.0,0.9995025686810586,0.0004974313189414,1.000497678880003,0.9996536733832072,0.6021166833137732,0.0007853569971121,0.5718501593041608,0.3784302524806947,0.0004491065239091,1.1076020775908315,0.2882352941176471,0.4000000000000001,1.4142135623730951,96
4.0,30.0,1.0,0.0182499322573664,1.0,0.9991491055126216,0.0008508944873784,1.0008516191253976,0.9994078518916318,0.6022655430337029,0.0013334370976519,0.5718501593041608,0.3784302524806947,0.0007625262167143,1.1158888294291875,0.2882352941176471,0.4000000000000001,1.4142135623730951,96
4.0,30.0,1.0,0.024657625773836,1.0,0.9985508891787516,0.0014491108212484,1.0014512137908569,0.9989921545895004,0.6025175310946986,0.0022512172696923,0.5718501593041608,0.3784302524806947,0.0012873589543018,1.125646282574149,0.2882352941176471,0.4000000000000001,1.4142135623730951,96
4.0,30.0,1.0,0.0333151104468964,1.0,0.9975444156321128,0.0024555843678872,1.002461629105839,0.9982935724410904,0.6029416361306975,0.003775584287217,0.5718501593041608,0.3784302524806947,0.0021590684761113,1.1373351031042815,0.2882352941176471,0.4000000000000001,1.4142135623730951,96
4.0,30.0,1.0,0.0450123054940112,1.0,0.9958625414960198,0.0041374585039801,1.0041546481884585,0.9971281600143188,0.6036507474207928,0.0062825938364425,0.5718501593041608,0.3784302524806947,0.0035927022862129,1.1516285443015084,0.2882352941176471,0.4000000000000001,1.4142135623730951,96
4.0,30.0,1.0,0.0608164769291628,1.0,0.9930740350579378,0.0069259649420622,1.0069742684810583,0.9952006886173784,0.6048275589818125,0.0103558127090701,0.5718501593041608,0.3784302524806947,0.0059219731474058,1.1695367016475255,0.2882352941176471,0.4000000000000001,1.4142135623730951,96
4.0,30.0,1.0,0.0821696161856783,1.0,0.9884928809312484,0.0115071190687515,1.0116410742967727,0.9920455559586164,0.60676393767241,0.0168726579851546,0.5718501593041608,0.3784302524806947,0.0096486321566952,1.1926166198352426,0.2882352941176471,0.4000000000000001,1.4142135623730951,96
4.0,30.0,1.0,0.1110200091328213,1.0,0.9810474144126649,0.0189525855873352,1.0193187253836062,0.9869446137907688,0.6099190086806235,0.0270918750239637,0.5718501593041608,0.3784302524806947,0.015492493048302,1.2233399445941582,0.2882352941176471,0.4000000000000001,1.4142135623730951,96
4.0,30.0,1.0,0.15,1.0,0.9691031777207312,0.0308968222792688,1.03188187077452,0.978821591816206,0.6150009623076377,0.0426851996599323,0.5718501593041608,0.3784302524806947,0.0244095382254622,1.2657684055259824,0.2882352941176471,0.4000000000000001,1.4142135623730951,96
4.0,35.0,1.0,0.003,1.0,0.9999680834211006,3.19165788994491e-05,1.0000319175976,0.9999775002693796,0.6019206679490651,5.228228691282625e-05,0.5718501593041608,0.3385740144486072,2.9897634099885537e-05,1.0675285807839656,0.2603564958810004,0.4000000000000001,1.4142135623730951,96
4.0,35.0,1.0,0.0040533233920169,1.0,0.9999445631008884,5.543689911147176e-05,1.0000554399725317,0.9999609044539526,0.6019305707644845,9.049688728311992e-05,0.5718501593041608,0.3385740144486072,5.1750659409382814e-05,1.0712307774269751,0.2603564958810004,0.4000000000000001,1.4142135623730951,96
4.0,35.0,1.0,0.0054764768400905,1.0,0.999903959464052,9.604053594802764e-05,1.0000960497606186,0.9999322412684633,0.6019476664441155,0.0001561760917159,0.5718501593041608,0.3385740144486072,8.930932292729406e-05,1.0753696568298183,0.2603564958810004,0.4000000000000001,1.4142135623730951,96
4.0,35.0,1.0,0.0073993105605927,1.0,0.9998340943190188,0.000165905680981,1.0001659332102433,0.9998828964776796,0.6019770830326048,0.0002686226755593,0.5718501593041608,0.3385740144486072,0.0001536119198113,1.0800312969516148,0.2603564958810004,0.4000000000000001,1.4142135623730951,96
4.0,35.0,1.0,0.0099972661933495,1.0,0.9997143217644884,0.0002856782355116,1.0002857598708874,0.9997982565995108,0.6020275150962635,0.0004602925869754,0.5718501593041608,0.3385740144486072,0.0002632183891884,1.085327800965638,0.2603564958810004,0.4000000000000001,1.4142135623730951,96
4.0,35.0,1.0,0.0135073843059079,1.0,0.999509841378004,0.000490158621996,1.0004903989952918,0.9996536733832072,0.6021136206811976,0.0007853569971121,0.5718501593041608,0.3385740144486072,0.0004491065239091,1.0914083761900304,0.2603564958810004,0.4000000000000001,1.4142135623730951,96
4.0,35.0,1.0,0.0182499322573664,1.0,0.9991623829898512,0.0008376170101487,1.000838319200571,0.9994078518916318,0.6022599508645469,0.0013334370976519,0.5718501593041608,0.3385740144486072,0.0007625262167143,1.0984763432239388,0.2603564958810004,0.4000000000000001,1.4142135623730951,96
4.0,35.0,1.0,0.024657625773836,1.0,0.9985751308842856,0.0014248691157143,1.0014269022646825,0.9989921545895004,0.6025073184477141,0.0022512172696923,0.5718501593041608,0.3385740144486072,0.0012873589543018,1.106815710531247,0.2603564958810004,0.4000000000000001,1.4142135623730951,96
4.0,35.0,1.0,0.0333151104468964,1.0,0.9975886802182904,0.0024113197817094,1.0024171482992188,0.9982935724410904,0.6029229801980395,0.003775584287217,0.5718501593041608,0.3385740144486072,0.0021590684761113,1.116833397545821,0.2603564958810004,0.4000000000000001,1.4142135623730951,96
4.0,35.0,1.0,0.0450123054940112,1.0,0.9959433811288424,0.0040566188711574,1.004073142056087,0.9971281600143188,0.6036166521743653,0.0062825938364425,0.5718501593041608,0.3385740144486072,0.0035927022862129,1.1291274778666678,0.2603564958810004,0.4000000000000001,1.4142135623730951,96
4.0,35.0,1.0,0.0608164769291628,1.0,0.9932217118422356,0.0067782881577642,1.0068245469032204,0.9952006886173784,0.6047652010451787,0.0103558127090701,0.5718501593041608,0.3385740144486072,0.0059219731474058,1.1445996104750271,0.2603564958810004,0.4000000000000001,1.4142135623730951,96
4.0,35.0,1.0,0.0821696161856783,1.0,0.988762770904316,0.0112372290956839,1.0113649395247826,0.9920455559586164,0.6066497554392538,0.0168726579851546,0.5718501593041608,0.3385740144486072,0.0096486321566952,1.164644782098598,0.2603564958810004,0.4000000000000001,1.4142135623730951,96
4.0,35.0,1.0,0.1110200091328213,1.0,0.9815409670251676,0.0184590329748325,1.0188061768127497,0.9869446137907688,0.6097095570843174,0.0270918750239637,0.5718501593041608,0.3385740144486072,0.015492493048302,1.1914824113382814,0.2603564958810004,0.4000000000000001,1.4142135623730951,96
4.0,35.0,1.0,0.15,1.0,0.9700064460372932,0.0299935539627068,1.0309209841699891,0.978821591816206,0.6146157693487622,0.0426851996599323,0.5718501593041608,0.3385740144486072,0.0244095382254622,1.2287636777749371,0.2603564958810004,0.4000000000000001,1.4142135623730951,96
4.0,40.0,1.0,0.003,1.0,0.999968465725716,3.153427428392863e-05,1.0000315352687257,0.9999775002693796,0.6019205069872854,5.228228691282625e-05,0.5718501593041608,0.2960959841320024,2.9897634099885537e-05,1.0547414614338786,0.2306437960588701,0.4000000000000001,1.4142135623730951,96
4.0,40.0,1.0,0.0040533233920169,1.0,0.999945260998008,5.473900199193249e-05,1.0000547419985144,0.9999609044539526,0.6019302769257877,9.049688728311992e-05,0.5718501593041608,0.2960959841320024,5.1750659409382814e-05,1.0577450145883138,0.2306437960588701,0.4000000000000001,1.4142135623730951,96
4.0,40.0,1.0,0.0054764768400905,1.0,0.999905233479042,9.476652095796734e-05,1.0000947755025027,0.9999322412684633,0.6019471300306856,0.0001561760917159,0.5718501593041608,0.2960959841320024,8.930932292729406e-05,1.0611044608983984,0.2306437960588701,0.4000000000000001,1.4142135623730951,96
4.0,40.0,1.0,0.0073993105605927,1.0,0.9998364200514842,0.0001635799485157,1.0001636067112931,0.9998828964776796,0.6019761037731008,0.0002686226755593,0.5718501593041608,0.2960959841320024,0.0001536119198113,1.0648909844801824,0.2306437960588701,0.4000000000000001,1.4142135623730951,96
4.0,40.0,1.0,0.0099972661933495,1.0,0.9997185674553464,0.0002814325446537,1.0002815117712278,0.9997982565995108,0.602025727338923,0.0004602925869754,0.5718501593041608,0.2960959841320024,0.0002632183891884,1.0691978836335894,0.2306437960588701,0.4000000000000001,1.4142135623730951,96
4.0,40.0,1.0,0.0135073843059079,1.0,0.9995175921048032,0.0004824078951967,1.000482640724893,0.9996536733832072,0.6021103567542109,0.0007853569971121,0.5718501593041608,0.2960959841320024,0.0004491065239091,1.0741502728520824,0.2306437960588701,0.4000000000000001,1.4142135623730951,96
4.0,40.0,1.0,0.0182499322573664,1.0,0.999176532618992,0.0008234673810079,1.0008241460383878,0.9994078518916318,0.6022539914000604,0.0013334370976519,0.5718501593041608,0.2960959841320024,0.0007625262167143,1.079920090559232,0.2306437960588701,0.4000000000000001,1.4142135623730951,96
4.0,40.0,1.0,0.024657625773836,1.0,0.9986009630492044,0.0013990369507956,1.001400996997363,0.9989921545895004,0.6024964358821752,0.0022512172696923,0.5718501593041608,0.2960959841320024,0.0012873589543018,1.086749694885516,0.2306437960588701,0.4000000000000001,1.4142135623730951,96
4.0,40.0,1.0,0.0333151104468964,1.0,0.9976358426129628,0.0023641573870371,1.002369759872345,0.9982935724410904,0.602903103332249,0.003775584287217,0.5718501593041608,0.2960959841320024,0.0021590684761113,1.0949895351606227,0.2306437960588701,0.4000000000000001,1.4142135623730951,96
4.0,40.0,1.0,0.0450123054940112,1.0,0.9960294918896336,0.0039705081103663,1.0039863358893455,0.9971281600143188,0.603580335050836,0.0062825938364425,0.5718501593041608,0.2960959841320024,0.0035927022862129,1.1051592350424364,0.2306437960588701,0.4000000000000001,1.4142135623730951,96
4.0,40.0,1.0,0.0608164769291628,1.0,0.9933789474201152,0.0066210525798846,1.0066651831076954,0.9952006886173784,0.6046988111225946,0.0103558127090701,0.5718501593041608,0.2960959841320024,0.0059219731474058,1.11804839621488,0.2306437960588701,0.4000000000000001,1.4142135623730951,96
4.0,40.0,1.0,0.0821696161856783,1.0,0.9890498946711058,0.0109501053288941,1.011071337642208,0.9920455559586164,0.6065282964102187,0.0168726579851546,0.5718501593041608,0.2960959841320024,0.0096486321566952,1.134886805825194,0.2306437960588701,0.4000000000000001,1.4142135623730951,96
4.0,40.0,1.0,0.1110200091328213,1.0,0.9820652457250628,0.0179347542749372,1.018262283848255,0.9869446137907688,0.6094871134245253,0.0270918750239637,0.5718501593041608,0.2960959841320024,0.015492493048302,1.1576415893181804,0.2306437960588701,0.4000000000000001,1.4142135623730951,96
4.0,40.0,1.0,0.15,1.0,0.9709632952545886,0.0290367047454114,1.0299050488183468,0.978821591816206,0.6142078829601674,0.0426851996599323,0.5718501593041608,0.2960959841320024,0.0244095382254622,1.18956386955008,0.2306437960588701,0.4000000000000001,1.4142135623730951,96
4.0,45.0,1.0,0.003,1.0,0.9999688600094814,3.113999051862493e-05,1.0000311409602478,0.9999775002693796,0.6019203409819495,5.228228691282625e-05,0.5718501593041608,0.2522868349871298,2.9897634099885537e-05,1.0415536699187895,0.2,0.4000000000000001,1.4142135623730951,96
4.0,45.0,1.0,0.0040533233920169,1.0,0.9999459807615778,5.401923842218714e-05,1.0000540221566578,0.9999609044539526,0.6019299738806559,9.049688728311992e-05,0.5718501593041608,0.2522868349871298,5.1750659409382814e-05,1.0438367170330785,0.2,0.4000000000000001,1.4142135623730951,96
4.0,45.0,1.0,0.0054764768400905,1.0,0.9999065474063732,9.345259362691928e-05,1.0000934613278305,0.9999322412684633,0.6019465768128035,0.0001561760917159,0.5718501593041608,0.2522868349871298,8.930932292729406e-05,1.046392364915791,0.2,0.4000000000000001,1.4142135623730951,96
4.0,45.0,1.0,0.0073993105605927,1.0,0.999838818627904,0.000161181372096,1.000161207355719,0.9998828964776796,0.6019750938433662,0.0002686226755593,0.5718501593041608,0.2522868349871298,0.0001536119198113,1.049276464313713,0.2,0.4000000000000001,1.4142135623730951,96
4.0,45.0,1.0,0.0099972661933495,1.0,0.9997229460696228,0.0002770539303771,1.0002771307105298,0.9997982565995108,0.6020238836141729,0.0004602925869754,0.5718501593041608,0.2522868349871298,0.0002632183891884,1.05256297339764,0.2,0.4000000000000001,1.4142135623730951,96
4.0,45.0,1.0,0.0135073843059079,1.0,0.9995255853058604,0.0004744146941395,1.0004746398702684,0.9996536733832072,0.6021069907296889,0.0007853569971121,0.5718501593041608,0.2522868349871298,0.0004491065239091,1.056352265850138,0.2,0.4000000000000001,1.4142135623730951,96
4.0,45.0,1.0,0.0182499322573664,1.0,0.999191124292013,0.000808875707987,1.0008095305175575,0.9994078518916318,0.602247845795815,0.0013334370976519,0.5718501593041608,0.2522868349871298,0.0007625262167143,1.0607841281476782,0.2,0.4000000000000001,1.4142135623730951,96
4.0,45.0,1.0,0.024657625773836,1.0,0.998627600181842,0.001372399818158,1.0013742858878607,0.9989921545895004,0.6024852143263393,0.0022512172696923,0.5718501593041608,0.2522868349871298,0.0012873589543018,1.0660583930938845,0.2,0.4000000000000001,1.4142135623730951,96
4.0,45.0,1.0,0.0333151104468964,1.0,0.9976844678367446,0.0023155321632554,1.002320906296433,0.9982935724410904,0.6028826103688621,0.003775584287217,0.5718501593041608,0.2522868349871298,0.0021590684761113,1.072468144885284,0.2,0.4000000000000001,1.4142135623730951,96
4.0,45.0,1.0,0.0450123054940112,1.0,0.996118250811318,0.0038817491886818,1.003896875883481,0.9971281600143188,0.6035429024663512,0.0062825938364425,0.5718501593041608,0.2522868349871298,0.0035927022862129,1.0804538977744178,0.2,0.4000000000000001,1.4142135623730951,96
4.0,45.0,1.0,0.0608164769291628,1.0,0.9935409427533458,0.0064590572466541,1.0065010478871204,0.9952006886173784,0.6046304161237183,0.0103558127090701,0.5718501593041608,0.2522868349871298,0.0059219731474058,1.0906934371162504,0.2,0.4000000000000001,1.4142135623730951,96
4.0,45.0,1.0,0.0821696161856783,1.0,0.989345458056234,0.0106545419437661,1.0107692837289606,0.9920455559586164,0.6064032826567988,0.0168726579851546,0.5718501593041608,0.2522868349871298,0.0096486321566952,1.1042541337191334,0.2,0.4000000000000001,1.4142135623730951,96
4.0,45.0,1.0,0.1110200091328213,1.0,0.9826040972546296,0.0173959027453702,1.0177038776797025,0.9869446137907688,0.6092585375723942,0.0270918750239637,0.5718501593041608,0.2522868349871298,0.015492493048302,1.122860129169256,0.2,0.4000000000000001,1.4142135623730951,96
4.0,45.0,1.0,0.15,1.0,0.9719439716738736,0.0280560283261263,1.028865890569606,0.978821591816206,0.6137900060056217,0.0426851996599323,0.5718501593041608,0.2522868349871298,0.0244095382254622,1.1493879182384672,0.2,0.4000000000000001,1.4142135623730951,96
4.0,50.0,1.0,0.003,1.0,0.9999692542922408,3.0745707759294305e-05,1.0000307466530869,0.9999775002693796,0.6019201749770653,5.228228691282625e-05,0.5718501593041608,0.2084776858422571,2.9897634099885537e-05,1.0283659120509476,0.1693562039411299,0.4000000000000001,1.4142135623730951,96
4.0,50.0,1.0,0.0040533233920169,1.0,0.9999467005217904,5.32994782096452e-05,1.0000533023191955,0.9999609044539526,0.6019296708370309,9.049688728311992e-05,0.5718501593041608,0.2084776858422571,5.1750659409382814e-05,1.029928484350512,0.1693562039411299,0.4000000000000001,1.4142135623730951,96
4.0,50.0,1.0,0.0054764768400905,1.0,0.999907861322524,9.21386774760391e-05,1.0000921471677942,0.9999322412684633,0.6019460235999411,0.0001561760917159,0.5718501593041608,0.2084776858422571,8.930932292729406e-05,1.0316803941179622,0.1693562039411299,0.4000000000000001,1.4142135623730951,96
4.0,50.0,1.0,0.0073993105605927,1.0,0.999841217167066,0.000158782832934,1.000158808048926,0.9998828964776796,0.6019740839303596,0.0002686226755593,0.5718501593041608,0.2084776858422571,0.0001536119198113,1.0336621866911906,0.1693562039411299,0.4000000000000001,1.4142135623730951,96
4.0,50.0,1.0,0.0099972661933495,1.0,0.9997273245597476,0.0002726754402524,1.0002727498124275,0.9997982565995108,0.6020220399451668,0.0004602925869754,0.5718501593041608,0.2084776858422571,0.0002632183891884,1.0359285348305254,0.1693562039411299,0.4000000000000001,1.4142135623730951,96
4.0,50.0,1.0,0.0135073843059079,1.0,0.9995335780932244,0.0004664219067754,1.0004666395576878,0.9996536733832072,0.6021036248909283,0.0007853569971121,0.5718501593041608,0.2084776858422571,0.0004491065239091,1.0385551799950876,0.1693562039411299,0.4000000000000001,1.4142135623730951,96
4.0,50.0,1.0,0.0182499322573664,1.0,0.9992057145866082,0.0007942854133917,1.0007949168042145,0.9994078518916318,0.6022417008106005,0.0013334370976519,0.5718501593041608,0.2084776858422571,0.0007625262167143,1.041649973445244,0.1693562039411299,0.4000000000000001,1.4142135623730951,96
4.0,50.0,1.0,0.024657625773836,1.0,0.998654232722156,0.0013457672778439,1.0013475808079997,0.9989921545895004,0.6024739948332671,0.0022512172696923,0.5718501593041608,0.2084776858422571,0.0012873589543018,1.045370658546265,0.1693562039411299,0.4000000000000001,1.4142135623730951,96
4.0,50.0,1.0,0.0333151104468964,1.0,0.9977330777645952,0.0022669222354047,1.002272072847864,0.9982935724410904,0.602862124278386,0.003775584287217,0.5718501593041608,0.2084776858422571,0.0021590684761113,1.0499538391147378,0.1693562039411299,0.4000000000000001,1.4142135623730951,96
4.0,50.0,1.0,0.0450123054940112,1.0,0.996206958810146,0.0037930411898539,1.0038074831301964,0.9971281600143188,0.6035054927759439,0.0062825938364425,0.5718501593041608,0.2084776858422571,0.0035927022862129,1.0557627344769738,0.1693562039411299,0.4000000000000001,1.4142135623730951,96
4.0,50.0,1.0,0.0608164769291628,1.0,0.993702768713864,0.0062972312861361,1.0063371377079753,0.9952006886173784,0.6045620973428935,0.0103558127090701,0.5718501593041608,0.2084776858422571,0.0059219731474058,1.0633670787404197,0.1693562039411299,0.4000000000000001,1.4142135623730951,96
4.0,50.0,1.0,0.0821696161856783,1.0,0.9896404591466526,0.0103595408533474,1.0104679843650293,0.9920455559586164,0.6062785223202124,0.0168726579851546,0.5718501593041608,0.2084776858422571,0.0096486321566952,1.0736797387553887,0.1693562039411299,0.4000000000000001,1.4142135623730951,96
4.0,50.0,1.0,0.1110200091328213,1.0,0.983141089140854,0.0168589108591459,1.0171480075905266,0.9869446137907688,0.6090308018671645,0.0270918750239637,0.5718501593041608,0.2084776858422571,0.015492493048302,1.0881987041455274,0.1693562039411299,0.4000000000000001,1.4142135623730951,96
4.0,50.0,1.0,0.15,1.0,0.9729185472535404,0.0270814527464594,1.0278352723595494,0.978821591816206,0.6133748958653514,0.0426851996599323,0.5718501593041608,0.2084776858422571,0.0244095382254622,1.1094619036344613,0.1693562039411299,0.4000000000000001,1.4142135623730951,96
4.0,55.0,1.0,0.003,1.0,0.9999696365939568,3.0363406043121263e-05,1.0000303643280075,0.9999775002693796,0.6019200140165871,5.228228691282625e-05,0.5718501593041608,0.1659996555256523,2.9897634099885537e-05,1.0155788896766755,0.1396435041189996,0.4000000000000001,1.4142135623730951,96
4.0,55.0,1.0,0.0040533233920169,1.0,0.9999473984092498,5.260159075015647e-05,1.000052604357823,0.9999609044539526,0.601929377002671,9.049688728311992e-05,0.5718501593041608,0.1659996555256523,5.1750659409382814e-05,1.0164429081771154,0.1396435041189996,0.4000000000000001,1.4142135623730951,96
4.0,55.0,1.0,0.0054764768400905,1.0,0.999909135305322,9.086469467811664e-05,1.0000908729518212,0.9999322412684633,0.6019454872009645,0.0001561760917159,0.5718501593041608,0.1659996555256523,8.930932292729406e-05,1.0174155586431757,0.1396435041189996,0.4000000000000001,1.4142135623730951,96
4.0,55.0,1.0,0.0073993105605927,1.0,0.9998435427922556,0.0001564572077442,1.0001564816904327,0.9998828964776796,0.6019731047190204,0.0002686226755593,0.5718501593041608,0.1659996555256523,0.0001536119198113,1.0185225725739089,0.1396435041189996,0.4000000000000001,1.4142135623730951,96
4.0,55.0,1.0,0.0099972661933495,1.0,0.9997315698931288,0.0002684301068712,1.0002685021809403,0.9997982565995108,0.6020202523483331,0.0004602925869754,0.5718501593041608,0.1659996555256523,0.0002632183891884,1.0197999755977951,0.1396435041189996,0.4000000000000001,1.4142135623730951,96
4.0,55.0,1.0,0.0135073843059079,1.0,0.9995413276288364,0.0004586723711635,1.0004588828480476,0.9996536733832072,0.6021003614988218,0.0007853569971121,0.5718501593041608,0.1659996555256523,0.0004491065239091,1.0212997290066794,0.1396435041189996,0.4000000000000001,1.4142135623730951,96
4.0,55.0,1.0,0.0182499322573664,1.0,0.9992198602467288,0.000780139753271,1.0007807488464835,0.9994078518916318,0.6022357431285423,0.0013334370976519,0.5718501593041608,0.1659996555256523,0.0007625262167143,1.0230989258738514,0.1396435041189996,0.4000000000000001,1.4142135623730951,96
4.0,55.0,1.0,0.024657625773836,1.0,0.9986800516640018,0.0013199483359982,1.0013216929023454,0.9989921545895004,0.6024631182072221,0.0022512172696923,0.5718501593041608,0.1659996555256523,0.0012873589543018,1.025314914373712,0.1396435041189996,0.4000000000000001,1.4142135623730951,96
4.0,55.0,1.0,0.0333151104468964,1.0,0.9977801961163494,0.0022198038836506,1.0022247423754156,0.9982935724410904,0.6028422672023731,0.003775584287217,0.5718501593041608,0.1659996555256523,0.0021590684761113,1.0281303757668094,0.1396435041189996,0.4000000000000001,1.4142135623730951,96
4.0,55.0,1.0,0.0450123054940112,1.0,0.9962929229439292,0.0037070770560706,1.003720870610138,0.9971281600143188,0.6034692415734958,0.0062825938364425,0.5718501593041608,0.1659996555256523,0.0035927022862129,1.0318353041098254,0.1396435041189996,0.4000000000000001,1.4142135623730951,96
4.0,55.0,1.0,0.0608164769291628,1.0,0.9938595165970724,0.0061404834029277,1.0061784219000611,0.9952006886173784,0.6044959268837997,0.0103558127090701,0.5718501593041608,0.1659996555256523,0.0059219731474058,1.0368982178883448,0.1396435041189996,0.4000000000000001,1.4142135623730951,96
4.0,55.0,1.0,0.0821696161856783,1.0,0.9899259637910854,0.0100740362089145,1.0101765551944253,0.9920455559586164,0.6061577930018616,0.0168726579851546,0.5718501593041608,0.1659996555256523,0.0096486321566952,1.0440895709682612,0.1396435041189996,0.4000000000000001,1.4142135623730951,96
4.0,55.0,1.0,0.1110200091328213,1.0,0.9836600125646938,0.0163399874353061,1.016611417793332,0.9869446137907688,0.6088107775981776,0.0270918750239637,0.5718501593041608,0.1659996555256523,0.015492493048302,1.0547035512206973,0.1396435041189996,0.4000000000000001,1.4142135623730951,96
4.0,55.0,1.0,0.15,1.0,0.9738578228937962,0.0261421771062038,1.0268439360362922,0.978821591816206,0.6129749792507152,0.0426851996599323,0.5718501593041608,0.1659996555256523,0.0244095382254622,1.070982042541642,0.1396435041189996,0.4000000000000001,1.4142135623730951,96
4.0,60.0,1.0,0.003,1.0,0.999969995298717,3.000470128300403e-05,1.000030005601592,0.9999775002693796,0.601919862991159,5.228228691282625e-05,0.5718501593041608,0.1261434174935649,2.9897634099885537e-05,1.003581125608829,0.111764705882353,0.4000000000000001,1.4142135623730951,96
4.0,60.0,1.0,0.0040533233920169,1.0,0.999948053219434,5.194678056608115e-05,1.0000519494791742,0.9999609044539526,0.6019291013053896,9.049688728311992e-05,0.5718501593041608,0.1261434174935649,5.1750659409382814e-05,1.0037897325161962,0.111764705882353,0.4000000000000001,1.4142135623730951,96
4.0,60.0,1.0,0.0054764768400905,1.0,0.9999103306468968,8.966935310306123e-05,1.000089677394417,0.9999322412684633,0.6019449839134331,0.0001561760917159,0.5718501593041608,0.1261434174935649,8.930932292729406e-05,1.0040312720325992,0.111764705882353,0.4000000000000001,1.4142135623730951,96
4.0,60.0,1.0,0.0073993105605927,1.0,0.9998457248453704,0.0001542751546296,1.0001542989591254,0.9998828964776796,0.6019721859600159,0.0002686226755593,0.5718501593041608,0.1261434174935649,0.0001536119198113,1.0043175999564131,0.111764705882353,0.4000000000000001,1.4142135623730951,96
4.0,60.0,1.0,0.0099972661933495,1.0,0.999735553093598,0.0002644469064021,1.0002645168570667,0.9997982565995108,0.602018575131652,0.0004602925869754,0.5718501593041608,0.1261434174935649,0.0002632183891884,1.0046672924999032,0.111764705882353,0.4000000000000001,1.4142135623730951,96
4.0,60.0,1.0,0.0135073843059079,1.0,0.9995485985007782,0.0004514014992218,1.000451605354556,0.9996536733832072,0.6020972996857299,0.0007853569971121,0.5718501593041608,0.1261434174935649,0.0004491065239091,1.0051100912377684,0.111764705882353,0.4000000000000001,1.4142135623730951,96
4.0,60.0,1.0,0.0182499322573664,1.0,0.9992331316430678,0.0007668683569321,1.0007674568953406,0.9994078518916318,0.6022301536902248,0.0013334370976519,0.5718501593041608,0.1261434174935649,0.0007625262167143,1.0056944143331557,0.111764705882353,0.4000000000000001,1.4142135623730951,96
4.0,60.0,1.0,0.024657625773836,1.0,0.9987042731106014,0.0012957268893986,1.0012974079757997,0.9989921545895004,0.6024529146600748,0.0022512172696923,0.5718501593041608,0.1261434174935649,0.0012873589543018,1.006500079149474,0.111764705882353,0.4000000000000001,1.4142135623730951,96
4.0,60.0,1.0,0.0333151104468964,1.0,0.9978243932247378,0.0021756067752621,1.0021803503602784,0.9982935724410904,0.602823641589468,0.003775584287217,0.5718501593041608,0.1261434174935649,0.0021590684761113,1.0076599234039296,0.111764705882353,0.4000000000000001,1.4142135623730951,96
4.0,60.0,1.0,0.0450123054940112,1.0,0.9963735379297411,0.0036264620702587,1.0036396611634164,0.9971281600143188,0.6034352473246376,0.0062825938364425,0.5718501593041608,0.1261434174935649,0.0035927022862129,1.0093967663770242,0.111764705882353,0.4000000000000001,1.4142135623730951,96
4.0,60.0,1.0,0.0608164769291628,1.0,0.9940064461742754,0.0059935538257246,1.0060296931159678,0.9952006886173784,0.6044339051915303,0.0103558127090701,0.5718501593041608,0.1261434174935649,0.0059219731474058,1.0120873020760288,0.111764705882353,0.4000000000000001,1.4142135623730951,96
4.0,60.0,1.0,0.0821696161856783,1.0,0.9901933729540852,0.0098066270459148,1.009903749422861,0.9920455559586164,0.6060447288251972,0.0168726579851546,0.5718501593041608,0.1261434174935649,0.0096486321566952,1.016374848440036,0.111764705882353,0.4000000000000001,1.4142135623730951,96
4.0,60.0,1.0,0.1110200091328213,1.0,0.9841453585555447,0.0158546414444552,1.016110060680188,0.9869446137907688,0.6086050335425843,0.0270918750239637,0.5718501593041608,0.1261434174935649,0.015492493048302,1.0233757339780023,0.111764705882353,0.4000000000000001,1.4142135623730951,96
4.0,60.0,1.0,0.15,1.0,0.974734146986284,0.025265853013716,1.0259207632069052,0.978821591816206,0.612602005495864,0.0426851996599323,0.5718501593041608,0.1261434174935649,0.0244095382254622,1.0350811547659935,0.111764705882353,0.4000000000000001,1.4142135623730951,96
4.0,65.0,1.0,0.003,1.0,0.9999703195076558,2.968049234419734e-05,1.000029681373302,0.9999775002693796,0.6019197264895223,5.228228691282625e-05,0.5718501593041608,0.0901199833703702,2.9897634099885537e-05,0.9927371592359868,0.0865668924082577,0.4000000000000001,1.4142135623730951,96
4.0,65.0,1.0,0.0040533233920169,1.0,0.9999486450569358,5.135494306418576e-05,1.00005135758053,0.9999609044539526,0.6019288521218087,9.049688728311992e-05,0.5718501593041608,0.0901199833703702,5.1750659409382814e-05,0.9923534047737116,0.0865668924082577,0.4000000000000001,1.4142135623730951,96
4.0,65.0,1.0,0.0054764768400905,1.0,0.999911411029625,8.858897037500313e-05,1.000088596819076,0.9999322412684633,0.6019445290284847,0.0001561760917159,0.5718501593041608,0.0901199833703702,8.930932292729406e-05,0.9919341841514424,0.0865668924082577,0.4000000000000001,1.4142135623730951,96
4.0,65.0,1.0,0.0073993105605927,1.0,0.999847697033244,0.000152302966756,1.000152326166483,0.9998828964776796,0.6019713555660449,0.0002686226755593,0.5718501593041608,0.0901199833703702,0.0001536119198113,0.9914788314807056,0.0865668924082577,0.4000000000000001,1.4142135623730951,96
4.0,65.0,1.0,0.0099972661933495,1.0,0.9997391531583362,0.0002608468416638,1.0002609149004915,0.9997982565995108,0.6020170592454075,0.0004602925869754,0.5718501593041608,0.0901199833703702,0.0002632183891884,0.9909901905716604,0.0865668924082577,0.4000000000000001,1.4142135623730951,96
4.0,65.0,1.0,0.0135073843059079,1.0,0.9995551698696408,0.0004448301303591,1.0004450280922634,0.9996536733832072,0.6020945324463136,0.0007853569971121,0.5718501593041608,0.0901199833703702,0.0004491065239091,0.9904779972625368,0.0865668924082577,0.4000000000000001,1.4142135623730951,96
4.0,65.0,1.0,0.0182499322573664,1.0,0.9992451258054298,0.0007548741945702,1.0007554444600986,0.9994078518916318,0.6022251022046439,0.0013334370976519,0.5718501593041608,0.0901199833703702,0.0007625262167143,0.9899649061548604,0.0865668924082577,0.4000000000000001,1.4142135623730951,96
4.0,65.0,1.0,0.024657625773836,1.0,0.9987261620203186,0.0012738379796813,1.0012754627125262,0.9989921545895004,0.6024436938105575,0.0022512172696923,0.5718501593041608,0.0901199833703702,0.0012873589543018,0.98949712154851,0.0865668924082577,0.4000000000000001,1.4142135623730951,96
4.0,65.0,1.0,0.0333151104468964,1.0,0.9978643292319704,0.0021356707680296,1.0021402416194929,0.9982935724410904,0.6028068119995311,0.003775584287217,0.5718501593041608,0.0901199833703702,0.0021590684761113,0.989163054187239,0.0865668924082577,0.4000000000000001,1.4142135623730951,96
4.0,65.0,1.0,0.0450123054940112,1.0,0.99644636448534,0.0035536355146601,1.00356630887654,0.9971281600143188,0.6034045383583786,0.0062825938364425,0.5718501593041608,0.0901199833703702,0.0035927022862129,0.9891260760172732,0.0865668924082577,0.4000000000000001,1.4142135623730951,96
4.0,65.0,1.0,0.0608164769291628,1.0,0.9941391269433084,0.0058608730566915,1.005895425396556,0.9952006886173784,0.6043779015196171,0.0103558127090701,0.5718501593041608,0.0901199833703702,0.0059219731474058,0.9896824775808052,0.0865668924082577,0.4000000000000001,1.4142135623730951,96
4.0,65.0,1.0,0.0821696161856783,1.0,0.990434674446146,0.0095653255538541,1.009657704642866,0.9920455559586164,0.6059427143120152,0.0168726579851546,0.5718501593041608,0.0901199833703702,0.0096486321566952,0.9913659675808714,0.0865668924082577,0.4000000000000001,1.4142135623730951,96
4.0,65.0,1.0,0.1110200091328213,1.0,0.984582755863897,0.015417244136103,1.0156586574813364,0.9869446137907688,0.6084196514169873,0.0270918750239637,0.5718501593041608,0.0901199833703702,0.015492493048302,0.9951428790728216,0.0865668924082577,0.4000000000000001,1.4142135623730951,96
4.0,65.0,1.0,0.15,1.0,0.9755221371502588,0.024477862849741,1.0250920629246272,0.978821591816206,0.6122667431205312,0.0426851996599323,0.5718501593041608,0.0901199833703702,0.0244095382254622,1.0027990953228108,0.0865668924082577,0.4000000000000001,1.4142135623730951,96
4.0,70.0,1.0,0.003,1.0,0.9999705993700984,2.9400629901643605e-05,1.000029401494324,0.9999775002693796,0.6019196086590992,5.228228691282625e-05,0.5718501593041608,0.0590239069731644,2.9897634099885537e-05,0.9833764706404032,0.0648156865084156,0.4000000000000001,1.4142135623730951,96
4.0,70.0,1.0,0.0040533233920169,1.0,0.9999491559398896,5.0844060110466494e-05,1.0000508466453604,0.9999609044539526,0.6019286370228781,9.049688728311992e-05,0.5718501593041608,0.0590239069731644,5.1750659409382814e-05,0.9824813961935344,0.0648156865084156,0.4000000000000001,1.4142135623730951,96
4.0,70.0,1.0,0.0054764768400905,1.0,0.9999123436293534,8.765637064656051e-05,1.0000876640549594,0.9999322412684633,0.6019441363663429,0.0001561760917159,0.5718501593041608,0.0590239069731644,8.930932292729406e-05,0.9814918283270472,0.0648156865084156,0.4000000000000001,1.4142135623730951,96
4.0,70.0,1.0,0.0073993105605927,1.0,0.9998493994410436,0.0001506005589563,1.000150623242901,0.9998828964776796,0.6019706387641235,0.0002686226755593,0.5718501593041608,0.0590239069731644,0.0001536119198113,0.9803963074043088,0.0648156865084156,0.4000000000000001,1.4142135623730951,96
4.0,70.0,1.0,0.0099972661933495,1.0,0.9997422607315044,0.0002577392684957,1.000257805715152,0.9997982565995108,0.6020157507354286,0.0004602925869754,0.5718501593041608,0.0590239069731644,0.0002632183891884,0.9791841264979936,0.0648156865084156,0.4000000000000001,1.4142135623730951,96
4.0,70.0,1.0,0.0135073843059079,1.0,0.9995608421686842,0.0004391578313157,1.0004393507756495,0.9996536733832072,0.6020921438164002,0.0007853569971121,0.5718501593041608,0.0590239069731644,0.0004491065239091,0.977847811011881,0.0648156865084156,0.4000000000000001,1.4142135623730951,96
4.0,70.0,1.0,0.0182499322573664,1.0,0.999255478633661,0.0007445213663389,1.0007450760914085,0.9994078518916318,0.6022207420075602,0.0013334370976519,0.5718501593041608,0.0590239069731644,0.0007625262167143,0.9763878933199938,0.0648156865084156,0.4000000000000001,1.4142135623730951,96
4.0,70.0,1.0,0.024657625773836,1.0,0.9987450544300897,0.0012549455699103,1.0012565224371763,0.9989921545895004,0.6024357353262626,0.0022512172696923,0.5718501593041608,0.0590239069731644,0.0012873589543018,0.9748217975389074,0.0648156865084156,0.4000000000000001,1.4142135623730951,96
4.0,70.0,1.0,0.0333151104468964,1.0,0.997898794432214,0.0021012055677861,1.002105629929117,0.9982935724410904,0.6027922881153088,0.003775584287217,0.5718501593041608,0.0590239069731644,0.0021590684761113,0.9732000587450554,0.0648156865084156,0.4000000000000001,1.4142135623730951,96
4.0,70.0,1.0,0.0450123054940112,1.0,0.9965092022157058,0.0034907977842941,1.0035030261401827,0.9971281600143188,0.6033780421746995,0.0062825938364425,0.5718501593041608,0.0590239069731644,0.0035927022862129,0.9716356954179368,0.0648156865084156,0.4000000000000001,1.4142135623730951,96
4.0,70.0,1.0,0.0608164769291628,1.0,0.994253568638232,0.005746431361768,1.0057796436875135,0.9952006886173784,0.6043295989823907,0.0103558127090701,0.5718501593041608,0.0590239069731644,0.0059219731474058,0.9703575512302496,0.0648156865084156,0.4000000000000001,1.4142135623730951,96
4.0,70.0,1.0,0.0821696161856783,1.0,0.9906426726318572,0.0093573273681428,1.009445714006326,0.9920455559586164,0.6058547877353857,0.0168726579851546,0.5718501593041608,0.0590239069731644,0.0096486321566952,0.9698086958004424,0.0648156865084156,0.4000000000000001,1.4142135623730951,96
4.0,70.0,1.0,0.1110200091328213,1.0,0.9849593617494214,0.0150406382505785,1.0152703135120869,0.9869446137907688,0.608260061805463,0.0270918750239637,0.5718501593041608,0.0590239069731644,0.015492493048302,0.9708339518814204,0.0648156865084156,0.4000000000000001,1.4142135623730951,96
4.0,70.0,1.0,0.15,1.0,0.976199299762788,0.0238007002372119,1.0243809847466552,0.978821591816206,0.6119787214119571,0.0426851996599323,0.5718501593041608,0.0590239069731644,0.0244095382254622,0.9750573737763218,0.0648156865084156,0.4000000000000001,1.4142135623730951,96
4.0,75.0,1.0,0.003,1.0,0.9999708263828248,2.91736171752488e-05,1.0000291744683,0.9999775002693796,0.6019195130799909,5.228228691282625e-05,0.5718501593041608,0.0338000268479026,2.9897634099885537e-05,0.9757834709523217,0.047171987567452,0.4000000000000001,1.4142135623730951,96
4.0,75.0,1.0,0.0040533233920169,1.0,0.9999495703462484,5.042965375157138e-05,1.0000504321970298,0.9999609044539526,0.6019284625438779,9.049688728311992e-05,0.5718501593041608,0.0338000268479026,5.1750659409382814e-05,0.9744736458841736,0.047171987567452,0.4000000000000001,1.4142135623730951,96
4.0,75.0,1.0,0.0054764768400905,1.0,0.999913100112416,8.689988758392442e-05,1.0000869074398306,0.9999322412684633,0.6019438178565443,0.0001561760917159,0.5718501593041608,0.0338000268479026,8.930932292729406e-05,0.9730214577336888,0.047171987567452,0.4000000000000001,1.4142135623730951,96
4.0,75.0,1.0,0.0073993105605927,1.0,0.9998507803516464,0.0001492196483535,1.00014924191818,0.9998828964776796,0.6019700573295704,0.0002686226755593,0.5718501593041608,0.0338000268479026,0.0001536119198113,0.971406701620779,0.047171987567452,0.4000000000000001,1.4142135623730951,96
4.0,75.0,1.0,0.0099972661933495,1.0,0.9997447814233104,0.0002552185766896,1.0002552837298395,0.9997982565995108,0.6020146893456505,0.0004602925869754,0.5718501593041608,0.0338000268479026,0.0002632183891884,0.9696076990537164,0.047171987567452,0.4000000000000001,1.4142135623730951,96
4.0,75.0,1.0,0.0135073843059079,1.0,0.999565443155397,0.000434556844603,1.0004347457663514,0.9996536733832072,0.6020902063250637,0.0007853569971121,0.5718501593041608,0.0338000268479026,0.0004491065239091,0.9676030551070144,0.047171987567452,0.4000000000000001,1.4142135623730951,96
4.0,75.0,1.0,0.0182499322573664,1.0,0.9992638759200864,0.0007361240799135,1.0007366663577584,0.9994078518916318,0.6022172054206825,0.0013334370976519,0.5718501593041608,0.0338000268479026,0.0007625262167143,0.9653754373002968,0.047171987567452,0.4000000000000001,1.4142135623730951,96
4.0,75.0,1.0,0.024657625773836,1.0,0.9987603774945796,0.0012396225054205,1.001241161076624,0.9989921545895004,0.6024292804867335,0.0022512172696923,0.5718501593041608,0.0338000268479026,0.0012873589543018,0.9629190842835172,0.047171987567452,0.4000000000000001,1.4142135623730951,96
4.0,75.0,1.0,0.0333151104468964,1.0,0.997926745578776,0.0020732544212238,1.0020775617352768,0.9982935724410904,0.6027805094577907,0.003775584287217,0.5718501593041608,0.0338000268479026,0.0021590684761113,0.9602541300394356,0.047171987567452,0.4000000000000001,1.4142135623730951,96
4.0,75.0,1.0,0.0450123054940112,1.0,0.9965601549794184,0.0034398450205815,1.0034517183969216,0.9971281600143188,0.6033565579335587,0.0062825938364425,0.5718501593041608,0.0338000268479026,0.0035927022862129,0.957453400406152,0.047171987567452,0.4000000000000001,1.4142135623730951,96
4.0,75.0,1.0,0.0608164769291628,1.0,0.994346337533653,0.005653662466347,1.005685808106228,0.9952006886173784,0.6042904456368583,0.0103558127090701,0.5718501593041608,0.0338000268479026,0.0059219731474058,0.954692350947871,0.047171987567452,0.4000000000000001,1.4142135623730951,96
4.0,75.0,1.0,0.0821696161856783,1.0,0.990811190818852,0.009188809181148,1.0092740264404505,0.9920455559586164,0.6057835561279272,0.0168726579851546,0.5718501593041608,0.0338000268479026,0.0096486321566952,0.952343195586728,0.047171987567452,0.4000000000000001,1.4142135623730951,96
4.0,75.0,1.0,0.1110200091328213,1.0,0.9852641994202896,0.0147358005797104,1.0149561920430892,0.9869446137907688,0.6081309030156219,0.0270918750239637,0.5718501593041608,0.0338000268479026,0.015492493048302,0.9511574756733842,0.047171987567452,0.4000000000000001,1.4142135623730951,96
4.0,75.0,1.0,0.15,1.0,0.9767465465033304,0.0232534534966695,1.023807049617851,0.978821591816206,0.6117460166880493,0.0426851996599323,0.5718501593041608,0.0338000268479026,0.0244095382254622,0.9526379926521202,0.047171987567452,0.4000000000000001,1.4142135623730951,96
4.0,80.0,1.0,0.003,1.0,0.9999709936484164,2.9006351583538148e-05,1.0000290071929765,0.9999775002693796,0.6019194426562092,5.228228691282625e-05,0.5718501593041608,0.0152147578282918,2.9897634099885537e-05,0.9701888613202742,0.0341718904495455,0.4000000000000001,1.4142135623730951,96
4.0,80.0,1.0,0.0040533233920169,1.0,0.9999498756853032,5.012431469675338e-05,1.0000501268272697,0.9999609044539526,0.6019283339858973,9.049688728311992e-05,0.5718501593041608,0.0152147578282918,5.1750659409382814e-05,0.968573449475031,0.0341718904495455,0.4000000000000001,1.4142135623730951,96
4.0,80.0,1.0,0.0054764768400905,1.0,0.9999136574961864,8.634250381345243e-05,1.0000863499594852,0.9999322412684633,0.6019435831756222,0.0001561760917159,0.5718501593041608,0.0152147578282918,8.930932292729406e-05,0.9667804097422518,0.0341718904495455,0.4000000000000001,1.4142135623730951,96
4.0,80.0,1.0,0.0073993105605927,1.0,0.9998517978158769,0.0001482021841231,1.000148224151266,0.9998828964776796,0.6019696289248976,0.0002686226755593,0.5718501593041608,0.0152147578282918,0.0001536119198113,0.9647830995482738,0.0341718904495455,0.4000000000000001,1.4142135623730951,96
4.0,80.0,1.0,0.0099972661933495,1.0,0.9997466386741058,0.0002533613258941,1.0002534255341236,0.9997982565995108,0.6020139073122609,0.0004602925869754,0.5718501593041608,0.0152147578282918,0.0002632183891884,0.96255176804063,0.0341718904495455,0.4000000000000001,1.4142135623730951,96
4.0,80.0,1.0,0.0135073843059079,1.0,0.9995688331320453,0.0004311668679548,1.0004313528530135,0.9996536733832072,0.6020887787966814,0.0007853569971121,0.5718501593041608,0.0152147578282918,0.0004491065239091,0.9600547865611384,0.0341718904495455,0.4000000000000001,1.4142135623730951,96
4.0,80.0,1.0,0.0182499322573664,1.0,0.9992700628534538,0.0007299371465462,1.0007304703439848,0.9994078518916318,0.6022145997504964,0.0013334370976519,0.5718501593041608,0.0152147578282918,0.0007625262167143,0.9572617052978084,0.0341718904495455,0.4000000000000001,1.4142135623730951,96
4.0,80.0,1.0,0.024657625773836,1.0,0.9987716667484656,0.0012283332515344,1.001229843909703,0.9989921545895004,0.6024245249166937,0.0022512172696923,0.5718501593041608,0.0152147578282918,0.0012873589543018,0.9541497710719034,0.0341718904495455,0.4000000000000001,1.4142135623730951,96
4.0,80.0,1.0,0.0333151104468964,1.0,0.9979473371067974,0.0020526628932026,1.0020568849846865,0.9982935724410904,0.6027718322454191,0.003775584287217,0.5718501593041608,0.0152147578282918,0.0021590684761113,0.95071690217979,0.0341718904495455,0.4000000000000001,1.4142135623730951,96
4.0,80.0,1.0,0.0450123054940112,1.0,0.9965976869274018,0.0034023130725981,1.0034139283255692,0.9971281600143188,0.6033407328808754,0.0062825938364425,0.5718501593041608,0.0152147578282918,0.0035927022862129,0.947006682311134,0.0341718904495455,0.4000000000000001,1.4142135623730951,96
4.0,80.0,1.0,0.0608164769291628,1.0,0.9944146555974503,0.0055853444025495,1.0056167156941125,0.9952006886173784,0.6042616128158931,0.0103558127090701,0.5718501593041608,0.0152147578282918,0.0059219731474058,0.9431559825623766,0.0341718904495455,0.4000000000000001,1.4142135623730951,96
4.0,80.0,1.0,0.0821696161856783,1.0,0.9909352420853756,0.0090647579146243,1.0091476794139929,0.9920455559586164,0.6057311236674988,0.0168726579851546,0.5718501593041608,0.0152147578282918,0.0096486321566952,0.9394863196576746,0.0341718904495455,0.4000000000000001,1.4142135623730951,96
4.0,80.0,1.0,0.1110200091328213,1.0,0.9854884378825692,0.0145115621174307,1.0147252484753757,0.9869446137907688,0.6080359044301961,0.0270918750239637,0.5718501593041608,0.0152147578282918,0.015492493048302,0.9366834680633386,0.0341718904495455,0.4000000000000001,1.4142135623730951,96
4.0,80.0,1.0,0.15,1.0,0.9771486099310044,0.0228513900689956,1.023385787828741,0.978821591816206,0.6115750816679043,0.0426851996599323,0.5718501593041608,0.0152147578282918,0.0244095382254622,0.9361664222373016,0.0341718904495455,0.4000000000000001,1.4142135623730951,96
4.0,85.0,1.0,0.003,1.0,0.9999710960847912,2.890391520871116e-05,1.0000289047506692,0.9999775002693796,0.6019193995274554,5.228228691282625e-05,0.5718501593041608,0.0038328039088927,2.9897634099885537e-05,0.9667626244988335,0.0262103965272574,0.4000000000000001,1.4142135623730951,96
4.0,85.0,1.0,0.0040533233920169,1.0,0.9999500626801489,4.993731985125649e-05,1.0000499398137117,0.9999609044539526,0.6019282552548054,9.049688728311992e-05,0.5718501593041608,0.0038328039088927,5.1750659409382814e-05,0.9649600685513672,0.0262103965272574,0.4000000000000001,1.4142135623730951,96
4.0,85.0,1.0,0.0054764768400905,1.0,0.9999139988470672,8.600115293277977e-05,1.0000860085497671,0.9999322412684633,0.6019434394532394,0.0001561760917159,0.5718501593041608,0.0038328039088927,8.930932292729406e-05,0.9629582905111996,0.0262103965272574,0.4000000000000001,1.4142135623730951,96
4.0,85.0,1.0,0.0073993105605927,1.0,0.9998524209260108,0.0001475790739892,1.000147600856787,0.9998828964776796,0.6019693665636359,0.0002686226755593,0.5718501593041608,0.0038328039088927,0.0001536119198113,0.9607267077350592,0.0262103965272574,0.4000000000000001,1.4142135623730951,96
4.0,85.0,1.0,0.0099972661933495,1.0,0.999747776076963,0.000252223923037,1.000252287555994,0.9997982565995108,0.6020134283858602,0.0004602925869754,0.5718501593041608,0.0038328039088927,0.0002632183891884,0.9582306305219797,0.0262103965272574,0.4000000000000001,1.4142135623730951,96
4.0,85.0,1.0,0.0135073843059079,1.0,0.9995709091781588,0.000429090821841,1.000429275019812,0.9996536733832072,0.6020879045690448,0.0007853569971121,0.5718501593041608,0.0038328039088927,0.0004491065239091,0.9554321725413591,0.0262103965272574,0.4000000000000001,1.4142135623730951,96
4.0,85.0,1.0,0.0182499322573664,1.0,0.9992738517207808,0.0007261482792192,1.0007266759537126,0.9994078518916318,0.602213004045983,0.0013334370976519,0.5718501593041608,0.0038328039088927,0.0007625262167143,0.9522928698086908,0.0262103965272574,0.4000000000000001,1.4142135623730951,96
4.0,85.0,1.0,0.024657625773836,1.0,0.9987785800845388,0.0012214199154612,1.0012229136064952,0.9989921545895004,0.6024216127024842,0.0022512172696923,0.5718501593041608,0.0038328039088927,0.0012873589543018,0.9487796013533676,0.0262103965272574,0.4000000000000001,1.4142135623730951,96
4.0,85.0,1.0,0.0333151104468964,1.0,0.9979599463796448,0.0020400536203553,1.0020442239468188,0.9982935724410904,0.6027665187708576,0.003775584287217,0.5718501593041608,0.0038328039088927,0.0021590684761113,0.9448767572344996,0.0262103965272574,0.4000000000000001,1.4142135623730951,96
4.0,85.0,1.0,0.0450123054940112,1.0,0.996620667698122,0.003379332301878,1.003390790911133,0.9971281600143188,0.6033310433437556,0.0062825938364425,0.5718501593041608,0.0038328039088927,0.0035927022862129,0.9406101682419474,0.0262103965272574,0.4000000000000001,1.4142135623730951,96
4.0,85.0,1.0,0.0608164769291628,1.0,0.9944564800849636,0.0055435199150364,1.0055744218334852,0.9952006886173784,0.6042439617059052,0.0103558127090701,0.5718501593041608,0.0038328039088927,0.0059219731474058,0.9360933893232584,0.0262103965272574,0.4000000000000001,1.4142135623730951,96
4.0,85.0,1.0,0.0821696161856783,1.0,0.991011165274174,0.0089888347258259,1.0090703667534755,0.9920455559586164,0.6056990347502037,0.0168726579851546,0.5718501593041608,0.0038328039088927,0.0096486321566952,0.9316175163324518,0.0262103965272574,0.4000000000000001,1.4142135623730951,96
4.0,85.0,1.0,0.1110200091328213,1.0,0.9856256114953746,0.0143743885046253,1.014584024945148,0.9869446137907688,0.607977795269368,0.0270918750239637,0.5718501593041608,0.0038328039088927,0.015492493048302,0.9278292692989608,0.0262103965272574,0.4000000000000001,1.4142135623730951,96
4.0,85.0,1.0,0.15,1.0,0.9773943614524792,0.0226056385475207,1.0231284724355552,0.978821591816206,0.6114706158321032,0.0426851996599323,0.5718501593041608,0.0038328039088927,0.0244095382254622,0.9260985742016298,0.0262103965272574,0.4000000000000001,1.4142135623730951,96
4.0,90.0,1.0,0.003,1.0,0.999971130579604,2.886942039614926e-05,1.0000288702538636,0.9999775002693796,0.6019193850041163,5.228228691282625e-05,0.5718501593041608,0.0,2.9897634099885537e-05,0.9656088605439112,0.0235294117647058,0.4000000000000001,1.4142135623730951,96
4.0,90.0,1.0,0.0040533233920169,1.0,0.9999501256494768,4.987435052328237e-05,1.000049876838098,0.9999609044539526,0.601928228742611,9.049688728311992e-05,0.5718501593041608,0.0,5.1750659409382814e-05,0.9637432854476776,0.0235294117647058,0.4000000000000001,1.4142135623730951,96
4.0,90.0,1.0,0.0054764768400905,1.0,0.9999141137947348,8.588620526528423e-05,1.0000858935823391,0.9999322412684633,0.6019433910556755,0.0001561760917159,0.5718501593041608,0.0,8.930932292729406e-05,0.9616712169591012,0.0235294117647058,0.4000000000000001,1.4142135623730951,96
4.0,90.0,1.0,0.0073993105605927,1.0,0.9998526307540004,0.0001473692459994,1.0001473909668952,0.9998828964776796,0.6019692782153274,0.0002686226755593,0.5718501593041608,0.0,0.0001536119198113,0.9593607460960224,0.0235294117647058,0.4000000000000001,1.4142135623730951,96
4.0,90.0,1.0,0.0099972661933495,1.0,0.999748159088587,0.0002518409114129,1.0002519043512343,0.9997982565995108,0.6020132671111474,0.0004602925869754,0.5718501593041608,0.0,0.0002632183891884,0.9567755208494976,0.0235294117647058,0.4000000000000001,1.4142135623730951,96
4.0,90.0,1.0,0.0135073843059079,1.0,0.9995716082678108,0.0004283917321891,1.0004285753303173,0.9996536733832072,0.6020876101810126,0.0007853569971121,0.5718501593041608,0.0,0.0004491065239091,0.953875549302266,0.0235294117647058,0.4000000000000001,1.4142135623730951,96
4.0,90.0,1.0,0.0182499322573664,1.0,0.9992751275779626,0.0007248724220374,1.000725398243219,0.9994078518916318,0.6022124667115569,0.0013334370976519,0.5718501593041608,0.0,0.0007625262167143,0.9506196720171574,0.0235294117647058,0.4000000000000001,1.4142135623730951,96
4.0,90.0,1.0,0.024657625773836,1.0,0.9987809080390032,0.0012190919609968,1.001220579960214,0.9989921545895004,0.6024206320632439,0.0022512172696923,0.5718501593041608,0.0,0.0012873589543018,0.9469712832797408,0.0235294117647058,0.4000000000000001,1.4142135623730951,96
4.0,90.0,1.0,0.0333151104468964,1.0,0.9979641922449732,0.0020358077550268,1.0020399607228865,0.9982935724410904,0.6027647295942539,0.003775584287217,0.5718501593041608,0.0,0.0021590684761113,0.9429102307554132,0.0235294117647058,0.4000000000000001,1.4142135623730951,96
4.0,90.0,1.0,0.0450123054940112,1.0,0.996628405569217,0.003371594430783,1.0033830005365514,0.9971281600143188,0.6033277807944806,0.0062825938364425,0.5718501593041608,0.0,0.0035927022862129,0.9384563935958612,0.0235294117647058,0.4000000000000001,1.4142135623730951,96
4.0,90.0,1.0,0.0608164769291628,1.0,0.994470561712074,0.0055294382879259,1.0055601829765644,0.9952006886173784,0.6042380189340373,0.0103558127090701,0.5718501593041608,0.0,0.0059219731474058,0.9337155286406844,0.0235294117647058,0.4000000000000001,1.4142135623730951,96
4.0,90.0,1.0,0.0821696161856783,1.0,0.9910367237483276,0.0089632762516722,1.0090443431982734,0.9920455559586164,0.605688232699736,0.0168726579851546,0.5718501593041608,0.0,0.0096486321566952,0.9289685943154689,0.0235294117647058,0.4000000000000001,1.4142135623730951,96
4.0,90.0,1.0,0.1110200091328213,1.0,0.9856717776218122,0.0143282223781877,1.014536504649406,0.9869446137907688,0.6079582392383778,0.0270918750239637,0.5718501593041608,0.0,0.015492493048302,0.9248493663037708,0.0235294117647058,0.4000000000000001,1.4142135623730951,96
4.0,90.0,1.0,0.15,1.0,0.9774770352808072,0.0225229647191926,1.0230419374637505,0.978821591816206,0.6114354746396987,0.0426851996599323,0.5718501593041608,0.0,0.0244095382254622,0.922711626543529,0.0235294117647058,0.4000000000000001,1.4142135623730951,96
4.0,0.0,1.5,0.003,1.0,0.9999930304053072,6.969594692818326e-06,1.0000069696432683,0.9999964093275632,0.7357614463134856,9e-06,0.7764705882352942,0.3529411764705882,6.988235294117648e-06,0.997332573888144,0.3764705882352941,0.4000000000000001,1.4142135623730951,96
4.0,0.0,1.5,0.0040533233920169,1.0,0.9999872889670338,1.2711032966183922e-05,1.0000127111945385,0.9999934512202246,0.7357635584705889,1.6429430520271774e-05,0.7764705882352942,0.3529411764705882,1.275696958044632e-05,0.9963990966684744,0.3764705882352941,0.4000000000000001,1.4142135623730951,96
4.0,0.0,1.5,0.0054764768400905,1.0,0.9999768254198764,2.317458012368601e-05,1.0000231751171973,0.999988059945301,0.7357674077944693,2.9991798580048604e-05,0.7764705882352942,0.3529411764705882,2.32877494856848e-05,0.9951403907849334,0.3764705882352941,0.4000000000000001,1.4142135623730951,96
4.0,0.0,1.5,0.0073993105605927,1.0,0.9999577670854796,4.223291452054578e-05,1.000042234698215,0.9999782396927036,0.7357744189638729,5.474979677209931e-05,0.7764705882352942,0.3529411764705882,4.251160690539476e-05,0.9934443225006954,0.3764705882352941,0.4000000000000001,1.4142135623730951,96
4.0,0.0,1.5,0.0099972661933495,1.0,0.999923081333158,7.691866684189641e-05,1.0000769245837784,0.999960365716048,0.7357871791390304,9.99453313406894e-05,0.7764705882352942,0.3529411764705882,7.76046102174765e-05,0.9911610486328348,0.3764705882352941,0.4000000000000001,1.4142135623730951,96
4.0,0.0,1.5,0.0135073843059079,1.0,0.9998600204775828,0.0001399795224172,1.000139999119427,0.9999278666661175,0.735810377931199,0.0001824494307874,0.7764705882352942,0.3529411764705882,0.0001416666168467,0.9880910939569304,0.3764705882352941,0.4000000000000001,1.4142135623730951,96
4.0,0.0,1.5,0.0182499322573664,1.0,0.9997455341576332,0.0002544658423667,1.0002545306117132,0.9998688582222368,0.7358524950937615,0.0003330600273984,0.7764705882352942,0.3529411764705882,0.0002586113153917,0.9839702566042005,0.3764705882352941,0.4000000000000001,1.4142135623730951,96
4.0,0.0,1.5,0.024657625773836,1.0,0.999538080191849,0.000461919808151,1.0004621332766654,0.9997619182057818,0.735928813137729,0.0006079985088025,0.7764705882352942,0.3529411764705882,0.000472092959776,0.9784509567143442,0.3764705882352941,0.4000000000000001,1.4142135623730951,96
4.0,0.0,1.5,0.0333151104468964,1.0,0.999163121286816,0.0008368787131839,1.000837579665777,0.9995686037397956,0.7360667527802671,0.0011098965840889,0.7764705882352942,0.3529411764705882,0.0008618020535278,0.9710799710421972,0.3764705882352941,0.4000000000000001,1.4142135623730951,96
4.0,0.0,1.5,0.0450123054940112,1.0,0.9984877126215808,0.0015122873784191,1.0015145778553936,0.9992203434050766,0.7363152215663282,0.0020261076458861,0.7764705882352942,0.3529411764705882,0.0015732129956292,0.9612731286994108,0.3764705882352941,0.4000000000000001,1.4142135623730951,96
4.0,0.0,1.5,0.0608164769291628,1.0,0.9972766213895188,0.0027233786104813,1.0027308156554264,0.99859582373584,0.7367607561040693,0.0036986438660754,0.7764705882352942,0.3529411764705882,0.0028718881783644,0.9482885270387944,0.3764705882352941,0.4000000000000001,1.4142135623730951,96
4.0,0.0,1.5,0.0821696161856783,1.0,0.9951180770040144,0.0048819229959855,1.0049058730906422,0.9974828008756054,0.7375548342951501,0.0067518458241016,0.7764705882352942,0.3529411764705882,0.0052426096987142,0.9312009240708582,0.3764705882352941,0.4000000000000001,1.4142135623730951,96
4.0,0.0,1.5,0.1110200091328213,1.0,0.991301705151854,0.0086982948481459,1.0087746190720146,0.9955155381162653,0.7389587656635953,0.0123254424278517,0.7764705882352942,0.3529411764705882,0.0095703435322142,0.9088801064316092,0.3764705882352941,0.4000000000000001,1.4142135623730951,96
4.0,0.0,1.5,0.15,1.0,0.9846263705263528,0.0153736294736471,1.015613668223642,0.9920767449777292,0.741414300058262,0.0225,0.7764705882352942,0.3529411764705882,0.0174705882352941,0.8799720574141481,0.3764705882352941,0.4000000000000001,1.4142135623730951,96
4.0,5.0,1.5,0.003,1.0,0.9999930545342928,6.94546570723098e-06,1.000006945513947,0.9999964093275632,0.7357614374369278,9e-06,0.7737896034727427,0.3502601917080367,6.964106431254685e-06,0.997323314310642,0.3737896034727426,0.4000000000000001,1.4142135623730951,96
4.0,5.0,1.5,0.0040533233920169,1.0,0.9999873330144972,1.2666985502729489e-05,1.0000126671459573,0.9999934512202246,0.7357635422664327,1.6429430520271774e-05,0.7737896034727427,0.3502601917080367,1.2712922527564071e-05,0.9963865881558718,0.3737896034727426,0.4000000000000001,1.4142135623730951,96
4.0,5.0,1.5,0.0054764768400905,1.0,0.9999769058287978,2.309417120216484e-05,1.0000230947045552,0.999988059945301,0.7357673782136801,2.9991798580048604e-05,0.7737896034727427,0.3502601917080367,2.3207341930690176e-05,0.9951234945879056,0.3737896034727426,0.4000000000000001,1.4142135623730951,96
4.0,5.0,1.5,0.0073993105605927,1.0,0.9999579138734002,4.208612659983846e-05,1.0000420878979164,0.9999782396927036,0.7357743649636148,5.474979677209931e-05,0.7737896034727427,0.3502601917080367,4.236482353449597e-05,0.99342150134461,0.3737896034727426,0.4000000000000001,1.4142135623730951,96
4.0,5.0,1.5,0.0099972661933495,1.0,0.9999233493002088,7.665069979134742e-05,1.0000766565755714,0.999960365716048,0.735787080559462,9.99453313406894e-05,0.7737896034727427,0.3502601917080367,7.733665830706394e-05,0.9911302281384732,0.3737896034727426,0.4000000000000001,1.4142135623730951,96
4.0,5.0,1.5,0.0135073843059079,1.0,0.9998605096720712,0.0001394903279289,1.000139509788195,0.9999278666661175,0.7358101979666056,0.0001824494307874,0.7737896034727427,0.3502601917080367,0.0001411774727028,0.9880494760130524,0.3737896034727426,0.4000000000000001,1.4142135623730951,96
4.0,5.0,1.5,0.0182499322573664,1.0,0.999746427253792,0.0002535727462079,1.0002536370616542,0.9998688582222368,0.7358521665420563,0.0003330600273984,0.7737896034727427,0.3502601917080367,0.0002577183865332,0.9839140684485884,0.3737896034727426,0.4000000000000001,1.4142135623730951,96
4.0,5.0,1.5,0.024657625773836,1.0,0.9995397107820052,0.0004602892179946,1.0004605011817236,0.9997619182057818,0.7359282132771972,0.0006079985088025,0.7737896034727427,0.3502601917080367,0.0004704629250383,0.9783751141647804,0.3737896034727426,0.4000000000000001,1.4142135623730951,96
4.0,5.0,1.5,0.0333151104468964,1.0,0.9991660987442442,0.0008339012557557,1.0008345972274315,0.9995686037397956,0.7360656574352746,0.0011098965840889,0.7737896034727427,0.3502601917080367,0.0008588264376979,0.9709776261558188,0.3737896034727426,0.4000000000000001,1.4142135623730951,96
4.0,5.0,1.5,0.0450123054940112,1.0,0.9984931506812692,0.0015068493187309,1.001509123340208,0.9992203434050766,0.736313221018251,0.0020261076458861,0.7737896034727427,0.3502601917080367,0.0015677810319033,0.9611350616364528,0.3737896034727426,0.4000000000000001,1.4142135623730951,96
4.0,5.0,1.5,0.0608164769291628,1.0,0.997286557531367,0.002713442468633,1.0027208252714743,0.99859582373584,0.736757100815289,0.0036986438660754,0.7737896034727427,0.3502601917080367,0.0028619721705173,0.9481023248882628,0.3737896034727426,0.4000000000000001,1.4142135623730951,96
4.0,5.0,1.5,0.0821696161856783,1.0,0.9951362449052136,0.0048637550947864,1.0048875268282984,0.9974828008756054,0.7375481507774176,0.0067518458241016,0.7737896034727427,0.3502601917080367,0.0052245081029407,0.9309498614900696,0.3737896034727426,0.4000000000000001,1.4142135623730951,96
4.0,5.0,1.5,0.1110200091328213,1.0,0.9913349669763788,0.0086650330236212,1.0087407721025416,0.9955155381162653,0.7389465297859893,0.0123254424278517,0.7737896034727427,0.3502601917080367,0.0095372992088735,0.90854159378362,0.3737896034727426,0.4000000000000001,1.4142135623730951,96
4.0,5.0,1.5,0.15,1.0,0.98468740219821,0.01531259780179,1.0155507197183655,0.9920767449777292,0.7413918504308779,0.0225,0.7737896034727427,0.3502601917080367,0.0174102660781367,0.8795154383665144,0.3737896034727426,0.4000000000000001,1.4142135623730951,96
4.0,10.0,1.5,0.003,1.0,0.9999931261880844,6.873811915664163e-06,1.0000068738591652,0.9999964093275632,0.735761411076971,9e-06,0.7658281095504544,0.3422986977857485,6.89245298595409e-06,0.9972954374403546,0.3658281095504544,0.4000000000000001,1.4142135623730951,96
4.0,10.0,1.5,0.0040533233920169,1.0,0.999987463818461,1.2536181538957967e-05,1.0000125363386967,0.9999934512202246,0.7357634941463437,1.6429430520271774e-05,0.7658281095504544,0.3422986977857485,1.2582119716330273e-05,0.9963489317851044,0.3658281095504544,0.4000000000000001,1.4142135623730951,96
4.0,10.0,1.5,0.0054764768400905,1.0,0.9999771446121566,2.2855387843412345e-05,1.000022855910224,0.999988059945301,0.7357672903701916,2.9991798580048604e-05,0.7658281095504544,0.3422986977857485,2.2968562408576627e-05,0.9950726317498207,0.3658281095504544,0.4000000000000001,1.4142135623730951,96
4.0,10.0,1.5,0.0073993105605927,1.0,0.9999583497763428,4.1650223657319074e-05,1.0000416519584707,0.9999782396927036,0.7357742046038841,5.474979677209931e-05,0.7658281095504544,0.3422986977857485,4.192893336024839e-05,0.9933528072241984,0.3658281095504544,0.4000000000000001,1.4142135623730951,96
4.0,10.0,1.5,0.0099972661933495,1.0,0.9999241450568344,7.585494316564301e-05,1.0000758606975746,0.999960365716048,0.7357867878169599,9.99453313406894e-05,0.7658281095504544,0.3422986977857485,7.654094415903395e-05,0.9910374636617286,0.3658281095504544,0.4000000000000001,1.4142135623730951,96
4.0,10.0,1.5,0.0135073843059079,1.0,0.9998619623833456,0.0001380376166545,1.0001380566736688,0.9999278666661175,0.7358096635439989,0.0001824494307874,0.7658281095504544,0.3422986977857485,0.0001397249026685,0.9879242283818148,0.3658281095504544,0.4000000000000001,1.4142135623730951,96
4.0,10.0,1.5,0.0182499322573664,1.0,0.9997490793784376,0.0002509206215624,1.000250983598523,0.9998688582222368,0.7358511908799548,0.0003330600273984,0.7658281095504544,0.3422986977857485,0.0002550667311493,0.9837450005012226,0.3658281095504544,0.4000000000000001,1.4142135623730951,96
4.0,10.0,1.5,0.024657625773836,1.0,0.9995445529159188,0.0004554470840812,1.0004556546106451,0.9997619182057818,0.7359264319558657,0.0006079985088025,0.7658281095504544,0.3422986977857485,0.0004656223486057,0.9781469584633988,0.3658281095504544,0.4000000000000001,1.4142135623730951,96
4.0,10.0,1.5,0.0333151104468964,1.0,0.9991749403412988,0.0008250596587012,1.000825740944243,0.9995686037397956,0.7360624047946108,0.0011098965840889,0.7658281095504544,0.3422986977857485,0.0008499900027893,0.970669838461358,0.3658281095504544,0.4000000000000001,1.4142135623730951,96
4.0,10.0,1.5,0.0450123054940112,1.0,0.9985092986028768,0.0014907013971232,1.001492926905347,0.9992203434050766,0.7363072805365526,0.0020261076458861,0.7658281095504544,0.3422986977857485,0.0015516501881947,0.960720018252056,0.3658281095504544,0.4000000000000001,1.4142135623730951,96
4.0,10.0,1.5,0.0608164769291628,1.0,0.9973160606207216,0.0026839393792784,1.00269116229574,0.99859582373584,0.7367462472748589,0.0036986438660754,0.7658281095504544,0.3422986977857485,0.0028325254398569,0.9475429034148596,0.3658281095504544,0.4000000000000001,1.4142135623730951,96
4.0,10.0,1.5,0.0821696161856783,1.0,0.9951901850493076,0.0048098149506925,1.0048330610801337,0.9974828008756054,0.7375283075402179,0.0067518458241016,0.7658281095504544,0.3422986977857485,0.0051707533234479,0.93019617255408,0.3658281095504544,0.4000000000000001,1.4142135623730951,96
4.0,10.0,1.5,0.1110200091328213,1.0,0.9914337027331528,0.0085662972668472,1.0086403127543797,0.9955155381162653,0.738910208286864,0.0123254424278517,0.7658281095504544,0.3422986977857485,0.0094391702738946,0.9075265111530508,0.3658281095504544,0.4000000000000001,1.4142135623730951,96
4.0,10.0,1.5,0.15,1.0,0.9848685086694734,0.0151314913305266,1.0153639711264286,0.9920767449777292,0.7413252328812124,0.0225,0.7658281095504544,0.3422986977857485,0.0172311324648852,0.8781483957228341,0.3658281095504544,0.4000000000000001,1.4142135623730951,96
4.0,15.0,1.5,0.003,1.0,0.9999932431894588,6.756810541186376e-06,1.000006756856196,0.9999964093275632,0.7357613680345707,9e-06,0.7528280124325482,0.3292986006678421,6.775452111892934e-06,0.9972486602519356,0.3528280124325481,0.4000000000000001,1.4142135623730951,96
4.0,15.0,1.5,0.0040533233920169,1.0,0.9999876774043184,1.2322595681735216e-05,1.00001232274753,0.9999934512202246,0.7357634155724977,1.6429430520271774e-05,0.7528280124325482,0.3292986006678421,1.2368535523974845e-05,0.9962857492586265,0.3528280124325481,0.4000000000000001,1.4142135623730951,96
4.0,15.0,1.5,0.0054764768400905,1.0,0.9999775345139972,2.246548600270959e-05,1.0000224659907122,0.999988059945301,0.7357671469333203,2.9991798580048604e-05,0.7528280124325482,0.3292986006678421,2.257866611429531e-05,0.994987298584744,0.3528280124325481,0.4000000000000001,1.4142135623730951,96
4.0,15.0,1.5,0.0073993105605927,1.0,0.999959061547473,4.093845252695072e-05,1.0000409401285524,0.9999782396927036,0.7357739427579186,5.474979677209931e-05,0.7528280124325482,0.3292986006678421,4.121718068502546e-05,0.9932375734234532,0.3528280124325481,0.4000000000000001,1.4142135623730951,96
4.0,15.0,1.5,0.0099972661933495,1.0,0.9999254444172349,7.455558276525664e-05,1.0000745611417146,0.999960365716048,0.7357863098089831,9.99453313406894e-05,0.7528280124325482,0.3292986006678421,7.524164514512366e-05,0.9908818795954852,0.3528280124325481,0.4000000000000001,1.4142135623730951,96
4.0,15.0,1.5,0.0135073843059079,1.0,0.9998643344477116,0.0001356655522884,1.0001356839599278,0.9999278666661175,0.7358087909102938,0.0001824494307874,0.7528280124325482,0.3292986006678421,0.0001373530423491,0.98771421417514,0.3528280124325481,0.4000000000000001,1.4142135623730951,96
4.0,15.0,1.5,0.0182499322573664,1.0,0.9997534098687676,0.0002465901312325,1.0002466509529233,0.9998688582222368,0.7358495977816416,0.0003330600273984,0.7528280124325482,0.3292986006678421,0.0002507369184471,0.9834616009469912,0.3528280124325481,0.4000000000000001,1.4142135623730951,96
4.0,15.0,1.5,0.024657625773836,1.0,0.9995524592032238,0.0004475407967762,1.0004477411792203,0.9997619182057818,0.7359235233956068,0.0006079985088025,0.7528280124325482,0.3292986006678421,0.0004577183089437,0.977764681969939,0.3528280124325481,0.4000000000000001,1.4142135623730951,96
4.0,15.0,1.5,0.0333151104468964,1.0,0.9991893765476618,0.0008106234523381,1.000811281095821,0.9995686037397956,0.7360570940128585,0.0011098965840889,0.7528280124325482,0.3292986006678421,0.0008355612394053,0.9701544472253152,0.3528280124325481,0.4000000000000001,1.4142135623730951,96
4.0,15.0,1.5,0.0450123054940112,1.0,0.9985356627907184,0.0014643372092816,1.001466484637303,0.9992203434050766,0.7362975817044601,0.0020261076458861,0.7528280124325482,0.3292986006678421,0.0015253105920268,0.960025595400712,0.3528280124325481,0.4000000000000001,1.4142135623730951,96
4.0,15.0,1.5,0.0608164769291628,1.0,0.9973642243491712,0.0026357756508287,1.0026427413240622,0.99859582373584,0.7367285288921429,0.0036986438660754,0.7528280124325482,0.3292986006678421,0.0027844427103933,0.9466079661076436,0.3528280124325481,0.4000000000000001,1.4142135623730951,96
4.0,15.0,1.5,0.0821696161856783,1.0,0.9952782253273564,0.0047217746726434,1.004744175600838,0.9974828008756054,0.7374959197009233,0.0067518458241016,0.7528280124325482,0.3292986006678421,0.0050829786720094,0.928938517614668,0.3528280124325481,0.4000000000000001,1.4142135623730951,96
4.0,15.0,1.5,0.1110200091328213,1.0,0.9915948002252644,0.0084051997747355,1.0084764459967177,0.9955155381162653,0.7388509459774218,0.0123254424278517,0.7528280124325482,0.3292986006678421,0.0092789383253114,0.9058363661936966,0.3528280124325481,0.4000000000000001,1.4142135623730951,96
4.0,15.0,1.5,0.15,1.0,0.985163803171634,0.014836196828366,1.0150596243798264,0.9920767449777292,0.7412166124225633,0.0225,0.7528280124325482,0.3292986006678421,0.0169386302797323,0.8758793706075538,0.3528280124325481,0.4000000000000001,1.4142135623730951,96
4.0,20.0,1.5,0.003,1.0,0.9999934019833002,6.598016699776999e-06,1.000006598060234,0.9999964093275632,0.7357613096175811,9e-06,0.7351843134915845,0.3116549017268785,6.616658821424261e-06,0.9971825475439506,0.3351843134915844,0.4000000000000001,1.4142135623730951,96
4.0,20.0,1.5,0.0040533233920169,1.0,0.999987967282079,1.2032717921051097e-05,1.0000120328627091,0.9999934512202246,0.7357633089324292,1.6429430520271774e-05,0.7351843134915845,0.3116549017268785,1.207865959810369e-05,0.996196458996178,0.3351843134915844,0.4000000000000001,1.4142135623730951,96
4.0,20.0,1.5,0.0054764768400905,1.0,0.9999780636863644,2.193631363567317e-05,1.0000219367948482,0.999988059945301,0.7357669522616858,2.9991798580048604e-05,0.7351843134915845,0.3116549017268785,2.204949984945091e-05,0.9948667219415154,0.3351843134915844,0.4000000000000001,1.4142135623730951,96
4.0,20.0,1.5,0.0073993105605927,1.0,0.9999600275567054,3.997244329456695e-05,1.0000399740411547,0.9999782396927036,0.7357735873829824,5.474979677209931e-05,0.7351843134915845,0.3116549017268785,4.02511917536996e-05,0.9930747774913514,0.3351843134915844,0.4000000000000001,1.4142135623730951,96
4.0,20.0,1.5,0.0099972661933495,1.0,0.9999272078900636,7.279210993649254e-05,1.0000727974090136,0.999960365716048,0.7357856610635862,9.99453313406894e-05,0.7351843134915845,0.3116549017268785,7.347823980839369e-05,0.9906621351615073,0.3351843134915844,0.4000000000000001,1.4142135623730951,96
4.0,20.0,1.5,0.0135073843059079,1.0,0.9998675537547344,0.0001324462452655,1.0001324637895972,0.9999278666661175,0.7358076065934358,0.0001824494307874,0.7351843134915845,0.3116549017268785,0.0001341339595204,0.987417696003861,0.3351843134915844,0.4000000000000001,1.4142135623730951,96
4.0,20.0,1.5,0.0182499322573664,1.0,0.9997592870234946,0.0002407129765054,1.0002407709331933,0.9998688582222368,0.7358474356973089,0.0003330600273984,0.7351843134915845,0.3116549017268785,0.0002448605075944,0.9830616577178312,0.3351843134915844,0.4000000000000001,1.4142135623730951,96
4.0,20.0,1.5,0.024657625773836,1.0,0.999563189010143,0.000436810989857,1.0004370018770796,0.9997619182057818,0.7359195761206195,0.0006079985088025,0.7351843134915845,0.3116549017268785,0.0004469909662979,0.9772255432247814,0.3351843134915844,0.4000000000000001,1.4142135623730951,96
4.0,20.0,1.5,0.0333151104468964,1.0,0.9992089673745996,0.0007910326254004,1.0007916588533816,0.9995686037397956,0.7360498869527048,0.0011098965840889,0.7351843134915845,0.3116549017268785,0.00081597855822,0.96942820057184,0.3351843134915844,0.4000000000000001,1.4142135623730951,96
4.0,20.0,1.5,0.0450123054940112,1.0,0.998571437668135,0.0014285623318649,1.001430606041768,0.9992203434050766,0.7362844208763294,0.0020261076458861,0.7351843134915845,0.3116549017268785,0.0014895625587008,0.959048227629227,0.3351843134915844,0.4000000000000001,1.4142135623730951,96
4.0,20.0,1.5,0.0608164769291628,1.0,0.9974295701884128,0.0025704298115872,1.0025770539478809,0.99859582373584,0.7367044895829127,0.0036986438660754,0.7351843134915845,0.3116549017268785,0.0027191849515305,0.9452942177178888,0.3351843134915844,0.4000000000000001,1.4142135623730951,96
4.0,20.0,1.5,0.0821696161856783,1.0,0.9953976400356382,0.0046023599643617,1.0046236396182304,0.9974828008756054,0.7374519899636944,0.0067518458241016,0.7351843134915845,0.3116549017268785,0.0049638511369932,0.9271752591576649,0.3351843134915844,0.4000000000000001,1.4142135623730951,96
4.0,20.0,1.5,0.1110200091328213,1.0,0.9918131938014764,0.0081868061985235,1.0082543832343516,0.9955155381162653,0.7387706062508833,0.0123254424278517,0.7351843134915845,0.3116549017268785,0.0090614719298002,0.9034742105860064,0.3351843134915844,0.4000000000000001,1.4142135623730951,96
4.0,20.0,1.5,0.15,1.0,0.985563731961922,0.014436268038078,1.0146477265446248,0.9920767449777292,0.7410695027568738,0.0225,0.7351843134915845,0.3116549017268785,0.0165416470535606,0.8727225282545615,0.3351843134915844,0.4000000000000001,1.4142135623730951,96
4.0,25.0,1.5,0.003,1.0,0.9999935977446288,6.402255371296128e-06,1.0000064022963604,0.9999964093275632,0.7357612376010131,9e-06,0.7134331075917424,0.2899036958270363,6.420897968325682e-06,0.9970965747903928,0.3134331075917422,0.4000000000000001,1.4142135623730951,96
4.0,25.0,1.5,0.0040533233920169,1.0,0.9999883246435868,1.1675356413110016e-05,1.0000116754927286,0.9999934512202246,0.7357631774664773,1.6429430520271774e-05,0.7134331075917424,0.2899036958270363,1.1721299672040107e-05,0.9960803613749688,0.3134331075917422,0.4000000000000001,1.4142135623730951,96
4.0,25.0,1.5,0.0054764768400905,1.0,0.999978716049416,2.1283950583872446e-05,1.0000212844036,0.999988059945301,0.7357667122707309,2.9991798580048604e-05,0.7134331075917424,0.2899036958270363,2.139714206322968e-05,0.9947099720596916,0.3134331075917422,0.4000000000000001,1.4142135623730951,96
4.0,25.0,1.5,0.0073993105605927,1.0,0.9999612184483112,3.878155168879349e-05,1.0000387830557558,0.9999782396927036,0.7357731492784442,5.474979677209931e-05,0.7134331075917424,0.2899036958270363,3.9060317651135154e-05,0.9928631926439656,0.3134331075917422,0.4000000000000001,1.4142135623730951,96
4.0,25.0,1.5,0.0099972661933495,1.0,0.9999293818796744,7.061812032571613e-05,1.0000706231075969,0.999960365716048,0.7357848612975051,9.99453313406894e-05,0.7134331075917424,0.2899036958270363,7.130430832767441e-05,0.9903766263490708,0.3134331075917422,0.4000000000000001,1.4142135623730951,96
4.0,25.0,1.5,0.0135073843059079,1.0,0.9998715224426864,0.0001284775573135,1.0001284940659174,0.9999278666661175,0.7358061465947424,0.0001824494307874,0.7134331075917424,0.2899036958270363,0.000130165464385,0.9870326043898292,0.3134331075917422,0.4000000000000001,1.4142135623730951,96
4.0,25.0,1.5,0.0182499322573664,1.0,0.9997665321192012,0.0002334678807989,1.000233522400779,0.9998688582222368,0.7358447703756242,0.0003330600273984,0.7134331075917424,0.2899036958270363,0.0002376160503614,0.9825425531808738,0.3134331075917422,0.4000000000000001,1.4142135623730951,96
4.0,25.0,1.5,0.024657625773836,1.0,0.999576415820044,0.000423584179956,1.0004237636795468,0.9997619182057818,0.7359147102496351,0.0006079985088025,0.7134331075917424,0.2899036958270363,0.0004337662655461,0.9765263313473762,0.3134331075917422,0.4000000000000001,1.4142135623730951,96
4.0,25.0,1.5,0.0333151104468964,1.0,0.9992331159077228,0.0007668840922772,1.0007674726548474,0.9995686037397956,0.7360410032065312,0.0011098965840889,0.7134331075917424,0.2899036958270363,0.000791836969092,0.968487355618902,0.3134331075917422,0.4000000000000001,1.4142135623730951,96
4.0,25.0,1.5,0.0450123054940112,1.0,0.9986155307043136,0.0013844692956863,1.0013863887082848,0.9992203434050766,0.7362681999708818,0.0020261076458861,0.7134331075917424,0.2899036958270363,0.0014454922741199,0.9577839470150306,0.3134331075917422,0.4000000000000001,1.4142135623730951,96
4.0,25.0,1.5,0.0608164769291628,1.0,0.9975100941680632,0.0024899058319367,1.0024961209380177,0.99859582373584,0.736674866561266,0.0036986438660754,0.7134331075917424,0.2899036958270363,0.0026387349872493,0.9435982938674352,0.3134331075917422,0.4000000000000001,1.4142135623730951,96
4.0,25.0,1.5,0.0821696161856783,1.0,0.9955447390036032,0.0044552609963968,1.00447519917674,0.9974828008756054,0.7373978758342395,0.0067518458241016,0.7134331075917424,0.2899036958270363,0.0048169903482691,0.9249055269537018,0.3134331075917422,0.4000000000000001,1.4142135623730951,96
4.0,25.0,1.5,0.1110200091328213,1.0,0.992082040123928,0.0079179598760719,1.007981154335868,0.9955155381162653,0.7386717064400664,0.0123254424278517,0.7134331075917424,0.2899036958270363,0.0087933786937453,0.9004456821248764,0.3134331075917422,0.4000000000000001,1.4142135623730951,96
4.0,25.0,1.5,0.15,1.0,0.9860554427057372,0.0139445572942628,1.014141757846799,0.9920767449777292,0.7408886308710526,0.0225,0.7134331075917424,0.2899036958270363,0.0160522449208142,0.8686982638908993,0.3134331075917422,0.4000000000000001,1.4142135623730951,96
4.0,30.0,1.5,0.003,1.0,0.99999382452522,6.175474779990253e-06,1.0000061755129168,0.9999964093275632,0.7357611541730957,9e-06,0.6882352941176473,0.2647058823529412,6.1941176470588255e-06,0.99699023038779,0.2882352941176471,0.4000000000000001,1.4142135623730951,96
4.0,30.0,1.5,0.0040533233920169,1.0,0.9999887386302124,1.1261369787574084e-05,1.0000112614966077,0.9999934512202246,0.735763025169309,1.6429430520271774e-05,0.6882352941176473,0.2647058823529412,1.1307313946304695e-05,0.9959367751750072,0.2882352941176471,0.4000000000000001,1.4142135623730951,96
4.0,30.0,1.5,0.0054764768400905,1.0,0.9999794717801452,2.052821985476516e-05,1.0000205286412711,0.999988059945301,0.7357664342529326,2.9991798580048604e-05,0.6882352941176473,0.2647058823529412,2.0641414316856987e-05,0.9945161479560348,0.2882352941176471,0.4000000000000001,1.4142135623730951,96
4.0,30.0,1.5,0.0073993105605927,1.0,0.999962598033368,3.7401966631933625e-05,1.0000374033655914,0.9999782396927036,0.7357726417574647,5.474979677209931e-05,0.6882352941176473,0.2647058823529412,3.768074248432719e-05,0.992601635901694,0.2882352941176471,0.4000000000000001,1.4142135623730951,96
4.0,30.0,1.5,0.0099972661933495,1.0,0.999931900316216,6.809968378407305e-05,1.0000681043216668,0.999960365716048,0.7357839348164799,9.99453313406894e-05,0.6882352941176473,0.2647058823529412,6.878590451094508e-05,0.9900238176447496,0.2882352941176471,0.4000000000000001,1.4142135623730951,96
4.0,30.0,1.5,0.0135073843059079,1.0,0.9998761198774132,0.0001238801225869,1.000123895470773,0.9999278666661175,0.7358044552930375,0.0001824494307874,0.6882352941176473,0.2647058823529412,0.0001255681376596,0.9865569793087594,0.2882352941176471,0.4000000000000001,1.4142135623730951,96
4.0,30.0,1.5,0.0182499322573664,1.0,0.999774924858765,0.000225075141235,1.000225125811459,0.9998688582222368,0.7358416828593647,0.0003330600273984,0.6882352941176473,0.2647058823529412,0.0002292236659154,0.9819018482938756,0.2882352941176471,0.4000000000000001,1.4142135623730951,96
4.0,30.0,1.5,0.024657625773836,1.0,0.9995917372145534,0.0004082627854465,1.000408429532025,0.9997619182057818,0.7359090738240727,0.0006079985088025,0.6882352941176473,0.2647058823529412,0.0004184460325288,0.9756641327898876,0.2882352941176471,0.4000000000000001,1.4142135623730951,96
4.0,30.0,1.5,0.0333151104468964,1.0,0.99926108664465,0.00073891335535,1.0007394597520365,0.9995686037397956,0.7360307133503796,0.0011098965840889,0.6882352941176473,0.2647058823529412,0.0007638700019906,0.9673286729737602,0.2882352941176471,0.4000000000000001,1.4142135623730951,96
4.0,30.0,1.5,0.0450123054940112,1.0,0.9986665962824472,0.0013334037175528,1.001335184056938,0.9992203434050766,0.7362494140118988,0.0020261076458861,0.6882352941176473,0.2647058823529412,0.0013944387915804,0.956229649952252,0.2882352941176471,0.4000000000000001,1.4142135623730951,96
4.0,30.0,1.5,0.0608164769291628,1.0,0.9976033300251916,0.0023966699748084,1.0024024278013868,0.99859582373584,0.7366405671088061,0.0036986438660754,0.6882352941176473,0.2647058823529412,0.0025455372490048,0.9415183281036018,0.2882352941176471,0.4000000000000001,1.4142135623730951,96
4.0,30.0,1.5,0.0821696161856783,1.0,0.9957149873702664,0.0042850126297336,1.004303452980105,0.9974828008756054,0.737335245560138,0.0067518458241016,0.6882352941176473,0.2647058823529412,0.0046468585965876,0.9221310570716176,0.2882352941176471,0.4000000000000001,1.4142135623730951,96
4.0,30.0,1.5,0.1110200091328213,1.0,0.9923929523418256,0.0076070476581743,1.0076653584048771,0.9955155381162653,0.7385573316914591,0.0123254424278517,0.6882352941176473,0.2647058823529412,0.0084828044944626,0.8967609312627663,0.2882352941176471,0.4000000000000001,1.4142135623730951,96
4.0,30.0,1.5,0.15,1.0,0.986623266951736,0.0133767330482641,1.0135580960801711,0.9920767449777292,0.7406797596769521,0.0225,0.6882352941176473,0.2647058823529412,0.015485294117647,0.8638346128033824,0.2882352941176471,0.4000000000000001,1.4142135623730951,96
4.0,35.0,1.5,0.003,1.0,0.9999940754343528,5.92456564707522e-06,1.0000059246007478,0.9999964093275632,0.7357610618687842,9e-06,0.6603564958810004,0.2368270841162945,5.943208462929004e-06,0.9968631731546908,0.2603564958810004,0.4000000000000001,1.4142135623730951,96
4.0,35.0,1.5,0.0040533233920169,1.0,0.9999891966628148,1.0803337185283368e-05,1.0000108034538986,0.9999934512202246,0.7357628566685313,1.6429430520271774e-05,0.6603564958810004,0.2368270841162945,1.084928116768703e-05,0.995765251015846,0.2603564958810004,0.4000000000000001,1.4142135623730951,96
4.0,35.0,1.5,0.0054764768400905,1.0,0.999980307914848,1.9692085152067665e-05,1.000019692472938,0.999988059945301,0.7357661266561655,2.9991798580048604e-05,0.6603564958810004,0.2368270841162945,1.9805279015489665e-05,0.9942846620169566,0.2603564958810004,0.4000000000000001,1.4142135623730951,96
4.0,35.0,1.5,0.0073993105605927,1.0,0.9999641243898558,3.587561014417595e-05,1.0000358768972497,0.9999782396927036,0.7357720802422932,5.474979677209931e-05,0.6603564958810004,0.2368270841162945,3.615438394662041e-05,0.9922893499483756,0.2603564958810004,0.4000000000000001,1.4142135623730951,96
4.0,35.0,1.5,0.0099972661933495,1.0,0.9999346866648552,6.53133351449231e-05,1.0000653176012553,0.999960365716048,0.7357829097761018,9.99453313406894e-05,0.6603564958810004,0.2368270841162945,6.599954878380318e-05,0.9896027525714164,0.2603564958810004,0.4000000000000001,1.4142135623730951,96
4.0,35.0,1.5,0.0135073843059079,1.0,0.9998812063234914,0.0001187936765085,1.0001188077901229,0.9999278666661175,0.7358025840941105,0.0001824494307874,0.6603564958810004,0.2368270841162945,0.0001204816667903,0.985989650320246,0.2603564958810004,0.4000000000000001,1.4142135623730951,96
4.0,35.0,1.5,0.0182499322573664,1.0,0.9997842100841108,0.0002157899158892,1.0002158364912277,0.9998688582222368,0.7358382670159364,0.0003330600273984,0.6603564958810004,0.2368270841162945,0.0002199383526108,0.9811381840756084,0.2603564958810004,0.4000000000000001,1.4142135623730951,96
4.0,35.0,1.5,0.024657625773836,1.0,0.9996086871646788,0.0003913128353211,1.0003914660209998,0.9997619182057818,0.7359028382863914,0.0006079985088025,0.6603564958810004,0.2368270841162945,0.0004014957647737,0.974637517139597,0.2603564958810004,0.4000000000000001,1.4142135623730951,96
4.0,35.0,1.5,0.0333151104468964,1.0,0.9992920280559612,0.0007079719440389,1.0007084735234166,0.9995686037397956,0.736019330644258,0.0011098965840889,0.6603564958810004,0.2368270841162945,0.0007329274190592,0.965950959984079,0.2603564958810004,0.4000000000000001,1.4142135623730951,96
4.0,35.0,1.5,0.0450123054940112,1.0,0.998723077297716,0.0012769227022838,1.0012785553185963,0.9992203434050766,0.7362286358252803,0.0020261076458861,0.6603564958810004,0.2368270841162945,0.0013379533453151,0.954385073855561,0.2603564958810004,0.4000000000000001,1.4142135623730951,96
4.0,35.0,1.5,0.0608164769291628,1.0,0.9977064265254848,0.0022935734745153,1.0022988460468305,0.99859582373584,0.7366026401303635,0.0036986438660754,0.6603564958810004,0.2368270841162945,0.0024424235029133,0.9390564215335911,0.2603564958810004,0.4000000000000001,1.4142135623730951,96
4.0,35.0,1.5,0.0821696161856783,1.0,0.9959031513926964,0.0040968486073036,1.0041137018208794,0.9974828008756054,0.7372660244944231,0.0067518458241016,0.6603564958810004,0.2368270841162945,0.0044586252491325,0.9188591501608476,0.2603564958810004,0.4000000000000001,1.4142135623730951,96
4.0,35.0,1.5,0.1110200091328213,1.0,0.9927362820529742,0.0072637179470258,1.007316865594964,0.9955155381162653,0.7384310312585202,0.0123254424278517,0.6603564958810004,0.2368270841162945,0.0081391859718391,0.8924378890171113,0.2603564958810004,0.4000000000000001,1.4142135623730951,96
4.0,35.0,1.5,0.15,1.0,0.9872492888049288,0.012750711195071,1.0129153916236353,0.9920767449777292,0.7404494789349324,0.0225,0.6603564958810004,0.2368270841162945,0.0148580211573225,0.8581702139242908,0.2603564958810004,0.4000000000000001,1.4142135623730951,96
4.0,40.0,1.5,0.003,1.0,0.9999943428481892,5.6571518106673935e-06,1.0000056571838143,0.9999964093275632,0.7357609634927313,9e-06,0.6306437960588702,0.2071143842941642,5.675794164529832e-06,0.9967154633656482,0.2306437960588701,0.4000000000000001,1.4142135623730951,96
4.0,40.0,1.5,0.0040533233920169,1.0,0.9999896848240118,1.031517598815146e-05,1.000010315282392,0.9999934512202246,0.7357626770840628,1.6429430520271774e-05,0.6306437960588702,0.2071143842941642,1.036111843038965e-05,0.9955658800208828,0.2306437960588701,0.4000000000000001,1.4142135623730951,96
4.0,40.0,1.5,0.0054764768400905,1.0,0.999981199047011,1.8800952989006525e-05,1.0000188013064717,0.999988059945301,0.7357657988269634,2.9991798580048604e-05,0.6306437960588702,0.2071143842941642,1.8914141707154886e-05,0.994015656649884,0.2306437960588701,0.4000000000000001,1.4142135623730951,96
4.0,40.0,1.5,0.0073993105605927,1.0,0.9999657511369254,3.424886307457076e-05,1.0000342500360997,0.9999782396927036,0.735771481795491,5.474979677209931e-05,0.6306437960588702,0.2071143842941642,3.452761966980839e-05,0.9919265620421156,0.2306437960588701,0.4000000000000001,1.4142135623730951,96
4.0,40.0,1.5,0.0099972661933495,1.0,0.9999376562528663,6.234374713365298e-05,1.0000623476341188,0.999960365716048,0.7357818173257259,9.99453313406894e-05,0.6306437960588702,0.2071143842941642,6.302990315505394e-05,0.989113801750369,0.2306437960588701,0.4000000000000001,1.4142135623730951,96
4.0,40.0,1.5,0.0135073843059079,1.0,0.999886627195408,0.0001133728045921,1.0001133856594424,0.9999278666661175,0.7358005898667926,0.0001824494307874,0.6306437960588702,0.2071143842941642,0.0001150606016206,0.9853312341086862,0.2306437960588701,0.4000000000000001,1.4142135623730951,96
4.0,40.0,1.5,0.0182499322573664,1.0,0.999794105547036,0.000205894452964,1.00020593685422,0.9998688582222368,0.7358346266786463,0.0003330600273984,0.6306437960588702,0.2071143842941642,0.000210042239994,0.9802526052373216,0.2306437960588701,0.4000000000000001,1.4142135623730951,96
4.0,40.0,1.5,0.024657625773836,1.0,0.9996267502507444,0.0003732497492556,1.0003733891166495,0.9997619182057818,0.7358961932488696,0.0006079985088025,0.6306437960588702,0.2071143842941642,0.0003834304875893,0.9734482815967592,0.2306437960588701,0.4000000000000001,1.4142135623730951,96
4.0,40.0,1.5,0.0333151104468964,1.0,0.9993249986580576,0.0006750013419425,1.0006754572765106,0.9995686037397956,0.7360072014404854,0.0011098965840889,0.6306437960588702,0.2071143842941642,0.0006999493950226,0.9643573474632968,0.2306437960588701,0.4000000000000001,1.4142135623730951,96
4.0,40.0,1.5,0.0450123054940112,1.0,0.9987832531342236,0.0012167468657763,1.0012182291422669,0.9992203434050766,0.7362064983893989,0.0020261076458861,0.6306437960588702,0.2071143842941642,0.0012777522170255,0.9522557265513872,0.2306437960588701,0.4000000000000001,1.4142135623730951,96
4.0,40.0,1.5,0.0608164769291628,1.0,0.9978162363128592,0.0021837636871406,1.0021885429477575,0.99859582373584,0.7365622434685476,0.0036986438660754,0.6306437960588702,0.2071143842941642,0.0023325268079716,0.9362223317980528,0.2306437960588701,0.4000000000000001,1.4142135623730951,96
4.0,40.0,1.5,0.0821696161856783,1.0,0.9961034648520104,0.0038965351479894,1.003911777526613,0.9974828008756054,0.7371923338812013,0.0067518458241016,0.6306437960588702,0.2071143842941642,0.0042580096809157,0.915107160383794,0.2306437960588701,0.4000000000000001,1.4142135623730951,96
4.0,40.0,1.5,0.1110200091328213,1.0,0.9931014369948632,0.0068985630051368,1.0069464837610265,0.9955155381162653,0.7382967016471547,0.0123254424278517,0.6306437960588702,0.2071143842941642,0.0077729638008054,0.8875074144076078,0.2306437960588701,0.4000000000000001,1.4142135623730951,96
4.0,40.0,1.5,0.15,1.0,0.9879139701313472,0.0120860298686527,1.0122338890167186,0.9920767449777292,0.7402049753560908,0.0225,0.6306437960588702,0.2071143842941642,0.0141894854113245,0.8517595612739335,0.2306437960588701,0.4000000000000001,1.4142135623730951,96
4.0,45.0,1.5,0.003,1.0,0.99999461864144,5.381358560097027e-06,1.0000053813875194,0.9999964093275632,0.7357608620340647,9e-06,0.6000000000000001,0.1764705882352941,5.400000000000001e-06,0.9965478814994492,0.2,0.4000000000000001,1.4142135623730951,96
4.0,45.0,1.5,0.0040533233920169,1.0,0.99999018828108,9.81171892000532e-06,1.0000098118151908,0.9999934512202246,0.735762491872558,1.6429430520271774e-05,0.6000000000000001,0.1764705882352941,9.857658312163068e-06,0.995339725652586,0.2,0.4000000000000001,1.4142135623730951,96
4.0,45.0,1.5,0.0054764768400905,1.0,0.9999821180993904,1.7881900609473256e-05,1.0000178822203776,0.999988059945301,0.7357654607264876,2.9991798580048604e-05,0.6000000000000001,0.1764705882352941,1.7995079148029164e-05,0.9937105840088344,0.2,0.4000000000000001,1.4142135623730951,96
4.0,45.0,1.5,0.0073993105605927,1.0,0.9999674288445476,3.257115545240996e-05,1.0000325722163672,0.9999782396927036,0.7357708646013487,5.474979677209931e-05,0.6000000000000001,0.1764705882352941,3.284987806325959e-05,0.9915152619345228,0.2,0.4000000000000001,1.4142135623730951,96
4.0,45.0,1.5,0.0099972661933495,1.0,0.9999407188436864,5.9281156313484296e-05,1.0000592846707774,0.999960365716048,0.7357806906615286,9.99453313406894e-05,0.6000000000000001,0.1764705882352941,5.996719880441365e-05,0.9885597042281912,0.2,0.4000000000000001,1.4142135623730951,96
4.0,45.0,1.5,0.0135073843059079,1.0,0.9998922177589517,0.0001077822410484,1.000107793859312,0.9999278666661175,0.735798533213413,0.0001824494307874,0.6000000000000001,0.1764705882352941,0.0001094696584724,0.9845855239928648,0.2,0.4000000000000001,1.4142135623730951,96
4.0,45.0,1.5,0.0182499322573664,1.0,0.9998043104998018,0.0001956895001982,1.000195727802074,0.9998688582222368,0.7358308724864013,0.0003330600273984,0.6000000000000001,0.1764705882352941,0.000199836016439,0.9792504058339868,0.2,0.4000000000000001,1.4142135623730951,96
4.0,45.0,1.5,0.024657625773836,1.0,0.9996453773718538,0.0003546226281462,1.0003547484299669,0.9997619182057818,0.735889340714419,0.0006079985088025,0.6000000000000001,0.1764705882352941,0.0003647991052815,0.9721038868024536,0.2,0.4000000000000001,1.4142135623730951,96
4.0,45.0,1.5,0.0333151104468964,1.0,0.9993589957815882,0.0006410042184118,1.0006414153683687,0.9995686037397956,0.7359946946003887,0.0011098965840889,0.6000000000000001,0.1764705882352941,0.0006659379504533,0.9625584755688896,0.2,0.4000000000000001,1.4142135623730951,96
4.0,45.0,1.5,0.0450123054940112,1.0,0.9988452924825636,0.0011547075174365,1.001156042408296,0.9992203434050766,0.7361836754046616,0.0020261076458861,0.6000000000000001,0.1764705882352941,0.0012156645875317,0.9498569994384978,0.2,0.4000000000000001,1.4142135623730951,96
4.0,45.0,1.5,0.0608164769291628,1.0,0.9979294133185556,0.0020705866814443,1.0020748829063555,0.99859582373584,0.7365206080692921,0.0036986438660754,0.6000000000000001,0.1764705882352941,0.0022191863196452,0.9330386831941788,0.2,0.4000000000000001,1.4142135623730951,96
4.0,45.0,1.5,0.0821696161856783,1.0,0.9963098101000616,0.0036901898999383,1.0037038578387256,0.9974828008756054,0.7371164242543371,0.0067518458241016,0.6000000000000001,0.1764705882352941,0.004051107494461,0.9109089070047672,0.2,0.4000000000000001,1.4142135623730951,96
4.0,45.0,1.5,0.1110200091328213,1.0,0.9934772218108888,0.006522778189111,1.0065656041687816,0.9955155381162653,0.7381584612665866,0.0123254424278517,0.6000000000000001,0.1764705882352941,0.007395265456711,0.8820208317460443,0.2,0.4000000000000001,1.4142135623730951,96
4.0,45.0,1.5,0.15,1.0,0.988596803530091,0.0114031964699089,1.0115347292538177,0.9920767449777292,0.7399537924529707,0.0225,0.6000000000000001,0.1764705882352941,0.0135,0.8446812199932554,0.2,0.4000000000000001,1.4142135623730951,96
4.0,50.0,1.5,0.003,1.0,0.999994894434244,5.105565755947339e-06,1.0000051055918229,0.9999964093275632,0.7357607605755618,9e-06,0.5693562039411301,0.145826792176424,5.124205835470171e-06,0.9963623476258888,0.1693562039411299,0.4000000000000001,1.4142135623730951,96
4.0,50.0,1.5,0.0040533233920169,1.0,0.9999906917366624,9.30826333755963e-06,1.000009308349982,0.9999934512202246,0.7357623066615996,1.6429430520271774e-05,0.5693562039411301,0.145826792176424,9.354198193936485e-06,0.9950893860249156,0.1693562039411299,0.4000000000000001,1.4142135623730951,96
4.0,50.0,1.5,0.0054764768400905,1.0,0.9999830371468228,1.696285317731583e-05,1.0000169631409206,0.999988059945301,0.735765122627832,2.9991798580048604e-05,0.5693562039411301,0.145826792176424,1.707601658890345e-05,0.9933729619552396,0.1693562039411299,0.4000000000000001,1.4142135623730951,96
4.0,50.0,1.5,0.0073993105605927,1.0,0.9999691065356824,3.089346431750517e-05,1.000030894418753,0.9999782396927036,0.7357702474132719,5.474979677209931e-05,0.5693562039411301,0.145826792176424,3.11721364567108e-05,0.9910602168833496,0.1693562039411299,0.4000000000000001,1.4142135623730951,96
4.0,50.0,1.5,0.0099972661933495,1.0,0.999943781379569,5.621862043103665e-05,1.000056221781142,0.999960365716048,0.7357795640175415,9.99453313406894e-05,0.5693562039411301,0.145826792176424,5.690449445377337e-05,0.9879469270517128,0.1693562039411299,0.4000000000000001,1.4142135623730951,96
4.0,50.0,1.5,0.0135073843059079,1.0,0.999897808139446,0.0001021918605539,1.0001022023047976,0.9999278666661175,0.7357964766273721,0.0001824494307874,0.5693562039411301,0.145826792176424,0.0001038787153243,0.9837613050451984,0.1693562039411299,0.4000000000000001,1.4142135623730951,96
4.0,50.0,1.5,0.0182499322573664,1.0,0.9998145148427272,0.0001854851572726,1.000185519568399,0.9998688582222368,0.7358271185184965,0.0003330600273984,0.5693562039411301,0.145826792176424,0.0001896297928841,0.9781435419593,0.1693562039411299,0.4000000000000001,1.4142135623730951,96
4.0,50.0,1.5,0.024657625773836,1.0,0.999664002461676,0.0003359975383241,1.0003361104706148,0.9997619182057818,0.7358824889271924,0.0006079985088025,0.5693562039411301,0.145826792176424,0.0003461677229736,0.9706206443449478,0.1693562039411299,0.4000000000000001,1.4142135623730951,96
4.0,50.0,1.5,0.0333151104468964,1.0,0.9993929861418676,0.0006070138581324,1.0006073825477562,0.9995686037397956,0.7359821902480801,0.0011098965840889,0.5693562039411301,0.145826792176424,0.000631926505884,0.9605766690909844,0.1693562039411299,0.4000000000000001,1.4142135623730951,96
4.0,50.0,1.5,0.0450123054940112,1.0,0.9989073093287736,0.0010926906712264,1.0010938859501997,0.9992203434050766,0.736160860696353,0.0020261076458861,0.5693562039411301,0.145826792176424,0.0011535769580378,0.947219570929182,0.1693562039411299,0.4000000000000001,1.4142135623730951,96
4.0,50.0,1.5,0.0608164769291628,1.0,0.9980425155582152,0.0019574844417848,1.0019613237024176,0.99859582373584,0.7364790001650948,0.0036986438660754,0.5693562039411301,0.145826792176424,0.0021058458313188,0.929547839007272,0.1693562039411299,0.4000000000000001,1.4142135623730951,96
4.0,50.0,1.5,0.0821696161856783,1.0,0.9965159075595128,0.0034840924404873,1.0034962737815394,0.9974828008756054,0.7370406057252347,0.0067518458241016,0.5693562039411301,0.145826792176424,0.0038442053080063,0.9063231959102198,0.1693562039411299,0.4000000000000001,1.4142135623730951,96
4.0,50.0,1.5,0.1110200091328213,1.0,0.9938521893898594,0.0061478106101405,1.0061858399828196,0.9955155381162653,0.7380205211839499,0.0123254424278517,0.5693562039411301,0.145826792176424,0.0070175671126166,0.8760601090779265,0.1693562039411299,0.4000000000000001,1.4142135623730951,96
4.0,50.0,1.5,0.15,1.0,0.9892769671450844,0.0107230328549154,1.0108392626241574,0.9920767449777292,0.7397035896731347,0.0225,0.5693562039411301,0.145826792176424,0.0128105145886754,0.8370493457300083,0.1693562039411299,0.4000000000000001,1.4142135623730951,96
4.0,55.0,1.5,0.003,1.0,0.9999951618467988,4.838153201291995e-06,1.0000048381766091,0.9999964093275632,0.7357606621999808,9e-06,0.5396435041189998,0.1161140923542937,4.856791537070998e-06,0.9961624180002908,0.1396435041189996,0.4000000000000001,1.4142135623730951,96
4.0,55.0,1.5,0.0040533233920169,1.0,0.9999911798935848,8.820106415119433e-06,1.00000882018421,0.9999934512202246,0.7357621270787038,1.6429430520271774e-05,0.5396435041189998,0.1161140923542937,8.866035456639101e-06,0.9948196641278628,0.1396435041189996,0.4000000000000001,1.4142135623730951,96
4.0,55.0,1.5,0.0054764768400905,1.0,0.99998392826474,1.607173525997041e-05,1.000016071993565,0.999988059945301,0.7357647948038706,2.9991798580048604e-05,0.5396435041189998,0.1161140923542937,1.618487928056867e-05,0.993009276211649,0.1396435041189996,0.4000000000000001,1.4142135623730951,96
4.0,55.0,1.5,0.0073993105605927,1.0,0.9999707332352796,2.9266764720370372e-05,1.000029267621289,0.9999782396927036,0.7357696489839335,5.474979677209931e-05,0.5396435041189998,0.1161140923542937,2.9545372179898773e-05,0.9905701827740742,0.1396435041189996,0.4000000000000001,1.4142135623730951,96
4.0,55.0,1.5,0.0099972661933495,1.0,0.9999467508093935,5.32491906064525e-05,1.0000532520262335,0.999960365716048,0.7357784716253586,9.99453313406894e-05,0.5396435041189998,0.1161140923542937,5.393484882502412e-05,0.987287287653368,0.1396435041189996,0.4000000000000001,1.4142135623730951,96
4.0,55.0,1.5,0.0135073843059079,1.0,0.9999032284842932,9.67715157068616e-05,1.0000967808813397,0.9999278666661175,0.7357944825939489,0.0001824494307874,0.5396435041189998,0.1161140923542937,9.845765015467732e-05,0.982874520718636,0.1396435041189996,0.4000000000000001,1.4142135623730951,96
4.0,55.0,1.5,0.0182499322573664,1.0,0.9998244085496863,0.0001755914503136,1.000175622288086,0.9998688582222368,0.7358234788271687,0.0003330600273984,0.5396435041189998,0.1161140923542937,0.0001797336802672,0.9769535128448524,0.1396435041189996,0.4000000000000001,1.4142135623730951,96
4.0,55.0,1.5,0.024657625773836,1.0,0.99968205969888,0.00031794030112,1.0003180414193047,0.9997619182057818,0.7358758460412156,0.0006079985088025,0.5396435041189998,0.1161140923542937,0.0003281024457893,0.9690275253974622,0.1396435041189996,0.4000000000000001,1.4142135623730951,96
4.0,55.0,1.5,0.0333151104468964,1.0,0.9994259372699476,0.0005740627300523,1.0005743924673602,0.9995686037397956,0.7359700682076111,0.0011098965840889,0.5396435041189998,0.1161140923542937,0.0005989484818474,0.9584509310077044,0.1396435041189996,0.4000000000000001,1.4142135623730951,96
4.0,55.0,1.5,0.0450123054940112,1.0,0.9989674203728536,0.0010325796271463,1.0010336469499286,0.9992203434050766,0.7361387470915461,0.0020261076458861,0.5396435041189998,0.1161140923542937,0.0010933758297483,0.9443958783906862,0.1396435041189996,0.4000000000000001,1.4142135623730951,96
4.0,55.0,1.5,0.0608164769291628,1.0,0.9981521100639256,0.0018478899360743,1.0018513109549565,0.99859582373584,0.7364386826726709,0.0036986438660754,0.5396435041189998,0.1161140923542937,0.0019959491363771,0.925820153627966,0.1396435041189996,0.4000000000000001,1.4142135623730951,96
4.0,55.0,1.5,0.0821696161856783,1.0,0.996715507524258,0.003284492475742,1.0032953159160736,0.9974828008756054,0.7369671774233246,0.0067518458241016,0.5396435041189998,0.1161140923542937,0.0036435897397894,0.9014441005456916,0.1396435041189996,0.4000000000000001,1.4142135623730951,96
4.0,55.0,1.5,0.1110200091328213,1.0,0.994214991021084,0.0057850089789158,1.005818670037327,0.9955155381162653,0.7378870563083968,0.0123254424278517,0.5396435041189998,0.1161140923542937,0.0066513449415829,0.8697502579890467,0.1396435041189996,0.4000000000000001,1.4142135623730951,96
4.0,55.0,1.5,0.15,1.0,0.9899339593360248,0.0100660406639752,1.01016839615314,0.9920767449777292,0.739461908905429,0.0225,0.5396435041189998,0.1161140923542937,0.0121419788426774,0.829028018776838,0.1396435041189996,0.4000000000000001,1.4142135623730951,96
4.0,60.0,1.5,0.003,1.0,0.9999954127539646,4.587246035359094e-06,1.0000045872670782,0.9999964093275632,0.7357605698963928,9e-06,0.5117647058823531,0.0882352941176471,4.605882352941178e-06,0.9959538007803904,0.111764705882353,0.4000000000000001,1.4142135623730951,96
4.0,60.0,1.5,0.0040533233920169,1.0,0.999991637919638,8.362080362145363e-06,1.000008362150287,0.9999934512202246,0.7357619585803354,1.6429430520271774e-05,0.5117647058823531,0.0882352941176471,8.40800267802144e-06,0.9945382610312294,0.111764705882353,0.4000000000000001,1.4142135623730951,96
4.0,60.0,1.5,0.0054764768400905,1.0,0.9999847643776166,1.5235622383369396e-05,1.0000152358545111,0.999988059945301,0.7357644872151329,2.9991798580048604e-05,0.5117647058823531,0.0882352941176471,1.534874397920135e-05,0.9926299118686688,0.111764705882353,0.4000000000000001,1.4142135623730951,96
4.0,60.0,1.5,0.0073993105605927,1.0,0.9999722595190356,2.7740480964322245e-05,1.00002774125052,0.9999782396927036,0.7357690874955185,5.474979677209931e-05,0.5117647058823531,0.0882352941176471,2.8019013642192008e-05,0.9900591547787272,0.111764705882353,0.4000000000000001,1.4142135623730951,96
4.0,60.0,1.5,0.0099972661933495,1.0,0.9999495369156778,5.046308432221647e-05,1.0000504656309737,0.999960365716048,0.7357774466741371,9.99453313406894e-05,0.5117647058823531,0.0882352941176471,5.114849309788224e-05,0.9865996291551716,0.111764705882353,0.4000000000000001,1.4142135623730951,96
4.0,60.0,1.5,0.0135073843059079,1.0,0.9999083141228542,9.168587714580843e-05,1.0000916942842166,0.9999278666661175,0.7357926116920852,0.0001824494307874,0.5117647058823531,0.0882352941176471,9.337117928536188e-05,0.981950510291802,0.111764705882353,0.4000000000000001,1.4142135623730951,96
4.0,60.0,1.5,0.0182499322573664,1.0,0.9998336910847356,0.0001663089152642,1.0001663365785205,0.9998688582222368,0.7358200639734118,0.0003330600273984,0.5117647058823531,0.0882352941176471,0.0001704483669627,0.975714336416076,0.111764705882353,0.4000000000000001,1.4142135623730951,96
4.0,60.0,1.5,0.024657625773836,1.0,0.999699000688028,0.000300999311972,1.0003010899398368,0.9997619182057818,0.7358696137998937,0.0006079985088025,0.5117647058823531,0.0882352941176471,0.0003111521780342,0.9673700948315482,0.111764705882353,0.4000000000000001,1.4142135623730951,96
4.0,60.0,1.5,0.0333151104468964,1.0,0.9994568488453024,0.0005431511546976,1.0005434463281984,0.9995686037397956,0.7359586964763191,0.0011098965840889,0.5117647058823531,0.0882352941176471,0.000568005898916,0.9562421019466304,0.111764705882353,0.4000000000000001,1.4142135623730951,96
4.0,60.0,1.5,0.0450123054940112,1.0,0.99902380211999,0.0009761978800101,1.0009771517734998,0.9992203434050766,0.7361180054163893,0.0020261076458861,0.5117647058823531,0.0882352941176471,0.0010368903834829,0.9414668084113818,0.111764705882353,0.4000000000000001,1.4142135623730951,96
4.0,60.0,1.5,0.0608164769291628,1.0,0.9982548767294424,0.0017451232705576,1.001748174049773,0.99859582373584,0.7364008769902869,0.0036986438660754,0.5117647058823531,0.0882352941176471,0.0018928353902856,0.9219625116446558,0.111764705882353,0.4000000000000001,1.4142135623730951,96
4.0,60.0,1.5,0.0821696161856783,1.0,0.9969025783642916,0.0030974216357084,1.0031070454655566,0.9974828008756054,0.736898358258448,0.0067518458241016,0.5117647058823531,0.0882352941176471,0.0034553563923343,0.8964116241612626,0.111764705882353,0.4000000000000001,1.4142135623730951,96
4.0,60.0,1.5,0.1110200091328213,1.0,0.9945547147603568,0.0054452852396431,1.0054750987138552,0.9955155381162653,0.7377620809073,0.0123254424278517,0.5117647058823531,0.0882352941176471,0.0063077264189594,0.8632722597600327,0.111764705882353,0.4000000000000001,1.4142135623730951,96
4.0,60.0,1.5,0.15,1.0,0.9905481955592832,0.0094518044407166,1.0095419934972272,0.9920767449777292,0.7392359548608124,0.0225,0.5117647058823531,0.0882352941176471,0.0115147058823529,0.8208463626676054,0.111764705882353,0.4000000000000001,1.4142135623730951,96
4.0,65.0,1.5,0.003,1.0,0.9999956395321458,4.360467854236383e-06,1.000004360486868,0.9999964093275632,0.7357604864693622,9e-06,0.4865668924082578,0.0630374806435519,4.379102031674321e-06,0.9957447491967176,0.0865668924082577,0.4000000000000001,1.4142135623730951,96
4.0,65.0,1.5,0.0040533233920169,1.0,0.9999920518982274,7.948101772625726e-06,1.0000079481649455,0.9999934512202246,0.7357618062861231,1.6429430520271774e-05,0.4865668924082578,0.0630374806435519,7.994016952286024e-06,0.9942563069437615,0.0865668924082577,0.4000000000000001,1.4142135623730951,96
4.0,65.0,1.5,0.0054764768400905,1.0,0.9999855200815724,1.4479918427623415e-05,1.0000144801280988,0.999988059945301,0.735764209207184,2.9991798580048604e-05,0.4865668924082578,0.0630374806435519,1.459301623282865e-05,0.9922498677860164,0.0865668924082577,0.4000000000000001,1.4142135623730951,96
4.0,65.0,1.5,0.0073993105605927,1.0,0.9999736390148736,2.636098512653895e-05,1.0000263616800464,0.9999782396927036,0.7357685800073608,5.474979677209931e-05,0.4865668924082578,0.0630374806435519,2.6639438475384023e-05,0.9895473266411986,0.0865668924082577,0.4000000000000001,1.4142135623730951,96
4.0,65.0,1.5,0.0099972661933495,1.0,0.9999520550549268,4.7944945073208345e-05,1.0000479472439012,0.999960365716048,0.7357765203024785,9.99453313406894e-05,0.4865668924082578,0.0630374806435519,4.86300892811529e-05,0.9859111052833274,0.0865668924082577,0.4000000000000001,1.4142135623730951,96
4.0,65.0,1.5,0.0135073843059079,1.0,0.9999129105670151,8.708943298485483e-05,1.0000870970182147,0.9999278666661175,0.7357909207547827,0.0001824494307874,0.4865668924082578,0.0630374806435519,8.87738525599239e-05,0.9810257240561678,0.0865668924082577,0.4000000000000001,1.4142135623730951,96
4.0,65.0,1.5,0.0182499322573664,1.0,0.9998420805241628,0.000157919475837,1.0001579444183368,0.9998688582222368,0.7358169776711644,0.0003330600273984,0.4865668924082578,0.0630374806435519,0.0001620559825166,0.9744748289119411,0.0865668924082577,0.4000000000000001,1.4142135623730951,96
4.0,65.0,1.5,0.024657625773836,1.0,0.9997143110902664,0.0002856889097336,1.000285770551211,0.9997619182057818,0.7358639814179165,0.0006079985088025,0.4865668924082578,0.0630374806435519,0.0002958319450169,0.9657135226466342,0.0865668924082577,0.4000000000000001,1.4142135623730951,96
4.0,65.0,1.5,0.0333151104468964,1.0,0.9994847829829536,0.0005152170170463,1.0005154826024552,0.9995686037397956,0.7359484200828101,0.0011098965840889,0.4865668924082578,0.0630374806435519,0.0005400389318146,0.9540368049301604,0.0865668924082577,0.4000000000000001,1.4142135623730951,96
4.0,65.0,1.5,0.0450123054940112,1.0,0.999074745927112,0.000925254072888,1.0009261109608265,0.9992203434050766,0.7360992642455714,0.0020261076458861,0.4865668924082578,0.0630374806435519,0.0009858369009434,0.9385468042457508,0.0865668924082577,0.4000000000000001,1.4142135623730951,96
4.0,65.0,1.5,0.0608164769291628,1.0,0.9983477079774916,0.0016522920225082,1.0016550266097726,0.99859582373584,0.7363667263319723,0.0036986438660754,0.4865668924082578,0.0630374806435519,0.0017996376520411,0.9181248350934544,0.0865668924082577,0.4000000000000001,1.4142135623730951,96
4.0,65.0,1.5,0.0821696161856783,1.0,0.997071485669348,0.0029285143306518,1.002937115716117,0.9974828008756054,0.7368362210161368,0.0067518458241016,0.4865668924082578,0.0630374806435519,0.0032852246406528,0.8914198117270732,0.0865668924082577,0.4000000000000001,1.4142135623730951,96
4.0,65.0,1.5,0.1110200091328213,1.0,0.9948612027871482,0.0051387972128518,1.0051653408520256,0.9955155381162653,0.737649331848136,0.0123254424278517,0.4865668924082578,0.0630374806435519,0.0059971522196767,0.856872899772558,0.0865668924082577,0.4000000000000001,1.4142135623730951,96
4.0,65.0,1.5,0.15,1.0,0.9911015539871912,0.0088984460128088,1.0089783392801783,0.9920767449777292,0.7390323942953484,0.0225,0.4865668924082578,0.0630374806435519,0.0109477550791858,0.8128101102414012,0.0865668924082577,0.4000000000000001,1.4142135623730951,96
4.0,70.0,1.5,0.003,1.0,0.999995835290908,4.164709092036034e-06,1.0000041647264368,0.9999964093275632,0.7357604144537381,9e-06,0.4648156865084157,0.0412862747437097,4.183341178575742e-06,0.9955461231239926,0.0648156865084156,0.4000000000000001,1.4142135623730951,96
4.0,70.0,1.5,0.0040533233920169,1.0,0.9999924092511852,7.590748814734205e-06,1.0000075908064343,0.9999934512202246,0.7357616748233167,1.6429430520271774e-05,0.4648156865084157,0.0412862747437097,7.636657026222443e-06,0.9939884413650372,0.0648156865084156,0.4000000000000001,1.4142135623730951,96
4.0,70.0,1.5,0.0054764768400905,1.0,0.9999861724161312,1.3827583868808446e-05,1.0000138277750736,0.999988059945301,0.7357639692267111,2.9991798580048604e-05,0.4648156865084157,0.0412862747437097,1.394065844660742e-05,0.9918888639132758,0.0648156865084156,0.4000000000000001,1.4142135623730951,96
4.0,70.0,1.5,0.0073993105605927,1.0,0.9999748298115329,2.51701884672606e-05,1.0000251708220216,0.9999782396927036,0.7357681419377512,5.474979677209931e-05,0.4648156865084157,0.0412862747437097,2.5448564372819584e-05,0.9890612334165184,0.0648156865084156,0.4000000000000001,1.4142135623730951,96
4.0,70.0,1.5,0.0099972661933495,1.0,0.9999542287281644,4.577127183569285e-05,1.000045773366941,0.999960365716048,0.7357757206527835,9.99453313406894e-05,0.4648156865084157,0.0412862747437097,4.6456157800433626e-05,0.985257369589562,0.0648156865084156,0.4000000000000001,1.4142135623730951,96
4.0,70.0,1.5,0.0135073843059079,1.0,0.9999168782008272,8.312179917280282e-05,1.0000831287089806,0.9999278666661175,0.7357894611438784,0.0001824494307874,0.4648156865084157,0.0412862747437097,8.480535742455625e-05,0.9801479729243388,0.0648156865084156,0.4000000000000001,1.4142135623730951,96
4.0,70.0,1.5,0.0182499322573664,1.0,0.999849322107936,0.0001506778920639,1.0001507005993129,0.9998688582222368,0.7358143136414043,0.0003330600273984,0.4648156865084157,0.0412862747437097,0.0001548115252837,0.9732989309921052,0.0648156865084156,0.4000000000000001,1.4142135623730951,96
4.0,70.0,1.5,0.024657625773836,1.0,0.9997275262024304,0.0002724737975695,1.0002725480597745,0.9997619182057818,0.7358591198500279,0.0006079985088025,0.4648156865084157,0.0412862747437097,0.0002826072442651,0.964143004465667,0.0648156865084156,0.4000000000000001,1.4142135623730951,96
4.0,70.0,1.5,0.0333151104468964,1.0,0.9995088925678725,0.0004911074321275,1.000491348737144,0.9995686037397956,0.7359395506633066,0.0011098965840889,0.4648156865084157,0.0412862747437097,0.0005158973426866,0.9519479778089406,0.0648156865084156,0.4000000000000001,1.4142135623730951,96
4.0,70.0,1.5,0.0450123054940112,1.0,0.9991187093765366,0.0008812906234634,1.000882067981705,0.9992203434050766,0.736083091002968,0.0020261076458861,0.4648156865084157,0.0412862747437097,0.0009417666163625,0.9357845225681328,0.0648156865084156,0.4000000000000001,1.4142135623730951,96
4.0,70.0,1.5,0.0608164769291628,1.0,0.99842780137289,0.0015721986271099,1.0015746743279266,0.99859582373584,0.7363372616567749,0.0036986438660754,0.4648156865084157,0.0412862747437097,0.0017191876877599,0.9145008647418256,0.0648156865084156,0.4000000000000001,1.4142135623730951,96
4.0,70.0,1.5,0.0821696161856783,1.0,0.9972171574187172,0.0027828425812828,1.0027906084051803,0.9974828008756054,0.7367826315933578,0.0067518458241016,0.4648156865084157,0.0412862747437097,0.0031383638519288,0.886717637782025,0.0648156865084156,0.4000000000000001,1.4142135623730951,96
4.0,70.0,1.5,0.1110200091328213,1.0,0.995125340000388,0.004874659999612,1.0048985387103198,0.9955155381162653,0.7375521624199991,0.0123254424278517,0.4648156865084157,0.0412862747437097,0.0057290589836218,0.8508657379069763,0.0648156865084156,0.4000000000000001,1.4142135623730951,96
4.0,70.0,1.5,0.15,1.0,0.9915778600830384,0.0084221399169617,1.00849367483483,0.9920767449777292,0.7388571776856576,0.0225,0.4648156865084157,0.0412862747437097,0.0104583529464393,0.8053027049377905,0.0648156865084156,0.4000000000000001,1.4142135623730951,96
4.0,75.0,1.5,0.003,1.0,0.9999959940823386,4.005917661364933e-06,1.0000040059337088,0.9999964093275632,0.7357603560376355,9e-06,0.4471719875674521,0.0236425758027461,4.024547888107069e-06,0.9953708522646258,0.047171987567452,0.4000000000000001,1.4142135623730951,96
4.0,75.0,1.5,0.0040533233920169,1.0,0.9999926991209112,7.3008790887341135e-06,1.000007300932392,0.9999934512202246,0.735761568186204,1.6429430520271774e-05,0.4471719875674521,0.0236425758027461,7.346781100351288e-06,0.993752092108069,0.047171987567452,0.4000000000000001,1.4142135623730951,96
4.0,75.0,1.5,0.0054764768400905,1.0,0.999986701561724,1.3298438276021509e-05,1.0000132986151269,0.999988059945301,0.7357637745649259,2.9991798580048604e-05,0.4471719875674521,0.0236425758027461,1.341149218176302e-05,0.9915703708275472,0.047171987567452,0.4000000000000001,1.4142135623730951,96
4.0,75.0,1.5,0.0073993105605927,1.0,0.9999757957315462,2.420426845384238e-05,1.0000242048543146,0.9999782396927036,0.7357677865956365,5.474979677209931e-05,0.4471719875674521,0.0236425758027461,2.448257544149372e-05,0.988632446438635,0.047171987567452,0.4000000000000001,1.4142135623730951,96
4.0,75.0,1.5,0.0099972661933495,1.0,0.9999559919037002,4.400809629978575e-05,1.0000440100330976,0.999960365716048,0.7357750720167533,9.99453313406894e-05,0.4471719875674521,0.0236425758027461,4.469275246370364e-05,0.9846808234853308,0.047171987567452,0.4000000000000001,1.4142135623730951,96
4.0,75.0,1.5,0.0135073843059079,1.0,0.999920096517284,7.990348271591508e-05,1.0000799098677926,0.9999278666661175,0.7357882771914227,0.0001824494307874,0.4471719875674521,0.0236425758027461,8.15862745957916e-05,0.979374081140318,0.047171987567452,0.4000000000000001,1.4142135623730951,96
4.0,75.0,1.5,0.0182499322573664,1.0,0.999855195962524,0.0001448040374758,1.000144825008722,0.9998688582222368,0.7358121527710845,0.0003330600273984,0.4471719875674521,0.0236425758027461,0.000148935114431,0.9722625723895356,0.047171987567452,0.4000000000000001,1.4142135623730951,96
4.0,75.0,1.5,0.024657625773836,1.0,0.9997382450170672,0.0002617549829329,1.000261823516543,0.9997619182057818,0.7358551766186301,0.0006079985088025,0.4471719875674521,0.0236425758027461,0.0002718799016192,0.962759591179515,0.047171987567452,0.4000000000000001,1.4142135623730951,96
4.0,75.0,1.5,0.0333151104468964,1.0,0.9995284467954084,0.0004715532045916,1.0004717756719217,0.9995686037397956,0.735932357065842,0.0011098965840889,0.4471719875674521,0.0236425758027461,0.0004963146615013,0.950109358376055,0.047171987567452,0.4000000000000001,1.4142135623730951,96
4.0,75.0,1.5,0.0450123054940112,1.0,0.999154362481536,0.0008456375184638,1.0008463532265062,0.9992203434050766,0.736069974963518,0.0020261076458861,0.4471719875674521,0.0236425758027461,0.0009060185830365,0.9333556003119948,0.047171987567452,0.4000000000000001,1.4142135623730951,96
4.0,75.0,1.5,0.0608164769291628,1.0,0.9984927425875192,0.0015072574124807,1.001509532666782,0.99859582373584,0.7363133711473809,0.0036986438660754,0.4471719875674521,0.0236425758027461,0.0016539299288971,0.911318784518152,0.047171987567452,0.4000000000000001,1.4142135623730951,96
4.0,75.0,1.5,0.0821696161856783,1.0,0.9973352308950096,0.0026647691049903,1.0026718890724426,0.9974828008756054,0.7367391949503318,0.0067518458241016,0.4471719875674521,0.0236425758027461,0.0030192363169125,0.8825970627285423,0.047171987567452,0.4000000000000001,1.4142135623730951,96
4.0,75.0,1.5,0.1110200091328213,1.0,0.995339307536336,0.0046606924636638,1.0046825162317763,0.9955155381162653,0.7374734490600624,0.0123254424278517,0.4471719875674521,0.0236425758027461,0.0055115925881106,0.8456162876983444,0.047171987567452,0.4000000000000001,1.4142135623730951,96
4.0,75.0,1.5,0.15,1.0,0.9919633033877416,0.0080366966122583,1.0081018083882856,0.9920767449777292,0.7387153858469069,0.0225,0.4471719875674521,0.0236425758027461,0.0100613697202676,0.7987676465232368,0.047171987567452,0.4000000000000001,1.4142135623730951,96
4.0,80.0,1.5,0.003,1.0,0.9999961110817472,3.888918252759055e-06,1.0000038889333764,0.9999964093275632,0.7357603129959583,9e-06,0.4341718904495457,0.0106424786848397,3.907547014045912e-06,0.9952326200504064,0.0341718904495455,0.4000000000000001,1.4142135623730951,96
4.0,80.0,1.5,0.0040533233920169,1.0,0.9999929127002194,7.08729978060596e-06,1.0000070873500109,0.9999934512202246,0.7357614896147674,1.6429430520271774e-05,0.4341718904495457,0.0106424786848397,7.133196907995859e-06,0.9935657002068105,0.0341718904495455,0.4000000000000001,1.4142135623730951,96
4.0,80.0,1.5,0.0054764768400905,1.0,0.9999870914417376,1.2908558262303416e-05,1.0000129087248952,0.999988059945301,0.7357636311360845,2.9991798580048604e-05,0.4341718904495457,0.0106424786848397,1.3021595887481702e-05,0.9913192187689563,0.0341718904495455,0.4000000000000001,1.4142135623730951,96
4.0,80.0,1.5,0.0073993105605927,1.0,0.9999765074299458,2.349257005418437e-05,1.000023493121968,0.9999782396927036,0.7357675247764273,5.474979677209931e-05,0.4341718904495457,0.0106424786848397,2.377082276627079e-05,0.9882943592309626,0.0341718904495455,0.4000000000000001,1.4142135623730951,96
4.0,80.0,1.5,0.0099972661933495,1.0,0.999957291021745,4.270897825497944e-05,1.0000427108023895,0.999960365716048,0.7357745940979333,9.99453313406894e-05,0.4341718904495457,0.0106424786848397,4.339345344979334e-05,0.9842263028084212,0.0341718904495455,0.4000000000000001,1.4142135623730951,96
4.0,80.0,1.5,0.0135073843059079,1.0,0.9999224677741316,7.753222586837083e-05,1.0000775382375806,0.9999278666661175,0.7357874048547814,0.0001824494307874,0.4341718904495457,0.0106424786848397,7.92144142764475e-05,0.978764112271208,0.0341718904495455,0.4000000000000001,1.4142135623730951,96
4.0,80.0,1.5,0.0182499322573664,1.0,0.9998595237625574,0.0001404762374426,1.0001404959737883,0.9998688582222368,0.735810560662443,0.0003330600273984,0.4341718904495457,0.0106424786848397,0.0001446053017287,0.9714459688767711,0.0341718904495455,0.4000000000000001,1.4142135623730951,96
4.0,80.0,1.5,0.024657625773836,1.0,0.9997461423433768,0.0002538576566231,1.0002539221166966,0.9997619182057818,0.7358522713547372,0.0006079985088025,0.4341718904495457,0.0106424786848397,0.0002639758619573,0.9616699600517724,0.0341718904495455,0.4000000000000001,1.4142135623730951,96
4.0,80.0,1.5,0.0333151104468964,1.0,0.9995428531656187,0.0004571468343812,1.000457355913189,0.9995686037397956,0.7359270572589913,0.0011098965840889,0.4341718904495457,0.0106424786848397,0.0004818858981173,0.9486619885894646,0.0341718904495455,0.4000000000000001,1.4142135623730951,96
4.0,80.0,1.5,0.0450123054940112,1.0,0.9991806273990848,0.0008193726009151,1.0008200445229287,0.9992203434050766,0.736060312643678,0.0020261076458861,0.4341718904495457,0.0106424786848397,0.0008796789868686,0.9314450079474804,0.0341718904495455,0.4000000000000001,1.4142135623730951,96
4.0,80.0,1.5,0.0608164769291628,1.0,0.9985405764573936,0.0014594235426064,1.0014615565726774,0.99859582373584,0.7362957740694428,0.0036986438660754,0.4341718904495457,0.0106424786848397,0.0016058471994335,0.9088184374710117,0.0341718904495455,0.4000000000000001,1.4142135623730951,96
4.0,80.0,1.5,0.0821696161856783,1.0,0.9974221777296222,0.0025778222703778,1.002584484612369,0.9974828008756054,0.7367072091074962,0.0067518458241016,0.4341718904495457,0.0106424786848397,0.0029314616654741,0.8793641413560603,0.0341718904495455,0.4000000000000001,1.4142135623730951,96
4.0,80.0,1.5,0.1110200091328213,1.0,0.9954967962234968,0.0045032037765031,1.0045235743536156,0.9955155381162653,0.7374155128199306,0.0123254424278517,0.4341718904495457,0.0106424786848397,0.0053513606395274,0.8415063158406051,0.0341718904495455,0.4000000000000001,1.4142135623730951,96
4.0,80.0,1.5,0.15,1.0,0.9922467821272868,0.0077532178727132,1.0078137999662655,0.9920767449777292,0.7386111031142222,0.0225,0.4341718904495457,0.0106424786848397,0.0097688675351147,0.7936659848077384,0.0341718904495455,0.4000000000000001,1.4142135623730951,96
4.0,85.0,1.5,0.003,1.0,0.9999961827342554,3.817265744610054e-06,1.0000038172803165,0.9999964093275632,0.7357602866364735,9e-06,0.4262103965272574,0.0026809847625515,3.835893568745317e-06,0.9951438110048096,0.0262103965272574,0.4000000000000001,1.4142135623730951,96
4.0,85.0,1.5,0.0040533233920169,1.0,0.9999930434999076,6.9565000924143305e-06,1.0000069565484857,0.9999934512202246,0.7357614414962512,1.6429430520271774e-05,0.4262103965272574,0.0026809847625515,7.002394096762058e-06,0.9934459552385164,0.0262103965272574,0.4000000000000001,1.4142135623730951,96
4.0,85.0,1.5,0.0054764768400905,1.0,0.99998733021085,1.2669789150043798e-05,1.0000126699496756,0.999988059945301,0.7357635432978369,2.9991798580048604e-05,0.4262103965272574,0.0026809847625515,1.2782816365368152e-05,0.9911578785070736,0.0262103965272574,0.4000000000000001,1.4142135623730951,96
4.0,85.0,1.5,0.0073993105605927,1.0,0.9999769432854152,2.3056714584690496e-05,1.000023057246209,0.9999782396927036,0.7357673644341607,5.474979677209931e-05,0.4262103965272574,0.0026809847625515,2.333493259202321e-05,0.9880771882997504,0.0262103965272574,0.4000000000000001,1.4142135623730951,96
4.0,85.0,1.5,0.0099972661933495,1.0,0.9999580866201856,4.19133798145177e-05,1.0000419151366196,0.999960365716048,0.7357743014136241,9.99453313406894e-05,0.4262103965272574,0.0026809847625515,4.259773930176336e-05,0.9839343707327368,0.0262103965272574,0.4000000000000001,1.4142135623730951,96
4.0,85.0,1.5,0.0135073843059079,1.0,0.9999239199583366,7.608004166337334e-05,1.0000760858302764,0.9999278666661175,0.7357868706260692,0.0001824494307874,0.4262103965272574,0.0026809847625515,7.776184424210797e-05,0.9783723933617312,0.0262103965272574,0.4000000000000001,1.4142135623730951,96
4.0,85.0,1.5,0.0182499322573664,1.0,0.9998621741312356,0.0001378258687643,1.000137844867353,0.9998688582222368,0.7358095856463042,0.0003330600273984,0.4262103965272574,0.0026809847625515,0.0001419536463448,0.9709216516317468,0.0262103965272574,0.4000000000000001,1.4142135623730951,96
4.0,85.0,1.5,0.024657625773836,1.0,0.9997509786284148,0.0002490213715853,1.000249083398675,0.9997619182057818,0.7358504921849566,0.0006079985088025,0.4262103965272574,0.0026809847625515,0.0002591352855247,0.9609705258050848,0.0262103965272574,0.4000000000000001,1.4142135623730951,96
4.0,85.0,1.5,0.0333151104468964,1.0,0.9995516752884852,0.0004483247115149,1.0004485257967133,0.9995686037397956,0.7359238117816939,0.0011098965840889,0.4262103965272574,0.0026809847625515,0.0004730494632087,0.9477332633966676,0.0262103965272574,0.4000000000000001,1.4142135623730951,96
4.0,85.0,1.5,0.0450123054940112,1.0,0.9991967105263688,0.0008032894736312,1.0008039352663682,0.9992203434050766,0.7360543959937491,0.0020261076458861,0.4262103965272574,0.0026809847625515,0.00086354814316,0.9302196756416304,0.0262103965272574,0.4000000000000001,1.4142135623730951,96
4.0,85.0,1.5,0.0608164769291628,1.0,0.9985698642441568,0.0014301357558431,1.0014321839733524,0.99859582373584,0.7362849997060715,0.0036986438660754,0.4262103965272574,0.0026809847625515,0.0015764004687731,0.9072160178664652,0.0262103965272574,0.4000000000000001,1.4142135623730951,96
4.0,85.0,1.5,0.0821696161856783,1.0,0.997475404149591,0.0025245958504089,1.0025309855660665,0.9974828008756054,0.736687628265696,0.0067518458241016,0.4262103965272574,0.0026809847625515,0.0028777068859812,0.8772943007877281,0.0262103965272574,0.4000000000000001,1.4142135623730951,96
4.0,85.0,1.5,0.1110200091328213,1.0,0.9955931761782384,0.0044068238217616,1.0044263298777096,0.9955155381162653,0.7373800569689531,0.0123254424278517,0.4262103965272574,0.0026809847625515,0.0052532317045485,0.8388786312139832,0.0262103965272574,0.4000000000000001,1.4142135623730951,96
4.0,85.0,1.5,0.15,1.0,0.9924201729645024,0.0075798270354976,1.0076377196292328,0.9920767449777292,0.7385473180741688,0.0225,0.4262103965272574,0.0026809847625515,0.0095897339218632,0.7904105679320953,0.0262103965272574,0.4000000000000001,1.4142135623730951,96
4.0,90.0,1.5,0.003,1.0,0.9999962068627958,3.793137204222141e-06,1.0000037931515922,0.9999964093275632,0.7357602777600796,9e-06,0.4235294117647059,0.0,3.8117647058823536e-06,0.995113155428648,0.0235294117647058,0.4000000000000001,1.4142135623730951,96
4.0,90.0,1.5,0.0040533233920169,1.0,0.9999930875458864,6.912454113661148e-06,1.000006912501896,0.9999934512202246,0.7357614252926411,1.6429430520271774e-05,0.4235294117647059,0.0,6.958347043879811e-06,0.9934046218262386,0.0235294117647058,0.4000000000000001,1.4142135623730951,96
4.0,90.0,1.5,0.0054764768400905,1.0,0.9999874106148248,1.258938517534336e-05,1.00001258954367,0.999988059945301,0.7357635137188676,2.9991798580048604e-05,0.4235294117647059,0.0,1.2702408810373528e-05,0.9911021888275344,0.0235294117647058,0.4000000000000001,1.4142135623730951,96
4.0,90.0,1.5,0.0073993105605927,1.0,0.9999770900568486,2.29099431513502e-05,1.000022910468029,0.9999782396927036,0.7357673104399678,5.474979677209931e-05,0.4235294117647059,0.0,2.3188149221124412e-05,0.9880022304875988,0.0235294117647058,0.4000000000000001,1.4142135623730951,96
4.0,90.0,1.5,0.0099972661933495,1.0,0.9999583545322974,4.164546770257793e-05,1.00004164720212,0.999960365716048,0.7357742028542661,9.99453313406894e-05,0.4235294117647059,0.0,4.232978739135081e-05,0.9838336138462934,0.0235294117647058,0.4000000000000001,1.4142135623730951,96
4.0,90.0,1.5,0.0135073843059079,1.0,0.9999244089697764,7.55910302236984e-05,1.0000755967446595,0.9999278666661175,0.7357866907288146,0.0001824494307874,0.4235294117647059,0.0,7.727270009823052e-05,0.9782372057350868,0.0235294117647058,0.4000000000000001,1.4142135623730951,96
4.0,90.0,1.5,0.0182499322573664,1.0,0.9998630666175532,0.0001369333824469,1.000136952135766,0.9998688582222368,0.7358092573189396,0.0003330600273984,0.4235294117647059,0.0,0.0001410607174864,0.9707407199322312,0.0235294117647058,0.4000000000000001,1.4142135623730951,96
4.0,90.0,1.5,0.024657625773836,1.0,0.9997526071872772,0.0002473928127229,1.0002474540310715,0.9997619182057818,0.7358498930716507,0.0006079985088025,0.4235294117647059,0.0,0.0002575052507869,0.9607291966546208,0.0235294117647058,0.4000000000000001,1.4142135623730951,96
4.0,90.0,1.5,0.0333151104468964,1.0,0.9995546459825958,0.0004453540174041,1.000445552445976,0.9995686037397956,0.7359227189245138,0.0011098965840889,0.4235294117647059,0.0,0.0004700738473788,0.947412879673109,0.0235294117647058,0.4000000000000001,1.4142135623730951,96
4.0,90.0,1.5,0.0450123054940112,1.0,0.9992021260831782,0.0007978739168218,1.0007985110279434,0.9992203434050766,0.7360524037223751,0.0020261076458861,0.4235294117647059,0.0,0.0008581161794341,0.9297970786985608,0.0235294117647058,0.4000000000000001,1.4142135623730951,96
4.0,90.0,1.5,0.0608164769291628,1.0,0.9985797256116996,0.0014202743883003,1.0014222944366613,0.99859582373584,0.7362813719153785,0.0036986438660754,0.4235294117647059,0.0,0.001566484460926,0.906663566557675,0.0235294117647058,0.4000000000000001,1.4142135623730951,96
4.0,90.0,1.5,0.0821696161856783,1.0,0.9974933241715306,0.0025066758284694,1.0025129750422654,0.9974828008756054,0.7366810358789341,0.0067518458241016,0.4235294117647059,0.0,0.0028596052902077,0.8765810572015299,0.0235294117647058,0.4000000000000001,1.4142135623730951,96
4.0,90.0,1.5,0.1110200091328213,1.0,0.9956256197817872,0.0043743802182126,1.0043935994929212,0.9955155381162653,0.7373681217495887,0.0123254424278517,0.4235294117647059,0.0,0.0052201873812077,0.8379737926573392,0.0235294117647058,0.4000000000000001,1.4142135623730951,96
4.0,90.0,1.5,0.15,1.0,0.992478524387423,0.0075214756125769,1.0075784769420773,0.9920767449777292,0.7385258524003271,0.0225,0.4235294117647059,0.0,0.0095294117647058,0.7892906507025235,0.0235294117647058,0.4000000000000001,1.4142135623730951,96
4.0,0.0,2.5,0.003,1.0,0.9999977058987948,2.294101205113641e-06,1.000002294106468,0.999998800005165,0.858385925368156,9e-06,0.2549019607843137,0.1764705882352941,2.294117647058824e-06,0.9999928329982536,0.3764705882352941,0.4000000000000001,1.4142135623730951,96
4.0,0.0,2.5,0.0040533233920169,1.0,0.9999958121606763,4.18783932354394e-06,1.0000041878568615,0.99999780942646,0.8583863898122837,1.6429430520271774e-05,0.2549019607843137,0.1764705882352941,4.187894054186923e-06,0.99998693122551,0.3764705882352941,0.4000000000000001,1.4142135623730951,96
4.0,0.0,2.5,0.0054764768400905,1.0,0.9999923552138752,7.644786124916259e-06,1.000007644844568,0.999996001150758,0.8583872376362137,2.9991798580048604e-05,0.2549019607843137,0.1764705882352941,7.644968265502587e-06,0.9999761751023676,0.3764705882352941,0.4000000000000001,1.4142135623730951,96
4.0,0.0,2.5,0.0073993105605927,1.0,0.9999860447753248,1.3955224675066267e-05,1.000013955419426,0.9999927002175156,0.8583887852815946,5.474979677209931e-05,0.2549019607843137,0.1764705882352941,1.3955830549750808e-05,0.9999565862681996,0.3764705882352941,0.4000000000000001,1.4142135623730951,96
4.0,0.0,2.5,0.0099972661933495,1.0,0.9999745257531684,2.547424683174704e-05,1.0000254748957855,0.9999866745889604,0.8583916103280357,9.99453313406894e-05,0.2549019607843137,0.1764705882352941,2.547626092997965e-05,0.9999209421571654,0.3764705882352941,0.4000000000000001,1.4142135623730951,96
4.0,0.0,2.5,0.0135073843059079,1.0,0.999953499972036,4.650002796402486e-05,1.000046502190317,0.999975675512756,0.8583967668703213,0.0001824494307874,0.2549019607843137,0.1764705882352941,4.650671765171281e-05,0.9998561565290836,0.3764705882352941,0.4000000000000001,1.4142135623730951,96
4.0,0.0,2.5,0.0182499322573664,1.0,0.9999151245398,8.487546019986247e-05,1.0000848826646551,0.9999555989776768,0.8584061782495613,0.0003330600273984,0.2549019607843137,0.1764705882352941,8.489765404274584e-05,0.9997385811995206,0.3764705882352941,0.4000000000000001,1.4142135623730951,96
4.0,0.0,2.5,0.024657625773836,1.0,0.9998450935052008,0.0001549064947993,1.0001549304945392,0.9999189566692936,0.8584233525384335,0.0006079985088025,0.2549019607843137,0.1764705882352941,0.0001549800120477,0.9995256340000708,0.3764705882352941,0.4000000000000001,1.4142135623730951,96
4.0,0.0,2.5,0.0333151104468964,1.0,0.9997173282079082,0.0002826717920918,1.0002827517180266,0.9998520903215784,0.8584546839272494,0.0011098965840889,0.2549019607843137,0.1764705882352941,0.000282914815552,0.99914100129485,0.3764705882352941,0.4000000000000001,1.4142135623730951,96
4.0,0.0,2.5,0.0450123054940112,1.0,0.9994843423260936,0.0005156576739063,1.0005159237139287,0.9997301048153222,0.8585118129956709,0.0020261076458861,0.2549019607843137,0.1764705882352941,0.0005164588116964,0.9984487866758024,0.3764705882352941,0.4000000000000001,1.4142135623730951,96
4.0,0.0,2.5,0.0608164769291628,1.0,0.9990598397141272,0.0009401602858728,1.000941045019027,0.9995076776651352,0.8586158855982561,0.0036986438660754,0.2549019607843137,0.1764705882352941,0.0009427915737054,0.9972090460860784,0.3764705882352941,0.4000000000000001,1.4142135623730951,96
4.0,0.0,2.5,0.0821696161856783,1.0,0.9982875415252912,0.0017124584747088,1.0017153960191594,0.99910247069701,0.8588051682372526,0.0067518458241016,0.2549019607843137,0.1764705882352941,0.0017210587394769,0.9950029219974708,0.3764705882352941,0.4000000000000001,1.4142135623730951,96
4.0,0.0,2.5,0.1110200091328213,1.0,0.9968861502198616,0.0031138497801382,1.0031235761269746,0.9983654433233172,0.8591484478798925,0.0123254424278517,0.2549019607843137,0.1764705882352941,0.0031417794423935,0.9911102409423068,0.3764705882352941,0.4000000000000001,1.4142135623730951,96
4.0,0.0,2.5,0.15,1.0,0.994354649704768,0.005645350295232,1.0056774012138507,0.9970284976003584,0.8597679401967988,0.0225,0.2549019607843137,0.1764705882352941,0.005735294117647,0.984317487373794,0.3764705882352941,0.4000000000000001,1.4142135623730951,96
4.0,5.0,2.5,0.003,1.0,0.99999771796321,2.2820367899800686e-06,1.0000022820419976,0.999998800005165,0.8583859224093255,9e-06,0.253561468403038,0.1751300958540183,2.282053215627342e-06,0.9999928022505518,0.3737896034727426,0.4000000000000001,1.4142135623730951,96
4.0,5.0,2.5,0.0040533233920169,1.0,0.9999958341841534,4.165815846612908e-06,1.0000041658332006,0.99999780942646,0.8583863844109718,1.6429430520271774e-05,0.253561468403038,0.1751300958540183,4.1658705277458e-06,0.9999868740200812,0.3737896034727426,0.4000000000000001,1.4142135623730951,96
4.0,5.0,2.5,0.0054764768400905,1.0,0.999992395417492,7.604582508147217e-06,1.0000076046403383,0.999996001150758,0.8583872277761951,2.9991798580048604e-05,0.253561468403038,0.1751300958540183,7.604764488005274e-06,0.9999760702835252,0.3737896034727426,0.4000000000000001,1.4142135623730951,96
4.0,5.0,2.5,0.0073993105605927,1.0,0.9999861181664806,1.3881833519358013e-05,1.0000138820262274,0.9999927002175156,0.8583887672823217,5.474979677209931e-05,0.253561468403038,0.1751300958540183,1.3882438864301411e-05,0.999956394913796,0.3737896034727426,0.4000000000000001,1.4142135623730951,96
4.0,5.0,2.5,0.0099972661933495,1.0,0.9999746597273516,2.5340272648444184e-05,1.000025340914794,0.9999866745889604,0.8583915774708878,9.99453313406894e-05,0.253561468403038,0.1751300958540183,2.534228497477338e-05,0.999920594124358,0.3737896034727426,0.4000000000000001,1.4142135623730951,96
4.0,5.0,2.5,0.0135073843059079,1.0,0.9999537445382096,4.625546179048978e-05,1.0000462576014573,0.999975675512756,0.8583967068911341,0.0001824494307874,0.253561468403038,0.1751300958540183,4.6262145579774085e-05,0.9998555235776349,0.3737896034727426,0.4000000000000001,1.4142135623730951,96
4.0,5.0,2.5,0.0182499322573664,1.0,0.9999155709845604,8.442901543959103e-05,1.0000844361443002,0.9999555989776768,0.8584060687622966,0.0003330600273984,0.253561468403038,0.1751300958540183,8.44511896135107e-05,0.9997374320714586,0.3737896034727426,0.4000000000000001,1.4142135623730951,96
4.0,5.0,2.5,0.024657625773836,1.0,0.9998459084569824,0.0001540915430174,1.0001541152908804,0.9999189566692936,0.8584231526845383,0.0006079985088025,0.253561468403038,0.1751300958540183,0.0001541649946788,0.9995235516240512,0.3737896034727426,0.4000000000000001,1.4142135623730951,96
4.0,5.0,2.5,0.0333151104468964,1.0,0.9997188157969886,0.0002811842030113,1.0002812632898053,0.9998520903215784,0.8584543191430661,0.0011098965840889,0.253561468403038,0.1751300958540183,0.0002814270076371,0.99913723765262,0.3737896034727426,0.4000000000000001,1.4142135623730951,96
4.0,5.0,2.5,0.0450123054940112,1.0,0.9994870575770792,0.0005129424229206,1.0005132056678794,0.9997301048153222,0.8585111472436578,0.0020261076458861,0.253561468403038,0.1751300958540183,0.0005137428298335,0.9984420085957676,0.3737896034727426,0.4000000000000001,1.4142135623730951,96
4.0,5.0,2.5,0.0608164769291628,1.0,0.9990647952726196,0.0009352047273804,1.0009360801539655,0.9995076776651352,0.8586146708032115,0.0036986438660754,0.253561468403038,0.1751300958540183,0.0009378335697819,0.9971968988035071,0.3737896034727426,0.4000000000000001,1.4142135623730951,96
4.0,5.0,2.5,0.0821696161856783,1.0,0.9982965841147536,0.0017034158852463,1.0017063224620335,0.99910247069701,0.858802952412514,0.0067518458241016,0.253561468403038,0.1751300958540183,0.0017120079415901,0.9949812987807748,0.3737896034727426,0.4000000000000001,1.4142135623730951,96
4.0,5.0,2.5,0.1110200091328213,1.0,0.9969026446720716,0.0030973553279283,1.003106978745098,0.9983654433233172,0.8591444088677371,0.0123254424278517,0.253561468403038,0.1751300958540183,0.0031252572807231,0.9910721101373076,0.3737896034727426,0.4000000000000001,1.4142135623730951,96
4.0,5.0,2.5,0.15,1.0,0.9943847163151396,0.0056152836848603,1.005646993153383,0.9970284976003584,0.8597605871473404,0.0225,0.253561468403038,0.1751300958540183,0.0057051330390683,0.9842511377749183,0.3737896034727426,0.4000000000000001,1.4142135623730951,96
4.0,10.0,2.5,0.003,1.0,0.9999977537898864,2.2462101134657075e-06,1.000002246215159,0.999998800005165,0.858385913622737,9e-06,0.2495807214418939,0.1711493488928742,2.246226492977045e-06,0.9999927079876454,0.3658281095504544,0.4000000000000001,1.4142135623730951,96
4.0,10.0,2.5,0.0040533233920169,1.0,0.999995899585408,4.100414591867718e-06,1.0000041004314053,0.99999780942646,0.858386368371154,1.6429430520271774e-05,0.2495807214418939,0.1711493488928742,4.1004691221289e-06,0.9999867014579168,0.3658281095504544,0.4000000000000001,1.4142135623730951,96
4.0,10.0,2.5,0.0054764768400905,1.0,0.9999925148067466,7.485193253442546e-06,1.000007485249282,0.999996001150758,0.8583871984957379,2.9991798580048604e-05,0.2495807214418939,0.1711493488928742,7.4853747269485e-06,0.9999757562563568,0.3658281095504544,0.4000000000000001,1.4142135623730951,96
4.0,10.0,2.5,0.0073993105605927,1.0,0.999986336109867,1.366389013301994e-05,1.0000136640768376,0.9999927002175156,0.858388713831429,5.474979677209931e-05,0.2495807214418939,0.1711493488928742,1.366449377717762e-05,0.9999558238916476,0.3658281095504544,0.4000000000000001,1.4142135623730951,96
4.0,10.0,2.5,0.0099972661933495,1.0,0.9999750575787618,2.4942421238183243e-05,1.000024943043378,0.9999866745889604,0.8583914798978781,9.99453313406894e-05,0.2495807214418939,0.1711493488928742,2.4944427900758392e-05,0.9999195546763736,0.3658281095504544,0.4000000000000001,1.4142135623730951,96
4.0,10.0,2.5,0.0135073843059079,1.0,0.9999544708043504,4.5529195649707255e-05,1.0000455312686518,0.999975675512756,0.8583965287763001,0.0001824494307874,0.2495807214418939,0.1711493488928742,4.553586056260432e-05,0.999853633755578,0.3658281095504544,0.4000000000000001,1.4142135623730951,96
4.0,10.0,2.5,0.0182499322573664,1.0,0.9999168967493256,8.310325067450997e-05,1.0000831101573988,0.9999555989776768,0.858405743628182,0.0003330600273984,0.2495807214418939,0.1711493488928742,8.31253619215657e-05,0.9997340011935636,0.3658281095504544,0.4000000000000001,1.4142135623730951,96
4.0,10.0,2.5,0.024657625773836,1.0,0.9998483285353652,0.0001516714646346,1.0001516944723574,0.9999189566692936,0.8584225591985263,0.0006079985088025,0.2495807214418939,0.1711493488928742,0.0001517447064625,0.9995173352035952,0.3658281095504544,0.4000000000000001,1.4142135623730951,96
4.0,10.0,2.5,0.0333151104468964,1.0,0.9997232333143884,0.0002767666856116,1.000276843306616,0.9998520903215784,0.858453235885009,0.0011098965840889,0.2495807214418939,0.1711493488928742,0.0002770087901828,0.9991260040122276,0.3658281095504544,0.4000000000000001,1.4142135623730951,96
4.0,10.0,2.5,0.0450123054940112,1.0,0.9994951206612032,0.0005048793387968,1.000505134370704,0.9997301048153222,0.8585091702518441,0.0020261076458861,0.2495807214418939,0.1711493488928742,0.0005056774079792,0.998421782010066,0.3658281095504544,0.4000000000000001,1.4142135623730951,96
4.0,10.0,2.5,0.0608164769291628,1.0,0.9990795108183522,0.0009204891816477,1.0009213372626309,0.9995076776651352,0.8586110634479189,0.0036986438660754,0.2495807214418939,0.1711493488928742,0.0009231102044517,0.9971606610009104,0.3658281095504544,0.4000000000000001,1.4142135623730951,96
4.0,10.0,2.5,0.0821696161856783,1.0,0.998323435270016,0.001676564729984,1.0016793803197963,0.99910247069701,0.8587963726611605,0.0067518458241016,0.2495807214418939,0.1711493488928742,0.0016851305518437,0.994916820034889,0.3658281095504544,0.4000000000000001,1.4142135623730951,96
4.0,10.0,2.5,0.1110200091328213,1.0,0.9969516206571644,0.0030483793428355,1.0030577003734906,0.9983654433233172,0.8591324158740069,0.0123254424278517,0.2495807214418939,0.1711493488928742,0.0030761928132337,0.9909584762442116,0.3658281095504544,0.4000000000000001,1.4142135623730951,96
4.0,10.0,2.5,0.15,1.0,0.9944739819311832,0.0055260180688169,1.0055567246295232,0.9970284976003584,0.8597387558088933,0.0225,0.2495807214418939,0.1711493488928742,0.0056155662324426,0.9840535825028024,0.3658281095504544,0.4000000000000001,1.4142135623730951,96
4.0,15.0,2.5,0.003,1.0,0.9999978122902384,2.187709761458656e-06,1.0000021877145475,0.999998800005165,0.8583858992753682,9e-06,0.2430806728829407,0.164649300333921,2.187726055946467e-06,0.999992551860976,0.3528280124325481,0.4000000000000001,1.4142135623730951,96
4.0,15.0,2.5,0.0040533233920169,1.0,0.9999960063772172,3.993622782694217e-06,1.0000039936387315,0.99999780942646,0.8583863421801993,1.6429430520271774e-05,0.2430806728829407,0.164649300333921,3.993677025951186e-06,0.99998641771565,0.3528280124325481,0.4000000000000001,1.4142135623730951,96
4.0,15.0,2.5,0.0054764768400905,1.0,0.9999927097539416,7.290246058389016e-06,1.0000072902992063,0.999996001150758,0.8583871506845376,2.9991798580048604e-05,0.2430806728829407,0.164649300333921,7.290426579807842e-06,0.999975238565693,0.3528280124325481,0.4000000000000001,1.4142135623730951,96
4.0,15.0,2.5,0.0073993105605927,1.0,0.9999866919830376,1.3308016962532143e-05,1.0000133081940683,0.9999927002175156,0.8583886265530686,5.474979677209931e-05,0.2430806728829407,0.164649300333921,1.330861743956616e-05,0.9999548805849486,0.3528280124325481,0.4000000000000001,1.4142135623730951,96
4.0,15.0,2.5,0.0099972661933495,1.0,0.9999757072177116,2.4292782288437564e-05,1.000024293372442,0.9999866745889604,0.8583913205739634,9.99453313406894e-05,0.2430806728829407,0.164649300333921,2.429477839380325e-05,0.999917838091242,0.3528280124325481,0.4000000000000001,1.4142135623730951,96
4.0,15.0,2.5,0.0135073843059079,1.0,0.9999556566993226,4.434330067737413e-05,1.0000443452670928,0.999975675512756,0.8583962379385817,0.0001824494307874,0.2430806728829407,0.164649300333921,4.434993040293228e-05,0.9998505132815786,0.3528280124325481,0.4000000000000001,1.4142135623730951,96
4.0,15.0,2.5,0.0182499322573664,1.0,0.9999190615383864,8.093846161350005e-05,1.0000809450131782,0.9999555989776768,0.8584052127290303,0.0003330600273984,0.2430806728829407,0.164649300333921,8.096045557042941e-05,0.999728337040912,0.3528280124325481,0.4000000000000001,1.4142135623730951,96
4.0,15.0,2.5,0.024657625773836,1.0,0.9998522801641224,0.0001477198358775,1.000147741660251,0.9999189566692936,0.8584215901224231,0.0006079985088025,0.2430806728829407,0.164649300333921,0.0001477926866315,0.9995070747029032,0.3528280124325481,0.4000000000000001,1.4142135623730951,96
4.0,15.0,2.5,0.0333151104468964,1.0,0.9997304463915464,0.0002695536084535,1.0002696262871922,0.9998520903215784,0.8584514670981596,0.0011098965840889,0.2430806728829407,0.164649300333921,0.0002697944084908,0.9991074683921048,0.3528280124325481,0.4000000000000001,1.4142135623730951,96
4.0,15.0,2.5,0.0450123054940112,1.0,0.9995082861041038,0.0004917138958961,1.000491955797398,0.9997301048153222,0.8585059421928591,0.0020261076458861,0.2430806728829407,0.164649300333921,0.0004925076098952,0.9983884228727744,0.3528280124325481,0.4000000000000001,1.4142135623730951,96
4.0,15.0,2.5,0.0608164769291628,1.0,0.9991035376219932,0.0008964623780068,1.0008972667438858,0.9995076776651352,0.8586051734822826,0.0036986438660754,0.2430806728829407,0.164649300333921,0.0008990688397199,0.9971009319888215,0.3528280124325481,0.4000000000000001,1.4142135623730951,96
4.0,15.0,2.5,0.0821696161856783,1.0,0.998367273784554,0.0016327262154459,1.0016353963699718,0.99910247069701,0.8587856300453781,0.0067518458241016,0.2430806728829407,0.164649300333921,0.0016412432261245,0.9948106346804824,0.3528280124325481,0.4000000000000001,1.4142135623730951,96
4.0,15.0,2.5,0.1110200091328213,1.0,0.9970315722482394,0.0029684277517606,1.002977265549442,0.9983654433233172,0.8591128370932954,0.0123254424278517,0.2430806728829407,0.164649300333921,0.0029960768389421,0.9907715693996482,0.3528280124325481,0.4000000000000001,1.4142135623730951,96
4.0,15.0,2.5,0.15,1.0,0.9946196749350572,0.0053803250649426,1.005409429554361,0.9970284976003584,0.8597031221255019,0.0225,0.2430806728829407,0.164649300333921,0.0054693151398661,0.9837292105779696,0.3528280124325481,0.4000000000000001,1.4142135623730951,96
4.0,20.0,2.5,0.003,1.0,0.9999978916867474,2.1083132526467097e-06,1.0000021083176975,0.999998800005165,0.8583858798031606,9e-06,0.2342588234124589,0.1558274508634392,2.10832941071213e-06,0.9999923360811936,0.3351843134915844,0.4000000000000001,1.4142135623730951,96
4.0,20.0,2.5,0.0040533233920169,1.0,0.9999961513147236,3.848685276475194e-06,1.0000038487000888,0.99999780942646,0.8583863066339165,1.6429430520271774e-05,0.2342588234124589,0.1558274508634392,3.848739063015609e-06,0.9999860248929496,0.3351843134915844,0.4000000000000001,1.4142135623730951,96
4.0,20.0,2.5,0.0054764768400905,1.0,0.99999297433555,7.0256644499888665e-06,1.0000070257138105,0.999996001150758,0.858387085795347,2.9991798580048604e-05,0.2342588234124589,0.1558274508634392,7.0258434473856425e-06,0.9999745230023817,0.3351843134915844,0.4000000000000001,1.4142135623730951,96
4.0,20.0,2.5,0.0073993105605927,1.0,0.999987174972424,1.2825027576046644e-05,1.0000128251920597,0.9999927002175156,0.8583885080992654,5.474979677209931e-05,0.2342588234124589,0.1558274508634392,1.2825622973903226e-05,0.9999535774708336,0.3351843134915844,0.4000000000000001,1.4142135623730951,96
4.0,20.0,2.5,0.0099972661933495,1.0,0.9999765889034544,2.341109654568907e-05,1.000023411644638,0.9999866745889604,0.8583911043405031,9.99453313406894e-05,0.2342588234124589,0.1558274508634392,2.3413075725438257e-05,0.9999154669052288,0.3351843134915844,0.4000000000000001,1.4142135623730951,96
4.0,20.0,2.5,0.0135073843059079,1.0,0.9999572661843302,4.273381566977097e-05,1.0000427356419268,0.999975675512756,0.858395843216212,0.0001824494307874,0.2342588234124589,0.1558274508634392,4.274038898854996e-05,0.9998462035808624,0.3351843134915844,0.4000000000000001,1.4142135623730951,96
4.0,20.0,2.5,0.0182499322573664,1.0,0.999921999555786,7.800044421391039e-05,1.0000780065287578,0.9999555989776768,0.8584044922001974,0.0003330600273984,0.2342588234124589,0.1558274508634392,7.80222501440856e-05,0.9997205165175967,0.3351843134915844,0.4000000000000001,1.4142135623730951,96
4.0,20.0,2.5,0.024657625773836,1.0,0.9998576432085732,0.0001423567914267,1.0001423770597682,0.9999189566692936,0.8584202749152915,0.0006079985088025,0.2342588234124589,0.1558274508634392,0.0001424290153086,0.9994929131417182,0.3351843134915844,0.4000000000000001,1.4142135623730951,96
4.0,20.0,2.5,0.0333151104468964,1.0,0.9997402356413824,0.0002597643586177,1.0002598318536726,0.9998520903215784,0.8584490665734402,0.0011098965840889,0.2342588234124589,0.1558274508634392,0.0002600030678981,0.9990818982161894,0.3351843134915844,0.4000000000000001,1.4142135623730951,96
4.0,20.0,2.5,0.0450123054940112,1.0,0.999526153142892,0.0004738468571079,1.0004740714943956,0.9997301048153222,0.8585015613069654,0.0020261076458861,0.2342588234124589,0.1558274508634392,0.0004746335932322,0.9983424348053648,0.3351843134915844,0.4000000000000001,1.4142135623730951,96
4.0,20.0,2.5,0.0608164769291628,1.0,0.9991361431843572,0.0008638568156429,1.0008646037094502,0.9995076776651352,0.8585971803938199,0.0036986438660754,0.2342588234124589,0.1558274508634392,0.0008664399602885,0.9970186686164232,0.3351843134915844,0.4000000000000001,1.4142135623730951,96
4.0,20.0,2.5,0.0821696161856783,1.0,0.9984267594661106,0.0015732405338894,1.001575719519708,0.99910247069701,0.8587710527175969,0.0067518458241016,0.2342588234124589,0.1558274508634392,0.0015816794586163,0.99466457967763,0.3351843134915844,0.4000000000000001,1.4142135623730951,96
4.0,20.0,2.5,0.1110200091328213,1.0,0.9971400429344622,0.0028599570655377,1.0028681598796507,0.9983654433233172,0.8590862732121475,0.0123254424278517,0.2342588234124589,0.1558274508634392,0.0028873436411865,0.9905149580194998,0.3351843134915844,0.4000000000000001,1.4142135623730951,96
4.0,20.0,2.5,0.15,1.0,0.994817278082017,0.0051827219179829,1.005209722460767,0.9970284976003584,0.8596547880238389,0.0225,0.2342588234124589,0.1558274508634392,0.0052708235267803,0.9832850391689788,0.3351843134915844,0.4000000000000001,1.4142135623730951,96
4.0,25.0,2.5,0.003,1.0,0.9999979895669696,2.0104330302750384e-06,1.0000020104370722,0.999998800005165,0.8583858557977707,9e-06,0.2233832204625377,0.1449518479135181,2.01044898416284e-06,0.9999920645149778,0.3134331075917422,0.4000000000000001,1.4142135623730951,96
4.0,25.0,2.5,0.0040533233920169,1.0,0.9999963299940112,3.670005988887226e-06,1.000003670019458,0.99999780942646,0.8583862628123745,1.6429430520271774e-05,0.2233832204625377,0.1449518479135181,3.6700590999838167e-06,0.9999855285445972,0.3134331075917422,0.4000000000000001,1.4142135623730951,96
4.0,25.0,2.5,0.0054764768400905,1.0,0.9999933005121946,6.699487805406079e-06,1.0000066995326888,0.999996001150758,0.8583870057998337,2.9991798580048604e-05,0.2233832204625377,0.1449518479135181,6.699664554275024e-06,0.9999736182509568,0.3134331075917422,0.4000000000000001,1.4142135623730951,96
4.0,25.0,2.5,0.0073993105605927,1.0,0.9999877704019798,1.2229598020163657e-05,1.000012229747585,0.9999927002175156,0.8583883620693186,5.474979677209931e-05,0.2233832204625377,0.1449518479135181,1.2230185922621e-05,0.99995193021095,0.3134331075917422,0.4000000000000001,1.4142135623730951,96
4.0,25.0,2.5,0.0099972661933495,1.0,0.9999776758442144,2.232415578551361e-05,1.0000223246541646,0.9999866745889604,0.8583908377681119,9.99453313406894e-05,0.2233832204625377,0.1449518479135181,2.2326109985078607e-05,0.999912470216876,0.3134331075917422,0.4000000000000001,1.4142135623730951,96
4.0,25.0,2.5,0.0135073843059079,1.0,0.9999592503486386,4.074965136136033e-05,1.0000407513119631,0.999975675512756,0.8583953566041971,0.0001824494307874,0.2233832204625377,0.1449518479135181,4.0756141420866114e-05,0.99984075873526,0.3134331075917422,0.4000000000000001,1.4142135623730951,96
4.0,25.0,2.5,0.0182499322573664,1.0,0.9999256215068972,7.437849310265587e-05,1.0000743840256745,0.9999555989776768,0.8584036039398059,0.0003330600273984,0.2233832204625377,0.1449518479135181,7.440002152761005e-05,0.999710639533267,0.3134331075917422,0.4000000000000001,1.4142135623730951,96
4.0,25.0,2.5,0.024657625773836,1.0,0.9998642546338404,0.0001357453661595,1.0001357637954658,0.9999189566692936,0.8584186535564191,0.0006079985088025,0.2233832204625377,0.1449518479135181,0.0001358166649327,0.9994750366370704,0.3134331075917422,0.4000000000000001,1.4142135623730951,96
4.0,25.0,2.5,0.0333151104468964,1.0,0.9997523033510242,0.0002476966489758,1.0002477580178066,0.9998520903215784,0.8584461073074908,0.0011098965840889,0.2233832204625377,0.1449518479135181,0.0002479322733341,0.9990496422464676,0.3134331075917422,0.4000000000000001,1.4142135623730951,96
4.0,25.0,2.5,0.0450123054940112,1.0,0.9995481779924636,0.0004518220075364,1.000452026242941,0.9997301048153222,0.8584961608980128,0.0020261076458861,0.2233832204625377,0.1449518479135181,0.0004525984509418,0.998284476220033,0.3134331075917422,0.4000000000000001,1.4142135623730951,96
4.0,25.0,2.5,0.0608164769291628,1.0,0.9991763337917487,0.0008236662082512,1.000824345193531,0.9995076776651352,0.8585873276902931,0.0036986438660754,0.2233832204625377,0.1449518479135181,0.0008262149781479,0.9969151250411882,0.3134331075917422,0.4000000000000001,1.4142135623730951,96
4.0,25.0,2.5,0.0821696161856783,1.0,0.998500074859042,0.0014999251409578,1.00150217829595,0.99910247069701,0.858753085736154,0.0067518458241016,0.2233832204625377,0.1449518479135181,0.0015082490642543,0.9944810684827988,0.3134331075917422,0.4000000000000001,1.4142135623730951,96
4.0,25.0,2.5,0.1110200091328213,1.0,0.9972737036328811,0.0027262963671187,1.002733749378117,0.9983654433233172,0.8590535384383735,0.0123254424278517,0.2233832204625377,0.1449518479135181,0.0027532970231591,0.9901933370016864,0.3134331075917422,0.4000000000000001,1.4142135623730951,96
4.0,25.0,2.5,0.15,1.0,0.9950606772040947,0.0049393227959051,1.004963840807963,0.9970284976003584,0.8595952454910267,0.0225,0.2233832204625377,0.1449518479135181,0.0050261224604071,0.9827302925494328,0.3134331075917422,0.4000000000000001,1.4142135623730951,96
4.0,30.0,2.5,0.003,1.0,0.9999981029568502,1.8970431497900009e-06,1.0000018970467486,0.999998800005165,0.858385827988594,9e-06,0.2107843137254902,0.1323529411764706,1.8970588235294128e-06,0.9999917378737984,0.2882352941176471,0.4000000000000001,1.4142135623730951,96
4.0,30.0,2.5,0.0040533233920169,1.0,0.9999965369859386,3.463014061400038e-06,1.000003463026054,0.99999780942646,0.8583862120470819,1.6429430520271774e-05,0.2107843137254902,0.1323529411764706,3.4630662371161106e-06,0.9999849336649952,0.2882352941176471,0.4000000000000001,1.4142135623730951,96
4.0,30.0,2.5,0.0054764768400905,1.0,0.9999936783729482,6.321627051830703e-06,1.000006321667015,0.999996001150758,0.8583869131286663,2.9991798580048604e-05,0.2107843137254902,0.1323529411764706,6.321800681088679e-06,0.999972534841458,0.2882352941176471,0.4000000000000001,1.4142135623730951,96
4.0,30.0,2.5,0.0073993105605927,1.0,0.999988460179174,1.153982082613414e-05,1.000011539953995,0.9999927002175156,0.8583881929004249,5.474979677209931e-05,0.2107843137254902,0.1323529411764706,1.1540398339217015e-05,0.9999499572661272,0.2882352941176471,0.4000000000000001,1.4142135623730951,96
4.0,30.0,2.5,0.0099972661933495,1.0,0.999978935011501,2.1064988498964432e-05,1.000021065432242,0.9999866745889604,0.8583905289569567,9.99453313406894e-05,0.2107843137254902,0.1323529411764706,2.106690807671395e-05,0.999908881847183,0.2882352941176471,0.4000000000000001,1.4142135623730951,96
4.0,30.0,2.5,0.0135073843059079,1.0,0.999961548896616,3.845110338385194e-05,1.000038452581928,0.999975675512756,0.8583947928896626,0.0001824494307874,0.2107843137254902,0.1323529411764706,3.845747805814714e-05,0.9998342409690628,0.2882352941176471,0.4000000000000001,1.4142135623730951,96
4.0,30.0,2.5,0.0182499322573664,1.0,0.9999298173145436,7.018268545633255e-05,1.0000701876114113,0.9999555989776768,0.85840257494275,0.0003330600273984,0.2107843137254902,0.1323529411764706,7.02038293045783e-05,0.999698822009352,0.2882352941176471,0.4000000000000001,1.4142135623730951,96
4.0,30.0,2.5,0.024657625773836,1.0,0.9998719134684212,0.0001280865315786,1.00012810293984,0.9999189566692936,0.8584167753284706,0.0006079985088025,0.2107843137254902,0.1323529411764706,0.000128156548424,0.9994536615863244,0.2882352941176471,0.4000000000000001,1.4142135623730951,96
4.0,30.0,2.5,0.0333151104468964,1.0,0.9997662825604884,0.0002337174395117,1.0002337720761227,0.9998520903215784,0.8584426792777053,0.0011098965840889,0.2107843137254902,0.1323529411764706,0.0002339487897834,0.999011107208828,0.2882352941176471,0.4000000000000001,1.4142135623730951,96
4.0,30.0,2.5,0.0450123054940112,1.0,0.9995736904775976,0.0004263095224023,1.0004264913397216,0.9997301048153222,0.8584899052597204,0.0020261076458861,0.2107843137254902,0.1323529411764706,0.000427071709672,0.9982153178201068,0.2882352941176471,0.4000000000000001,1.4142135623730951,96
4.0,30.0,2.5,0.0608164769291628,1.0,0.9992228850748952,0.0007771149251049,1.0007777193023824,0.9995076776651352,0.8585759154228974,0.0036986438660754,0.2107843137254902,0.1323529411764706,0.0007796161090256,0.9967917749622716,0.2882352941176471,0.4000000000000001,1.4142135623730951,96
4.0,30.0,2.5,0.0821696161856783,1.0,0.9985849816888872,0.0014150183111129,1.0014170234252069,0.99910247069701,0.8587322772818146,0.0067518458241016,0.2107843137254902,0.1323529411764706,0.0014231831884135,0.9942629470561768,0.2882352941176471,0.4000000000000001,1.4142135623730951,96
4.0,30.0,2.5,0.1110200091328213,1.0,0.9974284579387968,0.0025715420612032,1.002578171938785,0.9983654433233172,0.8590156348883838,0.0123254424278517,0.2107843137254902,0.1323529411764706,0.0025980099235177,0.9898122551130656,0.2882352941176471,0.4000000000000001,1.4142135623730951,96
4.0,30.0,2.5,0.15,1.0,0.9953423607851224,0.0046576392148777,1.004679434331725,0.9970284976003584,0.8595263283034691,0.0225,0.2107843137254902,0.1323529411764706,0.0047426470588235,0.9820758654625882,0.2882352941176471,0.4000000000000001,1.4142135623730951,96
4.0,35.0,2.5,0.003,1.0,0.999998228411074,1.7715889260028206e-06,1.0000017715920646,0.999998800005165,0.8583857972206025,9e-06,0.1968449146071668,0.1184135420581472,1.771604231464502e-06,0.9999913606767192,0.2603564958810004,0.4000000000000001,1.4142135623730951,96
4.0,35.0,2.5,0.0040533233920169,1.0,0.9999967660011012,3.2339988987883928e-06,1.0000032340093576,0.99999780942646,0.8583861558805294,1.6429430520271774e-05,0.1968449146071668,0.1184135420581472,3.2340498478072787e-06,0.9999842460625892,0.2603564958810004,0.4000000000000001,1.4142135623730951,96
4.0,35.0,2.5,0.0054764768400905,1.0,0.9999940964365116,5.903563488507402e-06,1.0000059035983409,0.999996001150758,0.8583868105976534,2.9991798580048604e-05,0.1968449146071668,0.1184135420581472,5.903733030405016e-06,0.9999712822553558,0.2603564958810004,0.4000000000000001,1.4142135623730951,96
4.0,35.0,2.5,0.0073993105605927,1.0,0.9999892233448172,1.0776655182898054e-05,1.0000107767713204,0.9999927002175156,0.8583880057328358,5.474979677209931e-05,0.1968449146071668,0.1184135420581472,1.077721907036363e-05,0.999947677832111,0.2603564958810004,0.4000000000000001,1.4142135623730951,96
4.0,35.0,2.5,0.0099972661933495,1.0,0.99998032814395,1.967185605000754e-05,1.0000196722430394,0.9999866745889604,0.8583901872905785,9.99453313406894e-05,0.1968449146071668,0.1184135420581472,1.9673730213143007e-05,0.9999047377840826,0.2603564958810004,0.4000000000000001,1.4142135623730951,96
4.0,35.0,2.5,0.0135073843059079,1.0,0.999964091980703,3.590801929698184e-05,1.0000359093087292,0.999975675512756,0.8583941692023556,0.0001824494307874,0.1968449146071668,0.1184135420581472,3.5914242623489417e-05,0.999826717033328,0.2603564958810004,0.4000000000000001,1.4142135623730951,96
4.0,35.0,2.5,0.0182499322573664,1.0,0.9999344594667898,6.554053321017328e-05,1.0000655448290532,0.9999555989776768,0.8584014364798002,0.0003330600273984,0.1968449146071668,0.1184135420581472,6.556117265231138e-05,0.9996851880266456,0.2603564958810004,0.4000000000000001,1.4142135623730951,96
4.0,35.0,2.5,0.024657625773836,1.0,0.9998803869210736,0.0001196130789264,1.0001196273879267,0.9999189566692936,0.8584146973178243,0.0006079985088025,0.1968449146071668,0.1184135420581472,0.0001196814145465,0.9994290206187376,0.2603564958810004,0.4000000000000001,1.4142135623730951,96
4.0,35.0,2.5,0.0333151104468964,1.0,0.9997817482474152,0.0002182517525847,1.0002182993968107,0.9998520903215784,0.8584388867008734,0.0011098965840889,0.1968449146071668,0.1184135420581472,0.0002184774983177,0.9989667323418344,0.2603564958810004,0.4000000000000001,1.4142135623730951,96
4.0,35.0,2.5,0.0450123054940112,1.0,0.999601914512114,0.0003980854878861,1.0003982440230523,0.9997301048153222,0.8584829846588994,0.0020261076458861,0.1968449146071668,0.1184135420581472,0.0003988289865393,0.9981357958464,0.2603564958810004,0.4000000000000001,1.4142135623730951,96
4.0,35.0,2.5,0.0608164769291628,1.0,0.999274379598208,0.0007256204017919,1.000726147309094,0.9995076776651352,0.8585632909867382,0.0036986438660754,0.1968449146071668,0.1184135420581472,0.0007280592359799,0.996650225603229,0.2603564958810004,0.4000000000000001,1.4142135623730951,96
4.0,35.0,2.5,0.0821696161856783,1.0,0.998678890162814,0.0013211098371859,1.0013228574772122,0.99910247069701,0.858709261726276,0.0067518458241016,0.1968449146071668,0.1184135420581472,0.001329066514686,0.9940133338608612,0.2603564958810004,0.4000000000000001,1.4142135623730951,96
4.0,35.0,2.5,0.1110200091328213,1.0,0.9975995708985528,0.0024004291014473,1.002406205026016,0.9983654433233172,0.8589737212215437,0.0123254424278517,0.1968449146071668,0.1184135420581472,0.002426200662206,0.989377811505804,0.2603564958810004,0.4000000000000001,1.4142135623730951,96
4.0,35.0,2.5,0.15,1.0,0.99565366253288,0.0043463374671198,1.0043653105800496,0.9970284976003584,0.8594501532608988,0.0225,0.1968449146071668,0.1184135420581472,0.0044290105786612,0.9813337290410428,0.2603564958810004,0.4000000000000001,1.4142135623730951,96
4.0,40.0,2.5,0.003,1.0,0.9999983621177656,1.6378822345064492e-06,1.0000016378849172,0.999998800005165,0.8583857644286688,9e-06,0.1819885646961017,0.1035571921470821,1.6378970822649155e-06,0.9999909348648172,0.2306437960588701,0.4000000000000001,1.4142135623730951,96
4.0,40.0,2.5,0.0040533233920169,1.0,0.9999970100809404,2.989919059559476e-06,1.0000029899279992,0.99999780942646,0.8583860960193195,1.6429430520271774e-05,0.1819885646961017,0.1035571921470821,2.989968479158588e-06,0.999983471531738,0.2306437960588701,0.4000000000000001,1.4142135623730951,96
4.0,40.0,2.5,0.0054764768400905,1.0,0.9999945420000662,5.457999933788926e-06,1.0000054580297235,0.999996001150758,0.8583867013221825,2.9991798580048604e-05,0.1819885646961017,0.1035571921470821,5.458164376237628e-06,0.9999698722065944,0.2306437960588701,0.4000000000000001,1.4142135623730951,96
4.0,40.0,2.5,0.0073993105605927,1.0,0.9999900367099638,9.963290036218986e-06,1.0000099633893045,0.9999927002175156,0.8583878062536596,5.474979677209931e-05,0.1819885646961017,0.1035571921470821,9.963836931957615e-06,0.9999451119340506,0.2306437960588701,0.4000000000000001,1.4142135623730951,96
4.0,40.0,2.5,0.0099972661933495,1.0,0.9999818129101437,1.818708985645845e-05,1.0000181874206326,0.9999866745889604,0.8583898231507199,9.99453313406894e-05,0.1819885646961017,0.1035571921470821,1.8188907398768377e-05,0.9999000741347416,0.2306437960588701,0.4000000000000001,1.4142135623730951,96
4.0,40.0,2.5,0.0135073843059079,1.0,0.9999668023245966,3.319767540344021e-05,1.0000331987775255,0.999975675512756,0.8583935044939751,0.0001824494307874,0.1819885646961017,0.1035571921470821,3.320371003863582e-05,0.9998182541894088,0.2306437960588701,0.4000000000000001,1.4142135623730951,96
4.0,40.0,2.5,0.0182499322573664,1.0,0.99993940689426,6.059310574002552e-05,1.000060596777487,0.9999555989776768,0.858400223146829,0.0003330600273984,0.1819885646961017,0.1035571921470821,6.061311634389085e-05,0.9996698634706092,0.2306437960588701,0.4000000000000001,1.4142135623730951,96
4.0,40.0,2.5,0.024657625773836,1.0,0.9998894174638732,0.0001105825361268,1.0001105947659763,0.9999189566692936,0.8584124826779372,0.0006079985088025,0.1819885646961017,0.1035571921470821,0.0001106487759543,0.9994013505622796,0.2306437960588701,0.4000000000000001,1.4142135623730951,96
4.0,40.0,2.5,0.0333151104468964,1.0,0.9997982302739044,0.0002017697260956,1.0002018104453338,0.9998520903215784,0.8584348448596258,0.0011098965840889,0.1819885646961017,0.1035571921470821,0.0002019884862994,0.9989169669627772,0.2306437960588701,0.4000000000000001,1.4142135623730951,96
4.0,40.0,2.5,0.0450123054940112,1.0,0.9996319917887896,0.0003680082112103,1.0003681436911116,0.9997301048153222,0.8584756095310645,0.0020261076458861,0.1819885646961017,0.1035571921470821,0.0003687284223946,0.9980467706295968,0.2306437960588701,0.4000000000000001,1.4142135623730951,96
4.0,40.0,2.5,0.0608164769291628,1.0,0.9993292502901144,0.0006707497098855,1.0006711999170352,0.9995076776651352,0.8585498384881779,0.0036986438660754,0.1819885646961017,0.1035571921470821,0.0006731108885091,0.9964921402047628,0.2306437960588701,0.4000000000000001,1.4142135623730951,96
4.0,40.0,2.5,0.0821696161856783,1.0,0.9987789388617472,0.0012210611382528,1.0012225539513722,0.99910247069701,0.858684740100941,0.0067518458241016,0.1819885646961017,0.1035571921470821,0.0012287587305776,0.9937354729343864,0.2306437960588701,0.4000000000000001,1.4142135623730951,96
4.0,40.0,2.5,0.1110200091328213,1.0,0.9977818168565163,0.0022181831434836,1.0022231144184126,0.9983654433233172,0.8589290765888411,0.0123254424278517,0.1819885646961017,0.1035571921470821,0.0022430895766891,0.9888963715652044,0.2306437960588701,0.4000000000000001,1.4142135623730951,96
4.0,40.0,2.5,0.15,1.0,0.9959850377558768,0.0040149622441231,1.0040311471477217,0.9970284976003584,0.8593690530996986,0.0225,0.1819885646961017,0.1035571921470821,0.0040947427056622,0.9805163676269952,0.2306437960588701,0.4000000000000001,1.4142135623730951,96
4.0,45.0,2.5,0.003,1.0,0.9999985000143,1.499985699870976e-06,1.0000014999879498,0.999998800005165,0.8583857306091613,9e-06,0.1666666666666667,0.088235294117647,1.5000000000000005e-06,0.9999904665806504,0.2,0.4000000000000001,1.4142135623730951,96
4.0,45.0,2.5,0.0040533233920169,1.0,0.9999972618091796,2.7381908205281742e-06,1.0000027381983183,0.99999780942646,0.8583860342823114,1.6429430520271774e-05,0.1666666666666667,0.088235294117647,2.7382384200452963e-06,0.9999826167375444,0.2,0.4000000000000001,1.4142135623730951,96
4.0,45.0,2.5,0.0054764768400905,1.0,0.9999950015252876,4.998474712469836e-06,1.0000049984996973,0.999996001150758,0.8583865886225561,2.9991798580048604e-05,0.1666666666666667,0.088235294117647,4.998633096674769e-06,0.9999683144968096,0.2,0.4000000000000001,1.4142135623730951,96
4.0,45.0,2.5,0.0073993105605927,1.0,0.9999908755605794,9.124439420582496e-06,1.0000091245226768,0.9999927002175156,0.8583876005240443,5.474979677209931e-05,0.1666666666666667,0.088235294117647,9.12496612868322e-06,0.999942278350046,0.2,0.4000000000000001,1.4142135623730951,96
4.0,45.0,2.5,0.0099972661933495,1.0,0.9999833441950398,1.665580496024166e-05,1.0000166560823809,0.9999866745889604,0.8583894476018364,9.99453313406894e-05,0.1666666666666667,0.088235294117647,1.6657555223448238e-05,0.9998949267654768,0.2,0.4000000000000001,1.4142135623730951,96
4.0,45.0,2.5,0.0135073843059079,1.0,0.999969597571968,3.0402428031872653e-05,1.0000304033523677,0.999975675512756,0.8583928189621819,0.0001824494307874,0.1666666666666667,0.088235294117647,3.0408238464581456e-05,0.9998089191284272,0.2,0.4000000000000001,1.4142135623730951,96
4.0,45.0,2.5,0.0182499322573664,1.0,0.999944509258881,5.549074111899088e-05,1.0000554938205122,0.9999555989776768,0.8583989718131169,0.0003330600273984,0.1666666666666667,0.088235294117647,5.551000456641075e-05,0.9996529734131652,0.2,0.4000000000000001,1.4142135623730951,96
4.0,45.0,2.5,0.024657625773836,1.0,0.9998987306650808,0.0001012693349192,1.000101279591436,0.9999189566692936,0.8584101987087518,0.0006079985088025,0.1666666666666667,0.088235294117647,0.0001013330848004,0.9993708877877804,0.2,0.4000000000000001,1.4142135623730951,96
4.0,45.0,2.5,0.0333151104468964,1.0,0.9998152276980296,0.0001847723019703,1.0001848064490833,0.9998520903215784,0.8584306765939526,0.0011098965840889,0.1666666666666667,0.088235294117647,0.0001849827640148,0.9988622613268742,0.2,0.4000000000000001,1.4142135623730951,96
4.0,45.0,2.5,0.0450123054940112,1.0,0.9996630079470252,0.0003369920529747,1.0003371056549015,0.9997301048153222,0.8584680040675978,0.0020261076458861,0.1666666666666667,0.088235294117647,0.0003376846076476,0.9979491079627476,0.2,0.4000000000000001,1.4142135623730951,96
4.0,45.0,2.5,0.0608164769291628,1.0,0.9993858283509428,0.0006141716490571,1.000614549087684,0.9995076776651352,0.8585359670114823,0.0036986438660754,0.1666666666666667,0.088235294117647,0.0006164406443459,0.9963191990834508,0.2,0.4000000000000001,1.4142135623730951,96
4.0,45.0,2.5,0.0821696161856783,1.0,0.998882082650782,0.001117917349218,1.0011191684870864,0.99910247069701,0.8586594585904948,0.0067518458241016,0.1666666666666667,0.088235294117647,0.0011253076373502,0.993432650870818,0.2,0.4000000000000001,1.4142135623730951,96
4.0,45.0,2.5,0.1110200091328213,1.0,0.997969641399854,0.0020303586001461,1.0020344893430808,0.9983654433233172,0.8588830610942833,0.0123254424278517,0.1666666666666667,0.088235294117647,0.0020542404046419,0.9883743867359036,0.2,0.4000000000000001,1.4142135623730951,96
4.0,45.0,2.5,0.15,1.0,0.9963263635566274,0.0036736364433725,1.0036871818088389,0.9970284976003584,0.85928550346123,0.0225,0.1666666666666667,0.088235294117647,0.00375,0.9796363848993588,0.2,0.4000000000000001,1.4142135623730951,96
4.0,50.0,2.5,0.003,1.0,0.9999986379107652,1.3620892348464864e-06,1.00000136209109,0.999998800005165,0.8583856967896696,9e-06,0.1513447686372316,0.072913396088212,1.3621029177350852e-06,0.9999899545853542,0.1693562039411299,0.4000000000000001,1.4142135623730951,96
4.0,50.0,2.5,0.0040533233920169,1.0,0.9999975135371768,2.4864628230814034e-06,1.0000024864690056,0.99999780942646,0.8583859725453554,1.6429430520271774e-05,0.1513447686372316,0.072913396088212,2.4865083609320044e-06,0.9999816860255464,0.1693562039411299,0.4000000000000001,1.4142135623730951,96
4.0,50.0,2.5,0.0054764768400905,1.0,0.9999954610496972,4.538950302834799e-06,1.000004538970905,0.999996001150758,0.8583864759231032,2.9991798580048604e-05,0.1513447686372316,0.072913396088212,4.53910181711191e-06,0.9999666202074295,0.1693562039411299,0.4000000000000001,1.4142135623730951,96
4.0,50.0,2.5,0.0073993105605927,1.0,0.9999917144084856,8.285591514334278e-06,1.000008285660166,0.9999927002175156,0.8583873947950069,5.474979677209931e-05,0.1513447686372316,0.072913396088212,8.286095325408823e-06,0.9999391980112756,0.1693562039411299,0.4000000000000001,1.4142135623730951,96
4.0,50.0,2.5,0.0099972661933495,1.0,0.999984875470918,1.5124529082033432e-05,1.0000151247578368,0.9999866745889604,0.8583890720548779,9.99453313406894e-05,0.1513447686372316,0.072913396088212,1.5126203048128098e-05,0.9998893333581904,0.1693562039411299,0.4000000000000001,1.4142135623730951,96
4.0,50.0,2.5,0.0135073843059079,1.0,0.9999723927892844,2.7607210715485664e-05,1.0000276079728947,0.999975675512756,0.8583921334368012,0.0001824494307874,0.1513447686372316,0.072913396088212,2.761276689052709e-05,0.999798782387022,0.1693562039411299,0.4000000000000001,1.4142135623730951,96
4.0,50.0,2.5,0.0182499322573664,1.0,0.9999496115233808,5.038847661920087e-05,1.0000503910157457,0.9999555989776768,0.8583977205007663,0.0003330600273984,0.1513447686372316,0.072913396088212,5.040689278893064e-05,0.9996346497728618,0.1693562039411299,0.4000000000000001,1.4142135623730951,96
4.0,50.0,2.5,0.024657625773836,1.0,0.9999080435328196,9.195646718052064e-05,1.00009196492395,0.9999189566692936,0.8584079148107084,0.0006079985088025,0.1513447686372316,0.072913396088212,9.201739364650264e-05,0.9993378809856748,0.1693562039411299,0.4000000000000001,1.4142135623730951,96
4.0,50.0,2.5,0.0333151104468964,1.0,0.999832224012014,0.000167775987986,1.0001678041414916,0.9998520903215784,0.8584265085650813,0.0011098965840889,0.1513447686372316,0.072913396088212,0.0001679770417301,0.9988030879570696,0.1693562039411299,0.4000000000000001,1.4142135623730951,96
4.0,50.0,2.5,0.0450123054940112,1.0,0.9996940204125904,0.0003059795874097,1.0003060732395732,0.9997301048153222,0.8584603993915848,0.0020261076458861,0.1513447686372316,0.072913396088212,0.0003066407929007,0.9978437132099306,0.1693562039411299,0.4000000000000001,1.4142135623730951,96
4.0,50.0,2.5,0.0608164769291628,1.0,0.9994423941475508,0.0005576058524493,1.000557916950206,0.9995076776651352,0.8585220981487647,0.0036986438660754,0.1513447686372316,0.072913396088212,0.0005597704001826,0.9961331507835336,0.1693562039411299,0.4000000000000001,1.4142135623730951,96
4.0,50.0,2.5,0.0821696161856783,1.0,0.9989851858212684,0.0010148141787315,1.001015845072715,0.99910247069701,0.8586341857293104,0.0067518458241016,0.1513447686372316,0.072913396088212,0.0010218565441229,0.9931082641375376,0.1693562039411299,0.4000000000000001,1.4142135623730951,96
4.0,50.0,2.5,0.1110200091328213,1.0,0.9981573321070536,0.0018426678929465,1.001846069586101,0.9983654433233172,0.8588370740495381,0.0123254424278517,0.1513447686372316,0.072913396088212,0.0018653912325947,0.98781845907112,0.1693562039411299,0.4000000000000001,1.4142135623730951,96
4.0,50.0,2.5,0.15,1.0,0.9966672525524096,0.0033327474475902,1.0033438917944333,0.9970284976003584,0.8592020463799218,0.0225,0.1513447686372316,0.072913396088212,0.0034052572943377,0.9787064998383485,0.1693562039411299,0.4000000000000001,1.4142135623730951,96
4.0,55.0,2.5,0.003,1.0,0.9999987716172436,1.2283827564019134e-06,1.0000012283842654,0.999998800005165,0.8583856639977809,9e-06,0.1364884187261665,0.0580570461771468,1.2283957685354987e-06,0.99998940721393,0.1396435041189996,0.4000000000000001,1.4142135623730951,96
4.0,55.0,2.5,0.0040533233920169,1.0,0.9999977576163156,2.242383684292193e-06,1.0000022423887125,0.99999780942646,0.8583859126842952,1.6429430520271774e-05,0.1364884187261665,0.0580570461771468,2.242426992283314e-06,0.9999806870006158,0.1396435041189996,0.4000000000000001,1.4142135623730951,96
4.0,55.0,2.5,0.0054764768400905,1.0,0.9999959066109132,4.093389086690102e-06,1.0000040934058425,0.999996001150758,0.8583863666481314,2.9991798580048604e-05,0.1364884187261665,0.0580570461771468,4.09353316294452e-06,0.9999648039361884,0.1396435041189996,0.4000000000000001,1.4142135623730951,96
4.0,55.0,2.5,0.0073993105605927,1.0,0.9999925277658372,7.472234162753111e-06,1.0000074722899974,0.9999927002175156,0.8583871953174939,5.474979677209931e-05,0.1364884187261665,0.0580570461771468,7.472713187002811e-06,0.9999358968773842,0.1396435041189996,0.4000000000000001,1.4142135623730951,96
4.0,55.0,2.5,0.0099972661933495,1.0,0.9999863602111384,1.3639788861596893e-05,1.000013639974908,0.9999866745889604,0.8583887079205612,9.99453313406894e-05,0.1364884187261665,0.0580570461771468,1.3641380233753468e-05,0.9998833422916664,0.1396435041189996,0.4000000000000001,1.4142135623730951,96
4.0,55.0,2.5,0.0135073843059079,1.0,0.9999751030466396,2.489695336038711e-05,1.0000248975732342,0.999975675512756,0.8583914687468852,0.0001824494307874,0.1364884187261665,0.0580570461771468,2.490223430567349e-05,0.999787932872948,0.1396435041189996,0.4000000000000001,1.4142135623730951,96
4.0,55.0,2.5,0.0182499322573664,1.0,0.9999545586625558,4.544133744421863e-05,1.0000454434024533,0.9999555989776768,0.858396507229305,0.0003330600273984,0.1364884187261665,0.0580570461771468,4.54588364805101e-05,0.9996150575411455,0.1396435041189996,0.4000000000000001,1.4142135623730951,96
4.0,55.0,2.5,0.024657625773836,1.0,0.9999170731154288,8.292688457112174e-05,1.0000829337620096,0.9999189566692936,0.8584057003756683,0.0006079985088025,0.1364884187261665,0.0580570461771468,8.298475505432624e-05,0.999302637175146,0.1396435041189996,0.4000000000000001,1.4142135623730951,96
4.0,55.0,2.5,0.0333151104468964,1.0,0.9998487028419664,0.0001512971580335,1.000151320052327,0.9998520903215784,0.8584224674056784,0.0011098965840889,0.1364884187261665,0.0580570461771468,0.0001514880297118,0.9987400213818416,0.1396435041189996,0.4000000000000001,1.4142135623730951,96
4.0,55.0,2.5,0.0450123054940112,1.0,0.9997240870566262,0.0002759129433738,1.0002759890923367,0.9997301048153222,0.8584530265311358,0.0020261076458861,0.1364884187261665,0.0580570461771468,0.000276540228756,0.9977316667993972,0.1396435041189996,0.4000000000000001,1.4142135623730951,96
4.0,55.0,2.5,0.0608164769291628,1.0,0.9994972295259787,0.0005027704740211,1.000503023379324,0.9995076776651352,0.8585086531768701,0.0036986438660754,0.1364884187261665,0.0580570461771468,0.0005048220527118,0.9959360359166084,0.1396435041189996,0.4000000000000001,1.4142135623730951,96
4.0,55.0,2.5,0.0821696161856783,1.0,0.9990851175630504,0.0009148824369497,1.00091572021329,0.99910247069701,0.858609689008702,0.0067518458241016,0.1364884187261665,0.0580570461771468,0.0009215487600145,0.992766174342527,0.1396435041189996,0.4000000000000001,1.4142135623730951,96
4.0,55.0,2.5,0.1110200091328213,1.0,0.9983391926915036,0.0016608073084962,1.001663570178006,0.9983654433233172,0.858792511336632,0.0123254424278517,0.1364884187261665,0.0580570461771468,0.0016822801470778,0.9872358723254776,0.1396435041189996,0.4000000000000001,1.4142135623730951,96
4.0,55.0,2.5,0.15,1.0,0.9969973699654952,0.0030026300345048,1.003011672974231,0.9970284976003584,0.859121212745378,0.0225,0.1364884187261665,0.0580570461771468,0.0030709894213387,0.9777402727736858,0.1396435041189996,0.4000000000000001,1.4142135623730951,96
4.0,60.0,2.5,0.003,1.0,0.9999988970711444,1.1029288554675889e-06,1.000001102930072,0.999998800005165,0.8583856332298583,9e-06,0.1225490196078431,0.0441176470588235,1.1029411764705886e-06,0.99998882895728,0.111764705882353,0.4000000000000001,1.4142135623730951,96
4.0,60.0,2.5,0.0040533233920169,1.0,0.999997986630402,2.0133695979307475e-06,1.0000020133736516,0.99999780942646,0.8583858565179721,1.6429430520271774e-05,0.1225490196078431,0.0441176470588235,2.013410602974483e-06,0.9999796340380472,0.111764705882353,0.4000000000000001,1.4142135623730951,96
4.0,60.0,2.5,0.0054764768400905,1.0,0.99999632467089,3.6753291099422825e-06,1.000003675342618,0.999996001150758,0.8583862641178831,2.9991798580048604e-05,0.1225490196078431,0.0441176470588235,3.67546551226086e-06,0.9999628884237596,0.111764705882353,0.4000000000000001,1.4142135623730951,96
4.0,60.0,2.5,0.0073993105605927,1.0,0.9999932909195404,6.709080459632588e-06,1.0000067091254716,0.9999927002175156,0.8583870081524527,5.474979677209931e-05,0.1225490196078431,0.0441176470588235,6.709533918149427e-06,0.999932415794842,0.111764705882353,0.4000000000000001,1.4142135623730951,96
4.0,60.0,2.5,0.0099972661933495,1.0,0.9999877533037956,1.224669620436547e-05,1.0000122468461878,0.9999866745889604,0.8583883662626736,9.99453313406894e-05,0.1225490196078431,0.0441176470588235,1.2248202370182529e-05,0.9998770296430826,0.111764705882353,0.4000000000000001,1.4142135623730951,96
4.0,60.0,2.5,0.0135073843059079,1.0,0.9999776459981444,2.2354001855462435e-05,1.000022354501568,0.999975675512756,0.8583908450878671,0.0001824494307874,0.1225490196078431,0.0441176470588235,2.235899887101578e-05,0.9997765098704924,0.111764705882353,0.4000000000000001,1.4142135623730951,96
4.0,60.0,2.5,0.0182499322573664,1.0,0.9999592003731091,4.079962689074179e-05,1.0000408012915682,0.9999555989776768,0.8583953688605938,0.0003330600273984,0.1225490196078431,0.0441176470588235,4.08161798282432e-05,0.9995944515735902,0.111764705882353,0.4000000000000001,1.4142135623730951,96
4.0,60.0,2.5,0.024657625773836,1.0,0.9999255450969834,7.445490301660751e-05,1.000074460446962,0.9999189566692936,0.8584036226788659,0.0006079985088025,0.1225490196078431,0.0441176470588235,7.450962117678217e-05,0.9992656228912392,0.111764705882353,0.4000000000000001,1.4142135623730951,96
4.0,60.0,2.5,0.0333151104468964,1.0,0.9998641636315124,0.0001358363684876,1.0001358548225134,0.9998520903215784,0.858418675873494,0.0011098965840889,0.1225490196078431,0.0441176470588235,0.0001360167382461,0.9986739149840612,0.111764705882353,0.4000000000000001,1.4142135623730951,96
4.0,60.0,2.5,0.0450123054940112,1.0,0.9997522948009788,0.0002477051990211,1.0002477665720892,0.9997301048153222,0.8584461094041552,0.0020261076458861,0.1225490196078431,0.0441176470588235,0.0002482975056233,0.9976145285847884,0.111764705882353,0.4000000000000001,1.4142135623730951,96
4.0,60.0,2.5,0.0608164769291628,1.0,0.9995486699457106,0.0004513300542894,1.0004515338450843,0.9995076776651352,0.8584960402722768,0.0036986438660754,0.1225490196078431,0.0441176470588235,0.0004532651796661,0.9957306992385898,0.111764705882353,0.4000000000000001,1.4142135623730951,96
4.0,60.0,2.5,0.0821696161856783,1.0,0.999178846846148,0.0008211531538518,1.0008218280005063,0.99910247069701,0.8585867116099093,0.0067518458241016,0.1225490196078431,0.0441176470588235,0.0008274320862869,0.9924115434497432,0.111764705882353,0.4000000000000001,1.4142135623730951,96
4.0,60.0,2.5,0.1110200091328213,1.0,0.9985097152025634,0.0014902847974366,1.0014925090610003,0.9983654433233172,0.8587507231834611,0.0123254424278517,0.1225490196078431,0.0441176470588235,0.0015104708857661,0.9866358971101375,0.111764705882353,0.4000000000000001,1.4142135623730951,96
4.0,60.0,2.5,0.15,1.0,0.9973067444056825,0.0026932555943175,1.002700528808639,0.9970284976003584,0.8590454460999103,0.0225,0.1225490196078431,0.0441176470588235,0.0027573529411764,0.9767540288724962,0.111764705882353,0.4000000000000001,1.4142135623730951,96
4.0,65.0,2.5,0.003,1.0,0.999999010460631,9.895393690007026e-07,1.000000989540348,0.999998800005165,0.8583856054207659,9e-06,0.1099501128707955,0.0315187403217759,9.895510158371602e-07,0.9999882301808888,0.0865668924082577,0.4000000000000001,1.4142135623730951,96
4.0,65.0,2.5,0.0040533233920169,1.0,0.9999981936210102,1.806378989832602e-06,1.000001806382253,0.99999780942646,0.8583858057529611,1.6429430520271774e-05,0.1099501128707955,0.0315187403217759,1.8064177401067752e-06,0.9999785485531322,0.0865668924082577,0.4000000000000001,1.4142135623730951,96
4.0,65.0,2.5,0.0054764768400905,1.0,0.9999967025272504,3.2974727495194145e-06,1.0000032974836228,0.999996001150758,0.8583861714476536,2.9991798580048604e-05,0.1099501128707955,0.0315187403217759,3.29760163907451e-06,0.9999609141524044,0.0865668924082577,0.4000000000000001,1.4142135623730951,96
4.0,65.0,2.5,0.0073993105605927,1.0,0.9999939806820832,6.01931791688326e-06,1.0000060193541491,0.9999927002175156,0.858386838986685,5.474979677209931e-05,0.1099501128707955,0.0315187403217759,6.019746334745438e-06,0.9999288312433192,0.0865668924082577,0.4000000000000001,1.4142135623730951,96
4.0,65.0,2.5,0.0099972661933495,1.0,0.999989012422269,1.0987577730992015e-05,1.000010987698459,0.9999866745889604,0.8583880574619337,9.99453313406894e-05,0.1099501128707955,0.0315187403217759,1.0989000461817865e-05,0.9998705313708204,0.0865668924082577,0.4000000000000001,1.4142135623730951,96
4.0,65.0,2.5,0.0135073843059079,1.0,0.9999799443834811,2.005561651874377e-05,1.0000200560187549,0.999975675512756,0.8583902814080346,0.0001824494307874,0.1099501128707955,0.0315187403217759,2.0060335508296788e-05,0.9997647601880304,0.0865668924082577,0.4000000000000001,1.4142135623730951,96
4.0,65.0,2.5,0.0182499322573664,1.0,0.999963395638939,3.660436106101006e-05,1.0000366057009893,0.9999555989776768,0.8583943399791389,0.0003330600273984,0.1099501128707955,0.0315187403217759,3.661998760521143e-05,0.9995732782771576,0.0865668924082577,0.4000000000000001,1.4142135623730951,96
4.0,65.0,2.5,0.024657625773836,1.0,0.9999332021270008,6.679787299923579e-05,1.0000668023352532,0.9999189566692936,0.8584017448359036,0.0006079985088025,0.1099501128707955,0.0315187403217759,6.684950466811493e-05,0.999227643209393,0.0865668924082577,0.4000000000000001,1.4142135623730951,96
4.0,65.0,2.5,0.0333151104468964,1.0,0.9998781368334448,0.0001218631665551,1.0001218780189964,0.9998520903215784,0.8584152491251591,0.0011098965840889,0.1099501128707955,0.0315187403217759,0.0001220332546954,0.9986062148325686,0.0865668924082577,0.4000000000000001,1.4142135623730951,96
4.0,65.0,2.5,0.0450123054940112,1.0,0.999777787303241,0.000222212696759,1.000222262086217,0.9997301048153222,0.8584398580271654,0.0020261076458861,0.1099501128707955,0.0315187403217759,0.0002227707643535,0.9974948795630812,0.0865668924082577,0.4000000000000001,1.4142135623730951,96
4.0,65.0,2.5,0.0608164769291628,1.0,0.9995951548606742,0.0004048451393258,1.0004050091052934,0.9995076776651352,0.8584846421505157,0.0036986438660754,0.1099501128707955,0.0315187403217759,0.0004066663105438,0.995521706197854,0.0865668924082577,0.4000000000000001,1.4142135623730951,96
4.0,65.0,2.5,0.0821696161856783,1.0,0.9992635338624752,0.0007364661375247,1.000737008919637,0.99910247069701,0.858565949962559,0.0067518458241016,0.1099501128707955,0.0315187403217759,0.0007423662104461,0.9920523417709388,0.0865668924082577,0.4000000000000001,1.4142135623730951,96
4.0,65.0,2.5,0.1110200091328213,1.0,0.9986637451791782,0.0013362548208217,1.0013380427869465,0.9983654433233172,0.8587129736074772,0.0123254424278517,0.1099501128707955,0.0315187403217759,0.0013551837861247,0.9860321784419076,0.0865668924082577,0.4000000000000001,1.4142135623730951,96
4.0,65.0,2.5,0.15,1.0,0.9975860634116492,0.0024139365883508,1.002419777778466,0.9970284976003584,0.858977029975899,0.0225,0.1099501128707955,0.0315187403217759,0.0024738775395929,0.975770445269538,0.0865668924082577,0.4000000000000001,1.4142135623730951,96
4.0,70.0,2.5,0.003,1.0,0.9999991083404308,8.916595690688922e-07,1.0000008916603642,0.999998800005165,0.8583855814154658,9e-06,0.0990745099208745,0.0206431373718548,8.916705892878707e-07,0.999987640930282,0.0648156865084156,0.4000000000000001,1.4142135623730951,96
4.0,70.0,2.5,0.0040533233920169,1.0,0.9999983722988958,1.6277011042342693e-06,1.0000016277037536,0.99999780942646,0.8583857619317186,1.6429430520271774e-05,0.0990745099208745,0.0206431373718548,1.6277377770749845e-06,0.999977470056153,0.0648156865084156,0.4000000000000001,1.4142135623730951,96
4.0,70.0,2.5,0.0054764768400905,1.0,0.9999970286992156,2.9713007844156536e-06,1.000002971309613,0.999996001150758,0.8583860914531389,2.9991798580048604e-05,0.0990745099208745,0.0206431373718548,2.971422745963896e-06,0.9999589551677196,0.0648156865084156,0.4000000000000001,1.4142135623730951,96
4.0,70.0,2.5,0.0073993105605927,1.0,0.9999945760960488,5.423903951085052e-06,1.00000542393337,0.9999927002175156,0.8583866929600645,5.474979677209931e-05,0.0990745099208745,0.0206431373718548,5.424309283463217e-06,0.9999252748401716,0.0648156865084156,0.4000000000000001,1.4142135623730951,96
4.0,70.0,2.5,0.0099972661933495,1.0,0.9999900993110824,9.900688917596767e-06,1.0000099007869423,0.9999866745889604,0.8583877909006262,9.99453313406894e-05,0.0990745099208745,0.0206431373718548,9.902034721458225e-06,0.9998640881496264,0.0648156865084156,0.4000000000000001,1.4142135623730951,96
4.0,70.0,2.5,0.0135073843059079,1.0,0.9999819283747154,1.807162528455475e-05,1.000018071951874,0.999975675512756,0.8583897948329485,0.0001824494307874,0.0990745099208745,0.0206431373718548,1.807608794061296e-05,0.999753118259168,0.0648156865084156,0.4000000000000001,1.4142135623730951,96
4.0,70.0,2.5,0.0182499322573664,1.0,0.999967017013461,3.2982986538976355e-05,1.0000329840744522,0.9999555989776768,0.858393451841767,0.0003330600273984,0.0990745099208745,0.0206431373718548,3.29977589887359e-05,0.9995523196055652,0.0648156865084156,0.4000000000000001,1.4142135623730951,96
4.0,70.0,2.5,0.024657625773836,1.0,0.9999398116318868,6.0188368113167634e-05,1.0000601919909708,0.9999189566692936,0.8584001238867253,0.0006079985088025,0.0990745099208745,0.0206431373718548,6.023715429223439e-05,0.999190098210316,0.0648156865084156,0.4000000000000001,1.4142135623730951,96
4.0,70.0,2.5,0.0333151104468964,1.0,0.9998901981500068,0.0001098018499933,1.0001098139077635,0.9998520903215784,0.8584122912229016,0.0011098965840889,0.0990745099208745,0.0206431373718548,0.0001099624601314,0.998539409377062,0.0648156865084156,0.4000000000000001,1.4142135623730951,96
4.0,70.0,2.5,0.0450123054940112,1.0,0.9997997908874532,0.0002002091125468,1.0002002492042623,0.9997301048153222,0.8584344621530045,0.0020261076458861,0.0990745099208745,0.0206431373718548,0.0002007356220631,0.997377099735024,0.0648156865084156,0.4000000000000001,1.4142135623730951,96
4.0,70.0,2.5,0.0608164769291628,1.0,0.9996352748401452,0.0003647251598547,1.000364858232832,0.9995076776651352,0.8584748045005485,0.0036986438660754,0.0990745099208745,0.0206431373718548,0.0003664413284032,0.995316662135256,0.0648156865084156,0.4000000000000001,1.4142135623730951,96
4.0,70.0,2.5,0.0821696161856783,1.0,0.999336615330597,0.0006633846694029,1.0006638250407582,0.99910247069701,0.858548032793056,0.0067518458241016,0.0990745099208745,0.0206431373718548,0.0006689358160841,0.9917015256953852,0.0648156865084156,0.4000000000000001,1.4142135623730951,96
4.0,70.0,2.5,0.1110200091328213,1.0,0.9987966350179608,0.0012033649820393,1.0012048148139965,0.9983654433233172,0.858680402699948,0.0123254424278517,0.0990745099208745,0.0206431373718548,0.0012211371680973,0.9854462000483268,0.0648156865084156,0.4000000000000001,1.4142135623730951,96
4.0,70.0,2.5,0.15,1.0,0.9978269457419484,0.0021730542580514,1.0021777867067276,0.9970284976003584,0.8589180207733068,0.0225,0.0990745099208745,0.0206431373718548,0.0022291764732196,0.9748237899320996,0.0648156865084156,0.4000000000000001,1.4142135623730951,96
4.0,75.0,2.5,0.003,1.0,0.9999991877365436,8.122634562734987e-07,1.000000812264116,0.999998800005165,0.8583855619433426,9e-06,0.0902526604503927,0.011821287901373,8.122739440535342e-07,0.9999870883707248,0.047171987567452,0.4000000000000001,1.4142135623730951,96
4.0,75.0,2.5,0.0040533233920169,1.0,0.9999985172350814,1.4827649186255345e-06,1.000001482767117,0.99999780942646,0.8583857263857173,1.6429430520271774e-05,0.0902526604503927,0.011821287901373,1.482799814139407e-06,0.9999764664700252,0.047171987567452,0.4000000000000001,1.4142135623730951,96
4.0,75.0,2.5,0.0054764768400905,1.0,0.999997293276428,2.70672357194357e-06,1.0000027067308983,0.999996001150758,0.8583860265648864,2.9991798580048604e-05,0.0902526604503927,0.011821287901373,2.7068396135416963e-06,0.9999571302276108,0.047171987567452,0.4000000000000001,1.4142135623730951,96
4.0,75.0,2.5,0.0073993105605927,1.0,0.9999950590707882,4.940929211771916e-06,1.000004940953625,0.9999927002175156,0.858386574509387,5.474979677209931e-05,0.0902526604503927,0.011821287901373,4.941314817800285e-06,0.9999219628696842,0.047171987567452,0.4000000000000001,1.4142135623730951,96
4.0,75.0,2.5,0.0099972661933495,1.0,0.9999909809480116,9.019051988468084e-06,1.0000090191333324,0.9999866745889604,0.8583875746775814,9.99453313406894e-05,0.0902526604503927,0.011821287901373,9.020332053093231e-06,0.999858091185822,0.047171987567452,0.4000000000000001,1.4142135623730951,96
4.0,75.0,2.5,0.0135073843059079,1.0,0.9999835376970818,1.64623029181854e-05,1.00001646257393,0.999975675512756,0.8583894001452809,0.0001824494307874,0.0902526604503927,0.011821287901373,1.6466546526230638e-05,0.9997422891291458,0.047171987567452,0.4000000000000001,1.4142135623730951,96
4.0,75.0,2.5,0.0182499322573664,1.0,0.9999699544890448,3.004551095531216e-05,1.000030046413715,0.9999555989776768,0.858392731428535,0.0003330600273984,0.0902526604503927,0.011821287901373,3.0059553562392093e-05,0.9995328404644872,0.047171987567452,0.4000000000000001,1.4142135623730951,96
4.0,75.0,2.5,0.024657625773836,1.0,0.9999451728717704,5.482712822946212e-05,1.0000548301344083,0.9999189566692936,0.8583988090645798,0.0006079985088025,0.0902526604503927,0.011821287901373,5.487348296930095e-05,0.9991552433465036,0.047171987567452,0.4000000000000001,1.4142135623730951,96
4.0,75.0,2.5,0.0333151104468964,1.0,0.9998999813923076,0.0001000186076923,1.0001000286124149,0.9998520903215784,0.8584098919796339,0.0011098965840889,0.0902526604503927,0.011821287901373,0.0001001711195388,0.998477486852962,0.047171987567452,0.4000000000000001,1.4142135623730951,96
4.0,75.0,2.5,0.0450123054940112,1.0,0.9998176379433006,0.0001823620566994,1.0001823953186848,0.9997301048153222,0.858430085528429,0.0020261076458861,0.0902526604503927,0.011821287901373,0.0001828616054001,0.9972681597123484,0.047171987567452,0.4000000000000001,1.4142135623730951,96
4.0,75.0,2.5,0.0608164769291628,1.0,0.999667814033614,0.000332185966386,1.0003322963505703,0.9995076776651352,0.8584668255578894,0.0036986438660754,0.0902526604503927,0.011821287901373,0.0003338124489718,0.9951275556355872,0.047171987567452,0.4000000000000001,1.4142135623730951,96
4.0,75.0,2.5,0.0821696161856783,1.0,0.9993958811908428,0.0006041188091572,1.000604483989305,0.99910247069701,0.8585335022741103,0.0067518458241016,0.0902526604503927,0.011821287901373,0.000609372048576,0.9913792576618852,0.047171987567452,0.4000000000000001,1.4142135623730951,96
4.0,75.0,2.5,0.1110200091328213,1.0,0.9989043812912316,0.0010956187087683,1.0010968204057251,0.9983654433233172,0.8586539928126039,0.0123254424278517,0.0902526604503927,0.011821287901373,0.0011124039703417,0.9849108219487814,0.047171987567452,0.4000000000000001,1.4142135623730951,96
4.0,75.0,2.5,0.15,1.0,0.9980221834417676,0.0019778165582323,1.001981736068643,0.9970284976003584,0.8588701879412541,0.0225,0.0902526604503927,0.011821287901373,0.0020306848601338,0.9739652848458322,0.047171987567452,0.4000000000000001,1.4142135623730951,96
4.0,80.0,2.5,0.003,1.0,0.9999992462365728,7.537634272303251e-07,1.0000007537639954,0.999998800005165,0.858385547596043,9e-06,0.0837526118914394,0.0053212393424198,7.537735070229553e-07,0.9999866275578324,0.0341718904495455,0.4000000000000001,1.4142135623730951,96
4.0,80.0,2.5,0.0040533233920169,1.0,0.9999986240258152,1.3759741847030329e-06,1.000001375976078,0.99999780942646,0.8583857001949922,1.6429430520271774e-05,0.0837526118914394,0.0053212393424198,1.3760077179616924e-06,0.9999756300359206,0.0341718904495455,0.4000000000000001,1.4142135623730951,96
4.0,80.0,2.5,0.0054764768400905,1.0,0.9999974882200404,2.5117799594687185e-06,1.0000025117862683,0.999996001150758,0.8583859787544504,2.9991798580048604e-05,0.0837526118914394,0.0053212393424198,2.511891466401036e-06,0.9999556083796576,0.0341718904495455,0.4000000000000001,1.4142135623730951,96
4.0,80.0,2.5,0.0073993105605927,1.0,0.9999954149320136,4.585067986284663e-06,1.0000045850890091,0.9999927002175156,0.8583864872335754,5.474979677209931e-05,0.0837526118914394,0.0053212393424198,4.585438480188819e-06,0.9999192020772372,0.0341718904495455,0.4000000000000001,1.4142135623730951,96
4.0,80.0,2.5,0.0099972661933495,1.0,0.9999916305471688,8.36945283111401e-06,1.0000083695228794,0.9999866745889604,0.8583874153621577,9.99453313406894e-05,0.0837526118914394,0.0053212393424198,8.370682546138081e-06,0.999853092622102,0.0341718904495455,0.4000000000000001,1.4142135623730951,96
4.0,80.0,2.5,0.0135073843059079,1.0,0.9999847234594732,1.52765405267985e-05,1.000015276773903,0.999975675512756,0.8583891093358514,0.0001824494307874,0.0837526118914394,0.0053212393424198,1.5280616366558588e-05,0.9997332673197,0.0341718904495455,0.4000000000000001,1.4142135623730951,96
4.0,80.0,2.5,0.0182499322573664,1.0,0.9999721188364128,2.788116358709569e-05,1.000027881940968,0.9999555989776768,0.8583922006236221,0.0003330600273984,0.0837526118914394,0.0053212393424198,2.7894647211255784e-05,0.9995166232410836,0.0341718904495455,0.4000000000000001,1.4142135623730951,96
4.0,80.0,2.5,0.024657625773836,1.0,0.9999491230294292,5.087697057082341e-05,1.0000508795591687,0.9999189566692936,0.8583978403023207,0.0006079985088025,0.0837526118914394,0.0053212393424198,5.092146313831327e-05,0.9991262511964942,0.0341718904495455,0.4000000000000001,1.4142135623730951,96
4.0,80.0,2.5,0.0333151104468964,1.0,0.9999071895720754,9.28104279246389e-05,1.0000928190424998,0.9998520903215784,0.8584081242374344,0.0011098965840889,0.0837526118914394,0.0053212393424198,9.295673784683304e-05,0.9984260428497906,0.0341718904495455,0.4000000000000001,1.4142135623730951,96
4.0,80.0,2.5,0.0450123054940112,1.0,0.9998307870959412,0.0001692129040588,1.0001692415419117,0.9997301048153222,0.858426860943308,0.0020261076458861,0.0837526118914394,0.0053212393424198,0.0001696918073161,0.9971778056645354,0.0341718904495455,0.4000000000000001,1.4142135623730951,96
4.0,80.0,2.5,0.0608164769291628,1.0,0.9996917867325792,0.0003082132674208,1.000308308292127,0.9995076776651352,0.8584609471240788,0.0036986438660754,0.0837526118914394,0.0053212393424198,0.00030977108424,0.9949710709019904,0.0341718904495455,0.4000000000000001,1.4142135623730951,96
4.0,80.0,2.5,0.0821696161856783,1.0,0.9994395405026107,0.0005604594973892,1.0005607737883848,0.99910247069701,0.8585227978179021,0.0067518458241016,0.0837526118914394,0.0053212393424198,0.0005654847228568,0.9911134195771312,0.0341718904495455,0.4000000000000001,1.4142135623730951,96
4.0,80.0,2.5,0.1110200091328213,1.0,0.9989837423054456,0.0010162576945544,1.0010172915248945,0.9983654433233172,0.8586345395758943,0.0123254424278517,0.0837526118914394,0.0053212393424198,0.0010322879960501,0.9844710957048852,0.0341718904495455,0.4000000000000001,1.4142135623730951,96
4.0,80.0,2.5,0.15,1.0,0.9981659478019588,0.0018340521980411,1.0018374221261304,0.9970284976003584,0.8588349629706753,0.0225,0.0837526118914394,0.0053212393424198,0.0018844337675573,0.9732643458296872,0.0341718904495455,0.4000000000000001,1.4142135623730951,96
4.0,85.0,2.5,0.003,1.0,0.9999992820630388,7.179369613252717e-07,1.0000007179374768,0.999998800005165,0.8583855388094994,9e-06,0.0797718649302953,0.0013404923812757,7.179467843726584e-07,0.9999863178614342,0.0262103965272574,0.4000000000000001,1.4142135623730951,96
4.0,85.0,2.5,0.0040533233920169,1.0,0.9999986894263668,1.310573633284129e-06,1.000001310575351,0.99999780942646,0.858385684155324,1.6429430520271774e-05,0.0797718649302953,0.0013404923812757,1.3106063123447926e-06,0.9999750656926066,0.0262103965272574,0.4000000000000001,1.4142135623730951,96
4.0,85.0,2.5,0.0054764768400905,1.0,0.9999976076069528,2.3923930471125843e-06,1.0000023923987706,0.999996001150758,0.8583859494744929,2.9991798580048604e-05,0.0797718649302953,0.0013404923812757,2.392501705344262e-06,0.9999545838435832,0.0262103965272574,0.4000000000000001,1.4142135623730951,96
4.0,85.0,2.5,0.0073993105605927,1.0,0.9999956328676072,4.3671323927130246e-06,1.000004367151465,0.9999927002175156,0.8583864337843453,5.474979677209931e-05,0.0797718649302953,0.0013404923812757,4.367493393065028e-06,0.9999173438126828,0.0262103965272574,0.4000000000000001,1.4142135623730951,96
4.0,85.0,2.5,0.0099972661933495,1.0,0.9999920283726088,7.971627391190061e-06,1.0000079716909385,0.9999866745889604,0.8583873177946895,9.99453313406894e-05,0.0797718649302953,0.0013404923812757,7.972825472123093e-06,0.9998497294419374,0.0262103965272574,0.4000000000000001,1.4142135623730951,96
4.0,85.0,2.5,0.0135073843059079,1.0,0.9999854496390748,1.4550360925347228e-05,1.0000145505726414,0.999975675512756,0.8583889312394819,0.0001824494307874,0.0797718649302953,0.0013404923812757,1.4554331349388824e-05,0.9997271998317008,0.0262103965272574,0.4000000000000001,1.4142135623730951,96
4.0,85.0,2.5,0.0182499322573664,1.0,0.9999734443128824,2.6555687117513216e-05,1.0000265563923407,0.9999555989776768,0.8583918755510174,0.0003330600273984,0.0797718649302953,0.0013404923812757,2.656881951931078e-05,0.9995057212915304,0.0262103965272574,0.4000000000000001,1.4142135623730951,96
4.0,85.0,2.5,0.024657625773836,1.0,0.9999515421476234,4.845785237661549e-05,1.000048460200654,0.9999189566692936,0.8583972470211556,0.0006079985088025,0.0797718649302953,0.0013404923812757,4.850117492201741e-05,0.99910677327979,0.0262103965272574,0.4000000000000001,1.4142135623730951,96
4.0,85.0,2.5,0.0333151104468964,1.0,0.9999116038929292,8.839610707067624e-05,1.0000884039216331,0.9998520903215784,0.858407041661224,0.0011098965840889,0.0797718649302953,0.0013404923812757,8.853852039253691e-05,0.9983915100316872,0.0262103965272574,0.4000000000000001,1.4142135623730951,96
4.0,85.0,2.5,0.0450123054940112,1.0,0.9998388395473384,0.0001611604526614,1.0001611864295394,0.9997301048153222,0.8584248862189006,0.0020261076458861,0.0797718649302953,0.0013404923812757,0.0001616263854618,0.9971172231620272,0.0262103965272574,0.4000000000000001,1.4142135623730951,96
4.0,85.0,2.5,0.0608164769291628,1.0,0.9997064669638696,0.0002935330361304,1.0002936192230725,0.9995076776651352,0.8584573472956801,0.0036986438660754,0.0797718649302953,0.0013404923812757,0.0002950477189098,0.9948663125240064,0.0262103965272574,0.4000000000000001,1.4142135623730951,96
4.0,85.0,2.5,0.0821696161856783,1.0,0.9994662746902176,0.0005337253097823,1.0005340103246083,0.99910247069701,0.8585162429737626,0.0067518458241016,0.0797718649302953,0.0013404923812757,0.0005386073331104,0.9909358394734916,0.0262103965272574,0.4000000000000001,1.4142135623730951,96
4.0,85.0,2.5,0.1110200091328213,1.0,0.9990323328043234,0.0009676671956766,1.00096860448246,0.9983654433233172,0.8586226285286344,0.0123254424278517,0.0797718649302953,0.0013404923812757,0.0009832235285607,0.9841782337055685,0.0262103965272574,0.4000000000000001,1.4142135623730951,96
4.0,85.0,2.5,0.15,1.0,0.998253954433128,0.0017460455668718,1.0017490995744298,0.9970284976003584,0.8588133984365162,0.0225,0.0797718649302953,0.0013404923812757,0.0017948669609316,0.972799435767402,0.0262103965272574,0.4000000000000001,1.4142135623730951,96
4.0,90.0,2.5,0.003,1.0,0.999999294127384,7.058726159137052e-07,1.0000007058731142,0.999998800005165,0.8583855358506843,9e-06,0.0784313725490196,0.0,7.058823529411766e-07,0.9999862058777488,0.0235294117647058,0.4000000000000001,1.4142135623730951,96
4.0,90.0,2.5,0.0040533233920169,1.0,0.9999987114496016,1.2885503984927382e-06,1.0000012885520588,0.99999780942646,0.8583856787540642,1.6429430520271774e-05,0.0784313725490196,0.0,1.2885827859036687e-06,0.9999748658671488,0.0235294117647058,0.4000000000000001,1.4142135623730951,96
4.0,90.0,2.5,0.0054764768400905,1.0,0.9999976478097578,2.352190242249641e-06,1.000002352195775,0.999996001150758,0.8583859396146474,2.9991798580048604e-05,0.0784313725490196,0.0,2.3522979278469496e-06,0.9999542211060792,0.0235294117647058,0.4000000000000001,1.4142135623730951,96
4.0,90.0,2.5,0.0073993105605927,1.0,0.9999957062560556,4.293743944394635e-06,1.0000042937623808,0.9999927002175156,0.8583864157856506,5.474979677209931e-05,0.0784313725490196,0.0,4.2941017076156325e-06,0.9999166849680426,0.0235294117647058,0.4000000000000001,1.4142135623730951,96
4.0,90.0,2.5,0.0099972661933495,1.0,0.9999921623377732,7.83766222689497e-06,1.0000078377236563,0.9999866745889604,0.858387284939466,9.99453313406894e-05,0.0784313725490196,0.0,7.838849516916817e-06,0.9998485377198164,0.0235294117647058,0.4000000000000001,1.4142135623730951,96
4.0,90.0,2.5,0.0135073843059079,1.0,0.9999856941751926,1.4305824807436808e-05,1.000014306029467,0.999975675512756,0.8583888712667075,0.0001824494307874,0.0784313725490196,0.0,1.4309759277450097e-05,0.9997250498812033,0.0235294117647058,0.4000000000000001,1.4142135623730951,96
4.0,90.0,2.5,0.0182499322573664,1.0,0.9999738906575212,2.610934247870844e-05,1.0000261100241945,0.9999555989776768,0.8583917660851147,0.0003330600273984,0.0784313725490196,0.0,2.6122355090075645e-05,0.9995018591806776,0.0235294117647058,0.4000000000000001,1.4142135623730951,96
4.0,90.0,2.5,0.024657625773836,1.0,0.9999523567659347,4.764323406525328e-05,1.0000476455040512,0.9999189566692936,0.8583970472384029,0.0006079985088025,0.0784313725490196,0.0,4.768615755314058e-05,0.9990998753078508,0.0235294117647058,0.4000000000000001,1.4142135623730951,96
4.0,90.0,2.5,0.0333151104468964,1.0,0.9999130903718616,8.690962813828751e-05,1.0000869171820783,0.9998520903215784,0.8584066771138437,0.0011098965840889,0.0784313725490196,0.0,8.705071247756173e-05,0.9983792856455874,0.0235294117647058,0.4000000000000001,1.4142135623730951,96
4.0,90.0,2.5,0.0450123054940112,1.0,0.9998415511056148,0.0001584488943852,1.000158474004416,0.9997301048153222,0.8584242212543499,0.0020261076458861,0.0784313725490196,0.0,0.0001589104035989,0.997095789808251,0.0235294117647058,0.4000000000000001,1.4142135623730951,96
4.0,90.0,2.5,0.0608164769291628,1.0,0.9997114102577612,0.0002885897422387,1.00028867305032,0.9995076776651352,0.8584561351147036,0.0036986438660754,0.0784313725490196,0.0,0.0002900897149863,0.9948292798053852,0.0235294117647058,0.4000000000000001,1.4142135623730951,96
4.0,90.0,2.5,0.0821696161856783,1.0,0.9994752766569904,0.0005247233430094,1.0005249988221463,0.99910247069701,0.8585140357992678,0.0067518458241016,0.0784313725490196,0.0,0.0005295565352236,0.9908731327200758,0.0235294117647058,0.4000000000000001,1.4142135623730951,96
4.0,90.0,2.5,0.1110200091328213,1.0,0.9990486933758866,0.0009513066241133,1.0009522124701438,0.9983654433233172,0.8586186179768259,0.0123254424278517,0.0784313725490196,0.0,0.0009667013668903,0.984074975680962,0.0235294117647058,0.4000000000000001,1.4142135623730951,96
4.0,90.0,2.5,0.15,1.0,0.9982835837745072,0.0017164162254926,1.0017193673755536,0.9970284976003584,0.8588061380538643,0.0225,0.0784313725490196,0.0,0.0017647058823529,0.9726358611125177,0.0235294117647058,0.4000000000000001,1.4142135623730951,96
