alpha_matrix_11,nu_matrix_11,sigma_matrix_11,alpha_matrix_12,nu_matrix_12,sigma_matrix_12,alpha_matrix_13,nu_matrix_13,sigma_matrix_13,alpha_matrix_22,nu_matrix_22,sigma_matrix_22,alpha_matrix_23,nu_matrix_23,sigma_matrix_23,alpha_matrix_33,nu_matrix_33,sigma_matrix_33,distance_K
2.220446049250313e-16,0.9782020571502482,0.7997948964275227,0.9011097770856229,1.8115689508927018,-3.984193999340237e-09,0.9027621113168933,1.4464753076468622,-7.460088715730964e-09,2.220446049250313e-16,1.0209259376965223,1.0783132312224994,0.9027621113168933,1.4678372479199995,-7.409649920141206e-09,0.07720879833327232,0.2907386512048431,0.9981833963189207,0.14132996058669764
0.026605319767893043,1.85123948375136,1.0319567148169753,0.9006063684588627,3.5883098871094674,-1.3575849329430935e-32,0.9008401167743725,1.8218345914894445,-4.054862941598953e-33,0.03841638683387072,3.7053802904675748,1.1486680999240315,0.9010532192155877,2.748904994847552,-6.1306615305471144e-33,0.04814549761066311,0.17242969922752893,0.9306890142974085,0.13024539590445902
0.05137621499560241,3.7657501086073184,1.0237394234244221,0.6730709038168193,4.152462317533139,-0.03417655765285407,0.6735659606758955,4.076550693116008,-8.899580189539044e-17,0.0025896141816216245,2.001024327170648,1.0684250845057803,0.6725880601812745,3.194187802397673,-2.251978053789862e-17,0.03660641657569974,1.8492010783363864,1.0250739914976008,0.1219211773778698
0.08978009880980764,0.026044804818376455,1.1055438671748286,0.90319405232757,1.337238090263032,-3.7000982758167685e-21,0.90319405232757,1.3357224908734626,-3.702820322451744e-21,2.220446049250313e-16,1.024977442283538,0.8419486580249408,0.900960189513803,1.8351888096060434,-2.9290681396344102e-09,2.220446049250313e-16,1.021946243504399,1.0333029172287418,0.1312660237544611
0.035840711966199645,3.818582656754206,0.7301636394247203,0.9006621070686122,3.2098631539003697,-7.567936776048415e-09,0.9006621070686122,3.231651891946823,-7.729889313433807e-09,2.220446049250313e-16,0.9800512371711699,1.0924224738161283,0.9003054774864753,1.812386182155305,-3.1878468190045942e-09,2.220446049250313e-16,1.0236287132640765,1.1578906485315694,0.15129324819119705
2.220446049250313e-16,1.0224443371002716,0.9506965941058857,0.9009067775070437,3.2278598786114365,-1.3491952281040784e-29,0.9005440784140012,1.8330299586630543,-4.0403675930968065e-33,0.03614926255411466,3.8115410333903452,0.9565610598691554,0.9009067775070437,3.227578306808091,-1.3488251856661112e-29,2.220446049250313e-16,1.0218811934935803,0.9854473503376885,0.12132980831000321
2.220446049250313e-16,1.0238296848494859,1.1159482324937438,1.0463364506804722,2.8750673622340273,-1.1381263818944042e-08,1.0469006590273868,1.172242324421252,-5.730093143691387e-21,0.0323688198998342,3.8480008845630738,0.9399101127288242,1.047150829691134,2.584327924278046,-5.6649312828753975e-21,0.05839335750275387,0.4423508089375237,0.8881201072607221,0.13116046257336728
2.220446049250313e-16,1.021022497558014,1.0861342556167282,0.9004397051742943,3.1759276385796946,-1.7212353697127253e-09,0.8999458021099921,1.8314210734021203,-6.6881827705387205e-09,0.042171457621782094,3.711035145643568,0.9497140256895433,0.9004397051742943,3.1764273974448978,-1.7220555513912359e-09,2.220446049250313e-16,1.0220220152884196,0.9135346682869488,0.12665674898467177
2.220446049250313e-16,1.0218970913471523,0.9204406217832032,0.9022825116572116,1.3342443055995297,-7.48668259688658e-29,0.9005436402681322,1.8336780982661731,-4.040085393444827e-33,0.07918185164628777,0.024322750652425285,1.3080126488951394,0.9022825116572116,1.3348909279188095,-7.484332728175878e-29,2.220446049250313e-16,1.0231903359857122,0.9915883199838131,0.15048017147455814
0.0067437907678321585,0.1101491811869324,1.0433017221389984,0.9000126328874279,1.37607319454809,-4.343602584517266e-33,0.9002383220775446,1.0207056662032274,-5.584454408791958e-33,2.220446049250313e-16,1.0219972079203867,0.9859085160095377,0.9002256923572183,1.4766296795699545,-4.189865318536086e-33,0.02850604076447316,0.31126215123066125,0.9848528494071904,0.1174162094037153
2.220446049250313e-16,1.0226539205197813,1.0559824180747188,0.9006706183859646,1.8326251687808912,-1.0780013550797028e-21,0.9006706183859646,1.8346993843500528,-2.1730680736678837e-21,2.220446049250313e-16,1.0201375474512246,0.7668599023779623,0.9006706183859646,1.8334411978157745,-5.809113663670064e-10,2.220446049250313e-16,1.0242859785895477,0.9982492679791396,0.13581681505935242
0.03369217864821139,1.8620667276448029,0.961384111462708,0.760160120703572,3.7410583699539184,-9.390472818320168e-17,0.7604691298443687,3.708332199349363,-0.0477315519480726,0.010778984658448398,3.941459100537414,1.037220034659659,0.7601340732070582,4.748028385795668,-3.9366757312970757e-16,0.0324955871870537,3.876006759328303,0.9262735706037686,0.12147942180993293
0.005188625995102947,0.10282957415793076,0.9257015385908254,0.5526594114550111,0.4479615067586816,-0.016005288155853063,0.553872799036442,2.2599460114626497,-0.06504987073454876,0.014347249648812288,0.27426654546085416,1.1283431935724009,0.5539535525464632,2.3456644971141114,-0.024315395676818532,0.053769400757427754,3.898235554868791,0.8753984723054409,0.13624089397871347
0.14383253583883915,0.025333955428269106,1.1235705633988662,0.932342703834452,1.2339382544055426,-8.253548547253085e-21,0.9323467106920991,0.7952540844197926,-1.2965252364911678e-20,2.220446049250313e-16,1.0214946114626382,1.1003328819507718,0.9267828708793993,1.2933344124369772,-1.5583650083072568e-08,0.0038656293252726792,0.14412627149113788,1.1141440425456828,0.1345235424205526
0.1054300918443638,0.18085673929116708,1.0333408149619434,0.8163711665939386,2.93611453194453,-9.838117072325769e-33,0.8153274330970331,1.6022801651295493,-5.077519211962848e-33,0.05836194796870908,3.64658041722435,0.8257377122020769,0.8129601032724747,3.3351420040961406,-1.539406122426784e-32,2.220446049250313e-16,0.9789116835943878,1.1528639323069492,0.15712837124492215
0.009337132341196819,0.2698050388747093,1.1023723186796108,0.6187169259567923,1.4956762674887436,-3.738542848254173e-21,0.6185487044452108,1.847969113104982,-4.220654801653109e-21,0.02040268093040909,0.2726395923587628,1.1040777876452577,0.6186816980041063,1.8493863898470089,-1.4367897603903826e-09,2.220446049250313e-16,0.9772252835912398,1.0806682044009968,0.12529328700267622
2.220446049250313e-16,1.0224896125863396,0.9593032985227543,0.711074969472101,1.034807227882121,-2.2183086061963313e-09,0.7112071172475912,1.895851561028089,-5.926620164984524e-21,0.004093232804166624,0.14169130436540367,1.100350139989226,0.7112130067012439,1.4554524069176211,-5.222717161944974e-21,0.0198155843352682,1.8637799706573401,1.037541011129635,0.12048149747827167
2.220446049250313e-16,0.9793561029708915,0.8809218053358066,0.9003266026942891,3.219269258430632,-9.212148008990265e-33,0.9002708808403271,1.8099909974822372,-4.0511070727016065e-33,0.014165636591546349,3.8382702578022996,1.0805043762838342,0.9003266026942891,3.239448074897941,-9.39543908873011e-33,2.220446049250313e-16,1.01971373590551,0.9165301646178421,0.12540203228103727
2.220446049250313e-16,1.0207038429481485,1.0307706880073282,0.6606541388380662,1.6844853848159427,-3.4235728957468355e-09,0.6577701234406763,1.8870852354593004,-6.676301736024852e-09,0.08997556469319534,0.026056291924900332,0.9124223816494231,0.6608398719902517,1.3897614599476764,-3.941413079862582e-09,0.02215604875538113,0.4312559932116158,0.9130409566718372,0.12257779834699818
0.03868001039508784,0.2913824896974407,1.0164604241131467,0.7837106524537564,1.1057714363430422,-7.627431477523498e-10,0.7842022912621729,1.5613196959649163,-9.724275351068126e-10,2.220446049250313e-16,1.022241831210916,1.1228700599975077,0.7837251827131495,1.926749366721654,-9.277977749254838e-09,0.03926440758114813,1.9333383504546642,1.070501959939805,0.12833630519319436
2.220446049250313e-16,1.0245990039639512,1.0568334702942814,0.9000000002464131,1.8365435625696251,-4.0695931972757884e-33,0.9000000002464131,1.8356114129862646,-4.0691991503463024e-33,2.220446049250313e-16,1.0232345362171982,1.0185790841488493,0.9000000002464131,1.834929179112888,-4.0689128637574204e-33,2.220446049250313e-16,1.0213702370504774,0.9350095131105391,0.12117285320695644
2.220446049250313e-16,1.0295951181360878,1.0586467407894253,0.8997810464275579,1.8352997316297341,-6.201813994369908e-21,0.8997810464275579,1.8353095627738965,-9.407682809452369e-09,2.220446049250313e-16,1.0218392305829125,1.0927454526667273,0.8997810464275579,1.8314316189973088,-6.199325156238533e-21,2.220446049250313e-16,1.0218588928712364,1.2307052710849689,0.13977050288192971
0.07161852368753407,1.970021423335843,0.9059208416256908,0.9998888315787337,3.267638542007722,-6.309912382616786e-17,0.9996247224841806,1.3684316309402327,-0.03687340420203248,0.033087316149612245,4.10981844948906,1.1021817089803818,0.9986152234864919,2.4383301440168412,-3.28314781815143e-17,0.006212170422972618,0.3114046273540811,1.0634958226882532,0.14127165114063112
2.220446049250313e-16,1.0220529705261512,1.0290351474685575,0.9000000017083528,1.8478766196182768,-4.0462030127725137e-33,0.9000000017083528,1.8259885987748254,-4.037681845926662e-33,2.220446049250313e-16,1.0222778835487698,1.0081189001571165,0.9000000017083528,1.8261010552861348,-4.037720935921164e-33,2.220446049250313e-16,0.9785018418618672,0.952918818498158,0.11983391995361937
0.03035922582965389,3.900235519784807,0.9028358460835533,0.9998819709193555,2.8802429803603986,-9.135507609205494e-10,1.0289991681976998,2.403294377218763,-1.4122656353337802e-21,2.220446049250313e-16,0.9784377662622719,0.9816777503935422,1.0287752168744493,0.9423955004574955,-1.7286266912875394e-21,0.343730511831531,0.024540559979000676,1.101310460004847,0.1514339220188729
0.01045271215559851,0.2137180073742908,0.8716615343346814,0.8679439723162667,1.694091938403289,-4.1474784441268514e-08,0.8686590385842384,3.151620761209085,-2.5010147940992394e-20,2.220446049250313e-16,0.980511637418533,1.0927556301806696,0.8686275932287608,3.535017576231206,-3.7064896529290566e-20,0.0498354539249537,3.8955692830301247,0.9136644587190348,0.13214844724268565
0.08901186938872152,0.18212425717293512,1.1490357136360045,1.0306894137428702,2.9440878480623285,-5.137947692294507e-21,1.0301243270740794,1.5374986544476825,-6.696928513128353e-09,0.04826050915181823,3.8362065363861855,1.1302132600142114,1.0287658193950575,3.3645397940543074,-5.227202498666622e-21,2.220446049250313e-16,1.0230281491568938,1.0191490175359705,0.15123560763679544
0.00374253859389595,0.1791068031081482,0.9431911460955462,0.6871445413158915,3.1188760134144866,-0.02545675349333413,0.6882027763989668,2.198971955696627,-0.00042300172197998166,0.024436897953819314,3.814232149356642,0.991504619830978,0.6884145837622018,4.016534628820874,-0.010990612187344723,0.059228739203565195,1.9744240339209225,0.8849951966390814,0.1266753558196464
0.03774515349161245,3.6907486027591387,0.9640535030554449,0.6893556921403272,4.102520910219652,-0.01680819875716122,0.6912556406214129,2.2088023322375263,-5.19112532175552e-18,0.046165691079403715,3.813988666108652,1.0331225182350416,0.6915111336061673,2.270422363912283,-5.568615043217868e-18,0.08589209417716759,0.02655151014440138,1.0927583795608382,0.1260523721825688
0.031541641975253,3.7905552465650056,0.9877584689697377,1.0486450809914125,3.596638949397014,-4.0140475597255685e-10,1.0487045213179023,5.068155209263246,-5.4158554509204684e-21,2.220446049250313e-16,1.0204592386513145,1.0279014208780959,1.0484673268363507,3.6831072053064,-9.426239375056636e-22,0.01579032267715208,3.9634917583837783,0.999796600993706,0.11805556930362661
2.220446049250313e-16,1.023529150404126,1.0549148508793857,0.90013244975287,3.273738400577474,-9.7619629362218e-33,0.9000642928605368,3.2578100505855563,-9.613699331531317e-33,0.021836991464161515,3.903947651085484,0.9823215181418897,0.9001967331537263,4.698019300926235,-5.831827382649585e-32,0.015213893817037305,3.8720909511016477,1.0870642175646528,0.12009441581457765
2.220446049250313e-16,1.0224146708999178,0.9876902836036925,0.9001225817046337,3.283531634780763,-9.85858556982524e-33,0.900006911463841,1.3330750043024544,-4.428605836687905e-33,0.021007717373136225,3.9246485986994033,1.06546056839565,0.9001294922272557,2.784191968202197,-6.332835488598578e-33,0.004988122428779329,0.023735337742785356,0.9111941047537645,0.12016060126540114
2.220446049250313e-16,0.9782122732834911,0.9581463950438847,0.90054623357615,1.7890267875804058,-7.556295613278018e-23,0.9017231181209996,2.2593609495854077,-5.889321180359691e-09,2.220446049250313e-16,0.9781319800442756,1.102469588376294,0.9017231181209996,2.2593208029658,-3.137883397616134e-19,0.0651316043970751,1.9188003040542794,1.0075152373326184,0.1365356148943754
0.008308093007840855,0.36064447180769,1.0063668142485356,0.90026270821814,2.8879596143926425,-6.868334604328385e-33,0.9017870840725495,1.0026318690912213,-5.671669569015995e-33,0.029611876115720914,3.7952747569775953,1.0580340261957344,0.9020110112403863,2.719947011676174,-5.965801892384025e-33,0.0798177022390123,0.024619266374752646,0.8377690566702191,0.12556642912621466
2.220446049250313e-16,1.021641955216689,1.0079978707138337,0.9002587274908799,3.284785373675045,-9.860888840956258e-33,0.9090907348421458,1.3336409235324709,-4.30259697908202e-33,0.030521350674513226,3.9279287921803783,0.9490856350857939,0.9093468758396495,2.7867843420143155,-5.984139888175217e-33,0.18136131988840642,0.025639891895230416,0.794709057699718,0.13461777013109888
0.011629611780711868,3.9826295254492767,0.9936290694152277,0.5493626608602669,2.424728876719028,-0.020861550539607743,0.5492393783845506,2.3824221632362654,-0.01691560005841541,0.017264859531702537,0.2811577915709736,0.9399633114315789,0.5493134883838984,0.5316862962971137,-0.0003227803536089131,0.005215229256645637,0.19654436460544844,1.0042411410942926,0.10717808407157033
0.05321920382149836,0.3033700893326586,1.0444248160507765,0.808492019589035,2.4099850756068153,-0.002627018170536534,0.8085206172095424,2.423390114740613,-0.0027386252895921287,0.0275157710103493,3.8407300515424607,1.0929797430167298,0.8078787071413316,4.192070095845515,-0.03640160516295502,0.02914795158805583,3.8675401298100565,1.0999595520263212,0.14670574842966302
2.220446049250313e-16,1.0199393868898823,0.9922013850668286,1.0469566051057528,2.5947244010593966,-2.904038608999581e-21,1.047127870630985,2.6059243448635434,-4.414419370046229e-09,0.032346472641065604,1.8630766207540252,1.0327716744246183,1.0473776418266434,3.0274929617956152,-3.3320447032595444e-21,0.041995038368288995,1.8854765083623188,0.981010726699236,0.12226952690722716
0.008155415434856206,0.3607816570426503,0.9972527384418439,0.837698924988316,1.4776659464356088,-0.0029529395399413875,0.8378334253601996,3.3534789597244252,-0.004682663884926427,0.005731770974051531,0.1348694368800627,1.0203983192264159,0.8378233822528451,3.2405228496431313,-0.04590077418802771,0.021990285285750755,3.886495463457696,1.172713194762998,0.15056519434451268
0.023372124040674347,3.910493133683372,1.0109674904705845,0.6746751357600465,4.381139454244527,-6.19188571284805e-16,0.67400939102816,3.195388677496059,-0.06189401063444465,0.05686675987813783,2.6647851214452576,0.924539647324618,0.6750055150090136,2.5725346713770016,-3.832799182788122e-17,0.03792188209551284,0.293283567948321,0.9734105481751963,0.1303317198533811
0.01813766898469693,3.923853228353528,0.9323569131107696,0.9289362818452677,3.7127213315861107,-0.00742374987693942,0.9302242323126713,3.8052198611446224,-0.025903778862731135,0.014924733794230427,1.6850359913105424,0.9641247738945721,0.9301956830167584,2.6858112426231298,-0.004427338981420954,0.07079379199622382,1.8700330504275657,0.9578023581152575,0.1320695981291164
0.029711137434131563,3.747000418313057,0.851789259486725,0.9336401196899946,4.095742942077016,-5.572794506602241e-17,0.9335262449945829,4.145818670629587,-0.034933756833562334,0.025916891906491046,3.843924707098694,1.0692258390785476,0.9334697193229771,4.194280815022406,-6.387384956752933e-17,0.015698384756725026,3.944076164203836,1.0707892498451557,0.1274210195920903
0.04093856341436097,3.9000933865863696,0.8612853355955375,0.9004733018976847,2.8152587027082245,-6.472170600868225e-33,0.9007801412842599,4.635817341760323,-5.289765003361368e-32,0.005326245075657932,0.11042401883007902,0.9511876376337319,0.9003227556760844,2.7409826578821774,-6.122836118882695e-33,0.033671351172039565,3.751541296934276,1.0962606524579541,0.12990022674074192
0.013960113723661793,3.916314695634859,0.9878185811276852,0.9000541330659326,3.2796560723290593,-9.82115838883324e-33,0.9000541330659326,3.2795162848973924,-9.819787506576112e-33,2.220446049250313e-16,1.0222512882768182,0.9041310116275779,0.9000000000341549,1.832484581218372,-4.072763559997207e-33,2.220446049250313e-16,1.0219717134134845,0.9936611209296896,0.12020637986771374
2.220446049250313e-16,1.021331120632961,0.9042242995025459,0.9000000001221699,1.832063695673761,-4.0705425212021686e-33,0.9006655692155824,1.3956515373039522,-4.29878459480183e-33,2.220446049250313e-16,1.0201536378909732,0.9168587396098726,0.9006655692155824,1.3950627959329585,-4.299784828305729e-33,0.048958499783454124,0.1473293211513551,0.9261845993374448,0.12531502965471072
2.220446049250313e-16,1.0216148408207641,0.8358371065726741,0.9003270649501135,3.2166812370401185,-9.215917383598935e-33,0.9000520581678869,1.333086355569145,-4.427949413042138e-33,0.034316872867030335,3.791747633409426,0.9893569077866752,0.9003791042077416,2.7181527518634763,-6.0189531130516625e-33,0.013689953414765643,0.024557870467479037,1.1450811787181858,0.13346968225062622
0.04024457301437112,3.881407808503175,0.951663798456423,0.6816164187158271,4.325275930508831,-2.5462785703350356e-19,0.6815079529170238,2.889755845380573,-7.322700730074005e-09,0.017196067796880654,3.8912521012720034,0.7441465704888227,0.6810221211050602,2.894677991764987,-2.0163362773205836e-20,2.220446049250313e-16,1.0202119310154873,0.9103195738229302,0.14154095324415802
0.004233899603781843,0.24366673833877395,0.9941425994475438,0.9002959693544521,1.4427991692976574,-4.937235070415288e-21,0.9002959693544521,1.4430462711529783,-4.936833144707179e-21,2.220446049250313e-16,1.0209247125200245,1.0657093353780305,0.9002909915593653,1.8316752582436036,-5.55150101326206e-09,2.220446049250313e-16,1.0214189162306664,0.9868121086501862,0.11898150707027896
2.220446049250313e-16,1.0182813957400887,0.8952148215390414,0.9002089555418642,2.30627298766119,-4.6911678084524396e-33,0.9006818420049412,1.3248003237018615,-4.437093284894652e-33,0.027428585008127948,1.974264578706918,0.9176106503186519,0.9008906393981391,1.8027919151852763,-4.047727813238339e-33,0.04955361777738676,0.011319250788260793,0.8070013570446807,0.13294588049419087
0.009452384773047662,0.18138412127211373,1.1305638792564117,1.060305510370849,0.6807737164684415,-1.0003858942149212e-20,1.060019822692497,1.0425182759466323,-6.158607217705023e-21,0.03480663217703284,0.2992289177006783,0.944273619016724,1.0602844436913321,1.1014406741609144,-9.909792819338324e-09,2.220446049250313e-16,1.0227180366570596,0.9918363953097331,0.12329195256137002
2.220446049250313e-16,1.0181455114163973,0.9333531813228629,1.066345458650433,3.615104484922576,-4.8360486976805575e-09,1.0662898675759014,1.748936903852639,-6.143633516431638e-09,0.01624872217271145,3.87325190870391,0.949489030655186,1.0663517675613223,3.176490102496395,-9.830513337105189e-09,0.005187484313943891,0.1409167465640364,0.947567316691145,0.11864578988307983
0.014345130439155307,3.932108455453624,1.1246222817697182,0.760864809816933,5.1344243390728925,-0.03629045698633467,0.7606586306766749,5.126070403903133,-1.387245195954901e-16,0.028672534046277676,3.8700025410055385,0.9050169740069178,0.7608611687710009,5.09501744667909,-1.3055247285545626e-16,0.013953545031568315,3.853294670666019,0.9845916940175539,0.11740274158306799
2.220446049250313e-16,0.9775222102600226,0.9971899241850117,0.9002654539495443,1.7888710958396996,-1.5319111649988844e-13,0.9003973646077725,3.2753453973501325,-5.987495047356055e-23,2.220446049250313e-16,0.9792691670068566,0.980385528492167,0.9003973646077725,3.2762188757235493,-5.992707374937239e-23,0.02179571598471275,3.952217770027722,1.047422604314196,0.11888138856642794
2.220446049250313e-16,1.021434148473714,0.9601666013092478,0.9024061088482127,1.4397131317681973,-2.1063755578993058e-10,0.9018176073271466,1.812949335960844,-9.19456107887247e-10,0.04608228295804795,0.23143382268769752,0.8583127740008274,0.9024061088482127,1.4179491730678357,-2.122722404713375e-10,2.220446049250313e-16,0.9779062310729909,0.8884908055854064,0.12878207398435063
0.01910611824475661,0.2705462286167234,1.1882979438919457,0.9005178780045674,1.9097601091472851,-4.107648236810553e-33,0.9001013953312101,1.4345384106391288,-4.2471146435914874e-33,0.038727941557937795,1.9289739896829052,0.9281783213440582,0.9004165295732067,2.26375229117222,-4.594643697868453e-33,2.220446049250313e-16,0.9785305926665929,0.9921797568634593,0.13122421517123364
2.220446049250313e-16,1.0218755980249101,1.0166930212053582,0.9007667941157816,1.4732396092581426,-1.54411331815085e-19,0.9005428908709291,1.8119519002095394,-1.9723879158175126e-23,0.02840137614457472,0.3029054249835035,0.944502448404731,0.9007667941157816,1.4524668136888361,-7.600162859834957e-10,2.220446049250313e-16,0.9803300068862973,0.8110413359603518,0.12877621444243617
0.31571690502570326,0.022337364825968986,1.0573445195488185,0.7314719804380826,0.5447174502722031,-5.011139855725417e-08,0.7291559884279736,0.9769849617602955,-4.7950421182182534e-08,0.08225330030625544,0.16027887307985755,1.3415406892287316,0.69657208966948,1.0459557158872397,-3.0342057564104716e-08,2.220446049250313e-16,1.0248138960560425,1.2166877006847934,0.20180063651375696
0.013672164197127357,2.4167735598949593,1.1867477611471549,1.0546995114921216,2.1578485818817237,-4.210554654733972e-21,1.0557058629780218,2.6112257851253218,-4.948476034877767e-21,2.220446049250313e-16,1.0217873879479629,1.129742266359627,1.0556615959147386,1.913732699151823,-6.117684441828331e-09,0.06517376135301212,1.9285417944351586,1.0146984771419965,0.14740802113292392
0.2481495765782481,0.02526947005671465,0.9645108700380675,0.6882710498448339,0.3012521332140119,-3.3282539298283857e-17,0.688351686480204,2.1893218344228633,-3.515970251039452e-17,0.018483902524770168,0.024483784709174283,0.8741727754521177,0.6657400133899356,2.188928991749093,-0.02351341908641486,0.02374167441035724,3.800623187126877,0.8010051011914945,0.15343917410131547
2.220446049250313e-16,1.0201275917470818,0.9317811409776781,0.6581938355692412,1.053586179786618,-1.4021811010762494e-20,0.6583322175304686,1.8750462899395384,-2.5808023636668367e-08,0.0067505965634103715,0.15070691278671572,0.9908259498641452,0.658349522606013,1.4403359504593554,-1.566661863135147e-20,0.020246912565421438,1.7936271330925568,0.9887963746133366,0.11759670273862967
2.220446049250313e-16,1.0208216197925513,0.8497505802901592,0.9012084917672745,1.837380212005006,-4.066105593931435e-21,0.9012084917672745,1.8333966562807378,-4.064472734690112e-21,2.220446049250313e-16,1.029583828809155,1.0670937802238303,0.9012084917672745,1.8377777607890393,-4.132538138928013e-09,2.220446049250313e-16,1.0216167173606183,0.8336466100955481,0.1344408049036318
0.04312482507557047,3.866739580986853,1.0970629009360686,0.6415241182438818,3.619761703795441,-6.266769877936299e-20,0.6417745251251523,3.1878693306284775,-3.5822495507925623e-20,2.220446049250313e-16,1.0209192232130868,1.1170534362061784,0.6410496594108099,1.7649591517415946,-5.0171189580961785e-09,0.025351402762954334,0.15713447687916027,0.9073698819608634,0.13186988875028066
0.026869680372825555,2.0655890283201326,1.1174954437757054,1.026783382744489,3.7917513278770527,-3.1116022593052962e-21,1.0261807912546588,2.7022417211916756,-1.6481179515151306e-21,0.04974130557550693,3.200803140801147,1.1608254750411595,1.026607580927857,3.2698487774321827,-1.6620243246499872e-09,2.220446049250313e-16,1.0217839274303924,1.0907439892611304,0.14266796173491
0.02314956742537455,3.8327302055906554,0.8281211589998183,0.6103644600422116,4.314256461740789,-7.84715359895913e-19,0.610262979576531,2.8442757201193922,-1.7312409954566683e-08,0.0157397484728925,3.918291961982391,0.9185152807240035,0.610144919545045,2.88705659831526,-4.31906378602751e-20,2.220446049250313e-16,0.9783304787395974,0.9159032907435329,0.1285436580248157
2.220446049250313e-16,1.0216881454448534,1.0632512991092662,0.9007852705374731,1.8118635565545693,-9.757467374214098e-10,0.9007852705374731,1.811773116198458,-2.658010003997111e-21,2.220446049250313e-16,0.9792027006288745,1.042797314202288,0.9007852705374731,1.7905303937904686,-1.472627670127629e-21,2.220446049250313e-16,0.9790218199166522,0.9931821673716427,0.12093583987823987
0.030062721444329088,0.47833365651019066,0.9350022511566211,0.9002740165590996,1.0619234705088076,-5.358373022542108e-33,0.900275462534188,1.1639046362278007,-4.91069199107187e-33,0.009101788959774315,0.02551328450742474,1.1347637501808012,0.9000474688103737,0.9374944502264178,-6.1434040830486594e-33,0.009383478121302025,0.22947561594541066,0.9032396192476223,0.12482203500787424
2.220446049250313e-16,1.021356034190489,0.8355062446306196,0.9005372306196342,2.0704854502917187,-4.2430033675167986e-33,0.9007122055811182,3.238287324223558,-4.127827341502308e-29,2.220446049250313e-16,1.4979409051242312,1.2124836207555316,0.9007122055811182,3.476579759690429,-5.275313717860583e-29,0.02510671427018496,3.8335446529879094,1.0141344096465907,0.13987217685800235
0.007682317353673751,0.09626150745729944,0.9436968401342608,1.0203594179956474,1.308433227140824,-1.418708764833286e-20,1.0203438920798067,1.715191710249677,-1.018955815559461e-20,0.007960375348983861,0.20794176163881684,0.8621494008661831,1.0203449577924395,1.7710318373404357,-4.2018965971070314e-08,2.220446049250313e-16,1.0214587278565226,0.9971772877272596,0.12247382522988284
0.0381869113831268,3.7589955314942696,0.8203631822635762,0.9004049756084711,3.1792360220587836,-8.884575386094427e-33,0.9007064131854147,3.612841024592095,-1.394476054841219e-32,2.220446049250313e-16,0.9794765126123604,1.1018747961606754,0.9003015731702592,2.2230815151511405,-4.516923749757657e-33,0.03295216693461567,1.8466865176789833,1.0008341068938609,0.13283117180047094
0.04122282965465629,0.02625930845317742,0.9628033317767181,0.8298874106839488,2.210601957986509,-0.021138270341927765,0.8297958656612615,2.2178954242964792,-2.6133030798093184e-17,0.024113610242330608,3.8426588986411727,0.9836354723989358,0.8294590109978994,4.126095219390477,-2.907592327158376e-16,0.01666117380456289,3.8572458312611135,0.9363052472297887,0.1123843862965756
0.07199859857977542,4.005606239309608,1.0070324575289908,0.8315737580498267,3.6710869386458747,-8.485168288119635e-09,0.8315775607489972,3.279063184827206,-5.836348603131828e-09,2.220446049250313e-16,1.0218172476919467,1.0680311369381872,0.8300176747771859,1.7871686890183751,-2.5090349256673783e-09,0.003556533182896282,0.23776974005460882,1.0295682873092133,0.14030926191848186
2.220446049250313e-16,1.020553959275519,0.8568806880428397,0.900008484165721,1.4138826374522497,-4.279568021938547e-33,0.9002163208847008,3.247644607634678,-9.506980891355705e-33,0.005526584891010766,0.1872113156766395,0.8827598120315271,0.9002248030117063,2.8309732858352383,-6.562914127019104e-33,0.027907862232232294,3.854735256041496,0.9820156651536821,0.1268991374538482
2.220446049250313e-16,1.0221762256787088,1.0119144017640287,0.9457225291697706,2.681764767054644,-8.766814444396937e-06,0.9458619826912716,3.5675036670694507,-3.3253127297904277e-19,0.0317437396903526,2.0295299719491906,0.8716762936568956,0.9461282803116223,4.071180540204692,-5.604350041900641e-19,0.03918215476872322,3.8010077719788034,0.979803893465207,0.12565467930878207
2.220446049250313e-16,0.9789268974929721,0.9647212891576745,0.9018263119093554,3.2476921757301045,-6.302480610771411e-21,0.9017077705729994,1.8140068500273716,-1.8590153110804055e-09,0.02067816917915377,3.8903146933618067,0.940645383030757,0.9018263119093554,3.2697007479617892,-6.4405752874004374e-21,2.220446049250313e-16,1.0229440419563416,1.0358334829946991,0.11962350388395217
0.05194670271536572,3.095870089048376,1.1411477437182342,1.0763298972609572,4.531654143897588,-2.989787717999806e-21,1.0759637187933118,3.2315475345654523,-1.507903387229351e-21,0.039701979251660635,3.5784833440230135,0.9285538108197233,1.0757029412325148,3.472854162052771,-1.0123310456558165e-09,2.220446049250313e-16,0.9782701253587427,0.9543432866279253,0.13884582801362533
2.220446049250313e-16,1.0209018538194534,1.0338542542788722,0.9005682734845445,1.8335776796608805,-4.398279409982015e-09,0.9006579492669908,3.2820805395571537,-1.8887378163231243e-09,2.220446049250313e-16,1.024235979937833,1.057656058355063,0.9006579492669908,3.2837476026163435,-1.891880707290133e-09,0.017973668011179833,3.9212416997303796,0.7601900649151845,0.1350234991315466
2.220446049250313e-16,1.0208563382308924,0.8683425531576295,0.9000000005527807,1.8368810736848808,-4.0630952072320956e-33,0.9000000005527807,1.8371568468915052,-4.063210398731845e-33,2.220446049250313e-16,1.021503973011608,0.950121337162262,0.9000000005527807,1.8374806642818626,-4.063346030532716e-33,2.220446049250313e-16,1.0220555194248564,1.0878203603634393,0.12748115794320403
2.220446049250313e-16,1.0259370325590225,0.9715235299715569,0.9004053638882635,1.8350971674141037,-5.72835501560361e-09,0.9004094147542304,1.3968105422966883,-5.094657374534026e-21,2.220446049250313e-16,1.0227946670217363,0.8575013814891653,0.9004094147542304,1.3952393595280452,-5.09780546556671e-21,0.003819649015155857,0.14622141678690537,1.0236662775039695,0.12390286859591833
2.220446049250313e-16,1.0218094273126348,0.908838749570112,0.9006967753454705,3.262788769354132,-9.424371612445265e-09,0.8997967148385935,1.8312253542749934,-8.87102317254066e-09,0.05693071373879055,3.884504624932343,0.9772821653486279,0.9006967753454705,3.262572953084847,-9.422357466140203e-09,2.220446049250313e-16,1.0213777947740659,0.8492096471088962,0.1374261919640496
0.06248351584043821,0.17669088688507753,0.885954591161527,0.7776087068257084,0.4830210853090003,-0.05457080294808157,0.7783229897572175,0.4596977113538574,-5.3532710013207186e-17,0.03496923902842253,0.28957047828905946,1.010595240999498,0.7774612564931039,0.5161375070558483,-4.846346569002434e-17,0.05869922133344885,0.2429237303787736,0.9076820558243848,0.1201966084004958
0.0272121600303461,3.7880682661880236,0.7593736177707786,1.060122292148929,5.045839647229042,-1.1480064183026683e-20,1.060083988938308,3.573778057413521,-8.086812840425227e-10,0.012744466073129734,3.965047494334382,1.0672455189814876,1.0599476512943178,3.6622676714867,-8.041432479194569e-22,2.220446049250313e-16,1.0209243147033398,0.8486999489412084,0.1410883602237235
2.220446049250313e-16,1.023589877336238,0.8934251620031679,0.9000000001523752,1.8336323357949524,-4.07049940685498e-33,0.9000000001523752,1.8350048430957628,-4.0710741370101255e-33,2.220446049250313e-16,1.020391100370621,1.0158142365253577,0.9000000001523752,1.8334054546129543,-4.0704050986461646e-33,2.220446049250313e-16,1.0231361149722418,1.0552162534465417,0.1236316744981008
0.009317715704076024,0.3193079773369337,1.0497773018521703,0.9000241169229438,1.4861598452655296,-4.174148064137846e-33,0.9000241169229438,1.4866781152609876,-4.173547524180703e-33,2.220446049250313e-16,1.020164851188788,1.1705025929181019,0.9000000006277521,1.8371065521869148,-4.061632677933261e-33,2.220446049250313e-16,1.021201391179704,1.1461370882852273,0.1343190702400632
0.040022639469502685,3.8666660968031934,0.9228804275453074,0.900444839081302,3.2674922223835443,-9.535445901477105e-33,0.900444839081302,3.267013783995496,-9.53093797916432e-33,2.220446049250313e-16,1.0230182561444334,0.8434497492287043,0.9000000013294995,1.845189863666116,-4.051637965859312e-33,2.220446049250313e-16,1.0220613793683364,0.934115877036336,0.13070904577646789
0.0037095060325469387,0.08855434929946293,0.9447467030560862,0.8870279726526781,2.462311361170215,-6.196178543939988e-21,0.8865492545367265,1.2418135168316038,-5.048747033690256e-21,0.04120785237535851,3.4196271937660874,1.0328896352621784,0.8870240944026365,2.9073499390649165,-9.037947008736587e-09,2.220446049250313e-16,0.978631505088865,0.9933929599183704,0.12202107494756896
0.11101026896179722,0.02540484067542914,0.9086905404285148,0.9034638446232826,0.9649664946213461,-5.8957241543881806e-33,0.9034166480132438,1.3319100406204556,-4.383700480575365e-33,0.01305975757795419,0.2845281485037219,0.9503177557352865,0.9000473757719631,1.4614716945346018,-4.211227678832247e-33,2.220446049250313e-16,1.0184152405019407,0.8738797540383834,0.12601256560848917
2.220446049250313e-16,1.021605383790864,0.9960340337854532,0.9002773211830727,1.8319488217806863,-5.1403527686868546e-09,0.9005712204032831,3.207778281945583,-1.0232985504914908e-20,2.220446049250313e-16,1.021324367164106,0.9522377204182696,0.9005712204032831,3.207637773632204,-1.0231596202179351e-20,0.03253514967197946,3.7729832874939,1.0150038341722434,0.12027857235458683
0.034436921238455875,3.813109856510298,0.8854524589874091,0.6679860610298604,3.251768821048801,-2.453740156892956e-08,0.6678083346538,3.6032076301669473,-6.842067179314497e-09,0.021790176553052154,0.32052287171840543,0.9335680545900377,0.6675420787920388,1.856914137771001,-1.0844681475646509e-08,2.220446049250313e-16,1.0234004899546978,0.9823539884937323,0.12318374904928918
0.04797517759037495,0.26451818529197424,0.960572851598362,0.6692031908006838,1.125620632980095,-4.186629008328703e-08,0.6695308350881831,0.8012045089431575,-2.3582989812849243e-20,2.220446049250313e-16,1.0204985698776874,1.0607449890496505,0.668670868440869,1.179194701236014,-2.2114781873942633e-20,0.029618526501619558,0.3716663218038126,1.164590037691789,0.13050227111954407
2.220446049250313e-16,1.0185843372538574,1.0186937182726186,0.899758572098359,1.8293497966614831,-5.652924446587983e-10,0.899758572098359,1.8287805061291285,-9.936236581215203e-09,2.220446049250313e-16,1.0209851862923622,0.9124186974927092,0.899758572098359,1.829980930648381,-5.639760102838447e-10,2.220446049250313e-16,1.0198466052276534,1.083620149589381,0.12384526253533165
2.220446049250313e-16,1.021234886843912,0.9738423487034276,0.844264174159451,3.2377432823696224,-1.3967873572773307e-16,0.8565064505244938,1.2078089731958275,-4.982195338787276e-18,0.01105298972907065,4.085221138854639,0.9533293712170411,0.8565421087611762,2.739802099201191,-1.022960054734778e-17,0.20436432326559772,0.025352520507048837,1.0263822153817048,0.12698673777772662
0.02432889115561976,3.8183846706807625,0.9482356966530565,0.9008952302955712,4.675575216456215,-5.60032089970269e-32,0.9004498544624793,4.6216539165746,-5.199579069202583e-32,0.05130825463566635,3.912765762231668,0.9498886202097689,0.9010162381588627,4.668844462350052,-5.538104952082434e-32,0.03206221854672753,3.8049231624684365,1.0223392780546157,0.12655985150878155
2.220446049250313e-16,1.0216171563534513,1.0464391458467464,0.8998231516359461,1.8347284804255506,-8.402517661977832e-09,0.9021191906094819,1.3329368612452828,-1.1428037228557272e-09,2.220446049250313e-16,1.0285085399982317,0.9479267009929925,0.9021191906094819,1.336382553067673,-1.1409008808520101e-09,0.09096515647059467,0.024925301637695907,0.7817089009284648,0.13365171655209737
2.220446049250313e-16,1.0241880209532686,1.2109569061462393,0.8782351053893921,1.3729399710708972,-1.359148908932016e-20,0.8875109172990403,1.2318805864337519,-3.8999413420054604e-08,0.024102855764717046,0.3082372042613841,0.9962174846326105,0.8876745474288374,0.8739051780878097,-1.8610859380971182e-20,0.1825880708845723,0.02611843498709332,1.1483006841577408,0.14724164860168323
0.05251215241383522,1.858367625601197,0.9726378300657287,1.066456592131184,1.8772025699594712,-2.4484851743180024e-08,1.0664999817810685,3.3217607080261273,-4.5631724134424485e-08,2.220446049250313e-16,1.022544678285336,1.0601958027334524,1.0658533895726243,2.903849234368197,-1.2365563788670272e-08,0.01360501664539826,3.911660954418649,1.1137738205201049,0.12969498202319824
2.220446049250313e-16,1.0202351784803414,1.0610593409695173,0.9005421594402824,1.8110291794830928,-4.7633552303725793e-23,0.9008243592364864,1.4106829143760913,-2.1980246568413173e-09,2.220446049250313e-16,0.9801210862677706,0.9397030665132272,0.9008243592364864,1.3906258682698058,-1.8752910507130597e-19,0.031885584970623104,0.1794285560537675,0.8628996145051548,0.12526348402787937
2.220446049250313e-16,0.9808944430449478,0.9718538394174222,0.7124254768662909,3.6148556647225623,-1.6177752483205388e-08,0.7123158321768374,1.7355564519529068,-4.604420203091503e-21,0.01896646210327524,3.8904777611389822,0.945568389142138,0.7124420735134456,3.190348110999924,-1.526730334102129e-20,0.006877212222381024,0.13187933559967124,0.8458885390717916,0.12354081590757764
0.010711830715809834,0.3423237441539756,1.0149463333464934,0.8928317465707494,1.0812802701874324,-2.415034641313097e-24,0.8927632816158415,1.424690293697438,-2.2228456726320614e-16,0.01563653945657606,0.3353487484951845,1.0177284938538802,0.892799616949925,1.4212027958680422,-4.877696213211845e-25,2.220446049250313e-16,1.0221687955151952,0.8411956865304722,0.12307418142334708
2.220446049250313e-16,1.0215498902250446,1.0057117749876905,0.8646320252385432,2.5753811184564546,-1.3787899536248534e-09,0.8649041265907637,2.947117459693271,-7.126108073148624e-10,0.0018160705578199599,1.826561969851434,0.9786874956608503,0.8649050799075394,3.3496234995064658,-1.3331549639254316e-09,0.030732984943295794,2.5700346523250666,1.1986727241061361,0.13098837082981388
2.220446049250313e-16,0.9785418428141172,1.0079455641693735,0.9970598279443881,2.8835744434848705,-4.699449168573031e-08,0.998113928856755,1.8851418041418426,-9.929816196034965e-21,0.02199649766079137,3.921360391912613,1.0393418409304236,0.9982351115506496,3.3565510786910906,-2.3758095211445292e-20,0.0684841212551518,1.9244951132265582,1.0275766501532833,0.13521946216787004
0.008309502135509295,3.416983742988543,1.0129805702672792,1.0558336155140184,3.7888603476985265,-4.380687539404406e-21,1.0557469267487856,3.352902789417248,-4.207586071137698e-09,0.019133756029505067,1.8537646893592086,1.06102435951181,1.0558172662617968,2.571293262602581,-2.3535780228694888e-21,2.220446049250313e-16,0.9818495727966519,0.8186312973417457,0.13577693136148125
0.004690580515870457,3.7471712523549465,1.0595454860665054,0.6909284252181505,4.145023629794039,-0.02849745486919766,0.6909258084500604,2.3470370158447516,-0.0015602423932371192,0.005221607060235445,3.7370425109988346,1.1317612830135766,0.6909277130060187,2.341972645166696,-0.05538250884017992,0.004475845860144934,0.14106928310025968,0.8582695648806283,0.15260601167262444
2.220446049250313e-16,1.0169711492622913,0.8933172600530611,0.9000000009699621,1.8562565232586286,-4.0205684663010584e-33,0.9001307116303889,2.5420920440002037,-5.2096807959195494e-33,2.220446049250313e-16,1.016809639389412,0.8366626747242619,0.9001307116303889,2.542011289063764,-5.2094220542219845e-33,0.0216931451983583,2.3884806808725623,0.9060351078807841,0.14051409305163867
0.007573634737521484,3.7068733805812757,1.09040440476143,0.7482716438973952,3.0510754863384077,-8.183597915063035e-21,0.7480287132519757,3.5465878061661362,-7.808999156764855e-09,0.026962834105618616,0.025918175725404113,1.1388675082550548,0.7482524795076468,1.7061102037382003,-3.3505243825567947e-21,2.220446049250313e-16,1.0169428153808606,1.1022370225624054,0.1339759920178591
0.0068790332707954205,3.6649655690625003,1.0756790527872304,0.8151529179704607,4.280644663688021,-0.02439494261305486,0.8151405339360852,4.294001429611267,-0.028328309612974473,0.0070842268893436255,3.7242331233705737,0.9941859782437967,0.8151414126711668,4.323635206765304,-0.02523085724064693,0.00313162103679121,3.7509466552170667,1.1861220375188535,0.13665629853090325
2.220446049250313e-16,0.9819087051864759,1.0996439163833085,1.0474734204050236,2.8318517030761456,-1.0282817821014988e-09,1.0465656526710339,3.490698079790903,-1.3502447604230153e-21,0.06297410148528215,2.3551772240316087,0.9257362684790991,1.0475125460249564,4.17733233921347,-5.172247206624398e-21,0.012803720138098829,3.6728699774611235,0.9653262478546283,0.14223844788271825
0.003994853103351792,3.7865489792950324,1.000979940429497,0.900992356854846,2.715493056942683,-5.984418077732661e-33,0.9000044330033373,3.1945538963961346,-9.042260431830382e-33,0.059653125403307694,0.024437134013113093,1.0673022356038726,0.9009879287122505,1.3134979737551749,-4.458179600705456e-33,2.220446049250313e-16,0.9825588129200162,0.932140811503721,0.12368799002021189
2.220446049250313e-16,1.0173501632135997,1.0014150519936247,0.9009317106487102,1.3320209087286132,-4.3379725666084194e-09,0.9005436540498863,1.8111669316587853,-4.1607013470450164e-23,0.037391828061488,0.024871617798896017,0.9151287940087207,0.9009317106487102,1.3149276589514334,-4.24010034127577e-19,2.220446049250313e-16,0.9831636636592396,0.9161192220119102,0.1286443568986046
2.220446049250313e-16,1.0166945799868257,0.933797636733233,0.6140929483933947,2.8108947361089576,-3.571353258794949e-20,0.6153754835569427,1.0472980716683578,-2.5327637515362462e-09,0.010550689721062767,3.7098331385836465,1.0358836526197595,0.6154207051194622,2.3938673509667683,-2.1959426667367695e-20,0.05714009141126175,0.18263980970244675,1.141501490288866,0.1372741987369938
2.220446049250313e-16,1.0180216876552899,0.8957138373888368,0.7274108043843093,1.476614555469777,-2.0115521864916948e-09,0.7287043801292569,0.9806758224056391,-4.152060016033248e-21,2.220446049250313e-16,1.0168824927908875,0.9323960225061189,0.7287043801292569,0.9801062249734379,-4.1528426147509276e-21,0.061377443487596994,0.025005026662611507,1.037642499061057,0.13029801010244285
0.012356999258687718,1.7973829411379811,0.9389724670022761,0.9005558331925346,2.2188116026867406,-6.564710122241941e-09,0.9005558331925346,2.218644128488504,-1.7107080178598462e-19,2.220446049250313e-16,1.0180545850232663,0.8364710962910189,0.9005134429767058,1.8289799504311466,-1.5498883074012173e-22,2.220446049250313e-16,1.0177196366267927,0.8549051409694847,0.14007616736051193
0.04964797204262217,0.11577691092326847,0.9561092284216447,0.9006844400587658,1.3767917734841602,-4.3328004129610774e-33,0.9006945589765996,2.704331458880186,-5.947365327525147e-33,2.220446049250313e-16,1.0178066435434046,1.0643269710630419,0.9000101266130723,3.155346325190254,-8.71018605941153e-33,0.006037881429539649,3.6728860143354565,0.9430748167475644,0.1253475108010017
0.004040809025457337,3.762079193976868,1.0709094669789678,1.04218199150418,3.2443606975002637,-7.054147941272657e-21,1.042178680515214,2.80638165674738,-6.668007038607746e-09,0.0037151837601498983,1.8582598492083053,1.0086825855854726,1.0421780746814953,1.8544719843630988,-3.6317023831835675e-21,2.220446049250313e-16,0.9823017677025379,0.9479804167136149,0.12193774429004856
2.220446049250313e-16,1.017763833434794,0.9835326476464301,0.9232096814421445,1.6598476075991502,-2.775187318026246e-09,0.9232096814421445,1.659990077412635,-2.341916440983557e-09,2.220446049250313e-16,1.0167105313018123,0.9231363705931426,0.9232096814421445,1.6594634263461443,-2.928982077995059e-11,2.220446049250313e-16,1.0169954709287825,0.9947338204744386,0.12968845584308825
0.026453518002793608,3.7987767825652994,1.117047733084784,0.8443644717135532,3.5624195959493736,-3.996606026918712e-09,0.8443918958716007,4.866557456022387,-4.418385646204996e-20,2.220446049250313e-16,1.0169149294764728,0.9203280533900793,0.8441846832928646,3.4756265294779736,-6.595552897348058e-21,0.009624211295312324,3.6251906496224997,1.0295636491299285,0.13547392494673674
0.006409111911277243,0.31855704229668147,1.0333305090789673,0.9272781504841531,1.7642722017736083,-9.00887188328392e-11,0.9273531763410251,3.1197123350939533,-3.0003365285523367e-21,2.220446049250313e-16,0.9832308397546778,1.009162435162491,0.9273421026309777,3.4520492338229514,-3.1081321549870905e-22,0.01668204450760269,3.6941111063953675,1.0532510032634705,0.1255728370475862
2.220446049250313e-16,1.0167178855762822,0.942572465223099,0.8495991163384883,2.059278313983026,-2.842783059397702e-09,0.8495991163384883,2.042500719220749,-4.844230634844679e-09,2.220446049250313e-16,1.0167884846511617,0.9755608692224333,0.8495991163384883,2.042536018758189,-4.521130539574399e-10,2.220446049250313e-16,0.9832332951266074,0.9436254654547515,0.12972813299805808
0.006098455122395707,3.831172346929492,0.9751331888924579,0.9954262089289159,3.602622935369421,-6.841642516081078e-22,0.995453034302569,3.2096853883766374,-3.1375796319556277e-21,2.220446049250313e-16,1.0172049092566144,1.0813517723155497,0.995443694000194,1.8027016695401987,-3.8224806660625996e-10,0.01033499681643879,0.23132981527104768,0.8978553264921312,0.12559955766763953
0.03644185538545863,3.049894317030105,1.059065837253844,1.0462771360786391,2.45528874957769,-1.8768771803703523e-21,1.0462771360786391,2.4560295760457667,-1.8774867246313714e-21,2.220446049250313e-16,1.0167821465874896,1.0477129202093218,1.0459597702918368,1.4394734908244589,-1.0057177023742516e-09,2.220446049250313e-16,1.0182637995236425,1.0863832866978578,0.13754393861956496
0.01759671092985049,1.740833893586329,1.0645260292049015,1.055928177571117,1.8185999328025084,-3.7123737522996105e-09,1.055928177571117,1.8356595868455932,-3.0770038348731497e-21,2.220446049250313e-16,0.9827129264446568,0.996765019087474,1.0558548641129073,1.4565991032747574,-3.362681902057781e-21,2.220446049250313e-16,1.0168322345308267,1.0707565671861372,0.1310465784083262
0.02074977069234274,3.7639066614188867,0.8933522022879451,0.9011252920661343,3.1337328286264574,-3.986143500285829e-17,0.9017489373640164,4.056729360095907,-9.385948710786506e-17,0.006708007176871145,1.9146383744330835,0.8964430327642815,0.9016420399611936,3.1320952166030045,-0.02587198993270405,0.04789264486326006,3.760631437371981,0.874905826126544,0.1522598432855707
2.220446049250313e-16,1.0172561469446468,0.9808403897666619,0.9000000011641334,1.8650686967738457,-4.0060692233322644e-33,0.9000000011641334,1.8477929520881162,-3.999135537108039e-33,2.220446049250313e-16,1.016949188318321,1.0142427485457666,0.9000000011641334,1.8476394727749534,-3.999078986107856e-33,2.220446049250313e-16,0.982397698946862,1.0103675847902416,0.1282811690711566
0.02907913666975881,0.1489316809862915,1.0055423906898489,0.9002548638627136,2.737276135619929,-6.108684812593355e-33,0.9002348571871283,1.3928242986144017,-4.3108780851929274e-33,0.008487851759266363,3.7056205902087833,0.8590761958249038,0.9000200118962598,3.1711687532256474,-8.841193202375622e-33,2.220446049250313e-16,1.0167169161977287,1.0817081349189859,0.1303655474345679
2.220446049250313e-16,0.9828376682597488,1.0712845505485988,0.850701044560497,2.151355732901158,-2.9773720634658224e-09,0.850701044560497,2.151269114032525,-3.673593565344963e-21,2.220446049250313e-16,1.016954941069356,1.1174270925732568,0.850701044560497,2.168327750437329,-3.6917192589380304e-21,2.220446049250313e-16,1.01678170333209,1.1354325838774075,0.1398589961062441
2.220446049250313e-16,0.9826421108611976,0.9417688607226307,0.9005440452641239,1.8106157434960433,-4.032094537778126e-33,0.9007076337109428,2.1949723346231025,-3.498472749043079e-29,2.220446049250313e-16,1.0167629142574655,1.2806241849526236,0.9007076337109428,2.2120327363212366,-3.522692785336924e-29,0.024276077298174936,1.7854760965115841,1.0195501120638797,0.15360371695558814
2.220446049250313e-16,0.9832449258514542,0.8930449631992802,0.6665363398426628,3.565734373512875,-4.6718196122176986e-20,0.666531108340781,1.8271432400654357,-5.474456210708188e-09,0.005387369521029806,3.817389310372635,0.9250036498222171,0.6665419943718235,3.244215432326026,-3.5897114916235474e-20,0.003882764560023233,0.3402070434777562,1.0257049050509424,0.12515397137111417
2.220446049250313e-16,0.9828375264526694,0.8583362543148492,0.8401047798614776,2.5145420050734293,-1.8348245306348888e-09,0.8400887157112045,2.1008592945666686,-5.4174060872785894e-11,0.0073472281577176,1.809841548153653,0.9554203010181826,0.8401047798614776,2.51436130541716,-2.3590485115717546e-09,2.220446049250313e-16,0.9824761271401314,0.9241393088786629,0.13239169870066209
2.220446049250313e-16,1.0167083349521202,0.9784617982072353,0.900000001684728,1.8656158844040696,-4.004335575481686e-33,0.9000155994557547,3.2373536434854615,-9.006978574623799e-33,2.220446049250313e-16,1.0167344662473115,1.078906035757896,0.9000155994557547,3.2373667091330574,-9.00709242249479e-33,0.007493494670853029,3.760209984410095,1.0362379169148639,0.1279667046859806
2.220446049250313e-16,0.9448401051834278,0.8705247001885535,1.0124640415355324,1.4216875386791843,-3.278063715105251e-09,1.012504382801492,2.762765128455703,-1.4942542312609617e-09,2.220446049250313e-16,1.0171285321707468,0.8796631307226132,1.012504382801492,2.7989093419493623,-1.5303528186764144e-09,0.012782002172259554,3.699283711723784,0.9323421005875072,0.1362072633366423
0.008158804648761842,0.41230271247694894,1.0674066273550906,0.5677276000809576,1.7073583875552858,-1.9282024061682372e-17,0.5678577640061889,3.371299235164748,-0.07358452746131391,0.005997352753683738,0.36725479487929547,1.0201275118200617,0.5678442931081427,3.3487752763659215,-1.460089214621331e-16,0.01820968799572731,3.6951364900982204,1.0198425934788733,0.12367666025304516
0.006522051812390739,0.37606196172111805,1.0074946529604967,0.7017157823599905,1.9010839995826971,-2.8672427509972705e-21,0.7017265845813063,1.5624285906872566,-3.472294970932034e-21,2.220446049250313e-16,1.0167668885620145,0.8723133670681663,0.701711429954097,1.882781054107705,-1.254116271592769e-09,0.005506413542684108,0.3394560707711336,0.9758851513923739,0.1246036475257054
2.220446049250313e-16,0.9828116066444577,0.856847506072393,0.7983232645457896,2.1363966675545427,-2.6579023397519026e-21,0.7983232645457896,2.11927006868757,-2.94531745684383e-21,2.220446049250313e-16,1.0166996919056097,0.9545135516735652,0.7983232645457896,2.136214111318146,-1.342713738045486e-09,2.220446049250313e-16,0.9824464941716642,0.9502686154878647,0.1349086469210377
0.009548101035985912,3.8166872602404522,1.0788723476082676,0.9000253246516091,3.2727866015958904,-9.065680190727428e-33,0.9000253246516091,3.2895382168987806,-9.215475714091242e-33,2.220446049250313e-16,0.9832932329754743,1.1163431715645014,0.9000000010541876,1.8728412032662918,-3.957339915283907e-33,2.220446049250313e-16,1.0167964635812548,1.016562247894292,0.1324938066189879
2.220446049250313e-16,1.0170911418120023,0.9662619297591373,1.0283903128469585,1.4388722386031154,-1.8161817331154237e-09,1.0283903128469585,1.4555576111110984,-2.5329056425665302e-21,2.220446049250313e-16,0.9832594579266472,0.9611998911546547,1.0283903128469585,1.4386417691684208,-2.202619973013275e-21,2.220446049250313e-16,1.016630202942613,0.9160779554172465,0.1303595363888789
2.220446049250313e-16,1.0173492615950046,1.054823888520754,0.8568143796541207,1.1100432186276143,-3.790435238365025e-21,0.8567587671166681,1.448447462527574,-2.293869220191633e-09,0.013805517071268314,0.3060919708594088,0.9448738666174916,0.8568143796541207,1.0928188171597761,-3.818494652965087e-21,2.220446049250313e-16,0.982900458659328,0.993111500146228,0.1264633350331077
0.07959645061432541,0.024140652233633264,0.8984737196663767,0.90177713606351,2.679038296749745,-5.8024019292332324e-33,0.9017581701737997,1.3304577268765096,-4.409793247872788e-33,0.00827111258619051,3.7139359420154725,1.0379617634134162,0.9000190029392195,3.1753553717674294,-8.87658452998462e-33,2.220446049250313e-16,1.0167748022690017,0.8814798776947318,0.1304244887249846
2.220446049250313e-16,1.0166792448058355,0.9410651015857123,0.9265258892358208,1.3922117319123077,-3.9218551321449876e-33,0.9000000022730505,1.8893630923853701,-3.965617390093765e-33,0.3112883529229372,0.023347311509846813,1.1488565922121632,0.9265258892358208,1.3926971257373757,-3.920883874945485e-33,2.220446049250313e-16,1.0176500324559719,1.1212797936171963,0.16071488566400124
0.005159462501529655,1.8806275886584607,0.9318904681522245,0.9000073961002295,2.299803892451004,-4.475192884801333e-33,0.9000073961002295,2.3166545441121182,-4.509327562759851e-33,2.220446049250313e-16,0.9831891692045897,1.000487173465779,0.9000000016713684,1.8679353343851828,-3.9655251077771794e-33,2.220446049250313e-16,1.0168904725268186,1.0716089435784255,0.12732456464940264
0.154178608550259,0.02653376485913933,1.1753764241553366,0.682674365571026,0.9578276166661305,-7.728561509416475e-09,0.6826855882861048,1.4530622874170875,-3.0429598603011477e-10,2.220446049250313e-16,1.018411976572062,0.9978493564948675,0.673924395452708,1.949001393273549,-2.6200190781126697e-10,0.005535891209570987,2.008881318073976,1.1173915565834849,0.14222910233535102
2.220446049250313e-16,1.016752926273035,0.9048814393002006,0.7314065184347893,3.1849904125024517,-8.045778036170717e-21,0.7307100165648551,2.2009480224192757,-3.2347742711706853e-21,0.04513018725175022,2.985019816277124,1.00587501481378,0.7314065184347893,3.1850814674213197,-3.1601801113008123e-09,2.220446049250313e-16,1.0169350361107719,1.2322128090922067,0.15443059107616403
0.003995541870752017,0.22735061789557004,0.891083515042348,1.0541548377154781,0.6898946426997017,-8.251743718253755e-21,1.0541506743321847,1.0589897885233575,-7.1939902979794906e-09,0.004189912635475634,0.2785603576289918,1.1074722615092933,1.0541510516531896,1.0845946583900683,-4.983713496408841e-21,2.220446049250313e-16,1.0167506492763037,0.9775341667808721,0.12646352348433687
0.011854274672160159,1.7778373086509283,0.9842232089624975,1.0441379819659626,2.211632930976757,-5.7964251389467e-10,1.0440574590097629,1.8279608944706907,-4.214800274262495e-10,0.01833835707091902,1.7873623786505906,0.9086120569726979,1.0441043355287591,1.8327234294705217,-4.903951294280328e-09,2.220446049250313e-16,1.0200183056384575,1.0208155828953056,0.12758488849949742
2.220446049250313e-16,1.0167564137868461,0.9264372567601963,0.7305642450585753,2.6124832510427103,-8.645787431263694e-11,0.7305506498363784,2.1501828994969046,-1.895817534530583e-09,0.00630304397118886,1.9049386892363183,1.0676047182061017,0.7305642450585753,2.594274037221641,-8.501703307769604e-11,2.220446049250313e-16,0.9803379861447066,0.9413339200292226,0.1284618391893975
0.006744622066427564,0.2672136318166678,1.0621938668023483,0.745660073502652,1.1028740506980697,-2.250828024981103e-09,0.7466414255629291,0.6235204216971258,-3.736635157732533e-09,2.220446049250313e-16,0.9841229917951049,1.0290683089526407,0.7466261938903789,0.9819751016863444,-3.893110473478392e-09,0.05411974040334666,0.025415733793217044,1.0477037679746184,0.1235803314004527
2.220446049250313e-16,1.016942590320543,0.8880602531278201,0.9026518507702499,3.196364395421387,-6.405389155817844e-29,0.9026594563751501,3.2556368012573245,-5.4479534919185e-25,0.0037666906724611593,3.7416284647676843,1.0740622439317569,0.9026633858547674,4.617979738480895,-3.920166831173862e-28,0.006453598040637609,3.860173276439559,1.0081773823067317,0.12612597456776145
0.025474074327936025,0.023829017296969623,0.8940719851891319,0.9004376130044695,0.8343082790276818,-7.077284281449137e-33,0.9002924400444966,2.6638285648922144,-5.793381770862364e-33,0.030444397900238895,0.024787540758393733,1.1390829004526926,0.9003696152423153,2.6643078266229265,-5.7925846897935755e-33,0.020100416405678945,3.6838281124874594,1.079683620636485,0.1339581100622902
0.020094873882191444,1.9401607096873812,0.995974551112456,0.9001121607767394,2.2717252870571163,-4.618566361610998e-33,0.9002705632408553,1.8920909808369468,-4.100274209751263e-33,2.220446049250313e-16,0.9832898647723988,1.0012290041854655,0.9001584222012458,1.4136555583794554,-4.2777814710402925e-33,0.02388242281830244,0.22402125233205972,0.9521381463245845,0.12567305565335105
0.1398808694500181,0.02291551160323918,1.0763518583213534,0.7633716841752447,2.229163669970985,-0.0278442183184855,0.763544571688929,1.1861541121609092,-0.013935291339834741,0.007650929191748701,3.8587297561192826,1.0271863902034009,0.7571302744543583,3.1040612344189307,-0.0450294314175636,0.024217890652530327,1.7727106404991306,0.9703194108929324,0.14582369881920493
2.220446049250313e-16,1.01689570178058,1.1708766904744001,0.834515094520251,2.0785233005382597,-1.7233535397531935e-10,0.834515094520251,2.0781767044663804,-1.1924657411516427e-21,2.220446049250313e-16,1.018568427368311,0.9558987039408324,0.834515094520251,2.079013067260246,-7.287907093750953e-22,2.220446049250313e-16,1.0178752352245533,1.025174302286089,0.13757270670198646
0.005086367311004758,1.9908742101854306,0.8560587985797979,0.9033116007862341,2.4118136140129995,-1.092092323230736e-09,0.9033116007862341,2.4295516481173207,-1.1017345073670968e-09,2.220446049250313e-16,0.9813083518155306,0.9970902332361353,0.9033044406781015,1.9247687189323708,-1.4187473705502717e-09,2.220446049250313e-16,1.0167844200241734,1.1046611672620636,0.13380239750140427
0.01210675455304977,3.7364501741419587,1.0712705181540305,0.8039434893798877,2.468758847061827,-0.005618314730730404,0.8040556786476227,4.219203229704231,-0.05029062845303176,0.007274161809044499,0.2762110680837356,0.9808771588355658,0.8040265569790574,2.4890836766751194,-0.005498633202131951,0.020339958908101474,3.777099833368542,1.0345062814221662,0.12963362974882636
2.220446049250313e-16,1.0166879805839844,0.9946403724330857,0.7783063391629773,2.8206381947571475,-7.427425632966397e-10,0.7782836478509013,1.4567288840011046,-1.4394594679684105e-09,0.008404887764830726,3.711142818143737,1.0248462540989378,0.7783063391629773,2.803956302780981,-7.280094803553252e-10,2.220446049250313e-16,0.9833241966316515,1.043005999215317,0.1265905298754073
0.06156550057647403,0.10431095302898774,1.1750584716316068,0.9010840933238597,2.7677046621644292,-6.216262889013757e-33,0.901052249001475,1.3705529139439028,-4.339109486682898e-33,0.010713338477470358,3.811098367496602,0.9804314668666473,0.9000318815523517,3.22394662117771,-9.30146092677285e-33,2.220446049250313e-16,1.0167948710555488,1.056474019738571,0.1374838573486532
2.220446049250313e-16,0.9826737489822784,1.0934967416512946,1.0630485656824449,1.0354665490781096,-3.119162376362541e-10,1.0631542938969991,1.0261764900832346,-1.1491670607424688e-21,0.007289410266246854,0.27166054664484846,0.8869848141104267,1.0631667886002842,0.6706698889145195,-1.5879885636650645e-21,0.02242174761869742,0.25308042865509833,0.9400601144145976,0.12828451667115381
0.01096724144287109,1.5094892268003046,0.8923812068110929,0.9000506769009691,3.4502482884194485,-1.17219820277991e-32,0.9000334105978696,2.0563578093374595,-4.260528870318328e-33,0.00788426248414964,3.7710073515073588,0.9338404905061628,0.9000172669440624,3.1871168716909866,-8.977072704120699e-33,2.220446049250313e-16,0.9832263933433809,1.124508054269549,0.1321828295025626
2.220446049250313e-16,1.0253663384359788,1.0001750277471932,0.9000523931693127,1.743302469485565,-5.124370366248834e-09,0.9000523931693127,1.7431576379331855,-4.650548498170999e-21,2.220446049250313e-16,1.017129026559923,0.9530169108156744,0.9000523931693127,1.7390389819951575,-4.649184020222383e-21,2.220446049250313e-16,1.0168393634551638,1.1885971259862353,0.13996587018561982
2.220446049250313e-16,1.0166922221492625,0.9475185469719787,0.9005436083220593,1.8278694780790632,-4.6428111271484984e-23,0.9005495896652324,3.227271906128027,-5.4159557713756774e-09,2.220446049250313e-16,1.0167709223201942,0.7213969889209989,0.9005495896652324,3.2273112562134925,-4.710348474443651e-19,0.004641757534340263,3.815575778418121,1.017555333704716,0.1474585318550074
0.003584981988728586,0.3494646033044132,1.0181452945596938,0.7059426756167245,0.7834830611052781,-3.83640525140014e-21,0.7059164700948127,1.152784358494828,-3.040653019719982e-21,0.008602151565658578,0.2789704312032889,0.9394720226516317,0.7059381242070513,1.117537272444266,-1.136845456464906e-09,2.220446049250313e-16,1.017573025982389,1.0673589706037527,0.1225715317093263
2.220446049250313e-16,0.9831950518052858,0.9189081239564822,0.9000067747595224,1.418815202448131,-4.271918657562825e-33,0.9000054650897646,3.2013961614340705,-9.101997803811525e-33,0.004938544935009781,0.2344353537344378,1.1297114162160433,0.9000122398081489,2.8270163123986465,-6.551528047479449e-33,0.004435581459825921,3.7995972717063164,1.0092677117894662,0.12702859317791834
0.012829351273555889,0.28213447247289003,0.9434072238961427,0.7792862461524694,0.7747083079526743,-5.522553123444591e-21,0.7789475823064343,1.19749887279425,-3.478011933629018e-21,0.032487457929728625,0.17136604590510496,0.9965788192361243,0.7792334421181865,1.1421146595103573,-2.133772854706624e-09,2.220446049250313e-16,1.0169471755882562,0.8968616746932354,0.12583463702363387
0.006521653693211005,3.846288689509892,0.9225468462115436,0.6333007687699238,4.096689980838573,-0.01940665786424933,0.6336431554815235,2.2833685956569942,-6.30426793428239e-18,0.026878438585621334,3.6510115179858422,0.7984821174953439,0.6339113563705383,2.1857300098949697,-5.744323038786735e-18,0.03987505471861308,0.024368747622685594,0.8855896198447534,0.13282921028179026
0.014717522711937936,3.7827835484012815,1.0126433832900883,0.9000700091703969,3.6670978778085512,-1.4914381642967632e-32,0.9000732697558085,4.636120453449912,-5.331522243867794e-32,0.00595292711365647,1.9314122072158206,0.8981565499733635,0.9000229479641808,3.710434782857181,-1.568992624356554e-32,0.006868506609757574,3.8694573584985417,1.0387651616169633,0.1243201748639423
0.0084979958171999,3.792180236417618,0.920977058863243,0.7995795439837804,4.055847953382757,-2.975663406791261e-16,0.7997523438395637,3.0836735760165377,-6.919010246756594e-17,0.007925609423100388,3.76818919425318,1.0852638043319893,0.7997494052219014,3.071678054934319,-0.05027487590967715,0.024810157675006272,1.8238404395207426,0.9510626620732069,0.1579494007219009
2.220446049250313e-16,1.0177347508561754,0.9357942265837119,0.9000000038334828,1.884399411014023,-3.9391106614392186e-33,0.9000000038334828,1.8838438058475204,-3.938885470652097e-33,2.220446049250313e-16,0.9832611612351161,1.2376198149388706,0.9000000038334828,1.8666070110369908,-3.9324668306380647e-33,2.220446049250313e-16,0.9821499509021108,0.960277300683005,0.14635314321166606
2.220446049250313e-16,0.9827978619617537,1.1213403918657578,1.010233699813693,2.1137744632366102,-7.546242766516482e-10,1.010233699813693,2.096552045814377,-1.5102856707255527e-09,2.220446049250313e-16,1.0174171782276678,1.212694565028771,1.010233699813693,2.113861703947334,-1.8253223709494876e-09,2.220446049250313e-16,0.9829723433832023,1.0624596979896244,0.1475055204484122
0.009055589007650688,3.625247482772448,0.8253473325575266,0.9000227786106453,2.7211413266616624,-6.0208271627741945e-33,0.9000227786106453,3.1352342407030847,-8.505825123770084e-33,2.220446049250313e-16,0.18868463452669426,1.0051627552867806,0.9000000000954939,1.4169528165802077,-4.2708982536616956e-33,2.220446049250313e-16,1.0168704626095388,1.1062139143911007,0.13777991171413412
0.04144144115086967,1.9368431098306755,0.8886612426368675,1.0553405817208217,1.974457647738476,-1.999256859306692e-21,1.0552988211171472,2.337510941536334,-1.3006697460284386e-09,0.013277166535172524,0.25687808095265974,0.8888071287274758,1.0549336694335392,1.497528427097326,-1.5662432836439226e-21,2.220446049250313e-16,0.9829846685483755,0.9151320064788285,0.13620758405397418
0.012938764461067676,3.7469623874988938,1.0041853986542808,0.6220542088474714,3.120587347745673,-2.4308343218700674e-17,0.6220455068557424,4.105397967284724,-0.01845535368210561,0.007185568804306208,1.7987598695501958,1.0288928559079615,0.6219989734606068,3.1312967083103747,-2.4885429821031908e-17,0.005475409406520804,3.7683811086282963,0.8971444150069703,0.12026770679169639
2.220446049250313e-16,1.0167223652311017,0.8811255065561209,0.9002599054413716,1.4096983274656458,-4.2826100224117066e-33,0.9001388591478957,2.255129823926181,-4.583663335393944e-33,0.030590761523940246,0.18267428489377102,1.1279282358458085,0.9003987245067502,1.8381057837575159,-4.0690150251955476e-33,0.02235914792988225,1.8735372778148416,1.1055964781231904,0.14073257084343702
2.220446049250313e-16,1.01718448732328,1.030700119361754,0.9015485890552707,1.8752639791233552,-1.307841867029073e-26,0.9015485890552707,1.8754761891911127,-2.7907083693646482e-27,2.220446049250313e-16,0.9828561130109266,1.0457428276135377,0.9015485890552707,1.858312002034936,-1.3607373582701438e-26,2.220446049250313e-16,0.9832805331464415,0.7843029163934923,0.14158888707889153
0.051242078524432966,0.025253965916021026,1.1122644016686503,0.6724383026511414,0.8200128417086986,-5.732685603868205e-17,0.6722429888459681,1.5887942191617914,-0.06846417724352473,0.029256294760727664,0.3020195434360745,0.9823453767332957,0.6715844892032362,1.727177007921818,-6.348710939069235e-17,0.018184090396595076,1.8395822983422603,0.8674587325653719,0.1331359171797315
2.220446049250313e-16,1.016693724623921,1.0869972513393902,0.906250898067661,1.9396242985329963,-8.243755409934392e-09,0.906250898067661,1.923036332127925,-8.122891421989753e-11,2.220446049250313e-16,1.0167331247445441,0.9322951365705072,0.906250898067661,1.9230560321882364,-4.6535208142273454e-10,2.220446049250313e-16,0.9835571919344008,1.0687685179151056,0.13330206333517322
0.00797215268792506,3.819296019223499,1.039058218347046,0.7955630838638966,4.103161967533268,-2.6328526334156317e-16,0.795671845207526,3.220372624170817,-0.04338391876136337,0.008630911842849587,3.8003010979303937,1.0698593386221058,0.7956752817364185,3.2108751635242645,-6.687070849830916e-17,0.020509079381352158,2.034722411205493,1.1344439802226596,0.1336999058718082
2.220446049250313e-16,1.0167527711990119,0.9263760050291389,0.9132321400776736,1.3317344067606802,-3.543727552883286e-09,0.9132302071318591,1.7092465872094622,-3.558865416791176e-21,0.0026572364401299398,0.22795377835137298,0.9045820084716362,0.9132321400776736,1.3148470907856429,-4.0262715499652786e-21,2.220446049250313e-16,0.9829781392489368,0.9975780341552851,0.1276706591737719
0.003656358241540203,1.8452452512466004,1.0147519322922383,0.6611101793381723,4.0356816193495995,-1.1313303961216642e-16,0.6611708622722181,4.154213453717143,-0.05336840644602869,0.010225503606234976,3.6250359869729105,0.8988890683452575,0.6612053426145268,5.0441088215802985,-7.873946754462945e-16,0.016280070960445814,3.8620996557079983,1.15336653792415,0.13317858240171682
0.012013956070766274,0.3168475284829191,1.0066569221169024,0.9001457568758676,2.869737320109015,-6.772613850904486e-33,0.9000400922015837,1.4768037618721674,-4.19236525430297e-33,0.019504668743322573,3.802627111102562,1.0940506220895627,0.9001056693807641,3.219693553181989,-9.257989541116555e-33,2.220446049250313e-16,1.0167599946288666,0.9840342784211186,0.12857038579547
0.02116097243337034,0.19163497398383145,0.8704822740794923,1.063791982385559,1.040325193918032,-2.216646280786856e-21,1.063798595168728,1.455844210079561,-2.506410951089147e-21,2.220446049250313e-16,1.016978135548829,1.1308100317218917,1.0636933569905365,1.8685157908620598,-1.4792446451356382e-09,0.0053045820122550325,1.848016167871887,1.0534019545912026,0.13219859815783716
2.220446049250313e-16,0.9826755683123984,0.9140441798746513,0.9710601280075153,2.15798289407573,-2.2279033060958977e-21,0.9710601280075153,2.1575862452795223,-1.4383856908505076e-09,2.220446049250313e-16,1.0175001629209457,0.9885126228106005,0.9710601280075153,2.1749985425837957,-1.6657125104030713e-21,2.220446049250313e-16,1.0167068653285298,0.9781842365804763,0.1301611657044643
0.004124593517488506,0.3097676674154781,1.1690009262873826,1.0691590007969842,1.8320732811998242,-8.53033647059767e-10,1.0692594574302576,3.192170668331819,-2.0003462150939084e-09,2.220446049250313e-16,1.017133415094524,0.9617756146105675,1.0692554798401581,3.5458535421713426,-1.279421110700069e-09,0.020727678058238608,3.737328189358515,1.018811827394225,0.13361388967941823
2.220446049250313e-16,1.018245747632558,1.0409762069832338,0.9000000005853213,1.841487435149914,-4.047262557670351e-33,0.9000000005853213,1.824699743125226,-4.040891492145255e-33,2.220446049250313e-16,1.0168035907708715,0.9143697054546411,0.9000000005853213,1.8239786646943827,-4.0406420657079604e-33,2.220446049250313e-16,0.9832282067214958,1.00340512392964,0.13060111774431477
0.006670510184751732,3.80207817124795,0.9735561464030071,0.842232126608822,3.5178020089358526,-1.520118875574322e-09,0.842232126608822,3.534621774632846,-1.5491718527982572e-09,2.220446049250313e-16,0.9831171184325109,0.9566728750178733,0.8422189188322453,2.1251412482251264,-2.268537032732871e-09,2.220446049250313e-16,1.0167566498264973,0.8909448753855576,0.12847155519786005
2.220446049250313e-16,1.0167953690390026,0.9701282939711087,0.8967769002030124,1.6946785804195363,-3.414440936584713e-21,0.8967769002030124,1.6948955406323207,-4.176850598792802e-21,2.220446049250313e-16,0.982903896418998,1.0303090530228887,0.8967769002030124,1.6779498043223184,-3.3925846234285323e-09,2.220446049250313e-16,0.9833378168445669,1.1053804381604448,0.13235349307344982
0.00762710228973329,3.7644725883130947,0.8476598982913911,0.8920358535006973,3.530305580161021,-1.0196893928503084e-20,0.8920358535006973,3.5299988467420462,-1.0193730258030593e-20,2.220446049250313e-16,1.0174557737700634,1.0108793585007716,0.8920195500021557,2.156490439470531,-4.652340770444852e-09,2.220446049250313e-16,1.0168423069321153,0.9920460823718339,0.131567674684251
0.056359928375254054,0.023043989642272278,0.9501131806109298,0.8515289734105524,1.6629308143802692,-4.98679179737984e-33,0.8513985326644122,1.2447396304934122,-5.2986161497480974e-33,0.021077529955620622,1.8534284055190955,1.0917670788827742,0.8505958921805333,2.159931838431824,-5.900985513337714e-33,2.220446049250313e-16,1.0170460377453816,0.9570142763365584,0.12998860129138184
0.0032026845694228534,0.3092196065372197,1.0648879194655234,1.0419558282471204,1.8189940009422918,-2.534340247678084e-21,1.0421409776121187,1.3717071628923276,-3.569309535962614e-21,2.220446049250313e-16,1.0168021767001019,1.0865821391566375,1.0421385170043937,1.7254984479737687,-3.2397850149935785e-09,0.027780179992204168,0.12222850060017354,0.8507914302060017,0.12973145358809426
2.220446049250313e-16,1.0167814825238388,0.9595089679330954,0.9002923599062023,3.172150866171608,-8.455003060046126e-33,0.9002800514407786,3.224918327857688,-8.895800793180057e-33,0.010415771435480559,3.6978679571709563,0.9280317838495099,0.9003101771997855,4.565461565181247,-4.5862833320849174e-32,0.00801022646749161,3.8034028805431155,0.9628696038949223,0.12509405911738297
0.01024021983984058,3.778293886430121,1.0154111287124234,1.0417389919646114,3.27246349708768,-3.559543398561791e-18,1.0416355945702431,5.001508416677464,-0.009399029133539034,0.021236581826768575,0.2719178926697745,1.0322352049658614,1.04171866500911,3.248320419797291,-3.513887549489958e-18,0.0044901447864353905,3.730007731849343,0.9297682379622798,0.12011542642223892
0.00587581253936853,0.31816314869704465,0.9980182393615656,1.061584769960502,1.0844576553037277,-2.3866586613271456e-21,1.061584769960502,1.0853078297411018,-2.3848883273882904e-21,2.220446049250313e-16,0.981874118449794,0.9180001117872015,1.0615766393556298,1.4171633146174765,-1.3428544840078512e-09,2.220446049250313e-16,0.9835744673245422,1.0403602786685258,0.12645658032187054
2.220446049250313e-16,1.017048251716697,1.0248871707168283,0.8101003511924059,2.8410466795083043,-1.949257057812772e-09,0.8101545000341921,2.8690254771166126,-1.4792596733812287e-09,0.009509287974120317,3.745150903532013,1.013522982463199,0.8101824036626191,4.233076803024271,-1.1333998665055074e-08,0.01630633021128558,3.8011084987486297,1.2029387127752924,0.14076858321345948
2.220446049250313e-16,1.0174953644109022,0.9703387539783518,0.9430389822039559,3.4380922339799307,-1.9567346337388405e-09,0.9430335568561871,2.0399615338458474,-7.155972060450495e-09,0.004523847796195635,3.812961562643598,0.9904100770419973,0.9430389822039559,3.437694632962195,-1.9560362221550163e-09,2.220446049250313e-16,1.0167001623754315,0.8432327384541639,0.1307874990676172
0.007172321192656428,3.7022544951000143,0.8623417370477814,0.938100097124047,3.4924926152404216,-6.149587675775747e-21,0.938100097124047,3.4930454936858966,-6.152618585031465e-21,2.220446049250313e-16,0.982215018778426,1.0061016650798298,0.9380863878814686,2.1330257555251024,-2.9934378707641873e-09,2.220446049250313e-16,0.9833207756693754,1.2157984630294274,0.14495036755247054
0.06781011314403862,0.004764600777891537,0.8915684496855567,0.96534772057203,2.0361642978340035,-5.088935521833721e-09,0.9653379130054965,1.0094545750293744,-4.375052636726468e-09,0.006153913845120762,3.070174765573083,1.0590222651439372,0.9641561677919768,2.54215965742697,-1.3000845019145087e-08,2.220446049250313e-16,1.0167553199638248,0.8596976137079507,0.13341225806849036
0.1550824855507632,0.02195118751755165,1.1175247734351752,0.9079802677349494,0.9230033315945769,-6.1463119586268616e-33,0.9066561027546781,1.3293484140748955,-4.344865524878652e-33,0.06932355925266709,0.20405547531480217,0.9689427483800663,0.9013339436267388,1.4204005579735206,-4.250522629700444e-33,2.220446049250313e-16,1.0167456402754391,0.9589539856164394,0.1380668947466005
0.05997925891966771,0.9843763255069218,1.0047779683729023,0.9565486959244741,2.1140887172544964,-3.233124012866764e-09,0.9565770565951324,3.3954575667642315,-5.498180683829341e-21,2.220446049250313e-16,0.983140421892827,1.1695949459650468,0.9556363897706757,3.394839614957184,-5.439702710218038e-21,0.0104170561479775,3.545878120912297,1.2368528363234788,0.16369027800926544
0.021951096310451224,0.2666072128789552,1.0160504490017368,0.672334313870381,0.5983080156107514,-7.535687000536286e-21,0.6710664242593335,1.0768480103595148,-3.1587725203006875e-09,0.05836580915824352,0.025835041263884806,0.8877117167194181,0.6721551192194706,0.9564619245519796,-5.923786837132634e-21,2.220446049250313e-16,0.9829150307614116,0.9165378065120862,0.12822143272896627
0.007637550766546597,3.852454158806187,0.9378360648711832,0.9000719505289784,4.609292086851017,-5.127069945092257e-32,0.900436564268941,2.8794191955546578,-6.812886217839562e-33,0.014166865439030785,3.7461300148958476,1.0927921537331124,0.9004760908651506,2.826257123599488,-6.527971128619097e-33,0.038906045329716976,0.28638423230312793,1.062928594253919,0.1304604194757246
2.220446049250313e-16,1.01726931174871,0.9340346020003693,1.0147136322329051,2.136913014971002,-3.271347143743797e-21,1.0147083582799645,1.458629948234573,-3.180265476308824e-09,0.004626678306210996,2.3736985003548075,1.1835260500201907,1.0147136322329051,2.136844542537622,-3.2712804916160587e-21,2.220446049250313e-16,1.017132366881949,0.9636868718528814,0.1360446936988899
2.220446049250313e-16,1.0167497039755566,1.2535580237654926,0.754465265333961,1.4719107194125103,-3.648867338170009e-21,0.754465265333961,1.4719808064295545,-1.480991389920161e-09,2.220446049250313e-16,1.0167526035527026,1.0063743239056644,0.754465265333961,1.4719822562181273,-3.3957610884442305e-21,2.220446049250313e-16,1.0168927775867909,0.8200725956696592,0.15574994898355485
0.019209330091388588,0.19364927322572267,1.0124779934305215,0.9003808019713824,1.416427725215121,-1.7085414907427327e-32,0.9003808019713824,1.4159203855857336,-1.7088583394159815e-32,2.220446049250313e-16,1.0178105422298576,0.8226924627201223,0.900278339946791,1.8280010200878012,-6.528371776316168e-32,2.220446049250313e-16,1.0167958629710827,1.064060217905487,0.13542865086476066
2.220446049250313e-16,0.9828417371768773,0.9728306063728975,0.8943352805401166,3.088120018732797,-2.3978137520538886e-21,0.8945855631911591,3.0155741825423426,-6.900980237916085e-10,0.008210518943328138,3.861932183113338,1.103770994608659,0.8946044020575254,4.455119405510573,-1.656792934970682e-20,0.031030377436755074,3.7168405107324296,0.966974767178966,0.13181526282396339
0.0058180701646829425,1.824972475645955,0.8979294847544659,1.004087466120244,3.2603802513725677,-4.13699168749536e-09,1.004069837467766,1.8594544590118751,-1.5721590850630415e-09,0.008414405175231288,3.8195691886071717,1.1173062702316379,1.004079038049073,2.8567528154924835,-1.7395696149582407e-09,2.220446049250313e-16,1.0177176038857867,0.9538569269982794,0.12992697120640567
2.220446049250313e-16,0.9835990482400692,0.8723810979426078,0.900543698316355,1.811444377746655,-1.9559474724550532e-23,0.900670139738439,2.267548945312162,-2.202432690969754e-19,2.220446049250313e-16,1.0169831544668557,0.8995867799476142,0.900670139738439,2.284240998425555,-1.0765996693046254e-09,0.02134235409514218,1.9291922895978697,1.0048503780132483,0.13574269742008466
0.022424004326584535,3.077619603173462,0.8833380441029267,0.6979342827695919,2.077478252667557,-0.03423241473673044,0.6979453114629454,3.710684749300417,-0.0038052970049263857,0.002856949018620658,0.2650464471815271,0.889018433889632,0.6977680996483975,2.3043981713044497,-0.0004754092512629548,0.006241122791707965,3.531459440447248,0.9320772414280923,0.12076340822453235
0.007961723376162855,3.749117840859406,0.9553116748192861,0.6748623522461832,2.8198197545375425,-5.389963136983913e-09,0.6748777847969671,4.168747860316874,-1.777809570620432e-19,2.220446049250313e-16,1.0177856162474566,0.8354245250353358,0.6748543027149654,2.803081748010899,-1.6055416927294223e-20,0.006454445477338977,3.7156418278061194,1.0628088230430839,0.13192311359926645
2.220446049250313e-16,1.0169366653122973,0.9955872256981086,0.9000365346145596,2.703341362991468,-5.885766871021487e-33,0.9000000006405584,1.8410703561160513,-4.046596097679653e-33,0.01146843389310559,2.741357425801085,1.0254051582980355,0.9000365346145596,2.703280736360445,-5.885511881303255e-33,2.220446049250313e-16,1.0168154120502517,1.0463401606352374,0.12753722717030033
2.220446049250313e-16,1.0167929454471887,0.868419093819934,0.9000031784622881,1.4487858283253456,-4.2178723395468696e-33,0.9000000006112149,1.8202453403471974,-4.0472038128705247e-33,0.003382348898146814,0.2403490132324423,1.1388371539609838,0.9000031784622881,1.4320233742398245,-4.242001951019989e-33,2.220446049250313e-16,0.9832680372761461,1.1444312246425619,0.1413953585485107
0.03286939638705377,2.4941982643113514,0.9466653236565886,0.9003000603184611,2.5483539246204647,-5.3648781769595775e-33,0.9004389741411982,2.9768268027702782,-7.391160555700725e-33,2.220446049250313e-16,0.982509579492489,0.9805778817902085,0.9001389601295062,2.220982460360847,-4.516721379124888e-33,0.022367277126584928,1.839455335792116,0.9489667294779546,0.13144294659615297
0.027111198236640432,3.0782822412103026,1.0180933823474008,0.9771157859487717,2.8530820316288756,-0.011353903485960446,0.9771557594271314,1.9876866683451002,-9.174706155212757e-18,0.004879876907114333,2.0234793499930186,0.883113271279108,0.9769737848304912,1.460285222736458,-8.605459338830942e-18,0.013418318124289952,0.2926886234254669,0.9613826191113931,0.1239296504355161
0.007202318146047992,3.8325531418487526,0.9141297612819611,0.9005476287045336,3.217329807654734,-1.1294049247970398e-32,0.9005476287045336,3.218319744339001,-1.449942191953433e-32,2.220446049250313e-16,0.9812602686892934,0.8482539051022167,0.9005332280776874,1.7926733077592711,-7.860889473358576e-33,2.220446049250313e-16,0.9832401420578267,0.8792742317318301,0.13716568259006348
2.220446049250313e-16,0.9833315223945873,1.1255859762509162,1.0785187595881829,1.6713159914034978,-1.5671979572076433e-09,1.0747465367720688,1.714763165139006,-1.9153921017278965e-21,0.1275013219656289,0.02384947271476756,0.9756824718302183,1.078521400740406,1.2350221402990962,-2.557174237299011e-21,0.003375521119731051,0.11074382018578399,0.8392648471781481,0.1353153519621142
2.220446049250313e-16,0.9832543582156241,0.925414638207008,1.0113863214768415,1.4224657613022598,-3.172510254913857e-09,1.0113863214768415,1.4393643232565054,-1.8225082818702493e-09,2.220446049250313e-16,0.9829627295343866,0.9459980750166856,1.0113863214768415,1.4392185089158867,-1.3608014116415198e-09,2.220446049250313e-16,1.016759853442878,1.1605878976490922,0.13871302018424037
2.220446049250313e-16,1.0167846955546713,0.9328392726480731,0.9000000002053843,1.8582510490749842,-4.016936271351903e-33,0.9002982299660347,1.461502039606064,-4.1744744402500975e-33,2.220446049250313e-16,1.0167725560495333,0.8246702183998588,0.9002982299660347,1.461495969853495,-4.1744828289520544e-33,0.03276896428889686,0.2232745371116931,1.1420339016837475,0.1439797514067271
0.014878998142110023,3.777265523402319,0.9886928930676091,0.8657555931260947,3.547839248658345,-5.601965240017245e-09,0.8657719421020854,3.9346498647620054,-2.067478525808168e-08,2.220446049250313e-16,1.0170177190204026,1.0533954684093672,0.8657080128070667,2.5545259625710472,-9.642808959785977e-09,0.007524453747693949,1.7906389512277234,1.0105973211321189,0.12517797336751757
0.01213170185028667,3.731356881455858,0.9935621064591071,0.9000747402644561,2.8164272608504914,-6.49476192434164e-33,0.9000408819019791,3.185159094600964,-8.958708035438687e-33,0.011040739761076335,0.2814976402560243,0.9586888752287197,0.9000338599004128,1.4602294740010469,-4.213020214206961e-33,2.220446049250313e-16,1.0189613077569688,0.8799944755536394,0.1270073310466175
2.220446049250313e-16,1.0176323114982742,1.0269503889905047,1.0541111707447859,2.809930163535603,-2.239375204626381e-21,1.0541080151165518,1.4482210003246037,-1.9828552122826453e-21,0.0036476721306790694,3.7410624674188826,0.7945513402946711,1.0541111707447859,2.809936078284908,-1.5603337124333301e-09,2.220446049250313e-16,1.0176441409968842,0.7695201938519708,0.15064954458431487
0.007561102390026386,1.8207633091591318,1.0460716900888543,0.8078420482117634,2.0419132150524364,-4.2685557534815244e-17,0.8086765936078077,1.1545681017813687,-2.9562642206498025e-17,0.006523643244442323,1.7996157827770716,1.0113053028285748,0.808672076230558,1.1439943385903386,-0.03185531412644894,0.05235144985080342,0.024925556234935642,1.104658422809162,0.1383935351061416
2.220446049250313e-16,1.0171243124263147,1.008540123863586,0.900000000640368,1.810470104030393,-4.100287562768336e-33,0.9000167360544373,2.230230183298909,-4.594239532895486e-33,2.220446049250313e-16,1.0166481742228068,0.9635862797829875,0.9000167360544373,2.229992114197155,-4.59376506563968e-33,0.007761961790721195,1.8561683327598388,0.9287423287447215,0.12638758305628736
0.010935935855529433,0.16340858316388285,1.1839805316290373,1.0660769055623915,1.4571491254318305,-1.7722137194211094e-21,1.0660711284504705,1.0108875809817972,-1.0534829906739721e-09,0.004963397591267293,1.8755331763397565,0.9980002816131599,1.0660488596809088,1.866949877569734,-1.0865464853463554e-21,2.220446049250313e-16,0.9830100874396901,1.0642564560053305,0.1322498764581311
0.017740099829906986,3.770577748477878,0.8675402658331591,0.9000874155163973,3.203887765282719,-9.118449618046014e-33,0.900101122140073,4.550649546972935,-4.708793722107605e-32,2.220446049250313e-16,1.01719778277376,0.9904382775025626,0.9000137079549572,3.173959564120876,-8.865123824538792e-33,0.007024885313085649,3.710721346154193,0.9550516395730319,0.1291524300936065
0.08157401502335415,0.024138038630602487,0.9831228664215266,0.8897262768792451,1.6773333493141473,-3.6745669806729663e-09,0.8897341850934916,2.185586367918198,-3.711126197086934e-21,2.220446049250313e-16,1.018961762047477,0.7815132148430641,0.8878624669172946,2.6829982296266355,-4.560564457349668e-21,0.0053051587301822245,2.0354677992555783,1.0731247295769444,0.13807273052302457
0.020083722301057594,0.115282755237539,0.8673455205272231,0.6876698987247629,1.051078938329247,-7.3889322231613664e-09,0.6880534338509161,1.457859961242954,-2.811159548119066e-10,2.220446049250313e-16,1.0167363055703575,1.0050488860898952,0.6879068613433827,1.9085867364093632,-2.8075645136445807e-10,0.032485018759770834,1.8302983513977715,0.9629294441153928,0.13160252120669683
0.04399179187783431,0.1509132780925122,0.987520734806781,0.9010783960029951,1.39296803117502,-1.2557775101516278e-09,0.9010783960029951,1.3930437269847007,-1.7408437366660633e-19,2.220446049250313e-16,1.0167779583932828,1.0064748613485055,0.9005413021438935,1.825976067135086,-2.915256256346533e-23,2.220446049250313e-16,1.016929350012644,0.8572478668200418,0.13191163596172664
0.016990204839680056,0.02513726587723386,0.9960926163509527,0.7956909583988031,2.536001450772879,-0.0040762847492530905,0.7957334014438586,2.549219778131674,-0.004176782722802821,0.0053550293705735275,3.771052872490215,0.9773530508073892,0.795651714516437,4.422177581438165,-0.0524809844570896,0.012797114173678126,3.797489527207805,1.1613875304882595,0.1600605792392284
2.220446049250313e-16,1.0167927395975986,0.8859157986982044,0.6357308997077176,1.4598200728796469,-4.9560044942106214e-21,0.6357645755727078,1.8847169831611759,-2.4731806498611475e-09,2.220446049250313e-16,1.0168281277937072,0.9961847483127328,0.6357645755727078,1.8847346772592302,-6.995591677840292e-21,0.00925404883942571,1.8666219483567654,0.9199573772035308,0.13042871437532458
0.00837186311812066,3.744773747491795,0.9942895303574604,0.9006285398266397,3.1895246261633488,-2.3769335474236495e-30,0.9006285398266397,3.171992196726348,-2.3374638712461823e-30,2.220446049250313e-16,1.0177991006440559,0.9874127666389754,0.9006090842891997,1.8085048733024784,-4.039682591452601e-33,2.220446049250313e-16,0.9827342417700546,0.8867607831545933,0.12871137592575993
0.0366349386359085,3.767543999776051,0.8974978882956257,0.6264794793499131,2.821074697077318,-1.4562262065372002e-20,0.6265529875585337,4.208485739107631,-2.0894955833742706e-19,2.220446049250313e-16,1.0168734309871483,1.0137709429864998,0.6260172416588027,2.833150454713179,-3.019910401011106e-09,0.013572632168146415,3.791695515047773,0.9355827646624683,0.13308925103987224
0.006561383664936304,1.9048058956657044,0.9703385887440544,0.6280175224298137,1.5582212022797917,-4.503641722803089e-21,0.6279832727306096,1.8782550168552825,-1.5517921763423495e-09,0.009275521487694172,0.34294389090605687,1.036180467459248,0.6280003842364129,1.0973240144754588,-3.0338288306142274e-21,2.220446049250313e-16,0.9830115200570386,0.7677072052454833,0.13642179682997302
0.006425793094468446,3.828407655259225,1.022924568071266,1.0263887071674072,3.590387520205411,-5.092733453138164e-10,1.0264252712924895,4.947134586444307,-2.430017523634484e-09,2.220446049250313e-16,1.0168602806480598,1.0901714202071044,1.026415214296541,3.5413608991387235,-1.6543608262043745e-09,0.012252293424429572,3.73035441312585,1.0198991671319737,0.1265352960412758
0.008482760728739658,1.8301252354420352,0.9486279035142235,0.7654789452303489,2.205568237283764,-4.426365190004545e-10,0.7652340202164697,2.56830060887809,-2.409561775156639e-09,0.027382837482893052,0.2568660165338639,0.9815340171933035,0.7654554441482384,1.7816709994240043,-3.273295660631229e-10,2.220446049250313e-16,0.9823307597225157,1.0771705848865638,0.12602778348289087
2.220446049250313e-16,0.9828785156415258,0.9015783584361573,0.7646963270958969,1.7865628690411484,-1.2040026836302698e-09,0.7645510642120856,3.544311693803772,-2.698736760419311e-09,0.022706625269254377,0.275701058398397,0.938835178821125,0.7647196383011174,3.190722965182208,-3.1237243629085408e-09,0.008444232284452013,3.7911987079236456,1.0273947632550788,0.1271875126297807
0.031719072409215454,2.007586108041184,1.1080057074272684,0.9899741339448822,1.5811033102130099,-2.179154954839911e-21,0.989595832630814,1.954234126113194,-2.2151711564566213e-21,0.03870074727045181,0.2705192646093473,1.0049536304687483,0.9897200291510065,1.0857007043972757,-1.6895319407429315e-09,2.220446049250313e-16,1.0167808964097154,0.9871105782089363,0.13528711760230583
2.220446049250313e-16,0.9832199008264959,1.1101083486519876,0.7818760213943542,1.4383687764047026,-4.0918387518486794e-09,0.7818760213943542,1.455996072365437,-5.5375565307648324e-21,2.220446049250313e-16,0.9815753401753884,1.2153797251867744,0.7818760213943542,1.4551737920398833,-5.536520105192132e-21,2.220446049250313e-16,1.0168299320968572,0.9620667346190406,0.1458539700932141
2.220446049250313e-16,0.9826981325705246,1.012434906640064,0.741395525347885,1.4620495798745192,-2.247036648794472e-09,0.7423428020382876,0.9654359336655786,-4.5077476248726085e-10,2.220446049250313e-16,1.0171636171337977,1.1481068438783146,0.7423428020382876,0.9826686759472151,-4.4781032550913574e-10,0.05301906698895831,0.023936324715916335,1.0250106337691638,0.13220653274587674
0.02581536508748139,3.793697636599459,1.0142536067730261,1.0088058109697913,4.008091278682776,-0.027141405992977465,1.0087715531371382,3.2991142451411823,-1.765654694441222e-17,0.013007800779906709,3.5893444740497986,0.768285410656584,1.0086483189506532,3.1969376638663523,-1.609827952540387e-17,0.005564820367405021,2.1713904069666103,1.1520683086523988,0.14392510918943685
0.01730476283418181,2.161491419350749,1.1643821607337144,0.7171184240546694,4.216718256672457,-3.1398028071044164e-17,0.7171548999310059,4.2507712959055715,-3.323817762274899e-17,0.0070739750570461,3.803928533704801,1.0130607590426146,0.7170679491151667,5.071989853082598,-0.027578882983217725,0.012436795242529386,3.8720346121710305,1.2406274145492309,0.16566169113216045
2.220446049250313e-16,1.016760511144638,0.8529959557832678,0.7096144981253806,2.680664373472534,-5.046651658687002e-21,0.7095769481496559,2.158727283970467,-3.234752449052699e-21,0.010323817545507374,2.0269977657806946,0.8246646982927146,0.7096144981253806,2.6638459112884956,-1.7418358997752924e-09,2.220446049250313e-16,0.9831235867765615,1.070102037415597,0.14198308290814948
2.220446049250313e-16,0.9818444175403581,0.8898057557616932,0.8648760827964458,3.2434036378755122,-1.1339386193829172e-32,0.8677125210752413,1.3597184692301083,-4.683433133514145e-33,0.00864610630991025,3.7887079626888944,0.9978636110113304,0.8677340588036823,2.7631502418043765,-7.107189680376682e-33,0.09951641286328394,0.02133762539808748,0.8944312178494414,0.13020137149961972
2.220446049250313e-16,1.0168529320876896,0.997074405768513,1.0483029575798506,1.4582873100400926,-2.108446087297578e-09,1.0483029575798506,1.4576449863096559,-1.993002201875851e-21,2.220446049250313e-16,1.018196075245055,0.8549779896518969,1.0483029575798506,1.4583165578883386,-2.989492529031877e-21,2.220446049250313e-16,1.016911427784182,0.9958917286549239,0.13395707546218782
2.220446049250313e-16,0.9832177140074945,0.8704440316232422,1.0565901918071516,0.9420820494641267,-2.9018602903329733e-09,1.062615300661645,0.941483501636619,-3.3533443334002883e-21,0.09199775993352621,0.02490527374058843,0.7337983075975015,1.0646046548445258,0.46232728150316593,-8.056621634250938e-21,0.18439217821566156,0.02370817808557285,0.8544029476350536,0.15869314201100332
2.220446049250313e-16,0.9821271022436711,0.9521001347792135,0.9009702005863433,2.481456249990732,-4.937457158873331e-33,0.9000000011583981,1.8536107343377144,-3.988541857648426e-33,0.0591151462736752,2.2725496930154985,1.08081246330608,0.9009702005863433,2.498822029723628,-4.986983566635279e-33,2.220446049250313e-16,1.0168586617094633,1.1552474024252681,0.15300044161261553
2.220446049250313e-16,0.9811755200217305,0.8929761469485746,0.8911475562802064,2.8271889415715807,-1.4726535720610512e-09,0.8912370187705604,1.0630572564710592,-1.7112689644651815e-09,0.012897308589555734,3.78650599532228,0.9935874824018887,0.891283677574914,2.465722494121334,-2.276368993557174e-09,0.022028474630789163,0.25824262512123697,1.1644033189214749,0.13705796235271117
0.004618013878750715,3.739296169547219,0.9575099661409572,0.9005497674049224,3.1891691719553594,-2.5880032653272565e-28,0.9005497674049224,3.1900984009691955,-2.5903085509197235e-28,2.220446049250313e-16,1.0167210532076676,0.938067144585962,0.9005438470985007,1.8288108427994199,-4.0380782427821045e-33,2.220446049250313e-16,1.0185795112353397,1.0358357331238455,0.12619170742783262
2.220446049250313e-16,1.0167346729576061,1.13723418266926,0.9296056361539692,1.4949402070174478,-6.878556126783945e-10,0.9296056361539692,1.4950072427827266,-5.466296742863017e-09,2.220446049250313e-16,1.0168796680570507,0.8676363795083709,0.9296056361539692,1.495079740332449,-2.397688536700916e-10,2.220446049250313e-16,1.0170137395876082,0.9961055376260364,0.13860628849243203
0.010030034747105177,1.8509879413979295,0.8729751291872195,0.6107503866791919,1.377093210334157,-1.4279656942766854e-17,0.6008580545770147,2.2899265486169735,-0.018228339580067893,0.15517201368806488,0.025441858325684852,1.0213526002553355,0.6107530416359506,1.377153507080851,-1.5488285191715236e-17,0.010348317476457147,1.8511085348913177,0.9419945606349527,0.12747397910763464
2.220446049250313e-16,1.0168222421621302,1.0266085924222756,0.9005440384246101,1.8281697146984828,-4.037709319915296e-33,0.9006137002326865,3.162475730021403,-2.1098889594257882e-29,2.220446049250313e-16,1.017100655454636,0.8919924905181754,0.9006137002326865,3.162614936667656,-2.1101668178637518e-29,0.015841206059250768,3.685712686100477,0.91153081903932,0.13216643624654192
0.005058751363668401,1.8473733443517337,0.9491227182789006,1.0507471613868606,2.1350928661127,-2.0646186432282553e-21,1.0507471613868606,2.1354411987260864,-2.064692075541167e-21,2.220446049250313e-16,1.016984347564243,1.0632539531389067,1.0507410726148785,1.720246700332341,-1.9144426420209015e-09,2.220446049250313e-16,1.0176810127910159,0.8058340320262943,0.1362213060519347
0.014645821965550532,1.7952618319872995,0.9902866131584374,1.0724670655611495,2.583089367414372,-9.49984040045697e-22,1.073021606991873,2.0870209080319717,-9.754151065633599e-22,2.220446049250313e-16,1.0167964970987922,1.1744686498469263,1.0729716301099943,1.6977882405877178,-7.041771608601849e-10,0.04878037224291609,0.024659578333990906,1.0554133260065628,0.13416540053054982
0.012122746284221275,2.454883948114322,1.024017464166895,1.027818105440646,2.897901560323646,-2.062043030951565e-09,1.027826944768288,2.528449154898921,-9.37742784677702e-10,2.220446049250313e-16,1.0168082825845137,1.0305044164147896,1.0277911985919017,1.809411322134017,-6.86129779365767e-10,0.006028353027977218,0.2779034717350628,0.9421757861966954,0.1236350622859553
0.016346733072394093,0.0271088016481833,1.080628173298406,1.0274980230648534,1.6675913626390835,-1.3357640469806163e-21,1.0275033726974252,1.3521191505850825,-1.608790789976363e-21,2.220446049250313e-16,0.9818460114270675,1.0129344933404696,1.0274383548726969,1.8294877554745246,-6.451192990377297e-10,0.004689030262645888,0.3509015873190653,0.9988961550719812,0.122249611104143
0.013593300539144648,2.53434287990355,0.8853639953330328,0.9002020141755834,3.914453062941597,-2.003065241531461e-32,0.9000513257085808,2.585574632290714,-5.5028351484054546e-33,0.02329280644334719,3.6745632454236032,0.9661062750801456,0.9001506970591111,3.1556848150507406,-8.704142705999171e-33,2.220446049250313e-16,1.016806384121838,1.0105512500060996,0.13081937822609055
2.220446049250313e-16,1.0188553883669715,1.036058840872054,0.7569291798422983,2.828437053258657,-1.541926717850694e-20,0.7568076845169703,1.4728343210431296,-2.797077202583684e-09,0.019178735766274935,3.728169863095368,0.9025904258350669,0.7569291798422983,2.8274915584073277,-1.5400855231037637e-20,2.220446049250313e-16,1.0169643986643129,1.1257150005800236,0.13562450107711582
0.0406395999998036,1.9300217182122705,0.9183458214578997,0.639463374241279,2.6193076537520374,-2.4735566207676163e-09,0.6395949767339593,2.260708594663752,-3.874495314077741e-09,2.220446049250313e-16,0.9831865934990791,1.0407975509875624,0.6389490947792648,1.7872910323071567,-6.262543235036636e-09,0.018348147986746666,0.26598847532250947,1.094257982888864,0.13439622607827328
0.008719288956315241,1.7848327596665075,1.0220377648842147,0.9000242303387211,1.8388322076915946,-4.0758667497887563e-33,0.9000959001199766,3.5403760829613393,-1.2923852949162998e-32,0.0033472964779133196,0.27283165571668166,0.8656741199583192,0.9000778958566278,2.7843755309864267,-6.335811027802111e-33,0.01640831574775281,3.6759194062561713,0.9066055204207394,0.1273110134912648
0.10227577353385198,0.02469711660152149,1.1799125487265734,0.5021927728311137,1.1500197207696092,-0.04806457578769209,0.5025949754794464,0.38303034754711657,-0.1059387336733621,0.010061910847497635,1.8117799740818383,0.9435846436348899,0.49741548375192646,1.276571776287275,-0.042671762009507556,0.03015789509678224,0.277801227636853,1.025744837431805,0.13638496932726638
0.021923779197970727,0.31335515795168617,1.0639751473179575,0.704835343943704,1.117729775797749,-2.138700365212458e-10,0.7048460233661694,1.574543194141406,-2.450207172822619e-10,2.220446049250313e-16,1.0171935506979537,0.9974072953683398,0.7046755215047149,1.92646239051454,-9.946246238913355e-09,0.005487181947627984,1.9308203873852685,1.0729776985620512,0.12580666284360914
0.007061676501489034,3.7058090138704123,1.1154836481891284,0.6037073845436236,2.7697665428512677,-4.7442293910586304e-20,0.6079555045315902,2.290891007592206,-2.3962837562282892e-20,2.220446049250313e-16,0.9833001105894441,1.1058506747416932,0.6079349980489317,0.9296365559517222,-3.823470582446557e-09,0.10146220318677968,0.02554904007132125,1.0488956087102568,0.13285005453634055
0.013815622455161769,3.688152340072178,0.8614896598086226,1.0650297976329717,2.2914337655384363,-3.0168071582105515e-21,1.0581010629844703,2.77061857596756,-4.299089677767594e-09,0.1715261516927522,0.02461306828036769,0.9450729247416005,1.0649849924455352,0.9388489400716546,-4.4146758600891496e-21,2.220446049250313e-16,0.9829826891386153,0.8856579548360468,0.13794916266622123
2.220446049250313e-16,1.0241466243859942,0.9573590229749669,0.9001356701151901,1.8674494834716096,-2.0831215466839167e-09,0.9001356701151901,1.8844268018147545,-1.5133064810313042e-10,2.220446049250313e-16,0.9834397707580119,1.0745138122228364,0.9001356701151901,1.8640733750007636,-3.837322629338295e-09,2.220446049250313e-16,1.0173944074443024,1.20644979364796,0.14377780465180823
2.220446049250313e-16,1.016728156429048,1.0474759852055797,0.7872820105588366,2.1639710728962527,-4.525260762045427e-21,0.7872820105588366,2.1468662010061985,-3.214445110140382e-09,2.220446049250313e-16,1.0175110073873874,1.0142363189858756,0.7872820105588366,2.147257626485368,-4.491890793402488e-21,2.220446049250313e-16,0.983301263607278,0.9902953386754498,0.12879754786951159
2.220446049250313e-16,1.0169220542155857,1.1586056408335879,0.8935915531909988,1.9644690775741056,-1.69749023179318e-10,0.8935915531909988,1.9645760244430708,-2.6391442260187897e-09,2.220446049250313e-16,0.9830762484137207,1.0639337154786046,0.8935915531909988,1.9476531215421382,-6.981234760095845e-09,2.220446049250313e-16,0.9832901421516509,1.0656649608095787,0.13844690817678554
0.0072069725353685055,3.651303300123203,0.9451838342421048,1.0271553766303225,2.772556250560177,-2.6443592595624308e-21,1.0271908492261315,4.150522391151565,-9.630525290923524e-21,2.220446049250313e-16,1.0166988095663458,0.9301627991460377,1.0271782077650102,2.8332201458731365,-1.8302355708060583e-09,0.012072530250251345,3.772631090749123,1.0307195180536082,0.1262781433153423
0.036288462488691664,0.26050468582825204,0.9708733142842475,1.0307449015525167,1.0902845757356323,-8.309155213772169e-10,1.0307449015525167,1.0909456697105768,-8.304572174659571e-10,2.220446049250313e-16,1.0171638007022334,1.1179070329575211,1.0304254586439578,1.4692752271475675,-4.47045677864153e-09,2.220446049250313e-16,1.0184859886521225,0.8672059920970697,0.13599960581799325
0.003915123772558982,1.838107456495898,1.0225268517747506,1.0997539404254468,3.2167729508043985,-9.60172167648327e-11,1.099746882511314,1.8602983728965767,-3.041979274968682e-09,0.0055720531124079375,3.7296429983741257,0.9567570933588229,1.0997504559599964,2.8060661438356904,-2.952696750898811e-11,2.220446049250313e-16,1.0166938425584817,0.9132192218670205,0.12273174038100636
0.005878369958680407,3.856234703515746,1.0312213476828214,0.7017404096249922,4.565881910964575,-0.016754239012928378,0.7019103896796098,2.838586924046126,-0.06164905549259812,0.024610496956435357,3.7441427572569084,0.9661452569467156,0.7021137769647577,2.782540950916707,-0.001093967401024026,0.03290686614526683,0.2895527834200098,1.06897340953716,0.12662439945368953
0.04373266662875186,0.14502840731870875,1.1014325726659473,1.0651917782484468,0.9636633549322449,-1.1963504459683521e-21,1.0651917782484468,0.9629128661403124,-1.1972974165837966e-21,2.220446049250313e-16,1.0189083021693601,1.0678324523721905,1.0647428099700216,1.399852813565638,-2.7424068280244977e-10,2.220446049250313e-16,1.0174073245854949,1.1079036620272782,0.13571768233880382
0.004626286883011033,3.927613146551689,1.14511305380192,0.6928508885628207,4.246769129318136,-1.7647126869029627e-16,0.6928405071863857,4.201505528761425,-0.03037326471277105,0.00679171833106007,3.836536803929357,0.9881756493747027,0.6928494287015544,4.155967357450259,-1.4750939311291274e-16,0.0041661336853309194,3.7460096028159358,1.1329358939911696,0.12728417171476497
2.220446049250313e-16,1.01700499153848,1.2337442492325381,0.9000175630798116,2.3365267569725168,-4.7658852795863305e-33,0.900018186798881,3.170549288157118,-8.836100841946684e-33,0.007951585014659757,2.03604851789825,1.0947465402830057,0.9000357495237998,3.680071051337003,-1.514388473703095e-32,0.008091547286569578,3.7040935802674526,0.9246953517689197,0.14298438893397372
0.00437354147972191,3.9084816064510393,1.1056886325366162,0.6178680969761953,2.485465492062827,-1.4558759148582112e-16,0.618006121221082,2.318408519401472,-1.1339086801944737e-16,0.005323548978916071,0.35847727070956686,0.9867756691241133,0.618009847835012,0.5434063515307359,-0.03299208095401433,0.019222418817991915,0.024363325386857093,1.0452793958677344,0.13429602680606906
2.220446049250313e-16,1.0168034668885104,1.0343463725312652,1.0565350790096202,2.9241781439349537,-4.888722467851064e-21,1.0563454058569064,1.4509890056857244,-4.604638255507058e-09,0.028311012093240162,3.9291782980899836,1.1977977933319057,1.0565350790096202,2.907176421286461,-4.835948380651278e-21,2.220446049250313e-16,0.982800021591526,1.0734474576632456,0.14718008965184318
0.08184649124934196,0.08530850657793798,0.9872178028968068,1.0845635424806317,3.092991954398815,-4.667628845018096e-11,1.0844422938209164,1.758521913003543,-3.927051334983993e-11,0.022934212459382097,3.6856959319490463,0.9421703533717638,1.0830183071459238,3.5587156256890973,-1.8060129600595353e-09,2.220446049250313e-16,1.0167558491585016,1.0131849005674076,0.13004306083883557
0.054043163028125396,0.22737522199708993,1.134520320096145,0.539853079983694,2.3849366646366783,-0.03204462775190953,0.5399689806228501,1.643102603232515,-0.017829244482290934,0.003934326032539293,1.8277649243733636,0.995020113440134,0.538622231030713,2.4432974544206516,-0.06594434853843363,0.016302854208039008,0.3440968015650365,0.9776010740309657,0.1524815706689936
0.008884727287717609,3.738180239519747,0.9260097701538397,0.9510728251052899,2.8214884869540935,-1.394532198948042e-10,0.9510728251052899,2.8039733213322453,-1.375035881775041e-10,2.220446049250313e-16,1.0181308115714065,1.021070421654287,0.9510520750538684,1.4439486073580752,-2.8022835428012745e-09,2.220446049250313e-16,0.9831004803277105,1.0159745761173649,0.12723878043711742
2.220446049250313e-16,0.9831829997078352,0.9265988917435701,0.8986415937217209,1.8995001378253404,-2.2007880368178675e-26,0.8986415937217209,1.8827416658331293,-1.5202781353235964e-26,2.220446049250313e-16,1.016804117960832,1.2045801361817166,0.8986415937217209,1.8995522249596277,-2.9306758170254804e-27,2.220446049250313e-16,0.9832871739764096,1.0910064853592643,0.14499467918441156
0.008848685165059655,2.080203624611833,1.12196354605744,0.900021749667044,2.349043090121177,-4.766778100782214e-33,0.900021749667044,2.3659851207167524,-4.808069990108787e-33,2.220446049250313e-16,0.9829358034130923,1.1430920418481358,0.9000000001439733,1.8173512101173823,-4.0519634973287625e-33,2.220446049250313e-16,1.0168198646042428,0.9837296864365354,0.13670654418750255
2.220446049250313e-16,0.9833643728971649,1.1126444483686317,1.025657962669683,1.4234849000868646,-4.8472299964895e-09,1.0257273577019583,1.877226866636976,-1.7830969364761622e-09,2.220446049250313e-16,0.9830427582385759,1.0701894243548782,1.0257273577019583,1.8770660593076813,-1.7830779897121283e-09,0.016873408103675658,1.8905266913387986,1.0800583176467742,0.13564187304742378
0.024678623155603763,2.6822265998554986,0.9184436588977247,0.9032954697165614,2.1639578213837947,-4.346218264912155e-33,0.9001985358730176,4.041758365958307,-2.352112080334493e-32,0.10619028571423217,0.025689042912091065,1.0625384139646852,0.9031561742896582,2.713489587486604,-5.895905423055076e-33,0.010284626147434972,3.7812901320611165,1.0224925603261685,0.129062298580729
2.220446049250313e-16,1.0175408922171798,0.9611601028960143,0.9780721731483794,1.4871902123690683,-6.03208151538281e-09,0.9780721731483794,1.487092303603424,-1.1641718913297235e-09,2.220446049250313e-16,1.0169609372957822,0.8536554277971241,0.9780721731483794,1.486802326142725,-1.5331006501596527e-09,2.220446049250313e-16,1.0167651197644934,0.9672002857770332,0.13464007235784126
0.006948363100770738,0.29743553742341877,0.942778278960511,0.9799084734475851,1.7328006135998593,-3.399426849948691e-21,0.9799084734475851,1.7326897909842773,-3.399563414915839e-21,2.220446049250313e-16,1.0170850201095232,1.011206602894299,0.9798961559570926,2.0925145323273293,-3.976761979061373e-09,2.220446049250313e-16,1.0168633748783593,0.8516378369731279,0.1306783835371717
0.015780311290196747,1.7964739562222696,1.0514259466584297,0.9006129779462035,2.200907290851846,-1.388547532498068e-28,0.9006129779462035,2.2009609057219146,-1.3885775084067952e-28,2.220446049250313e-16,0.9830901493595342,1.093020853396123,0.90054385064411,1.794269002290547,-4.0269299816278564e-33,2.220446049250313e-16,0.9831973790996712,1.1728978330433113,0.14057650979699352
2.220446049250313e-16,1.0167361845198242,1.091662168754295,0.6215047566937646,2.8793121905627617,-7.004566819648961e-20,0.6247970644281866,0.9746535877069097,-7.587826807646817e-09,0.005676178409114607,3.833201778740873,0.9993092360233345,0.6248099560816437,2.382886384817434,-3.385401822361829e-20,0.09076693919891843,0.023884573029168132,0.9901354903355114,0.1253908876482021
2.220446049250313e-16,1.0169396455685038,1.0024951296630296,0.9005435430742856,1.4449731384147215,-4.201876358744935e-33,0.9005604791513026,1.459732465575758,-1.6556612688633111e-28,2.220446049250313e-16,0.2507690708609933,0.8679973675459304,0.9005604791513026,1.0766471782220028,-2.0795623808207983e-28,0.007810715259910395,0.28028772518306644,1.0615901733018358,0.13053300193537345
0.004427375881623563,2.0885447969296282,1.1192483691328285,1.0615204645732574,2.7029633312583488,-9.057556554251351e-10,1.0615272832764509,2.33334710249582,-1.0361197160157232e-09,2.220446049250313e-16,0.9813575460724653,1.0371633063480281,1.0615226668854902,1.7797534770672387,-2.187718473854897e-09,0.005380786644749724,0.242125088547408,1.0906449070532633,0.12768581188693706
2.220446049250313e-16,1.0172441004957427,0.9263571937111248,0.7825861920167445,2.792410185729588,-4.537184262231218e-09,0.7857177269339456,0.9659164700817836,-3.528564508380543e-21,0.01045397546297,3.6779951432694395,1.0676960396984807,0.7857524987040999,2.2962919914686317,-5.600818907947944e-21,0.09965782743435336,0.025007711973830782,1.0266700508783393,0.12858389763187103
2.220446049250313e-16,1.017211643010166,0.9834388842455228,1.0607263542701386,3.4838101760517404,-2.1360878877381278e-21,1.0606628745084596,2.1956999179049266,-1.265043185230667e-09,0.0164112938351213,3.5933739092933052,1.1678512616007393,1.0607263542701386,3.4837810510464964,-2.1360485855751455e-21,2.220446049250313e-16,1.017153392999677,1.0147647321659838,0.13784484237902087
2.220446049250313e-16,1.0167778649051065,0.9790173824706239,0.9000214255393569,3.187227432706424,-8.962787257934977e-33,0.9000000000561265,1.810061420683367,-4.0621768633776514e-33,0.008782520010629513,3.734788671965668,0.994958906108551,0.9000214255393569,3.169066824213648,-8.808817906090058e-33,2.220446049250313e-16,0.9804566479195534,1.0486675643974044,0.12665712764186063
0.05820894569154922,0.023824012170590936,0.8979777990925499,0.7360831580372588,1.2837824991651576,-2.5416664991583224e-21,0.7360831580372588,1.2838347641716648,-2.5416517810317576e-21,2.220446049250313e-16,1.0167547982949194,1.0187915168440203,0.7349314763070385,1.780300157233829,-9.509284268462556e-10,2.220446049250313e-16,1.0168593283079341,1.0766339309012436,0.13059252075466418
0.010566466430591115,2.184382872957685,1.0607141553583685,1.0510824008118633,2.7660362660222946,-2.2672403901963805e-09,1.0510907238032459,3.1991485452281756,-2.5205014330653493e-21,2.220446049250313e-16,1.016717027084413,0.8961148094371502,1.051064167669518,2.61531562229154,-1.9980837379751604e-21,0.005915465966596534,1.882941585496175,0.9380993512527942,0.12760895398366975
2.220446049250313e-16,1.0173368337831281,1.1004604443706236,0.5747743303715701,1.4101338161518595,-1.490302542994653e-20,0.5747926970791477,0.944455937638535,-1.1881335076577653e-20,2.220446049250313e-16,0.9829395102297281,1.1238482896991504,0.5747926970791477,0.9272572758618349,-8.890187291401324e-09,0.0064982707598376654,0.051583753203079064,0.7973241967180469,0.14309849404112424
2.220446049250313e-16,0.9832909783481327,1.0397907299229283,0.9005428401526364,1.8110508959465994,-4.0322248514778195e-33,0.9010722866160044,1.3107486164176387,-2.80181909008547e-29,2.220446049250313e-16,1.016907763484906,0.9019955566673845,0.9010722866160044,1.3275570089860254,-2.7781085727271583e-29,0.043677425684622295,0.016303204426984852,0.8640653044560433,0.13357949815546016
2.220446049250313e-16,1.017027536422256,0.8319482194482786,0.7742148034525562,2.173672359340701,-8.923064542911322e-10,0.7742729429178244,2.547719443679203,-3.0845264048929795e-21,2.220446049250313e-16,1.0168800349822695,1.0878592119368193,0.7742729429178244,2.5476456929592097,-3.084351840758037e-21,0.013418513296820755,1.764974203659273,0.9213971837419634,0.13805374966191095
0.005894362441551726,3.837560615095175,1.1628659926890288,1.009645263455839,2.2320613919155305,-1.520050921973269e-17,1.0094307301480177,2.211525914014835,-0.015629978091191113,0.04540872626707193,0.06510851949325847,0.8812935715178511,1.0099326727180693,0.32529986621387647,-5.518575427963116e-17,0.034577945541875654,0.02403756369186677,1.129347180414663,0.13467467351900156
2.220446049250313e-16,0.9831796018412053,0.9717001778474063,0.7856317711124231,3.493760012617369,-7.885746676189109e-10,0.7856170102207796,3.4183384327639037,-5.044990261551753e-10,0.008585661221438334,3.8042322287756254,1.1037917875102932,0.7856404670951854,4.828864746231114,-8.022406347952047e-09,0.0052275723425624365,3.653389069068695,0.8710744432051114,0.13005725550280875
0.010444959225673567,1.804494626139334,0.9556126285441137,0.8670120653136992,3.039798994542982,-6.99520596564758e-17,0.8670105024889195,1.278984955353233,-2.2049607814510244e-17,0.005696618466428105,3.764779560927553,1.0346220320682102,0.8669884016354842,2.2591274227473424,-0.03373590873906451,0.005199184077992913,0.24315148254805524,0.8714529563777653,0.14098453125771665
0.008850335181205149,1.9087610812685882,1.0897123037288974,0.9016181909005724,3.672430260802123,-1.3277927205890418e-27,0.901606386075916,2.2604795031610054,-3.8722093737956853e-28,0.006524837154626484,3.8071495137128903,0.9923333053017604,0.9015964717912394,3.2096737193831566,-7.03823755590757e-23,2.220446049250313e-16,0.983247998430655,1.1202295236565876,0.12991414432114984
0.008236013879287962,0.30187871460517673,0.944330369458927,0.9894961140435408,2.5073175429125056,-5.310389473237175e-10,0.9894868253542295,1.086950861650695,-3.867289530407931e-10,0.006063358421904308,3.8231657220317445,1.2493495915836101,0.9894789758984057,2.847594365363979,-1.8198841630098098e-09,2.220446049250313e-16,0.9824323595081241,1.0509183464968368,0.14222364770731705
0.010021057803967226,1.8028728755745085,0.9295525345099285,0.8493010462720101,3.212543347689861,-8.863305081120207e-21,0.8492000393506487,1.8365474350018047,-2.0033590417671253e-21,0.01852351832605592,3.735263910392351,0.9923993550528648,0.8492714856858058,2.8027429524107257,-1.8480970493667822e-09,2.220446049250313e-16,0.983272085016238,1.1058827505538853,0.13054198969340028
0.008818116414101906,3.76683770054541,0.9152501209901651,1.0505728981086813,2.836819646049835,-9.73908375857605e-10,1.0505728981086813,2.836401179299975,-9.735056319053328e-10,2.220446049250313e-16,1.0177697130701926,1.03952922301123,1.0505543939520348,1.4618671855623664,-1.4040523173408672e-09,2.220446049250313e-16,1.0169327795704723,0.970613523095936,0.12798848991678582
0.008393812636793063,1.8636732666909828,1.058873774828746,0.9097576739697645,2.5746723225900943,-6.709272186067115e-10,0.9097576739697645,2.574446467035008,-6.708517504638286e-10,2.220446049250313e-16,0.9831753116322828,1.1327353736131534,0.9097383125391529,2.134197489505658,-4.623485045846688e-09,2.220446049250313e-16,0.9827236005221103,1.1509924280785115,0.1393629280791687
2.220446049250313e-16,1.0167406218657746,0.9129712760963135,0.7426629272974165,2.569590814662061,-5.300318858993703e-21,0.7423525056152934,2.1695784275536467,-2.018333990045872e-09,0.030363826789895687,1.8168046063432501,1.042045407954255,0.7426629272974165,2.569610419792385,-5.300408991234145e-21,2.220446049250313e-16,1.016779832126421,0.9892030501768877,0.13332016624471907
2.220446049250313e-16,0.9784130861597243,1.0194534192586289,0.9001325337560194,1.4530364558844293,-4.214532144558501e-33,0.9000000000671162,1.8143466683320495,-4.053920972968519e-33,0.021843910145495693,0.29554056539364093,0.995694873711023,0.9001325337560194,1.4729104079490076,-4.1888488363020046e-33,2.220446049250313e-16,1.018160990288881,0.9443694169915661,0.12647030841976975
