sigma_11,sigma_12,sigma_22,sigma_13,sigma_23,sigma_33,alpha_11,alpha_12,alpha_22,alpha_13,alpha_23,alpha_33,nu_11,nu_12,nu_22,nu_13,nu_23,nu_33,tau_11,tau_12,tau_22,tau_13,tau_23,tau_33
1.05555939119763,-0.0359295428640567,0.855735036147396,-0.100697999066498,0.0721786982917374,0.953430585854952,0.108404048233777,0.0297559420693537,0.0214485681846208,0.0524587555678305,0.0266529861014357,0.0394773401743644,0.225893470192788,1.35724880039008,0.742050029821222,1.2091808230836,0.880162377078269,0.944168162843029,0.0,0.0,0.0,0.0,0.0,0.0
0.969992112602663,0.0388139615286423,1.15870130227591,0.0874642569616522,0.034416429235807,0.983609101872901,0.0022421521385897,0.0031708567349085,0.563390684537879,0.0031708818395479,0.794721822122571,33.7547775039333,1.03069971821326,0.539307778522162,0.0476113007506284,0.516463740196092,0.0247776887502112,0.0018867083341324,0.0,0.0,0.0,0.0,0.0,0.0
1.05183553854007,-0.141381453219807,0.934452165824445,0.113725418267823,0.0501911815664969,1.10118175540461,0.0279009580198253,0.0393874137055874,0.466505755214754,0.0180071818666926,0.0202279806328845,0.0143100821481883,2.12279053165002,1.4171597044961,0.101852361808551,1.55101246015367,0.242024592157882,0.381976966186281,0.0,0.0,0.0,0.0,0.0,0.0
0.907243291667039,-0.0230795323178516,0.921345611699361,-0.0623399690225043,0.0321478099896849,1.12230685761897,2.1025642844187,2.61437931682174,4.30896060360352,0.0025564272226344,0.0025564279411591,0.0018076677271364,0.0060333971770744,0.0046352513405904,0.0031875960172609,0.519178507418148,0.517684073614872,1.0306046445766,0.0,0.0,0.0,0.0,0.0,0.0
1.15140391061692,0.0392864944729489,0.788972533508197,0.0242789354360461,-0.002388693627661,1.01961501043819,0.0153243484243728,0.0039114448554437,0.0028119883055208,0.0216717961220699,0.0039767513485614,5.64653361990632,1.83977099804806,1.44104365229207,1.03040059494373,0.929280344916237,0.524195125059404,0.0057736832562086,0.0,0.0,0.0,0.0,0.0,0.0
0.882856227094836,-0.0415076596261611,1.01976531058689,-0.0258185072349389,0.0690559823226906,0.970963866359789,2.30122515761352,0.0020103293248135,0.0014238484986849,0.0256443862500353,0.002009732197615,503844.292823681,0.0146409356983609,0.511781437518576,1.00849487902425,0.0077607866862459,0.504884327729323,0.0008714738932425,0.0,0.0,0.0,0.0,0.0,0.0
0.957568327443053,-0.0514199204561368,0.882651598595577,0.0366103081107371,0.0257588195939394,1.07310232581899,6.05816437783301,0.0132757481145929,0.0093873869256982,0.224059719353807,0.0132525434182583,0.158508281041363,0.0055265489950553,0.545387263160711,1.08288653294297,0.040567166947552,0.580128461505218,0.0752808345688799,0.0,0.0,0.0,0.0,0.0,0.0
0.931655109047245,-0.0540804413491083,1.12803855715278,-0.11485899541978,-0.115167733434347,0.877756388290794,0.0733608148055858,0.0918562561722475,0.139735110167367,0.10374509116437,0.197596331723066,464353.747008862,0.282500574901701,0.251332615948233,0.220089628467109,0.14218803591406,0.111008649088369,0.0018569066317855,0.0,0.0,0.0,0.0,0.0,0.0
1.00710806967103,0.0119219155829144,1.04764483722032,-0.000161045675993,-0.0377224151507003,1.13643402442635,0.479691702748863,0.0252807629752751,0.017888653339978,0.520888152944651,0.0252861389052245,0.575874986623616,0.0477432505990228,1.00187810149476,1.94791290697436,0.0415942798883203,0.991509995719937,0.0268059828652421,0.0,0.0,0.0,0.0,0.0,0.0
1.07193682956957,0.0551400640245892,1.07502852324941,-0.0933501923394273,-0.0639352730531856,0.822444695593619,0.299275073594603,0.167772844376732,0.129231180425623,0.0112211496436067,0.0112039824988393,0.0079373437917476,0.0388907903567626,0.571420458724508,0.0817882373488819,0.382671515359568,0.90154394137014,0.724358310873061,0.0,0.0,0.0,0.0,0.0,0.0
1.00381301989366,-0.106276235766059,0.953607869762517,0.0555911203742158,-0.0904623542190783,0.838293867122741,0.0018597892080516,0.0026301390756506,245.644230515467,0.0026163084416186,0.0255454310005314,0.0180633769854077,1.02827366013615,0.515381325368499,0.0023510320008881,1.29823157658276,0.785265329220594,1.56804433197614,0.0,0.0,0.0,0.0,0.0,0.0
0.944110884691481,0.036700819088441,1.06913315143023,0.0491194073326057,-0.11427314783097,0.916563314683168,0.055725027865107,0.0258382156515304,0.0193394169690576,0.0048076408338387,0.0047436130079831,0.0034058592175704,0.29652409118776,0.996209215871352,1.69068792945906,0.679059727543124,1.37596356648429,1.05541126353789,0.0,0.0,0.0,0.0,0.0,0.0
0.94617112556598,-0.0063823777661407,1.07713534980202,-0.0280487758424972,-0.109594203023309,0.896799746660067,0.0476162246205636,0.023152584770956,0.0174342345654722,0.0234410541938125,0.0175564006010675,0.0176811989487817,0.147660404929314,0.967014010682545,1.77997507486775,0.648903000790209,1.46474513238709,1.14350738769797,0.0,0.0,0.0,0.0,0.0,0.0
1.10145801048549,-0.119358071659526,1.12396651958222,-0.129119539630033,0.0056542292802912,1.07995897804511,0.0232884969710428,0.0164450915339139,0.0134213032685663,0.032934818709651,0.0189805719599113,155.331131265725,0.600215000623738,0.960018414039532,1.31903629254238,0.301337852330333,0.660744760747186,0.0016861134215341,0.0,0.0,0.0,0.0,0.0,0.0
0.892335491346708,0.0134763698941305,0.980590904827258,-0.0421488998153299,-0.0766930593096521,1.11306167543764,0.0873180399648825,0.0942292722283851,0.103096779510812,0.074159293790597,0.0782554172686983,0.0655827232589796,0.113340274348775,7.96386489573808,0.150131532238016,3.94437139021211,1.61656282036025,0.451877610107576,0.0,0.0,0.0,0.0,0.0,0.0
1.14444467455137,0.0057875313082985,0.998252983611375,0.0075456404386263,0.0597265298437374,1.13627731978241,0.0120473793408163,0.0153211612216108,0.0247673681565377,0.0051013039681553,0.005285368531694,0.003780610070194,1.56857728605279,1.78413367461869,1.9929612607876,1.31452546021741,1.52667795714756,1.05384195460092,0.0,0.0,0.0,0.0,0.0,0.0
0.974229208728841,0.152534776689303,0.910743950931224,-0.0514541274351027,0.0498922121602247,1.20278095780203,0.030788082426566,0.0298441602679283,0.0289821738834049,0.031173412409794,0.03019479438629,0.0315737375639645,1.7212387146593,1.03399858624883,0.346118432300393,7.93440104869196,7.23802215403535,0.636399466959943,0.0,0.0,0.0,0.0,0.0,0.0
1.11136970248818,0.0393221476930208,0.987752372917999,-0.0051687177426259,0.111927120656381,0.784169217602198,0.0149843122094486,0.0210061299221765,0.112697685132421,0.0028064567370174,0.0028309502939674,0.0020021000501529,1.64901102878761,0.893786539663759,0.136889752791658,1.34195300097418,0.585575369154182,1.03059970471334,0.0,0.0,0.0,0.0,0.0,0.0
0.945051155368107,0.0958341242253979,0.917045758069909,0.0371952632756601,0.0724920826678799,0.990752188764768,4.42496420070424,0.0413092933207142,0.0292108245324354,0.41786423947887,0.0411108194897532,0.296239534938538,0.0072408282783438,0.909978029798132,1.6291490994216,0.107601350541279,0.917192744143466,0.0151693423580749,0.0,0.0,0.0,0.0,0.0,0.0
0.957165918184396,0.1455576145216,1.06875487845159,0.0115728183657778,0.186481317293686,1.16756570794834,0.113954975679747,0.0174595268661047,0.012418856441045,0.114863036179177,0.0174627684211638,0.115800922101431,0.0488790721063941,0.74265314422673,1.43431287766891,0.0651426727905696,0.757182538735551,0.0789823256184574,0.0,0.0,0.0,0.0,0.0,0.0
0.959383475237451,0.0530954255100687,1.06520587240272,0.0089775127355164,0.103971912982602,0.975155416508227,29.8668611564844,1.25060361847426,0.884802298733373,0.237867158090289,0.233687148736433,0.168206923140894,0.0055724280005632,0.180312953240106,0.0400120709254677,0.182739967220099,0.042921531778702,0.0457627267794796,0.0,0.0,0.0,0.0,0.0,0.0
1.07784449707926,0.0682131266712951,1.28608723068613,-0.0537074383185505,-0.0134036436597798,0.982729421976212,458.35745754533,0.0018971300401328,0.0013414735282646,0.142880866112842,0.0018969628497558,0.101037200647225,0.0010106148486502,0.517867178556095,1.03091696959706,0.0461787917016727,0.562041630273315,0.0898138901677184,0.0,0.0,0.0,0.0,0.0,0.0
1.0064751325064,-0.01946738272466,1.07181862580528,0.0984172980621189,-0.0740701110865865,0.957448557222536,0.873181855266414,0.490630291879513,0.378324687957941,0.0032274009051155,0.003227353210926,0.0022821249202088,0.0229152128166315,0.0427413582497819,0.0623755974721191,0.527861431624053,0.547453712064274,1.03059681938991,0.0,0.0,0.0,0.0,0.0,0.0
0.988611579515234,0.0452279180787427,0.959674288438144,-0.0324488968918986,0.035854961466686,1.032982264853,0.252958028940802,0.0353487686724343,0.0251183599273145,0.0049397795621828,0.0048931572084707,0.0034932848920205,0.11228310798321,1.10316467963367,2.09040691825187,0.57401232049716,1.56275972866766,1.02998475862431,0.0,0.0,0.0,0.0,0.0,0.0
0.869899471073751,-0.0694371960710025,1.0357769888848,0.0320386336776695,0.0687861517393775,1.07438789095109,0.0021323764215791,0.0029488768510652,0.0099650382876141,0.0029994734888491,0.0126761532315153,0.0205134292209984,1.03063390424529,1.17408687283424,1.31032636104592,1.2395945339268,1.37927748276433,1.44125994994001,0.0,0.0,0.0,0.0,0.0,0.0
0.931300662414643,0.0875514872498484,0.969757426550641,-0.0598042224890586,-0.0011851485628875,0.946874895364022,1.3549145304514,1.41139405104456,1.4758626730032,0.013391078519335,0.0133911300241033,0.0094691541757742,0.0134262838580019,0.141603983500822,0.0135461662890906,0.145510460886275,0.27205719963537,0.277296328589135,0.0,0.0,0.0,0.0,0.0,0.0
1.07953973126417,0.0225646370257573,1.04922322958282,-0.0453389366545644,0.0085261662845736,1.14339293998172,0.0203539924845025,0.0278261498176483,0.0768801142566371,0.0268585129102614,0.0615540984563531,0.052803155478719,1.75891846007524,1.06850848535628,0.366769528393451,1.23432525726899,0.539430200391977,0.701854518756145,0.0,0.0,0.0,0.0,0.0,0.0
0.89873896288299,-0.0976480183833268,1.00928501954205,-0.0517320940878597,-0.0777076942294472,0.905291368890777,0.0150583339105061,0.0212675297156596,0.292586386328481,0.0212920063740738,0.389080614106656,0.810872453075342,1.58494240340234,0.806016204966989,0.0257402925192338,0.867192144871081,0.0853738681927697,0.0332600590953332,0.0,0.0,0.0,0.0,0.0,0.0
0.960328032588982,-0.0251340357995398,1.10601851338995,-0.0016285236958784,0.0512036572624679,1.00078828230092,0.0067606836463476,0.0095610350262536,4.054410277749,0.002563007796036,0.0026603770358924,0.0018811708783659,1.03813003617309,0.531241322176872,0.0140562151540084,1.03945955245781,0.527440612001191,1.03060018808327,0.0,0.0,0.0,0.0,0.0,0.0
0.996349991919822,-0.0197620086663941,1.0230600768888,0.0175501187567858,-0.0182494060340434,0.961630397940425,0.254469018750711,0.0032064501568984,0.0022673927102582,0.0225244002827491,0.003174693814741,0.0159584656147692,0.0242398706102055,0.53133061712152,1.03059516246711,0.67006445242251,1.17368209943243,1.30924630086201,0.0,0.0,0.0,0.0,0.0,0.0
1.04704541973349,0.0011963941607791,0.954177440996963,-0.0859548877940703,-0.0129324909599857,1.11082169544292,0.0171527809224931,0.0240412459941607,0.127549926143322,0.0235885524881967,0.088210475502862,0.0715094870855683,0.401568301766049,1.4395273838402,0.342638942957092,1.51773609206125,0.395465218632343,0.447205987566193,0.0,0.0,0.0,0.0,0.0,0.0
1.09375716531807,0.0872080112674492,0.986979386289518,-0.0012188238676654,0.0642723795355778,0.841437932417635,2.02975465173999,0.11924597663548,0.0843955714698747,0.0206739807795564,0.0203711520707502,0.0146191070446506,0.0088526145104984,0.140491553782213,0.272018269253231,0.905734226487831,1.03721210544571,1.80063191333522,0.0,0.0,0.0,0.0,0.0,0.0
0.982189750794731,-0.0582105470746106,1.06121515909734,-0.0332367421393193,-0.0651676215778661,0.959499671490056,0.134296354571621,0.0364702645436682,0.0262774870719314,0.122029782480746,0.0361897056069607,0.112615202630554,0.0881883717318988,0.449073277425851,0.727981786641462,1.48788648570261,1.80621827597769,0.331468583246277,0.0,0.0,0.0,0.0,0.0,0.0
0.955768231174638,0.0909742014914039,0.960909002010987,0.0589573590809083,0.0785743932188387,0.973975857631043,0.0091196228888096,0.0128970623935101,4.48875526625549,0.0023756926306937,0.0024170528545786,0.0017091146128073,1.20962170570242,0.622536513738863,0.0037267031117815,1.1296710462531,0.528429475275592,1.02742601271102,0.0,0.0,0.0,0.0,0.0,0.0
0.928146839878853,-0.104500298752902,0.95327022701353,-0.041297843015246,-0.0864099154452984,0.849678324311657,0.0251770099143526,0.00635543261976,0.0045673173194407,0.0273240350013939,0.006386226836251,0.0301345772138436,1.52105584803135,1.35228307515807,1.18266181917559,1.5417248118124,1.37252759603787,1.56158757559362,0.0,0.0,0.0,0.0,0.0,0.0
0.874581202725233,0.0318888519794027,1.04047549362282,-0.145525367879184,0.0324172370306108,1.01156845431776,0.255180763878108,0.0307849284860035,0.0218479220993483,0.0292144026458474,0.0212646481552442,0.0207257705929832,0.0850934458407905,0.380922058059579,0.447643879842571,0.829166944938255,1.01778539901841,1.36892416251821,0.0,0.0,0.0,0.0,0.0,0.0
1.03644212211815,0.0483806474632381,1.01367996889368,0.0013894127609764,-0.27375463258473,1.17878169324773,0.0149459379150882,0.0051806203663411,0.0037785049083618,0.0163664368988236,0.0052330865221602,0.0182881850811426,1.78439984661996,1.41552825594808,1.03114506042437,1.48661172452015,1.10963133935908,1.17220594930046,0.0,0.0,0.0,0.0,0.0,0.0
1.08796998703178,0.0788329497406201,0.960614211385146,-0.0485897388858339,-0.0749861061339405,0.948644207355194,0.113188478818162,0.134266047900483,0.174379026243824,0.109686126219941,0.128529005137269,0.106492645336316,0.094947533171446,1.09494883870382,0.141337551496474,0.645413155322963,1.10374150206753,0.109778836566577,0.0,0.0,0.0,0.0,0.0,0.0
1.23043529296292,-0.0136772281240727,0.925927886956625,-0.0653289380451718,0.105939833630989,1.02701843622563,0.869517500440335,0.0445429130191556,0.031517371055916,0.65539902494485,0.0444986459569188,0.548019516561795,0.0074873663919423,1.09724347051394,2.18411636577125,0.193737496880603,1.2745049126886,0.0249431602260608,0.0,0.0,0.0,0.0,0.0,0.0
0.953225843884343,-0.0214646212243013,0.984471457680411,0.107490034495792,-0.0972430846849808,0.979253042564713,0.128869541228144,0.0187359468540918,0.0133188953402492,0.0037611995328262,0.0036891391624421,0.0026601363444935,0.0501178952486015,0.865147582811423,1.66796764745297,0.546135210737888,1.35519888010804,1.03075974003628,0.0,0.0,0.0,0.0,0.0,0.0
0.779942078032639,-0.0544049907389532,1.08099638683593,0.103527931640264,0.0047391065905462,0.972372619813911,0.0158626652372755,0.0057341061598166,0.0041939465661767,0.0053266544474859,0.0040263727581079,0.0038774038741944,2.03886539570011,1.53504797584632,1.02401551502783,1.54332858805544,1.03629086652821,1.04176258128429,0.0,0.0,0.0,0.0,0.0,0.0
0.87050422209405,-0.164447279549371,1.05793002690272,0.0055239640258413,-0.132162333578855,1.06127402866992,0.021433063530387,0.0212145736836829,0.0210026778665063,0.0176068588846712,0.0174851462198718,0.0152949060266599,1.13588384159135,7.74806939778195,1.66086106986372,7.23783156182553,1.09657000491239,0.525526810285188,0.0,0.0,0.0,0.0,0.0,0.0
1.02974354933575,0.0690234829702145,1.00239246302636,0.004012129157842,-0.0115871861009314,0.886671776804557,0.0155638298054778,0.0218657544759614,0.135015772932584,0.022010552209232,0.190923496613034,19004.6164396054,1.797314510504,1.02656417702513,0.254246698082695,0.900369713591914,0.128460219287345,0.0017143082941432,0.0,0.0,0.0,0.0,0.0,0.0
1.03006960941519,0.0521855113143102,0.945848414415977,-0.0168976790072177,-0.0817107141761754,0.902865643636542,0.0178673331239449,0.0252417137111536,0.390050181872592,0.0251464152918153,0.232515760270789,0.181339000193627,1.5656856935098,0.805173832681844,0.0441529934451625,0.811197867577992,0.0502221615061908,0.0560779897057825,0.0,0.0,0.0,0.0,0.0,0.0
0.76235036345474,-0.0549965156603873,1.06469246932633,0.0165197678229252,-0.130831657401281,0.917030069730109,0.0037076317441044,0.003566789045895,0.0034408669850274,0.0052205855090005,0.0048478819952181,0.0396302263953217,1.03034392347488,1.04467756072751,1.05248797574325,1.07015234680981,1.08117029493074,1.10341725203027,0.0,0.0,0.0,0.0,0.0,0.0
0.918707107420131,-0.0830497838224023,0.921294564207044,-0.0686509946357515,0.0288788813994792,1.09491503005911,0.263132705748792,0.368820179915812,1.99080003867656,0.0254000652101063,0.0254584020545646,0.0180025689269967,0.121816068804499,0.104150875246988,0.0038566669588259,0.699430461941269,0.680853171422641,1.27620812229963,0.0,0.0,0.0,0.0,0.0,0.0
0.927993278671891,0.0769571294577218,0.796290338545185,0.0207684644633889,0.0134339700754269,0.853051876862323,0.019413024484968,0.0049137140982772,0.003531544900933,0.019650354392527,0.004917497916444,0.0198966463790438,1.91998967934905,1.47862384322962,1.03695031009197,1.96767546927057,1.52615412884535,2.01501604550221,0.0,0.0,0.0,0.0,0.0,0.0
1.08012053455592,-0.0556545050677056,0.905056161784986,0.0392465514285954,-0.123978059914455,1.05268356007238,0.117249894159262,0.129312970182882,0.146086179301856,0.0448499740189486,0.0454453908508323,0.0329417254064613,0.0601293434192937,1.77337353022787,0.18921345931165,1.20941656238155,0.385507590903823,0.276020082009216,0.0,0.0,0.0,0.0,0.0,0.0
0.853791258478723,-0.0335786770834275,0.879256274471015,0.0231932384069103,-0.0242915103960327,0.889233102060341,0.0064994490149538,0.0091685654027626,0.0916185138894988,0.0091916069924209,0.129562672355014,292506.221592785,1.04013557947598,0.578504288723651,0.115947896334729,0.521632943219232,0.0592311926267427,0.0020379505993745,0.0,0.0,0.0,0.0,0.0,0.0
1.03708759468877,0.162570722761945,0.903411197291173,-0.012950481500454,-0.092181414538254,1.11740594658516,0.0013368085210785,0.0018901098308749,0.0631914601142424,0.0018904504798991,0.0817685469520542,0.143311521853733,1.03060191187087,0.612343489504576,0.19356009615714,0.629647320017019,0.210900916404655,0.228059225013081,0.0,0.0,0.0,0.0,0.0,0.0
1.10581045175047,-0.0245732246138133,0.822458358047517,0.0886428632609251,0.0503008922779723,0.876573408418388,0.002302498845745,0.0032562249099467,9.34964745184396,0.002433101613192,0.0036611010542058,0.0025887895680224,1.03056805920681,0.522112052583228,0.0037013334341724,1.03554608800567,0.522112400861355,1.03056906559881,0.0,0.0,0.0,0.0,0.0,0.0
0.96576643410379,0.0792732971823393,1.09997390253191,0.022161869228962,0.0694563531085744,0.895673890664703,0.0021449473885677,0.0030333405735378,0.309085258677964,0.0030333991037809,0.399082681487804,0.693472810435776,1.03059228152551,0.552460806709432,0.0740304134358297,0.524661948750028,0.0462394166170094,0.0184038241794289,0.0,0.0,0.0,0.0,0.0,0.0
1.06348830104828,-0.0004254380467997,1.06277851194898,-0.139905420386092,0.0943815756042191,0.903495051798294,0.10261094715625,0.0280645043756528,0.0202265214276115,0.144922660079965,0.0286031605463264,2.06321574889054,0.199255764983091,1.29230535392155,2.1294042392064,0.105307572387009,1.19817224072445,0.0113460783923161,0.0,0.0,0.0,0.0,0.0,0.0
0.767084824945381,0.0731701438268708,1.02075785945163,0.0008046883598678,0.0386416983623484,0.898202276018225,0.0212124497318683,0.0299988655915176,104.290382328579,0.02772547061568,0.0726040706337419,0.051339518352289,1.85744847536027,0.931987234862814,0.0037236252638482,1.22993679714496,0.302145019391061,0.599699134523696,0.0,0.0,0.0,0.0,0.0,0.0
1.21157352084803,0.236056655517424,0.948475101443048,0.0437585736033582,0.102106899402359,0.956171113737821,0.628974259359943,0.84645399368668,1.95158291263002,0.0139588256949495,0.0139603666028966,0.009871597729583,0.0131495342179465,0.0290834376422801,0.0072768583531787,0.661242911628237,0.638043137758648,1.24130836809379,0.0,0.0,0.0,0.0,0.0,0.0
0.919150855884887,-0.134675258340877,0.847577690882397,0.0185908289492796,0.0060351075220318,0.99850554192414,0.0065002974038078,0.0091906009367509,0.296669789353479,0.0091928068134758,0.419370762964068,535.457694708076,0.890011250698829,0.49788662011507,0.0342799832718071,0.479077235921056,0.0558752852762092,0.0015543520905326,0.0,0.0,0.0,0.0,0.0,0.0
1.30708829589682,-0.119602257426831,1.15353759357918,-0.109885787334022,-0.0721890206264112,1.14520016254796,0.0256834275720387,0.0351094431437487,0.0968992714517471,0.0350844781431434,0.0963768820853965,0.0958653883920215,1.89247015232319,1.93290668931928,0.0896820759833304,1.05072652277451,1.09106512748316,0.208939810108398,0.0,0.0,0.0,0.0,0.0,0.0
1.11859275857305,0.0198349024046297,1.09759832683577,0.0463476555204696,0.0641601333732543,1.09064680489049,0.404211042529803,0.0066195675211647,0.0046810552669121,0.5319938074535,0.0066199431020078,1.03030289016328,0.0375139963689042,0.663212207192805,0.914690493933676,0.231650319988044,0.462863621298018,0.0064204138165437,0.0,0.0,0.0,0.0,0.0,0.0
0.715345622790562,-0.0138387044039886,0.977835898343074,-0.0413972371996243,-0.0222588993368768,0.910433358853821,0.0085824064880996,0.0120541665875946,0.0729277972530251,0.002905270064627,0.0029909981551842,0.0021158450665895,1.07886826010515,0.774209882704368,0.460168341969325,1.05954522832821,0.750158654722849,1.03061784891731,0.0,0.0,0.0,0.0,0.0,0.0
0.917855316106484,0.0378289895718911,0.961385734555031,0.113328588807812,0.0038486976071667,1.02130881481201,0.12390803240816,0.0175720314380844,0.0124882604834099,0.175218814855484,0.0176610534518697,270.873436189336,0.141532720865249,0.774754100709658,1.40016359975003,0.0907693320777171,0.714712045746621,0.0010350765381128,0.0,0.0,0.0,0.0,0.0,0.0
0.906281782497024,0.0448558954686578,0.947050883918669,0.0421175287194057,-0.0303303653624176,0.891028989057471,0.421230467754689,0.0163538630996982,0.0115682958499252,0.196926883867644,0.0163099850416051,0.147561148305259,0.0399378971658009,0.777422122095184,1.51319565092712,0.0920756762152249,0.829473686633628,0.14415811174109,0.0,0.0,0.0,0.0,0.0,0.0
1.00516946512944,0.112336159587756,0.984136456176569,0.0162913468174332,0.0833013022887367,1.11118509390404,30812.7553421652,0.0570522349592839,0.0403423483391368,0.0031292788109775,0.0031245823374366,0.0022127343214067,0.0013156529571739,0.247697877441975,0.493491095435031,0.516202915430972,0.762323242339873,1.03067525467043,0.0,0.0,0.0,0.0,0.0,0.0
1.04346784586386,0.185660306955595,1.15773347287377,0.042860282785094,-0.0078152148635579,1.14740701152378,0.0025403468201013,0.0024609231060054,0.0023885115923866,0.0035923695868877,0.0033776798473362,0.22787253751037,1.03056442491298,1.03555332678347,1.03054221783334,0.55248745984469,0.552476344800106,0.0644104544687685,0.0,0.0,0.0,0.0,0.0,0.0
0.920439877598111,0.011352116149211,0.848074844082098,-0.0751175009518888,-0.0177843567822043,0.897552679589361,2.12109637258381,0.397138400314602,0.28342681235217,0.0204899828208196,0.0204637392185,0.0144889590174416,0.0129477040451638,0.0817487347483046,0.0371021891845603,0.763845445768438,0.790540705685678,1.46043666417502,0.0,0.0,0.0,0.0,0.0,0.0
1.11061639439966,0.0280895526471622,1.00257669125207,0.131837134465149,0.0523239298685183,0.995897908823491,0.0234079976940237,0.0326695553675209,0.143082926428145,0.0329398303588661,0.172681213364708,0.234271103568333,0.15407258050132,1.26550188714067,0.130936547240539,0.0967105396239639,1.20795624582825,0.0392969172316604,0.0,0.0,0.0,0.0,0.0,0.0
0.965931579951895,-0.091174130550479,1.05870759966783,0.0544206496347941,0.0627135712552853,0.899276729633929,0.20819425019863,0.176130218083931,0.155432736623675,0.0132333339931944,0.0132227323985896,0.0093668495161925,0.0790060235328228,0.532386728497046,0.0673390905371399,0.484601160322239,0.447560356110844,0.588756840119079,0.0,0.0,0.0,0.0,0.0,0.0
1.10352235457669,-0.0478127603043723,0.968607989443396,0.0371257387404592,-0.0284131445779807,0.981439195012213,0.196804508767584,0.0334585739067967,0.0238316821646662,0.246770809051061,0.03363605880028,0.377580528702118,0.0647039915171782,1.04317929180252,2.01981085434014,0.0737092972260975,1.05199054856836,0.0825120261074835,0.0,0.0,0.0,0.0,0.0,0.0
0.937005475292221,0.0011840350768727,0.906803327603696,0.144155346335235,0.0273624903557485,0.942855331581728,0.337113591221313,0.0035675806398811,0.0025227311770105,0.368180761171025,0.0035676130456196,0.410145389348563,0.011541071083645,0.53028661188681,1.03049269392272,0.0226060323466553,0.530211692197591,0.0099128142365259,0.0,0.0,0.0,0.0,0.0,0.0
0.987640510268029,-0.0161948833995761,0.960722744175628,0.0195729227254587,-0.162284745189546,0.991079086864348,0.0037916711882452,0.0046153212925203,0.006410413889735,0.0053134954778571,0.0088359609880626,0.0279307763706884,1.0438043649916,1.08948864609579,1.13251949721325,1.41237517328234,1.4566495031093,1.77827866859853,0.0,0.0,0.0,0.0,0.0,0.0
0.901333962837063,-0.0230983863874073,0.850674827686854,-0.0634826743456013,-0.104670671034917,1.10600943212934,0.248205955166784,0.350869597142783,1566.84987426898,0.286490683282432,0.495848845478503,0.350925715128197,0.0624722176176394,0.0465936112469793,0.0036473673427549,0.0468929418756987,0.0302191586924239,0.0311382813804294,0.0,0.0,0.0,0.0,0.0,0.0
0.951027931199538,0.0702344756002145,0.992385021565896,0.112340297720644,-0.117352269161611,1.12850213132241,2.34454305170742,0.0179814494339678,0.0127150020006947,0.0299675569802101,0.0154191004164701,0.021191175230691,0.0046942789072153,0.694419393482071,1.38402732086159,0.91019480627419,1.59984214118882,1.81550409479061,0.0,0.0,0.0,0.0,0.0,0.0
1.01401816040926,-0.0053876486875643,0.801103395029988,-0.134282394295681,-0.0128178344226552,0.886557611939798,0.002293338681915,0.0031831189928043,0.0117412404482657,0.0032432069711934,0.0165960801346376,0.366162329110539,1.03058197764839,1.18885890907707,1.33881473342813,0.528281098610938,0.682294885282901,0.0176079913192599,0.0,0.0,0.0,0.0,0.0,0.0
0.946082613844456,0.0691167475256405,0.965981896110276,0.006064552892944,-0.149958088554297,0.945020962518582,0.0320624901669878,0.0102752180243205,0.0074597389075397,0.0141120258618809,0.0086002373395057,0.0105002004603804,0.865720757096207,0.962613592819576,1.04956613877636,1.12506262130942,1.2170531254204,1.3736865401609,0.0,0.0,0.0,0.0,0.0,0.0
0.978343328605985,0.0609896569235107,0.992432793405011,0.0839355140438286,0.0473903983497696,0.965558149580527,0.0270804764746215,0.0382964053671607,3.68981258828481,0.0032109843872026,0.0032223296767575,0.0022785316592127,0.710294477982048,0.444745723502799,0.011311054569438,0.922441483021528,0.585666172963151,1.03159906232934,0.0,0.0,0.0,0.0,0.0,0.0
0.982345841260668,0.0034006588990398,1.05255721502634,-0.0454684871982335,-0.101010045215744,1.00037493315244,0.0082970856073318,0.0117338206036884,3.85541305758851,0.0117307685838376,0.509577479295579,0.36209893307455,1.03129839927885,0.659502673354049,0.020277706615922,0.527399701018421,0.153751633569832,0.019869072161479,0.0,0.0,0.0,0.0,0.0,0.0
0.943483994142637,0.0004476626929435,0.818604860996801,0.106802518070963,0.0438891442136222,1.07121209142447,0.260563305147497,0.0644708862467946,0.0463024682496767,0.0034474754808952,0.0034428577697165,0.0024378400545896,0.0603989603750453,0.221758869087733,0.363954378774378,0.545034543854669,0.697507882700383,1.0145639404459,0.0,0.0,0.0,0.0,0.0,0.0
0.965980826513969,-0.0193205821077497,0.925790397671746,0.0484370415558007,-0.0048519979155788,0.985797462295055,0.0168658142625758,0.0233166622813151,0.0782712732678619,0.0237762094489436,0.103796857125291,0.211300211702025,1.13468093617384,0.60905059713782,0.0777899096754665,0.607370284621079,0.0775412341335417,0.0717039918281504,0.0,0.0,0.0,0.0,0.0,0.0
0.872461189923817,-0.0306981701225152,0.903422570607992,0.0455585757838783,0.0207344020292383,1.06901023165367,0.228514573155388,0.0017701284908251,0.0012516886461118,0.275991316108075,0.0017701452049555,0.375389598261257,0.0721834257488622,0.552519454155821,1.03060171155448,0.0533439771317802,0.533431778063183,0.0342534346439839,0.0,0.0,0.0,0.0,0.0,0.0
0.991909664424688,0.0872172292285032,0.863552089634076,-0.0626384663123961,0.0690455386758932,0.868650327071192,0.0280093556534374,0.0351894375199634,0.0541964314310714,0.0322067618554928,0.0448578480681972,0.0391192462380988,0.491724382410075,2.82072208233649,0.859945866950463,0.445170558952932,2.77307866068515,0.398241440372342,0.0,0.0,0.0,0.0,0.0,0.0
1.01762638643805,-0.0014756762257004,0.898117416370914,-0.0332023935634737,0.0400258180906701,0.88421145414839,14.7712705748878,0.0339876741916719,0.0240330161149491,0.0048245582567354,0.0047766741208063,0.0034114781490722,0.0026054548915658,0.995723708923589,1.98088898014935,0.525370602960028,1.51448786564789,1.04010980843394,0.0,0.0,0.0,0.0,0.0,0.0
0.948245102544364,-0.0110986903470821,0.925084186362223,-0.0257733738203296,-0.0377788580559093,0.799480754353207,0.0100520331174891,0.0141777596198858,0.137283488272062,0.0140269689388656,0.0789090356795839,0.0610697575871656,1.17115767999515,0.634715881193681,0.0593471023974831,1.51126617266027,0.954886777669834,0.070599147708656,0.0,0.0,0.0,0.0,0.0,0.0
1.01062279915246,-0.0261166609128957,0.946360805291419,-0.0227563828697454,-0.0583807551312574,0.964865471977692,0.0265580000700604,0.0370141214015297,0.15427671352768,0.0022942937638219,0.0022984587472926,0.0016253459804781,1.32597660774912,0.695769412730927,0.0563232897948889,1.18304276059912,0.54817160928574,1.03060036869986,0.0,0.0,0.0,0.0,0.0,0.0
1.24137099573533,-0.0767500521148938,1.10823842369352,-0.0057029159306101,-0.0758459777975217,1.01056178950731,2.16340412207145,0.617780683272015,0.44652256708045,0.0698249739490677,0.0694198384939477,0.049387221669201,0.0143881305098452,0.0224956751300635,0.0305955250172012,0.373020904480952,0.380865603944668,0.0766795482969812,0.0,0.0,0.0,0.0,0.0,0.0
0.91093113550314,0.0868098071307185,0.891879907084777,0.0823730277251313,0.037304772948316,0.892431802157942,0.0015131396253504,0.0021366357828052,0.0273529303747787,0.0021398983534101,0.0386579426354586,0.763541493816038,1.03060211665181,0.770009961315041,0.507193548179103,0.522983413453403,0.260888055183955,0.0129255239106454,0.0,0.0,0.0,0.0,0.0,0.0
0.957257913403362,0.0885163808010088,0.926220999977868,0.124006449159545,-0.130567482004788,1.08858366414788,0.016725346301638,0.0035033661460018,0.002504882059208,0.0236374259740683,0.0035423851013233,0.458050198108466,1.44326758377209,1.2389878635545,1.03093069163232,0.741551448436278,0.536381351901799,0.0385252700136525,0.0,0.0,0.0,0.0,0.0,0.0
0.881650553099935,-0.113267033946035,0.80753769342516,0.0056219621032165,0.0720992486639291,1.01938373129575,0.637075218326614,0.0225709883244526,0.015965130207797,0.0047732122986494,0.0046700560352622,0.0033752183471806,0.0194882901897402,1.04297642988847,2.06615935193827,0.528937944433298,1.55227001746366,1.03787226471994,0.0,0.0,0.0,0.0,0.0,0.0
0.97728054600998,-0.0708812038374753,1.02117780313551,-0.0332139634219599,0.0132910044366537,0.943912414587241,0.211548694926844,0.294570622477356,1.19531003449612,0.0036158543570532,0.0036161102093241,0.0025569819474194,0.114296549186008,0.288483919097072,0.0057408638092875,0.735874657419046,0.611850780857715,1.03014453463774,0.0,0.0,0.0,0.0,0.0,0.0
0.803291636464614,-0.0340278521642717,0.923993027707386,-0.0780200597032324,0.0530116298140361,1.07510409002196,0.104683216235149,0.111303353003612,0.119368310591423,0.099991156619911,0.105713686668024,0.0958807204550286,0.250065189447188,0.221092609529684,0.190552792298433,1.87936214831174,1.80424594722173,0.151164749520219,0.0,0.0,0.0,0.0,0.0,0.0
1.04488300819931,-0.0966008837319709,1.13705138087566,0.0535699505419133,0.0100468706801062,0.995656335300207,166.249096228697,0.0278461531976292,0.0196902421825407,0.0049235347045058,0.0048483327446326,0.0034814649891328,0.0024290645632967,0.767011432361269,1.53123362371839,0.508931216278656,1.27326628662236,1.01450172620982,0.0,0.0,0.0,0.0,0.0,0.0
0.984393852570636,-0.0764373404101067,1.08008187896314,0.0072289395074989,0.0424779270671968,0.928964759944279,0.0258284844200949,0.0129046804588646,41.2808475963839,0.0362403446456994,0.0138292909447256,499.927140834702,0.531204951188211,0.266548398851382,0.0017870127377541,0.266613895760161,0.0018427168306055,0.0018737554093637,0.0,0.0,0.0,0.0,0.0,0.0
0.965406164068654,-0.0993187124829654,1.01326658261969,1.00078992176043e-10,-5.261318870204969e-13,0.93700264564691,0.0190086278610563,0.0195588350070169,0.0201598042753171,0.0029597820726314,0.0029617744035007,0.0021056838877464,1.90756596176,13.306019239242,2.34777891494188,8.95425003639355,2.853760674514,0.808026319131426,0.0,0.0,0.0,0.0,0.0,0.0
0.868968255736767,0.0750414634313257,1.07463780155007,-2.08987776652799e-12,-1.47644818293523e-13,0.955231275005924,0.1188393851473,0.0937121539954618,0.079827693486303,0.168054949260712,0.112890719289685,654.25507109323,0.281096925048838,3.28088834483358,0.374999012114575,0.494877443146332,2.66662053809457,0.0014957563226691,0.0,0.0,0.0,0.0,0.0,0.0
1.01033204872561,-0.159319705535056,0.8503201717008,-0.0764962171924549,0.000149486162238,0.876461833457048,0.0032766994367524,0.0046339012584497,0.696524597444588,0.0026898703006449,0.0033033473010912,0.0023358324755875,1.03121938797381,0.529255451811668,0.017380392791938,1.03585537852744,0.528935074774217,1.03057525946428,0.0,0.0,0.0,0.0,0.0,0.0
1.06186892945687,0.0297302772110045,1.15014451097239,-0.0765685386563992,0.0794513635645443,1.10609842536955,0.0152256790197568,0.0214976282826296,0.80980559593011,0.012432744963347,0.0152534748413416,33.6356594802918,1.35864142119995,0.694056521547375,0.0293911227039602,0.681884650370867,0.0172301649884635,0.0050574712029379,0.0,0.0,0.0,0.0,0.0,0.0
1.07885628864736,0.0311250701392762,0.937316240050858,-0.048509794639336,-0.0831537571925571,1.12141859370281,0.0066898292952509,0.0094578949659896,0.267811185493816,0.009446228287195,0.155083642172049,0.120207659214455,0.953919055949918,0.6343202867082,0.0386259587378167,1.37256470173672,0.913855257854395,0.231446429449349,0.0,0.0,0.0,0.0,0.0,0.0
1.02514135589353,0.114193341409036,0.976275113765011,0.0483938558619505,0.0802139814625843,0.847686477444456,0.296974254574392,0.0059828293747289,0.0042309289153377,0.0837952536027632,0.00596884386283,0.0604690895157465,0.0410855230006992,0.536906645340802,1.03060177512989,0.215475010290018,0.711078362184322,0.389652452866271,0.0,0.0,0.0,0.0,0.0,0.0
0.991903074234766,0.0762344531290672,0.863908879144939,-0.0674603852640965,-0.0948633285783916,0.912661524758499,0.0013100859987359,0.0018527413709635,60.1148903817677,0.001842893554648,0.0178978219206642,0.0126556816532762,1.02962785260076,0.516240349558843,0.0024060677843128,1.19076426393438,0.677160777140422,1.35146438376153,0.0,0.0,0.0,0.0,0.0,0.0
0.975127336066121,-0.140421491580536,1.04794982874,-0.0519765134815289,-0.0470265778659411,0.848042766367529,0.256165524680164,0.0553952660586424,0.0396368034913893,0.0189008211649189,0.0179320232976735,0.0133831377478063,0.0156850812666321,0.310047327191478,0.603976840221178,0.707854619982741,1.00160142740589,1.39400005987106,0.0,0.0,0.0,0.0,0.0,0.0
1.17594052531566,0.0319306335614306,1.00742217358036,-0.0846540585612189,0.132710358612461,0.988125016463926,0.0442471542893265,0.0620784040474154,0.349189621215533,0.0621801789983567,0.368777569178092,0.392127990237527,0.556351845427793,0.521510560153096,0.0284888912967,0.303925653667859,0.268954538986123,0.0513298541466952,0.0,0.0,0.0,0.0,0.0,0.0
1.0156180113198,-0.0682845077999841,0.994997622825775,-0.0967637571630386,0.0532150763933912,1.03240312069831,11.4656753236134,0.290011757046164,1708247.73165488,0.0192689460379522,0.0192569467670867,0.0136389038239421,0.001789950780103,0.0021956530188852,0.0025824874922225,0.507104839583853,0.507479857402109,1.01198107654392,0.0,0.0,0.0,0.0,0.0,0.0
1.06685426100172,0.114875287596556,0.895849413089534,0.025461731036797,0.151033852922428,0.904771346589902,0.0023041624336584,0.0031896877609918,0.0110271167048747,0.0032585722562794,0.0155940943803389,1.26321854471227,1.3650389794369,1.62770056186107,1.88899578709281,0.693709013172766,0.955532167736965,0.020402142746689,0.0,0.0,0.0,0.0,0.0,0.0
1.22603625991506,-0.0170287205722228,0.925520115113285,-0.0401136460513376,-0.101811132112584,0.898179230437803,0.468471750923662,0.021508932927951,0.0152171502848259,0.661871389403551,0.0215202773695318,9026.84927623828,0.031737181944745,0.0853866699241323,0.137959839526548,0.0168201223753188,0.070306183494093,0.0017027692953545,0.0,0.0,0.0,0.0,0.0,0.0
0.975715699831419,-0.0872631660089801,0.824201211639082,-0.0516918265724187,0.0346663264960535,0.815158917482859,0.250648027410823,0.0479900957043529,0.0342496578351106,0.0107052916537705,0.0104575743748066,0.0075732410248991,0.0901483805125591,0.12141886593008,0.151405259308524,0.936299213152361,0.966708608674682,1.77860496514234,0.0,0.0,0.0,0.0,0.0,0.0
0.974843091115327,-0.108025028876719,1.0722591329516,0.0038803300750707,0.0601829062214171,1.23802774432628,0.0004368124723297,0.0005460677751622,0.0008258588342212,0.0006171634423544,0.001164017164328,0.0100499227708159,1.03192647725352,1.042323190068,1.04580467944973,1.25498917584627,1.26188469023396,1.47111508748937,0.0,0.0,0.0,0.0,0.0,0.0
1.05677336871673,-0.0375732693515566,1.16948291738291,0.0307067909030803,-0.0588040587177479,1.0238679400582,0.0423285625031918,0.0453027326827799,0.0490077361085384,0.0576319693367984,0.0659106501741045,0.150737080733141,0.364337766939501,1.36281408376975,0.131455066536501,1.26870574674489,0.0858901208666564,0.0378186737830959,0.0,0.0,0.0,0.0,0.0,0.0
1.07909299001157,-0.0261465621667548,0.801493101518418,0.0410138518831059,-0.0569861555418434,1.08404487469976,0.0680695930170011,0.0040224407396931,0.0028467815582,0.000738541080943,0.0007264401608582,0.0005222427768065,0.448123807997765,1.08677516051847,1.71451129221019,0.742874063408079,1.37611365102135,1.0269791232497,0.0,0.0,0.0,0.0,0.0,0.0
0.994444436296224,0.135179319199066,1.02264757782045,0.0196965097252996,0.0434374239665849,0.947915232544309,0.14940783411089,0.16924765513617,0.199924845627506,0.182413600567458,0.222698643641957,0.255620438262097,0.125877977097899,0.123199612553869,0.0512011343764521,1.38780976909261,1.05166722803756,0.0485286004418033,0.0,0.0,0.0,0.0,0.0,0.0
0.899525002057898,-0.0318633945163091,0.97636843468242,-0.0818925280326105,0.0860801336276579,0.943463654355971,0.150002030231606,0.0380435086894796,0.0273442366782232,0.212109852349334,0.0386704405280681,195155.579133761,0.0987496813178112,0.775737116829665,1.45180152676461,0.0512240282404893,0.728169232233058,0.0036717599872108,0.0,0.0,0.0,0.0,0.0,0.0
0.937752940036223,-0.0380979419048397,1.06928278587657,-0.18115071160318,-0.0792129457131827,1.1043641784132,0.637694416957948,0.0108521907006361,0.0076742143158747,0.640445040051915,0.010852204958521,0.643487983091617,0.0154244638245002,0.895565825244917,1.70005427245345,0.0517169343455244,0.855257422743983,0.0089269666969535,0.0,0.0,0.0,0.0,0.0,0.0
0.878629696853651,0.0865881009265695,1.063586738772,-0.0393512889703823,0.031229050651552,0.869603324033908,0.0036733271738251,0.0051948687525909,81.9932462276722,0.0007755117972962,0.0007843004067222,0.0005545841369461,1.3428352257664,0.672755766531102,0.0023059692811716,1.17841459023662,0.508157466822033,1.01366887847379,0.0,0.0,0.0,0.0,0.0,0.0
0.878171135362213,0.0071921511070757,0.832777106872052,0.0748444296868689,0.0409395063364775,0.899994970571881,0.019771491576129,0.0011956680327945,0.0008462390361339,0.0279610506569296,0.0011967627171375,29.7052546538313,1.71680755393914,1.43224295934189,1.14737438562028,0.859436482753509,0.574779759865476,0.0019063229125032,0.0,0.0,0.0,0.0,0.0,0.0
1.08951072562004,-0.0257005485771473,0.907941829260065,0.0447821531833481,0.0077134436262632,0.95436427177294,0.139008436800315,0.14450781839956,0.150733581981979,0.0317714548307517,0.0318336780131978,0.0227651421717177,0.227174104531483,0.165656347377039,0.103904139742001,0.357938621906089,0.296277200122007,0.488075442196059,0.0,0.0,0.0,0.0,0.0,0.0
1.15263292172051,0.0269485127499765,0.916028317791326,0.0655724356760629,0.013887595440611,0.911202513932592,0.0462315817302053,0.0578067597685493,0.0874919920795407,0.0412952007926588,0.0489236626376124,0.0376637054774547,0.175908339278343,2.45114441923111,0.123370919294071,4.35043180335775,4.33115558304884,0.525264967768063,0.0,0.0,0.0,0.0,0.0,0.0
1.02884197696359,0.0488864109390441,0.965374469338719,0.0963184601771311,0.0071853923471547,0.875018524781765,0.259725516179742,0.204609216521651,0.174245247285478,0.0742439242888017,0.0724574135853115,0.0536057191981728,0.0274130456436088,0.236352969358109,0.0946898040161651,0.530931479230518,0.231179629973641,0.224866456298122,0.0,0.0,0.0,0.0,0.0,0.0
0.987127121000084,0.0627896917789119,1.07531425823461,-0.102951701081025,0.0616961180536721,0.977838126307805,0.103872180891804,0.0026596476598223,0.0018809632561126,0.142816167267094,0.0026600584664265,0.431896221207539,0.0655667551545996,0.729792397829472,1.12607753169194,0.265468840399693,0.597683582655353,0.0381321200622081,0.0,0.0,0.0,0.0,0.0,0.0
0.877808180655828,-0.0301143415657646,1.11627669383057,-0.105314686198169,0.0447295152135753,1.10206078732951,0.132043542144659,0.166104426757984,0.257079457519562,0.152752980449931,0.214445457540944,0.187788253367575,0.100158460552198,0.937196739220453,0.0119819048345485,1.10780494189196,1.0659291003554,0.166280273233599,0.0,0.0,0.0,0.0,0.0,0.0
1.12270696326146,-0.0424307733635071,0.743470731338005,-0.171648316391954,0.0393719783478542,0.997717124135259,0.455312053025343,0.0144500513018868,0.0102203049939537,0.616530015423766,0.0144533617816481,1.51288181037518,0.042903998377682,0.981954908028403,1.68343435521769,0.157943481401194,0.851855529111343,0.0182054570852414,0.0,0.0,0.0,0.0,0.0,0.0
1.01816088059513,0.101972026717292,1.01041559198064,-0.0359579932361426,0.0398480888883455,0.902860940078993,315.665754716478,0.209170840720202,0.148004656417493,4.81238760113157,0.209155370387478,39.9715585077487,0.0021450834142292,0.0510535414679395,0.055766120605817,0.0391102592070785,0.0324548568196727,0.0032550643294287,0.0,0.0,0.0,0.0,0.0,0.0
0.938568589718452,0.0147589884879716,1.20675802677056,-0.0411968464893089,-0.0421228678885951,1.01073690202613,0.0343543150083098,0.0151769237491208,0.0112970600728728,0.0485840517126757,0.0159764453812621,1630.07784548016,0.0799453144404589,1.02431506662051,1.93294295783122,0.064785300804008,0.982915572813807,0.0008394148790917,0.0,0.0,0.0,0.0,0.0,0.0
1.02952181332256,0.0698306369010344,1.08292048697951,0.0863637831986865,-0.104946256533141,0.991304822765574,0.287582552012666,0.236390875220269,0.205434547388876,0.217072398920679,0.192365627481857,0.181526340892314,0.0216884827121439,0.38273112944967,0.0518733091198492,0.058044316642138,0.340443719553714,0.0800031854848451,0.0,0.0,0.0,0.0,0.0,0.0
0.824719869338926,0.0344708922843631,0.945815739673341,-0.0252605407392705,0.0119271642814507,0.844299909349643,1.42573292682988,0.0006285894627506,0.0004444798937322,0.0004947690700657,0.0003887822462601,0.000349854575312,0.00361082572919,0.522068884065284,1.03056284868789,0.522086344297166,1.03556247318411,1.030597459828,0.0,0.0,0.0,0.0,0.0,0.0
1.09878053285454,0.0465856769184054,1.02075786410673,0.0452607944975131,-0.190391554673552,0.880611885799169,2.07976469295581,0.0160799037869944,0.0113703875946648,0.496401494909337,0.0160719669667737,0.356407341335288,0.0034792418363812,0.754840537204531,1.4496425412234,0.0152768514209696,0.765119109971757,0.0262831268402617,0.0,0.0,0.0,0.0,0.0,0.0
1.08025921910476,-0.0988682720951376,1.03245123437634,-0.0048345188625851,-0.177024954431339,0.832397377528534,0.007467502944769,0.0105437468067374,0.131858360880942,0.0105606387626337,0.186447763723082,10.2494807398119,1.72669115530579,0.900896927687187,0.0741267349021165,0.900420734107824,0.0740767245582269,0.0037640791784535,0.0,0.0,0.0,0.0,0.0,0.0
1.08404526003908,0.0750101018696728,1.15570865519512,0.0492802855011221,0.11731526443576,1.06995286681819,0.367439983230834,0.0422570011944895,0.0299796384749615,0.003917846393618,0.0039013352746757,0.0027704146025272,0.0289495751352025,0.382722018724843,0.732825674269325,0.471971658335472,0.818234045039674,0.652548915879078,0.0,0.0,0.0,0.0,0.0,0.0
1.10143250372717,0.0287048571129288,1.14131085841621,-0.0176653502136292,0.082639376858656,1.01210422958795,0.287319887832049,0.403171196798487,2.35613101306293,0.251724981141734,0.319196573063946,0.226810176443022,0.0358144020696045,0.0186667185521248,0.0014203937010122,0.0532022712314021,0.035979202437246,0.0702448719707448,0.0,0.0,0.0,0.0,0.0,0.0
0.884731678920033,0.0675130079904409,0.929732132324674,0.0034783818945025,0.0054703641653032,1.01732273833257,5.15293753879695,4.57628068731,4.21806780603594,0.14883842912295,0.148823664010001,0.10526909845086,0.0149949515786299,0.011444096247184,0.007780460674602,0.0830736798047981,0.0793304442499088,0.148280023773611,0.0,0.0,0.0,0.0,0.0,0.0
0.8696403605699,-0.0039271607840666,0.950957734615977,-0.114011961839784,-0.0943681811947759,0.924361422257687,0.0122747978021403,0.0041105356051338,0.0029916705528433,0.0039645035165026,0.0029339386901454,0.0028794251788385,2.23966693884885,1.92187488523906,1.60162773143005,1.94743669059494,1.62899250581839,1.65420928435912,0.0,0.0,0.0,0.0,0.0,0.0
0.96652068757473,-0.089524399826492,1.07086663707524,-0.0722510854378819,0.0408353233151116,1.03564909953249,0.0002756539735863,0.0003898335873974,6.0646146346736,0.0003898335337651,0.736505424259606,0.523538928101372,1.03060697618384,0.518818570647597,0.0067371857581752,0.535643622508996,0.0235716673774952,0.040354128717131,0.0,0.0,0.0,0.0,0.0,0.0
0.895813868500497,0.0412538389383001,0.845434730996708,-0.0363158923015478,-0.0955499675624733,0.915013833606211,658.523393111425,0.006452945778149,0.0045629221985133,0.0220400316388737,0.0061929670084176,0.0155846750685792,0.0024899183739894,0.974069306216823,1.94490388322653,0.906415649904183,1.87750288628988,1.8097095606239,0.0,0.0,0.0,0.0,0.0,0.0
0.984668335586842,-0.0261224031187403,1.11950763338429,-0.101617466494199,-0.0053738109635701,1.00459681599438,0.0430249213532392,0.0089128443668426,0.0063710554463204,0.0116067546499583,0.0071664652883902,0.0083607402512011,0.0755772083956598,0.79797419524914,1.52000984943478,0.948896856683833,1.67118331630489,1.82193495707853,0.0,0.0,0.0,0.0,0.0,0.0
0.931935191199873,0.0758523823815209,0.928309429498142,-0.124659537122197,-0.0549035152207982,0.957277402915361,0.0106385796519263,0.0150223138319748,0.192593416703557,0.0112269719110121,0.0168325486143887,0.0119252126615347,0.2518735552256,0.467913624505894,0.0288047735743782,1.07694120886648,0.967408121479274,1.2100125352098,0.0,0.0,0.0,0.0,0.0,0.0
0.916340081739653,-0.0102074060723409,0.956632426486457,-0.143149935326755,0.0360861842677161,0.906220379152718,0.0003348320416547,0.0003374721381253,0.0003401756862708,0.0004735230402586,0.0004810800475586,0.165091646930978,1.03039472766005,1.03208263051102,1.03058754642522,0.628358817044063,0.629399884074491,0.22543210296684,0.0,0.0,0.0,0.0,0.0,0.0
1.12345100773984,0.0212106770104521,1.07519916585362,-0.0459332514667558,0.111195241112012,0.995552263824731,11.1215712254064,0.0017163142872512,0.0012136174873258,0.0074771104886585,0.0016728100578592,0.0052871168666046,0.0020014256435925,0.545738795697072,1.08811394664376,0.95784715046384,1.50083623248217,1.91219033858454,0.0,0.0,0.0,0.0,0.0,0.0
0.868000869540835,-0.088682578481702,0.890802159965053,0.0556829970594652,0.0762200802454128,1.04594242581338,0.0006136685092627,0.0006636484097046,0.0007282391529697,0.0008631271421219,0.0010220053216497,0.005852978673171,1.06677699325341,1.06993402227582,1.06970202012435,1.24541897519318,1.24693049460517,1.4208788714897,0.0,0.0,0.0,0.0,0.0,0.0
0.89430547545987,-0.0512528887892933,1.06938386875332,-0.0297666338567276,0.0667132718525153,1.01698247068976,0.0006858722612744,0.0009699458347716,0.0974632410375171,0.00096535681704,0.0098845265363273,0.0070074596846246,1.05111498305916,0.602536333218255,0.151363668719563,1.46094058210505,1.01097028234699,1.86825254035796,0.0,0.0,0.0,0.0,0.0,0.0
0.902367836018241,0.0593661942046285,0.991996732177784,-0.018162070792194,0.003577020342729,0.869063148354649,0.0055766529696615,0.0078762442803908,0.108834772316369,0.0078832912436797,0.134083730106816,0.193128794940554,1.48846090416655,0.938601792592102,0.0874267768051434,0.942257520533878,0.205668454483874,0.009089794126266,0.0,0.0,0.0,0.0,0.0,0.0
1.09668646333557,-0.0583405482997498,0.976487169117449,0.110334596922881,-0.0630743575721835,1.0591088458959,0.0004565924320406,0.0006457175457816,0.20115671976996,0.0003767203263973,0.0004638399242276,0.0003279847919574,1.03046620367249,0.60204127583284,0.1636192672775,1.03550053919269,0.602076837629068,1.03053657814633,0.0,0.0,0.0,0.0,0.0,0.0
0.981379232449765,-0.18599761517331,0.914501895461776,0.115837144405667,-0.0336051725480945,1.10196486624072,0.356353416203771,0.339412834153933,0.324896529469951,0.0094328207318985,0.0094324852239663,0.0066711819410589,0.0242958288211284,0.0305627278037441,0.0363541433223254,0.858580293663447,0.861862676742757,1.51142803602913,0.0,0.0,0.0,0.0,0.0,0.0
0.946534444819916,0.111712532269393,1.10309847141583,-0.044833435120479,-0.0567352513306907,1.24811492313814,1.30279796864433,0.236878957761068,218760.648345025,0.0258993439394487,0.0258626282880835,0.0183641503290267,0.0076301379536126,0.0049699801745882,0.0022949668370918,1.10333836065041,1.1006269756083,2.19717942990827,0.0,0.0,0.0,0.0,0.0,0.0
1.06341281947265,0.106204093624216,0.942966871799048,0.0196452690493216,0.0964288604657874,1.08356769974142,0.165417644205405,0.0910207236099258,0.0698684312315155,0.233863209345435,0.0988034075567887,8.90136190444016,0.0339704754302758,0.032659737464721,0.031322119361024,0.0218619243361386,0.0205170779761959,0.0093585427045543,0.0,0.0,0.0,0.0,0.0,0.0
0.924667047473152,0.0116500761926694,1.06456411574397,0.0685005236607624,-0.0108306202836453,0.941949552985126,0.181091664528887,0.122962904857384,0.0991252180844564,0.157406557322677,0.11470781483476,0.141115296616361,0.102177473236225,0.198697087174682,0.294620693992449,0.0935748292109096,0.189830592980077,0.0842440992036954,0.0,0.0,0.0,0.0,0.0,0.0
0.878694180461804,0.0926411897485798,1.0791939661324,0.0484693124657933,0.028251223229804,0.930764735528819,0.792704881635594,0.0158787815219799,0.0112291276420114,0.0007822391290384,0.0007812920414585,0.0005531267281533,0.0189375739199052,0.73293564533729,1.39443281862307,0.54496605545478,1.23577304067052,1.03615148120853,0.0,0.0,0.0,0.0,0.0,0.0
0.931921475957491,0.0815976426575039,0.923828319431276,0.0052807023927371,-0.0403507605108297,1.06862565284771,0.0256976294219849,0.0361879951888554,0.278406739982853,0.0355083938762367,0.153545609195212,0.117916434336821,0.602902062532092,0.326536320181074,0.0500548354057907,1.10069081451001,0.823631408314281,0.0637119376781125,0.0,0.0,0.0,0.0,0.0,0.0
0.969303475414094,0.0178085594692947,1.06800177572485,0.0458232914043012,0.113078875986741,1.03753990167737,0.0034463537868428,0.0004807527896926,0.0003416094776276,0.0005035897534769,0.0003495205000414,0.0003580078839853,0.905822698059656,0.97318968066119,1.03055171657539,0.973231061263676,1.03559494718968,1.03063249870203,0.0,0.0,0.0,0.0,0.0,0.0
0.830434530472704,0.0903782964921436,1.07440509016248,-0.0999157386860186,0.0477060126768908,1.01765913685435,0.0059277196111551,0.004880818766072,0.004244943931352,0.0083830599945303,0.0060032567380947,450.948386317182,0.831825492129399,1.12329486118129,1.41456685025832,0.417220624954264,0.70860588890289,0.0024615365557188,0.0,0.0,0.0,0.0,0.0,0.0
1.02144321017664,0.0440023915989633,1.1395027994995,-0.107542154929097,-0.0569451607883336,0.910328203012653,0.0060405734995782,0.0085288789443773,0.106218896099599,0.0012819807219867,0.0012966162800983,0.00091688032514,1.63376607925732,0.918457531296233,0.201571612930273,1.39333755795633,0.677508555523075,1.15204849714102,0.0,0.0,0.0,0.0,0.0,0.0
0.927343813081501,0.061480514458957,1.01261052072133,0.0330633148134839,-0.0267251618505746,1.01526254766252,0.242359137000262,0.335088924353357,1.13469709999303,0.162023423626443,0.182668888954883,0.130022895744429,0.0692380097861339,0.0414599844094427,0.0135707648484952,0.0553655065914365,0.0274936222910402,0.0411595226108661,0.0,0.0,0.0,0.0,0.0,0.0
0.926130526914528,-0.0100143118566216,1.0942353204451,0.0974454045358116,-0.0413692225450742,1.01727102651569,0.0164429685996824,0.0005149704300149,0.0003642284080425,0.0232538377903861,0.0005150967541138,624550.398167446,0.110895157155005,0.525926398440291,0.929997749068988,0.0651666171120659,0.467719500645356,0.0008727870810683,0.0,0.0,0.0,0.0,0.0,0.0
1.03366028841328,-0.0780048060816563,0.956066162082408,0.0002982828121866,-0.0179331843266013,1.13634588297687,0.406336210736729,0.0310816150564921,0.0220102936104945,0.158122089050165,0.030584338375286,0.116306518702203,0.0343115411518862,0.356302245450749,0.522347279763937,0.160195901792125,0.422487347347078,0.211033421607789,0.0,0.0,0.0,0.0,0.0,0.0
0.979027843191863,0.0445291165268842,0.945295076305307,0.0960689339335267,0.0563542549579804,1.02562871307714,0.0002336430498069,0.000330421160177,0.973109439609441,0.0003297057120535,0.0050128620422735,0.0035446524819137,0.427597134216302,0.300176305047527,0.0347563336498386,0.448839141171393,0.261803344291706,0.335315281708935,0.0,0.0,0.0,0.0,0.0,0.0
0.969954282275006,0.0383765948312402,1.00240562555758,-0.0089350441179049,-0.051276268700775,1.1036229728615,0.0004057963258618,0.0005734301309915,0.0102122413635456,0.0004624894606028,0.0007800157842917,0.0005523606544023,1.03072840469289,0.923380652806859,0.805718336752123,1.03455395117093,0.9220565556629,1.02807926458374,0.0,0.0,0.0,0.0,0.0,0.0
1.15295823847033,-0.0420956304346817,0.888530493325185,0.0063511285126276,0.0214159689880482,1.02892866641585,0.0069828246062079,0.0097058001724857,0.0372121498374114,0.0098375057531003,0.0476827773028153,0.0796872566289156,1.82376355425514,1.42748911279502,1.00878459469048,1.81339934138629,1.38683082771846,0.0920253410784948,0.0,0.0,0.0,0.0,0.0,0.0
1.1960587942395,0.0933437939723401,1.05807495110653,0.0501044780300062,0.0907583004233728,0.96037446662607,0.00053801094067,0.0007524311030016,0.0035838506241734,0.0003683705581308,0.0004195568517645,0.0002976932264656,1.03073813387985,1.05398255541447,1.06719481626808,1.03553266915676,1.05376237172443,1.03030251835632,0.0,0.0,0.0,0.0,0.0,0.0
1.03112553368352,0.104324174307958,0.916182448903551,-0.128321502644837,0.051797922830709,0.965885556732895,0.255600559573021,0.242905303258613,0.231953274767945,0.175272253872992,0.17101798086433,0.141717659388121,0.0963260573904759,0.415719464049883,0.0305895663079396,0.0884223270671223,0.317079635142316,0.0614687339037618,0.0,0.0,0.0,0.0,0.0,0.0
0.957384747655809,-0.0641846541000596,0.892471451620555,0.006136469210453,0.0467058706313986,1.09305830115035,0.0053242672421015,0.0075296498857731,30728009400556.3,0.0075168819386735,0.129126639317544,0.0913100925581309,1.73659519310458,0.868931356270733,0.001255471397549,0.898779756968713,0.0311102023489887,0.0609522614189394,0.0,0.0,0.0,0.0,0.0,0.0
1.08092951537914,0.0303617970006415,0.936008203170779,-0.0119585862832842,0.0775002449331463,1.09970710719031,0.107743645113934,0.0155384818024123,0.0110449524946621,0.0035132054243365,0.0034284450131141,0.0024848720361077,0.38325275092836,0.438125116570223,0.490563571567273,0.941740781074906,0.995083766793414,1.49711112738259,0.0,0.0,0.0,0.0,0.0,0.0
0.981460454215182,-0.0061758140363522,0.899711532535591,-0.0494767544578255,0.100274393383251,0.838151387222038,0.0796685756308423,0.103136261649994,0.181175230653192,0.0749339289613617,0.093433920099417,0.0709541954908572,0.231541664751338,5.22093897565259,0.12895136187346,5.41122742132491,0.265500108149055,0.401458659862204,0.0,0.0,0.0,0.0,0.0,0.0
0.889956985990665,-0.144149594430385,1.14120263385398,-0.109217135632167,0.0555893446290555,1.00022504778511,0.0429587238485729,0.0538528513996344,0.0822713221099943,0.0007649949078801,0.0007650390236437,0.0005409759770844,0.332178122216673,0.542888759211121,0.362514513646886,0.703419222177595,0.838664989113498,1.02288100818381,0.0,0.0,0.0,0.0,0.0,0.0
1.10697167362832,-1.41594609926794e-05,1.04837087484301,-0.0537526185089889,0.0230316656224471,0.938080564376571,0.0004306125152308,0.0006089780586024,25130.0160792939,0.0006043771820751,0.0049260113041339,0.0034832162086622,1.0301599004196,0.519111042628027,0.0017571803551518,1.39181887641035,0.877468603069567,1.74711411305447,0.0,0.0,0.0,0.0,0.0,0.0
1.03844888301182,-0.069217360589716,0.943613938307803,-0.0513303719328165,-0.0006715296913534,0.856524351059871,0.01027945854122,0.0087420716625979,0.0077368023705059,0.0115656053768349,0.0094927992428701,0.0134985912698388,1.92291598282945,10.2287331481915,1.53125731168911,7.29047590554151,7.49322736909813,1.17653239797797,0.0,0.0,0.0,0.0,0.0,0.0
0.912295683741073,-0.0120035853689096,0.814767270226772,0.0254558989957998,0.017796585370822,0.829484409740432,0.006263398469909,0.0088575383228454,0.845558559355635,0.008834593643762,0.121539849820802,0.0863922548063649,1.73402799111015,0.881359196023195,0.0270108249150062,0.950706849479486,0.0967047143441567,0.165014317876194,0.0,0.0,0.0,0.0,0.0,0.0
0.93686239061159,-0.0200264903161161,1.02678674575361,-0.106372739710916,-0.0358203661522983,0.970057107521618,0.0042687965949061,0.0060369893564537,52.9685276507568,0.0060367332076335,0.654408275199443,0.463362850021879,1.61870336761027,0.809894453024856,0.0008142896188018,0.836469089538007,0.0274603438168098,0.0539661407772367,0.0,0.0,0.0,0.0,0.0,0.0
0.997851749561575,-0.0478791324483084,0.954669747793735,0.0409174278234094,0.0009516260433607,0.994929722816497,0.0052953871926221,0.0074443442408425,0.0483780693732886,0.0074880387507383,0.067837415322893,0.369581745317539,1.66946301206818,0.945825578321017,0.21927671229546,0.870080358724144,0.146075030444109,0.0703120111672621,0.0,0.0,0.0,0.0,0.0,0.0
0.985331840467717,0.0199308165508462,1.08518478761734,0.0608907227525132,0.0584918362601737,1.06264151596798,0.0057218117332927,0.0040347395642634,1544930.36776478,0.0045403970224966,0.0046607536515812,2.04279810949385,1.49454143846268,0.748234744453726,0.0018539497828387,0.750624467282527,0.0042496697166447,0.0066375178480813,0.0,0.0,0.0,0.0,0.0,0.0
1.11694652077749,-0.122308845529706,1.08655735035784,-0.0328127891199705,-0.0888309188789885,1.19624893385597,1.01406138193278,0.0011874593240365,0.0008396608311422,0.189342108600656,0.0011874367904488,0.135079357361279,0.0077779836364623,0.325189974805313,0.640194609113159,0.151645112792766,0.453470509103146,0.0917701009402957,0.0,0.0,0.0,0.0,0.0,0.0
1.01686087288099,-0.0396058436394433,1.01277807067236,-0.10583127626685,0.0002170013215839,0.902707659842671,0.317863411792358,0.0258486774156328,0.018308098443473,0.0006283468531618,0.0006281625140171,0.0004443087552997,0.021191662003043,1.23199751112218,2.43648570848027,0.530185864893036,1.73765116540282,1.03170058692863,0.0,0.0,0.0,0.0,0.0,0.0
0.92377669908725,-0.118820552738345,0.835494291804465,-0.0117446106315309,-0.0622784821082086,0.931927653358971,0.319393687851331,0.0038896340250548,0.0027504886813344,0.041611608215459,0.0038730365574761,0.0295496376664351,0.0053549176021987,0.824867349593481,1.64221832128132,0.135378641756243,0.954394488984558,0.264702510292311,0.0,0.0,0.0,0.0,0.0,0.0
0.95873663904679,0.130081636812946,0.960352358311312,0.030880782555405,0.150303344798343,1.01129414438584,0.174024381385866,0.193221647951406,0.220629926162191,0.0017774049456267,0.0017774224612736,0.0012568478752551,0.0392861992285411,0.246748640577311,0.0304579234254503,0.299719275587457,0.0833056891272159,0.136097014981426,0.0,0.0,0.0,0.0,0.0,0.0
1.01004224105017,0.126753300343184,1.14953304711458,0.0506167722257885,-0.0331649814124118,0.942141570906835,0.0003060325321597,0.0004327949050592,0.211692942782988,0.0002324845855031,0.0002756272835465,0.0001948980039126,1.03050634254976,0.545813895462562,0.0610410329461474,1.0314496547589,0.546628154018489,1.03060155638597,0.0,0.0,0.0,0.0,0.0,0.0
0.890443883909615,-0.0812168670030738,1.05880356319055,0.109920252469213,0.012843430688522,0.907636044254586,0.26029029147989,0.0732550300800239,0.0528572494185494,0.0002868402916526,0.0002868382669645,0.0002028267769716,0.177869918512603,0.181928632453355,0.185976077777778,0.604800546086074,0.608823916265194,1.03060169747716,0.0,0.0,0.0,0.0,0.0,0.0
0.887584561761551,0.0182178989097565,0.98206914534489,0.0063671743264542,0.0587110758810135,1.04748639427537,0.0002335350565958,0.0003302443198809,0.0193205272277311,0.0003302680914771,0.0271257184268164,0.15978320444048,1.03060172028809,0.641006194898512,0.250729488946281,0.532304663832404,0.142096067163998,0.0331803152272018,0.0,0.0,0.0,0.0,0.0,0.0
1.22112200121375,0.0380984618059572,0.90965212874867,0.147790439123572,-0.0147638608187343,0.921923847448603,0.0667020505825712,0.0004386781472801,0.0003101956470704,0.0009282740848028,0.0003966272525343,0.0006564206854543,0.112934786668581,0.576836455684371,1.03058882124245,0.575719347157965,1.03451539010912,1.02826980334261,0.0,0.0,0.0,0.0,0.0,0.0
1.05467399268284,-0.0593049219853498,1.19071757692735,-0.0330526375558798,-0.023597754684219,0.980660582496188,0.306437250045809,0.0337811693699828,0.0239598665498413,0.0009854531423199,0.0009850391976793,0.0006968224027387,0.0601223526019364,0.598141015723331,0.365821305908917,0.546018124765461,1.02056564609484,0.988559555887507,0.0,0.0,0.0,0.0,0.0,0.0
1.01876682685292,0.1084294303387,0.946425233280787,0.0144777062284133,-0.052189643600491,0.871670494936936,0.159007379197018,0.223938782060533,1.76845721690993,0.0004622750449021,0.0004622760138108,0.0003268785099042,0.0484221710630645,0.0294273238139463,0.010385036133641,0.540253960681114,0.521169773485696,1.03055538082122,0.0,0.0,0.0,0.0,0.0,0.0
0.96678209882878,-0.0077151923155644,0.968534195329451,0.0304108415395849,-0.0197262541066205,1.11770836023214,0.0021196114292498,0.002993762001355,0.0419385727717762,0.0029708966039311,0.0208849312414802,0.0157784968781086,1.1221216471262,0.648252715099803,0.170226371010098,1.68507935094719,1.20951626586182,2.24487913415063,0.0,0.0,0.0,0.0,0.0,0.0
0.96496336773538,0.0501702873828695,1.01052658617917,-0.0631035810280435,0.0171237912383245,1.07021545827008,0.0135824345053624,0.0073531356776674,0.00562815935606,0.0163514817450926,0.0077118239075941,0.0220344160795522,1.01111694117547,1.61569306170622,0.213949138154262,2.59347432190129,1.19186015701996,2.16506992845564,0.0,0.0,0.0,0.0,0.0,0.0
1.06371642887618,-0.121240670035992,0.992769126646977,-0.0595143309878186,-0.0546667108364268,0.954471957433107,0.0605293720306669,0.003786182654959,0.002679858145009,0.0101726755604902,0.0035544920097699,0.0072445065086436,0.179613160524555,0.720103379589576,1.24144968555275,1.19975920922587,1.7066779079966,1.89533745057156,0.0,0.0,0.0,0.0,0.0,0.0
0.951481605769408,-0.0860757688863801,1.02023212460376,0.0698902627559728,0.0653502980785841,0.89906926802595,0.393702091968807,0.270443017832352,0.560021996363774,0.0653610204869397,0.0659077173342968,0.145501117969494,0.0408875245897446,0.273240392916823,0.0522568973490213,0.072110769249503,0.236394365525441,0.0871407079860621,0.0,0.0,0.0,0.0,0.0,0.0
1.06456872582711,-0.100494067076371,0.939631589060264,-0.125731816925773,-0.0509357107604244,1.1293298183126,0.0679140875205172,0.0004223797396114,0.0002986704664053,0.0003296404669686,0.0002598691813932,0.0002330923824843,0.317299617417003,0.678237937470534,1.03052092158874,0.677990535765464,1.03481321973725,1.03059768989059,0.0,0.0,0.0,0.0,0.0,0.0
0.935236788932405,-0.0225832270084049,1.05555014744374,0.0066157470499048,-0.001347049222825,0.962923219007369,0.442842364629167,0.0543356043210514,0.0385667867495303,0.0006951111645938,0.0006950551479719,0.0004915181215107,0.0162058039433569,0.626726034661453,0.265824649353904,0.67545555357227,1.02861919314246,1.0296892462209,0.0,0.0,0.0,0.0,0.0,0.0
0.817948014052884,-0.0327203465041583,1.01099679958759,-0.0529999264236612,-0.0499792298715859,0.996607908631954,0.312707630331103,0.0334724271891559,0.0237367553929672,0.44192364049514,0.0335687160826382,1678.19390164482,0.0487642852430935,0.247408360548125,0.386387597889478,0.0251993317196217,0.22298243738923,0.0014489464285844,0.0,0.0,0.0,0.0,0.0,0.0
1.02680357724204,0.0431547851581247,0.994911946297006,-0.0403277974388203,0.041823534900442,1.11056253693522,0.354682552002281,0.0097606006648396,0.0069030953269791,0.413162155460664,0.009761574728801,0.515710528891758,0.0241868556007794,1.12664599284682,1.73334663978084,0.296734703729029,0.87637155464771,0.0158111735337829,0.0,0.0,0.0,0.0,0.0,0.0
0.885926367249301,0.0127013344375406,0.873808022721499,-0.0060855082911663,-0.0010272990960012,1.0984036282093,862729916524.67,0.185349595516254,0.131073235427262,0.0004584935993975,0.000458492196875,0.0003242039334352,0.0024300655156018,0.0098024050469808,0.0169028878757697,0.517714614166754,0.524788197125329,1.03058003353171,0.0,0.0,0.0,0.0,0.0,0.0
0.976513894432199,0.193546026246192,0.992675227794038,0.0039435098328578,0.0516050068703511,1.027427447079,1.60772743425491,0.0292679270234137,696146443.738216,0.0430932112904027,0.0337443350280895,4356683756.5773,0.0293893410821141,0.0151153544480108,0.0008359730186309,0.0152033066968578,0.0009210442851605,0.0008928004660203,0.0,0.0,0.0,0.0,0.0,0.0
0.977235768886365,0.169331993867404,0.994697113804741,-0.0281060047675919,-0.0792393813423939,1.01307807770804,0.0004603599062984,0.0004961806705824,0.0005419181181076,0.0006480588915155,0.0007615262584295,0.0047882334179458,1.03191593739629,1.04095818358917,1.0413360263065,1.26144164003839,1.26614299470677,1.48233041343378,0.0,0.0,0.0,0.0,0.0,0.0
0.988472537276154,0.018066423799303,0.910420610604991,-0.0434845958794007,0.0004636046450355,0.962778713215959,0.0446289913464136,0.0569847505426006,0.0937319112292488,0.0005174508097426,0.0005174642583021,0.0003659052743334,0.372325622227995,0.256355162652795,0.139158403284817,0.703315392303899,0.586446567574501,1.03057145094668,0.0,0.0,0.0,0.0,0.0,0.0
1.06046525778569,-0.0894480913062255,1.04415562582904,-0.0447676867453224,0.0405996961449462,0.863068971633642,0.0046782071050263,0.0065109033702742,0.025934631158294,0.0066055885706983,0.0350211350913633,0.0833574895037259,1.69169577485228,1.40347736136292,0.607169569616921,1.1598333192937,0.632744822182852,0.0316205325253427,0.0,0.0,0.0,0.0,0.0,0.0
0.96827382935702,0.0722025424701675,0.973828567699064,0.031996294792129,-0.046585181639511,0.998128757361806,0.0012858722036108,0.0018179383349778,0.0518221833215595,0.0012592890963458,0.0017450537756958,0.0012342893167365,1.01180313134007,0.914762474515703,0.817384590158284,1.01466963229771,0.917442728733494,1.01710717082253,0.0,0.0,0.0,0.0,0.0,0.0
1.0038941524907,0.0512304936842182,0.983867695108437,0.0121380975652305,-0.143428312009971,1.22296978356967,15.1844303718659,0.0005794058898684,0.0004097018342784,0.0004550209947996,0.0003578593004401,0.0003217484312438,0.0036585718266168,0.522173829958096,1.0307063851253,0.522108431375463,1.03563235715084,1.03057567184739,0.0,0.0,0.0,0.0,0.0,0.0
0.977698511872944,0.0342217400536615,0.976544826145278,0.0626860776205363,-0.0676565104773263,0.855865048042637,0.0935804354059206,0.132336761803194,57.0472751631522,0.0074162446738614,0.0074279166717533,0.0052523309941266,0.081998584115706,0.0818171213774324,0.0017755057697928,0.433763564312875,0.353650733743387,0.70503162560371,0.0,0.0,0.0,0.0,0.0,0.0
1.05226231351849,0.125674442646077,0.943981487176345,-0.0716355062497396,-0.0945226277297747,1.06631122130048,0.0003207290273204,0.0003964543973668,0.0005770328476183,0.0004535793017985,0.0008160474549191,0.780956870130222,1.03058141503726,1.07075252996976,1.02730047074085,0.588126771726755,0.591763626789735,0.0642555700314352,0.0,0.0,0.0,0.0,0.0,0.0
0.88824792531712,-0.0888590526919303,1.07512700102194,-0.0141223539535932,-0.0870591401644803,0.82022545711918,0.0030697865846516,0.0043408676715769,0.209522054456048,0.0043399381071513,0.148213695535514,0.121043779685367,1.54010244708042,0.807769719896806,0.0752604983827262,0.87125406809633,0.138752328258733,0.202218202199745,0.0,0.0,0.0,0.0,0.0,0.0
0.91784977277644,-0.0808376212649154,1.09607627130649,0.087277429871324,-0.105491125032881,0.969100417925374,0.0290819753448902,0.0121178905923415,0.008966685533963,0.0060336673827962,0.0054968078948352,0.004313113634411,1.78208917121971,1.09056290090423,0.398898059650382,1.66974913348126,0.978179296956565,1.55732210360032,0.0,0.0,0.0,0.0,0.0,0.0
1.13336419039819,-0.0580374240776572,1.06511692356846,-0.0492846791825574,-0.0735214378797002,1.24072833924009,0.0033592338960859,0.0045162721550001,0.0102937026333727,0.0046281641013775,0.0118715389140918,0.0145040436407151,1.87244518015065,1.65372358424858,1.43409856659581,1.92495907193688,1.70572628023732,1.97556574474526,0.0,0.0,0.0,0.0,0.0,0.0
0.991987925330436,-0.0667819842819922,0.864723178996732,-0.0648997861865491,-0.0160603352263924,0.915890189638248,0.0102046348661503,0.0144282724858141,0.480539343989094,0.0144315251736154,0.678764944899114,56.9200081939633,2.06594490431003,1.04027183315653,0.0143526943729477,1.04678706108346,0.0206562960696615,0.001916124365544,0.0,0.0,0.0,0.0,0.0,0.0
0.977145918647656,0.0079951952810435,1.10313373260531,0.0202855660789403,-0.0434529736031048,0.998899974209438,53.9396986751117,0.0027135040863628,0.0019187371767946,0.0619956118544849,0.0027109086691666,0.0438379535569857,0.0034901608934778,0.651313079884594,1.29325872743834,0.191743643219996,0.837694831669335,0.376818320633536,0.0,0.0,0.0,0.0,0.0,0.0
0.925481216915915,-0.071101807980193,0.978476114803546,-0.192691908726274,0.0558786217460368,1.15625578696526,0.006792605655791,0.0096049868165234,0.42871648641358,0.0019552788578423,0.001997075217784,0.0014121531051456,1.5371456598479,0.801363993693177,0.0655774930989537,1.22982842119835,0.494043990256758,0.922505967809013,0.0,0.0,0.0,0.0,0.0,0.0
0.910848176528709,-0.133449749649374,1.12944568964153,-0.111871193695964,0.112146635857111,0.998617097669587,0.25334711115785,0.0099366492026737,0.0070289775009593,0.0221335583193531,0.0090708453385338,0.0156807581188749,0.0617729597227627,1.06031166051929,1.92939722769171,0.426537352972401,1.32236158019977,0.698622296664355,0.0,0.0,0.0,0.0,0.0,0.0
0.922061212983193,-0.0209939853345194,1.07353596797213,-0.0188814519960884,-0.109876714541072,0.900641853292649,1.4258904331808e+21,0.0841118434625109,0.0594770924839246,0.0021216522060231,0.002120977591125,0.0015002346789336,0.0006850401900835,0.278629955593377,0.545054279431007,0.660696832264057,0.928367304196506,1.31056732091173,0.0,0.0,0.0,0.0,0.0,0.0
1.02485668535169,0.0726657250788023,0.979959778208946,0.0181156076860755,0.168777896982177,1.02165092658232,0.000338132931001,0.000478183534116,0.0562403080219972,0.00043766952447,0.0010862865013664,0.0007681922049064,1.03053518792239,0.560845878585285,0.0810382529061162,1.03598432433882,0.561243490580233,1.03131825759863,0.0,0.0,0.0,0.0,0.0,0.0
1.07677163040202,-0.0460602650008581,0.951294752917362,0.0722581373332612,-0.0394566018558057,0.934439066225384,208521825.239766,0.0011726992091312,0.0008292235659176,0.0169274524424888,0.0011698951560569,0.0119695249746061,0.0012786839910977,0.613980884963071,1.22661860225162,0.723157245347318,1.33583056160344,1.44498189018123,0.0,0.0,0.0,0.0,0.0,0.0
0.767482736376327,-0.092136375226701,1.06922884969632,-0.0121373429147102,0.0360228190401584,0.957173004737496,0.0447457645630879,0.0011632554752694,0.0008226848509612,0.0219229356649508,0.0011620129996248,0.0165252706558169,0.161234067470821,0.638468473585534,1.11480258824862,0.773067391400767,1.2498312902549,1.38399591382078,0.0,0.0,0.0,0.0,0.0,0.0
0.870963481125573,0.0017276847278899,0.869248238905718,-0.0230600010055167,0.0187553480907684,0.927780549264357,0.243185609562846,0.0008511215637289,0.0006018356733308,0.343827731036375,0.0008511241701476,32470851.1511652,0.0366465741241821,0.538961163411831,0.991764179999631,0.0575721143067055,0.50197023335114,0.0007720521543899,0.0,0.0,0.0,0.0,0.0,0.0
1.0041614519785,-0.0031103717874701,0.926847216082733,0.034538321147771,-0.0525667417994104,0.902448627339339,0.0074473339138995,0.0004378482799254,0.0003098733787455,0.0105199216335591,0.0004382262545458,0.154616615788595,0.829685529080464,0.96738308881643,1.0304440160749,0.481938925860481,0.566643523546264,0.0157782760998948,0.0,0.0,0.0,0.0,0.0,0.0
1.19024407340372,-0.0139148242854887,0.8662055669368,0.108674939336585,0.0015339783375451,0.991072914977134,0.0011210938941044,0.0015854627636775,0.540057242884984,0.0015805852382564,0.0201517355275239,0.0142544059296328,1.10693166453984,0.579793833871768,0.0520019947697095,1.16031602539647,0.632940148192522,1.21327845182747,0.0,0.0,0.0,0.0,0.0,0.0
1.1235998629179,-0.0190845396795027,1.16956741993344,0.0298879201768156,-0.111029102673975,0.847581294131351,0.0016433130708354,0.0019610976800217,0.0025843251237706,0.0023238435375699,0.0036541961719196,0.14364476165695,1.25560509390244,1.18540399864372,1.02492651548914,0.755543940148023,0.645350064296715,0.164998168969714,0.0,0.0,0.0,0.0,0.0,0.0
0.929711016721504,0.0152263026094851,0.974970018864849,0.0331970374368138,-0.0185711642363285,0.961643844919645,0.757700483917648,0.0011689632654157,0.0008265823461407,0.417293217649949,0.0011689600730575,0.320483338413822,0.0164027734142566,0.288359964941157,0.401444827596999,0.329753490663646,0.314451022215061,0.0196038160892043,0.0,0.0,0.0,0.0,0.0,0.0
0.852312820802127,0.0897329923172753,0.937221508316031,0.100002329474956,-0.0098492686024167,1.05450992284078,0.501189455909556,0.0389222990986674,0.0275639174395197,0.0005674897220285,0.0005674297777518,0.0004012759596392,0.0291009323407952,0.55698577395927,1.02731035786558,0.548669062838332,1.05142981643978,1.02976145016123,0.0,0.0,0.0,0.0,0.0,0.0
0.898767364840253,0.0267347505163347,0.823450571387502,0.0314956703712531,0.0467904013299853,0.906546134631651,0.0518015808674321,0.0732365125258162,2.16287564342044,0.004036705542571,0.0040428442337091,0.0028587251869101,0.261979753251721,0.133706582561271,0.0051611432014427,1.05777511512634,0.929203308959224,1.85099542319164,0.0,0.0,0.0,0.0,0.0,0.0
0.8750320554515,-0.0668899465776461,0.968680548290557,-0.101336611696891,0.0376972736592269,1.05317367567619,0.0006774250890269,0.0009580234646092,0.883544825063856,0.0009104139276141,0.0029243301184462,0.0020678193644194,1.0402205736728,0.533591886982468,0.0159073787793248,1.09094315203825,0.578886946792601,1.13081498610269,0.0,0.0,0.0,0.0,0.0,0.0
0.97876963940182,0.0687809333093749,1.11704105206842,-0.023476386899572,0.0596263224243852,0.940482263459951,0.0095303309602568,0.0004714364485927,0.0003335600259809,0.013396427556583,0.000471721586618,0.0862733631916496,0.532973757468925,0.727024385760066,0.826440916144667,0.449027013109782,0.575348737699218,0.213548211190952,0.0,0.0,0.0,0.0,0.0,0.0
0.962618298317932,0.0217057689893828,0.995728995498812,-0.0069437224692273,0.0593239148538905,0.939294397189799,0.502811457257993,0.0446425313333425,0.0316295898422795,0.0008620522631845,0.000861892854768,0.000609563450105,0.0622158182257364,0.465744976390819,0.86899850268578,0.566796412662161,0.970119912938736,1.07054638201924,0.0,0.0,0.0,0.0,0.0,0.0
0.872129510391129,-0.0591810741610983,1.01204760871579,-0.0102954926472821,0.016822040434874,1.13990850254455,0.005340667191689,0.0075301627098993,0.0687594723875858,0.0009676040870714,0.0009755944748466,0.000689884192172,1.80709639736936,1.84389981650426,0.192497461576704,2.20181069357411,0.556306424319155,0.919552906369599,0.0,0.0,0.0,0.0,0.0,0.0
0.875140237926277,-0.082137519062267,0.967374099787615,0.100503458731206,-0.108652672757089,0.979347933604739,0.0001553046601223,0.0002196339566179,852.386759705567,0.0002196319894401,0.0518927325149006,0.0366939530893564,1.02583822133382,0.518190865723738,0.0018603978545087,0.702850151852444,0.191369245674045,0.370582003845547,0.0,0.0,0.0,0.0,0.0,0.0
0.858604026603057,-0.0225370687369513,0.794820530742674,-0.0409036764043191,-0.041975466456239,0.921824055828232,0.890988500608635,0.0011652252021299,0.0008239389971307,0.0082700015249595,0.0011538294434117,0.0058479011125652,0.0247537759032989,0.528028695656934,1.02455732877522,0.767574664699325,1.268187307272,1.50550334808891,0.0,0.0,0.0,0.0,0.0,0.0
1.03133978560056,0.0543573309492384,1.08708857648835,0.0635879262161698,-0.0976491941734797,0.997890580417258,0.079049546205156,0.0004255556889429,0.0003009154937802,0.104749182690949,0.0004255583438202,0.212067960529549,0.096517170434943,0.565282309546293,1.03055138276951,0.058898524082214,0.526925611712063,0.0202466553679623,0.0,0.0,0.0,0.0,0.0,0.0
1.09450689785305,0.094793001207646,0.959131330215559,0.101930906806751,0.076827325123862,0.809715236118197,0.0005332717024718,0.0007456170803771,0.0035127399841598,0.000510208035226,0.0006861812602833,0.0004898993246237,1.04545049802514,1.27400445331465,1.49506739015559,1.04861136633967,1.27336464104916,1.04408052477748,0.0,0.0,0.0,0.0,0.0,0.0
1.12124843280864,0.205164862157241,1.09808111393569,0.0779648330546798,0.0351047655075853,1.04165928641395,0.310061351720784,0.0007658092275668,0.792265439800123,0.0031602043969065,0.0007581113877422,0.0026210576084359,0.0742570294546172,0.050135049412051,0.0260090323203936,0.688455970725945,0.664316888870287,1.30189307620011,0.0,0.0,0.0,0.0,0.0,0.0
0.988459628900627,0.0390028434193061,0.974431294914335,-0.0131679330949978,0.0229690984455225,0.83451308905647,0.0080456974098709,0.0063396682399789,0.0053984006939778,0.0006954757635567,0.0006938945896119,0.000492696847555,1.31524446095117,1.58577779094054,1.84936253561659,1.17966496997147,1.44661933736802,1.03652820049162,0.0,0.0,0.0,0.0,0.0,0.0
1.02591003131688,0.0895929970309191,0.890185690104104,0.0204890714317236,0.0690658535983424,0.907548589879299,0.0225169824066203,0.0315685857162878,0.170172065114672,0.0005863005957618,0.0005863982560567,0.000414647414606,0.277524832196035,0.145535823751076,0.0118669483002998,0.656174646393691,0.523057883600239,1.03082598621196,0.0,0.0,0.0,0.0,0.0,0.0
0.969425437560805,0.0597855019241935,0.979174037342224,0.0385599552452306,-0.0163269611150723,0.869478780533603,0.0017010756768275,0.0023560722456447,0.0082458459786043,0.0024056724536616,0.0116600389288336,0.543007459414668,0.782978130443868,1.4937941455464,2.19776516037386,0.414489891142138,1.12170861523121,0.0391120297368997,0.0,0.0,0.0,0.0,0.0,0.0
0.921408432175143,0.0227389723756693,0.975972773470967,0.0669544087782571,0.0783033911108102,0.93372404575161,0.0082318426499097,0.0116415791405798,30.1564681343386,0.0030927180312248,0.0032079926501551,0.0022683934217017,0.824883426820369,0.413240403096232,0.0012839624213664,0.987724932423138,0.575902834423446,1.15015150284316,0.0,0.0,0.0,0.0,0.0,0.0
1.10008771997649,-0.0077910326068732,1.08390485654615,0.0217314831938379,-0.0983893091484742,0.879965069669605,1590.0281735463,0.0012462099060766,0.0008812034787901,0.0039712742772968,0.0011890394460439,0.0028081150821499,0.0009783479749531,0.520292718240875,1.02999574258452,0.766716468421812,1.28140526164429,1.5232982560695,0.0,0.0,0.0,0.0,0.0,0.0
0.942162545307188,0.17949776912392,0.866740789651739,-0.0835515363828856,-0.0631503787905598,0.968363460205764,0.032464811743013,0.0456569387868354,0.306747798976336,0.0102329720502348,0.0104939469366669,0.0074225151705933,0.25203785350301,0.348248114897331,0.0400393981023803,0.881064320864132,0.976639230558094,1.5098527745373,0.0,0.0,0.0,0.0,0.0,0.0
1.02865807824357,0.0296504446085224,0.945688271638226,0.0364095392603472,-0.0041107436862321,0.88730955772471,0.007213934781025,0.0102020417407668,148.704526146257,0.0100614123746774,0.060806114013799,0.0429968144482758,1.73600415225913,0.870392951091622,0.0033623461591397,1.1775642030367,0.307159039914693,0.341199876452198,0.0,0.0,0.0,0.0,0.0,0.0
1.08871194164036,-0.0009674011999272,0.843713272725951,-0.0069002321115088,-0.0279749193154803,0.895344599254794,0.0004126393111809,0.0005835557379379,0.106601853266414,0.0005835601097588,0.150749519644464,586541314.516841,1.02146478723453,0.632837558109148,0.155532032802863,0.554693282307279,0.12453486527878,0.0009120201018435,0.0,0.0,0.0,0.0,0.0,0.0
1.0023706985065,0.0273296192058611,0.894652423782857,0.0896311981186571,-0.0395215339188871,0.866074037228766,1.31889975060031,0.137344299686919,0.0973838313754432,1.59827095310581,0.137584643200155,2.20696553318417,0.0151133096175801,0.0514171089914595,0.0868009400128131,0.0112559406278307,0.0475194170464169,0.0073803536980394,0.0,0.0,0.0,0.0,0.0,0.0
1.07811417619115,0.102958751527065,1.18818593213528,0.079703195102867,-0.0045732027050549,0.850580215532011,0.0323922352175334,0.0222594962888068,0.0180088638172514,0.0013195902747418,0.0013183681939018,0.000933478610086,0.132767847789174,1.18530544609014,1.08856923054946,0.454530710608412,1.48494418634805,0.770433345118294,0.0,0.0,0.0,0.0,0.0,0.0
1.07075591755962,0.0272962417546338,0.922207868944747,0.105671628070462,0.102525418048152,1.03448652576681,1.3787145481917,1.52386755273588,1.7650125935443,0.0114045136766838,0.0114045895311551,0.0080643502264115,0.0075287407728497,0.0073086537351715,0.0050548589869251,1.06330936748715,1.06183637272678,2.11704715462187,0.0,0.0,0.0,0.0,0.0,0.0
0.93856605285659,-0.0996505646181021,1.01949426208165,-0.0922627470060888,0.0399921001427584,0.909559245410152,30.0049337771257,0.0065991015377868,0.0046662700108701,0.141650310086897,0.0065919527886295,0.100167467533015,0.0022283305570124,0.710367539292562,1.4183430140202,0.0086233309856934,0.716747956829249,0.0150052487848341,0.0,0.0,0.0,0.0,0.0,0.0
1.07448847361568,-0.0318700386252657,0.999563646099463,0.0225268492982654,0.0122403310398163,0.995959313614891,0.0198366482850995,0.0280391274840423,0.625987865829708,0.0173124662120037,0.0219951078697963,0.0155577113136421,1.40675179883588,0.714234254360117,0.0096031532037585,1.22243022131023,0.52244842456218,1.02233745058434,0.0,0.0,0.0,0.0,0.0,0.0
0.758267479852256,-0.0502904641704045,1.30597429058597,0.0599102398185049,-0.110287035401447,1.19351460695877,0.348091551519416,0.0125961365904967,0.0089097324327867,0.234463418264396,0.0125862191660456,0.188557067641738,0.020447654280531,0.706781353501363,1.29997353543398,0.634819376087371,1.048168123408,0.0944221293638004,0.0,0.0,0.0,0.0,0.0,0.0
1.16115066097893,-0.0025810544812739,1.14167848315971,0.0684820293614545,-0.0289130669605986,0.829871851902168,0.0121222311039647,0.000735552529831,0.0005205935858577,0.017125244035178,0.0007362290674119,0.263104607763606,1.69747062565818,1.70957333859923,0.848226140909675,1.32300561912744,0.441309023260889,0.0323595414926676,0.0,0.0,0.0,0.0,0.0,0.0
1.00244924597139,0.0258989591496489,0.946959378141277,0.190372301119629,0.0129690671967792,0.950554139451665,0.0004763608041733,0.0006736698703,0.112504260520412,0.0006736759089634,0.159093442530072,25.4932398608577,0.70254106186119,0.36657883191959,0.0303918337897991,0.354143841017002,0.018076665707971,0.0055563894145047,0.0,0.0,0.0,0.0,0.0,0.0
1.0247430455461,-0.0002611698094931,1.17584481196802,-0.0637694723121201,0.0141434357635868,1.19462076694226,1.96014040371789,0.0102541802010887,0.0072508518702783,0.0155436469433955,0.0085594895764891,0.0109911975864696,0.0035307881785291,1.10689241180893,2.19689394133608,1.03884761822027,2.13497495276256,2.05915107945624,0.0,0.0,0.0,0.0,0.0,0.0
0.905157393125947,0.0927173211835512,0.993614860070728,0.0185411522879806,-0.0829915672274959,0.871940601455496,0.0009009978902255,0.0008349213507508,0.0007815314483462,0.001267956139674,0.00110116776374,0.0090652696149599,1.03934490554522,1.10120539046783,1.1596622715883,1.16982540252025,1.22993026805972,1.29688840654626,0.0,0.0,0.0,0.0,0.0,0.0
0.954175428311705,-0.0238653835555771,0.924111427229561,-0.0920576510510954,-0.0443854524510759,0.877414642054926,0.409240172538041,0.0803852501649684,0.0573981862173471,0.0575862442637974,0.0471230511655304,0.0409230321733258,0.0244992379305548,0.97783927883878,0.351591674651547,0.0546413951527872,1.0074547080761,0.0847571025577302,0.0,0.0,0.0,0.0,0.0,0.0
1.01207790765163,-0.0608288315234391,0.880058754102561,-0.0587977933223683,0.0210270553359871,0.934458624366781,0.103829903028617,0.0098701495870516,0.0069950721402022,0.146829663597725,0.0098925234524821,678349.141821633,0.0416840546533807,0.960894072563307,1.87825076070388,0.0212009960938882,0.940334144460086,0.0006754418674783,0.0,0.0,0.0,0.0,0.0,0.0
0.748267760024662,-0.0564753245644641,0.818423170697331,0.104107173236065,0.0126149241343972,0.802090732257892,0.008377950184315,0.0117779105255795,0.076567435793091,0.002487743656101,0.0025437619245325,0.0017992078662492,1.81578362352429,1.03503953616126,0.248351392938272,1.40420589160713,0.621698564800358,0.990080171316174,0.0,0.0,0.0,0.0,0.0,0.0
1.28258169906727,0.0136436048798233,0.933183456186403,-0.180426469378891,-0.0990249442729315,0.94087914025722,0.198219335438569,0.0011935075513897,0.0008439449351701,0.0262176885878266,0.0011922943645501,0.0186203540855973,0.102027445179556,0.605697547706706,1.1087967381259,0.520165761857366,1.02377621803999,0.938248308341257,0.0,0.0,0.0,0.0,0.0,0.0
1.08144110959585,0.0737048420829951,0.923833645823962,-0.0319519341968481,-0.0633230914524237,1.03570175255747,0.0009951722534883,0.0013903380277296,0.0063354678733279,0.0014073660629062,0.0089545396949163,0.18653807128506,0.906797658316966,1.40048089878803,1.62233986563574,0.592321355640707,0.971015678094421,0.0236847319883359,0.0,0.0,0.0,0.0,0.0,0.0
0.922987252463577,-0.0811496954523756,0.982077561164327,0.0564244694002337,0.0122607372351666,0.950117721292439,0.0404619540175473,0.0561431528627075,0.205469301942961,0.032864975470418,0.0397692816898332,0.0283883765561127,0.38259608783331,0.202475413934721,0.0189688059938905,0.257533960087027,0.0771085049662378,0.132178948090401,0.0,0.0,0.0,0.0,0.0,0.0
0.998200000744093,-0.0108335743770143,0.878882014645643,-0.0176080397302045,-0.122370108084943,1.08393052365965,0.131805608783766,0.163462057934083,0.240569760787402,0.044398227532947,0.0453067314237799,0.0323247777301158,0.0874733383682284,0.0533993198039971,0.0192487295856458,0.77269039636247,0.738051744387274,0.801023802276941,0.0,0.0,0.0,0.0,0.0,0.0
0.975244407545042,-0.0423778573759286,1.00993392541413,0.0604898569449878,-0.0107827570946928,0.838064249657719,0.0003033558087284,0.0004290098986821,40.4474043039531,0.000429009847687,0.877616680733399,0.62208645637827,1.03053611772478,0.51936434542412,0.0077700498039155,0.539854786111463,0.0282763968282798,0.0486521134180576,0.0,0.0,0.0,0.0,0.0,0.0
0.921158865463816,-0.0911937220240283,0.993699235572447,0.0047230848640773,0.10830156321906,0.910560001831192,2.15303709060767,2.42263226213651,2.83055562908563,0.0004423897893116,0.0004423897912856,0.0003128168232846,0.0092752348772796,0.0127129963005198,0.0161234134917715,0.52069031524143,0.524062420531107,1.03057997444068,0.0,0.0,0.0,0.0,0.0,0.0
0.946069219405656,-0.071883984523335,0.908138353967434,0.0862565705077252,-0.0834415626074002,0.964419213011626,129.899888308988,0.0019592201526808,0.0013853778668584,0.078397689998888,0.0019586086482415,0.0554361633054135,0.002124791712075,0.495012564600448,0.93931383862105,0.426904466346725,0.865261914193739,0.789739868183227,0.0,0.0,0.0,0.0,0.0,0.0
1.05349489097544,0.0056900916346552,0.944808018033593,0.0680412821883918,0.204857275670284,1.14410022727085,0.0003710920395565,0.000524802050452,0.16394457743792,0.0005248033765121,0.230255360485174,1.40301031983285,1.03056492185305,0.52622150047755,0.0215359447139178,0.518761815833919,0.0140765912285405,0.0065617826566097,0.0,0.0,0.0,0.0,0.0,0.0
0.963060945597229,-0.0809250049382054,0.873407818775426,0.0261166977816786,-0.134600738236274,1.09427875869011,0.0003107436383443,0.0004394577006609,0.356581554074278,0.0004394548675829,0.115752627957222,0.0840982303145261,1.03059586766749,0.53767533059753,0.0444220256958455,0.662310014197487,0.169068338906378,0.29364954204337,0.0,0.0,0.0,0.0,0.0,0.0
1.08186055924857,-0.0061337108102954,0.913816633361298,0.0655014606614459,-0.0738348671125735,1.06270897307312,0.0004329678939504,0.0003702312800731,0.0003286821615036,0.0006123033217036,0.0004648242567185,0.0999452419234998,1.03043216237588,1.0355014124752,1.03056929028227,0.538288294835521,0.538356845124778,0.0361429650896571,0.0,0.0,0.0,0.0,0.0,0.0
1.00186689147352,-0.0373544063678845,0.917483185922518,-0.048166988807175,0.0160933008539433,0.925921811458381,0.0062500438210386,0.0086804389702533,0.0325620298123315,0.008835227345963,0.0455390657650039,0.216888713197285,1.59242694112663,1.05511359946279,0.238179214614063,0.927675795189782,0.28249079757969,0.0182371864154987,0.0,0.0,0.0,0.0,0.0,0.0
1.05674456089193,-0.0679886641068903,0.934110849895845,-0.0041579656471113,0.0755411693082558,1.05287348196716,0.000820426535399,0.001155338326968,0.0088804456929888,0.0011581113824,0.0104846360264515,0.0134675321027052,1.00547565083035,1.33617536937582,0.545478566970499,1.32154897139991,1.14848074877279,0.422136017213315,0.0,0.0,0.0,0.0,0.0,0.0
0.923351106542532,0.139446439809501,1.03112803926094,0.0455275111865531,0.0642527079923019,1.08329478087224,0.0489022694099792,0.0638937177434559,0.118067183104727,0.0682693407323502,0.155514056991511,0.302203986110917,0.234994092335755,0.19421341792915,0.152617844350587,0.17761913244403,0.135660369995291,0.118110491099213,0.0,0.0,0.0,0.0,0.0,0.0
0.950818965656938,0.104078397349636,0.929947706494625,0.0255864067618108,-0.11558386623919,0.904803547423408,0.0435597902670731,0.0563461536472742,0.0985752324819744,0.0062353387146891,0.0062612026329788,0.0044318114673318,0.0628805285473641,0.13342378888961,0.20370127311311,0.713927849362387,0.784158929618403,1.36272562481179,0.0,0.0,0.0,0.0,0.0,0.0
1.11278750046739,-0.0685086152323749,0.902156691474752,-0.217609032002549,0.0372725898439995,1.10661131224369,0.11399434849055,0.0230044822503976,0.0164348339875097,0.0104329972031847,0.0095346975749727,0.0073927422595395,0.0473752558318055,0.503092847180873,0.957875913049431,0.937515403129561,1.39265881389624,1.82658411853867,0.0,0.0,0.0,0.0,0.0,0.0
0.905617894791749,-0.0949300824110184,1.09651559924869,0.0579052891821102,-0.0206689426487262,1.10805009763594,0.0108963228514811,0.0015320545805427,0.001088720328006,0.0111216224467795,0.0015326622934639,0.0113615086937833,1.27601620750232,1.21055279067716,1.14445898388721,1.60237032925159,1.53658965986477,1.92802741624987,0.0,0.0,0.0,0.0,0.0,0.0
1.15179104735794,-0.119273490845955,0.9306488475723,-0.0724578667005677,-0.0172422915647442,1.14284279867175,0.256526162710888,0.362630903973847,303.403638570988,0.0116083937359678,0.0116143409933324,0.0082125826214798,0.0319703023645783,0.0269854005074127,0.0039619355383376,1.01509753990867,1.00574713236169,1.9926885713536,0.0,0.0,0.0,0.0,0.0,0.0
0.876313747354858,-0.0507557261838444,0.88231572123454,-0.142917610389116,0.0299516350933018,0.907529421706453,0.0041522540774972,0.0058721565470025,1.7265829043692,0.0058448093338103,0.0605943703530967,0.0428602802802482,2.16928115747243,1.10558310713791,0.0408190667666894,1.70478851805964,0.641065175707001,1.24027936531206,0.0,0.0,0.0,0.0,0.0,0.0
1.04796920999121,0.0808944248515514,1.13935386371262,-0.0722301950975859,0.0902428988718951,1.02761241659285,0.0098653760968057,0.003977074377534,0.002933946065303,0.0013189234453559,0.0012620809506936,0.0009368151741672,1.46336750819458,1.22129735125172,0.978499307796649,1.27998108482289,1.03766464779406,1.09618289147725,0.0,0.0,0.0,0.0,0.0,0.0
0.966812513737104,-0.131143549175771,1.07404060705036,0.005830294323752,-0.0026899495290489,0.971339679133127,0.0786207338236434,0.111183023809813,43109.9559780312,0.110489337399764,0.988195794466974,0.70049487469893,0.323753573889535,0.162902998208563,0.0016386933646156,0.166798843156511,0.0057013664746433,0.0091797173488595,0.0,0.0,0.0,0.0,0.0,0.0
1.17260462487079,-0.0486586023399724,1.07424209106545,0.0155019002601301,0.0617782923858122,1.05326113624216,1.55157469245971,0.0228203718782824,0.0161373334503188,0.0005833686335205,0.0005831781550223,0.0004125039316232,0.0146613107873951,0.167473682787384,0.309181433038649,0.528025473763144,0.675352730038514,1.03068000898197,0.0,0.0,0.0,0.0,0.0,0.0
1.01124903708888,0.0214208429836702,0.894396487031543,0.184914629672415,-0.0084676072656578,0.980964247923466,0.042601710928068,0.0546313307976162,0.0916283950606659,0.0566296196045543,0.102123934049816,0.117322950838244,0.673652105447379,0.443060623692587,0.211159742010645,0.355457497394395,0.124659875424403,0.0369672508769152,0.0,0.0,0.0,0.0,0.0,0.0
0.948033316672209,0.0043061230935652,1.01842154734622,-0.0466885030810911,0.0837550272967247,0.986179320536618,0.0006268599577489,0.0008854119184448,0.0125607445431891,0.0008865123666768,0.0177516219286372,0.342417356465378,1.01800667696278,1.53055036897219,1.68822488806318,0.708616014325435,1.06718860093943,0.0550824949335651,0.0,0.0,0.0,0.0,0.0,0.0
0.807526913339807,-0.0068969243517746,1.0374397419066,-0.0050857520489849,0.0787409454493436,1.04268244751335,0.0027701856412394,0.0039103703574108,0.0454282031455291,0.0039176156983367,0.0641641587838756,0.907572766519364,1.09478109855102,0.673895502361854,0.241464999889411,0.780990304619521,0.354050507313918,0.0080437182090747,0.0,0.0,0.0,0.0,0.0,0.0
0.953610022734226,0.0785400298792771,1.0617877432498,-0.0896584217464849,-0.0196354283670708,1.04787768263171,0.230885684209587,0.0012001389269194,0.000848632107941,0.298579403492554,0.00120014544759,0.521959660899967,0.0556376367441105,0.351535123399952,0.646939654656648,0.292166923793872,0.586283096808466,0.0147377889626631,0.0,0.0,0.0,0.0,0.0,0.0
1.20113732587681,-0.0200701467886629,0.997072653389004,-0.0165408911883547,-0.0630271048778557,1.06884310953011,4.12972326195228,0.0498791664127516,0.0352714028618788,0.192038793309417,0.0482808766500821,0.135877954838432,0.0118266703504934,0.113380066798079,0.214439231097745,0.0338436158779965,0.135090341706941,0.0552032256190211,0.0,0.0,0.0,0.0,0.0,0.0
0.987141400220551,-0.0721307807764372,1.09919746520644,0.0797239787148321,-0.0835534108729249,1.09522670295086,5.7005413979749,6.770629835875,8.85951444387935,0.0893880726412603,0.0894058036049449,4011.25840594329,0.0075418669510973,0.0204472210849558,0.0020735871269251,0.0050241668057987,0.016821006275468,0.0015382958523201,0.0,0.0,0.0,0.0,0.0,0.0
1.03921496694916,0.0451506032195292,1.38012401554277,-0.0296500622988866,-0.148810864662654,0.820012381904183,8.15951309207017e-05,0.0001153921556946,0.0221198191358308,0.0001153929102399,0.0306910551321095,0.112173642990387,1.01556663617407,0.872410341981823,0.225338021559578,0.547310509292749,0.37321498985457,0.0188667552434786,0.0,0.0,0.0,0.0,0.0,0.0
1.09534814014025,0.0037955410453764,1.00174633104346,-0.0268149260994159,-0.009146528317812,1.01568253182016,0.0002435286810582,0.0003444015634781,126357.856282946,0.0003444013935264,0.346569736620144,0.245134738757358,1.03157230128638,0.521196388400805,0.0008688058477184,0.52715303700413,0.0118355236886784,0.0127793056358558,0.0,0.0,0.0,0.0,0.0,0.0
0.981498189880693,0.0665353242653523,1.04580479345249,0.034429447158529,0.0447427424392709,1.24464533704745,0.0031238058386682,0.0041809507496861,0.0091531982300133,0.0044177282709994,0.0129445692203478,14.921170881126,1.61206328527923,1.57491124519951,1.5374709184837,0.870891160879109,0.833169460902714,0.0015031822926684,0.0,0.0,0.0,0.0,0.0,0.0
0.891662584975811,-0.177096178272632,1.07628934594412,-0.0680708111171709,-0.0225955931214091,0.965304096840873,0.0141906349996527,0.0200658876341064,0.868135345478442,0.0015784258389133,0.0015833294155016,0.0011195839046188,1.15781964452775,0.585061352962373,0.0122460582299634,1.19773831022671,0.624938775023986,1.23744710360146,0.0,0.0,0.0,0.0,0.0,0.0
1.01494064064044,0.064805699763578,1.05792956585211,0.0176540949662997,-0.109490181652356,1.03569844645728,8.34479655780333,0.0023838701254543,0.0016856507895203,0.0258335396067002,0.0023737849944793,0.0182671452916932,0.0027710825078634,0.586991053322477,1.16684878730747,0.230787939968464,0.812780359336884,0.457024654711752,0.0,0.0,0.0,0.0,0.0,0.0
1.09414723062892,-0.0109809226769841,1.05234051405566,0.0326277675026279,0.170708175254746,0.825652047794315,0.0006487351258533,0.0009174500060631,5.15790999008233,0.0009174500075823,5.45056051942739,5.80299875294185,0.630813438903429,0.331268127249366,0.0039553412887442,0.316913262521913,0.0171877441471579,0.0028100029999711,0.0,0.0,0.0,0.0,0.0,0.0
0.980688903154414,-0.000745526830287,1.07288036220223,-0.134628837116239,0.0088563477550074,1.21270769149328,0.186294583373297,0.263414605036624,9527.96261311738,0.0117214103065177,0.0117330281228163,0.0082965066061213,0.101605212801379,0.0523122207246206,0.0013594616636154,0.428344371818245,0.378920036602918,0.754974500916638,0.0,0.0,0.0,0.0,0.0,0.0
1.12461762176868,0.0590042009193775,1.05638908370484,0.0125599133680279,-0.0950403753227631,1.0323397698995,0.0083673649775622,0.0118326868652451,0.867798776964187,0.0086111755382586,0.0125541954693927,0.0088776247491649,2.03003122901335,1.07255792207584,0.0321119045642373,1.55725002519239,0.56014220359622,0.964487073815509,0.0,0.0,0.0,0.0,0.0,0.0
1.07672515280734,-0.0022387668382778,1.1159440999221,-0.0528230461530003,0.036654536552061,1.04831433975658,0.0120033549220858,0.01697530696412,88.0060176687401,0.0169753071298132,118.124762961897,408.625993348219,1.03977506944635,0.547057526471554,0.0014486764854873,0.555048146645143,0.0354478660528687,0.0021415758364478,0.0,0.0,0.0,0.0,0.0,0.0
0.929003951261874,0.0069175435025855,1.05880142680782,0.107167287630157,-0.0123869835879515,0.996060180245677,0.0849361252892625,0.120111848286132,986.689275395053,0.119918354500746,2.0805887757525,1.49426735287071,0.173477933901368,0.0875610932972202,0.0015346175954319,0.0921602351097775,0.0061997733598041,0.010787951547292,0.0,0.0,0.0,0.0,0.0,0.0
0.969842998177152,-0.0847695056478351,0.907857428554654,-0.0269021135507883,-0.047267579524536,0.908137305613716,0.149068161752995,0.210764391579377,584230.424281702,0.210757210250184,8.87251805913512,35.0466888090592,0.0653822614553435,0.0789861775769162,0.0033298335849452,0.0781382976804492,0.0029756629313946,0.0025953495118504,0.0,0.0,0.0,0.0,0.0,0.0
0.917238444464425,-0.124928722533961,0.925800002679929,-0.0414141616173178,-0.0428531818026764,0.939891822849723,0.676416399592798,0.004018726106718,0.0028416936731276,0.0276556388051406,0.0039770258534822,0.0195637046995013,0.0140189843172321,0.252319398013912,0.490558208096222,0.870675117375024,1.10893923689062,1.72724697471629,0.0,0.0,0.0,0.0,0.0,0.0
1.03888943890768,-0.0582061285130415,1.22424686116191,0.0053262679959596,-0.0630277011327981,1.04393591855284,0.0003553021885057,0.0004957157406264,0.0021445360609125,0.0005009710022618,0.0027471421072707,0.0045846285478849,1.0306093132187,1.32510210948587,1.60953458314772,1.02322484668755,1.31269131729638,1.00578130900035,0.0,0.0,0.0,0.0,0.0,0.0
1.01048897451151,0.0283013442944535,0.980439976551266,-0.0139047522131908,-0.0335648736013288,1.02174188567141,0.0385707124838467,0.0545149315215651,1.12138838341566,0.0545471466136085,1.58472398417215,55.1440125315481,0.147167248881908,0.0761505472794321,0.0050404575476843,0.147399612427412,0.0762356143946523,0.0021419560362598,0.0,0.0,0.0,0.0,0.0,0.0
0.985476012247834,-0.041645822748057,0.888740914812189,-0.111457549825939,-0.027111591700074,1.05522841403052,0.0091843727878903,0.0129873662885928,0.650411017687509,0.0129506439462331,0.166581776152947,0.119777410193056,1.69152950266004,1.260533506939,0.0513211064102765,1.3148643809096,0.494855812358196,0.159091408207382,0.0,0.0,0.0,0.0,0.0,0.0
1.04785747811557,0.254361120382325,1.10624032331285,-0.121227486598973,-0.109394457115052,1.07728321817406,0.0189299527506249,0.0050285207382373,0.0036201373918377,0.0259432341302741,0.0051135887647595,0.0743479718494853,1.44942522951918,1.45884987477474,1.46824490696055,0.8698839840126,0.87929625663621,0.290305780938257,0.0,0.0,0.0,0.0,0.0,0.0
0.89595698762413,-0.0907052946550967,1.03683608913126,0.0675364098059501,0.0715587232649116,1.07047124448145,0.0303650291995996,0.0426955947238415,0.281974535345838,0.0366850893097619,0.0694939661936571,0.0499038951682853,0.567087814484199,0.524503175965675,0.0360274693499593,0.62354284832351,0.356246298499317,0.0650302929081088,0.0,0.0,0.0,0.0,0.0,0.0
1.04181185765038,0.0425671655590357,1.01383924481168,-0.146553037715209,0.0093377094461861,1.09268192571857,0.0017970872134763,0.0025406217671693,0.0697423526381056,0.0025408670218125,0.0754441202927868,0.0828231662754317,0.691895920628639,0.431512112311526,0.169174900763698,0.402736500371426,0.141755313546355,0.112432450837416,0.0,0.0,0.0,0.0,0.0,0.0
1.08386931179863,-0.0781969517048555,1.05950841791087,0.0608842754614345,0.0572372859855152,0.857992935974202,0.237068945738751,0.218713274055883,0.204072332409955,0.255984239333384,0.233309652643739,0.280323473913688,0.0697175861510578,0.390649581746219,0.0730227468339589,0.407774932116443,0.0458929245811461,0.0125595571617241,0.0,0.0,0.0,0.0,0.0,0.0
0.9860840267577,-0.0273982257816289,0.984366536962841,-0.112291170393616,-0.0240148818385881,1.00896528539318,0.0127634034553346,0.0180498751019033,2.26887493399623,0.009435059053369,0.0110673371493609,0.0078258384523136,2.14570245161324,1.07426196156478,0.0027336704046806,2.14511383001402,1.07359864204221,2.14406468317429,0.0,0.0,0.0,0.0,0.0,0.0
1.08355493307805,0.0756740299203061,0.95573267122732,-0.0708263478823349,-0.0230098521870898,0.855343341837738,0.0176200656470593,0.0243135397814127,0.0784998384930237,0.024093977653667,0.0719340373651253,0.0667823318969215,2.15281584749239,1.16487097236772,0.174035247003115,1.17175220175046,0.182048622734543,0.187921421334362,0.0,0.0,0.0,0.0,0.0,0.0
0.927296382676626,-0.0578983002460119,0.947211309091367,-0.0208208368935868,-0.0357636818755055,1.13616314559153,0.402982525312054,0.4067257496948,0.410594266570443,0.0170077331893539,0.0170080119743476,0.0120316451828519,0.0494217873256127,0.441019931650119,0.0225480307956485,1.1958283783009,0.951948842633142,1.82513553737147,0.0,0.0,0.0,0.0,0.0,0.0
0.950047506926542,-0.134880573056531,0.989798984001078,-0.0074918026802557,-0.0574576828399521,0.835509257926118,0.102253861703593,0.0821816276247642,0.0706262451060737,0.0002662966979614,0.0002662962030175,0.0001883005202438,0.182779261213198,0.147876922287428,0.112829984942328,0.607640907777279,0.572552525960914,1.03060180871815,0.0,0.0,0.0,0.0,0.0,0.0
0.96807988946609,-0.0187132324162475,0.959033825562055,0.0830235782936439,-0.0308582159828171,0.899180266327693,0.0044244412551912,0.0062278226282643,0.0455726526915541,0.0044766494534966,0.0063760161330478,0.0045307509963162,1.53039395656554,0.886220374282544,0.219289481332986,2.54788867893127,1.7985649522601,1.13926140914262,0.0,0.0,0.0,0.0,0.0,0.0
1.02242163609755,-0.0448030097533648,0.871597846345963,0.0643486434642434,0.0649201175999438,1.17944843726332,0.0157310466453337,0.0222338902714177,0.457500759380993,0.0222458041364073,0.618164788130575,1.49838714961105,2.11109100863177,1.07325433190304,0.0340359924712173,1.06177969210791,0.0227387683096828,0.0109414429946627,0.0,0.0,0.0,0.0,0.0,0.0
0.99065576346958,0.0401742155122244,0.971953688622218,0.142831441391145,-0.0388408395601633,0.979120891893181,0.0183909858920101,0.0240343888137726,0.0444685704215052,0.0040969204902719,0.0041397160384277,0.0029335841539542,1.59614660091033,0.934268729364317,0.272291433561899,1.51578625192308,0.853894514616671,1.43541147031632,0.0,0.0,0.0,0.0,0.0,0.0
0.943063708414089,0.0322100199619404,0.96212513752077,-0.0199989245406417,0.0192041983080016,0.920444701977468,0.168984245019359,0.237969031454028,1.86163963734216,0.0014553912691761,0.001455418036582,0.001029136125657,0.161426899899137,0.375761480469006,0.008366875544759,0.693371225974484,0.344564681469401,0.676519206401642,0.0,0.0,0.0,0.0,0.0,0.0
0.987862149873306,-0.171306623392338,1.06355276120438,0.0455934796275081,-0.020851384177122,1.16218559873611,1.04667042371606,0.128218788122538,2.32980784396469,0.748834415388528,0.127382980270661,0.613960906689464,0.0058076560910571,0.0114973680241069,0.0112813423449289,0.292934906087668,0.255724293269749,0.0290285545595151,0.0,0.0,0.0,0.0,0.0,0.0
1.2113458464989,-0.0964908416610785,1.03213006700254,0.0586786407513464,-0.021321143485115,0.992162384164723,0.63856148903292,0.0240500689002313,0.017012025387026,0.121354465958305,0.0236074012913323,0.0865992761422283,0.0203643894288906,1.15710017544518,1.7903339207812,0.303152151223474,0.936475606141224,0.0813794609828509,0.0,0.0,0.0,0.0,0.0,0.0
1.12960444324403,-0.0193674270274185,0.9104605295366,-0.0382036885425743,-0.100787060257543,0.980128635318809,0.0003529980374912,0.0004992113775307,0.0980642550059262,0.0004990453963979,0.0189878573121718,0.013554096164421,1.03223867992276,0.790363729538384,0.144398677369681,0.903406137684253,0.488932698226251,0.380965488068984,0.0,0.0,0.0,0.0,0.0,0.0
0.880579095265461,-0.0524407610456892,0.97445438132799,0.051327336338688,-0.0574439322743687,1.05330768823092,1889.44520281324,0.0186048170638923,0.0131555925388326,1687.6099187513,0.0186048170639652,1541.39369676475,0.0022022607111323,0.991128550929769,1.91282996468556,0.0390714750982104,0.95789699973895,0.0019969906902455,0.0,0.0,0.0,0.0,0.0,0.0
1.19961804523538,0.0097375302686806,1.15425606123526,-0.0516343770808751,-0.166764361220332,1.00412376685637,0.0036539956541062,0.005167527222398,3.68840029728551,0.0051665398934067,0.263573511063278,0.186656645618276,1.09897424153937,0.638786509662011,0.0113799671061863,0.765350393891177,0.120839228656189,0.18906178278322,0.0,0.0,0.0,0.0,0.0,0.0
0.941260010253986,-0.0654133822132767,0.919731342583929,-0.0954548222004601,0.0479832909559747,1.05145312282492,0.189909599275171,0.0689994337604103,0.0504851207611203,0.0710239115484585,0.0512617707723777,0.052076103516741,0.0882468116480561,0.309334085098356,0.530366550671395,0.724254941577575,0.945113190017088,0.138907263279146,0.0,0.0,0.0,0.0,0.0,0.0
1.05972622083754,-0.043592813960651,0.890156426432356,0.0930906364183095,0.0775891102223788,1.00403509574991,0.0910995287926563,0.0995560373872808,0.110916083573805,0.0543948568543281,0.0560446188005798,0.0424305666412443,0.183479461109471,1.45743444229636,0.153812247525625,1.3960838912763,0.212073500892323,0.259843750478731,0.0,0.0,0.0,0.0,0.0,0.0
