-0.032360000000000055,-0.23596000000000006
0.11476000000000008,0.0028199999999999337
0.20721999999999996,0.1825
-0.05513999999999997,0.11616000000000004
0.00873999999999997,0.15567999999999993
0.20282,0.18653999999999993
-0.1567,-0.10212000000000004
-0.06478000000000006,0.14988
-0.25351999999999997,0.11437999999999993
-0.026519999999999988,0.07457999999999998
-0.12076000000000003,-0.13816000000000006
-0.10608000000000001,-0.11148000000000008
-0.08943999999999996,0.11429999999999996
-0.11053999999999997,-0.03538000000000008
-0.14903999999999995,0.1039199999999999
-0.22171999999999997,-0.03326000000000007
0.11718000000000006,-0.24446
-0.14382,-0.04268000000000005
-0.255,-0.10712000000000005
-0.13261999999999996,-0.030260000000000065
-0.21733999999999998,0.045660000000000034
0.09476000000000007,0.04623999999999995
-0.11613999999999997,0.016959999999999975
-0.23068,0.14767999999999992
0.045539999999999914,0.1462199999999999
0.11819999999999997,-0.19124000000000008
-0.03593999999999997,-0.19974000000000003
0.25637999999999994,0.018239999999999923
-0.17453999999999997,-0.10992000000000002
0.14681999999999995,-0.044520000000000004
0.056379999999999986,-0.07194
-0.25884,-0.14302000000000004
-0.08133999999999997,0.07823999999999987
0.06133999999999995,0.06499999999999995
0.22472000000000003,0.20945999999999998
-0.19928,-0.08804000000000001
-0.04059999999999997,0.042119999999999935
-0.14750000000000002,-0.12906000000000006
-0.18293999999999994,-0.16150000000000003
0.12039999999999995,0.10173999999999994
0.17142000000000002,0.11469999999999991
0.03656000000000004,-0.10783999999999999
0.21338000000000001,0.15205999999999997
0.24812000000000012,0.0033199999999999896
0.15701999999999994,0.02205999999999997
-0.028119999999999923,-0.016260000000000052
0.15122000000000002,0.06093999999999988
-0.19354,-0.03712000000000004
-0.23775999999999997,0.04499999999999993
-0.17691999999999997,-0.02212000000000003
-0.08341999999999994,-0.16116000000000003
-0.07977999999999996,-0.17982000000000004
0.2259,0.24753999999999987
-0.030919999999999948,-0.20106000000000002
0.09066000000000007,-0.07902000000000003
0.14322000000000001,0.09451999999999994
0.07894000000000001,0.3282799999999999
0.07228000000000001,0.05683999999999989
-0.08679999999999999,0.056459999999999955
0.06162000000000001,0.2968799999999999
-0.26366,0.03179999999999994
0.17237999999999998,0.054379999999999984
-0.14936000000000005,-0.014580000000000037
-0.04637999999999998,0.023479999999999945
-0.18403999999999998,0.0041599999999999415
-0.00541999999999998,-0.16058000000000006
0.16590000000000005,-0.07674000000000003
0.18062,0.14676
0.01081999999999994,-0.22186000000000006
0.010619999999999963,-0.01756000000000013
0.15532,0.27878000000000003
0.0652600000000001,0.3130799999999999
-0.09458,-0.10733999999999999
0.10473999999999994,0.261
-0.03251999999999999,-0.12856000000000006
-0.10386000000000001,-0.11718000000000006
0.11528000000000005,0.11641999999999997
0.19069999999999998,0.22246
0.07428000000000001,-0.22746000000000005
-0.26384,-0.09460000000000007
-0.11012,0.14278000000000002
-0.11459999999999998,-0.047240000000000004
0.13213999999999992,-0.18952000000000002
-0.14506000000000002,-0.08272000000000002
0.10953999999999997,0.08107999999999993
0.017739999999999978,-0.20964000000000005
-0.0877,0.08896000000000004
0.059880000000000044,-0.17370000000000002
0.17228,-0.08898000000000006
-0.20066,-0.15372000000000002
0.12997999999999998,0.3334799999999999
0.13166,0.32143999999999995
0.006240000000000023,-0.031220000000000026
0.10104000000000002,0.09191999999999989
0.13671999999999995,-0.16104000000000007
-0.19095999999999996,0.09483999999999992
0.12229999999999996,0.08793999999999991
0.026780000000000026,0.043239999999999945
-0.17912,0.04993999999999987
0.16700000000000004,0.22109999999999996
0.09036,-0.20208000000000004
0.06733999999999996,0.2767399999999999
0.11731999999999998,0.06567999999999996
0.1610600000000001,-0.022280000000000078
-0.21549999999999997,0.1368999999999999
0.23863999999999996,0.16925999999999997
-0.024719999999999964,-0.11392000000000002
0.20382,0.13978000000000002
0.15888000000000002,-0.12568000000000007
-0.21792,0.023539999999999894
0.24562000000000006,0.18128
-0.09079999999999999,0.1585399999999999
-0.033239999999999936,-0.025519999999999987
-0.16268,0.13171999999999995
0.12516000000000005,-0.14394000000000007
-0.17383999999999994,-0.13354000000000005
-0.25842,0.0663999999999999
-0.02188000000000001,0.07709999999999995
0.0024600000000000177,-0.16528000000000004
-0.19185999999999998,-0.08890000000000003
-0.03871999999999998,-0.007080000000000086
-0.26552,-0.055820000000000036
-0.21654,-0.11708000000000007
-0.15928000000000003,-0.10048000000000007
-0.24222,0.06337999999999999
0.00546000000000002,0.10516000000000003
0.18952000000000002,-0.10126000000000007
0.25303999999999993,0.016699999999999937
0.08426,0.13925999999999994
0.17901999999999996,0.10321999999999998
0.10966000000000009,-0.05570000000000003
0.1311,0.05829999999999991
0.17190000000000005,-0.06322000000000005
-0.13053999999999993,0.1197999999999999
0.18046000000000006,-0.006820000000000048
-0.01861999999999997,-0.024560000000000137
0.022299999999999986,0.12126000000000003
-0.26782,0.03521999999999992
0.14917999999999998,-0.14730000000000004
-0.23284,0.09973999999999994
-0.17553999999999997,-0.10083999999999999
0.16349999999999998,-0.19072
0.19120000000000004,-0.07468000000000008
-0.12606,0.04489999999999994
-0.08151999999999993,-0.18230000000000007
-0.22361999999999999,-0.04870000000000002
0.17788000000000004,0.011579999999999924
0.12238000000000004,0.08235999999999999
0.17581999999999998,0.16998000000000002
-0.20416,0.07901999999999998
-0.05781999999999998,-0.020419999999999994
0.22199999999999998,0.1049199999999999
0.11931999999999998,0.12688
0.09660000000000002,0.019939999999999958
-0.05701999999999996,-0.028020000000000045
-0.23564000000000002,0.06943999999999995
0.20631999999999995,0.07245999999999997
-0.17472,0.07791999999999999
0.011619999999999964,-0.02851999999999999
0.17091999999999996,0.09648000000000001
-0.17321999999999999,-0.051000000000000045
-0.28371999999999997,0.07533999999999996
-0.17396000000000006,0.1262399999999999
0.13049999999999995,0.11136000000000001
-0.03864000000000001,0.07647999999999999
-0.26534,-0.10682000000000003
0.19738,0.010519999999999974
0.03548000000000007,-0.09060000000000007
0.20428000000000002,0.09329999999999994
-0.08663999999999994,-0.21616000000000002
-0.11303999999999997,-0.15750000000000003
0.09956000000000009,0.24863999999999997
0.057760000000000034,0.28837999999999986
0.10668,-0.23448000000000008
0.11836000000000002,0.0716
-0.011199999999999988,0.06738
-0.053279999999999994,-0.20412000000000002
-0.023900000000000032,0.006579999999999919
0.15922000000000003,0.03537999999999997
0.21773999999999993,0.18287999999999993
-0.12603999999999999,-0.17740000000000006
-0.09702,0.11319999999999997
-0.12472,-0.060500000000000054
-0.09966000000000003,0.11549999999999994
-0.04411999999999994,0.06271999999999989
-0.01317999999999997,-0.06310000000000004
0.24152000000000007,0.14988
-0.028959999999999986,-0.08468000000000009
0.11393999999999993,0.13266
0.23206000000000004,-0.007360000000000033
0.10668,-0.07344
0.10024,-0.12032000000000004
0.2475799999999999,0.05223999999999995
0.12558000000000002,0.08631999999999995
0.11729999999999996,-0.20492000000000005
-0.06301999999999996,-0.10030000000000006
0.06303999999999998,0.14846000000000004
0.24847999999999992,0.07629999999999992
0.05042000000000002,-0.18194000000000005
0.00012000000000000899,0.12346000000000001
0.14936000000000005,-0.05910000000000004
-0.08762000000000003,-0.14890000000000003
-0.09111999999999998,-0.06053999999999998
0.20906000000000002,0.028679999999999928
0.1671600000000001,0.12226000000000004
0.0020799999999999708,-0.13312000000000002
0.04043999999999992,0.1311
0.006440000000000001,-0.14588000000000007
0.20067999999999997,0.13505999999999996
0.08296000000000003,0.20109999999999995
0.08843999999999996,-0.005240000000000022
-0.10508,-0.08902000000000004
-0.14332,0.17296
0.02849999999999997,-0.24670000000000003
-0.06301999999999996,-0.025700000000000056
0.06215999999999999,-0.010620000000000074
0.15898,-0.03614000000000006
-0.13186000000000003,-0.19832000000000005
-0.24558000000000002,0.11793999999999993
-0.17641999999999997,0.06231999999999993
0.17988000000000004,0.18928
-0.07999999999999996,-0.09818000000000005
-0.26448,0.02069999999999994
-0.0827,0.0049799999999999844
-0.1431,-0.15636000000000005
-0.011239999999999917,-0.06672
0.006659999999999999,-0.03428000000000009
-0.13993999999999995,0.10241999999999996
-0.15389999999999998,0.07769999999999999
0.02193999999999996,-0.05148000000000008
-0.11091999999999996,-0.12632000000000004
-0.06462000000000001,0.14713999999999994
-0.25224,-0.027240000000000042
-0.00043999999999999595,0.005839999999999956
0.08099999999999996,-0.22342
-0.17303999999999997,0.025359999999999938
-0.07663999999999993,0.13178
0.06236000000000008,0.29332
0.23942000000000008,0.07975999999999994
0.10336000000000001,0.08997999999999995
0.24107999999999996,0.05731999999999993
0.21131999999999995,-0.0576600000000001
-0.1622,0.06651999999999991
-0.09098000000000006,-0.012220000000000009
0.04191999999999996,0.006119999999999903
0.08994000000000002,0.32219999999999993
0.19128,0.26973999999999987
0.17828,-0.12524000000000002
0.012880000000000003,0.0039199999999999235
0.11882000000000004,-0.005700000000000038
0.08138000000000001,-0.04148000000000007
0.14412000000000003,0.2930999999999999
0.11586000000000007,0.13746000000000003
0.24707999999999997,-0.024600000000000066
0.1459600000000001,0.14957999999999994
-0.0039000000000000146,-0.07963999999999999
0.01312000000000002,-0.10076000000000007
0.15142,0.12871999999999995
0.04730000000000001,-0.18450000000000005
0.22586000000000006,0.11327999999999994
0.04069999999999996,0.011839999999999962
0.10146,-0.13492000000000004
0.19956000000000007,-0.07982
-0.15476,0.10459999999999992
-0.0605,0.1431
-0.1583,-0.1627800000000001
-0.16068,-0.18564000000000003
0.08783999999999992,0.2581399999999999
-0.14246000000000003,0.1262199999999999
-0.09123999999999999,0.17445999999999995
-0.040039999999999965,-0.06438000000000005
0.14203999999999994,0.13869999999999993
0.2108,-0.08944000000000002
-0.21284000000000003,0.15751999999999988
0.0035000000000000586,-0.048180000000000056
0.12813999999999992,0.30696
-0.03966000000000003,0.14881999999999995
0.15332,0.057599999999999985
-0.04642000000000002,-0.0747600000000001
-0.09571999999999997,0.16343999999999992
-0.2223,-0.12036000000000008
0.03056000000000003,0.09793999999999992
0.17184,0.2531399999999999
-0.0042800000000000615,-0.18650000000000005
-0.10126000000000002,-0.1100600000000001
-0.24209999999999998,-0.13188000000000005
-6.0000000000060005e-05,-0.23798000000000008
-0.15733999999999998,-0.04740000000000005
-0.19504,-0.06784000000000001
0.17523999999999995,-0.12722
0.13966,-0.020340000000000025
0.23503999999999992,0.09809999999999997
0.007060000000000066,-0.042120000000000046
-0.24184,-0.07046000000000008
-0.22174,-0.1286600000000001
0.15493999999999997,0.23287999999999998
-0.23062,0.14307999999999998
-0.27221999999999996,-0.008040000000000047
0.05815999999999999,0.07328000000000001
0.22527999999999992,0.04619999999999991
-0.26884,-0.03293999999999997
-0.119,-0.010760000000000103
0.09086000000000005,-0.04672000000000004
0.02202000000000004,0.027739999999999876
-0.06030000000000002,-0.11884
0.05223999999999995,-0.16918000000000005
-0.26796,-0.08482
-0.033540000000000014,-0.21238000000000007
-0.2699,0.03288000000000002
-0.18503999999999998,0.021079999999999988
-0.08426,0.11705999999999994
0.11746000000000001,0.27815999999999996
-0.027000000000000024,-0.01880000000000004
-0.05293999999999999,0.09709999999999996
-0.07194,0.09696000000000005
0.26912,-0.009720000000000062
-0.037919999999999954,-0.0732600000000001
0.24713999999999992,0.16249999999999998
-0.16103999999999996,-0.007900000000000018
0.11787999999999998,0.013780000000000014
0.27423999999999993,0.017159999999999953
-0.03483999999999998,-0.11748000000000008
0.08826,-0.10282000000000002
0.08062000000000002,-0.13034000000000007
-0.09928000000000003,0.010639999999999872
-0.03808,-0.0034600000000001296
-0.21492,-0.14748000000000006
0.03846000000000005,-0.16362000000000004
0.14790000000000003,0.03511999999999993
0.16542,-0.13994000000000006
0.07420000000000004,-0.043960000000000055
-0.14482,-0.03373999999999999
-0.19322,-0.11022000000000004
-0.07679999999999998,-0.15830000000000005
-0.0131,-0.18214000000000008
-0.21789999999999998,-0.10852
0.18998000000000004,0.21296000000000004
-0.27032,0.06903999999999988
-0.26905999999999997,0.058619999999999894
-0.12511999999999995,0.006219999999999892
0.06840000000000002,-0.20084000000000007
0.19848,-0.024880000000000013
-0.13778,-0.09666000000000008
-0.18769999999999998,-0.13004000000000004
0.17311999999999994,-0.07518000000000008
0.14336000000000004,0.21926
-0.08841999999999994,0.02281999999999995
0.14781999999999995,-0.16466000000000003
0.07741999999999993,0.24181999999999992
0.13144,0.15149999999999997
-0.11321999999999999,-0.08922000000000002
-0.22298,0.09529999999999994
-0.042139999999999955,0.11116000000000004
-0.017160000000000064,0.0908199999999999
0.11841999999999997,0.3062799999999999
-0.15121999999999997,-0.17930000000000007
0.14402000000000004,0.14711999999999992
0.13798,-0.2207800000000001
-0.24806,0.029939999999999967
0.04496,-0.10696000000000006
0.22593999999999992,0.14869999999999994
0.16276000000000002,0.28893999999999986
-0.1694,-0.02414000000000005
-0.29116,0.0656199999999999
-0.00766,0.0850399999999999
-0.20711999999999997,-0.12260000000000004
-0.07791999999999999,-0.15046000000000004
0.0026800000000000157,-0.07158000000000009
0.21228000000000002,0.04811999999999994
-0.04039999999999999,0.07016
0.10912,-0.1004600000000001
0.17379999999999995,-0.17106000000000005
0.047760000000000025,-0.13888000000000006
0.11346,-0.11524000000000001
0.16381999999999997,0.0928
0.21950000000000003,0.10648000000000002
-0.06572,0.13381999999999994
0.05800000000000005,-0.03208000000000011
0.15412000000000003,-0.17742000000000002
0.19772,0.09983999999999993
0.16846000000000005,-0.17406000000000005
0.13396000000000008,-0.014160000000000061
-0.01523999999999992,-0.21752000000000005
0.09708000000000006,0.29677999999999993
-0.04846000000000006,0.12829999999999997
-0.27454,-0.0023199999999999887
-0.21981999999999996,-0.04500000000000004
-0.22618,0.09048
0.17190000000000005,-0.02318000000000009
-0.09766000000000002,-0.20196000000000003
-0.19491999999999998,0.034560000000000035
0.13788,-0.16380000000000006
0.20073999999999992,0.18882
-0.16181999999999996,0.03357999999999994
0.22114,0.020179999999999976
-0.25732,-0.06522
-0.12180000000000002,-0.08672000000000002
-0.2933,0.06345999999999996
-0.19621999999999995,0.10126000000000002
-0.18053999999999998,-0.13126000000000004
-0.04279999999999995,-0.08608000000000005
-0.23728,0.08621999999999996
0.13036000000000003,-0.09556000000000009
0.14690000000000003,-0.13030000000000003
-0.20750000000000002,-0.10788000000000009
0.07353999999999994,0.31713999999999987
-0.10506000000000004,-0.14972000000000002
-0.18934,-0.08384000000000003
0.23450000000000004,0.020039999999999947
-0.06903999999999999,-0.05474000000000001
-0.006360000000000032,-0.04390000000000005
0.2279,0.11139999999999994
-0.21604,-0.04524
-0.16508,-0.18516000000000005
-0.12337999999999999,-0.06588000000000005
0.15568000000000004,0.21055999999999997
0.22353999999999996,0.21509999999999996
0.10670000000000002,0.31753999999999993
-0.01744000000000001,-0.09392
-0.14468000000000003,-0.008940000000000059
-0.041139999999999954,-0.21650000000000003
0.036819999999999964,-0.24094000000000004
0.16671999999999998,0.04137999999999997
0.16906,-0.02298000000000011
0.11080000000000001,0.11161999999999994
-0.25732,-0.0034800000000000386
-0.09623999999999994,-0.07250000000000006
-0.24730000000000002,-0.027120000000000033
0.02632000000000001,-0.016900000000000026
0.027220000000000022,-0.14608000000000004
-0.21248,-0.07272
-0.14161999999999997,0.18591999999999997
0.11334,-0.21308000000000005
-0.132,-0.19142000000000003
-0.11733999999999994,-0.14844000000000007
-0.12788,-0.16374000000000005
0.16323999999999994,0.07461999999999991
-0.09638000000000002,0.11565999999999999
0.028719999999999968,-0.02646000000000004
0.008419999999999983,-0.0037200000000000566
-0.09033999999999998,-0.15908000000000005
-0.2508,-0.12662
-0.26861999999999997,0.030039999999999956
0.09258,0.20251999999999992
-0.021100000000000008,-0.20834000000000008
-0.22602,0.09339999999999993
-0.07203999999999999,-0.020000000000000018
0.13116000000000005,-0.15606000000000003
-0.07496000000000003,-0.02528000000000008
0.13361999999999996,0.08933999999999986
0.13456,-0.06748000000000004
0.20123999999999997,0.1169
0.20089999999999997,0.0716
-0.26195999999999997,-0.12488000000000005
0.11338000000000004,0.32202
-0.05169999999999997,-0.24458000000000008
0.20978000000000008,0.07963999999999993
0.16416000000000008,-0.03080000000000005
-0.10518,0.06723999999999997
-0.252,0.07841999999999993
0.17864000000000002,0.07211999999999996
-0.10189999999999999,-0.05776000000000009
-0.26894,0.03817999999999999
0.09531999999999996,-0.22454000000000007
0.09236,-0.23598000000000008
-0.2631,-0.05850000000000005
0.014060000000000072,0.08799999999999997
-0.16368,-0.08590000000000003
0.09489999999999998,0.3216399999999999
0.10660000000000003,0.023259999999999947
0.18584,0.20153999999999994
-0.1521,-0.026800000000000046
-0.049760000000000026,0.12413999999999992
0.17832000000000003,0.15369999999999995
0.21924,-0.0023000000000000798
0.07538,-0.13674000000000003
-0.17093999999999998,0.1504199999999999
-0.22718,-0.06364000000000003
0.25906000000000007,0.037839999999999874
0.018839999999999968,-0.21650000000000003
-0.07003999999999999,0.061779999999999946
0.012819999999999943,-0.11180000000000007
0.12919999999999998,-0.045460000000000056
0.006939999999999946,0.02288000000000001
-0.12231999999999998,-0.13174000000000008
-0.08682000000000001,0.08028000000000002
0.14316000000000006,0.19548
-0.015560000000000018,-0.008140000000000036
0.05281999999999998,0.11843999999999988
-0.20888,-0.14636000000000005
-0.28859999999999997,0.03939999999999999
-0.06947999999999999,-0.04676000000000008
-0.023519999999999985,-0.026540000000000008
-0.17163999999999996,0.17643999999999993
0.08235999999999999,0.3286
-0.2267,0.12007999999999996
0.25616000000000005,0.02617999999999998
0.037980000000000014,-0.16656000000000004
-0.19701999999999997,-0.16140000000000004
0.20833999999999997,-0.07550000000000007
0.11346,0.27066
-0.18630000000000002,0.13201999999999992
-0.020100000000000007,-0.18926000000000004
-0.23170000000000002,0.0044399999999998885
-0.11883999999999995,-0.0131
0.013839999999999963,-0.25544000000000006
-0.062060000000000004,0.16096
0.05281999999999998,-0.25134000000000006
-0.0046199999999999575,-0.11986000000000008
-0.15143999999999996,0.14427999999999996
0.17193999999999998,-0.06636000000000009
0.10016000000000003,-0.16196000000000005
-0.19641999999999998,0.05261999999999989
0.18343999999999994,-0.04626000000000008
-0.005619999999999958,0.14511999999999992
0.22852000000000006,-0.02402000000000004
-0.08392,-0.04662000000000005
-0.13668000000000002,0.026619999999999977
0.01523999999999992,-0.07446000000000008
0.07789999999999997,0.30922000000000005
-0.08979999999999999,-0.17440000000000005
-0.2935,-0.03072000000000008
-0.08948,0.04513999999999996
-0.06028,-0.11630000000000007
0.13263999999999998,0.30343999999999993
0.19000000000000006,-0.027120000000000033
-0.03949999999999998,0.031039999999999957
0.11066000000000009,0.22707999999999995
-0.19968000000000002,-0.07860000000000006
0.17410000000000003,0.1157999999999999
-0.2358,-0.01314000000000004
-0.25834,0.05681999999999998
0.14902000000000004,-0.12862
0.17300000000000004,-0.10416000000000009
0.23982000000000003,-0.014720000000000066
-0.013419999999999987,-0.09898000000000007
-0.059719999999999995,0.11793999999999993
-0.15296000000000004,0.09433999999999987
-0.23424,0.01766000000000001
0.15696,-0.15874000000000005
-0.11766000000000004,0.04789999999999994
-0.0005600000000000049,-0.08892000000000005
0.06553999999999993,-0.051660000000000095
0.17652,-0.06718000000000007
-0.24408000000000002,0.13615999999999995
-0.28315999999999997,0.006139999999999923
0.08594000000000002,-0.2528
-0.21746,-0.08812000000000003
-0.24406,0.11281999999999992
0.10908000000000007,0.00651999999999997
-0.2293,-0.09576000000000007
-0.12591999999999998,0.17718
0.16158000000000006,-0.005660000000000109
0.12854,0.07765999999999995
-0.2425,0.02389999999999992
-0.24046,-0.017980000000000107
-0.21395999999999998,0.05596000000000001
0.11886000000000008,0.31989999999999996
0.023580000000000045,0.06453999999999993
-0.25222,0.09721999999999997
-0.0012199999999999989,0.05486000000000002
0.14144,-0.01214000000000004
-0.014719999999999955,-0.23614000000000007
0.06168000000000007,-0.24246
0.18852000000000002,-0.06568000000000007
-0.09721999999999997,-0.013460000000000027
0.07320000000000004,0.02959999999999996
-0.18183999999999995,0.11691999999999991
0.0034800000000000386,0.053219999999999934
0.059819999999999984,0.30572
0.08198000000000005,0.09085999999999994
0.018480000000000052,-0.15288000000000007
0.18566000000000005,0.1522199999999999
-0.17736000000000002,0.13336000000000003
-0.13993999999999995,-0.16670000000000007
-0.04290000000000005,-0.09598000000000007
0.10926000000000002,-0.16588000000000008
0.017160000000000064,-0.02514000000000005
0.16993999999999998,0.13546000000000002
-0.02522000000000002,-0.14824000000000004
0.17701999999999996,0.22865999999999997
0.10302,0.006460000000000021
-0.04691999999999996,-0.16794000000000003
-0.15823999999999994,-0.007020000000000026
0.0978,-0.24836000000000003
0.20496000000000003,-0.047040000000000026
-0.05679999999999996,0.13219999999999998
0.15433999999999992,0.0666199999999999
0.15100000000000002,-0.14024000000000003
0.02398,0.01766000000000001
-0.08340000000000003,-0.19924000000000003
-0.0023400000000000087,0.1142399999999999
-0.23815999999999998,0.13493999999999995
-0.058520000000000016,0.08489999999999998
0.029100000000000015,0.060679999999999956
-0.15042,-0.03166000000000013
0.1398600000000001,-0.059140000000000026
-0.18541999999999997,-0.06803999999999999
0.19423999999999997,0.12863999999999987
-0.09546000000000004,-0.08582000000000001
-0.08828000000000003,-0.03261999999999998
-0.22044000000000002,-0.15486000000000005
0.11077999999999999,-0.22656000000000004
0.024419999999999997,0.10517999999999994
-0.18722,0.09087999999999996
0.06903999999999999,-0.08728000000000008
0.02398,-0.039660000000000084
-0.18153999999999998,-0.03160000000000007
0.16726000000000008,0.23646
0.08228000000000002,0.07591999999999999
-0.20644,0.14437999999999995
-0.14103999999999994,-0.029280000000000084
-0.07263999999999993,0.10517999999999994
-0.22324,-0.13502000000000003
0.11716000000000004,-0.23784000000000005
-0.18108000000000002,0.14151999999999998
-0.11391999999999997,-0.08358000000000004
-0.15368000000000004,0.11141999999999996
0.25354,0.11337999999999993
0.16168000000000005,0.19301999999999997
0.021660000000000013,0.0044799999999999285
0.12639999999999996,0.044399999999999995
0.0033400000000000096,-0.20074000000000003
0.07491999999999999,0.06428
-0.16431999999999997,0.012799999999999923
0.10196000000000005,-0.16522000000000003
0.09156000000000009,-0.06728000000000006
0.23216000000000003,-0.039460000000000106
0.1761600000000001,0.18818000000000001
-0.19821999999999995,0.016019999999999923
-0.16298,0.08619999999999994
-0.053360000000000074,-0.23048000000000007
-0.12083999999999995,-0.18332000000000004
0.15696,-0.08428000000000008
0.15217999999999998,-0.06742000000000004
-0.08757999999999999,-0.15182
-0.09510000000000002,-0.22026
-0.022499999999999964,-0.060400000000000065
0.02088000000000001,-0.19234000000000007
-0.22749999999999998,-0.16288000000000008
-0.21804,-0.01426000000000005
-0.036539999999999906,-0.13426000000000005
-0.18443999999999994,0.11465999999999998
0.007480000000000042,-0.22676000000000002
-0.14543999999999996,-0.18428000000000005
-0.16676000000000002,0.15393999999999997
-0.10263999999999995,-0.09406000000000009
0.06578000000000006,-0.03922000000000003
-0.0625,0.03186
-0.03198000000000001,0.13763999999999987
0.2545200000000001,0.1824
0.11573999999999995,-0.13398000000000004
-0.0047800000000000065,-0.037800000000000056
-0.09633999999999998,-0.0029000000000000137
0.09602,0.09226000000000001
0.08862000000000003,0.2950999999999999
-0.129,-0.19210000000000005
0.20894000000000001,0.22096000000000005
0.13226000000000004,-0.07428000000000007
0.17410000000000003,0.15773999999999988
-0.023699999999999943,-0.14292000000000005
-0.026739999999999986,-0.11198000000000008
-0.21114,-0.15502000000000005
-0.12453999999999998,0.025579999999999936
0.22896000000000005,0.12368000000000001
0.07088000000000005,0.09739999999999993
0.01744000000000001,-0.22042
-0.05491999999999997,-0.23864000000000007
0.10324,0.058660000000000045
0.23327999999999993,0.1684
-0.19306,-0.03998000000000007
-0.24512,0.023839999999999972
-0.16712,-0.13140000000000007
-0.2657,-0.009020000000000028
-0.08035999999999999,0.14269999999999994
0.10550000000000004,-0.21600000000000003
-0.08028000000000002,-0.18614000000000003
0.09488000000000008,0.03608
0.22024,0.030359999999999943
-0.07323999999999997,0.10211999999999999
0.06268000000000007,0.04066000000000003
0.07608000000000004,0.14129999999999998
-0.028760000000000008,-0.22368000000000005
-0.2042,-0.12158000000000008
-0.18280000000000002,0.09517999999999993
-0.26188,0.09041999999999994
0.04368000000000005,0.011880000000000002
0.07462000000000002,-0.19852000000000003
0.14768000000000003,0.12483999999999995
0.011039999999999939,-0.16156000000000004
0.12036000000000002,0.08389999999999997
0.021540000000000004,-0.14458000000000004
0.17428,0.05259999999999998
0.22767999999999988,0.12819999999999998
-0.23406,-0.06638000000000005
0.26664,0.03586
0.08652000000000004,0.10626000000000002
0.10958000000000001,0.03383999999999987
-0.14100000000000001,-0.05074000000000001
-0.29628,0.03493999999999997
-0.07440000000000002,0.056379999999999986
-0.03616000000000008,0.05357999999999996
0.08492,-0.055520000000000014
-0.18323999999999996,-0.10446000000000011
-0.008199999999999985,0.037679999999999936
0.19076000000000004,0.19191999999999998
0.06910000000000005,0.06553999999999993
0.13573999999999997,-0.12918000000000007
-0.03159999999999996,-0.20924000000000004
0.11226000000000003,0.06667999999999996
0.03598000000000001,-0.07588000000000006
-0.19588,0.04941999999999991
0.03868000000000005,0.2734399999999999
0.26757999999999993,0.0797199999999999
0.018280000000000074,0.03469999999999995
-0.13158000000000003,-0.12353999999999998
0.05042000000000002,-0.031220000000000026
-0.08220000000000005,-0.011440000000000006
0.16080000000000005,-0.19838000000000006
0.10758000000000001,-0.19106000000000006
0.0020999999999999908,0.019100000000000006
0.24046,-0.02846000000000004
-0.20155999999999996,-0.15074000000000004
-0.15106000000000003,0.060899999999999954
-0.21399999999999997,0.14198
-0.16528000000000004,-0.12030000000000002
0.026900000000000035,0.12749999999999995
0.19788000000000006,0.11649999999999994
0.07779999999999998,0.23685999999999996
0.08499999999999996,0.030999999999999917
0.054200000000000026,-0.08094000000000001
0.12483999999999995,0.2560199999999999
0.022339999999999915,-0.15344000000000008
-0.06636000000000009,0.034660000000000024
0.18159999999999998,0.03381999999999996
0.09719999999999995,-0.16716000000000003
0.17984,0.2529199999999999
-0.1899,-0.05364000000000002
-0.23648000000000002,-0.12432000000000004
0.12124000000000001,0.31623999999999997
-0.15333999999999998,-0.14084000000000008
0.09306000000000003,0.1935
-0.19818000000000002,0.15367999999999993
0.04637999999999998,-0.07448000000000005
-0.18438,-0.1753800000000001
0.20733999999999997,0.12563999999999986
-0.20558000000000004,-0.15074000000000004
0.2505200000000001,0.0049399999999999444
-0.1345,0.17303999999999997
-0.05018,0.007199999999999984
0.17046000000000006,0.23603999999999992
0.11238000000000004,0.26825999999999994
-0.16652,-0.11064000000000002
0.05396000000000001,0.08263999999999994
-0.16006000000000004,0.05257999999999996
0.18247999999999998,-0.07166000000000006
0.12792000000000003,-0.18374000000000007
0.07257999999999998,-0.13692000000000004
0.1429600000000001,-0.14274000000000003
-0.11688000000000004,-0.10690000000000005
0.09448000000000001,-0.20364000000000004
-0.08063999999999993,-0.16174000000000005
-0.15456000000000003,-0.14576000000000006
0.13163999999999998,0.2881999999999999
0.02061999999999997,0.010139999999999927
-0.02733999999999992,-0.21864000000000006
-0.03969999999999996,-0.24596
-0.07921999999999996,0.03191999999999995
0.21819999999999995,0.0887
0.23824,0.056660000000000044
0.11203999999999992,-0.13072
-0.25811999999999996,0.07791999999999999
-0.039080000000000004,-0.054320000000000035
-0.25954,0.08443999999999996
-0.042059999999999986,-0.23706000000000005
0.04133999999999993,0.2739999999999999
-0.02529999999999999,-0.07612000000000002
0.18223999999999996,-0.04982000000000003
-0.015939999999999954,-0.08390000000000003
-0.19626,-0.12584
-0.045640000000000014,0.09049999999999991
-0.2848,0.0716199999999999
0.005759999999999987,-0.18988000000000005
0.12424000000000002,-0.09473999999999999
-0.22659999999999997,-0.11376000000000008
0.06768000000000007,0.07707999999999993
-0.07604,-0.0042800000000000615
-0.2761,-0.06610000000000005
0.17986000000000002,0.13081999999999994
-0.17738000000000004,0.1298999999999999
0.14933999999999992,0.019019999999999926
-0.17151999999999995,-0.10460000000000003
0.06156000000000006,-0.05230000000000007
-0.05115999999999998,0.11513999999999991
-0.04936000000000007,-0.06648000000000004
-0.15096000000000004,-0.06534000000000001
0.23929999999999996,0.1421
0.15818,-0.19676000000000005
-0.05899999999999994,-0.09223999999999999
-0.2648,0.09165999999999996
0.07247999999999999,0.12663999999999986
0.03713999999999995,0.05706
-0.2822,0.07301999999999997
0.20113999999999999,0.26095999999999997
-0.02201999999999993,0.06847999999999999
-0.10836000000000001,-0.08352000000000004
-0.19918000000000002,-0.10233999999999999
0.03581999999999996,0.020079999999999987
-0.14806000000000002,0.01527999999999996
0.11770000000000003,-0.062039999999999984
-0.08040000000000003,0.12119999999999997
0.09892000000000001,-0.009240000000000026
-0.18430000000000002,0.047559999999999936
0.04864000000000002,0.15193999999999996
0.20048,0.18086000000000002
-0.1467,-0.02290000000000003
-0.17512,-0.061340000000000006
-0.07550000000000001,0.005560000000000009
0.22277999999999998,0.10185999999999995
0.20662000000000003,0.06496000000000002
0.017979999999999996,-0.05443999999999999
-0.06679999999999997,-0.12292000000000003
0.21794000000000002,0.024819999999999953
0.26834,0.01100000000000001
-0.14466,0.03176000000000001
0.19242000000000004,0.08057999999999998
-0.25282,-0.12820000000000004
0.05746000000000007,-0.12724000000000002
0.12619999999999998,-0.22674000000000005
0.12693999999999994,-0.022760000000000113
-0.2791,0.047779999999999934
0.22318000000000005,0.034599999999999964
-0.25992,-0.029080000000000106
0.11708000000000007,0.2641199999999999
-0.26236,-0.13648000000000005
0.10172000000000003,0.11531999999999998
0.11316000000000004,-0.14350000000000007
-0.21173999999999998,0.07039999999999991
-0.12386000000000003,0.02935999999999994
-0.08056000000000008,0.006799999999999917
-0.18791999999999998,-0.13266000000000006
0.007600000000000051,-0.13988000000000006
-0.24914000000000003,0.008799999999999919
-0.18675999999999998,0.07201999999999997
-0.13541999999999998,-0.021340000000000026
-0.22298,0.05109999999999992
-0.12793999999999994,0.16137999999999997
-0.22878000000000004,0.04256000000000004
0.14039999999999997,-0.18508000000000008
-0.14016,-0.07250000000000006
-0.009299999999999975,0.0870399999999999
0.16352,-0.08174000000000003
0.19306,-0.07688000000000006
-0.19094,0.15569999999999995
0.2551,0.06119999999999992
0.15936000000000006,-0.10170000000000007
0.20156000000000007,0.14298
0.11406000000000005,-0.05900000000000005
0.14603999999999995,-0.20284000000000008
0.12926000000000004,-0.22164000000000006
-0.05801999999999996,0.11083999999999994
0.09130000000000005,-0.08808000000000005
0.14886,-0.10436000000000006
0.14500000000000002,0.31055999999999995
0.15417999999999998,0.14835999999999994
0.25566,0.11146
-0.23938000000000004,-0.0027800000000001157
0.00041999999999997595,-0.15376000000000006
-0.18998000000000004,-0.0868600000000001
0.16223999999999994,0.01637999999999995
0.06213999999999997,-0.06572
0.12506000000000006,0.12695999999999996
-0.11033999999999994,0.10329999999999995
-0.04708000000000001,-0.03908000000000006
-0.25916,0.0022999999999999687
-0.23658,0.07433999999999996
0.13403999999999994,-0.019199999999999995
-0.27061999999999997,-0.04530000000000006
0.18757999999999997,0.18209999999999993
0.11492000000000002,-0.16388000000000008
0.09782000000000002,-0.05092000000000002
-0.10111999999999999,-0.14542000000000005
0.017360000000000042,0.07391999999999999
0.12009999999999998,0.17753999999999992
0.009319999999999995,0.08279999999999998
-0.17066000000000003,-0.04866000000000009
0.05691999999999997,0.08673999999999993
0.18752000000000002,-0.09844000000000003
0.11509999999999998,-0.15608000000000005
0.11758000000000002,-0.07552000000000003
0.07391999999999999,-0.04108000000000006
-0.22575999999999996,-0.036900000000000044
-0.1296,0.1110199999999999
-0.10888000000000003,-0.02982000000000007
-0.19463999999999998,0.03066000000000002
-0.1608,0.046660000000000035
-0.12203999999999998,0.01761999999999997
0.26836000000000004,0.1563
0.05689999999999995,0.03933999999999993
-0.006819999999999937,0.11513999999999991
0.025819999999999954,-0.06822
0.16868000000000005,-0.015199999999999991
0.15732000000000002,0.16289999999999993
-0.16852,-0.06734000000000001
0.13912000000000002,-0.04986000000000007
0.04746000000000006,0.01191999999999993
0.14428000000000007,0.16477999999999993
-0.14463999999999994,-0.12962
-0.053200000000000025,-0.15560000000000007
0.2341200000000001,0.19919999999999993
0.11871999999999994,-0.13516000000000006
-0.25251999999999997,0.058499999999999996
-0.21051999999999998,-0.046740000000000004
0.15649999999999997,-0.008560000000000123
0.11792000000000002,0.0746
-0.17251999999999995,0.04598000000000002
0.23236,-0.017220000000000013
0.23282000000000003,-0.032220000000000026
-0.1652,-0.14272
-0.030919999999999948,-0.0050600000000000644
-0.14981999999999995,-0.011419999999999986
-0.15328000000000003,-0.17412000000000005
0.19663999999999993,0.22009999999999996
-0.027079999999999993,-0.03061999999999998
-0.25174,-0.11214000000000002
0.12282000000000004,0.1767399999999999
-0.06621999999999995,-0.16190000000000004
0.26372000000000007,0.19131999999999993
0.263,0.14917999999999998
-0.05928,0.05393999999999988
0.07406000000000001,-0.12188000000000004
-0.16758,0.09553999999999996
-0.0040600000000000636,0.03367999999999993
0.03539999999999999,0.005299999999999971
-0.16962,-0.16956000000000004
-0.09796000000000005,0.15546000000000004
-0.08318000000000003,-0.08154
-0.03936000000000006,0.05477999999999994
0.10226000000000002,0.1422199999999999
-0.25614,-0.039560000000000095
-0.0038399999999999546,0.0252
0.26412000000000013,0.18803999999999987
-0.17956000000000005,-0.09416000000000008
0.08509999999999995,0.0031999999999999806
-0.14242,-0.031420000000000003
-0.15861999999999998,0.07539999999999991
-0.09731999999999996,0.07509999999999994
0.11002,-0.010340000000000016
0.059780000000000055,-0.03383999999999998
0.06496000000000002,0.023699999999999943
-0.06211999999999995,-0.16256000000000004
0.11228000000000005,-0.12472000000000005
-0.21849999999999997,0.14393999999999996
0.04837999999999998,0.043099999999999916
-0.0038600000000000856,-0.16576000000000002
0.0035800000000000276,-0.15432
0.16726000000000008,0.20229999999999992
0.019460000000000033,0.124
0.21418000000000004,0.1696399999999999
0.15661999999999998,0.03527999999999998
0.12978,0.25927999999999995
0.022399999999999975,-0.20682
-0.27468000000000004,-0.03308000000000011
-0.17926000000000003,0.11233999999999988
-0.16771999999999998,-0.18706000000000006
0.24656,0.09911999999999999
-0.032200000000000006,0.016880000000000006
0.014700000000000046,-0.22556000000000004
0.11293999999999993,0.19287999999999994
-0.1562,-0.15556000000000003
0.12968000000000002,0.25488
-0.2269,0.12768000000000002
0.12661999999999995,0.3201799999999999
-0.21128000000000002,0.05337999999999998
0.015560000000000018,0.10407999999999995
-0.11177999999999999,-0.013000000000000012
-0.09128000000000003,0.16591999999999996
-0.17596,0.04489999999999994
-0.04583999999999999,0.1294399999999999
0.017759999999999998,0.10607999999999995
0.06808000000000003,0.027159999999999962
0.13222,0.26452
0.13770000000000004,0.31782
0.10089999999999999,0.30006
0.12946000000000002,0.26825999999999994
-0.25486,0.09221999999999997
0.06436000000000008,0.06863999999999992
0.12632,-0.04648000000000008
0.12973999999999997,0.3019200000000001
0.15480000000000005,-0.04200000000000004
0.06756000000000006,-0.001080000000000081
0.14822000000000002,-0.12276000000000009
-0.1159,-0.039000000000000035
-0.11609999999999998,-0.001060000000000061
0.08482,0.06045999999999996
0.06976000000000004,0.12803999999999993
0.13466,-0.05252000000000001
0.14058000000000004,-0.18784000000000006
0.10428000000000004,-0.028900000000000037
0.23073999999999995,0.05359999999999998
0.11561999999999995,-0.04800000000000004
-0.16343999999999997,-0.13762000000000002
-0.06966000000000006,-0.11318000000000006
-0.13568000000000002,-0.09904000000000002
0.1711600000000001,0.26246
0.20420000000000005,0.03049999999999997
-0.0038199999999999346,-0.03512000000000004
0.15776,-0.18514000000000008
-0.01990000000000003,-0.0048600000000000865
0.19846000000000008,-0.0415600000000001
-0.2,0.0009399999999999409
-0.2625,0.007780000000000009
0.0023600000000000287,0.05791999999999997
-0.21178000000000002,-0.025860000000000105
0.048780000000000046,0.14629999999999999
-0.028900000000000037,0.05457999999999996
0.12875999999999999,0.27096
0.15827999999999998,0.13401999999999992
0.17369999999999997,0.12595999999999996
0.08082,0.24688
0.15952,0.2417999999999999
-0.28512,0.01759999999999995
0.020000000000000018,0.10151999999999994
0.21282,-0.05480000000000007
0.15052,-0.0561600000000001
-0.19545999999999997,-0.11298000000000008
0.11072000000000004,0.29325999999999997
-0.21392,0.04731999999999992
0.25883999999999996,-0.0006200000000000649
-0.11721999999999999,-0.0240800000000001
0.2305799999999999,0.08349999999999991
-0.07209999999999994,0.00979999999999992
-0.22749999999999998,0.013360000000000039
0.18153999999999992,-0.14300000000000007
0.11276000000000008,0.06947999999999999
-0.012460000000000027,-0.09108000000000005
-0.031239999999999934,-0.08992
-0.15649999999999997,0.07821999999999996
0.14603999999999995,-0.0309600000000001
0.20956000000000008,0.1976199999999999
-0.023859999999999992,0.10446
0.18096,0.1333399999999999
-0.05620000000000003,-0.18622000000000005
-0.15218000000000004,0.022679999999999922
0.12165999999999999,0.13069999999999993
0.1552,0.18779999999999997
-0.07130000000000003,0.08885999999999994
-0.04288000000000003,0.08933999999999986
-0.11320000000000002,-0.020360000000000045
-0.10243999999999998,-0.12598000000000004
-0.16056000000000004,0.030999999999999917
-0.27276,0.10587999999999997
0.21908000000000005,0.09506000000000003
-0.17633999999999994,-0.01202000000000003
-0.08138000000000001,-0.15022000000000002
-0.12798000000000004,0.031319999999999903
-0.24168,0.049679999999999946
0.12448000000000004,-0.01873999999999998
-0.04378000000000004,0.024359999999999937
-0.2859,0.06165999999999994
0.22992000000000012,-0.01754
0.11802000000000001,-0.14060000000000006
-0.186,-0.07088000000000005
0.09656000000000009,-0.20530000000000004
-0.13790000000000002,0.033299999999999996
0.17322000000000004,0.10403999999999991
0.12251999999999996,0.030059999999999976
-0.08840000000000003,-0.11902000000000001
0.17986000000000002,0.03573999999999988
0.2763399999999999,0.07706000000000002
-0.18326000000000003,-0.06092000000000003
0.16843999999999992,-0.16566000000000003
-0.03303999999999996,0.11991999999999992
-0.21138,-0.07524000000000003
0.08050000000000002,-0.17042000000000002
0.04736000000000007,0.14057999999999993
-0.16538000000000003,-0.015900000000000025
-0.20295999999999997,0.11665999999999999
-0.09021999999999997,-0.08244000000000001
-0.27305999999999997,0.018899999999999917
-0.15610000000000002,-0.05700000000000005
0.05156000000000005,0.006919999999999926
0.27357999999999993,0.04408000000000001
-0.21305999999999997,-0.008220000000000005
-0.27876,-0.03898000000000007
0.20586000000000004,0.2038199999999999
0.011780000000000013,0.06296000000000002
-0.19228,0.07387999999999995
0.2608799999999999,0.03167999999999993
0.23316000000000003,0.08691999999999989
-0.00653999999999999,-0.0475600000000001
0.04248000000000007,-0.005980000000000096
0.029260000000000064,-0.11412000000000005
0.09418000000000004,-0.12718000000000007
-0.07501999999999998,-0.11352000000000001
-0.19188,-0.14116000000000006
-0.015039999999999942,-0.06086000000000008
-0.21774,-0.060880000000000045
0.23516000000000004,0.09079999999999999
-0.0041999999999999815,0.04173999999999989
0.05688000000000004,0.047599999999999976
0.17968000000000006,0.06225999999999998
-0.19426,-0.13402000000000003
-0.07630000000000003,-0.18940000000000007
0.006780000000000008,0.12785999999999997
0.24586000000000008,0.1257999999999999
0.19443999999999995,0.1159
0.030139999999999945,0.032460000000000044
-0.173,0.14249999999999996
-0.10913999999999996,0.11911999999999989
0.21628000000000003,-0.02976000000000012
-0.17622,-0.1854800000000001
-0.08941999999999994,-0.014780000000000015
-0.1769,-0.014860000000000095
0.016780000000000017,0.007499999999999951
-0.23944,-0.09110000000000007
-0.26348,0.07977999999999996
-0.27971999999999997,0.01739999999999997
-0.03171999999999997,0.11239999999999994
-0.26052,-0.009099999999999997
-0.19745999999999997,0.02957999999999994
0.10077999999999998,-0.04358000000000006
-0.08288000000000006,-0.16792
0.12276000000000009,-0.04798000000000008
0.14300000000000002,-0.13716000000000006
0.19710000000000005,-0.05108000000000007
-0.15392,-0.10352
0.17768000000000006,0.1778399999999999
-0.12311999999999995,-0.10318000000000005
0.12661999999999995,-0.11722000000000005
-0.10826000000000002,-0.19046000000000002
0.1985,0.07235999999999998
0.04964000000000002,0.005539999999999878
-0.24225999999999998,-0.14220000000000005
-0.021639999999999993,-0.11378000000000005
-0.022680000000000033,-0.07000000000000006
-0.008160000000000056,-0.04960000000000003
0.08208000000000004,0.03599999999999992
0.13966,-0.0561600000000001
0.02736000000000005,-0.046780000000000044
-0.24335999999999997,0.0030999999999999917
0.03536000000000006,-0.06732000000000005
0.16491999999999996,0.011739999999999973
-0.1896,0.11126000000000003
-0.15906000000000003,0.09423999999999988
0.21362000000000003,-0.04580000000000006
0.07338,-0.11292000000000002
0.26670000000000005,0.05457999999999996
-0.13671999999999995,-0.13610000000000005
-0.15633999999999998,-0.19158000000000008
0.00763999999999998,0.01411999999999991
0.26070000000000004,0.047739999999999894
-0.17062,-0.16146000000000005
0.14661999999999997,0.20006000000000002
0.18996000000000002,0.23217999999999994
0.0232,-0.24862
-0.07504,0.12205999999999995
-0.12572,0.16543999999999992
0.11524000000000001,0.23463999999999996
0.03088000000000002,-0.10526000000000008
-0.16663999999999995,-0.025020000000000042
-0.06237999999999999,0.06673999999999991
-0.11878,-0.11862
-0.2494,-0.025619999999999976
-0.1276,0.15681999999999996
-0.11931999999999998,-0.0220800000000001
-0.23815999999999998,-0.05750000000000005
0.17326000000000008,-0.18342000000000003
0.18303999999999998,0.14201999999999992
0.07833999999999997,0.1392199999999999
-0.07176000000000005,0.11829999999999996
0.14836000000000005,-0.15102000000000004
0.13581999999999994,0.28192000000000006
-0.16981999999999997,0.06765999999999994
-0.2192,0.11607999999999996
-0.15136000000000005,-0.09580000000000005
-0.12696000000000002,-0.013960000000000083
-0.11576000000000003,0.07677999999999996
-0.056479999999999975,0.016139999999999932
0.025900000000000034,-0.09406000000000009
0.08963999999999994,-0.06496000000000007
0.1852600000000001,-0.007920000000000038
-0.22914,-0.16068000000000005
-0.21724,-0.0042400000000000215
-0.10002,-0.13770000000000004
0.027660000000000018,0.04693999999999987
0.08056000000000008,-0.13634000000000007
-0.06246000000000007,-0.042120000000000046
-0.09671999999999997,-0.04290000000000005
-0.09643999999999997,0.09729999999999994
-0.25566,-0.1461800000000001
0.2288,0.2197
0.04137999999999997,-0.14634000000000008
-0.11413999999999996,0.015179999999999971
-0.007819999999999938,0.00033999999999989594
0.11951999999999996,0.15411999999999992
-0.26455999999999996,0.06733999999999996
0.07910000000000006,-0.09714
0.15146000000000004,-0.15182
-0.13846000000000003,0.043159999999999976
0.25036,0.10763999999999996
-0.16398000000000001,0.10768
0.17090000000000005,0.05940000000000001
-0.10848000000000002,0.11143999999999987
0.1352,0.2089399999999999
0.09062000000000003,0.16991999999999996
-0.21434000000000003,-0.16386000000000006
-0.16741999999999996,0.05243999999999993
-0.09721999999999997,0.08983999999999992
-0.10899999999999999,0.09397999999999995
0.16701999999999995,-0.020660000000000123
0.19521999999999995,0.10027999999999992
0.25993999999999995,0.17601999999999995
0.18594,0.17493999999999987
0.15122000000000002,-0.08984000000000003
-0.15733999999999998,0.08138000000000001
-0.013360000000000039,0.0885999999999999
-0.19184,0.03271999999999997
-0.24509999999999998,0.036660000000000026
-0.20828000000000002,-0.044440000000000035
0.17759999999999998,-0.01214000000000004
0.16354000000000002,0.19119999999999993
-0.1854,-0.13394000000000006
0.058699999999999974,-0.14108000000000004
-0.271,0.05663999999999991
-0.22818,0.11219999999999997
-0.21476,-0.0028800000000001047
0.2552200000000001,0.022319999999999895
-0.11656000000000005,0.01429999999999998
-0.11216000000000004,0.058559999999999945
-0.25945999999999997,0.07367999999999997
0.01746000000000003,-0.09856000000000009
0.06226000000000009,-0.15868000000000004
-0.06738,-0.10544000000000003
0.0494,0.30013999999999996
-0.13246000000000002,0.028699999999999948
0.22377999999999998,0.056579999999999964
-0.09603999999999996,0.07107999999999992
0.02413999999999994,-0.20232
0.05578000000000005,-0.19492000000000004
-0.08211999999999997,0.14966000000000002
0.0011399999999999189,0.10919999999999996
-0.08611999999999997,-0.0042600000000000415
0.08894000000000002,0.10309999999999997
0.20206000000000002,0.1271199999999999
-0.20534000000000002,-0.16760000000000003
0.012480000000000047,-0.21348000000000006
0.012499999999999956,-0.06850000000000006
0.13146000000000002,0.29922000000000004
-0.04274,0.11868000000000001
-0.08721999999999996,0.06841999999999993
-0.22324,-0.0032000000000000917
0.09340000000000004,0.20948
0.02754000000000001,-0.2252800000000001
-0.12708000000000003,0.026939999999999964
0.14203999999999994,-0.21802000000000005
-0.023680000000000034,0.10723999999999989
-0.058719999999999994,-0.23418000000000005
0.09436,-0.08906000000000008
-0.24866,0.11231999999999998
0.22962000000000005,0.08077999999999996
-0.17806000000000005,0.10716000000000003
-0.23684,-0.0043000000000000815
0.17600000000000005,-0.09990000000000004
0.05371999999999999,0.02749999999999997
0.05013999999999996,0.05818000000000001
-0.029239999999999933,-0.23840000000000006
0.13093999999999995,0.24775999999999998
0.017839999999999967,0.049980000000000024
0.11997999999999998,0.33655999999999997
0.07031999999999994,0.007419999999999982
0.24572000000000005,0.08806000000000003
-0.16362,-0.17954000000000003
0.13090000000000002,0.033239999999999936
-0.04178000000000004,-0.018020000000000036
0.2467600000000001,0.17481999999999998
-0.11613999999999997,-0.08180000000000004
0.1351,-0.15034000000000003
0.08120000000000005,-0.19686000000000003
0.061840000000000006,-0.01548000000000005
-0.23631999999999997,0.10027999999999992
-0.17728,-0.07804
0.13673999999999997,0.0025399999999998757
-0.07053999999999994,0.023819999999999952
-0.25695999999999997,-0.013900000000000023
-0.18298000000000003,0.15311999999999992
0.2245799999999999,0.024880000000000013
0.04398000000000002,-0.07932
-0.24930000000000002,-0.06068000000000007
0.11638000000000004,0.13213999999999992
-0.2319,-0.06058000000000008
0.07643999999999995,-0.10866000000000009
-0.21781999999999996,0.07553999999999994
0.12586000000000008,-0.03706000000000009
-0.06333999999999995,-0.020280000000000076
0.0050000000000000044,0.045439999999999925
0.17781999999999998,0.25526000000000004
-0.009800000000000031,-0.14372000000000001
0.11934,0.18137999999999999
-0.1854,0.16249999999999998
-0.12608000000000003,-0.13310000000000005
0.13092000000000004,0.07967999999999997
0.041179999999999994,-0.09673999999999999
0.06936000000000009,-0.23060000000000003
-0.12478,-0.018960000000000088
0.13648000000000005,-0.12344
0.13938000000000006,0.2006
0.15474,0.19673999999999991
-0.15228000000000003,0.16005999999999998
0.15922000000000003,-0.0480600000000001
-0.18376000000000003,-0.1201600000000001
-0.029980000000000007,-0.10836000000000007
0.0014199999999999768,-0.08013999999999999
0.11882000000000004,-0.13186000000000003
0.006860000000000088,-0.05982000000000004
0.1008,-0.12860000000000005
-0.07233999999999996,-0.20350000000000007
-0.10886000000000001,-0.0712600000000001
0.03290000000000004,0.020419999999999883
0.029980000000000007,-0.24148000000000008
-0.06366000000000005,-0.21912000000000004
0.23132000000000008,0.13207999999999998
-0.06611999999999996,0.07241999999999993
-0.19154,0.10443999999999987
-0.06381999999999999,0.13157999999999992
0.024480000000000057,0.1512
0.24587999999999988,0.14493999999999996
-0.022279999999999966,-0.17732000000000003
0.04623999999999995,0.08361999999999992
-0.20434000000000002,0.02393999999999996
0.12290000000000001,0.16435999999999995
0.20178000000000007,0.07441999999999993
0.043119999999999936,-0.05576000000000009
0.08294000000000001,0.016159999999999952
0.14823999999999993,0.03208
0.21853999999999996,-0.01202000000000003
-0.12701999999999997,0.1321199999999999
0.022280000000000078,0.040159999999999973
-0.04046000000000005,-0.13832000000000005
0.16949999999999998,0.18663999999999992
-0.03491999999999995,0.00036000000000002697
-0.10446000000000005,0.0636199999999999
-0.1407,0.118
0.021499999999999964,0.05266000000000004
-0.15996000000000005,-0.07918000000000008
0.0028399999999999537,-0.11502000000000001
-0.27699999999999997,-0.0043000000000000815
0.10311999999999999,-0.14282
0.15633999999999992,-0.09573999999999999
-0.25995999999999997,-0.08976000000000006
0.24186000000000007,-0.0339600000000001
0.18508000000000002,-0.13600000000000007
0.019239999999999924,0.12149999999999994
-0.013020000000000032,-0.007980000000000098
0.04198000000000002,-0.08490000000000003
0.11826000000000003,-0.11610000000000004
-0.12808000000000003,-0.14172
0.04596,0.11527999999999994
-0.013660000000000005,-0.19210000000000005
-0.057719999999999994,0.0595
0.25934,0.08648
-0.21811999999999998,-0.017199999999999993
-0.25838,-0.040560000000000096
0.27637999999999996,0.13873999999999986
0.05808000000000002,-0.15384000000000003
0.028919999999999946,-0.06334000000000001
-0.02937999999999996,0.10997999999999997
-0.11108000000000001,0.15276
0.23562000000000005,0.05566000000000004
0.13670000000000004,-0.14296000000000003
-0.15463999999999994,-0.001080000000000081
0.09508000000000005,-0.13052000000000002
-0.03473999999999999,-0.15396000000000004
0.25339999999999996,0.10026000000000002
0.22676000000000007,-0.07216000000000006
0.11219999999999997,0.033219999999999916
-0.10796000000000006,-0.12862
0.12619999999999998,0.3229399999999999
-0.262,0.06147999999999998
-0.16748000000000002,-0.14854000000000006
0.09294000000000002,0.21302
0.18210000000000004,0.24563999999999997
0.20850000000000002,-0.03212000000000004
0.10851999999999995,0.12465999999999999
0.21326,0.08221999999999996
-0.02949999999999997,-0.11100000000000004
-0.06425999999999998,-0.03978000000000004
0.11280000000000001,0.3160799999999999
-0.08506000000000002,0.0034199999999999786
0.24906000000000006,0.08338000000000001
0.05779999999999996,-0.07544000000000001
-0.08660000000000001,-0.09526000000000007
0.033580000000000054,-0.10832000000000003
-0.13636000000000004,0.04147999999999996
0.04853999999999992,-0.09954000000000002
0.14012000000000002,-0.22358000000000006
0.06510000000000005,-0.24728000000000006
-0.25286,0.01878000000000002
-0.15923999999999994,0.16073999999999988
-0.13893999999999995,-0.10030000000000006
0.18678000000000006,0.04233999999999993
-0.26088,0.0295399999999999
0.20482,0.18438
-0.01733999999999991,0.07028000000000001
0.08873999999999993,-0.058120000000000005
0.18020000000000003,0.10665999999999998
-0.030480000000000063,-0.18794000000000005
0.07640000000000002,0.12303999999999993
0.2289,-0.053100000000000036
-0.14061999999999997,-0.14164000000000004
-0.14407999999999999,0.00766
-0.14558,0.07353999999999994
-0.20028,0.05186000000000002
-0.15031999999999995,0.15623999999999993
0.001060000000000061,-0.24956000000000006
0.24966,0.04409999999999992
0.07301999999999997,-0.24108000000000007
-0.16676000000000002,-0.1231600000000001
0.05926000000000009,-0.010800000000000032
0.14948000000000006,-0.03498000000000001
0.05171999999999999,-0.01963999999999999
-0.007939999999999947,0.05799999999999994
0.21602,-0.03644000000000003
-0.17433999999999994,-0.0233000000000001
-0.04688000000000003,0.018339999999999912
-0.10920000000000002,-0.015519999999999978
0.12946000000000002,-0.09856000000000009
0.26139999999999997,0.043399999999999994
0.10687999999999998,-0.13244000000000006
0.15493999999999997,-0.21550000000000002
-0.04908000000000001,0.05008000000000001
-0.24922,0.03386
-0.1876,0.16481999999999997
0.09409999999999996,0.2451199999999999
0.1149,-0.12690000000000007
-0.11001999999999995,-0.13120000000000004
0.08052000000000004,-0.013720000000000065
0.21140000000000003,0.1916199999999999
-0.06986000000000003,-0.19442000000000004
0.07656000000000007,-0.014160000000000061
-0.18814000000000003,-0.11734
0.19973999999999992,-0.12086000000000008
-0.02178000000000002,0.008079999999999976
0.010419999999999985,-0.14046000000000003
0.056660000000000044,-0.12418000000000007
-0.18166000000000004,0.06106
0.10051999999999994,-0.23496000000000006
-0.15899999999999997,-0.10920000000000002
0.12038000000000004,-0.05478000000000005
-0.28214,0.0908199999999999
0.16484,0.23053999999999997
0.23083999999999993,0.1664
0.08223999999999998,0.20407999999999993
-0.19056,-0.10928000000000004
0.23270000000000002,0.11131999999999997
0.13097999999999999,-0.11368000000000006
0.03858000000000006,0.11048000000000002
-0.129,0.04619999999999991
0.10482000000000002,0.07661999999999991
-0.24664000000000003,0.09953999999999996
0.20689999999999997,0.14042
-0.059579999999999966,-0.14710000000000006
-0.18461999999999995,0.17377999999999993
0.17847999999999997,0.17133999999999994
0.15988000000000002,0.10885999999999996
0.06774000000000002,-0.17094000000000004
0.08348,0.10697999999999996
-0.2384,0.09117999999999993
0.09011999999999998,-0.18490000000000006
-0.19390000000000002,0.04398000000000002
0.16281999999999996,0.2681
-0.16848000000000002,-0.17250000000000004
-0.16821999999999998,0.16843999999999992
-0.275,-0.04782000000000003
-0.021599999999999953,-0.11706000000000011
-0.015739999999999976,0.0036800000000000166
-0.04515999999999998,-0.10516000000000009
-0.09633999999999998,-0.08213999999999999
-0.17116000000000003,0.06521999999999994
-0.0047000000000000375,-0.009519999999999973
0.19082,-0.058520000000000016
-0.020480000000000054,-0.09410000000000007
0.11160000000000003,-0.0038200000000000456
-0.05698000000000003,0.11861999999999995
-0.2794,0.08728000000000002
-0.025379999999999958,0.01853999999999989
0.013480000000000047,0.12803999999999993
0.18308000000000002,0.26783999999999997
0.13068000000000002,-0.009060000000000068
0.11263999999999996,-0.13446000000000002
-0.13151999999999997,0.16386
-0.09351999999999994,-0.0015399999999999858
0.09376000000000007,-0.04746000000000006
0.06342000000000003,0.29059999999999997
-0.07033999999999996,-0.16250000000000003
0.13463999999999998,0.32036
0.11753999999999998,0.12343999999999988
-0.20878000000000002,0.012680000000000025
-0.11077999999999999,0.13337999999999994
0.12583999999999995,0.1865199999999999
-0.047619999999999996,-0.17398000000000008
-0.11873999999999996,0.04353999999999991
0.07301999999999997,0.26042
0.14761999999999997,0.014919999999999933
-0.061799999999999966,0.11619999999999997
0.029900000000000038,-0.23522000000000004
0.18176000000000003,0.11956
0.10838000000000003,0.09421999999999997
-0.06940000000000002,-0.05748000000000009
0.09872000000000003,0.12087999999999999
0.16722000000000004,-0.017980000000000107
-0.006139999999999923,-0.20738000000000006
-0.06001999999999996,0.08675999999999995
-0.07094,-0.12102000000000002
-0.24764000000000003,0.06508000000000003
0.00013999999999991797,-0.12002000000000002
0.21816000000000002,0.038919999999999955
-0.07611999999999997,-0.21340000000000003
0.24097999999999997,0.09833999999999987
0.25647999999999993,0.04176000000000002
-0.006399999999999961,-0.09012000000000003
-0.09145999999999999,0.07526
0.0036599999999999966,-0.23226000000000002
0.18256000000000006,0.2828799999999999
-0.13001999999999997,0.08257999999999999
-0.12546000000000002,0.07165999999999995
0.11814000000000002,0.31716
-0.22731999999999997,-0.05676000000000009
0.0048000000000000265,0.027859999999999996
0.24746,0.13846000000000003
-0.18269999999999997,-0.08038000000000006
-0.07556000000000007,-0.13048000000000004
0.011160000000000059,0.15477999999999992
-0.11213999999999996,0.013479999999999936
0.10599999999999998,-0.026120000000000032
0.21931999999999996,0.04893999999999987
0.08666000000000007,-0.09620000000000006
-0.05579999999999996,-0.20930000000000004
0.18553999999999993,0.11765999999999999
-0.20911999999999997,0.040099999999999913
-0.23306,-0.12902000000000002
0.13076,0.09995999999999994
0.2505200000000001,0.10119999999999996
-0.03969999999999996,-0.11788000000000004
0.042260000000000075,0.049980000000000024
-0.16756000000000004,-0.05580000000000007
-0.14796000000000004,0.09795999999999994
-0.0983,0.12278
0.26026000000000005,0.18679999999999997
0.11382000000000003,-0.22164000000000006
0.2647799999999999,0.06231999999999993
0.2525200000000001,0.13323999999999991
0.018939999999999957,0.05381999999999998
0.11706000000000005,0.07941999999999994
-0.035719999999999974,-0.19476000000000004
-0.036819999999999964,-0.17054000000000008
0.15266000000000002,0.019259999999999944
-0.07299999999999995,-0.21524000000000004
0.2247,0.19903999999999988
0.14873999999999998,0.02191999999999994
-0.27728,0.037980000000000014
0.15442,-0.13538000000000006
-0.09917999999999999,-0.21090000000000003
-0.08751999999999993,-0.008560000000000123
-0.09150000000000003,0.14959999999999996
-0.14400000000000002,-0.014100000000000001
0.27074,0.060760000000000036
0.10393999999999992,-0.24796
-0.19944,0.12485999999999997
0.16313999999999995,0.1294399999999999
0.20140000000000002,-0.006639999999999979
-0.13796000000000003,-0.17044000000000004
0.14936000000000005,-0.09590000000000004
0.08921999999999997,-0.22594000000000003
-0.032299999999999995,0.13451999999999997
-0.05713999999999997,0.07719999999999994
0.10009999999999997,-0.21326000000000006
-0.08179999999999998,-0.06950000000000006
-0.2243,-0.12934000000000007
0.057560000000000056,-0.18652000000000002
-0.17099999999999999,0.07526
-0.05298000000000003,-0.14784000000000008
-0.09321999999999997,-0.10993999999999998
-0.01436000000000004,-0.20374000000000003
0.1362,-0.043320000000000025
0.16291999999999995,0.03299999999999992
-0.008480000000000043,-0.054860000000000075
-0.0534,-0.11560000000000004
0.02106000000000008,-0.04150000000000004
-0.14813999999999994,0.16357999999999995
-0.25868,-0.026839999999999975
0.23737999999999992,0.00878000000000001
0.04308000000000001,0.1439999999999999
-0.04476000000000002,0.1514199999999999
-0.17676000000000003,0.09233999999999987
-0.1461,0.14949999999999997
0.22041999999999995,0.18196
0.06162000000000001,-0.10336000000000006
0.07673999999999992,-0.04522000000000004
-0.034399999999999986,-0.010440000000000005
0.08662000000000003,0.21348
0.22707999999999995,-0.050400000000000056
0.003920000000000035,-0.03273999999999999
0.017939999999999956,-0.23976000000000003
0.12319999999999998,-0.02316000000000007
0.10321999999999998,0.24571999999999994
-0.2599,-0.07094
0.028760000000000008,0.08931999999999995
0.12638000000000005,0.11549999999999994
0.18056000000000005,-0.08210000000000006
-0.04605999999999999,0.10995999999999995
0.14780000000000004,-0.15398000000000006
-0.09277999999999997,-0.20228000000000007
0.02061999999999997,0.06547999999999998
0.16659999999999997,0.04927999999999999
0.11756,0.17915999999999999
-0.006260000000000043,0.05593999999999988
-0.12476000000000004,-0.015140000000000042
-0.07709999999999995,0.08596000000000004
0.2225600000000001,0.022760000000000002
-0.23312,-0.10460000000000003
0.15596,0.08651999999999993
0.043260000000000076,0.11509999999999998
0.12970000000000004,0.2205999999999999
-0.22286,-0.02528000000000008
-0.14211999999999997,0.00985999999999998
-0.059780000000000055,-0.06110000000000004
-0.06413999999999997,-0.16480000000000006
-0.05515999999999999,0.13671999999999995
-0.04679999999999995,0.09783999999999993
0.13588,-0.06284000000000001
-0.0025800000000000267,0.14379999999999993
-0.008960000000000079,0.012419999999999987
-0.07635999999999998,-0.05196000000000006
0.0012999999999999678,-0.10724
0.11068,-0.21884000000000003
0.09433999999999998,0.032259999999999955
-0.07904,-0.05130000000000007
-0.12083999999999995,0.17889999999999995
0.06501999999999997,-0.09012000000000003
-0.15833999999999998,-0.14706000000000002
0.15266000000000002,0.08573999999999993
-0.24125999999999997,-0.09368000000000004
-0.16058,-0.12992000000000004
-0.14863999999999994,0.07373999999999992
-0.22414,0.06679999999999997
-0.2081,-0.15196000000000004
-0.09913999999999995,0.14273999999999987
-0.09808,0.005539999999999878
-0.23824,-0.10064000000000001
0.14603999999999995,0.0012799999999999478
0.14338000000000006,0.09781999999999991
0.23197999999999996,0.07097999999999993
-0.20623999999999998,-0.08672000000000002
-0.16999999999999998,-0.15022000000000002
-0.07398000000000005,-0.06572
0.04166000000000003,0.034439999999999915
-0.21842,-0.11493999999999999
-0.22008,0.15557999999999994
-0.10293999999999998,-0.043220000000000036
0.21011999999999997,0.09461999999999993
0.21989999999999998,0.08565999999999996
0.10041999999999995,0.3302799999999999
-0.10777999999999999,0.1272399999999999
0.05453999999999992,-0.0838600000000001
0.2074600000000001,-0.044860000000000066
0.17542000000000002,-0.09152000000000005
0.057740000000000014,-0.26022
0.23282000000000003,0.18419999999999992
-0.000160000000000049,-0.20422
0.15339999999999998,0.28933999999999993
-0.028139999999999943,-0.13058000000000008
-0.10971999999999998,0.0045600000000000085
0.07872000000000001,-0.21870000000000006
0.032260000000000066,-0.10302
-0.04591999999999996,-0.10786000000000007
0.11839999999999995,0.27537999999999996
-0.04276000000000002,-0.15250000000000002
0.04842000000000002,-0.008160000000000056
-0.16423999999999994,0.06877999999999995
-0.22394000000000003,-0.05312
-0.07573999999999992,0.10459999999999992
-0.21284000000000003,0.13757999999999992
-0.20208000000000004,0.08438000000000001
-0.03408,0.1318999999999999
0.09809999999999997,-0.08690000000000003
0.052139999999999964,0.09473999999999994
0.17833999999999994,0.11503999999999992
0.06920000000000004,-0.042920000000000014
-0.01090000000000002,0.046699999999999964
0.07753999999999994,0.30333999999999994
-0.14108000000000004,-0.17200000000000004
-0.0044399999999999995,0.06551999999999991
-0.07762000000000002,0.008919999999999928
-0.25794,-0.09492
-0.23315999999999998,-0.14274000000000003
0.08966000000000007,0.10573999999999995
0.23456,0.19097999999999993
0.20462000000000002,0.20911999999999997
0.01096000000000008,0.10739999999999994
0.024660000000000015,-0.16694000000000003
0.08718000000000004,0.31143999999999994
0.24419999999999997,0.15837999999999997
0.08386000000000005,-0.1100600000000001
0.054339999999999944,0.30169999999999997
0.11316000000000004,0.1905
0.04749999999999999,-0.07180000000000003
-0.28656,0.06873999999999991
-0.11991999999999997,0.06899999999999995
-0.24314000000000002,-0.12680000000000002
0.043179999999999996,0.14013999999999993
-0.05379999999999996,0.005319999999999991
-0.23515999999999998,-0.04808000000000007
0.12518000000000007,-0.1020600000000001
0.14702000000000004,0.027139999999999942
0.0050000000000000044,-0.24424000000000007
0.0035199999999999676,-0.05122000000000004
-0.10371999999999998,-0.015020000000000033
0.0007399999999999629,-0.09176000000000006
0.19433999999999996,0.09345999999999999
0.239,0.06501999999999997
0.17526000000000008,0.012399999999999967
0.16452,-0.21274000000000004
0.09821999999999997,0.1157999999999999
-0.12130000000000002,0.16237999999999997
0.14129999999999998,-0.17828000000000005
0.18046000000000006,0.14085999999999999
0.21362000000000003,-0.04178000000000004
-0.24462,0.049679999999999946
-0.21278000000000002,-0.005120000000000013
-0.27494,0.06886000000000003
0.16800000000000004,0.19943999999999995
0.10938000000000003,-0.06884000000000001
0.16676000000000002,0.25207999999999997
0.22136,0.08063999999999993
-0.16643999999999998,0.07928000000000002
0.13606000000000007,0.254
0.09667999999999999,-0.007400000000000073
-0.041179999999999994,-0.07222
0.12444,0.03595999999999999
-0.23102,-0.12048000000000009
0.11965999999999999,0.1711999999999999
0.05230000000000001,-0.022619999999999973
-0.048939999999999984,-0.14146000000000003
-0.17343999999999998,0.16627999999999998
-0.19351999999999997,0.15071999999999997
-0.08340000000000003,0.10643999999999987
-0.18984,-0.030140000000000056
0.005900000000000016,0.1352
0.21218000000000004,0.008319999999999883
-0.25744,0.09877999999999998
-0.06562000000000001,0.037739999999999885
0.13749999999999996,0.0240999999999999
0.02536000000000005,-0.12346000000000007
-0.1759,-0.09848000000000007
-0.02068000000000003,-0.0627600000000001
-0.23858000000000001,0.09901999999999989
0.22709999999999997,-0.015020000000000033
0.05836000000000008,-0.06022000000000005
-0.21289999999999998,-0.015820000000000056
0.20911999999999997,0.11727999999999994
-0.056460000000000066,0.02843999999999991
0.08013999999999999,-0.12754
-0.24711999999999995,0.12961999999999996
0.013480000000000047,0.036619999999999986
-0.015639999999999987,-0.1141600000000001
0.17296,0.1899399999999999
-0.08719999999999994,0.13427999999999995
0.19399999999999995,0.16483999999999988
0.12934,0.21358
0.11696000000000006,-0.18590000000000007
-0.28158,-0.07656000000000007
-0.05126000000000008,-0.20208000000000004
-0.21155999999999997,0.08187999999999995
0.10233999999999999,0.27381999999999995
-0.13833999999999996,-0.15306000000000003
-0.012419999999999987,-0.22744000000000003
-0.24114000000000002,0.026679999999999926
-0.19942,-0.16038000000000008
-0.021419999999999995,-0.21180000000000004
-0.19044,0.12368000000000001
-0.06372,0.04708000000000001
-0.038860000000000006,-0.04124
0.10340000000000005,-0.10482000000000002
0.04686000000000001,-0.18920000000000003
-0.07616,0.10149999999999992
-0.012939999999999952,0.10285999999999995
-0.028079999999999994,-0.07688000000000006
0.03169999999999995,0.044300000000000006
-0.21748,0.13927999999999996
-0.012960000000000083,-0.010820000000000052
0.06901999999999997,-0.07678000000000007
0.06636000000000009,-0.14332
0.06786000000000003,-0.09886000000000006
0.12092000000000003,0.1152399999999999
0.14402000000000004,0.06545999999999996
0.13678,0.0897
0.14232,0.3238399999999999
-0.11480000000000001,0.03533999999999993
0.20220000000000005,0.022780000000000022
-0.18998000000000004,-0.17370000000000002
0.22467999999999988,0.16315999999999997
0.054339999999999944,-0.07404
0.19448,-0.13660000000000005
0.17966000000000004,-0.057780000000000054
0.057719999999999994,-0.0048800000000001065
0.14454,0.15198
0.11548000000000003,-0.24190000000000006
-0.22271999999999997,-0.03603999999999996
-0.16543999999999998,-0.08848000000000006
-0.025540000000000007,-0.06996000000000008
-0.28431999999999996,-0.0016200000000000658
-0.12343999999999994,-0.08908000000000005
0.06030000000000002,0.05249999999999999
-0.22498,-0.12230000000000002
0.12334,-0.18704000000000004
0.07396000000000003,0.28159999999999996
0.17137999999999998,-0.17476000000000003
-0.12973999999999997,0.06587999999999994
-0.09111999999999998,0.09407999999999994
0.19867999999999997,0.16569999999999996
0.09399999999999997,0.043099999999999916
0.16227999999999998,0.0547399999999999
0.019939999999999958,-0.13366000000000006
-0.012780000000000014,0.058419999999999916
0.02851999999999999,0.13985999999999998
-0.25638,0.026819999999999955
0.15354,-0.02850000000000008
0.16118,-0.08806000000000008
0.035800000000000054,-0.19266000000000005
-0.09761999999999998,-0.22222000000000003
-0.03158000000000005,-0.04500000000000004
0.1825,-0.10122000000000003
0.07021999999999995,0.04945999999999995
-0.11368,0.06111999999999995
-0.008819999999999939,-0.06853999999999999
-0.07986000000000004,0.16091999999999995
-0.27474,0.03731999999999991
0.09033999999999998,0.19731999999999994
-0.0044399999999999995,0.08997999999999995
-0.10126000000000002,0.11793999999999993
0.008560000000000012,-0.07446000000000008
-0.02178000000000002,0.019100000000000006
-0.26518,-0.07358000000000009
0.16308,0.1786399999999999
-0.21494000000000002,-0.1035600000000001
-0.13122,0.17718
-0.060880000000000045,-0.031260000000000066
-0.03803999999999996,0.0031799999999999606
0.26244,0.09043999999999996
-0.1411,-0.012300000000000089
-0.17333999999999994,-0.0038200000000000456
0.2199399999999999,-0.07038000000000005
0.11203999999999992,-0.15872000000000003
0.12308000000000008,-0.16674000000000005
0.005220000000000002,-0.057540000000000036
-0.19894,0.012719999999999954
0.02517999999999998,-0.035540000000000016
0.10061999999999993,0.09636
0.09836,-0.07600000000000007
0.11253999999999997,0.11709999999999998
-0.12126000000000003,0.009319999999999884
-0.07938,-0.01100000000000001
0.26212000000000013,0.19631999999999994
0.09716000000000002,0.022560000000000024
0.15491999999999995,0.07743999999999995
0.07406000000000001,0.32133999999999996
0.22138000000000002,0.20192
-0.16578000000000004,-0.010080000000000089
-0.10268,-0.046040000000000025
0.14966000000000002,0.19431999999999994
0.24606000000000006,0.09633999999999987
0.19811999999999996,0.18703999999999987
0.09120000000000006,-0.16924000000000006
-0.27676,-0.12588000000000005
-0.25204,0.09189999999999998
-0.1724,-0.11196000000000006
-0.26484,0.034339999999999926
-0.23798000000000002,-0.06990000000000007
0.2669,0.12043999999999988
-0.13690000000000002,0.06163999999999992
-0.21838000000000002,-0.12892000000000003
0.12696000000000007,-0.23414000000000007
-0.25921999999999995,0.007439999999999891
0.09924,-0.04854000000000003
-0.02851999999999999,0.04487999999999992
-0.20494,0.16269999999999996
0.12926000000000004,-0.13618000000000008
0.05526000000000009,-0.060500000000000054
0.08943999999999996,-0.17660000000000003
0.1563,0.21973999999999994
-0.13606000000000001,-0.06734000000000001
-0.1431,-0.023739999999999983
-0.06503999999999999,0.09309999999999996
0.16300000000000003,-0.13848000000000005
-0.18791999999999998,0.05613999999999997
0.21104,-0.007380000000000053
-0.17503999999999997,-0.08272000000000002
0.047780000000000045,-0.044420000000000015
0.09221999999999997,-0.13664000000000004
-0.08548,0.05113999999999996
-0.04642000000000002,-0.08982000000000001
0.000500000000000056,-0.14380000000000004
-0.23246,-0.06864000000000003
0.05947999999999998,-0.036820000000000075
-0.14089999999999997,0.12121999999999988
-0.27842,0.05279999999999996
0.21277999999999997,0.07618000000000003
-0.07420000000000004,-0.19560000000000005
-0.054319999999999924,0.15035999999999994
0.03295999999999999,-0.04588000000000009
0.09318000000000004,-0.031180000000000097
0.15549999999999997,-0.04798000000000008
-0.22614,-0.14394000000000007
0.02203999999999995,0.13246000000000002
-0.10456000000000004,-0.16020000000000006
-0.17496,-0.05506000000000011
-0.2103,-0.06564000000000003
-0.10841999999999996,0.02078000000000002
0.20440000000000003,0.20118000000000003
0.21111999999999997,-0.0036000000000000476
0.011839999999999962,-0.13486000000000004
-0.11998000000000003,-0.16904000000000008
0.08782000000000001,-0.16900000000000004
0.19096000000000002,-0.0672600000000001
-0.11293999999999998,0.03309999999999991
-0.20454,0.05393999999999988
-0.23049999999999998,0.11558000000000002
0.01741999999999999,-0.15048000000000006
-0.09878000000000003,-0.07766000000000006
0.20420000000000005,-0.06564000000000003
0.20543999999999996,0.18025999999999998
-0.18228,-0.13472
0.13339999999999996,-0.11204000000000003
0.15796,0.029959999999999987
-0.15410000000000001,0.024799999999999933
-0.24298000000000003,-0.034680000000000044
-0.029139999999999944,0.012399999999999967
0.12748000000000004,-0.09676000000000007
-0.03058000000000005,0.05696000000000001
-0.18091999999999997,0.03311999999999993
-0.14646000000000003,-0.03076000000000012
-0.2268,0.1343399999999999
-0.11441999999999997,0.16069999999999995
0.19143999999999994,-0.09006000000000008
-0.19748,-0.10450000000000004
-0.13198,0.06399999999999995
0.08530000000000004,-0.15830000000000005
-0.020460000000000034,-0.19426000000000004
-0.20582,-0.06932000000000005
-0.06823999999999997,0.0014600000000000168
0.2631,0.1726399999999999
-0.053279999999999994,-0.12998000000000004
-0.019399999999999973,0.04183999999999988
-0.07435999999999998,0.03393999999999997
-0.11448000000000003,-0.14220000000000005
-0.1043,0.07143999999999995
-0.012460000000000027,-0.02432000000000001
0.11997999999999998,0.27756000000000003
-0.14846000000000004,-0.07363999999999998
-0.008360000000000034,-0.04078000000000004
-0.18794,-0.16714000000000007
0.18353999999999993,0.09133999999999987
-0.04233999999999993,0.02063999999999988
-0.026800000000000046,-0.008440000000000003
0.04239999999999999,-0.13394000000000006
0.239,-0.03522000000000003
0.13239999999999996,0.050779999999999936
-0.26582,0.0804999999999999
0.12131999999999998,-0.11496000000000006
-0.23946,-0.13510000000000005
0.22582000000000013,-0.07902000000000003
0.22148,0.12673999999999996
0.012759999999999994,-0.19942000000000004
0.1915,0.019019999999999926
0.11948000000000003,0.2178
-0.1154,-0.07520000000000004
-0.13073999999999997,-0.06170000000000003
-0.22336,0.04157999999999995
-0.2081,-0.026519999999999988
-0.16026,0.0031199999999999006
0.25060000000000004,0.07545999999999997
-0.022399999999999975,-0.17194000000000004
-0.26954,0.05349999999999999
0.20906000000000002,-0.10078000000000004
-0.06891999999999998,-0.07052000000000003
0.07716,-0.24936000000000003
0.04180000000000006,0.014639999999999875
0.18718,-0.012580000000000036
-0.11571999999999999,0.17083999999999988
-0.15271999999999997,0.006879999999999997
-0.25548000000000004,0.04725999999999997
-0.2378,0.03608
0.2239,-0.005360000000000031
0.24472000000000005,-0.0035600000000001186
-0.009519999999999973,0.0252
0.05271999999999999,0.10693999999999992
-0.044560000000000044,0.06003999999999987
-0.22083999999999998,0.126
0.2056,-0.0045800000000000285
0.02746000000000004,0.13027999999999995
0.19033999999999995,0.27878000000000003
0.0033999999999999586,-0.0240800000000001
-0.19472,-0.04582000000000003
-0.2057,-0.06528000000000006
0.020239999999999925,0.08941999999999994
0.21418000000000004,-0.05936000000000008
0.12797999999999998,-0.16818000000000005
0.15580000000000005,-0.16756000000000004
0.13097999999999999,0.10323999999999989
0.13441999999999998,-0.08304
-0.15411999999999998,0.17525999999999997
0.15342,0.22226
0.23160000000000003,0.015119999999999911
-0.054360000000000075,-0.005820000000000047
0.12829999999999997,0.11331999999999998
0.1885,0.05557999999999996
0.07201999999999997,0.2299199999999999
-0.21014,-0.10750000000000004
0.00544,-0.13310000000000005
-0.13903999999999994,0.028119999999999923
-0.25438,-0.08866000000000007
0.041119999999999934,0.07279999999999998
-0.11038000000000003,-0.11380000000000007
0.06256000000000006,-0.039400000000000046
0.08446000000000009,-0.047180000000000055
-0.11893999999999993,-0.03522000000000003
0.025660000000000016,-0.16432000000000002
-0.01870000000000005,0.02081999999999995
-0.09240000000000004,0.025819999999999954
-0.1441,0.019319999999999893
-0.20789999999999997,-0.03608000000000011
-0.23399999999999999,0.049619999999999886
0.14823999999999993,-0.046540000000000026
0.21240000000000003,0.06253999999999993
0.16588000000000003,-0.08596000000000009
0.09066000000000007,-0.056540000000000035
-0.07828000000000002,-0.18790000000000007
0.24070000000000003,0.20219999999999994
-0.02736000000000005,-0.09860000000000002
-0.26332,0.09396000000000004
0.08435999999999999,0.13269999999999993
-0.21638000000000002,0.13181999999999994
0.03436000000000006,-0.04854000000000003
0.02071999999999996,-0.08620000000000005
0.19491999999999998,0.20041999999999993
0.028900000000000037,-0.015060000000000073
0.18356000000000006,0.054219999999999935
-0.0029600000000000737,-0.05362
0.08601999999999999,-0.24692000000000003
-0.07133999999999996,-0.17094000000000004
-0.03476000000000001,-0.07342000000000004
-0.022699999999999942,-0.12796000000000007
-0.045619999999999994,0.11975999999999998
0.005939999999999945,0.07755999999999996
-0.06456000000000006,-0.18866000000000005
-0.005239999999999911,-0.17292000000000002
-0.03283999999999998,-0.007220000000000004
0.01436000000000004,0.09071999999999991
-0.042179999999999995,0.05783999999999989
-0.14389999999999997,-0.017400000000000082
-0.10546000000000005,-0.16444000000000003
-0.03513999999999995,0.0164399999999999
0.21216000000000002,0.18401999999999996
-0.25645999999999997,0.007919999999999927
0.15539999999999998,-0.03954000000000002
-0.012739999999999974,-0.04576000000000008
0.12546000000000002,0.10809999999999997
0.21306000000000003,0.19992
-0.13611999999999996,0.12305999999999995
0.12519999999999998,0.04708000000000001
0.08041999999999994,-0.24704000000000004
0.21924,0.17879999999999996
-0.08435999999999999,0.11449999999999994
-0.13898,0.09967999999999999
-0.14348,-0.1723800000000001
-0.13269999999999998,-0.09422000000000003
0.09831999999999996,0.09385999999999994
-0.057620000000000005,0.019319999999999893
0.10363999999999995,-0.0043400000000000105
0.26293999999999995,0.0005399999999998739
-0.1824,0.11119999999999997
0.16448000000000007,0.29467999999999983
-0.005700000000000038,-0.24668000000000007
0.09196000000000004,0.10341999999999996
-0.02942,-0.10188000000000008
-0.25921999999999995,0.07023999999999997
-0.02432000000000001,-0.14044000000000006
-0.11521999999999999,-0.15914000000000006
0.02638000000000007,0.009079999999999977
0.09089999999999998,0.010479999999999934
0.12061999999999995,-0.21892
0.21799999999999997,0.011499999999999955
0.11897999999999997,-0.19792000000000004
0.17596,-0.051660000000000095
-0.18924000000000002,-0.14938000000000007
-0.16999999999999998,0.09458
-0.08526,0.02298
0.01644000000000001,0.14663999999999988
-0.19994,-0.06086000000000008
-0.11226000000000003,-0.21572000000000002
-0.18618,0.023839999999999972
-0.054159999999999986,0.10587999999999997
0.21228000000000002,-0.022360000000000047
-0.15148,0.03477999999999992
0.18042000000000002,-0.044360000000000066
-0.16383999999999999,0.11069999999999991
0.028019999999999934,0.02205999999999997
0.20098000000000005,0.07738
-0.06359999999999999,-0.15680000000000005
0.052000000000000046,-0.22548000000000007
-0.028200000000000003,-0.13334000000000007
-0.12961999999999996,-0.04954000000000003
0.04148000000000007,-0.24366000000000004
0.21209999999999996,-0.10308000000000006
-0.021039999999999948,-0.14326000000000005
-0.09593999999999997,0.09993999999999992
0.14822000000000002,-0.17934000000000005
-0.06036000000000008,0.15811999999999993
0.11568,-0.07056000000000007
0.14616000000000007,-0.19930000000000003
-0.15558,-0.14284000000000008
-0.23468,0.12287999999999999
-0.17446000000000006,-0.17422000000000004
-0.013819999999999943,0.06641999999999992
0.031260000000000066,-0.23832000000000003
0.07038,-0.12696000000000007
-0.05046000000000006,-0.20844000000000007
-0.009380000000000055,-0.09044000000000002
0.057599999999999985,-0.1211600000000001
-0.14043999999999995,-0.15060000000000007
-0.05130000000000001,0.12773999999999996
0.12312000000000001,-0.15944000000000008
0.015860000000000096,-0.14348000000000005
-0.20478000000000002,-0.08096000000000009
-0.09306000000000003,0.07213999999999987
0.03966000000000003,-0.10902
-0.24135999999999996,0.05833999999999995
0.11608000000000007,0.005919999999999925
-0.24564000000000002,0.10258
-0.24509999999999998,-0.08706000000000008
0.12551999999999996,-0.15396000000000004
0.22248,0.040939999999999865
0.12892000000000003,-0.20740000000000003
-0.24938,-0.016280000000000072
-0.07076000000000005,-0.14068000000000008
-0.054400000000000004,0.12807999999999997
0.12851999999999997,0.15766000000000002
-0.13723999999999997,0.10807999999999995
0.1895,0.1378999999999999
0.18238,0.15346000000000004
0.07294,-0.09562000000000004
0.10343999999999998,0.28713999999999995
0.16901999999999995,0.054119999999999946
0.09382000000000001,0.048860000000000015
0.09443999999999997,0.02167999999999992
0.18956000000000006,-0.09538000000000008
0.06421999999999994,0.12747999999999993
0.11258000000000001,0.1051399999999999
-0.13232,0.11699999999999999
-0.11151999999999995,0.11747999999999992
-0.02526000000000006,0.039019999999999944
0.10018000000000005,0.20143999999999995
0.12129999999999996,-0.15014000000000005
0.11051999999999995,-0.02098000000000011
-0.28598,0.0032999999999999696
0.11246,-0.03992000000000001
0.2373200000000001,-0.04133999999999999
-0.12458000000000002,-0.08544000000000002
-0.13738,0.02063999999999988
-0.22444000000000003,-0.08254
0.21273999999999993,0.07913999999999988
-0.07088000000000005,-0.09523999999999999
-0.11206000000000005,-0.20186000000000004
0.15193999999999996,-0.09688000000000008
-0.07730000000000004,-0.009400000000000075
0.05266000000000004,-0.22834000000000004
0.03412000000000004,-0.1466800000000001
0.13463999999999998,-0.12132000000000004
0.06372,0.030980000000000008
0.10614000000000001,0.31506
0.17011999999999994,-0.16250000000000003
-0.04866000000000004,0.04379999999999995
0.011480000000000046,-0.10314000000000001
-0.15889999999999999,0.09997999999999996
-0.10116000000000003,-0.16054000000000007
0.12071999999999994,-0.20486000000000004
0.19852000000000003,0.1262399999999999
-0.04310000000000003,-0.23960000000000004
-0.06113999999999997,-0.15524000000000004
-0.27266,0.04231999999999991
0.09173999999999993,-0.14564000000000005
0.2561,0.19777999999999996
-0.22265999999999997,0.08899999999999997
0.09396000000000004,0.06773999999999991
-0.13223999999999997,0.013539999999999885
0.053219999999999934,-0.20302000000000003
0.10287999999999997,0.07921999999999996
-0.20736,-0.07474000000000003
-0.061880000000000046,0.11929999999999996
-0.14328000000000002,0.12278
0.12290000000000001,0.3087399999999999
0.17018,0.27349999999999997
0.055239999999999956,-0.052260000000000084
-0.23406,-0.04522000000000004
-0.1225,0.0888199999999999
0.1401,0.19306
-0.1906,-0.10492000000000001
0.03312000000000004,-0.20714000000000005
-0.14761999999999997,-0.12292000000000003
-0.15638000000000002,0.16376000000000002
-0.056420000000000026,0.09026
-0.19718000000000002,-0.0793600000000001
0.06363999999999992,-0.16758000000000006
0.26744,0.10803999999999991
-0.23214,-0.07692000000000004
-0.05721999999999994,0.0240999999999999
-0.05568000000000006,0.10295999999999994
-0.14196000000000003,0.09465999999999997
0.2596799999999999,0.13298
-0.1073,-0.15912000000000004
0.09236,0.11559999999999993
-0.1795,-0.17672000000000004
-0.2378,-0.05328000000000005
0.00046000000000001595,0.06518000000000002
0.22463999999999995,0.1071399999999999
0.21343999999999996,0.02733999999999992
-0.276,-0.05064000000000002
-0.014039999999999941,-0.08176000000000005
0.10387999999999997,0.3100200000000001
0.011499999999999955,0.09907999999999995
-0.28364,-0.029220000000000024
0.23307999999999995,0.011880000000000002
-0.19601999999999997,0.013979999999999992
0.00048000000000003595,-0.023540000000000005
0.12403999999999993,0.12279999999999991
-0.12636000000000003,-0.16638000000000008
-0.04913999999999996,-0.23784000000000005
0.10986000000000007,-0.14542000000000005
0.014100000000000001,-0.0798600000000001
-0.022239999999999926,0.05176000000000003
0.0032999999999999696,0.0827
-0.0034999999999999476,0.014899999999999913
0.23282000000000003,0.14537999999999995
0.10389999999999999,-0.15722000000000003
-0.26028,0.04049999999999998
0.11876000000000009,0.008239999999999914
-0.00544,-0.06446000000000007
0.03406000000000009,0.06838
-0.010319999999999996,0.05227999999999999
0.09123999999999999,-8.000000000008001e-05
-0.03608,-0.24672000000000005
-0.08208000000000004,0.08753999999999995
0.11878,0.30147999999999986
0.17198000000000002,0.23083999999999993
-0.05620000000000003,-0.011639999999999984
-0.050819999999999976,0.0016399999999998638
-0.09338000000000002,-0.17864000000000008
-0.28262,0.07803999999999989
0.25064,0.20221999999999996
-0.28675999999999996,-0.04932000000000003
-0.22364,0.005439999999999889
-0.0008799999999999919,-0.08542000000000005
0.03503999999999996,-0.2579
0.19043999999999994,0.2611199999999999
-0.06494,-0.19406
-0.06831999999999994,0.038959999999999995
-0.23331999999999997,0.09423999999999988
-0.12883999999999995,0.05909999999999993
-0.06935999999999998,-0.14276000000000005
-0.21323999999999999,-0.14988000000000007
0.21414,0.17847999999999997
0.15132,-0.21476000000000006
0.12668000000000001,0.02723999999999993
0.12707999999999997,-0.07190000000000002
-0.15811999999999998,-0.11552000000000001
0.010440000000000005,0.1395399999999999
0.08814,-0.021440000000000015
-0.20500000000000002,-0.0373
-0.24566,-0.12538000000000005
-0.15289999999999998,0.11975999999999998
-0.13693999999999995,0.0716
0.17381999999999997,0.26796
0.008920000000000039,-0.2585800000000001
0.27557999999999994,0.15871999999999997
-0.04962,0.12078
-0.11096000000000006,0.01953999999999989
-0.11318,0.04369999999999996
0.13742,0.2911799999999999
-0.16702,-0.05298000000000008
0.05789999999999995,-0.22758000000000006
-0.20204,-0.05926000000000009
0.18978000000000006,0.27618
-0.14579999999999999,-0.07118000000000008
-0.10203999999999996,-0.19438000000000005
-0.16502,0.06341999999999992
0.24076000000000009,0.07706000000000002
-0.25668,-0.07846000000000009
-0.0524,0.05489999999999995
0.016179999999999972,-0.08318000000000009
-0.14303999999999994,-0.04904000000000003
0.20108000000000004,-0.07218000000000008
0.09948000000000001,0.06533999999999995
-0.2631,0.0014199999999999768
0.05628,0.29616
-0.25068,-0.12058000000000008
-0.05391999999999997,-0.05138000000000004
0.15536000000000005,-0.11038000000000009
-0.22886,-0.06112000000000001
-0.08662000000000003,0.02946000000000004
0.17652,0.2641
0.09860000000000002,-0.13518000000000008
0.09550000000000003,0.20719999999999994
0.1846,0.27046000000000003
-0.14088,-0.0384000000000001
-0.16823999999999995,0.06577999999999995
-0.01748000000000005,-0.0032400000000000206
-0.10439999999999999,-0.12024000000000001
-0.16053999999999996,-0.031420000000000003
-0.23571999999999999,-0.09538000000000008
-0.08331999999999995,-0.08612000000000003
-0.08167999999999997,-0.08978000000000008
-0.05126000000000008,0.031019999999999937
0.14270000000000005,0.22536
-0.11198000000000002,0.0656199999999999
0.12680000000000002,-0.12410000000000004
0.22214,0.017719999999999958
0.08178000000000007,0.1342199999999999
-0.08377999999999997,0.04156000000000004
0.12944,0.20587999999999995
0.033360000000000056,0.008099999999999996
-0.10081999999999997,0.13656000000000001
-0.2567,0.11449999999999994
-0.09673999999999994,-0.010419999999999985
-0.17058,0.026999999999999913
0.26427999999999996,0.026980000000000004
-0.05066000000000004,-0.04246000000000011
0.15652,-0.03660000000000008
-0.053180000000000005,0.016679999999999917
-0.08360000000000001,0.15356000000000003
-0.2542,0.09497999999999995
0.11468,-0.20954000000000006
0.10426000000000002,0.28335999999999995
-0.20971999999999996,0.056660000000000044
0.12844,-0.12702000000000002
-0.20194,-0.0753600000000001
0.15291999999999994,0.13595999999999997
0.06463999999999992,-0.04183999999999999
0.26247999999999994,0.03398000000000001
-0.07776000000000005,0.07728000000000002
0.10236,-0.1980800000000001
-0.09466000000000008,-0.03868000000000005
0.0013600000000000279,-0.16232000000000002
0.013800000000000034,-0.04566000000000009
-0.0011799999999999589,-0.045040000000000024
-0.03701999999999994,-0.04450000000000004
0.24663999999999997,0.060679999999999956
-0.12726000000000004,-0.15856000000000003
0.0046199999999999575,-0.16826000000000002
-0.20926,0.02066000000000001
-0.09338000000000002,0.15796
-0.09513999999999995,0.04125999999999996
-0.035719999999999974,-0.06224000000000002
-0.006319999999999992,-0.012480000000000047
0.24342000000000008,-0.02646000000000004
-0.17978,0.0930399999999999
-0.18758000000000002,-0.0611600000000001
-0.09817999999999999,-0.01648000000000005
-0.25004,0.05667999999999995
-0.08592,0.09121999999999997
0.20752000000000004,0.10795999999999994
0.09638000000000002,-0.031420000000000003
0.10893999999999993,0.21611999999999998
-0.20204,-0.08082
-0.050880000000000036,-0.07800000000000007
-0.025599999999999956,0.12829999999999997
-0.14521999999999996,-0.07413999999999998
0.14661999999999997,0.2259199999999999
-0.12080000000000002,-0.18626000000000004
-0.09902,0.016739999999999866
0.06146000000000007,-0.14016000000000006
-0.11027999999999999,-0.20562000000000002
0.12541999999999998,0.02207999999999999
0.060980000000000034,-0.22696000000000005
-0.17478,-0.03424000000000005
0.0012999999999999678,-0.18712
-0.02980000000000005,-0.030360000000000054
-0.05333999999999994,0.14749999999999996
0.15793999999999997,0.17676000000000003
0.18976000000000004,0.09897999999999996
0.035719999999999974,0.11077999999999999
0.20531999999999995,0.2726799999999999
-0.07698000000000005,-0.18130000000000007
0.23107999999999995,0.06041999999999992
-0.07369999999999999,-0.18844000000000005
0.16778000000000004,-0.17086
-0.09067999999999998,-0.20802000000000004
0.15658000000000005,0.19177999999999995
0.24912000000000012,0.08793999999999991
-0.08823999999999999,-0.12428000000000006
-0.19576,-0.14558000000000004
0.00658000000000003,-0.14338000000000006
-0.009020000000000028,-0.13500000000000006
-0.28452,-0.023800000000000043
-0.017360000000000042,-0.13882000000000005
-0.25956,-0.037960000000000105
-0.060980000000000034,0.05897999999999992
0.18430000000000002,0.22577999999999998
-0.015839999999999965,-0.015760000000000107
-0.25198000000000004,0.13088
-0.02300000000000002,-0.24090000000000006
-0.08479999999999999,0.09638000000000002
-0.2167,0.09793999999999992
-0.18448000000000003,-0.13734000000000007
-0.11763999999999997,-0.07646000000000008
0.10850000000000004,0.23937999999999993
-0.13426000000000005,-0.007400000000000073
0.05903999999999998,-0.07206000000000007
-0.08276000000000006,-0.04918000000000006
0.2334799999999999,-0.05953999999999998
0.046680000000000055,0.13301999999999992
-0.18803999999999998,-0.0029200000000000337
0.13898,-0.19552000000000003
-0.056660000000000044,-0.22452000000000005
-0.14818000000000003,-0.025080000000000102
0.24488,0.20226
-0.05500000000000005,0.05455999999999994
-0.19090000000000001,0.06433999999999995
0.10309999999999997,-0.08330000000000004
-0.1703,0.020999999999999908
-0.12658000000000003,0.0363
0.19372,0.10977999999999999
0.08666000000000007,0.005659999999999998
0.10698000000000008,0.00013999999999991797
0.22737999999999992,0.09148
0.25450000000000006,0.06997999999999993
0.24797999999999998,0.09116000000000002
0.04080000000000006,-0.20464000000000004
0.17078000000000004,0.0729399999999999
-0.17326000000000003,0.08053999999999994
0.10676000000000008,-0.18670000000000003
-0.11683999999999994,0.08865999999999996
-0.2077,-0.13002000000000002
0.22272000000000003,-0.07844000000000001
0.1308600000000001,-0.24104000000000003
0.12726000000000004,-0.026839999999999975
0.0013800000000000479,0.055339999999999945
-0.10041999999999995,-0.011820000000000053
0.006199999999999983,-0.09290000000000004
0.09892000000000001,0.03711999999999993
0.07688000000000006,0.28806
-0.10898000000000002,-0.04168000000000005
-0.11823999999999996,-0.0048000000000000265
-0.0029600000000000737,0.10541999999999996
-0.22349999999999998,0.10546
-0.10923999999999995,0.011159999999999948
-0.08104,-0.22706000000000004
-0.019460000000000033,0.0305399999999999
-0.23536,-0.12736000000000008
-0.14243999999999996,-0.005680000000000018
-0.08588000000000007,0.0829399999999999
0.23807999999999996,0.17753999999999992
0.06459999999999999,0.27078
-0.25258,0.10677999999999999
0.013399999999999967,-0.18154000000000003
-0.24556,-0.12800000000000006
0.15774,0.014059999999999961
-0.07635999999999998,0.12905999999999995
0.06436000000000008,-0.20938000000000007
-0.05588000000000004,0.10897999999999997
-0.025760000000000005,-0.04254000000000002
-0.029119999999999924,0.10723999999999989
-0.27018000000000003,0.10743999999999987
0.05584,-0.17698000000000008
0.10260000000000002,0.32787999999999984
0.2662399999999999,0.023460000000000036
-0.13376000000000005,0.0718399999999999
-0.15868,-0.17616000000000004
-0.15228000000000003,0.1051399999999999
0.18828,-0.12736000000000008
0.11014000000000002,0.030959999999999988
-0.08177999999999996,0.15825999999999996
0.010299999999999976,-0.12374000000000002
-0.22536,0.10751999999999995
-0.07898000000000005,0.04908000000000001
0.14251999999999998,-0.08688000000000007
-0.06110000000000004,0.09859999999999991
-0.06806000000000001,-0.16572000000000003
0.10151999999999994,-0.04628000000000004
-0.13742,0.05609999999999993
-0.14966000000000002,-0.12060000000000004
-0.01961999999999997,-0.07074000000000003
0.10058,0.26576
0.12918000000000007,-0.12196000000000007
-0.11598000000000003,-0.21020000000000005
0.23146,-0.022400000000000087
-0.15742,0.15805999999999998
0.08843999999999996,-0.07194
-0.09670000000000001,0.10795999999999994
0.12136000000000002,0.19873999999999992
-0.06162000000000001,0.03495999999999999
-0.12108000000000002,-0.07954
-0.15721999999999997,-0.15286000000000005
0.12961999999999996,-0.21560000000000007
-0.18426000000000003,0.11885999999999997
0.039039999999999964,0.14747999999999994
-0.08882000000000001,-0.18690000000000007
0.05376000000000003,-0.11098000000000008
-0.14168000000000003,0.13968000000000003
-0.10148000000000001,-0.08830000000000005
-0.179,0.10321999999999998
-0.1412,0.07577999999999996
-0.22410000000000002,0.07513999999999987
0.07033999999999996,-0.09794000000000003
-0.12613999999999997,-0.11836000000000008
0.26680000000000004,0.017880000000000007
-0.24845999999999996,-0.06924000000000002
0.030320000000000014,0.03579999999999994
0.18386000000000002,-0.15790000000000004
0.18303999999999998,0.12481999999999993
-0.21833999999999998,0.04809999999999992
-0.22078000000000003,-0.023340000000000027
-0.2373,0.07945999999999998
-0.17908000000000002,0.119
0.16016000000000008,0.09213999999999989
0.14254,0.23111999999999988
-0.1799,0.17672
0.27222000000000013,0.09945999999999999
0.19762000000000002,-0.017260000000000053
-0.11280000000000001,-0.10912000000000005
0.11896000000000007,0.14847999999999995
-0.14928000000000002,-0.14716
0.1612,0.30035999999999996
0.03371999999999997,-0.24044000000000004
0.01656000000000002,-0.19272
-0.23018,0.03298000000000001
0.046760000000000024,0.05447999999999997
0.10573999999999995,0.011299999999999977
-0.02980000000000005,-0.09930000000000005
0.10363999999999995,-0.21312000000000003
0.18088000000000004,0.06496000000000002
0.054460000000000064,0.13788
0.045520000000000005,-0.10014
-0.01527999999999996,0.11763999999999997
0.19388000000000005,-0.016160000000000063
-0.12037999999999999,-0.14812000000000003
0.08466000000000007,0.2653399999999999
0.0040799999999999725,-0.06512000000000001
0.12519999999999998,0.23722
0.09109999999999996,-0.021100000000000008
-0.10503999999999997,0.09373999999999993
0.026039999999999952,-0.13570000000000004
0.16874,0.034399999999999986
-0.03183999999999998,0.10453999999999997
0.14168000000000003,-0.10694000000000004
0.12290000000000001,-0.14570000000000005
0.10521999999999998,-0.20684000000000008
-0.15689999999999998,-0.12944000000000006
0.13988,-0.04743999999999998
0.23482000000000003,0.15386
0.22950000000000004,0.04277999999999993
0.023739999999999983,0.07875999999999994
0.12206000000000006,-0.19774000000000008
0.08576000000000006,-0.19346000000000002
-0.04603999999999997,-0.19248000000000004
0.10170000000000001,-0.15884000000000004
-0.24803999999999998,0.05361999999999989
0.07033999999999996,0.00041999999999997595
0.04279999999999995,-0.17720000000000002
-0.01627999999999996,-0.05054000000000003
0.17296,-0.12536000000000008
0.09145999999999999,-0.21096000000000004
0.17698000000000003,-0.07662000000000002
-0.03391999999999995,0.06418000000000001
0.025060000000000082,-0.21454000000000006
-0.11233999999999994,-0.17584000000000005
0.05908000000000002,0.07053999999999994
0.03273999999999999,-0.08966000000000007
0.02178000000000002,-0.13904000000000005
-0.07866000000000006,-0.20564000000000004
-0.09711999999999998,0.008199999999999985
0.10141999999999995,-0.05406000000000011
0.2215600000000001,0.15201999999999993
0.13051999999999997,-0.12503999999999998
0.03181999999999996,-0.07206000000000007
0.013979999999999992,-0.14592000000000005
0.12108000000000008,0.12151999999999996
0.009319999999999995,-0.13424000000000008
-0.24188000000000004,0.1278999999999999
0.10893999999999993,-0.02946000000000004
-0.05884,-0.03286000000000011
-0.0242,0.10987999999999998
0.09173999999999993,-0.018300000000000094
0.13970000000000005,0.18386000000000002
0.12761999999999996,0.30399999999999994
-0.08456000000000008,0.13547999999999993
-0.24622,-0.10122000000000003
0.04936000000000007,0.12016000000000004
0.06553999999999993,-0.16934000000000005
0.16359999999999997,0.20211999999999997
-0.2563,0.08031999999999995
0.005380000000000051,-0.10998000000000008
0.23714000000000002,0.20991999999999988
-0.027859999999999996,0.01971999999999996
0.23872000000000004,0.14827999999999997
0.13939999999999997,0.24937999999999994
-0.07101999999999997,0.03935999999999995
0.050980000000000025,-0.24622000000000005
0.19611999999999996,0.15733999999999992
0.13029999999999997,-0.07958000000000004
0.17533999999999994,0.17318
0.011480000000000046,-0.022619999999999973
-0.09318000000000004,-0.05296000000000006
-0.0605,-0.19372
-0.06998000000000004,-0.06612000000000001
-0.20851999999999998,-0.07718000000000008
0.13061999999999996,-0.10122000000000003
0.15768000000000004,0.2655799999999999
0.022739999999999982,-0.10528000000000004
-0.033580000000000054,-0.017260000000000053
0.046760000000000024,-0.09702000000000005
0.22593999999999992,0.017039999999999944
-0.18764000000000003,-0.04136000000000006
-0.005859999999999976,-0.03268000000000004
-0.23546,-0.031160000000000077
-0.046619999999999995,-0.000140000000000029
0.1684,0.12705999999999995
-0.031019999999999937,-0.24276000000000003
-0.25444,0.14947999999999995
-0.14286000000000004,-0.05264000000000002
-0.24734,0.00757999999999992
-0.054180000000000006,-0.19394000000000006
-0.23843999999999999,-0.07984000000000002
-0.03317999999999999,-0.23068000000000005
0.07462000000000002,0.058419999999999916
0.036599999999999966,-0.12552000000000002
-0.20789999999999997,0.10526000000000002
0.09756000000000009,0.04259999999999997
0.23582000000000003,0.14551999999999998
-0.15111999999999998,0.05679999999999996
-0.10338000000000003,-0.07920000000000005
0.12344,-0.14884000000000003
0.23743999999999998,0.1399999999999999
0.15044000000000002,-0.10138000000000008
-0.11659999999999998,-0.02740000000000009
0.0006599999999999939,0.08845999999999998
-0.1266,0.008360000000000034
-0.15899999999999997,-0.0561600000000001
-0.09004000000000001,0.16089999999999993
0.21088000000000007,-0.04410000000000003
0.15146000000000004,-0.14916000000000001
-0.011839999999999962,-0.19794000000000006
0.24407999999999996,0.04191999999999996
-0.28274,0.022119999999999918
0.16649999999999998,-0.03212000000000004
0.10570000000000002,0.09461999999999993
0.11582000000000003,-0.17076000000000002
-0.17691999999999997,-0.16214000000000006
-0.06320000000000003,-0.19596000000000002
0.25007999999999997,0.13995999999999997
-0.22538000000000002,0.0010999999999999899
0.09730000000000005,-0.12830000000000003
-0.1749,-0.14406000000000002
0.21241999999999994,0.0009599999999999609
-0.08498000000000006,-0.05098000000000008
0.08460000000000001,-0.1849800000000001
-0.22612,0.11016000000000004
-0.041160000000000085,0.0018599999999999728
-0.20782,-0.13570000000000004
-0.06733999999999996,-0.16994000000000004
-0.16471999999999998,0.020279999999999965
0.13041999999999998,0.23733999999999988
0.15616000000000008,-0.13824000000000003
-0.09660000000000002,0.0613999999999999
-0.18051999999999996,-0.18626000000000004
0.13446000000000002,0.18741999999999992
0.2509,0.19463999999999992
0.01541999999999999,-0.09502000000000005
-0.23919999999999997,0.05255999999999994
0.017020000000000035,0.13891999999999993
0.06768000000000007,0.3041799999999999
0.22231999999999996,-0.04872000000000004
-0.25392,-0.04412000000000005
0.22238000000000002,0.11168
0.14786,0.14163999999999988
-0.007460000000000022,0.08891999999999989
-0.25188,0.042199999999999904
-0.18101999999999996,-0.03926000000000007
0.2576799999999999,0.12632
-0.12308000000000002,-0.10030000000000006
0.041039999999999965,-0.17232000000000003
0.03939999999999999,0.026939999999999964
-0.06372,0.04145999999999994
0.09319999999999995,0.012619999999999965
-0.08986000000000005,-0.12174000000000001
-0.2686,-0.05402000000000001
0.0043400000000000105,-0.18194000000000005
0.12722,0.24549999999999994
-0.17643999999999999,0.11351999999999995
0.14383999999999997,-0.21574000000000004
0.09298000000000006,-0.13376000000000005
0.20073999999999992,0.03988000000000003
0.12278,-0.029299999999999993
-0.15766000000000002,0.11481999999999992
-0.060880000000000045,-0.18080000000000007
0.17032000000000003,0.009119999999999906
-0.13051999999999997,-0.014880000000000115
0.03361999999999998,0.08567999999999998
-0.04121999999999992,-0.14100000000000007
-0.09298000000000006,-0.06786000000000009
0.06625999999999999,-0.19202000000000002
0.12170000000000003,0.026479999999999948
0.21551999999999993,0.06963999999999992
-0.17346000000000006,-0.06924000000000002
0.05221999999999993,-0.21808000000000005
0.18586000000000003,-0.16152000000000005
-0.19524000000000002,-0.11776000000000009
-0.03490000000000004,-0.20890000000000003
0.03876000000000002,0.08999999999999997
-0.011079999999999979,-0.07024000000000002
-0.07904,0.10251999999999994
-0.08262000000000003,-0.14510000000000006
-0.13229999999999997,0.07447999999999999
0.17178000000000004,0.21275999999999995
0.14016000000000006,-0.18254000000000004
-0.01419999999999999,-0.0707600000000001
0.16437999999999997,-0.11126000000000008
0.11718000000000006,-0.06814000000000003
0.11246,-0.09672000000000003
-0.14271999999999996,0.17599999999999993
-0.03922000000000003,0.13991999999999993
0.03481999999999996,0.11377999999999999
-0.09314,-0.08260000000000006
-0.19629999999999997,0.08551999999999993
0.12851999999999997,-0.09008000000000005
0.11158000000000001,0.2622399999999999
-0.044360000000000066,0.019100000000000006
0.13703999999999994,0.11609999999999998
0.0007800000000000029,-0.25894000000000006
-0.27581999999999995,0.07816000000000001
0.24060000000000004,-0.01751999999999998
-0.15771999999999997,0.021499999999999964
-0.06101999999999996,-0.0803600000000001
0.1139,0.2819799999999999
0.009220000000000006,-0.12922
0.20536,-0.0803600000000001
0.18332000000000004,-0.17148000000000008
0.26237999999999995,0.06457999999999997
-0.05915999999999999,-0.056620000000000004
-0.06862000000000001,-0.22806000000000004
-0.20468000000000003,0.02078000000000002
0.06566000000000005,-0.12748000000000004
0.20772000000000002,-0.09320000000000006
-0.25195999999999996,0.10031999999999996
0.16300000000000003,-0.14822000000000002
0.015919999999999934,-0.0021200000000000108
0.08573999999999993,-0.20404000000000005
0.2598799999999999,0.11878
-0.22896,-0.14240000000000003
-0.06811999999999996,0.05518000000000001
0.1613,-0.14092000000000005
0.15113999999999994,-0.12286000000000008
0.15559999999999996,0.13573999999999997
-0.016639999999999988,0.05047999999999997
0.09058,-0.21452000000000004
0.0048399999999999554,0.01761999999999997
-0.18041999999999997,0.15171999999999997
0.021280000000000077,-0.06984000000000001
-0.29636,0.04589999999999994
0.18289999999999995,0.13076
0.09583999999999993,-0.14022
0.04852000000000001,-0.09106000000000009
-0.23788000000000004,-0.008580000000000032
-0.07741999999999993,-0.10446000000000011
-0.29159999999999997,0.04611999999999994
0.06296000000000002,0.0014399999999998858
0.14283999999999997,-0.02856000000000003
0.0046199999999999575,-0.18464000000000008
-0.014739999999999975,0.13525999999999994
-0.08308000000000004,-0.03488000000000002
0.1773,5.999999999994898e-05
0.12260000000000004,-0.012960000000000083
-0.16362,0.06025999999999998
-0.15498,0.1560999999999999
0.19030000000000002,0.16059999999999997
-0.04610000000000003,0.05479999999999996
-0.041039999999999965,-0.21382
-0.04361999999999999,0.011399999999999966
0.0016199999999999548,-0.06653999999999999
0.05591999999999997,-0.24542000000000003
-0.20489999999999997,0.1251
0.14302000000000004,-0.12892000000000003
0.09536,0.10211999999999999
-0.10238000000000003,-0.035700000000000065
0.11473999999999995,-0.09494000000000002
-0.18974000000000002,-0.09600000000000003
-0.18708000000000002,0.014680000000000026
0.14813999999999994,-0.051720000000000044
-0.24991999999999998,0.09026
-0.18491999999999997,-0.11104000000000003
-0.07173999999999991,-0.15254000000000006
-0.08704,0.1626399999999999
-0.13690000000000002,0.0018199999999999328
-0.15271999999999997,-0.0863600000000001
-0.0043400000000000105,0.028119999999999923
-0.03598000000000001,0.04157999999999995
0.21441999999999994,0.09943999999999997
0.13129999999999997,-0.06178000000000006
0.11487999999999998,-0.13656000000000001
0.1632,-0.17484000000000005
0.1997,0.10261999999999993
-0.11718,-0.08794000000000002
-0.14036000000000004,-0.09194000000000002
-0.009560000000000013,-0.0028600000000000847
-0.18123999999999996,-0.12140000000000006
-0.023639999999999994,-0.20614000000000005
-0.005560000000000009,-0.07008000000000009
-0.05443999999999993,-0.24640000000000006
-0.23441999999999996,0.07751999999999992
0.15533999999999992,-0.19524000000000008
-0.09963999999999995,-0.17036
0.23860000000000003,0.125
0.19416,0.17396
0.16990000000000005,0.18087999999999993
-0.03386,-0.10400000000000004
-0.05498000000000003,-0.23384000000000005
0.01081999999999994,-0.2641800000000001
-0.25138,0.007179999999999964
-0.011380000000000057,0.13032
-0.06698000000000004,-0.010140000000000038
-0.06030000000000002,-0.08954000000000001
0.10046,-0.10474
-0.0035199999999999676,-0.11362000000000005
-0.07069999999999999,-0.17730000000000007
0.11058000000000001,0.1746399999999999
-0.15718,-0.16012000000000004
0.09023999999999999,0.26161999999999996
-0.00038000000000004697,0.10741999999999996
0.08367999999999998,-0.20200000000000007
-0.08948,0.11711999999999989
-0.005380000000000051,-0.19856000000000001
0.17266000000000004,-0.09223999999999999
-0.13421999999999995,-0.14778000000000008
0.023900000000000032,0.010460000000000025
0.14473999999999998,0.0040799999999999725
0.09253999999999996,-0.16238000000000008
0.08221999999999996,0.06093999999999988
0.05478000000000005,-0.16772000000000004
0.16488000000000003,-0.17868000000000006
0.17621999999999993,-0.018000000000000016
-0.24278,-0.11614000000000002
-0.0027000000000000357,-0.18060000000000004
0.18662,0.23348000000000002
0.16593999999999998,-0.014660000000000117
-0.24028,0.10746
0.10980000000000001,0.19901999999999997
-0.22036,0.11363999999999996
0.16203999999999996,0.20651999999999993
-0.2852,-0.007160000000000055
-0.17691999999999997,-0.09394000000000002
-0.20024000000000003,-0.09538000000000008
0.09589999999999999,0.11971999999999994
-0.16552,0.02291999999999994
0.24463999999999997,0.19923999999999997
0.2539,0.08679999999999999
-0.007139999999999924,-0.028299999999999992
-0.05363999999999991,-0.14080000000000004
0.14486,0.23009999999999997
0.06408000000000003,-0.11682000000000003
0.08531999999999995,-0.12246000000000007
0.11141999999999996,-0.14000000000000007
-0.15593999999999997,-0.09194000000000002
0.20304,0.02743999999999991
0.14506000000000008,0.045519999999999894
0.13496000000000008,0.06855999999999995
-0.1437,0.025839999999999863
-0.08750000000000002,-0.14596000000000003
-0.14206000000000002,-0.026560000000000028
-0.06269999999999998,0.08663999999999994
0.12302000000000002,0.0547399999999999
-0.11891999999999997,-0.0015600000000001168
0.16478000000000004,-0.10340000000000005
0.21506000000000003,0.15479999999999994
0.10821999999999998,0.30489999999999995
0.09543999999999997,0.017360000000000042
0.11248000000000002,0.24847999999999992
-0.11323999999999995,-0.0019200000000000328
-0.005759999999999987,0.012460000000000027
0.14239999999999997,-0.1995800000000001
-0.21960000000000002,-0.12208000000000008
0.18736000000000008,0.1885199999999999
0.08376000000000006,-0.09636000000000006
-0.14986000000000005,-0.14068000000000008
0.24772000000000005,0.10158
0.25582000000000005,-0.017400000000000082
0.01316000000000006,-0.20656000000000002
0.16048000000000007,-0.06030000000000002
0.17101999999999995,0.2816399999999999
0.12561999999999995,-0.06600000000000006
0.17346000000000006,-0.19618000000000008
0.04178000000000004,-0.19472
-0.19290000000000002,0.013799999999999923
-0.21588000000000002,-0.07188000000000005
0.17278000000000004,-0.19124000000000008
0.11368,0.26066
-0.20866,-0.08642000000000005
-0.07176000000000005,0.05571999999999988
0.04310000000000003,0.06767999999999996
-0.23281999999999997,0.0797
0.1695399999999999,0.04123999999999994
-0.18985999999999997,-0.07796000000000008
-0.11583999999999994,-0.05306000000000011
-0.11649999999999999,-0.020500000000000074
-0.13083999999999996,0.03241999999999989
0.06888000000000005,0.14551999999999998
-0.0016800000000000148,-0.03720000000000001
0.22617999999999994,0.19619999999999993
-0.03268000000000004,-0.23900000000000005
0.15642,0.11636000000000002
0.13713999999999993,-0.23250000000000004
0.16358000000000006,-0.06128000000000006
0.10783999999999994,-0.12444
0.1318600000000001,-0.0692600000000001
0.03588000000000002,-0.13144000000000006
0.24442000000000008,0.05247999999999997
0.10350000000000004,0.24048000000000003
0.16969999999999996,-0.14984000000000003
-0.03700000000000003,-0.022360000000000047
0.11024,-0.05132000000000003
-0.20038,0.010059999999999958
-0.03981999999999997,0.027619999999999978
-0.10002,-0.17798000000000008
0.124,0.22268
0.16152,0.2351399999999999
0.027780000000000027,-0.13362000000000002
0.04737999999999998,-0.16700000000000004
0.07599999999999996,0.21816000000000002
0.04716000000000009,0.29535999999999996
-0.01322000000000001,0.0027800000000000047
0.07418000000000002,0.2632199999999999
-0.19316,0.06628
0.020039999999999947,0.09463999999999995
0.03836000000000006,-0.20660000000000006
-0.014480000000000048,-0.16340000000000005
0.13422,-0.23060000000000003
0.06623999999999997,0.016959999999999975
0.18056000000000005,0.16989999999999994
0.18200000000000005,0.09855999999999998
0.13768000000000002,-0.052260000000000084
0.14042,0.023760000000000003
0.13958000000000004,-0.16172000000000003
0.04403999999999997,0.10671999999999993
0.13116000000000005,-0.13312000000000002
0.26636000000000004,0.13376
0.012480000000000047,0.01966000000000001
-0.13979999999999998,0.01876
-0.10938000000000003,0.03731999999999991
0.022780000000000022,0.007739999999999969
-0.040919999999999956,-0.22404000000000007
0.14923999999999993,-0.17382000000000003
-0.0013400000000000079,-0.18888000000000005
0.20533999999999997,0.1495399999999999
-0.20539999999999997,0.05125999999999997
-0.19440000000000002,0.019519999999999982
-0.11538000000000004,-0.10462000000000005
-0.04366000000000003,0.042259999999999964
-0.12201999999999996,0.07848
0.12051999999999996,-0.057540000000000036
0.17458000000000007,-0.18892000000000003
-0.0012600000000000389,-0.13292000000000004
0.12873999999999997,0.0948199999999999
-0.27665999999999996,0.011219999999999897
0.10746,0.22873999999999994
-0.21288,-0.11988000000000004
-0.15533999999999998,-0.1859800000000001
-0.16948000000000002,-0.14576000000000006
0.07394,-0.21744000000000008
-0.07872000000000001,0.0633999999999999
-0.12193999999999994,0.09571999999999992
0.011039999999999939,-0.13154000000000005
-0.21001999999999998,0.08797999999999995
-0.18453999999999998,-0.02954000000000001
0.17766000000000004,0.03081999999999996
-0.09323999999999999,-0.21008000000000004
-0.007020000000000026,0.1271199999999999
0.09056000000000008,-0.028140000000000054
0.043220000000000036,-0.13100000000000006
0.16633999999999993,0.14246000000000003
0.13396000000000008,0.03747999999999996
-0.08223999999999998,0.11629999999999996
0.07096000000000002,0.07726
0.09788000000000008,0.24559999999999993
-0.03693999999999997,-0.09040000000000004
-0.1447,0.06541999999999992
0.25154,0.1650999999999999
-0.14046000000000003,-0.08334000000000003
0.1146600000000001,0.1351199999999999
0.23563999999999996,0.03491999999999995
-0.05130000000000001,-0.06852000000000003
0.17936000000000007,-0.12202000000000002
0.14051999999999998,-0.23234000000000005
-0.28646,0.04713999999999996
0.23960000000000004,0.10495999999999994
0.26149999999999995,0.05469999999999997
0.009619999999999962,-0.20966
0.21031999999999995,-0.0541600000000001
-0.28754,0.07207999999999992
0.13378,-0.12488000000000005
0.17137999999999998,0.14527999999999996
-0.036739999999999995,-0.04786000000000007
0.0032999999999999696,0.11411999999999989
-0.15386000000000005,0.17028
-0.267,0.10595999999999994
-0.058599999999999985,-0.09484000000000004
-0.05223999999999995,0.0779399999999999
-0.023560000000000025,-0.04040000000000005
0.08573999999999993,0.30867999999999984
-0.14076000000000005,0.13373999999999997
0.15032,0.2678999999999999
0.07513999999999998,0.09355999999999998
-0.15488000000000002,0.06033999999999995
-0.23368,0.11411999999999989
-0.1205,0.14589999999999992
0.26572000000000007,0.1473
-0.15923999999999994,0.07828000000000002
0.10428000000000004,-0.15988000000000008
-0.07269999999999999,-0.19330000000000003
-0.12743999999999994,-0.02512000000000003
0.011039999999999939,-0.0043800000000000505
-0.05893999999999999,0.13039999999999996
0.06123999999999996,-0.20408000000000004
-0.008539999999999992,0.06923999999999997
-0.03173999999999999,0.12981999999999994
0.10518000000000005,0.25307999999999997
-0.02290000000000003,-0.035600000000000076
0.08392,0.18853999999999993
0.03706000000000009,-0.04274
-0.07820000000000005,-0.22152000000000005
0.08306000000000002,0.33363999999999994
0.0047000000000000375,-0.22586000000000006
0.04256000000000004,0.12213999999999992
-0.10803999999999997,-0.13862000000000002
0.10950000000000004,0.27446000000000004
0.19678000000000007,0.15161999999999998
-0.06757999999999997,-0.18584000000000006
-0.19313999999999998,0.1543
0.23929999999999996,0.18171999999999988
0.26412000000000013,0.12095999999999996
-0.09463999999999995,0.02083999999999997
0.011239999999999917,0.12261999999999995
0.07830000000000004,-0.1256600000000001
0.09731999999999996,0.3236
0.08998000000000006,0.013379999999999947
-0.2118,0.06479999999999997
0.05620000000000003,-0.20292000000000004
-0.20476,0.009759999999999991
-0.15733999999999998,-0.025460000000000038
-0.09743999999999997,-0.03758000000000006
-0.07652000000000003,0.0938199999999999
-0.013839999999999963,-0.005600000000000049
0.09996000000000005,0.0026399999999998647
-0.21442,-0.13186000000000003
-0.15286000000000005,-0.05493999999999999
0.14423999999999992,-0.1572800000000001
-0.04258000000000006,0.10173999999999994
-0.017019999999999924,-0.12503999999999998
-0.03273999999999999,-0.19428000000000006
-0.21468000000000004,0.13431999999999988
0.12544,-0.18188000000000004
0.11331999999999998,-0.19266000000000005
-0.08233999999999997,0.024819999999999953
-0.2318,0.09711999999999998
-0.12979999999999997,0.10503999999999991
0.15869999999999995,-0.08670000000000005
0.007519999999999971,0.10321999999999998
0.08098000000000005,-0.03614000000000006
-0.16693999999999998,-0.12868000000000007
-0.26576,0.017979999999999996
-0.04191999999999996,-0.17656000000000005
-0.21100000000000002,-0.16356000000000004
-0.04813999999999996,-0.13662000000000002
-0.16366000000000003,-0.011440000000000006
0.20941999999999994,-0.04692000000000002
0.09656000000000009,0.25286
0.18423999999999996,-0.15540000000000004
-0.13688,-0.019580000000000042
0.19543999999999995,0.18855999999999995
0.09553999999999996,-0.1703800000000001
-0.187,-0.07340000000000002
-0.16616000000000003,-0.17778000000000005
0.05813999999999997,0.0037599999999999856
0.019919999999999938,0.0023199999999999887
-0.10286000000000001,0.07713999999999988
0.08091999999999999,-0.23494000000000004
0.19089999999999996,0.10141999999999995
0.09111999999999998,-0.17386000000000001
0.12750000000000006,-0.03936000000000006
-0.23904000000000003,0.07365999999999995
0.15312000000000003,-0.05518000000000006
0.16374,-0.12980000000000003
0.07152000000000003,-0.01651999999999998
0.2046,0.10609999999999997
0.18976000000000004,-0.05202000000000001
0.13628000000000007,-0.22346000000000005
-0.01317999999999997,-0.15742
-0.18173999999999996,0.0814999999999999
0.24107999999999996,0.14695999999999998
0.013399999999999967,0.07631999999999994
-0.06911999999999996,0.03388000000000002
-0.05363999999999991,0.0930399999999999
0.18996000000000002,0.20617999999999992
-0.19845999999999997,0.11287999999999998
-0.25638,-0.04638000000000009
-0.012179999999999969,-0.13832000000000005
0.07572000000000001,0.024539999999999895
-0.21076,-0.16072000000000003
0.042160000000000086,-0.17990000000000006
0.20631999999999995,0.11583999999999994
-0.17809999999999998,0.0232
-0.14328000000000002,0.08313999999999988
0.16596,0.3074
-0.0050000000000000044,0.13419999999999999
0.18952000000000002,0.15271999999999997
0.020280000000000076,0.15013999999999994
-0.005280000000000062,-0.0046600000000001085
-0.04078000000000004,-0.24868000000000007
0.11371999999999993,0.21331999999999995
0.23360000000000003,0.13391999999999993
0.14970000000000006,0.30403999999999987
0.03600000000000003,-0.06460000000000005
-0.15611999999999998,-0.04102
0.16580000000000006,0.1298999999999999
0.014079999999999981,0.12358000000000002
0.17347999999999997,-0.04268000000000005
0.2504799999999999,0.19963999999999993
0.15183999999999997,0.013660000000000005
-0.09386000000000005,-0.06250000000000006
0.2077,-0.06292000000000003
0.16203999999999996,-0.18638000000000005
-0.25048000000000004,-0.1350800000000001
0.059840000000000004,-0.08730000000000004
0.09263999999999994,0.015739999999999865
-0.2967,0.06625999999999999
0.03276000000000001,-0.13924000000000003
-0.10266000000000003,-0.17866000000000004
-0.08108000000000004,0.04298000000000002
0.16596,-0.06846000000000008
0.17868000000000006,-0.016760000000000108
-0.11151999999999995,-0.055520000000000014
-0.20192,-0.05008000000000007
-0.18882,0.1613199999999999
0.050819999999999976,0.044319999999999915
-0.22986,0.11853999999999987
-0.15656000000000003,0.15067999999999993
0.25646,0.15256000000000003
-0.14528000000000002,0.07801999999999998
0.09230000000000005,-0.15288000000000007
0.24483999999999995,0.13571999999999995
-0.16933999999999994,0.1475399999999999
0.10643999999999998,0.05267999999999995
-0.06962000000000002,0.13546000000000002
0.11172000000000004,-0.25114000000000003
0.19310000000000005,0.21727999999999992
-0.17002,-0.0035200000000000786
0.04032000000000002,-0.03602000000000005
-0.21565999999999996,-0.14012000000000002
-0.12169999999999997,-0.18892000000000003
-0.20235999999999998,0.03286
-0.10256000000000004,0.019259999999999944
-0.05598000000000003,-0.10458000000000006
-0.19884000000000002,-0.12696000000000007
0.1725,0.13653999999999988
0.23217999999999994,0.1211199999999999
-0.21092,-0.07016000000000006
-0.24503999999999998,-0.10420000000000007
0.010360000000000036,-0.26104000000000005
-0.17876000000000003,-0.10770000000000002
-0.11563999999999997,0.10573999999999995
0.21730000000000005,0.006299999999999972
-0.03852,-0.22798000000000007
-0.12119999999999997,0.09781999999999991
0.0028000000000000247,0.0016800000000000148
-0.12103999999999998,0.11148000000000002
-0.09189999999999998,-0.11988000000000004
0.24124,0.03163999999999989
-0.16491999999999996,-0.12638000000000005
0.10551999999999995,-0.18018000000000006
0.15556000000000003,0.1403399999999999
-0.08130000000000004,0.06533999999999995
0.17610000000000003,-0.18216000000000004
0.22483999999999993,-0.026540000000000008
0.16380000000000006,-0.17080000000000006
0.13029999999999997,0.29252
0.06433999999999995,-0.14120000000000005
0.2602399999999999,-0.006700000000000039
0.25939999999999996,-0.020480000000000054
0.20694,0.053039999999999865
0.015660000000000007,0.11671999999999993
-0.011800000000000033,0.0970399999999999
0.06923999999999997,0.28462
0.07110000000000005,-0.008340000000000014
0.09736,-0.08964
-0.015759999999999996,-0.04672000000000004
-0.17031999999999997,0.13842
0.15213999999999994,0.13113999999999992
0.07948,0.28925999999999996
-0.026039999999999952,-0.22174000000000005
-0.16556000000000004,0.06618000000000002
-0.26794,0.06157999999999997
0.22606000000000004,-0.0032200000000000006
0.20498000000000005,-0.023900000000000032
0.22199999999999998,-0.021580000000000044
-0.08301999999999998,0.10933999999999988
0.20931999999999995,-0.014419999999999988
0.10477999999999998,-0.047020000000000006
0.17543999999999993,-0.0884600000000001
0.19762000000000002,-0.11670000000000003
-0.037980000000000014,-0.22464000000000006
-0.04918,-0.017199999999999993
-0.06776000000000004,0.12727999999999995
-0.2554,0.031319999999999903
0.0978,0.31257999999999986
0.05746000000000007,-0.11418000000000006
0.17578000000000005,0.015139999999999931
-0.05828,0.10327999999999993
0.17422000000000004,0.25127999999999995
0.23597999999999997,-0.03644000000000003
-0.22681999999999997,-0.14020000000000005
0.03312000000000004,-0.13192000000000004
0.15833999999999993,-0.08006000000000008
0.10021999999999998,0.22317999999999993
0.16242,-0.20696000000000003
-0.21615999999999996,0.09311999999999998
0.09130000000000005,0.2278
0.13983999999999996,0.005619999999999958
0.1361,0.03303999999999996
0.05598000000000003,-0.20002000000000003
0.06813999999999998,-0.13204000000000005
-0.1266,-0.0339600000000001
-0.17783999999999994,0.12451999999999996
-0.12522,0.11883999999999995
-0.24272,0.021019999999999928
-0.13253999999999994,-0.049439999999999984
0.07552000000000003,0.02746000000000004
-0.019039999999999946,0.006379999999999941
0.15270000000000006,-0.18264000000000008
0.11941999999999997,-0.040620000000000045
-0.13418000000000002,-0.05576000000000009
-0.13833999999999996,-0.049500000000000044
0.19263999999999992,0.09926000000000001
0.2483200000000001,0.1918399999999999
0.26812,0.0025199999999999667
-0.04033999999999993,-0.0044000000000000705
0.04461999999999999,-0.05820000000000003
0.19321999999999995,0.2207
0.16796,0.29433999999999994
-0.11421999999999999,-0.11178000000000005
0.04042000000000001,-0.12010000000000004
-0.2616,-0.07718000000000008
0.06836000000000009,0.26159999999999994
0.06337999999999999,-0.22878000000000004
0.12222,0.00759999999999994
0.19123999999999997,-0.13634000000000007
0.10761999999999994,-0.09072000000000002
0.07504,0.25605999999999995
0.07679999999999998,-0.20286000000000004
-0.1225,0.00643999999999989
0.09392,-0.16828000000000004
-0.07404,0.027959999999999985
0.15858000000000005,-0.21560000000000007
-0.10638000000000003,-0.07070000000000004
0.08667999999999998,-0.23686000000000001
0.06252000000000002,-0.23966000000000004
0.009039999999999937,-0.012220000000000009
-0.22174,-0.13834000000000007
-0.22536,0.06418000000000001
-0.20185999999999998,-0.0013199999999999878
-0.27014,0.08957999999999999
-0.19444,-0.017240000000000033
0.11336000000000002,-0.18554000000000004
0.14551999999999998,-0.11226000000000008
0.17093999999999998,0.15979999999999994
-0.22088000000000002,-0.011639999999999984
0.007900000000000018,-0.19496000000000002
0.11283999999999994,-0.0561600000000001
-0.22021999999999997,0.0007999999999999119
0.16390000000000005,0.1866
0.010660000000000003,-0.04208000000000006
0.24377999999999989,0.15496
-0.04186000000000001,-0.16574000000000005
-0.20148,0.05471999999999999
0.038060000000000094,-0.17656000000000005
-0.005900000000000016,0.06351999999999991
-0.10711999999999999,-0.20160000000000006
-0.2969,0.03198000000000001
-0.05221999999999993,0.0869399999999999
0.19610000000000005,0.03167999999999993
0.16618,0.25949999999999995
-0.13398,-0.12374000000000002
-0.2833,-0.07422000000000001
0.025440000000000018,-0.22274000000000005
0.2579,0.20328000000000002
0.16274,0.17525999999999997
0.14626000000000006,-0.02193999999999996
-0.09143999999999997,-0.02063999999999999
-0.021399999999999975,0.04361999999999988
-0.16191999999999995,0.07647999999999999
0.09582000000000002,0.039919999999999956
0.07878000000000007,-0.07600000000000007
-0.11301999999999995,0.02195999999999998
0.02861999999999998,-0.22232000000000002
-0.18301999999999996,0.16699999999999993
-0.1744,-0.10342000000000001
0.10192000000000001,-0.0767600000000001
0.07816000000000001,-0.15054000000000006
0.20989999999999998,0.16659999999999997
-0.20694,0.025959999999999983
0.18136000000000008,0.22165999999999997
0.20926,0.07738
-0.16121999999999997,0.1090199999999999
0.13523999999999992,0.13915999999999995
0.26049999999999995,0.1515399999999999
0.0020799999999999708,-0.14156000000000002
-0.07840000000000003,-0.07710000000000006
-0.17063999999999996,0.10495999999999994
0.07006000000000001,-0.11162000000000005
0.13702000000000003,0.16323999999999994
0.13368000000000002,-0.005539999999999989
-0.23278,0.11717999999999995
0.03503999999999996,0.04393999999999987
-0.060840000000000005,-0.021600000000000064
-0.10509999999999997,-0.11486000000000007
0.14838000000000007,-0.07656000000000007
0.13413999999999993,-0.14726000000000006
0.20438,0.21907999999999994
0.09714,-0.15536000000000005
-0.011380000000000057,-0.20418000000000008
-0.2329,-0.008460000000000134
0.20838,-0.11322000000000004
0.17988000000000004,-0.013780000000000014
0.15342,-0.036820000000000075
-0.07167999999999997,-0.22998000000000007
0.17513999999999996,0.1402
-0.17508,0.04073999999999989
0.16303999999999996,-0.10538000000000008
0.20353999999999994,0.11946000000000001
0.12751999999999997,-0.21948000000000006
-0.08731999999999995,-0.08182
-0.24015999999999998,-0.11892000000000003
-0.15013999999999994,0.12505999999999995
0.013560000000000016,0.09349999999999992
0.13693999999999995,-0.18402000000000002
0.01649999999999996,-0.09176000000000006
-0.08918000000000004,0.08661999999999992
-0.14133999999999997,-0.19852000000000003
-0.15548,0.014560000000000017
-0.021540000000000004,-0.16176000000000001
0.18889999999999996,0.1746399999999999
0.08894000000000002,-0.14466
0.24402000000000013,0.2050399999999999
0.24856,0.041059999999999985
0.04127999999999998,-0.2121800000000001
-0.09748000000000001,0.0525199999999999
-0.22349999999999998,0.11217999999999995
0.07018000000000002,0.21743999999999997
0.1483,0.08913999999999989
0.07020000000000004,-0.16160000000000002
0.02400000000000002,0.0514
0.18730000000000002,0.03735999999999995
-0.18269999999999997,-0.14454000000000006
0.049799999999999955,-0.07356000000000007
-0.28784,-0.01863999999999999
0.11136000000000001,-0.11314000000000002
-0.05152000000000001,0.051960000000000006
-0.08886000000000005,-0.19728000000000007
-0.028079999999999994,-0.025960000000000094
0.056439999999999935,-0.23324000000000006
-0.16156000000000004,0.017699999999999938
-0.02423999999999993,-0.04796000000000006
0.22138000000000002,-0.011600000000000055
-0.26984,0.09365999999999997
-0.17472,-0.07728000000000007
-0.28631999999999996,0.029959999999999987
0.08383999999999991,-0.035760000000000125
0.030460000000000043,-0.12608000000000008
-0.03656000000000004,-0.23128000000000004
0.09373999999999993,-0.02214000000000005
0.02070000000000005,0.07118000000000002
-0.11869999999999997,0.07129999999999992
0.16269999999999996,0.010339999999999905
-0.08589999999999998,0.09393999999999991
0.21156000000000008,0.1423199999999999
-0.1981,-0.12234
0.042080000000000006,-0.25370000000000004
0.27149999999999996,0.11146
0.09036,0.21496000000000004
-0.21776,0.12373999999999996
-0.12281999999999998,0.16537999999999997
0.14339999999999997,0.08263999999999994
0.16054000000000002,0.20955999999999997
0.08079999999999998,0.07225999999999999
0.08182,0.3046
0.10982000000000003,-0.08063999999999999
0.16436000000000006,-0.18818000000000007
0.06901999999999997,0.30642
0.06999999999999995,-0.013780000000000014
0.17018,-0.052260000000000084
0.16112000000000004,0.23161999999999994
-0.041179999999999994,-0.030400000000000094
0.055239999999999956,-0.17158000000000007
-0.11643999999999993,0.06165999999999994
0.17832000000000003,0.1865199999999999
-0.07841999999999993,0.09645999999999999
0.15180000000000005,-0.07234000000000002
0.07362000000000002,-0.18532000000000004
-0.023819999999999952,0.0797199999999999
0.04420000000000002,-0.09156000000000009
0.11238000000000004,0.32855999999999996
-0.10376000000000002,-0.11086000000000007
0.21633999999999998,-0.050339999999999996
-0.049919999999999964,-0.08098000000000005
0.13761999999999996,0.27357999999999993
0.005860000000000087,-0.20296000000000003
0.17546000000000006,-0.18540000000000006
-0.023599999999999954,0.0021599999999999397
0.027800000000000047,0.05467999999999995
-0.28625999999999996,0.058579999999999965
0.07236000000000009,0.2512399999999999
0.11976000000000009,-0.07342000000000004
0.08526,0.19506
0.15408,0.1916199999999999
0.06768000000000007,-0.03508000000000011
0.11119999999999997,0.2018399999999999
-0.23134,0.13151999999999997
0.11660000000000004,-0.05908000000000008
-0.1865,-0.08482
0.18211999999999995,0.21151999999999993
0.05684,0.07586000000000004
0.10243999999999998,-0.18218000000000006
-0.07962000000000002,-0.14028000000000007
-0.06398000000000004,-0.21624000000000004
-0.17619999999999997,0.12681999999999993
-0.1723,0.017679999999999918
0.10798000000000008,0.29904
-0.12198000000000003,-0.16364000000000006
-0.1516,-0.0050200000000000244
0.24203999999999992,-0.021180000000000088
-0.16699999999999998,-0.1004600000000001
0.1955,-0.11238000000000009
-0.09238000000000002,-0.04843999999999998
-0.2,0.13003999999999993
-0.009599999999999942,-0.04268000000000005
0.06838,-0.13770000000000004
0.16842000000000001,-0.11526000000000008
0.07899999999999996,0.13341999999999998
-0.18530000000000002,-0.10788000000000009
-0.27568000000000004,-0.07532000000000005
-0.07935999999999999,0.11565999999999999
-0.055379999999999985,-0.17086
-0.21792,-0.007960000000000078
-0.05930000000000002,-0.18550000000000005
0.06362000000000001,-0.10918000000000005
-0.16758,0.0024399999999998867
0.0635,-0.08718000000000009
-0.02613999999999994,-0.20432
-0.11912,-0.16358000000000006
-0.09508,0.09149999999999991
0.16422000000000003,-0.07372000000000001
0.15913999999999995,-0.17212000000000005
-0.04278000000000004,-0.20182000000000005
0.13344,0.07421999999999995
0.0907,-0.19060000000000005
0.0036399999999999766,-0.10176000000000007
0.22228000000000003,0.11951999999999996
-0.26852,-0.0601600000000001
-0.0048399999999999554,0.08663999999999994
0.009600000000000053,-0.15062000000000003
0.14926000000000006,-0.02182000000000006
0.01106000000000007,-0.10616000000000009
-0.1649,0.026739999999999875
0.021380000000000066,-0.12470000000000003
-0.07413999999999998,-0.16964000000000007
-0.17068,-0.18522000000000005
0.11692000000000002,-0.09173999999999999
-0.23520000000000002,0.03393999999999997
-0.07472000000000001,0.11956
0.1521,-0.016980000000000106
0.15669999999999995,0.10217999999999994
-0.12948000000000004,0.13705999999999996
-0.22648000000000001,-0.15998000000000007
0.20966000000000007,-0.02326000000000006
0.21216000000000002,0.1302399999999999
-0.08801999999999999,-0.20038000000000006
0.2513200000000001,0.05679999999999996
0.20252000000000003,0.18235999999999997
-0.07206000000000001,0.15481999999999996
0.03880000000000006,-0.23478000000000004
0.010340000000000016,-0.23206000000000004
-0.1931,-0.028299999999999992
-0.18311999999999995,-0.005160000000000053
0.15788000000000002,0.18901999999999997
-0.034640000000000004,-0.12946000000000002
-0.25782,-0.051120000000000054
0.07423999999999997,0.14788
-0.23565999999999998,-0.0230800000000001
0.09877999999999998,-0.15956000000000004
-0.14132,0.024339999999999917
0.26683999999999997,0.1530999999999999
-0.18641999999999997,0.0525199999999999
-0.03608,-0.024860000000000104
0.052260000000000084,0.10985999999999996
0.018960000000000088,-0.12644
0.10686000000000007,-0.11878000000000005
-0.13538,-0.16496000000000005
0.023599999999999954,-0.09983999999999998
-0.16463999999999995,-0.10912000000000005
-0.07006000000000001,-0.1879800000000001
0.22683999999999993,-0.005800000000000027
0.03595999999999999,-0.05908000000000008
-0.12026000000000003,-0.08854000000000001
0.22004,0.0623999999999999
-0.10361999999999999,-0.010180000000000078
-0.18248000000000003,-0.02070000000000005
0.17676000000000003,0.1257999999999999
-0.21581999999999996,0.15615999999999997
-0.15558,-0.08568000000000009
-0.018440000000000012,-0.012360000000000038
-0.16091999999999995,0.15156000000000003
0.20201999999999998,0.20709999999999995
-0.23919999999999997,0.029880000000000018
-0.13363999999999998,-0.12048000000000009
-0.058579999999999965,-0.016280000000000072
0.14591999999999994,-0.22660000000000002
0.18338,-0.023980000000000112
-0.15081999999999995,0.06551999999999991
-0.17628,0.10517999999999994
-0.11138000000000003,0.17843999999999993
-0.20782,-0.011860000000000093
0.08976000000000006,0.1735
0.06342000000000003,-0.017780000000000018
0.15846000000000005,-0.022480000000000055
0.19368000000000007,-6.0000000000060005e-05
-0.14171999999999996,0.06581999999999999
-0.28384,0.042179999999999995
-0.00878000000000001,-0.045980000000000076
0.07820000000000005,-0.01090000000000002
0.16832000000000003,0.1324399999999999
-0.0019799999999999818,0.031319999999999903
0.22268,-0.08126000000000005
0.13690000000000002,0.018939999999999957
-0.04930000000000001,-0.14424000000000003
-0.06963999999999992,0.07686000000000004
0.04598000000000002,0.10171999999999992
-0.038000000000000034,0.011279999999999957
-0.09543999999999997,0.0875999999999999
0.15100000000000002,0.024439999999999906
0.04271999999999998,0.28325999999999996
0.21406000000000003,0.03043999999999991
-0.16976000000000002,-0.051120000000000054
0.20408000000000004,0.0605
-0.014120000000000021,0.011419999999999986
-0.25026,0.11468
-0.06262000000000001,-0.19222
0.24612000000000012,0.009199999999999986
-0.21584000000000003,-0.06614000000000003
-0.001960000000000073,0.0524
0.16881999999999997,-0.13950000000000007
-0.24008000000000002,0.020360000000000045
-0.2239,0.008660000000000001
0.15166000000000002,0.02185999999999999
0.007580000000000031,0.04405999999999999
-0.11953999999999998,0.0757199999999999
-0.28104,0.030219999999999914
-0.23770000000000002,-0.02944000000000002
-0.18223999999999996,0.020159999999999956
0.09340000000000004,0.12129999999999996
0.05398000000000003,-0.20876000000000006
-0.18941999999999998,-0.07480000000000003
-0.2279,-0.010280000000000067
-0.19211999999999996,-0.14928000000000008
0.12416000000000005,-0.026000000000000023
-0.14648,-0.041880000000000084
-0.19745999999999997,0.1596399999999999
-0.08956000000000008,0.11155999999999999
-0.059579999999999966,-0.20016000000000006
-0.08906000000000003,-0.03980000000000006
0.13788,-0.21552000000000004
-0.16188000000000002,-0.03722000000000003
-0.19394,0.0869399999999999
0.031039999999999957,-0.07763999999999999
-0.03726000000000007,-0.11908000000000007
-0.09558,0.0036800000000000166
-0.04258000000000006,-0.04512000000000005
0.16222000000000003,0.11080000000000001
0.27384,0.14013999999999993
0.15113999999999994,0.10111999999999999
0.2706799999999999,0.06408000000000003
-0.03979999999999995,-0.22094000000000008
0.09033999999999998,-0.24080000000000007
0.06528,-0.08113999999999999
0.18362,-0.12326000000000009
-0.006260000000000043,0.06776000000000004
0.0035000000000000586,-0.26046
-0.026680000000000037,-0.23596000000000006
0.13160000000000005,-0.08798000000000006
-0.020120000000000027,-0.007580000000000031
0.09736,0.19055999999999995
0.1442,0.32113999999999987
-0.11309999999999998,0.15117999999999998
0.2401200000000001,0.06757999999999997
-0.23084,-0.13528000000000007
-0.024900000000000033,-0.06732000000000005
-0.26586,-0.03400000000000003
0.21538000000000002,0.04249999999999998
0.04033999999999993,-0.17526000000000003
0.10024,-0.02856000000000003
-0.10086,-0.01760000000000006
-0.06986000000000003,-0.14576000000000006
0.2646799999999999,0.019899999999999918
-0.22538000000000002,-0.04642000000000002
0.13154,0.14837999999999996
-0.14228000000000002,0.012939999999999952
-0.12928,0.015739999999999865
-0.09753999999999996,0.05589999999999995
-0.10086,0.16633999999999993
-0.11583999999999994,-0.09940000000000004
-0.13333999999999996,0.17066000000000003
-0.22055999999999998,-0.03812000000000004
-0.1482,0.17018
-0.12906,-0.18352000000000002
-0.12679999999999997,-0.05848000000000009
-0.08879999999999999,0.09919999999999995
0.03959999999999997,-0.2555800000000001
0.07691999999999999,-0.08160000000000006
0.19562000000000002,-0.10383999999999999
0.08882000000000001,-0.21708000000000005
-0.09014,0.02066000000000001
-0.023880000000000012,-0.08208000000000004
-0.017880000000000007,-0.18078000000000005
0.22642000000000007,0.20138
-0.15398,0.08161999999999991
0.08506000000000002,0.12305999999999995
0.21888000000000007,-0.042120000000000046
-0.192,0.04593999999999987
0.16088000000000002,-0.08048000000000005
-0.23928,0.11007999999999996
-0.12168000000000001,0.10481999999999991
0.17358000000000007,0.16098
-0.13486000000000004,0.013419999999999987
-0.03536000000000006,0.1352199999999999
0.13303999999999994,0.14107999999999998
0.06659999999999999,0.03609999999999991
0.07608000000000004,-0.22524000000000005
0.09541999999999995,0.23816000000000004
-0.2658,0.02961999999999998
0.15968000000000004,0.022460000000000035
-0.06857999999999997,-0.08680000000000004
-0.16508,0.11443999999999988
-0.09923999999999994,-0.02851999999999999
0.02523999999999993,0.10041999999999995
0.05596000000000001,0.06493999999999989
-0.10976000000000002,0.07245999999999997
0.06288000000000005,-0.18354000000000004
0.10948000000000002,-0.07468000000000008
-0.27355999999999997,-0.011580000000000035
0.08056000000000008,0.2523399999999999
0.14528000000000008,0.32389999999999997
0.14356000000000002,0.1593
-0.04826000000000008,0.04745999999999995
-0.23985999999999996,0.02303999999999995
-0.25518,-0.09142
0.16196,0.27523999999999993
0.1572,-0.17358000000000007
-0.28196,-0.0460600000000001
-0.25532,-0.01106000000000007
-0.10378000000000004,-0.018480000000000052
0.24124,0.11021999999999998
-0.20063999999999999,0.15579999999999994
-0.10091999999999995,-0.20484000000000008
0.03273999999999999,-0.14262000000000002
-0.0595,0.050980000000000025
0.015039999999999942,0.04198000000000002
0.1775,-0.10890000000000005
-0.09489999999999998,0.14257999999999993
-0.25678,0.015179999999999971
-0.10559999999999997,0.11621999999999999
-0.25336,0.05563999999999991
-0.18158000000000002,-0.05518000000000006
0.12697999999999998,-0.01662000000000008
0.22108000000000005,0.20896000000000003
0.05736000000000008,-0.23950000000000005
0.1543,0.25098
0.07279999999999998,-0.06886000000000009
0.09056000000000008,0.1009199999999999
-0.00548000000000004,-0.023400000000000087
-0.21511999999999998,0.04947999999999997
-0.053239999999999954,-0.01092000000000004
0.23550000000000004,-0.039000000000000035
0.03939999999999999,-0.26150000000000007
-0.06757999999999997,0.06059999999999999
0.08296000000000003,-0.14394000000000007
0.04359999999999997,-0.15900000000000003
0.25456,-0.006280000000000063
-0.11391999999999997,0.06703999999999988
-0.16128000000000003,-0.06882000000000005
-0.04942000000000002,0.0787199999999999
-0.04052,-0.22996000000000005
0.15242,-0.014180000000000081
0.03976000000000002,0.06273999999999991
0.11797999999999997,0.02623999999999993
0.06982,-0.03324000000000005
-0.15778000000000003,0.04487999999999992
-0.24925999999999998,-0.09470000000000006
0.05915999999999999,-0.19590000000000002
0.11187999999999998,-0.19542000000000004
-0.14598,0.09291999999999989
-0.2279,-0.13502000000000003
0.2315799999999999,0.12405999999999995
-0.00660000000000005,0.1120199999999999
0.02861999999999998,-0.25488000000000005
0.15127999999999997,-0.13452000000000003
-0.20016,-0.09852000000000005
0.17874,-0.05262
0.11176000000000008,0.2871799999999999
0.08888000000000007,0.23816000000000004
0.09631999999999996,-0.07752000000000003
-0.12141999999999997,0.05231999999999992
0.06352000000000002,-0.24472000000000005
-0.27778,0.09789999999999999
0.26208,0.08197999999999994
-0.030079999999999996,-0.19094000000000005
-0.008319999999999994,-0.0879600000000001
0.036739999999999995,-0.09986000000000006
-0.13813999999999999,0.14025999999999994
0.12422,0.3151999999999999
-0.1835,-0.07766000000000006
0.06530000000000002,-0.09962000000000004
0.15816000000000008,0.14466
0.10067999999999999,-0.05136000000000007
0.09136,-0.040760000000000074
0.26156,0.06677999999999995
-0.1759,-0.17146000000000006
0.10096000000000005,-0.11030000000000006
0.09126000000000001,-0.12824000000000002
-0.14292,-0.11726000000000009
0.1905,-0.14436000000000004
-0.09028000000000003,0.07238
0.0009000000000000119,-0.046640000000000015
0.17537999999999998,-0.11784
-0.09802,0.15837999999999997
0.15298,0.07355999999999996
-0.030420000000000003,-0.17144000000000004
-0.13029999999999997,0.026419999999999888
-0.10927999999999999,-0.17142000000000002
0.10366000000000009,-0.05168000000000006
-0.11469999999999997,-0.02296000000000009
0.05837999999999999,-0.13542000000000004
-0.03249999999999997,-0.04952000000000001
-0.008919999999999928,-0.23308000000000006
0.11402000000000001,0.2575399999999999
-0.09404000000000001,0.11747999999999992
-0.11186000000000001,0.016539999999999888
-0.20942,-0.15782000000000002
0.23560000000000003,-0.06488000000000005
0.17718,0.08689999999999998
0.008000000000000007,0.09653999999999996
0.06166000000000005,-0.19086000000000003
0.19657999999999998,-0.013319999999999999
0.05374000000000001,0.047779999999999934
0.19878000000000007,0.07528000000000001
0.14532,0.1432199999999999
-0.22238000000000002,0.0386399999999999
0.09450000000000003,-0.14314000000000004
-0.1704,-0.14266
-0.15002,0.005439999999999889
0.17872,0.05996000000000001
0.21366000000000007,-0.07826000000000011
-0.24148000000000003,-0.15156000000000003
0.21377999999999997,0.1815
-0.12532,-0.15012000000000003
0.08273999999999992,0.04847999999999997
0.0026399999999999757,-0.13890000000000002
0.13622,0.19403999999999988
0.08153999999999995,0.13149999999999995
-0.09999999999999998,0.11283999999999994
-0.10211999999999999,0.016199999999999992
-0.02758000000000005,-0.06640000000000007
0.06942000000000004,-0.22780000000000006
-0.00996000000000008,0.09949999999999992
-0.13343999999999995,-0.14058000000000004
0.07950000000000002,-0.0040999999999999925
0.0016199999999999548,0.06269999999999998
-0.1265,-0.11264000000000002
-0.28304,0.05379999999999996
0.08876000000000006,0.09391999999999989
0.08956000000000008,0.33616
-0.13986000000000004,-0.04722000000000004
-0.019060000000000077,0.06877999999999995
-0.08826,0.04251999999999989
-0.05027999999999999,-0.18540000000000006
0.17572,-0.0049400000000000555
-0.0021200000000000108,-0.23402
0.06923999999999997,0.11059999999999992
-0.08701999999999999,-0.21936000000000005
-0.2454,-0.02948000000000006
-0.12772,0.09458
-0.10461999999999999,-0.0737600000000001
0.18269999999999997,-0.13436000000000003
0.16227999999999998,0.08645999999999998
0.11551999999999996,0.12959999999999994
0.20363999999999993,-0.07138000000000005
0.17618,-0.05850000000000005
0.16564,0.21761999999999992
0.03612000000000004,-0.15540000000000004
0.244,0.14837999999999996
-0.11373999999999995,0.1271
0.11856,-0.21796000000000004
0.13981999999999994,0.22943999999999987
0.10683999999999994,0.009279999999999955
-0.10491999999999996,-0.06790000000000007
0.19363999999999992,0.24341999999999997
-0.12291999999999997,0.03743999999999992
0.25017999999999996,0.019439999999999902
-0.15449999999999997,-0.04726000000000008
0.07425999999999999,0.013339999999999907
0.12371999999999994,0.24993999999999994
-0.07676000000000005,-0.11832000000000004
-0.08330000000000004,0.09865999999999997
-0.297,0.054279999999999995
-0.1594,0.11193999999999993
-0.01644000000000001,0.13256
0.1694,0.09906000000000004
-0.15526,-0.06508000000000008
0.022700000000000053,0.014959999999999973
0.10699999999999998,0.17457999999999996
-0.00012000000000000899,-0.13526000000000005
-0.21495999999999998,-0.07408000000000009
-0.10123999999999994,-0.06578000000000006
-0.011859999999999982,-0.21762000000000004
-0.13466000000000006,0.053039999999999865
-0.17126000000000002,0.11851999999999996
-0.16006000000000004,0.1575399999999999
-0.02851999999999999,-0.08782000000000001
-0.10598000000000002,-0.05228000000000005
0.12013999999999991,-0.11143999999999998
0.10502,-0.0899600000000001
-0.16578000000000004,-0.15084000000000003
-0.21465999999999996,-0.13470000000000004
-0.1195,-0.19928000000000007
0.03488000000000002,0.15347999999999995
-0.29388000000000003,0.06669999999999998
-0.058719999999999994,-0.21918000000000004
-0.08673999999999993,-0.22712000000000004
-0.08845999999999998,0.08253999999999995
0.030279999999999974,-0.21758000000000005
0.010039999999999938,-0.11108000000000007
0.04071999999999998,-0.23088000000000009
-0.2932,0.03367999999999993
0.07773999999999992,0.09493999999999991
0.041220000000000034,0.02091999999999994
-0.08708000000000005,0.03743999999999992
0.13393999999999995,-0.20322
0.1481,0.12195999999999996
-0.02432000000000001,-0.02063999999999999
-0.021599999999999953,-0.08778000000000008
0.07686000000000004,0.32992
-0.18653999999999998,0.15947999999999996
-0.12890000000000001,-0.056560000000000055
-0.15258,-0.10786000000000007
0.13617999999999997,-0.055420000000000025
0.09409999999999996,0.056400000000000006
0.07430000000000003,0.23227999999999993
-0.24272,0.12090000000000001
0.06543999999999994,-0.13070000000000004
-0.17288000000000003,0.16961999999999988
0.06903999999999999,0.11713999999999991
0.19778000000000007,0.19031999999999993
-0.29496,0.01746000000000003
0.11982000000000004,0.25969999999999993
0.22014,0.03683999999999987
0.03154000000000001,0.09089999999999998
-0.040200000000000014,-0.04378000000000004
-0.13278,0.0174399999999999
-0.13566000000000006,-0.06228000000000006
0.11793999999999993,-0.010419999999999985
0.06733999999999996,0.11459999999999992
-0.17096000000000006,-0.045580000000000065
-0.07335999999999998,-0.13878000000000007
0.16500000000000004,0.09821999999999997
0.24556,0.06931999999999994
0.047719999999999985,-0.21436000000000005
-0.12201999999999996,-0.15810000000000002
0.009380000000000055,-0.16722000000000004
-0.22441999999999995,-0.14606000000000002
-0.15731999999999996,-0.0022400000000000198
0.19191999999999998,0.09333999999999987
-0.12582,0.0033799999999999386
0.09456000000000009,-0.06730000000000003
0.13158000000000003,0.0044199999999999795
-0.15667999999999999,0.09207999999999994
0.16400000000000003,0.23675999999999997
0.02203999999999995,-0.23114000000000007
0.08953999999999995,-0.16142
-0.2218,-0.12410000000000004
0.08963999999999994,-0.23824000000000006
-0.06286000000000003,-0.21116000000000001
0.15668000000000004,0.1221199999999999
0.2648600000000001,0.04361999999999988
0.13502000000000003,-0.19616000000000006
-0.06935999999999998,0.03656000000000004
0.18568000000000007,-0.15158000000000005
-0.0033800000000000496,-0.011680000000000024
-0.16203999999999996,0.17899999999999994
-0.028019999999999934,-0.18340000000000006
-0.18714000000000003,-0.03088000000000002
0.04080000000000006,-0.11174
0.14278000000000002,-0.10458000000000006
-0.2706,0.027699999999999947
-0.05388000000000004,-0.06716000000000011
-0.24791999999999997,0.1078
0.049919999999999964,-0.02304000000000006
-0.007900000000000018,-0.0050000000000000044
0.037919999999999954,-0.21518000000000004
0.02756000000000003,-0.12470000000000003
0.24488,0.12273999999999996
-0.11108000000000001,-0.11154000000000003
0.26670000000000005,0.04927999999999999
-0.017780000000000018,-0.08550000000000002
0.14844000000000002,0.24368
0.11763999999999997,0.0027599999999999847
-0.09426000000000001,-0.04158000000000006
0.07953999999999994,0.27298
0.22411999999999999,0.0047199999999999465
0.07779999999999998,-0.21366000000000002
0.06130000000000002,-0.11510000000000004
0.10582000000000003,-0.13798000000000005
0.14416000000000007,-0.19220000000000004
-0.0816,0.0015199999999999658
0.27226000000000006,0.07431999999999994
0.13256,0.23287999999999998
-0.06301999999999996,-0.20420000000000005
-0.11713999999999997,0.13625999999999994
-0.09903999999999996,0.09823999999999988
-0.0015600000000000058,-0.00983999999999996
0.07391999999999999,-0.17600000000000005
-0.237,-0.12092000000000003
-0.25538,-0.14074000000000003
-0.11553999999999998,0.09187999999999996
0.08579999999999999,-0.2091800000000001
0.0025399999999999867,-0.14604000000000006
0.057479999999999976,-0.18064000000000008
-0.12648000000000004,-0.1292600000000001
-0.05491999999999997,-0.18066000000000004
-0.14542,-0.15766000000000002
-0.09021999999999997,0.08426
-0.13451999999999997,0.1442
-0.006780000000000008,-0.01534000000000002
0.0049799999999999844,-0.10672000000000004
0.13844,0.1281199999999999
0.011880000000000002,-0.031480000000000063
0.18466000000000005,0.22327999999999992
0.13768000000000002,-0.10092000000000001
-0.25816,-0.03176000000000012
-0.05176000000000003,-0.10993999999999998
-0.27899999999999997,-0.05352000000000001
0.006480000000000041,0.008799999999999919
0.14603999999999995,0.16961999999999988
0.09719999999999995,-0.10518000000000005
0.25626000000000004,0.17531999999999992
0.19210000000000005,0.023880000000000012
-0.16046000000000005,0.12236000000000002
-0.26408000000000004,-0.06126000000000009
-0.20689999999999997,0.13868000000000003
-0.22388000000000002,-0.05846000000000007
0.019580000000000042,-0.10536000000000006
0.07640000000000002,0.26903999999999995
0.22676000000000007,-0.03488000000000002
-0.015120000000000022,-0.18906000000000006
-0.15548,0.0895999999999999
0.16336000000000006,-0.007380000000000053
0.07688000000000006,0.29106
0.17842000000000002,0.025639999999999885
-0.15856000000000003,0.009399999999999964
0.07484000000000002,-0.21446000000000004
0.10014,-0.017080000000000095
-0.06869999999999998,-0.17242000000000002
0.15123999999999993,0.19765999999999995
0.20162000000000002,-0.14086000000000004
-0.16876000000000002,-0.11664000000000002
-0.0040600000000000636,0.01766000000000001
-0.21938000000000002,0.15286
-0.14068000000000003,-0.08632000000000001
0.04286000000000001,-0.11442000000000002
-0.08601999999999999,-0.16238000000000008
-0.20055999999999996,-0.12428000000000006
0.19404,0.19087999999999994
0.02190000000000003,-0.17152
0.03546000000000005,0.025739999999999874
-0.036680000000000046,-0.019020000000000037
-0.2672,0.06441999999999992
-0.014819999999999944,0.01969999999999994
0.041080000000000005,0.06573999999999991
0.08088000000000006,0.21416000000000002
-0.012939999999999952,0.01739999999999997
0.09986000000000006,-0.19852000000000003
0.23453999999999997,0.017019999999999924
0.12316000000000005,-0.17934000000000005
-0.0050600000000000644,-0.21580000000000005
0.10450000000000004,0.04637999999999998
0.20721999999999996,0.04356000000000004
0.055400000000000005,0.15217999999999998
0.026680000000000037,0.07521999999999995
-0.013560000000000016,-0.24824000000000007
0.15848000000000007,0.15261999999999998
0.14439999999999997,-0.16132000000000002
-0.20185999999999998,0.10639999999999994
-0.27116,-0.05724000000000001
-0.09331999999999996,0.08933999999999986
-0.21744000000000002,0.0016999999999999238
-0.23325999999999997,-0.00550000000000006
0.16510000000000002,0.16579999999999995
0.06823999999999997,-0.07038000000000005
0.11756,0.31126
0.12239999999999995,-0.07244
0.13460000000000005,-0.08778000000000008
0.12492000000000003,0.27057999999999993
0.23029999999999995,0.12913999999999992
0.02629999999999999,0.0404199999999999
0.11712,0.08845999999999998
-0.22165999999999997,0.13078
-0.07133999999999996,-0.11602000000000001
-0.15988000000000002,0.08248
0.08399999999999996,-0.042880000000000085
-0.16733999999999993,0.05943999999999994
-0.11698000000000003,0.0676199999999999
0.05803999999999998,-0.02944000000000002
0.05998000000000003,-0.23514000000000007
0.09598000000000007,0.12826000000000004
-0.10661999999999999,0.05945999999999996
0.18581999999999999,0.09349999999999992
0.2016,0.16523999999999994
0.09220000000000006,-0.10614000000000001
0.2703,0.1409999999999999
0.27244,0.1605399999999999
0.11008000000000007,-0.036640000000000006
0.11470000000000002,-0.18790000000000007
-0.14838,-0.052760000000000085
0.040260000000000074,0.1452
0.13902000000000003,-0.04264000000000001
-0.06268000000000007,0.06347999999999998
-0.20495999999999998,0.039959999999999996
0.04646000000000006,-0.06000000000000005
0.19940000000000002,0.18377999999999994
0.006240000000000023,0.0877
0.18256000000000006,-0.11388000000000004
-0.0050000000000000044,-0.12230000000000002
0.14191999999999994,0.20201999999999998
0.19018000000000002,0.15581999999999996
-0.1003,-0.21344000000000007
-0.24630000000000002,-0.06124000000000002
-0.06421999999999994,0.009780000000000011
0.032380000000000075,0.10041999999999995
-0.05289999999999995,-0.013560000000000128
-0.09131999999999996,0.11959999999999993
-0.14476000000000006,-0.13976000000000005
0.15869999999999995,-0.03322000000000003
0.11166000000000009,-0.18786000000000003
-0.18316000000000004,0.1715199999999999
-0.00763999999999998,-0.08010000000000006
0.18752000000000002,-0.07856000000000007
-0.22354000000000002,0.12837999999999994
0.18623999999999996,0.09038000000000002
0.06853999999999993,0.041139999999999954
0.18064000000000002,0.23871999999999993
0.09688000000000008,-0.19370000000000004
0.00981999999999994,0.06925999999999999
0.054239999999999955,-0.009080000000000088
-0.14903999999999995,-0.017860000000000098
0.20689999999999997,-0.10552
0.014580000000000037,-0.09838000000000008
0.07178000000000007,-0.07780000000000004
-0.049780000000000046,0.07545999999999997
0.055239999999999956,0.11717999999999995
-0.18641999999999997,-0.14842000000000005
-0.11793999999999993,0.07929999999999993
0.09772000000000003,0.26
-0.15176,0.07897999999999994
-0.14658,-0.16410000000000002
-0.08777999999999997,-0.13858000000000004
-0.17709999999999998,0.06767999999999996
0.09718000000000004,-0.01763999999999999
0.17364000000000002,-0.12008000000000008
0.20888000000000007,-0.04198000000000007
0.043220000000000036,-0.20996000000000004
0.20620000000000005,-0.013419999999999987
-0.28731999999999996,0.00013999999999991797
-0.11568,0.05883999999999989
0.09609999999999996,0.19435999999999998
-0.21849999999999997,0.10081999999999991
-0.16143999999999997,0.020519999999999983
0.13296000000000008,-0.08072000000000001
0.14112000000000002,-0.23626000000000003
-0.11291999999999996,-0.06834000000000001
-0.07540000000000002,0.07981999999999989
-0.25532,-0.10386000000000006
-0.00983999999999996,-0.11946000000000007
-0.09433999999999998,-0.17494000000000004
0.09543999999999997,0.12287999999999999
0.09658,-0.21432
-0.10777999999999999,0.08113999999999988
-0.10758000000000001,0.16215999999999997
-0.04068000000000005,-0.10824
0.19347999999999999,0.2460199999999999
-0.005099999999999993,0.08365999999999996
-0.05388000000000004,0.1529999999999999
0.17946000000000006,0.020039999999999947
0.11324000000000001,-0.16142
-0.12190000000000001,0.15211999999999992
-0.15186000000000005,-0.04938000000000009
0.18168000000000006,0.07299999999999995
0.14788,0.037919999999999954
0.15554,0.2918200000000001
-0.12213999999999997,-0.07478000000000007
0.18058000000000007,0.022560000000000024
0.033499999999999974,0.02835999999999994
0.15742,-0.019939999999999958
0.17213999999999996,0.011880000000000002
0.16088000000000002,0.12195999999999996
0.20550000000000002,-0.06762000000000001
-0.11312,0.13583999999999996
-0.03748000000000007,0.0698399999999999
0.14526000000000006,-0.20586000000000004
-0.09643999999999997,-0.024900000000000033
-0.25902,0.12069999999999992
0.2531200000000001,0.1068
0.04905999999999999,0.12905999999999995
0.19484,0.16749999999999998
0.016179999999999972,0.09277999999999997
0.18230000000000002,0.27947999999999995
0.10741999999999996,0.13939999999999997
0.20310000000000006,0.0020799999999999708
0.07010000000000005,-0.04946000000000006
0.013979999999999992,0.14711999999999992
-0.09786000000000006,0.058760000000000034
0.1432,0.15403999999999995
-0.15789999999999998,0.17496
0.20028,-0.11202000000000001
0.2205600000000001,-0.05676000000000009
-0.08399999999999996,-0.19654000000000005
0.18838,-0.024800000000000044
0.053039999999999976,-0.06264000000000003
0.09153999999999995,0.026660000000000017
0.11273999999999995,0.18816
-0.25454,0.07343999999999995
0.08267999999999998,-0.02304000000000006
0.07433999999999996,0.2713399999999999
0.1408600000000001,0.23863999999999996
-0.27636,0.046560000000000046
-0.06801999999999997,0.005099999999999993
0.16722000000000004,-0.0019200000000000328
-0.18756,0.10868
0.14586,0.050839999999999885
-0.09408000000000005,0.16966000000000003
0.20850000000000002,0.1865199999999999
-0.06120000000000003,-0.05302000000000001
-0.0027199999999999447,-0.14600000000000002
0.08279999999999998,-0.15726
0.13846000000000003,-0.08370000000000005
0.22219999999999995,0.16571999999999998
0.16496,0.18421999999999994
-0.06973999999999991,-0.03412000000000004
-0.10783999999999994,0.12161999999999995
0.15544000000000002,0.20573999999999992
0.27757999999999994,0.13551999999999997
-0.013819999999999943,-0.05364000000000002
-0.11296,0.05035999999999996
0.22118000000000004,-0.06492000000000003
0.019919999999999938,-0.038960000000000106
0.10187999999999997,0.31632000000000005
-0.05508000000000002,-0.07552000000000003
-0.24653999999999998,-0.15340000000000004
0.11134,-0.23376000000000002
-0.03847999999999996,-0.16806000000000004
0.011819999999999942,-0.07834000000000002
0.16588000000000003,-0.1955800000000001
-0.2567,-0.01873999999999998
-0.22331999999999996,-0.027860000000000107
0.15791999999999995,-0.07148000000000004
0.16246000000000005,-0.07002000000000003
0.22073999999999994,-0.09370000000000006
0.13,0.06367999999999996
-0.03158000000000005,-0.12048000000000009
-0.05052000000000001,-0.11440000000000006
0.25283999999999995,0.013239999999999919
-0.2383,-0.06358000000000008
0.03837999999999997,-0.10290000000000005
-0.2509,-0.1075600000000001
-0.11983999999999995,-0.17536000000000002
0.03527999999999998,0.03408
0.06436000000000008,0.09545999999999999
0.025739999999999985,0.10299999999999998
-0.06146000000000007,-0.07060000000000005
-0.17326000000000003,-0.03156000000000003
0.23053999999999997,0.19145999999999996
-0.20814,0.15766000000000002
0.21692,0.07235999999999998
0.04132000000000002,-0.20748000000000005
0.18053999999999992,0.19765999999999995
0.06546000000000007,0.026780000000000026
0.056460000000000066,0.09311999999999998
-0.06121999999999994,-0.00763999999999998
0.06396000000000002,-0.19704000000000005
-0.0046800000000000175,-0.15512000000000004
0.17574,0.19109999999999994
-0.20214,0.035619999999999985
0.12219999999999998,-0.039100000000000024
0.10582000000000003,0.2380199999999999
-0.17762,-0.009060000000000068
0.17926000000000009,-0.00983999999999996
0.08043999999999996,-0.06058000000000008
0.13448000000000004,0.014499999999999957
-0.25944,0.09611999999999998
0.05789999999999995,0.04467999999999994
-0.047639999999999905,0.10381999999999991
-0.1104,0.07873999999999992
0.010020000000000029,0.15213999999999994
0.020260000000000056,-0.03098000000000012
0.05120000000000002,-0.016880000000000117
-0.1043,-0.006280000000000063
-0.20988,-0.023660000000000125
0.10896000000000006,0.12856
0.10793999999999992,-0.06650000000000006
-0.2688,0.012699999999999934
-0.10636000000000001,-0.08068000000000008
-0.07273999999999992,0.0050000000000000044
0.04810000000000003,0.04901999999999995
-0.018320000000000003,0.08111999999999997
-0.24441999999999997,-0.11150000000000004
0.04958000000000007,-0.04938000000000009
0.18674000000000002,0.0645
-0.053200000000000025,-0.054480000000000084
-0.19288,-0.11260000000000003
0.037699999999999956,0.07443999999999995
-0.18012,-0.09848000000000007
-0.07882,0.15799999999999992
-0.16038000000000002,0.07347999999999999
-0.12576000000000004,0.18235999999999997
0.012539999999999996,-0.019440000000000013
0.21441999999999994,-0.06896000000000008
0.17201999999999995,0.17596
0.005719999999999947,-0.05392000000000002
-0.21688000000000002,-0.07904
0.18906,0.02839999999999998
-0.06818000000000002,-0.09014
0.08396000000000003,0.0789399999999999
-0.29575999999999997,-0.009600000000000053
-0.17763999999999996,-0.18794000000000005
0.2128,0.10549999999999993
0.12290000000000001,0.19686000000000003
0.04476000000000002,0.12439999999999996
-0.036599999999999966,0.021079999999999988
-0.21265999999999996,-0.10616000000000009
0.02848000000000006,0.0021799999999999597
0.08850000000000002,0.2783399999999999
0.09033999999999998,0.1201199999999999
0.04171999999999998,0.13536000000000004
-0.09741999999999995,-0.03292000000000006
-0.16893999999999998,-0.10954000000000003
-0.12073999999999996,-0.20216000000000006
0.26574,0.18071999999999988
0.16906,-0.06738000000000005
-0.01417999999999997,-0.25346
-0.026120000000000032,-0.12032000000000004
0.12216000000000005,0.15233999999999992
-0.25866,0.04289999999999994
0.21798000000000006,0.09907999999999995
-0.026019999999999932,0.04469999999999996
0.1469600000000001,0.07935999999999999
0.049960000000000004,-0.11574000000000001
0.18684,0.13139999999999996
0.04603999999999997,-0.1282600000000001
-0.13303999999999994,0.12137999999999993
0.06420000000000003,-0.18104000000000003
-0.13169999999999998,0.040119999999999933
0.06476000000000004,0.13529999999999998
0.25456,0.056439999999999935
-0.12358000000000002,-0.038900000000000046
-0.06994,-0.21030000000000004
9.999999999998899e-05,0.03756000000000004
0.06106,-0.05932000000000004
-0.2027,-0.011180000000000079
0.19989999999999997,0.22158
-0.05300000000000005,0.10236
0.11482000000000003,-0.07522000000000001
0.21851999999999994,0.12713999999999992
0.21543999999999996,0.03937999999999997
-0.10331999999999997,-0.12884
-0.22455999999999998,-0.06718000000000007
0.09101999999999999,0.041080000000000005
-0.07716,0.16289999999999993
-0.13889999999999997,-0.08044000000000001
0.23162000000000005,0.10885999999999996
-0.26896,0.0009799999999999809
-0.006819999999999937,0.049779999999999935
0.14646000000000003,-0.10566000000000009
0.15896,0.07628000000000001
-0.042019999999999946,0.030460000000000043
-0.13278,0.007159999999999944
0.00766,0.0031599999999999406
-0.26578,0.07781999999999989
-0.21355999999999997,0.04035999999999995
0.21796000000000004,-0.04500000000000004
-0.0696,-0.021580000000000044
0.13717999999999997,0.2958399999999999
-0.02933999999999992,-0.02092000000000005
-0.16041999999999995,0.04381999999999997
0.18496,-0.07446000000000008
0.18894,-0.010040000000000049
-0.005139999999999922,0.008419999999999983
-0.13911999999999997,0.17703999999999986
0.25376,0.15703999999999996
-0.2605,-0.04992000000000002
0.2252200000000001,0.06806000000000001
-0.24151999999999996,-0.06130000000000002
-0.2404,-0.05538000000000004
0.20120000000000005,-0.04254000000000002
0.04708000000000001,-0.02302000000000004
0.12348000000000003,0.010019999999999918
-0.18674000000000002,-0.04576000000000008
0.12446000000000002,0.1199
0.18774000000000002,0.19913999999999987
0.06620000000000004,-0.01870000000000005
-0.038819999999999966,-0.16488000000000008
0.13,-0.01636000000000004
-0.06762000000000001,0.09867999999999999
-0.21402,0.06021999999999994
-0.10723999999999995,-0.03514000000000006
-0.05406,-0.17520000000000002
-0.20771999999999996,0.0527399999999999
-0.09503999999999996,0.03051999999999999
-0.1432,-0.05562
-0.013939999999999952,0.026519999999999988
-0.14183999999999997,-0.06646000000000007
-0.19104,-0.03693999999999997
0.19228,-0.15622000000000003
0.023780000000000023,-0.05493999999999999
0.17193999999999998,0.22433999999999987
-0.15096000000000004,0.010579999999999923
-0.16566000000000003,0.03656000000000004
0.10882000000000003,-0.23234000000000005
-0.07240000000000002,-0.0019000000000000128
0.16203999999999996,0.02210000000000001
-0.04637999999999998,0.041139999999999954
-0.06563999999999992,0.08623999999999987
-0.21748,0.050899999999999945
-0.14648,-0.015939999999999954
-0.22498,0.031219999999999914
0.16878000000000004,0.14647999999999994
0.12681999999999993,-0.13406
0.10793999999999992,0.25571999999999995
-0.0011200000000000099,0.10007999999999995
-0.046719999999999984,-0.07768000000000008
-0.13793999999999995,-0.016800000000000037
0.16846000000000005,0.0706199999999999
0.02403999999999995,0.0048599999999999755
-0.23559999999999998,0.011819999999999942
-0.21565999999999996,-0.052720000000000045
-0.057439999999999936,-0.14056000000000002
0.09766000000000008,-0.08406000000000008
0.005380000000000051,-0.22324000000000005
-0.07252000000000003,0.11107999999999996
0.05391999999999997,0.07961999999999991
0.21416000000000002,0.05686000000000002
-0.22039999999999998,-0.04808000000000007
0.12926000000000004,-0.011720000000000064
-0.19188,-0.06364000000000003
0.08141999999999994,0.31522000000000006
-0.019279999999999964,-0.23208000000000006
-0.12187999999999999,-0.02328000000000008
0.02178000000000002,-0.21684000000000003
0.009120000000000017,0.09375999999999995
0.18343999999999994,-0.16558000000000006
-0.09011999999999998,-0.06792000000000004
0.15938000000000008,-0.14704000000000006
0.10586000000000007,0.28896
-0.19935999999999998,0.06753999999999993
-0.11076000000000003,0.08933999999999986
-0.20682,0.007339999999999902
-0.186,0.16713999999999996
-0.13721999999999995,0.14727999999999997
-0.18293999999999994,0.03853999999999991
-0.0033400000000000096,-0.06284000000000001
0.14028000000000007,-0.13648000000000005
0.23116000000000003,0.13861999999999997
0.08038000000000001,0.03981999999999997
-0.13179999999999997,0.047619999999999885
-0.1769,-0.16664000000000007
0.11608000000000007,-0.0048000000000000265
-0.010560000000000014,-0.24378000000000005
-0.15139999999999998,0.17647999999999997
0.06656000000000006,-0.07520000000000004
-0.12430000000000002,0.08299999999999996
0.22138000000000002,0.19607999999999992
-0.19590000000000002,0.0587399999999999
-0.26371999999999995,-0.10478000000000004
-0.13393999999999995,0.010539999999999883
0.15246000000000004,0.07899999999999996
-0.015580000000000038,-0.15606000000000003
-0.14848,-0.11776000000000009
0.1402,-0.20010000000000006
0.06059999999999999,0.07541999999999993
0.01766000000000001,-0.03726000000000007
-0.054260000000000086,-0.07290000000000002
-0.20040000000000002,0.15876
-0.11286000000000002,-0.20474000000000003
-0.24453999999999998,-0.13476000000000005
0.0020600000000000618,0.12569999999999992
-0.016719999999999957,-0.19340000000000007
-0.10653999999999997,-0.10894000000000004
0.09282000000000001,0.19901999999999997
0.13239999999999996,0.18991999999999998
0.14342,0.19967999999999997
-0.02081999999999995,0.02393999999999996
0.12770000000000004,-0.17802
-0.1254,-0.11540000000000006
0.10983999999999994,0.0017999999999999128
0.020000000000000018,0.08189999999999997
-0.23238000000000003,-0.11216000000000009
0.21521999999999997,-0.04366000000000009
-0.08311999999999997,-0.03836000000000006
-0.19448,-0.08404
0.08021999999999996,-0.13930000000000003
-0.23546,-0.07208000000000009
0.09930000000000005,-0.09694000000000003
0.020280000000000076,0.15283999999999986
0.028760000000000008,0.04493999999999987
0.09772000000000003,0.21448
-0.10671999999999998,-0.11786000000000008
-0.24766,-0.08518000000000009
-0.02395999999999998,-0.21934000000000003
0.15883999999999998,0.11129999999999995
-0.03953999999999991,0.10627999999999993
0.23462000000000005,0.0789399999999999
-0.2549,0.05999999999999994
0.03923999999999994,0.07889999999999997
0.10693999999999992,-0.11304000000000003
-0.11916000000000004,0.022560000000000024
-0.08967999999999998,0.025419999999999887
-0.27668000000000004,0.014100000000000001
0.21594000000000002,-0.026700000000000057
-0.24041999999999997,0.12475999999999998
0.16798000000000002,-0.07462000000000002
0.12581999999999993,0.29877999999999993
0.08191999999999999,-0.2096800000000001
0.19984000000000002,-0.0023800000000000487
0.17252,-0.11600000000000005
-0.08638000000000001,0.06015999999999999
0.054159999999999986,0.0305399999999999
-0.013279999999999959,0.036760000000000015
0.14291999999999994,0.22248
-0.28068000000000004,-0.05836000000000008
0.22882000000000002,0.05829999999999991
-0.13393999999999995,-0.16912000000000005
-0.22571999999999998,-0.023960000000000092
0.05113999999999996,0.08279999999999998
-0.15349999999999997,0.06281999999999999
-0.1644,0.11727999999999994
0.053019999999999956,-0.22274000000000005
-0.04758000000000007,0.015880000000000005
-0.018819999999999948,0.08387999999999995
-0.059639999999999915,0.07921999999999996
-0.14086000000000004,-0.11554000000000003
-0.060899999999999954,0.04139999999999999
-0.29148,0.04077999999999993
-0.12686000000000003,0.0645
0.15554,0.2302399999999999
0.07713999999999999,-0.07228000000000007
0.06881999999999999,-0.19394000000000006
0.09830000000000005,-0.22670000000000007
0.15596,0.08921999999999997
0.011280000000000068,-0.16888000000000009
0.048919999999999964,-0.15356000000000003
-0.10886000000000001,0.17235999999999996
-0.04489999999999994,-0.07168000000000008
0.07336000000000009,-0.14808000000000004
0.07453999999999994,-0.25064000000000003
0.036780000000000035,-0.19784000000000007
-0.13078,-0.09240000000000004
-0.24761999999999995,0.07275999999999994
0.11534,0.016959999999999975
-0.12506,-0.06430000000000002
-0.04810000000000003,0.05671999999999988
0.26502000000000003,0.05921999999999994
0.23676000000000008,-0.028140000000000054
0.10714000000000001,-0.16030000000000005
-0.05786000000000002,0.16008
-0.10909999999999997,-0.19652000000000003
0.022280000000000078,0.04605999999999999
0.25096000000000007,0.041159999999999974
0.005819999999999936,-0.11398000000000008
0.17796,0.04681999999999997
-0.07343999999999995,0.04737999999999998
0.24107999999999996,0.20473999999999992
0.18201999999999996,-0.04190000000000005
-0.12237999999999999,0.045339999999999936
-0.10521999999999998,0.07596000000000003
0.04623999999999995,0.030099999999999905
-0.22936,0.12983999999999996
-0.08516000000000001,0.005959999999999965
0.07550000000000001,-0.15004000000000006
0.1623,-0.15902000000000005
0.01316000000000006,-0.15138000000000007
-0.15681999999999996,-0.17876000000000003
0.009139999999999926,-0.23938000000000004
0.10608000000000006,0.1089
-0.12328,-0.10628000000000004
-0.20432,-0.1150600000000001
-0.18206000000000006,0.14656000000000002
0.17590000000000006,-0.14198000000000005
-0.12040000000000001,0.04931999999999992
0.21567999999999998,0.1673
-0.21386,0.1504399999999999
-0.047839999999999994,-0.17680000000000007
-0.09158,-0.007220000000000004
-0.27474,0.08863999999999994
-0.11559999999999998,-0.06714000000000003
0.21433999999999997,0.17259999999999998
-0.07556000000000007,-0.04720000000000002
-0.05449999999999999,0.13976
0.12218000000000007,0.07626
-0.08251999999999993,0.06309999999999993
0.08979999999999999,-0.13522
0.05952000000000002,-0.06368000000000007
0.14678000000000002,0.011699999999999933
0.12951999999999997,0.28979999999999995
0.09570000000000001,0.07606000000000002
-0.1513,0.05399999999999994
-0.09986,0.019560000000000022
0.22436,0.21248
0.05246000000000006,-0.15250000000000002
-0.14818000000000003,0.04966000000000004
0.12924000000000002,-0.17142000000000002
0.25366,0.20696000000000003
-0.24731999999999998,-0.0984600000000001
-0.13293999999999995,0.03509999999999991
-0.20068000000000003,0.11836000000000002
-0.06106,-0.21700000000000003
0.1600600000000001,0.17076000000000002
0.07103999999999999,-0.14954000000000006
0.011719999999999953,-0.17622000000000004
0.07766000000000006,-0.13536000000000004
0.18272,0.25283999999999995
0.13334000000000001,-0.07166000000000006
0.08928000000000003,0.20229999999999992
-0.23175999999999997,-0.03492000000000006
0.10763999999999996,-0.17222000000000004
0.17486000000000002,-0.0778600000000001
0.1522,-0.03383999999999998
0.14012000000000002,0.09028000000000003
-0.022719999999999962,-0.010480000000000045
-0.20742,-0.015240000000000031
0.20862000000000003,0.1602
0.15918,0.019959999999999978
0.2579600000000001,0.12968000000000002
0.04798000000000002,0.06373999999999991
0.07053999999999994,-0.17052
0.18511999999999995,0.24913999999999992
-0.13033999999999996,0.09507999999999994
0.08806000000000003,0.24815999999999994
0.19913999999999998,-0.012419999999999987
0.10521999999999998,-0.18318000000000006
0.08441999999999994,-0.10712000000000005
-0.06446000000000007,-0.16984000000000005
-0.15198,0.10231999999999997
-0.26142,0.013219999999999898
0.07520000000000004,-0.23410000000000003
0.12797999999999998,0.08409999999999995
-0.08128000000000002,0.10431999999999997
0.16048000000000007,0.024959999999999982
-0.15453999999999996,0.12927999999999995
0.07573999999999992,-0.24032000000000003
0.16146000000000005,-0.18916000000000005
0.11648000000000003,0.11365999999999998
-0.034580000000000055,0.13823999999999992
-0.028360000000000052,-0.09392
0.11218000000000006,-0.01212000000000002
0.1368600000000001,-0.04748000000000008
0.2497799999999999,0.013460000000000027
-0.23181999999999997,0.05833999999999995
0.08398000000000005,-0.16316000000000003
0.02098,0.07933999999999997
-0.15710000000000002,0.08729999999999993
-0.05721999999999994,-0.17462000000000005
0.09498000000000006,-0.029080000000000106
0.09192,0.035499999999999976
-0.15136000000000005,0.14969999999999994
0.0686,-0.03764000000000001
-0.2594,0.10739999999999994
-0.21921999999999997,-0.03164
-0.09539999999999998,-0.20352000000000003
0.06831999999999994,0.05567999999999995
0.04511999999999994,-0.06398000000000004
0.05956000000000006,-0.019340000000000024
-0.01529999999999998,-0.16910000000000003
0.059819999999999984,0.13759999999999994
0.11951999999999996,0.18545999999999996
-0.08263999999999994,0.12647999999999993
-0.24256,0.10963999999999996
-0.06330000000000002,-0.23818000000000006
0.2612399999999999,0.1303399999999999
0.07304,0.31047999999999987
0.26770000000000005,0.11668
0.08279999999999998,0.012899999999999912
-0.007499999999999951,0.06101999999999996
-0.21552,0.14625999999999995
0.18701999999999996,-0.02738000000000007
-0.14643999999999996,0.11691999999999991
-0.16962,0.045399999999999996
0.12807999999999997,0.02203999999999995
0.14060000000000006,-0.07756000000000007
-0.13928000000000001,0.038739999999999886
0.07163999999999993,0.10893999999999993
-0.14628000000000002,0.09031999999999996
-0.0015600000000000058,0.14101999999999992
0.13139999999999996,0.11437999999999993
0.0036000000000000476,0.08841999999999994
-0.07099999999999995,0.15767999999999993
0.25073999999999996,0.060879999999999934
0.06933999999999996,-0.060439999999999994
-0.0040799999999999725,-0.23210000000000003
0.060919999999999974,0.10761999999999994
-0.07201999999999997,-0.07192000000000004
0.09862000000000004,0.12793999999999994
-0.047699999999999965,-0.04283999999999999
0.16378000000000004,-0.10840000000000005
-0.15863999999999995,0.06796000000000002
-0.27704,0.07516
-0.11962,-0.05834
-0.24925999999999998,0.05118
0.0827,0.20726
0.14100000000000001,-0.029980000000000118
-0.12713999999999998,0.15369999999999995
-0.12259999999999999,0.040080000000000005
-0.14738,-0.18268000000000006
-0.00873999999999997,-0.19832000000000005
-0.07776000000000005,-0.16164000000000006
-0.13329999999999997,0.12719999999999998
-0.23393999999999998,-0.09798000000000007
-0.15792,0.05997999999999992
0.03917999999999999,0.014319999999999888
0.005659999999999998,-0.20934000000000008
-0.14032,-0.09488000000000008
-0.0036199999999999566,0.11885999999999997
0.20040000000000002,0.2040399999999999
0.18889999999999996,0.24268
0.09543999999999997,-0.06444
0.14454,0.04830000000000001
-0.24930000000000002,-0.11318000000000006
-0.15498,0.14541999999999988
0.13961999999999997,0.059519999999999906
-0.059840000000000004,-0.09710000000000002
-0.23112,-0.09802000000000005
-0.07613999999999999,0.014859999999999984
0.2776200000000001,0.12858000000000003
-0.26774,0.02723999999999993
-0.20908,0.06308000000000002
0.10046,0.09906000000000004
0.05268000000000006,-0.04146000000000011
-0.17112,-0.11492000000000002
0.19746000000000008,0.039959999999999996
0.12338000000000005,0.044339999999999935
0.07218000000000002,-0.21362000000000003
0.022440000000000015,-0.025839999999999974
0.03593999999999997,-0.16154000000000007
0.03761999999999999,0.011799999999999922
0.022419999999999995,-0.13550000000000006
0.02416000000000007,0.13447999999999993
0.02633999999999992,0.09441999999999995
0.20262000000000002,0.17899999999999994
0.22302,0.059539999999999926
-0.10156000000000004,-0.07502000000000003
0.12802000000000002,0.0736
-0.29428,0.0042600000000000415
0.06891999999999998,0.26866
-0.25372,0.12193999999999994
0.030939999999999968,-0.017199999999999993
-0.07067999999999997,-0.17410000000000003
-0.08482,-0.12966000000000005
0.14268000000000003,-0.11180000000000007
-0.18932,0.01867999999999992
0.06940000000000002,0.22019999999999995
0.09996000000000005,0.3052999999999999
-0.018919999999999937,-0.23960000000000004
-0.015759999999999996,0.030219999999999914
-0.1462,-0.11148000000000008
0.11668,0.21326
0.2593200000000001,0.05257999999999996
0.14939999999999998,0.08116000000000001
0.047539999999999916,-0.24404000000000003
-0.03051999999999999,-0.06076000000000009
0.07799999999999996,-0.11390000000000006
-0.1401,-0.07778000000000007
-0.015220000000000011,-0.13700000000000007
-0.11276000000000003,-0.19360000000000005
-0.010339999999999905,0.059719999999999884
-0.06899999999999995,0.05143999999999993
-0.0849399999999999,0.08793999999999991
0.15338000000000007,0.12009999999999998
0.10360000000000003,-0.08744000000000002
0.12807999999999997,0.17725999999999997
0.20836,0.02053999999999989
0.03181999999999996,-0.16508000000000006
-0.15588000000000002,-0.13972
-0.15628000000000003,0.12661999999999995
-0.16552,0.16093999999999997
0.016179999999999972,-0.08726000000000006
-0.017120000000000024,0.09387999999999996
-0.22659999999999997,-0.08076000000000011
-0.22458,-0.07782
0.15581999999999996,-0.07858000000000004
0.22807999999999995,0.028079999999999994
-0.12851999999999997,-0.06462000000000001
-0.19184,-0.07574000000000003
-0.20642,0.06131999999999993
-0.13933999999999996,0.07318000000000002
0.22236,0.06928000000000001
-0.11213999999999996,0.09201999999999999
-0.12328,0.1324399999999999
0.05593999999999999,-0.22316000000000003
-0.009419999999999984,0.11033999999999988
0.10606000000000004,0.005719999999999947
-0.15298,0.09955999999999998
-0.14733999999999997,0.12543999999999988
-0.08479999999999999,-0.10068000000000005
0.07057999999999998,0.10417999999999994
0.23353999999999997,0.026939999999999964
-0.01539999999999997,-0.13386000000000003
-0.08933999999999997,-0.13552000000000003
-0.23991999999999997,-0.031420000000000003
0.08831999999999995,0.06719999999999993
-0.20686,0.14876
0.014939999999999953,-0.17644000000000004
-0.17658000000000001,-0.05036000000000007
0.04386000000000001,0.016079999999999983
0.20038,-0.03283999999999998
0.09741999999999995,0.2807799999999999
-0.21248,0.01201999999999992
-0.1602,0.02289999999999992
-0.22844000000000003,-0.05022000000000004
0.22309999999999997,-0.07313999999999998
0.0753600000000001,0.09687999999999997
-0.18359999999999999,-0.02314000000000005
0.18762,0.11507999999999996
-0.17828,-0.12558000000000008
-0.21955999999999998,0.013439999999999896
-0.15898,-0.034440000000000026
-0.11819999999999997,-0.09722000000000003
-0.15908,-0.12722
-0.20638,0.0991399999999999
0.06466000000000005,0.12427999999999995
0.028000000000000025,0.11021999999999998
0.13429999999999997,-0.18746000000000002
-0.17631999999999998,-0.028400000000000092
0.11406000000000005,-0.02328000000000008
-0.12961999999999996,0.008219999999999894
0.25862000000000007,0.19953999999999994
0.19510000000000005,-0.06228000000000006
-0.20708,0.11668
0.12871999999999995,-0.14564000000000005
0.13380000000000003,-0.06420000000000003
0.17778000000000005,0.14181999999999995
0.19366000000000005,0.021660000000000013
-0.08453999999999995,-0.06846000000000008
0.0024800000000000377,-0.18966000000000005
-0.18051999999999996,-0.11554000000000003
0.12197999999999998,-0.020440000000000014
0.026960000000000095,-0.12718000000000007
0.11656,-0.22030000000000005
0.022599999999999953,-0.06010000000000004
0.12913999999999992,0.11636000000000002
0.14061999999999997,-0.11926000000000009
0.005240000000000022,-0.026760000000000117
0.0014399999999999968,-0.10970000000000002
-0.08914,0.013919999999999932
-0.09773999999999994,-0.17940000000000006
-0.03256000000000003,0.08577999999999997
-0.03143999999999991,-0.12308000000000008
-0.030000000000000027,-0.17602
0.16793999999999998,0.19667999999999997
-0.055499999999999994,-0.15286000000000005
-0.18934,0.05376000000000003
0.04605999999999999,-0.13116000000000005
0.19463999999999992,-0.05022000000000004
0.18098000000000003,0.2555799999999999
0.18716,0.2471199999999999
0.21620000000000006,0.19001999999999997
-0.06647999999999998,-0.15794000000000008
0.11839999999999995,0.29466000000000003
-0.008599999999999941,0.06538
-0.12372,-0.043940000000000035
0.13368000000000002,-0.057680000000000065
-0.05271999999999999,-0.21914000000000006
0.016839999999999966,0.02743999999999991
-0.20368000000000003,-0.14862000000000003
0.010499999999999954,-0.19694000000000006
0.2599799999999999,0.15833999999999993
-0.11848000000000003,0.0827
-0.03836000000000006,-0.12438000000000005
-0.24101999999999996,0.0035399999999998766
0.039060000000000095,0.005619999999999958
-0.03276000000000001,0.14069999999999994
-0.25672,0.0688399999999999
-0.05462,0.07709999999999995
0.19376000000000004,0.12626000000000004
-0.15183999999999997,-0.10586000000000007
-0.21200000000000002,-0.02076000000000011
-0.14301999999999998,-0.18326000000000003
-0.11383999999999994,0.01869999999999994
0.1781600000000001,0.05349999999999999
0.008580000000000032,0.08953999999999995
0.19353999999999993,0.03167999999999993
-0.0011399999999999189,-0.10914000000000001
0.2740799999999999,0.008379999999999943
-0.19429999999999997,-0.08700000000000002
-0.13476000000000005,-0.08916000000000007
0.04200000000000004,0.12541999999999998
-0.013380000000000059,0.09973999999999994
0.18633999999999995,0.27508
-0.13551999999999997,0.14193999999999996
-0.23741999999999996,-0.015580000000000038
-0.15431999999999996,-0.03861999999999999
-0.24438,-0.09890000000000004
-0.08899999999999997,-0.21048000000000006
0.04200000000000004,-0.26372
0.044360000000000066,-0.04808000000000007
0.03603999999999996,-0.0008400000000000629
0.21538000000000002,0.09049999999999991
0.19788000000000006,-0.11000000000000004
0.13097999999999999,0.02305999999999997
-0.17256000000000005,0.16349999999999998
-0.20389999999999997,0.04251999999999989
0.12016000000000004,-0.02438000000000007
-0.05157999999999996,-0.01873999999999998
0.17896,-0.18110000000000004
0.26566,0.0046599999999999975
0.21788000000000007,0.26739999999999997
-0.1013,-0.15748000000000006
0.16380000000000006,0.14139999999999997
-0.14546000000000003,0.12732
-0.09883999999999998,0.16879999999999995
0.0894600000000001,0.02513999999999994
-0.17946,-0.10460000000000003
0.017239999999999922,0.11943999999999988
-0.050839999999999996,-0.17558000000000007
0.19723999999999997,-0.06030000000000002
-0.0827,-0.07668000000000008
0.10221999999999998,-0.03614000000000006
0.19391999999999998,-0.07330000000000003
0.27537999999999996,0.14307999999999998
0.11778,-0.1456800000000001
-0.01523999999999992,0.10906000000000005
0.24502000000000013,0.04837999999999998
0.11671999999999993,0.2451199999999999
0.1482,0.13485999999999998
0.10838000000000003,0.18393999999999988
0.1421,0.027660000000000018
-0.09066000000000007,-0.018440000000000012
-0.10886000000000001,0.017780000000000018
-0.16888000000000003,0.07765999999999995
-0.17880000000000001,-0.14316
-0.14482,0.13859999999999995
-0.1274,0.13876
-0.17478,-0.02622000000000002
-0.036619999999999986,-0.20650000000000007
-0.06056000000000006,-0.08600000000000002
0.12539999999999996,0.21755999999999998
0.08623999999999998,-0.04028000000000004
-0.18006000000000005,-0.13964000000000004
0.19430000000000003,-0.09872000000000003
-0.22196,0.08389999999999997
0.2282200000000001,0.07739999999999991
-0.05911999999999995,-0.002080000000000082
0.17790000000000006,0.21855999999999998
0.04249999999999998,-0.25052
-0.16241999999999995,-0.08096000000000009
-0.26598,0.05709999999999993
-0.16260000000000002,0.09189999999999998
-0.30362,0.08765999999999996
-0.018819999999999948,0.09559999999999991
0.21436,0.0638399999999999
-0.1844,0.10373999999999994
0.044239999999999946,-0.07548000000000005
0.056520000000000015,-0.09120000000000006
0.13544,-0.10988000000000009
0.07142000000000004,-0.20158000000000004
-0.2273,-0.1105600000000001
-0.28148,-0.06688000000000005
-0.07472000000000001,-0.07098000000000004
0.05171999999999999,-0.028320000000000012
0.06978000000000006,0.08633999999999997
-0.14311999999999997,-0.08454
0.09998000000000007,-0.20470000000000005
0.17342000000000002,-0.08594000000000002
-0.01523999999999992,-0.20632
-0.15876,0.005560000000000009
0.033360000000000056,-0.12100000000000005
0.04681999999999997,0.09051999999999993
-0.12688,0.0005600000000000049
0.15300000000000002,-0.16686000000000006
-0.2123,0.09551999999999994
0.13041999999999998,-0.17922000000000005
0.08392,0.055499999999999994
-0.16556000000000004,0.1026999999999999
-0.09328000000000003,-0.07328000000000007
0.14636000000000005,0.30326
0.04626000000000008,-0.10964000000000002
0.11461999999999994,-0.10168000000000005
-0.04800000000000004,-0.11596000000000006
0.16774,0.09648000000000001
-0.17962,-0.04986000000000007
0.03261999999999998,0.07789999999999997
0.15216000000000007,0.08201999999999998
-0.13951999999999998,-0.11274
-0.06015999999999999,0.011839999999999962
-0.28358,-0.03810000000000002
0.1499600000000001,0.29386
0.14426000000000005,-0.13996000000000003
0.17023999999999995,-0.18044000000000004
-0.20316,0.15011999999999992
0.11096000000000006,-0.06624000000000002
0.08599999999999997,-0.15560000000000007
0.017919999999999936,0.14178000000000002
0.07289999999999996,-0.03874
-0.02536000000000005,0.07247999999999999
-0.27202,0.11819999999999997
0.11396000000000006,0.11048000000000002
-0.15836000000000006,0.0505199999999999
0.01548000000000005,-0.17924000000000007
0.029120000000000035,0.09529999999999994
-0.13451999999999997,-0.19888000000000006
-0.23012,0.07433999999999996
-0.17408,0.07428000000000001
-0.07838,0.09028000000000003
0.053180000000000005,0.052019999999999955
-0.26494,0.07519999999999993
-0.21786,-0.13410000000000005
-0.01988000000000001,0.14776
0.14939999999999998,0.1715199999999999
-0.08028000000000002,-0.007920000000000038
-0.27726,-0.08908000000000005
-0.038980000000000015,-0.17292000000000002
0.1592,0.09675999999999996
0.10638000000000003,0.28552
-0.22991999999999996,0.12163999999999997
-0.07016,0.05886000000000002
0.07688000000000006,-0.08868000000000004
-0.13491999999999998,-0.0014199999999999768
0.006199999999999983,-0.12972
-0.27788,-0.06280000000000002
0.02733999999999992,-0.11898000000000009
-0.06996000000000002,0.12473999999999996
0.23232000000000008,0.09893999999999992
-0.011440000000000006,0.14451999999999998
-0.20978000000000002,0.01747999999999994
0.09656000000000009,-0.13302000000000003
0.0038799999999999946,-0.19810000000000005
-0.13129999999999997,-0.10226000000000007
0.043200000000000016,-0.001080000000000081
0.16322000000000003,-0.043960000000000055
-0.10548000000000002,0.10071999999999992
0.13124000000000002,-0.026839999999999975
0.014039999999999941,0.02735999999999994
0.16356000000000004,0.0033600000000000296
0.04930000000000001,0.013279999999999959
-0.12972,-0.08590000000000003
-0.11263999999999996,-0.16748000000000007
-0.04074,0.06751999999999991
-0.026680000000000037,-0.0813600000000001
0.09076000000000006,0.10858000000000001
-0.009079999999999977,0.11329999999999996
-0.24648000000000003,-0.0210800000000001
0.016139999999999932,0.1140199999999999
-0.0019199999999999218,-0.25678000000000006
-0.11643999999999993,-0.012620000000000076
-0.01081999999999994,0.14773999999999987
-0.22975999999999996,0.08097999999999994
0.15969999999999995,0.05381999999999998
0.12658000000000003,0.27546000000000004
-0.17603999999999997,0.027119999999999922
0.09736,0.22946
-0.10726000000000002,0.14411999999999991
0.10192000000000001,0.047719999999999985
-0.16521999999999998,-0.050339999999999996
-0.20379999999999998,0.02746000000000004
-0.05818000000000001,-0.24186000000000002
-0.041039999999999965,-0.027760000000000118
-0.14893999999999996,0.16725999999999996
-0.21974,0.08933999999999986
0.13548000000000004,-0.17886000000000002
-0.06068000000000007,0.14823999999999993
-0.03532000000000002,-0.17714000000000008
0.12048000000000003,-0.02736000000000005
-0.16936,-0.15896000000000005
0.10750000000000004,0.2260399999999999
-0.16876000000000002,-0.19266000000000005
-0.07735999999999998,-0.00653999999999999
-0.1513,-0.16094000000000003
0.06840000000000002,0.029999999999999916
-0.008460000000000023,-0.09273999999999999
0.0635,0.10637999999999992
-0.25034,-0.01998000000000011
0.17493999999999998,0.0036199999999999566
-0.13172,-0.05876000000000009
-0.2248,-0.03426000000000007
-0.11559999999999998,0.1525399999999999
-0.07166000000000006,0.04198000000000002
-0.03191999999999995,0.06986000000000003
0.21818000000000004,0.16899999999999993
0.1895,-0.03286000000000011
0.19401999999999997,0.1968399999999999
0.13961999999999997,0.1807399999999999
-0.02833999999999992,0.10241999999999996
0.27682000000000007,0.14883999999999997
-0.02629999999999999,-0.14232
-0.07646000000000008,0.04809999999999992
0.07931999999999995,-0.055580000000000074
0.03732000000000002,-0.25000000000000006
0.058639999999999914,-0.05236000000000007
0.05711999999999995,0.08971999999999991
-0.13246000000000002,-0.08180000000000004
-0.18463999999999997,-0.04792000000000002
0.09563999999999995,-0.053260000000000085
0.12583999999999995,0.17613999999999996
0.12841999999999998,0.031339999999999923
-0.04942000000000002,0.15471999999999997
-0.007539999999999991,-0.15072000000000002
0.05893999999999999,0.2980799999999999
0.21438000000000001,0.018739999999999868
-0.14901999999999999,0.17325999999999997
-0.06379999999999997,-0.20878000000000008
-0.016700000000000048,-0.11834
0.2640600000000001,0.05513999999999997
0.22228000000000003,0.14059999999999995
0.14244,0.3104
-0.24151999999999996,0.03717999999999999
0.08992,0.03833999999999993
0.09948000000000001,-0.000500000000000056
0.14746000000000004,-0.01322000000000001
-0.19198000000000004,-0.06980000000000003
0.0034199999999999786,-0.059900000000000064
0.25037999999999994,0.07076000000000005
-0.03500000000000003,0.08797999999999995
-0.026060000000000083,-0.010600000000000054
0.16990000000000005,-0.09470000000000006
0.021239999999999926,-0.09733999999999998
-0.23084,-0.051939999999999986
0.12868000000000002,0.017059999999999964
0.15788000000000002,0.17233999999999994
0.2275600000000001,0.17967999999999995
-0.19256,-0.09186000000000011
0.12958000000000003,-0.05078000000000005
-0.23186,0.054259999999999975
0.010580000000000034,0.09116000000000002
-0.028719999999999968,-0.06894
0.15496,0.1707399999999999
-0.22404000000000002,0.1665199999999999
-0.015179999999999971,-0.20060000000000006
-0.13423999999999997,0.09296000000000004
0.21126,-0.01214000000000004
0.20110000000000006,0.21841999999999995
-0.021680000000000033,-0.22966000000000003
-0.07853999999999994,0.1268999999999999
0.005819999999999936,0.07501999999999998
-0.27828,0.05567999999999995
-0.018839999999999968,-0.03824000000000005
0.21040000000000003,0.09765999999999997
-0.11359999999999998,-0.03482000000000007
-0.04830000000000001,-0.20042000000000004
-0.06036000000000008,-0.07434000000000002
-0.018880000000000008,-0.11708000000000007
-0.010000000000000009,0.0025999999999999357
-0.045499999999999985,-0.13356
0.23456,0.1610999999999999
0.11328000000000005,-0.16992000000000002
-0.10163999999999995,-0.09126000000000006
0.021540000000000004,0.13525999999999994
-0.11298000000000002,-0.10002000000000005
-0.18522,0.06608000000000003
0.20128000000000001,-0.050060000000000104
0.01102000000000003,0.12588
0.1372,0.21101999999999999
0.12280000000000002,-0.23196000000000006
0.010299999999999976,-0.24392000000000003
0.08318000000000003,-0.030260000000000065
-0.26752,-0.04476000000000008
-0.09702,0.02866000000000002
-0.16376000000000002,-0.10430000000000006
0.11029999999999995,0.21243999999999996
0.04413999999999996,-0.24264000000000008
0.03416000000000008,-0.23106000000000004
-0.10388000000000003,-0.08623999999999998
-0.022260000000000058,-0.015760000000000107
-0.09548000000000001,-0.09322000000000003
0.23863999999999996,0.14529999999999998
-0.2519,-0.01424000000000003
0.05591999999999997,-0.041260000000000074
-0.01863999999999999,-0.06506000000000006
0.030120000000000036,-0.17648000000000008
-0.12682,-0.20238000000000006
-0.18738,0.12005999999999994
-0.16836,0.1268999999999999
0.13570000000000004,0.007639999999999869
0.044300000000000006,-0.2589
-0.23691999999999996,-0.06732000000000005
0.09167999999999998,-0.09406000000000009
0.18543999999999994,-0.024800000000000044
-0.06472,-0.14552000000000004
0.1408600000000001,0.18676000000000004
0.07201999999999997,0.06329999999999991
-0.08028000000000002,0.018939999999999957
-0.24281999999999998,0.12317999999999996
0.02426000000000006,-0.12606000000000006
-0.18518,-0.05078000000000005
-0.08518000000000003,-0.11226000000000008
0.07284000000000002,-0.16310000000000002
-0.28056,0.06979999999999997
-0.17896,0.11527999999999994
0.07431999999999994,0.13357999999999992
-0.1451,-0.18184000000000006
-0.10167999999999999,-0.21092000000000005
-0.20442,-0.11822000000000005
-0.04862,0.10058
-0.04071999999999998,0.011319999999999886
-0.04491999999999996,-0.17574000000000006
0.11628000000000005,-0.007960000000000078
-0.12806,-0.11522000000000004
-0.2757,0.07179999999999997
0.08082,0.2763
0.12697999999999998,0.29302000000000006
-0.05831999999999993,0.11561999999999995
-0.23014,-0.0556600000000001
0.2294799999999999,0.005659999999999998
-0.16966000000000003,0.17937999999999998
0.18359999999999999,0.06367999999999996
-0.11808000000000002,0.11971999999999994
-0.04196,-0.09286000000000011
0.19353999999999993,-0.031140000000000057
0.06136000000000008,-0.11790000000000006
-0.07089999999999996,0.14746000000000004
-0.059760000000000035,0.038860000000000006
-0.13641999999999999,-0.0040800000000000836
0.11524000000000001,0.24305999999999994
-0.22015999999999997,0.01629999999999998
0.17143999999999993,-0.15936000000000006
0.16376000000000002,0.19501999999999997
0.19876000000000005,0.00651999999999997
0.08811999999999998,-0.19186000000000003
-0.19316,0.08463999999999994
-0.26161999999999996,0.07181999999999988
-0.03752,0.08628000000000002
-0.23443999999999998,0.10238000000000003
-0.23824,0.0040799999999999725
0.10308000000000006,0.09795999999999994
0.16210000000000002,0.10393999999999992
0.18503999999999998,0.03625999999999996
0.20348,-0.11340000000000006
-0.15871999999999997,-0.18210000000000004
0.1711600000000001,0.0797
-0.033519999999999994,0.04796
0.08482,-0.16596000000000005
0.03403999999999996,0.014579999999999926
0.2489,0.07350000000000001
-0.06015999999999999,-0.14238000000000006
0.22443999999999997,0.1704199999999999
-0.1532,0.1270199999999999
-0.22555999999999998,0.01749999999999996
-0.05049999999999999,0.041179999999999994
-0.11533999999999994,-0.11942000000000003
-0.20650000000000002,0.06435999999999997
-0.16841999999999996,0.01759999999999995
-0.20998,0.035439999999999916
-0.06378000000000006,-0.15964000000000006
-0.06143999999999994,-0.09426000000000007
-0.23104000000000002,-0.11464000000000002
-0.07221999999999995,-0.08604
0.027919999999999945,-0.18148000000000009
0.07278000000000007,-0.23684000000000005
0.09977999999999998,0.10875999999999997
0.053239999999999954,-0.14084000000000008
0.061860000000000026,0.0858199999999999
0.060960000000000014,0.009419999999999984
-0.006440000000000001,-0.14654000000000006
0.1671600000000001,0.17821999999999993
0.009020000000000028,0.04703999999999997
-0.24469999999999997,-0.13238000000000005
0.08341999999999994,-0.05012000000000005
-0.15721999999999997,0.0030999999999999917
-0.04591999999999996,-0.23864000000000007
0.11587999999999998,0.31492
0.22306000000000004,0.06587999999999994
0.22151999999999994,-0.03654000000000002
0.17190000000000005,-0.07946000000000009
-0.16113999999999995,-0.16662000000000005
-0.14786000000000005,0.03073999999999988
0.19321999999999995,0.12146000000000001
-0.27734000000000003,-0.02756000000000003
-0.06176000000000004,-0.18930000000000002
0.10206000000000004,-0.019020000000000037
-0.12711999999999996,-0.09926000000000007
0.054420000000000024,-0.06812000000000001
0.0006800000000000139,0.04086000000000001
-0.19884000000000002,0.05613999999999997
-0.22721999999999998,0.061860000000000026
-0.0011799999999999589,0.016859999999999986
-0.17681999999999998,-0.15678000000000009
0.2118,0.03579999999999994
0.26076,0.023460000000000036
0.1723,0.21843999999999997
-0.23059999999999997,0.029980000000000007
-0.21436,-0.010820000000000052
-0.16386,0.17696
0.07366000000000006,0.20597999999999994
-0.037919999999999954,-0.10448000000000007
-0.08011999999999997,-0.12180000000000002
0.09682000000000002,-0.06992000000000004
-0.15213999999999994,0.029739999999999878
-0.12733999999999995,0.15078000000000003
-0.019279999999999964,-0.02178000000000002
0.0012199999999999989,-0.19854000000000005
0.12065999999999999,0.056539999999999924
0.14952,-0.16260000000000002
0.013900000000000023,-0.052760000000000085
-0.14338,-0.04616000000000009
-0.292,-0.06812000000000001
-0.03413999999999995,-0.16140000000000004
0.01534000000000002,-0.12782000000000004
0.08898000000000006,0.035579999999999945
-0.10411999999999999,-0.13184000000000007
-0.21960000000000002,-0.025660000000000127
0.009199999999999986,-0.009800000000000031
0.22530000000000006,0.039839999999999876
0.13893999999999995,0.06335999999999997
0.10806000000000004,0.3112799999999999
-0.09802,0.0020599999999999508
0.20596000000000003,-0.07706000000000007
0.26882000000000006,0.028959999999999986
0.12053999999999998,-0.23922000000000004
-0.21849999999999997,-0.04936000000000007
-0.027719999999999967,-0.22780000000000006
0.11756,-0.20912000000000003
0.07567999999999997,-0.23682000000000003
-0.12033999999999995,0.04135999999999995
-0.03481999999999996,-0.08388000000000007
-0.029260000000000064,0.0014399999999998858
0.14451999999999998,0.30482
-0.045520000000000005,0.13947999999999994
0.12583999999999995,-0.13736000000000004
0.06172,0.31853999999999993
0.20841999999999994,0.15071999999999997
0.23714000000000002,0.10295999999999994
0.1452,0.038919999999999955
-0.035660000000000025,0.07801999999999998
-0.21194000000000002,-0.1320800000000001
0.12934,-0.19148000000000004
0.15952,-0.13036000000000003
0.022239999999999926,-0.11264000000000002
0.16271999999999998,0.08953999999999995
0.08231999999999995,-0.17640000000000006
-0.12891999999999998,-0.05312
0.20686000000000004,0.21451999999999993
-0.06803999999999999,0.028919999999999946
0.13698,-0.24060000000000004
0.026639999999999997,-0.14870000000000005
0.12026000000000003,0.0023399999999998977
-0.16683999999999993,0.01427999999999996
0.10361999999999993,-0.0631600000000001
-0.22346,0.0917
-0.07031999999999994,0.10865999999999998
-0.05781999999999998,0.14147999999999994
-0.16462,0.17999999999999994
0.03401999999999994,-0.02982000000000007
-0.23162,0.08833999999999986
-0.11509999999999998,-0.20680000000000004
-0.08951999999999993,-0.21756000000000003
-0.09493999999999997,0.057639999999999914
0.09486000000000006,0.21645999999999999
0.12046000000000001,-0.03710000000000002
-0.08326,0.06777999999999995
-0.09166000000000007,-0.18556000000000006
-0.009460000000000024,0.09496000000000004
-0.25461999999999996,-0.000300000000000078
0.12906000000000006,0.050839999999999885
-0.041139999999999954,0.07765999999999995
0.21367999999999998,0.14903999999999995
-0.22678000000000004,0.10449999999999993
0.13148000000000004,0.12203999999999993
0.09266000000000008,0.10627999999999993
0.17862,0.01627999999999996
0.08689999999999998,-0.060900000000000065
-0.08756000000000008,-0.21310000000000007
0.18408000000000002,0.11246
0.1632,-0.19480000000000003
0.13716000000000006,0.015560000000000018
0.14378000000000002,0.24861999999999995
0.12316000000000005,-0.20688000000000006
-0.14900000000000002,0.10061999999999993
-0.27878000000000003,-0.06844
0.17288000000000003,0.025479999999999947
0.11277999999999999,-0.14934000000000003
0.12329999999999997,-0.010260000000000047
0.11663999999999997,-0.14800000000000002
0.15326000000000006,0.11526000000000003
-0.10083999999999999,-0.04938000000000009
0.03308,-0.021700000000000053
0.23656,0.16618
-0.14836000000000005,-0.000140000000000029
-0.10759999999999997,0.043379999999999974
-0.08523999999999998,-0.028060000000000085
0.11826000000000003,0.14591999999999994
-0.020519999999999983,-0.21838000000000007
0.07001999999999997,-0.06814000000000003
0.08094000000000001,0.18513999999999997
0.00046000000000001595,0.10275999999999996
-0.12558000000000002,0.12751999999999997
-0.11693999999999993,0.12605999999999995
0.028900000000000037,-0.10198000000000007
-0.024980000000000002,-0.17402
0.07526,-0.010440000000000005
0.029819999999999958,-0.06988000000000005
-0.020480000000000054,-0.14724000000000004
0.03837999999999997,0.26905999999999997
-0.26016,0.11813999999999991
-0.007280000000000064,-0.21348000000000006
0.044499999999999984,-0.03756000000000004
0.20689999999999997,0.00043999999999988493
-0.16188000000000002,0.006099999999999994
0.19879999999999998,0.04261999999999999
-0.20239999999999997,-0.13340000000000002
0.22360000000000002,0.11749999999999994
-0.01868000000000003,-0.16126000000000001
0.09388000000000007,0.007519999999999971
0.1592,0.08685999999999994
0.07373999999999992,-0.08116000000000007
0.08135999999999999,0.30882
0.22036,-0.08478000000000008
0.16613999999999995,-0.06250000000000006
-0.034680000000000044,0.0716
-0.23481999999999997,-0.07724000000000003
0.17493999999999998,-0.01324000000000003
-0.04283999999999999,-0.11470000000000002
0.2466799999999999,0.16527999999999998
0.16169999999999995,0.04367999999999994
-0.09209999999999996,-0.08526000000000006
-0.049780000000000046,-0.11874000000000001
-0.08977999999999997,0.06121999999999994
0.14491999999999994,0.2632
-0.11323999999999995,0.0814999999999999
0.2251200000000001,-0.04040000000000005
-0.06316,-0.13110000000000005
-0.07178000000000007,0.07528000000000001
-0.13863999999999999,-0.16004000000000007
0.0051800000000000734,0.1523199999999999
0.11148000000000002,0.08321999999999996
0.044439999999999924,-0.10386000000000006
0.17969999999999997,-0.0015399999999999858
0.13156,0.02627999999999997
-0.09806000000000004,-0.13422
-0.29572,0.06408000000000003
0.15818,-0.07656000000000007
0.09101999999999999,-0.04996000000000006
0.18784,-0.030120000000000036
-0.27788,-0.10304000000000002
-0.22768,-0.07372000000000001
-0.03381999999999996,0.036819999999999964
-0.1506,0.032200000000000006
-0.14892,0.11119999999999997
-0.21981999999999996,0.006199999999999983
0.07128000000000001,-0.16790000000000005
-0.05078000000000005,0.10561999999999994
0.2552,-2.0000000000020002e-05
0.15510000000000002,0.007939999999999947
-0.16243999999999997,0.0012399999999999078
0.024339999999999917,-0.10240000000000005
0.23063999999999996,0.09311999999999998
-0.2635,0.029099999999999904
0.19589999999999996,0.008059999999999956
-0.06513999999999998,0.054299999999999904
-0.23015999999999998,-0.08482
-0.06563999999999992,-0.047839999999999994
0.21216000000000002,0.10999999999999999
0.21221999999999996,0.059659999999999935
-0.14586000000000005,-0.18664000000000003
-0.15406000000000003,0.09197999999999995
-0.23848000000000003,-0.08578000000000008
0.06316,-0.22186000000000006
-0.11831999999999998,-0.13362000000000002
-0.17813999999999997,-0.06012000000000001
-0.012719999999999954,-0.11442000000000002
0.048780000000000046,0.04608000000000001
-0.1496,-0.15280000000000005
-0.20235999999999998,0.13381999999999994
0.13744,0.20753999999999995
-0.04371999999999998,-0.09814
0.07488000000000006,-0.08404
0.22363999999999995,0.13326000000000005
0.04588000000000003,-0.018260000000000054
0.015739999999999976,0.00046000000000001595
-0.13703999999999994,-0.03378000000000003
0.16736000000000006,0.27535999999999994
-0.23064,0.060839999999999894
-0.19172,0.14439999999999997
-0.08692,0.046419999999999906
-0.17858000000000002,-0.11758000000000007
0.26080000000000003,0.11307999999999996
-0.010020000000000029,-0.24080000000000007
-0.01861999999999997,0.06041999999999992
-0.20845999999999998,-0.06984000000000001
-0.03511999999999993,-0.21630000000000005
-0.13036000000000003,-0.15810000000000002
0.07342000000000004,-0.21120000000000005
0.08520000000000005,0.00011999999999989797
-0.06362000000000001,0.0008199999999999319
-0.007000000000000006,0.04086000000000001
0.14090000000000003,-0.15912000000000004
-0.18283999999999995,-0.13250000000000006
-0.10988000000000003,0.12413999999999992
-0.07499999999999996,-0.044580000000000064
-0.024399999999999977,0.13147999999999993
-0.16299999999999998,0.15633999999999992
0.0013800000000000479,-0.16794000000000003
-0.04681999999999997,0.011159999999999948
0.13360000000000005,-0.002080000000000082
0.04023999999999994,-0.11618000000000006
-0.13191999999999998,-0.13782000000000005
-0.04743999999999993,-0.19002000000000002
-0.08457999999999999,-0.18132000000000004
0.06418000000000001,-0.06950000000000006
0.09406000000000003,-0.23328000000000004
0.15226000000000006,0.06921999999999995
0.17296,0.12861999999999996
-0.21126,0.13447999999999993
-0.07089999999999996,-0.10128000000000004
0.08278000000000008,0.04405999999999999
-0.04179999999999995,-0.0415600000000001
0.030139999999999945,0.10268
0.12881999999999993,0.04279999999999995
-0.06710000000000005,-0.033420000000000005
0.013419999999999987,0.10146
0.059799999999999964,-0.11298000000000008
-0.18766,-0.14556000000000002
-0.09603999999999996,-0.0353
-0.08340000000000003,-0.0033199999999999896
0.051960000000000006,-0.17244000000000004
0.10568,0.09911999999999999
0.19606,0.28362
0.046580000000000066,0.11217999999999995
0.11987999999999999,-0.20808000000000004
-0.03056000000000003,-0.07562000000000002
-0.07146000000000008,0.026880000000000015
0.14078000000000002,-0.21548000000000006
0.14276,0.044359999999999955
-0.21614,-0.12448000000000009
-0.07025999999999999,-0.21602000000000005
0.23906000000000005,0.03301999999999994
0.23753999999999997,0.09227999999999992
0.09273999999999993,-0.23908000000000007
0.21138,0.03851999999999989
0.2551399999999999,0.12315999999999994
-0.26568,-0.036619999999999986
0.19652000000000003,0.08323999999999987
-0.045499999999999985,0.14573999999999987
-0.20158000000000004,0.029059999999999975
0.08188000000000006,0.26108
0.08828000000000003,0.32709999999999995
0.21638000000000002,0.017880000000000007
-0.17062,-0.05412
0.25473999999999997,0.04479999999999995
-0.0655,-0.0904600000000001
-0.14153999999999994,-0.04124
-0.02942,-0.08118000000000009
0.04078000000000004,-0.027900000000000036
0.06157999999999997,0.09585999999999995
0.04933999999999994,-0.22616000000000003
0.13449999999999995,-0.16390000000000005
-0.25774,-0.09200000000000003
0.04590000000000005,0.04583999999999988
0.20194,0.10453999999999997
0.15998,-0.17506000000000005
0.13296000000000008,-0.04296000000000011
0.18043999999999993,-0.047300000000000064
0.051019999999999954,-0.10564000000000001
-0.18236000000000002,-0.15898000000000007
0.1634,0.019159999999999955
-0.0021200000000000108,0.028299999999999992
-0.12106000000000006,-0.003960000000000075
0.13196000000000008,-0.10404000000000002
-0.014599999999999946,-0.14934000000000003
0.2208,0.08861999999999992
-0.14606000000000002,0.09983999999999993
0.25293999999999994,0.16756000000000004
0.21711999999999998,0.10809999999999997
-0.07656000000000007,0.13637999999999995
-0.019060000000000077,-0.10268000000000005
0.07488000000000006,-0.13394000000000006
-0.10766000000000003,-0.16726000000000002
0.04681999999999997,-0.23424000000000006
-0.22834,-0.022260000000000058
0.08731999999999995,-0.18546
-0.19618000000000002,0.07948
0.10283999999999993,-0.04194000000000003
0.18447999999999998,-0.05098000000000008
0.06152000000000002,0.05496000000000001
-0.23470000000000002,-0.010720000000000063
-0.018939999999999957,-0.20548000000000005
0.20353999999999994,0.22201999999999988
-0.009739999999999971,0.04381999999999997
0.05264000000000002,0.07406000000000001
0.18779999999999997,0.1280199999999999
0.08198000000000005,0.11533999999999989
-0.07098000000000004,-0.02416000000000007
-0.05391999999999997,0.08985999999999994
0.07869999999999999,0.1433199999999999
-0.21026,0.11381999999999992
0.12729999999999997,0.21938000000000002
-0.25486,-0.056980000000000086
-0.0034199999999999786,0.07867999999999997
0.17964000000000002,0.24453999999999987
0.16038000000000008,-0.14356000000000002
0.15401999999999993,0.1334399999999999
0.25337999999999994,0.20253999999999994
0.04701999999999995,-0.25846
0.12890000000000001,-0.16522000000000003
0.22298000000000007,0.12985999999999998
-0.1648,-0.14564000000000005
0.10892000000000002,-0.08678000000000008
-0.05463999999999991,0.13383999999999996
0.23196000000000006,0.21333999999999986
-0.24559999999999998,-0.01744000000000001
0.21888000000000007,-0.08194000000000001
0.16484,-0.15968000000000004
0.06481999999999999,-0.01534000000000002
-0.16923999999999995,-0.03980000000000006
0.03988000000000003,-0.09210000000000007
-0.18525999999999998,-0.11730000000000007
-0.20908,-0.09740000000000004
0.13944,0.02076
0.16898000000000002,-0.0038800000000001056
-0.08251999999999993,-0.11080000000000007
-0.1805,0.058499999999999996
0.013739999999999974,-0.08908000000000005
0.24252000000000007,0.2139199999999999
-0.2666,-0.10972000000000004
0.19598000000000004,-0.12230000000000002
0.09573999999999994,-0.12492000000000003
-0.01303999999999994,-0.05102000000000001
0.14893999999999996,0.05047999999999997
-0.09363999999999995,-0.20686000000000004
-0.11283999999999994,0.04633999999999994
-0.14311999999999997,-0.17528000000000005
0.17268000000000006,0.015179999999999971
-0.048880000000000035,0.06379999999999997
0.030279999999999974,-0.00048000000000003595
-0.03581999999999996,-0.15654000000000007
0.20823999999999998,-0.12082000000000004
-0.01193999999999995,-0.19494000000000006
0.14122,0.07463999999999993
0.23332000000000008,0.17437999999999998
-0.2269,0.07179999999999997
0.029179999999999984,0.05037999999999998
-0.07772000000000001,0.12043999999999988
0.005619999999999958,0.1434399999999999
0.05486000000000002,-0.19088000000000005
0.11172000000000004,0.05831999999999993
-0.14613999999999994,0.16813999999999996
-0.14011999999999997,-0.19642000000000004
0.18562,-0.0049600000000000755
0.05720000000000003,-0.04958000000000007
0.02976000000000001,-0.21400000000000002
0.24006000000000005,-0.041060000000000096
-0.024680000000000035,0.01193999999999995
0.06662000000000001,0.30823999999999996
-0.10858000000000001,0.06579999999999997
0.14983999999999997,0.20292
0.05891999999999997,0.11346
-0.18664000000000003,-0.17228000000000004
-0.013919999999999932,-0.21256000000000003
-0.12261999999999995,-0.15550000000000003
0.04390000000000005,0.0032999999999999696
0.11563999999999997,0.10581999999999991
0.23382000000000003,-0.06700000000000006
-0.035519999999999996,-0.030240000000000045
-0.08545999999999998,-0.020620000000000083
-0.10449999999999998,-0.09970000000000007
-0.0013800000000000479,-0.24776000000000004
0.09836,0.09089999999999998
0.16693999999999998,0.05599999999999994
0.10992000000000002,0.009680000000000022
-0.09839999999999999,-0.07470000000000004
0.06908000000000003,0.06289999999999996
-0.13403999999999994,-0.11756000000000011
0.23796000000000006,0.030339999999999923
0.08777999999999997,0.0012799999999999478
0.24162000000000006,0.14386
0.14342,0.3186
0.2548600000000001,0.19607999999999992
-0.28668,-0.026960000000000095
-0.01988000000000001,-0.13730000000000003
0.22819999999999996,0.19799999999999995
-0.19079999999999997,-0.16664000000000007
0.2245600000000001,0.08885999999999994
-0.08453999999999995,-0.13216000000000006
-0.21888000000000002,0.13147999999999993
-0.21238,0.11978
0.2037,-0.11052000000000001
0.030179999999999985,-0.12038000000000004
0.06988000000000005,0.2972799999999999
-0.04574,0.09451999999999994
0.10353999999999997,-0.02300000000000002
-0.05410000000000004,-0.08258000000000004
0.2321200000000001,0.20121999999999995
-0.015839999999999965,-0.15962000000000004
0.23077999999999999,0.11268
-0.15898,0.07067999999999997
-0.09596000000000005,0.044319999999999915
0.13568000000000002,0.1897199999999999
0.08789999999999998,0.3141999999999999
-0.04820000000000002,0.08957999999999999
-0.27405999999999997,-0.07824000000000003
0.25708,0.11749999999999994
-0.016220000000000012,0.12068000000000001
0.10282000000000002,0.25505999999999995
0.18674000000000002,0.2250399999999999
0.0016599999999999948,0.016059999999999963
-0.10653999999999997,0.005519999999999969
-0.00036000000000002697,-0.0027399999999999647
0.008160000000000056,0.03483999999999987
0.16646000000000005,0.2783199999999999
-0.21468000000000004,0.015699999999999936
-0.26298,-0.07162000000000002
-0.255,-0.1004600000000001
-0.16191999999999995,-0.055860000000000076
-0.18372,0.1331
0.2541399999999999,0.14583999999999997
0.17590000000000006,0.16233999999999993
0.11550000000000005,-0.05660000000000004
0.13273999999999997,0.30672
0.2207,-0.03958000000000006
0.2175600000000001,0.22123999999999988
-0.023499999999999965,-0.16402000000000005
0.10773999999999995,0.19241999999999992
0.02633999999999992,0.14151999999999998
-0.04798000000000002,-0.04758000000000007
0.06618000000000002,-0.14596000000000003
-0.17081999999999997,-0.0843600000000001
0.019100000000000006,-0.16390000000000005
0.19743999999999995,-0.13714000000000004
-0.26294,-0.028820000000000068
0.10683999999999994,0.06635999999999997
0.15568000000000004,-0.022419999999999995
-0.13518000000000002,-0.07966000000000006
0.15091999999999994,-0.08430000000000004
0.054159999999999986,0.03971999999999998
-0.05291999999999997,-0.22460000000000002
-0.09408000000000005,-0.0049800000000000955
0.1773,0.07761999999999991
0.03759999999999997,-0.08360000000000006
0.12171999999999994,-0.08632000000000001
-0.16412,0.1683
0.22862000000000005,-0.021340000000000026
-0.04820000000000002,0.13915999999999995
0.03610000000000002,-0.15200000000000002
-0.28991999999999996,-0.01318000000000008
-0.02316000000000007,-0.20056000000000002
0.09104000000000001,-0.19834000000000007
0.20296000000000003,0.15252
0.10282000000000002,0.30622000000000005
0.09133999999999998,-0.17818000000000006
0.13870000000000005,0.26288
-0.10509999999999997,0.04086000000000001
0.20656000000000008,0.07865999999999995
0.13658000000000003,0.060760000000000036
-0.22805999999999998,-0.03930000000000006
-0.21781999999999996,-0.0828600000000001
0.08701999999999999,-0.21166000000000001
0.15064,0.18497999999999992
-0.21983999999999998,0.12847999999999993
0.15978000000000003,-0.05134
-0.18594,0.14325999999999994
-0.25178,-0.0019000000000000128
0.13671999999999995,-0.11242000000000002
0.14007999999999998,0.030959999999999988
0.06408000000000003,0.05286000000000002
0.18386000000000002,0.13676
0.15416000000000007,-0.18868000000000007
0.13623999999999992,0.07147999999999999
-0.06430000000000002,-0.22544000000000003
0.18823999999999996,-0.11220000000000002
0.07696000000000003,-0.11978000000000005
-0.21371999999999997,-0.15342
0.18743999999999994,0.21965999999999997
-0.13718000000000002,-0.05464000000000002
-0.17641999999999997,0.10083999999999993
0.23807999999999996,0.12027999999999994
-0.039059999999999984,0.1536399999999999
-0.05833999999999995,-0.14966000000000002
0.25107999999999997,0.09855999999999998
0.18076000000000003,-0.02192000000000005
0.09789999999999999,0.10417999999999994
0.07606000000000002,0.29889999999999994
-0.08211999999999997,0.021119999999999917
-0.11469999999999997,0.1792999999999999
0.25666,0.04825999999999997
0.13663999999999998,0.057679999999999954
-0.0837,0.017999999999999905
-0.007539999999999991,0.00988
-0.013440000000000007,0.13231999999999988
-0.26766,0.09155999999999997
-0.13690000000000002,-0.18536000000000002
0.25117999999999996,0.1485399999999999
0.006860000000000088,-0.007960000000000078
-0.20182,-0.1141600000000001
0.2623,0.07879999999999998
0.15476,-0.07160000000000005
0.07296000000000002,-0.04958000000000007
-0.2117,0.019399999999999973
-0.06223999999999996,-0.03666000000000014
-0.23835999999999996,-0.09476000000000007
-0.13128,0.07199999999999995
-0.2464,0.010619999999999963
0.16501999999999994,0.16066000000000003
0.13346000000000002,-0.20916
0.26782000000000006,0.06309999999999993
0.04388000000000003,0.13301999999999992
0.19604,-0.00048000000000003595
0.15936000000000006,0.2255999999999999
0.04301999999999995,-0.06628000000000006
0.0006000000000000449,-0.049300000000000066
-0.12291999999999997,-0.16094000000000003
0.12850000000000006,0.08711999999999998
-0.11549999999999999,-0.16764000000000007
-0.20404,-0.11236000000000007
0.24377999999999989,0.03609999999999991
0.07298000000000004,0.21296000000000004
-0.21028000000000002,-0.11778000000000005
-0.14598,0.16545999999999994
0.009120000000000017,-0.04904000000000003
0.15378000000000003,0.27273999999999987
0.09326000000000001,-0.18684000000000006
0.03969999999999996,0.02959999999999996
0.17328,0.14963999999999988
-0.26226,0.023259999999999947
-0.2636,-0.031380000000000075
-0.23565999999999998,-0.001060000000000061
-0.021460000000000035,-0.07300000000000006
0.10514000000000001,0.29476
0.18513999999999997,0.21223999999999987
0.09623999999999999,0.11049999999999993
0.12519999999999998,0.19873999999999992
-0.21844000000000002,-0.053320000000000034
0.05233999999999994,-0.16574000000000005
-0.09382000000000001,0.08016000000000001
0.02090000000000003,0.14603999999999995
0.21101999999999999,0.25481999999999994
0.14522000000000002,-0.16476000000000002
0.21977999999999998,0.21373999999999993
-0.09236,0.12443999999999988
-0.0011200000000000099,0.11055999999999999
0.05893999999999999,-0.06652000000000002
-0.08343999999999996,-0.02314000000000005
-0.07547999999999999,-0.19802000000000003
0.23177999999999999,-0.012860000000000094
0.23883999999999994,0.1280199999999999
-0.0796,0.09881999999999991
-0.14981999999999995,-0.0026800000000000157
0.1422,0.17643999999999993
-0.15643999999999997,-0.08274000000000004
0.08750000000000002,0.10926000000000002
-0.24488,-0.12226000000000009
0.06446000000000007,-0.012340000000000018
0.10076000000000007,0.2714
-0.20454,-0.09164
0.09672000000000003,-0.0445600000000001
-0.022619999999999973,-0.0037600000000000966
0.17978000000000005,0.10055999999999998
0.042239999999999944,0.029899999999999927
-0.08483999999999992,0.07296000000000002
-0.10406000000000004,-0.18510000000000004
0.008319999999999994,0.07386000000000004
-0.009639999999999982,0.01766000000000001
-0.10883999999999994,0.07577999999999996
0.2352200000000001,0.16371999999999998
0.14438000000000006,0.18069999999999997
-0.04378000000000004,-0.16240000000000004
-0.07131999999999994,0.030099999999999905
0.013560000000000016,-0.07170000000000004
0.16591999999999996,-0.000140000000000029
0.12513999999999992,-0.07470000000000004
0.049819999999999975,-0.03414000000000006
0.0904600000000001,0.32889999999999997
-0.06489999999999996,0.04408000000000001
-0.12143999999999994,-0.07216000000000006
0.18020000000000003,0.2603399999999999
-0.07008000000000003,-0.028060000000000085
-0.05352000000000001,-0.09318000000000004
-0.1941,-0.061840000000000006
0.2033600000000001,0.03851999999999989
0.11172000000000004,-0.018060000000000076
-0.2091,0.0242
0.13492000000000004,-0.13544000000000006
-0.23162,0.041139999999999954
-0.19761999999999996,0.06909999999999994
0.09908000000000006,0.027799999999999936
-0.19904,0.16233999999999993
0.1654,0.12705999999999995
-0.08889999999999998,-0.09330000000000005
0.08596000000000004,-0.14908000000000005
0.08309999999999995,0.14735999999999994
0.15958000000000006,-0.15272000000000002
-0.016859999999999986,-0.07116000000000006
-0.12496000000000002,0.12487999999999999
0.13078,0.0971399999999999
-0.041200000000000014,-0.18902000000000002
-0.14400000000000002,-0.06842000000000004
0.0044800000000000395,-0.16264000000000006
0.13996000000000008,0.16391999999999995
0.22463999999999995,0.19087999999999994
-0.061939999999999995,-0.05890000000000006
-0.07726,-0.13494000000000006
-0.2042,-0.17148000000000008
-0.08818000000000004,0.1415399999999999
0.10338000000000003,0.07386000000000004
0.1946,0.15971999999999997
-0.07982,-0.03373999999999999
-0.032179999999999986,-0.11790000000000006
-0.21939999999999998,0.07287999999999994
0.09101999999999999,0.2642
0.12473999999999996,0.2945399999999999
-0.08204,0.03959999999999997
0.14638000000000007,-0.19566000000000006
0.20388000000000006,0.10858000000000001
-0.013419999999999987,0.11103999999999992
-0.27926,-0.05082000000000003
0.15659999999999996,0.01083999999999996
0.14954,0.22543999999999986
-0.06557999999999997,0.13907999999999998
0.1644,0.12085999999999997
0.1522,0.18353999999999993
-0.018239999999999923,-0.13146000000000002
0.13,0.060739999999999905
0.14071999999999996,0.07006000000000001
-0.13228,0.05811999999999995
-0.03949999999999998,-0.058120000000000005
-0.06789999999999996,-0.09326000000000007
0.19973999999999992,-0.009180000000000077
-0.10827999999999999,0.04633999999999994
-0.08121999999999996,-0.21312000000000003
-0.18222,0.06738
0.04123999999999994,0.08441999999999994
-0.036860000000000004,0.10185999999999995
-0.13823999999999997,-0.15754000000000007
-0.14703999999999995,-0.07934000000000002
0.21394000000000002,0.07233999999999996
-0.03826000000000007,-0.028080000000000105
-0.12816000000000005,0.11869999999999992
0.06653999999999993,-0.24418000000000006
-0.127,0.14336000000000004
-0.013660000000000005,-0.021460000000000035
0.10886000000000007,-0.25238000000000005
0.2523200000000001,0.20486000000000004
-0.07418000000000002,-0.06288000000000005
0.022499999999999964,-0.1186600000000001
0.12741999999999998,0.17289999999999994
0.04710000000000003,-0.1256600000000001
-0.24364000000000002,-0.006200000000000094
0.044239999999999946,-0.052760000000000085
-0.049719999999999986,0.07235999999999998
0.0024199999999999777,-0.026939999999999964
-0.06399999999999995,0.12078
-0.05886000000000002,-0.18288000000000004
0.21792,0.08001999999999998
0.18603999999999998,0.0394199999999999
-0.07438,0.15833999999999993
-0.01627999999999996,-0.10724
0.19910000000000005,0.016899999999999915
-0.007199999999999984,-0.10380000000000006
0.10321999999999998,-0.03878000000000004
-0.07130000000000003,0.018179999999999974
-0.19938,0.07941999999999994
0.07178000000000007,-0.10258000000000006
-0.023599999999999954,-0.21318000000000004
-0.04966000000000004,-0.06242000000000003
0.019199999999999995,-0.14532
0.19582,0.26666
0.08023999999999998,-0.20288000000000006
0.029900000000000038,0.14701999999999993
-0.2106,0.09773999999999994
-0.06657999999999997,0.018019999999999925
0.1704,0.12481999999999993
-0.27278,-0.04266000000000009
0.14156000000000002,-0.08402000000000004
-0.16376000000000002,0.12905999999999995
0.05016000000000009,-0.07068000000000008
0.11576000000000009,0.31823999999999997
0.118,-0.10670000000000007
0.1035600000000001,0.3139399999999999
-0.09620000000000001,0.06455999999999995
0.015280000000000071,0.08397999999999994
-0.20261999999999997,0.006699999999999928
-0.24918,-0.0033000000000000806
-0.22110000000000002,0.13568000000000002
0.12656,-0.12976000000000004
-0.04378000000000004,-0.10320000000000007
-0.018819999999999948,0.08711999999999998
-0.25942,0.06393999999999989
-0.30134,0.040019999999999945
0.10302,-0.18488000000000004
-0.24406,0.06115999999999999
0.02190000000000003,-0.048839999999999995
-0.19901999999999997,0.08243999999999996
-0.26944,0.11336000000000002
0.24683999999999995,0.012499999999999956
0.12997999999999998,-0.02182000000000006
-0.15146000000000004,-0.038900000000000046
-0.07472000000000001,0.1399999999999999
0.008660000000000001,0.07703999999999989
-0.21421999999999997,0.08106000000000002
0.09136,0.09233999999999987
0.06331999999999993,-0.04628000000000004
-0.16183999999999998,-0.15496000000000004
-0.14498,-0.07694000000000001
0.17328,-0.16196000000000005
0.02207999999999999,-0.13192000000000004
-0.14242,0.17889999999999995
0.18162,0.13823999999999992
0.03852,-0.08914
0.014800000000000035,-0.13396000000000002
0.049939999999999984,-0.16748000000000007
-0.17433999999999994,-0.18104000000000003
0.03412000000000004,-0.07824000000000003
-0.1503,-0.12402000000000002
0.010460000000000025,0.10201999999999989
-0.027019999999999933,0.06133999999999995
-0.19658000000000003,-0.15316000000000002
-0.14723999999999998,0.026419999999999888
-0.09473999999999994,-0.05590000000000006
-0.20228000000000002,-0.11986000000000008
-0.22609999999999997,0.05159999999999998
-0.013880000000000003,-0.12602000000000002
-0.17683999999999994,0.11019999999999996
0.022540000000000004,0.06777999999999995
-0.15318000000000004,-0.16678000000000004
-0.010780000000000012,-0.02970000000000006
-0.09166000000000007,-0.16482000000000002
-0.14316,0.051960000000000006
0.08250000000000002,-0.16810000000000003
0.2249,0.013439999999999896
0.18316,0.03876000000000002
-0.21284000000000003,-0.09020000000000006
-0.13471999999999995,0.08641999999999994
0.14332,-0.02183999999999997
-0.26102,-0.08646000000000009
0.09066000000000007,0.21041999999999994
0.05736000000000008,-0.08302000000000004
0.0018000000000000238,0.11203999999999992
-0.23318,-0.042260000000000075
-0.28674,0.03389999999999993
-0.14279999999999998,0.0017399999999999638
-0.03495999999999999,0.07463999999999993
-0.1889,-0.11476000000000008
-0.23288000000000003,0.06243999999999994
-0.024680000000000035,-0.22496000000000005
-0.27621999999999997,0.0027800000000000047
0.20608000000000004,0.135
-0.14248,0.02935999999999994
-0.20778000000000002,-0.05630000000000007
-0.008039999999999936,0.10777999999999999
-0.12823999999999997,-0.12664000000000003
0.14216000000000006,0.21387999999999996
0.009719999999999951,-0.17390000000000005
-0.20008000000000004,0.031259999999999954
-0.15238000000000002,-0.12636000000000008
0.03151999999999999,0.1252199999999999
-0.18483999999999995,-0.15118000000000004
-0.17426000000000003,0.1495399999999999
-0.18634,-0.11992000000000003
-0.11533999999999994,0.16645999999999994
-0.06042000000000003,0.020019999999999927
-0.20482,-0.05624000000000001
-0.09593999999999997,-0.16620000000000007
-0.10563999999999996,-0.04682000000000003
0.23992000000000002,-0.05722000000000005
0.01646000000000003,-0.12503999999999998
0.05300000000000005,0.05828
-0.13728,0.12805999999999995
-0.2469,0.013739999999999863
0.02627999999999997,-0.23742000000000002
-0.13206,0.05076000000000003
-0.08533999999999997,-0.11554000000000003
-0.06106,-0.06390000000000007
-0.04789999999999994,-0.09442
0.03173999999999999,-0.09722000000000003
-0.16721999999999998,-0.04600000000000004
-0.07928000000000002,-0.02216000000000007
-0.031360000000000054,-0.19786000000000004
0.25093999999999994,-0.034580000000000055
0.15754,0.07197999999999993
0.015919999999999934,-0.25036
0.09179999999999999,-0.14128000000000007
-0.17133999999999994,-0.08716000000000007
0.08863999999999994,-0.016760000000000108
0.20210000000000006,0.06509999999999994
-0.050960000000000005,-0.05972000000000005
0.13968000000000003,0.0014399999999998858
0.19808000000000003,0.2774399999999999
-0.0022600000000000398,0.06487999999999994
-0.20471999999999996,0.0028799999999999937
-0.03711999999999993,-0.06830000000000003
0.08089999999999997,0.10533999999999988
-0.027760000000000007,0.11646000000000001
0.19089999999999996,0.030139999999999945
-0.019580000000000042,0.11291999999999991
-0.15788000000000002,-0.13188000000000005
-0.05836000000000008,-0.1267600000000001
-0.21495999999999998,-0.06322000000000005
0.20184000000000002,0.045379999999999976
-0.045460000000000056,0.14281999999999995
0.08040000000000003,-0.25662
-0.2641,-0.01996000000000009
-0.24656,-0.005900000000000016
-0.12423999999999996,-0.024860000000000104
-0.17709999999999998,0.14425999999999994
-0.20276,0.0011199999999998989
0.07682,-0.01750000000000007
0.13478,0.12193999999999994
-0.16683999999999993,-0.13674000000000003
-0.18858000000000003,0.08551999999999993
0.24856,0.12927999999999995
0.09382000000000001,0.10871999999999993
0.18752000000000002,-0.10846000000000006
-0.08121999999999996,0.06981999999999988
0.14271999999999996,-0.20618000000000009
0.15800000000000003,0.2713
0.2107,0.19451999999999992
-0.012780000000000014,0.06106
0.07689999999999997,0.038839999999999875
-0.09209999999999996,-0.14382
0.20241999999999993,0.03269999999999995
-0.10389999999999999,-0.02646000000000004
0.013719999999999954,-0.14008000000000004
-0.24403999999999998,0.06535999999999997
-0.14539999999999997,-0.11704000000000003
0.08133999999999997,-0.006160000000000054
0.03256000000000003,0.03395999999999999
0.20223999999999998,0.28893999999999986
0.26837999999999995,0.16279999999999994
-0.19485999999999998,-0.12088000000000004
-0.12553999999999998,0.03208
-0.26911999999999997,-0.10338000000000008
0.10492000000000001,0.3216
0.24106000000000005,0.0026599999999999957
0.07718000000000003,-0.15642
-0.01961999999999997,0.050960000000000005
0.03049999999999997,0.024599999999999955
0.13278,0.1695399999999999
0.11448000000000003,0.27913999999999994
-0.14493999999999996,-0.12390000000000007
0.05996000000000001,-0.10544000000000003
-0.03171999999999997,-0.15234000000000003
0.01968000000000003,-0.08038000000000006
0.04642000000000002,-0.14174000000000003
-0.1477,-0.07638000000000006
0.17390000000000005,0.22316000000000003
-0.14389999999999997,0.048919999999999964
0.01432,-0.028880000000000017
0.25747999999999993,0.12021999999999988
0.27249999999999996,0.1761999999999999
-0.03805999999999998,-0.10746000000000006
-0.07347999999999999,-0.10018000000000005
0.11546000000000001,-0.012280000000000069
0.12978,-0.19450000000000006
0.08546000000000009,0.26261999999999996
-0.061799999999999966,-0.0016000000000000458
0.07756000000000007,0.22897999999999996
-0.21154,0.08509999999999995
0.12270000000000003,0.23541999999999996
-0.15063999999999994,0.11669999999999991
-0.07196000000000002,-0.030200000000000005
0.24503999999999992,0.20811999999999997
-0.22849999999999998,0.09775999999999996
-0.040139999999999953,0.11287999999999998
0.16968000000000005,-0.08928000000000008
-0.006260000000000043,-0.09928000000000009
-0.06762000000000001,-0.21314000000000005
0.13632,0.11327999999999994
0.040100000000000025,0.008660000000000001
0.08276000000000006,-0.08848000000000006
-0.24603999999999998,0.021399999999999975
-0.12209999999999999,0.01411999999999991
-0.06898000000000004,0.15976
0.035660000000000025,0.0016999999999999238
-0.17283999999999994,0.08613999999999988
-0.04149999999999998,0.08448
0.05058000000000007,-0.21400000000000002
-0.025819999999999954,-0.15526
0.21367999999999998,0.19418000000000002
0.025000000000000022,-0.11010000000000003
-0.037939999999999974,-0.14876000000000006
-0.19838,-0.09123999999999999
0.15971999999999997,0.29767999999999983
-0.09455999999999998,-0.22546000000000005
0.27957999999999994,0.14389999999999992
-0.07001999999999997,0.012680000000000025
-0.09428000000000003,-0.026619999999999977
0.11380000000000001,-0.07252000000000003
-0.01319999999999999,-0.08544000000000002
-0.06920000000000004,-0.23596000000000006
0.025460000000000038,-0.10648000000000007
-0.21114,-0.04362000000000005
0.06276000000000004,0.04727999999999999
-0.10503999999999997,-0.12356000000000006
0.16537999999999997,0.006279999999999952
0.08333999999999997,0.0414199999999999
-0.03181999999999996,0.12297999999999998
0.11429999999999996,-0.17556000000000005
0.06215999999999999,-0.020300000000000096
-0.20651999999999998,-0.05312
-0.13416000000000006,0.08339999999999992
-0.0011200000000000099,-0.18568000000000007
0.18742000000000003,0.2047199999999999
0.06933999999999996,0.04618
0.2538,-0.0028600000000000847
0.040260000000000074,-0.06602000000000002
-0.27794,0.028859999999999997
0.2531399999999999,0.05057999999999996
-0.23862,0.11493999999999993
0.10014,-0.02173999999999998
-0.025439999999999907,-0.060400000000000065
-0.06613999999999998,-0.18092000000000003
-0.04153999999999991,-0.17150000000000004
0.14029999999999998,0.0937
0.08341999999999994,-0.25352
0.15388000000000002,0.03293999999999997
-0.21505999999999997,-0.013620000000000076
0.10821999999999998,0.29179999999999995
0.0012999999999999678,-0.04324
-0.02866000000000002,-0.05304000000000003
0.08406000000000002,0.3129799999999999
-0.16498000000000002,-0.06338000000000005
-0.21104,0.10603999999999991
0.16352,-0.04920000000000002
0.0010000000000000009,0.0757199999999999
0.11906000000000005,-0.22146000000000005
-0.23735999999999996,-0.08280000000000004
0.03398000000000001,0.13183999999999996
-0.05486000000000002,-0.22746000000000005
0.0020399999999999308,0.0131
0.23962000000000006,0.10236
0.20138,0.10885999999999996
-0.06215999999999999,-0.23220000000000007
-0.03076000000000001,-0.06596000000000007
0.1492,0.2824
0.07920000000000005,-0.10398000000000007
-0.16291999999999995,0.10063999999999995
-0.057479999999999976,0.13817999999999997
-0.25136,-0.039339999999999986
-0.06563999999999992,-0.11328000000000005
0.10693999999999992,-0.009220000000000006
-0.06791999999999998,-0.17874000000000007
0.07946000000000009,-0.031280000000000086
-0.2525,-0.011440000000000006
-0.14679999999999999,0.10293999999999992
-0.1684,-0.13350000000000006
-0.20239999999999997,0.09797999999999996
0.25637999999999994,0.20141999999999993
-0.0024999999999999467,-0.040160000000000085
0.1573,0.17933999999999994
-0.09831999999999996,-0.08752000000000004
0.1109,-0.10348000000000007
0.07694000000000001,-0.21660000000000007
0.10668,-0.17766000000000004
0.20628000000000002,0.028639999999999888
0.23224,0.09065999999999996
-0.12333999999999995,-0.11264000000000002
0.14600000000000002,-0.11736000000000008
-0.10043999999999997,0.05703999999999987
0.12456,0.02515999999999996
-0.23396,-0.08956000000000008
0.11880000000000002,-0.20232
0.08583999999999992,0.02085999999999999
0.22236,0.18738
0.031420000000000003,0.00985999999999998
-0.05930000000000002,-0.13086000000000003
0.26312000000000013,0.1787399999999999
0.17198000000000002,0.0035800000000000276
0.13360000000000005,-0.02283999999999997
-0.0887,0.15178000000000003
0.16443999999999992,0.2338
-0.2757,0.054379999999999984
0.020320000000000005,-0.12978000000000006
-0.11571999999999999,0.10907999999999995
0.10026000000000002,0.05443999999999993
0.11114000000000002,-0.008539999999999992
0.15374,-0.10204000000000002
0.01741999999999999,0.10909999999999997
0.04926000000000008,-0.06058000000000008
0.10161999999999993,-0.24454000000000004
0.14573999999999998,-0.07416000000000006
-0.14407999999999999,0.08063999999999993
0.010499999999999954,0.01531999999999989
0.061939999999999995,-0.08918000000000004
0.013739999999999974,-0.16992000000000002
-0.17741999999999997,0.1787399999999999
0.12376000000000009,0.22829999999999995
0.20678000000000007,0.1695199999999999
0.16549999999999998,0.1936199999999999
0.024980000000000002,-0.15626
-0.09243999999999997,-0.01432
-0.13823999999999997,-0.07540000000000002
-0.14361999999999997,0.02207999999999999
0.09992000000000001,0.023619999999999974
0.24602000000000013,0.0036599999999999966
-0.24874000000000002,-0.055460000000000065
0.22736,0.037819999999999965
-0.04953999999999992,-0.15726
-0.2613,0.10109999999999997
-0.18176000000000003,0.12293999999999994
0.12939999999999996,0.11926000000000003
0.10021999999999998,0.10595999999999994
0.06474000000000002,0.006939999999999946
-0.015960000000000085,0.006360000000000032
0.06213999999999997,0.27086
-0.26632,0.01529999999999998
-0.28331999999999996,0.06411999999999995
0.16771999999999998,-0.03538000000000008
-0.1259,-0.18472000000000005
-0.27854,-0.056580000000000075
-0.24341999999999997,-0.15386000000000005
-0.16743999999999998,0.18119999999999992
0.14766,-0.057040000000000035
0.263,0.07611999999999997
0.16858000000000006,0.05111999999999994
-0.22255999999999998,-0.045960000000000056
0.26776,0.13056
-0.23722,0.05721999999999994
0.27492000000000005,-0.010739999999999972
-0.031000000000000028,-0.14664000000000005
-0.058599999999999985,-0.1055600000000001
-0.03527999999999998,0.11678
0.2277,0.031319999999999903
0.06015999999999999,-0.17840000000000006
0.13593999999999995,-0.08560000000000006
-0.14176000000000005,-0.03542000000000001
0.04616000000000009,0.022760000000000002
-0.020480000000000054,0.09833999999999987
0.1602,0.17381999999999997
0.14317999999999997,-0.07884000000000002
0.14088,0.08126
0.020239999999999925,0.13993999999999995
0.05596000000000001,-0.18340000000000006
-0.09451999999999994,0.05111999999999994
-0.09323999999999999,0.06938
0.12461999999999995,-0.17356000000000005
-0.17546,0.016619999999999968
0.05074000000000001,-0.17556000000000005
-0.26626,-0.07772000000000001
0.01428000000000007,0.03073999999999988
0.12258000000000002,0.2620199999999999
0.06320000000000003,-0.05784
-0.05569999999999997,-0.15942
0.09638000000000002,0.29367999999999983
0.047539999999999916,-0.11500000000000005
0.16666000000000003,-0.11774000000000001
-0.25308,-0.10968000000000006
0.09806000000000004,0.05840000000000001
-0.11421999999999999,-0.029140000000000055
-0.24235999999999996,0.11803999999999992
-0.28344,-0.005120000000000013
0.21946,0.19797999999999993
-0.22964,-0.15366000000000002
0.24962000000000006,0.007719999999999949
-0.241,0.012519999999999976
0.00544,-0.06236000000000008
-0.26861999999999997,0.07821999999999996
0.07876000000000005,-0.17246000000000006
-0.17153999999999997,0.10033999999999987
-0.19598,0.09827999999999992
-0.2946,0.02739999999999998
-0.11309999999999998,-0.005739999999999967
0.2757200000000001,0.16203999999999996
0.2300200000000001,0.03693999999999997
-0.17438000000000003,-0.05850000000000005
-0.24138000000000004,-0.08030000000000004
-0.07235999999999998,0.1212399999999999
0.21198000000000006,-0.050839999999999996
-0.1936,0.0900399999999999
0.16748000000000007,0.2328
-0.09221999999999997,0.06655999999999995
0.042039999999999966,-0.045020000000000004
0.12660000000000005,-0.0021200000000000108
0.08272000000000002,-0.10180000000000006
0.18359999999999999,0.07103999999999988
-0.07713999999999999,0.05689999999999995
0.058539999999999925,0.011199999999999988
0.13383999999999996,0.08367999999999998
0.09141999999999995,0.2076
-0.07973999999999992,-0.22384000000000004
0.18281999999999998,-0.006040000000000045
-0.06533999999999995,-0.10762000000000005
0.013539999999999996,-0.24820000000000003
-0.11418,-0.07308000000000009
0.16243999999999992,-0.019580000000000042
0.2693,0.034359999999999946
-0.08672000000000002,0.01651999999999998
-0.25072,0.03649999999999998
-0.24403999999999998,-0.009120000000000017
-0.20850000000000002,-0.03068000000000004
-0.02429999999999999,0.02835999999999994
0.14771999999999996,-0.19010000000000005
0.044520000000000004,0.07167999999999997
-0.14939999999999998,-0.16592
0.17086,0.08706000000000003
-0.22828000000000004,-0.03593999999999997
0.24240000000000006,0.01857999999999993
-0.16081999999999996,-0.19334000000000007
0.03723999999999994,-0.18376000000000003
0.12209999999999999,-0.04194000000000003
-0.15978000000000003,0.09123999999999988
0.047660000000000036,0.039899999999999936
-0.07801999999999998,0.08326
-0.05678000000000005,0.0829399999999999
0.14638000000000007,0.07381999999999989
0.02316000000000007,0.10765999999999998
-0.2643,0.04267999999999994
-0.20376,0.014660000000000006
-0.13069999999999998,-0.12080000000000002
0.15117999999999998,0.25556
-0.0839399999999999,0.1300199999999999
-0.27346,-0.014660000000000117
0.08540000000000003,0.2058199999999999
-0.010399999999999965,-0.17132000000000003
0.10563999999999996,-0.14416
-0.26971999999999996,-0.05004000000000003
-0.07482,-0.0018200000000000438
0.04088000000000003,-0.23372000000000004
0.1865,0.08767999999999998
-0.11893999999999993,0.15166000000000002
0.06101999999999996,-0.06906000000000007
0.09072000000000002,0.30547999999999986
-0.19834000000000002,0.1274399999999999
-0.21836,0.059719999999999884
-0.008239999999999914,0.020439999999999903
-0.2686,-0.11804000000000003
-0.1594,-0.0042000000000000925
0.15232,-0.14652000000000004
0.18174,0.1041399999999999
-0.016619999999999968,-0.058520000000000016
0.23227999999999993,0.09593999999999991
-0.06889999999999996,-0.23094000000000003
0.14449999999999996,-0.14544000000000007
-0.028980000000000006,-0.16672000000000003
-0.05636000000000008,-0.000460000000000127
0.04478000000000004,0.28876
0.030420000000000003,0.021339999999999915
0.19072,-0.12374000000000002
-0.19195999999999996,-0.08202000000000004
0.050980000000000025,-0.18670000000000003
0.20956000000000008,0.06099999999999994
-0.22796,0.00046000000000001595
-0.055439999999999934,-0.17788000000000004
-0.22602,0.03961999999999999
0.09211999999999998,0.11097999999999997
-0.0006599999999999939,-0.03434000000000004
-0.027639999999999998,0.09531999999999996
0.034640000000000004,0.02298
-0.19128,0.07923999999999987
0.20758,0.08111999999999997
0.11243999999999998,0.12666
0.21372000000000002,0.13825999999999994
-0.15483999999999998,-0.07848000000000005
-0.03656000000000004,0.11349999999999993
0.012700000000000045,-0.22362000000000004
-0.10093999999999997,0.15888000000000002
0.21898000000000006,0.11068
-0.03200000000000003,-0.10088000000000008
0.11438000000000004,-0.20080000000000003
0.04146000000000005,-0.22634000000000004
0.13842,0.07653999999999994
0.06128,0.02941999999999989
0.02642,-0.0747600000000001
0.05016000000000009,-0.20200000000000007
0.07513999999999998,0.12761999999999996
-0.16709999999999997,-0.15644000000000008
0.27193999999999996,0.08561999999999992
-0.25061999999999995,0.02849999999999997
0.25672000000000006,0.13305999999999996
-0.14936000000000005,0.14169999999999994
0.09982000000000002,-0.14132
0.00786000000000009,0.11758000000000002
-0.24546,-0.11664000000000002
-0.24135999999999996,0.13201999999999992
-0.08773999999999993,0.12413999999999992
-0.22458,0.08567999999999998
-0.12722,0.11307999999999996
0.23356,-0.056020000000000014
0.12578,0.060739999999999905
-0.043339999999999934,0.01637999999999995
-0.026599999999999957,0.14325999999999994
-0.19072,-0.060880000000000045
0.13219999999999998,-0.13574000000000003
0.10793999999999992,0.012239999999999918
0.21241999999999994,0.17669999999999997
0.19720000000000004,0.20316
0.0014399999999999968,0.08043999999999996
0.10133999999999999,0.0394199999999999
-0.18685999999999997,0.031460000000000043
0.15516000000000008,0.043399999999999994
0.09792000000000001,0.27657999999999994
-0.08173999999999992,0.033279999999999976
-0.20055999999999996,-0.11124
-0.25234,-0.01754
0.21482,0.015680000000000027
0.13260000000000005,0.07709999999999995
0.047619999999999996,-0.03954000000000002
0.15491999999999995,0.013939999999999952
-0.12126000000000003,0.1341
0.15680000000000005,-0.22094000000000008
0.20704,-0.12496000000000007
0.25783999999999996,0.01317999999999997
0.15780000000000005,0.06231999999999993
0.05403999999999998,-0.03761999999999999
-0.24348000000000003,-0.09638000000000008
-0.07613999999999999,-0.23816000000000004
-0.08838000000000001,0.09333999999999987
-0.12498000000000004,0.05581999999999998
0.08343999999999996,0.02857999999999994
0.04349999999999998,-0.026060000000000083
-0.13132,-0.15540000000000004
0.07886000000000004,-0.10702
-0.25451999999999997,-0.029060000000000086
0.11168,-0.053760000000000085
0.08731999999999995,0.32086000000000003
0.13744,0.28813999999999995
-0.1733,-0.15102000000000004
0.2531,0.05909999999999993
-0.07788000000000006,-0.1995800000000001
-0.21034000000000003,-0.09468000000000004
0.22302,0.18233999999999995
-0.25576,-0.049060000000000104
-0.06286000000000003,-0.17278000000000004
-0.13818000000000003,0.11687999999999998
0.08350000000000002,0.07323999999999997
0.12507999999999997,-0.12696000000000007
0.048740000000000006,-0.17336000000000001
0.1632,-0.010880000000000112
0.021619999999999973,0.08655999999999997
0.21421999999999997,-0.0025000000000000577
0.09353999999999996,-0.09616000000000008
0.050880000000000036,-0.22046000000000004
-0.10973999999999995,-0.10294000000000003
-0.11113999999999996,0.04815999999999998
0.24702000000000013,-0.043440000000000034
0.22138000000000002,0.19082
0.021680000000000033,-0.16594000000000003
0.21189999999999998,-0.04820000000000002
-0.010419999999999985,-0.00888000000000011
-0.08750000000000002,-0.10244000000000003
0.04500000000000004,-0.08480000000000004
-0.21492,-0.04920000000000002
0.24377999999999989,0.1963999999999999
0.17452,0.24817999999999996
-0.14311999999999997,0.1290199999999999
-0.2133,-0.11278000000000005
0.22726000000000002,0.1865
-0.22774,0.06545999999999996
-0.0030000000000000027,0.08177999999999996
0.18774000000000002,0.22249999999999992
-0.01873999999999998,0.03495999999999999
0.25844,0.10826000000000002
0.14190000000000003,-0.042320000000000024
0.21826,-0.05293999999999999
0.05342000000000002,-0.25832000000000005
0.04627999999999999,-0.21038000000000007
-0.21214,0.04957999999999996
-0.25145999999999996,0.08131999999999995
0.12322,0.09053999999999995
0.05698000000000003,-0.054760000000000086
-0.049960000000000004,0.05471999999999999
-0.28652,0.007239999999999913
-0.27374,-0.09632000000000002
-0.012419999999999987,-0.07596000000000008
0.07231999999999994,0.024959999999999982
-0.01085999999999998,-0.03693999999999997
0.11136000000000001,-0.05888000000000004
0.00786000000000009,-0.24550000000000005
0.08540000000000003,-0.02434000000000003
-0.21115999999999996,0.14371999999999996
-0.20648,0.06729999999999992
0.26146,0.08775999999999995
-0.02942,0.047760000000000025
0.08911999999999998,0.28662
-0.12506,-0.11014000000000002
-0.006440000000000001,0.13688
-0.14801999999999998,0.15857999999999994
-0.22731999999999997,0.08521999999999996
0.035719999999999974,-0.08760000000000007
0.07072,0.0039199999999999235
-0.13286000000000003,0.0045799999999999175
0.23997999999999997,0.19586000000000003
0.08646000000000009,-0.16114000000000006
0.03748000000000007,-0.21824000000000005
-0.09691999999999995,-0.13778000000000007
-0.24264000000000002,0.07841999999999993
0.057780000000000054,-0.15054000000000006
-0.04843999999999993,0.1139
0.018120000000000025,0.021179999999999977
0.12313999999999992,-0.19410000000000005
-0.00988,0.04941999999999991
0.1623,0.1885
0.22717999999999994,0.04159999999999997
-0.25706,-0.07572000000000001
-0.13666000000000006,-0.12410000000000004
-0.26521999999999996,-0.08174000000000003
0.06942000000000004,-0.10088000000000008
-0.21118000000000003,0.04366000000000003
-0.15036000000000005,-0.14998000000000006
-0.018120000000000025,-0.04804000000000003
-0.15702,-0.05998000000000009
-0.18341999999999997,0.053059999999999996
0.05715999999999999,-0.19730000000000003
-0.19585999999999998,0.05561999999999989
-0.18143999999999993,0.02310000000000001
-0.17736000000000002,0.07928000000000002
-0.25542,-0.016980000000000106
0.07613999999999999,0.10568
0.12678,0.10238000000000003
-0.03278000000000003,0.030339999999999923
0.12616000000000005,-0.16072000000000003
-0.02846000000000004,-0.03710000000000002
0.26316000000000006,0.13791999999999993
0.13278,-0.14378000000000007
-0.12726000000000004,-0.08412000000000003
-0.20886,-0.005620000000000069
-0.10526000000000002,0.0162199999999999
0.20388000000000006,0.07307999999999992
-0.16598000000000002,-0.04098000000000007
-0.034519999999999995,-0.09906000000000009
-0.20234000000000002,0.046419999999999906
0.11697999999999997,0.29059999999999997
-0.13421999999999995,0.06557999999999997
0.23582000000000003,0.14246000000000003
-0.15599999999999997,0.1179
-0.10223999999999994,0.15557999999999994
-0.23309999999999997,-0.05518000000000006
-0.11983999999999995,-0.09476000000000007
0.24270000000000003,0.20089999999999997
-0.08073999999999992,0.060739999999999905
0.19776000000000005,0.08117999999999992
0.12058000000000002,0.30367999999999984
0.0625,0.026719999999999966
0.18552000000000002,0.10227999999999993
0.04588000000000003,0.01429999999999998
0.10324,0.20355999999999996
0.04032000000000002,0.057679999999999954
-0.14756000000000002,0.017919999999999936
0.16000000000000003,0.06965999999999994
0.20843999999999996,0.15611999999999993
0.08876000000000006,0.20831999999999995
0.07299999999999995,-0.25742000000000004
-0.24525999999999998,-0.04030000000000006
0.045520000000000005,-0.11284
0.05246000000000006,-0.09608000000000005
0.20082,-0.11482000000000003
-0.24853999999999998,-0.03151999999999999
0.025880000000000014,-0.17618000000000006
-0.17853999999999998,0.05999999999999994
0.09908000000000006,0.006360000000000032
-0.13219999999999998,0.1584199999999999
-0.2594,-0.023820000000000063
0.20909999999999995,0.03473999999999988
0.14136000000000004,-0.19094000000000005
0.12051999999999996,0.04386000000000001
0.01548000000000005,0.012219999999999898
0.2157,0.023339999999999916
0.07199999999999995,0.13147999999999993
0.02742,-0.21296000000000004
0.18028,0.12268000000000001
-0.049860000000000015,-0.030380000000000074
-0.2563,0.12163999999999997
-0.24062,-0.1256600000000001
0.0887,0.25095999999999996
-0.17762,-0.06672
0.12271999999999994,0.06409999999999993
-0.06428,0.06781999999999999
0.24662000000000006,0.056439999999999935
0.19268000000000007,0.20475999999999994
-0.11027999999999999,0.10663999999999996
0.05049999999999999,-0.11870000000000003
-0.1447,0.12473999999999996
-0.15083999999999997,0.12756
-0.10713999999999996,-0.08648000000000006
0.08353999999999995,0.06686000000000003
0.02748000000000006,-0.24026000000000003
-0.18080000000000002,-0.15438000000000007
0.014639999999999986,-0.02326000000000006
0.19426,0.026019999999999932
-0.18553999999999998,-0.14362000000000003
0.14203999999999994,-0.17510000000000003
-0.21658,0.06219999999999992
0.05888000000000004,0.06276000000000004
0.13944,0.24371999999999994
-0.01532,-0.04280000000000006
-0.14396000000000003,-0.02076000000000011
-0.20744,0.0037999999999999146
-0.18738,0.08785999999999994
0.009099999999999997,-0.1708800000000001
-0.24696,0.04183999999999988
-0.11781999999999998,0.16543999999999992
0.14613999999999994,-0.18096
-0.05686000000000002,-0.16202000000000005
0.23676000000000008,-0.01328000000000007
-0.04121999999999992,-0.16242
0.015539999999999998,0.06919999999999993
0.028179999999999983,-0.26378000000000007
0.027680000000000038,-0.24986000000000003
0.10886000000000007,0.07645999999999997
-0.029900000000000038,0.05171999999999999
0.01106000000000007,-0.11706000000000011
0.07638,-0.17766000000000004
-0.25584,-0.09744000000000003
0.09211999999999998,-0.11432000000000003
0.16858000000000006,0.006639999999999868
-0.023839999999999972,-0.12212
0.24153999999999998,0.13747999999999994
0.04611999999999994,-0.0006399999999999739
-0.1411,0.05793999999999988
0.11026000000000002,0.0616199999999999
-0.27744,-0.034560000000000035
-0.03711999999999993,0.13739999999999997
0.24746,0.20045999999999997
0.015120000000000022,-0.24300000000000005
0.2138,-0.08106000000000008
0.0008199999999999319,0.06037999999999999
-0.25274,0.03266000000000002
0.05266000000000004,-0.18430000000000002
0.022220000000000018,-0.01988000000000001
0.07431999999999994,-0.18030000000000007
0.11903999999999992,0.21496000000000004
-0.19556,-0.09154000000000001
0.10903999999999991,-0.17556000000000005
0.11728000000000005,-0.09810000000000002
-0.1859,0.044499999999999984
0.13658000000000003,-0.0032400000000000206
-0.0121,-0.09406000000000009
-0.14428000000000002,0.0706199999999999
-0.26664,0.09775999999999996
0.024760000000000004,-0.25060000000000004
-0.12766000000000005,-0.005880000000000107
0.08599999999999997,0.2189399999999999
0.08808000000000005,-0.05278000000000005
0.13838000000000006,-0.11808000000000007
0.0756,0.04631999999999992
-0.01193999999999995,-0.028100000000000014
0.07462000000000002,-0.025540000000000007
-0.07316,0.12429999999999997
0.12378,-0.06262000000000001
0.07550000000000001,0.15246000000000004
0.06376000000000004,-0.025560000000000027
-0.10571999999999998,0.16003999999999996
-0.22238000000000002,0.035699999999999954
0.049819999999999975,-0.14786000000000005
-0.14103999999999994,-0.20576000000000005
-0.11006000000000005,0.023319999999999896
-0.12098000000000003,0.031460000000000043
0.08614,-0.11160000000000003
0.17808000000000002,0.1281199999999999
0.08823999999999999,0.31822000000000006
-0.16003999999999996,-0.053220000000000045
0.1362,0.3029399999999999
-0.024660000000000015,0.09197999999999995
-0.2719,-0.01662000000000008
-0.07706000000000002,-0.12138000000000004
-0.10186,0.16925999999999997
-0.20688,-0.11646000000000006
0.012719999999999954,0.06953999999999994
-0.18068,0.16277999999999992
0.12650000000000006,0.005819999999999936
0.08635999999999999,-0.17202
0.07801999999999998,-0.05972000000000005
-0.13738,-0.04616000000000009
-0.17696,0.1199
0.09883999999999993,-0.24256000000000005
0.15370000000000006,0.08828000000000003
0.05176000000000003,-0.23940000000000006
-0.00996000000000008,-0.18714000000000003
-0.17008,0.06033999999999995
-0.11933999999999995,0.125
0.11212,-0.07474000000000003
0.02617999999999998,0.04941999999999991
0.17711999999999994,-0.15154000000000006
-0.10516000000000003,-0.19582000000000005
0.040959999999999996,0.03737999999999997
0.05130000000000001,0.09029999999999994
-0.06510000000000005,0.006959999999999966
-0.05391999999999997,-0.044580000000000064
-0.2218,-0.06538000000000005
-0.15558,0.1371199999999999
-0.27214,-0.12232000000000004
-0.07504,0.0424199999999999
0.017139999999999933,0.125
0.08811999999999998,0.07531999999999994
-0.12932,0.02311999999999992
0.20230000000000004,0.08948
0.16048000000000007,0.0403
-0.05410000000000004,-0.21520000000000006
-0.25672,-0.11393999999999999
0.13558000000000003,0.22768
0.1392,0.07881999999999989
-0.23898000000000003,0.13971999999999996
-0.07601999999999998,-0.20350000000000007
0.05991999999999997,-0.09698000000000007
0.028839999999999977,0.01971999999999996
0.08604,0.09938000000000002
-0.07389999999999997,0.040039999999999965
0.021160000000000068,0.11571999999999993
-0.20492,-0.16442
0.015079999999999982,-0.16488000000000008
-0.031019999999999937,0.10203999999999991
0.23519999999999996,0.12666
-0.022680000000000033,0.036819999999999964
-0.06636000000000009,-0.15490000000000004
0.11197999999999997,0.10073999999999994
-0.13132,-0.1261600000000001
-0.16163999999999995,0.10595999999999994
0.05559999999999998,0.05109999999999992
0.24324,0.11536000000000002
0.14068000000000003,-0.22914000000000007
-0.27588,0.023719999999999963
-0.10656000000000004,0.09173999999999993
-0.06391999999999998,-0.031140000000000057
-0.11576000000000003,0.04530000000000001
0.24836000000000003,-0.015300000000000091
0.058660000000000045,-0.09956000000000009
-0.27438,0.09809999999999997
-0.15911999999999998,-0.10338000000000008
-0.11091999999999996,-0.16314000000000006
0.18808000000000002,-0.13576000000000005
0.06613999999999998,0.032099999999999906
0.03693999999999997,-0.1191600000000001
0.02438000000000007,-0.21774000000000004
-0.18038000000000004,-0.14580000000000004
0.20079999999999998,0.14978000000000002
-0.21031999999999995,0.13049999999999995
0.13334000000000001,-0.007940000000000058
0.1802600000000001,-0.02628000000000008
0.08056000000000008,0.2964
0.10728000000000004,0.24778
0.25337999999999994,0.17647999999999997
0.16959999999999997,0.11941999999999997
-0.11036000000000001,0.14895999999999998
-0.027079999999999993,0.0232
-0.12136000000000002,0.08143999999999996
-0.16138000000000002,-0.08362000000000003
-0.20498,-0.12832000000000005
0.15281999999999996,-0.006040000000000045
0.15791999999999995,0.1656399999999999
0.18957999999999997,0.08916000000000002
0.05174000000000001,-0.24894000000000005
0.016680000000000028,0.13601999999999992
-0.14133999999999997,0.026780000000000026
0.020139999999999936,0.061739999999999906
0.01961999999999997,-0.23328000000000004
0.10866000000000009,0.13415999999999995
0.09602,-0.056040000000000034
0.15626000000000007,0.08083999999999991
0.12866,-0.18096
0.09633999999999998,0.0010799999999999699
-0.021320000000000006,-0.08096000000000009
0.13476,-0.10332000000000002
-0.18551999999999996,0.15166000000000002
-0.15343999999999997,-0.09816000000000008
0.10019999999999996,-0.08880000000000005
0.019100000000000006,0.13729999999999998
-0.28002,-0.12964000000000003
-0.13476000000000005,0.048819999999999975
0.14261999999999997,0.22812
0.022639999999999993,0.13795999999999997
-0.0011600000000000499,-0.031200000000000006
-0.15621999999999997,0.012139999999999929
0.14486,-0.15276000000000006
0.0652600000000001,-0.03298000000000001
0.13751999999999998,-0.058020000000000016
-0.05042000000000002,0.06619999999999993
-0.25994,0.015839999999999965
0.14683999999999997,0.09887999999999997
0.2632399999999999,0.18135999999999997
-0.2671,-0.024920000000000053
0.13144,-0.22900000000000004
0.10033999999999998,0.20473999999999992
0.25836000000000003,0.10175999999999996
0.15064,0.14661999999999997
-0.20839999999999997,0.13656000000000001
-0.04926000000000008,0.022780000000000022
0.009780000000000011,-0.0014800000000000368
0.12650000000000006,-0.06852000000000003
0.0040600000000000636,0.12881999999999993
-0.15358,0.03266000000000002
0.2403200000000001,0.19133999999999995
-0.30304000000000003,0.022179999999999978
-0.14696000000000004,-0.01318000000000008
0.10014,-0.17158000000000007
0.13276,0.17559999999999998
0.12212,0.3198399999999999
-0.17972,-0.07406000000000007
0.09943999999999997,0.04521999999999993
-0.017919999999999936,-0.17034000000000005
-0.15543999999999997,-0.1065600000000001
-0.06469999999999998,0.057439999999999936
0.05378000000000005,-0.23134000000000005
-0.23375999999999997,-0.1226600000000001
0.09596000000000005,-0.20840000000000003
0.10451999999999995,0.14078000000000002
-0.04520000000000002,0.035439999999999916
0.26146,-0.014960000000000084
0.13660000000000005,-0.17628000000000005
-0.26618,-0.05262
0.07511999999999996,-0.007180000000000075
0.18428,0.24366
-0.23056,0.06735999999999998
-0.16478000000000004,0.04677999999999993
-0.16026,-0.08973999999999999
0.23229999999999995,0.018159999999999954
-0.02410000000000001,0.08626
-0.04036000000000006,-0.12093999999999999
0.11202000000000001,-0.08600000000000002
-0.05179999999999996,-0.0041400000000000325
-0.14521999999999996,-0.17890000000000006
0.09540000000000004,0.3082999999999999
-0.21752,0.05596000000000001
0.047640000000000016,0.14905999999999997
0.09158,-0.006720000000000059
-0.05032000000000003,-0.17268000000000006
0.2712,0.16699999999999993
0.09172000000000002,-0.09792000000000001
-0.19034,0.01205999999999996
0.05630000000000002,0.056400000000000006
-0.23270000000000002,0.13453999999999988
-0.11863999999999997,0.011319999999999886
-0.10246000000000005,0.13903999999999994
-0.005759999999999987,-0.06732000000000005
0.04490000000000005,-0.15666000000000002
-0.14028000000000002,-0.0030600000000000627
-0.05352000000000001,-0.10714000000000001
0.14508,0.21596000000000004
-0.22812,0.10743999999999987
-0.13883999999999996,0.012839999999999963
-0.014079999999999981,0.07325999999999999
-0.15749999999999997,-0.19768000000000008
-0.028939999999999966,-0.14382
0.27336000000000005,0.13239999999999996
0.07089999999999996,0.3018799999999999
0.12728000000000006,0.03411999999999993
0.24063999999999997,0.15278000000000003
0.11134,0.1091399999999999
0.12797999999999998,0.26227999999999996
0.09908000000000006,-0.16446000000000005
0.19598000000000004,0.17919999999999991
0.1068,-0.12178000000000005
-0.2629,0.040159999999999973
0.25572000000000006,0.10546
0.02306000000000008,0.04857999999999996
-0.17962,-0.13410000000000005
-0.08550000000000002,-0.010440000000000005
0.2587799999999999,-0.028060000000000085
0.1714,-0.20188000000000006
0.038959999999999995,0.13988
0.06611999999999996,0.09826000000000001
0.07788000000000006,-0.16054000000000007
-0.16603999999999997,0.03986000000000001
-0.22965999999999998,-0.05836000000000008
-0.15000000000000002,-0.07842000000000005
-0.27868000000000004,0.08307999999999993
-0.13893999999999995,0.08948
-0.15426,0.18211999999999995
-0.20951999999999998,-0.07274000000000003
0.15374,-0.21826
0.17613999999999996,-0.041660000000000086
0.08699999999999997,0.04501999999999995
-0.26302,0.10341999999999996
0.22196000000000005,0.13713999999999993
0.21853999999999996,-0.009040000000000048
-0.05347999999999997,-0.24164000000000008
-0.08373999999999993,0.05597999999999992
0.13236000000000003,-0.09786000000000006
0.10502,-0.21926
0.07268000000000008,0.25405999999999995
0.0015399999999999858,-0.009460000000000135
-0.00031999999999998696,-0.20698000000000005
0.20726,-0.00782000000000005
-0.20382,0.08991999999999989
0.12612,0.0779399999999999
0.031120000000000037,-0.008380000000000054
0.055360000000000076,0.14361999999999997
0.2559,0.1624199999999999
-0.19982,0.007339999999999902
0.12368000000000001,0.29222000000000004
0.06023999999999996,-0.12064000000000002
0.24327999999999994,0.030019999999999936
0.20573999999999992,0.02181999999999995
0.13551999999999997,0.23959999999999992
0.15116000000000007,0.09287999999999996
-0.07701999999999998,0.026919999999999944
0.18006,0.15159999999999996
-0.13048000000000004,-0.13192000000000004
-0.01632,0.047619999999999885
-0.04259999999999997,-0.08982000000000001
-0.05713999999999997,0.1001399999999999
-0.25088,-0.12386000000000008
-0.031460000000000043,-0.04168000000000005
0.050960000000000005,-0.1130600000000001
0.08352000000000004,-0.15464000000000006
0.023560000000000025,0.020039999999999947
0.13946000000000003,-0.11148000000000008
-0.19379999999999997,0.02283999999999997
0.17006,0.10436000000000001
-0.26644,-0.11292000000000002
0.17676000000000003,0.01853999999999989
0.19320000000000004,0.07475999999999994
-0.12503999999999998,0.15637999999999996
-0.022339999999999915,0.14281999999999995
-0.01656000000000002,0.05831999999999993
0.14222,-0.056620000000000004
-0.17113999999999996,-0.16702
0.10414000000000001,0.06879999999999997
0.10496000000000005,-0.015060000000000073
-0.28198,0.044339999999999935
0.15912000000000004,0.05933999999999995
0.10033999999999998,-0.18030000000000007
-0.20495999999999998,0.08399999999999996
0.19131999999999993,0.13983999999999996
0.05474000000000001,-0.15014000000000005
-0.06106,-0.15888000000000008
0.15703999999999996,0.21355999999999997
-0.07773999999999992,-0.11428000000000005
0.22619999999999996,-0.05356000000000011
0.17291999999999996,-0.05248000000000008
-0.01200000000000001,-0.10760000000000003
0.15680000000000005,0.09606000000000003
0.14096000000000009,-0.15644000000000008
-0.008039999999999936,-0.009620000000000073
-0.010120000000000018,-0.026680000000000037
-0.25006,0.06028
-0.28462,-0.0349600000000001
0.18747999999999998,0.10043999999999986
0.057660000000000045,-0.05734
0.14293999999999996,0.18476000000000004
-0.17796,-0.16926000000000002
-0.22633999999999999,-0.015240000000000031
-0.018000000000000016,0.10965999999999998
0.18818000000000001,-0.060780000000000056
-0.17913999999999997,0.09671999999999992
0.22693999999999992,0.08845999999999998
0.031100000000000017,-0.19838000000000006
0.17023999999999995,-0.14308000000000004
0.13463999999999998,-0.17162000000000005
0.14412000000000003,-0.12598000000000004
-0.19182,-0.15942
0.20163999999999993,0.19796000000000002
0.057439999999999936,-0.10382000000000002
0.03622000000000003,-0.007040000000000046
0.07698000000000005,0.08685999999999994
-0.14033999999999996,0.030899999999999928
-0.04300000000000004,0.13037999999999994
0.18969999999999998,0.05871999999999988
-0.025540000000000007,-0.015060000000000073
0.06616,-0.18780000000000002
-0.06930000000000003,0.0717199999999999
-0.2162,-0.12138000000000004
-0.18724000000000002,-0.07956000000000008
0.09693999999999992,-0.0016800000000000148
0.06868000000000007,0.10097999999999996
-0.01532,0.016859999999999986
0.008099999999999996,-0.16174000000000005
-0.25482,0.049899999999999944
-0.27304,0.032200000000000006
-0.07230000000000003,-0.12982000000000005
-0.10181999999999997,0.04179999999999995
0.029279999999999973,-0.25798000000000004
-0.126,-0.12252000000000002
-0.08066000000000006,0.11073999999999995
0.03300000000000003,-0.19302000000000002
0.21750000000000003,0.08467999999999998
-0.007499999999999951,-0.12118000000000007
-0.19741999999999998,-0.09404000000000001
-0.23259999999999997,-0.10078000000000004
-0.2675,-0.006780000000000119
0.2146,0.05161999999999989
0.1035600000000001,-0.13978000000000007
-0.06952000000000003,-0.05198000000000008
-0.11098000000000002,-0.06560000000000005
-0.08648,-0.20348000000000005
0.16283999999999998,0.04919999999999991
0.05896000000000001,-0.0808600000000001
0.17478000000000005,0.22953999999999997
-0.22371999999999997,0.12532
-0.018100000000000005,0.015999999999999903
-0.05223999999999995,0.15496
-0.13186000000000003,0.10029999999999994
0.027760000000000007,-0.006240000000000023
0.2455799999999999,0.13051999999999997
0.18986000000000003,0.13466
0.06472,-0.12436000000000008
-0.023780000000000023,-0.16786
0.04646000000000006,-0.05504000000000003
0.2036,0.2159199999999999
-0.17638000000000004,0.011299999999999977
-0.16709999999999997,0.1238999999999999
-0.02617999999999998,-0.027839999999999976
-0.28008,0.08003999999999989
-0.18701999999999996,-0.12542000000000003
-0.02513999999999994,-0.18426000000000003
0.12150000000000005,0.2545799999999999
0.1281,-0.06142000000000003
-0.08311999999999997,-0.06350000000000006
0.21031999999999995,-0.06878000000000006
-0.017979999999999996,-0.08800000000000002
-0.043399999999999994,-0.23234000000000005
0.11624000000000001,-0.16114000000000006
-0.09318000000000004,-0.15882000000000002
-0.18894,-0.16438000000000008
-0.2273,-0.12820000000000004
-0.25676,0.09626000000000001
-0.22258,0.14698
0.10109999999999997,-0.24016000000000004
-0.0040399999999999325,-0.24028000000000005
0.05179999999999996,-0.14332
0.23436,0.1716399999999999
-0.26594,-0.011600000000000055
0.19289999999999996,-0.10518000000000005
0.055379999999999985,-0.09452000000000005
-0.18431999999999998,-0.17834000000000005
0.21743999999999997,0.15291999999999994
0.07013999999999998,-0.023800000000000043
-0.08523999999999998,0.06987999999999994
0.005780000000000007,-0.010620000000000074
-0.13311999999999996,-0.15740000000000004
0.26780000000000004,0.0971399999999999
-0.21689999999999998,0.10877999999999999
0.005780000000000007,0.14105999999999996
0.15980000000000005,0.027679999999999927
0.06536000000000008,-0.23442000000000002
0.03864000000000001,-0.006900000000000017
-0.15413999999999994,-0.19732000000000005
0.17479999999999996,0.26168
-0.09960000000000002,-0.19196000000000002
0.23963999999999996,0.20686000000000004
-0.041260000000000074,-0.16870000000000007
0.029320000000000013,-0.12842000000000003
0.08592,-0.22158000000000005
-0.20266,-0.14152000000000003
-0.09214,-0.04526000000000008
-0.23298000000000002,0.014539999999999886
0.13876,-0.10552
-0.29191999999999996,-0.01090000000000002
-0.2036,-0.02298000000000011
0.06518000000000002,-0.06460000000000005
-0.05026000000000008,-0.15174000000000004
-0.16471999999999998,-0.054920000000000024
0.20878000000000008,0.21651999999999993
0.18128,0.17755999999999994
-0.0025399999999999867,0.12158000000000002
-0.19966,-0.05406000000000011
-0.08576000000000006,0.12181999999999993
0.13896000000000008,-0.15288000000000007
0.07950000000000002,0.13637999999999995
-0.20224000000000003,0.1091399999999999
0.07108000000000003,-0.25510000000000005
-0.11412,-0.08626000000000006
0.03390000000000004,-0.00888000000000011
0.14226000000000005,0.037919999999999954
-0.01859999999999995,-0.22624000000000005
0.11758000000000002,0.04393999999999987
0.20831999999999995,-0.029039999999999955
-0.15066000000000002,0.008299999999999974
0.11680000000000001,0.20706000000000002
0.08198000000000005,0.0029399999999999427
-0.19940000000000002,0.03981999999999997
0.20721999999999996,0.05589999999999995
-0.09016000000000002,-0.07374000000000003
-0.008060000000000067,-0.21668000000000004
-0.18844,0.025499999999999967
-0.14179999999999998,0.04713999999999996
-0.13529999999999998,0.08945999999999998
0.1028,0.0285399999999999
-0.12353999999999998,0.16015999999999997
-0.06762000000000001,-0.06618000000000007
0.15108,0.037719999999999976
-0.039059999999999984,-0.10166000000000008
-0.21438000000000001,0.006360000000000032
0.0017800000000000038,0.10009999999999997
-0.10023999999999994,0.04393999999999987
0.12661999999999995,0.18969999999999998
0.21221999999999996,0.09191999999999989
0.06491999999999998,0.08661999999999992
-0.27162,0.09158
-0.23701999999999995,-0.04266000000000009
-0.19101999999999997,0.03588000000000002
0.16718,0.15861999999999998
0.13160000000000005,0.11761999999999995
-0.2403,0.10421999999999998
0.2289,0.17633999999999994
0.0036599999999999966,0.06047999999999998
0.049740000000000006,0.0024399999999998867
-0.19354,0.05713999999999997
0.08623999999999998,0.07318000000000002
0.06443999999999994,0.06003999999999987
-0.06873999999999991,0.026079999999999992
0.05236000000000007,-0.13206
0.13288,-0.17862
-0.041019999999999945,0.052059999999999995
-0.0021999999999999797,0.08460000000000001
-0.011179999999999968,0.13942
-0.05553999999999992,0.12375999999999998
0.19521999999999995,-0.12844
0.06453999999999993,0.11291999999999991
-0.05881999999999998,0.15235999999999994
-0.10563999999999996,-0.04200000000000004
-0.24944,-0.00010000000000010001
0.08296000000000003,-0.23286
-0.045580000000000065,-0.11052000000000001
0.19211999999999996,-0.10202000000000006
0.24003999999999992,0.16488000000000003
-0.21883999999999998,0.14767999999999992
-0.06359999999999999,-0.07300000000000006
-0.13840000000000002,-0.027120000000000033
-0.22578000000000004,0.14015999999999995
0.14448000000000005,0.060799999999999965
0.24072000000000005,0.11943999999999988
-0.058719999999999994,-0.04740000000000005
-0.25178,0.07238
0.17981999999999998,0.0015600000000000058
0.12308000000000008,0.048860000000000015
-0.23274,-0.14780000000000004
-0.03808,0.12536000000000003
-0.14550000000000002,0.037639999999999896
-0.007220000000000004,0.023399999999999976
0.006340000000000012,0.04813999999999996
0.025399999999999978,-0.08326000000000006
0.08848,-0.19592000000000004
-0.0013800000000000479,-0.07868000000000008
0.19011999999999996,-0.012960000000000083
0.13160000000000005,0.04249999999999998
0.10609999999999997,0.21917999999999993
0.0024600000000000177,0.14136000000000004
0.12412000000000001,-0.03426000000000007
0.09518000000000004,-0.024540000000000006
0.23487999999999998,-0.008140000000000036
0.09793999999999992,-0.026040000000000063
0.08376000000000006,-0.13484000000000007
-0.19884000000000002,-0.020300000000000096
-0.04498000000000002,0.10401999999999989
-0.22081999999999996,0.07597999999999994
0.10898000000000008,0.13698
0.02861999999999998,-0.16510000000000002
-0.03626000000000007,-0.21934000000000003
-0.27286,-0.07092000000000004
0.12231999999999998,0.25863999999999987
0.08113999999999999,0.050960000000000005
-0.20655999999999997,0.01631999999999989
-0.10868,-0.07794000000000001
0.23763999999999996,0.11285999999999996
-0.29872,0.08048
-0.29072,0.02305999999999997
0.06311999999999995,-0.23694000000000004
0.21563999999999994,-0.0561600000000001
-0.03859999999999997,-0.18450000000000005
-0.04803999999999997,-0.03288000000000002
0.12593999999999994,0.08077999999999996
-0.05389999999999995,-0.16560000000000002
0.16218,-0.11274
-0.013020000000000032,-0.05676000000000009
0.27127999999999997,0.12187999999999999
0.18068000000000006,0.2320199999999999
-0.13828000000000001,-0.06294
0.11970000000000003,-0.09640000000000004
-0.08540000000000003,0.06263999999999992
-0.07467999999999997,-0.20580000000000004
0.015519999999999978,-0.1191600000000001
0.0605,-0.045640000000000014
0.11756,0.02310000000000001
0.14786,0.09617999999999993
-0.14600000000000002,0.050919999999999965
-0.07796000000000003,-0.036739999999999995
0.13354,-0.19900000000000007
-0.20664,-0.14098000000000005
0.12890000000000001,0.005319999999999991
-0.10628000000000004,-0.020280000000000076
-0.07135999999999998,0.09995999999999994
0.15452,-0.03186000000000011
0.059880000000000044,-0.025900000000000034
-0.25051999999999996,0.10881999999999992
-0.12826000000000004,-0.15558000000000005
0.02300000000000002,0.12973999999999997
-0.10320000000000001,0.06033999999999995
-0.26611999999999997,0.10306000000000004
-0.10248000000000002,-0.19110000000000005
0.15001999999999993,0.27715999999999996
-0.11588000000000004,-0.06353999999999999
0.022519999999999984,-0.16084000000000004
0.008180000000000076,-0.11568000000000006
0.09509999999999996,-0.23734000000000005
0.14732,0.00871999999999995
0.12041999999999997,-0.008620000000000072
0.19566000000000006,0.0907
0.11009999999999998,-0.12022000000000005
0.056539999999999924,0.09789999999999999
0.08316000000000001,-0.19472
-0.12876000000000004,0.17281999999999997
-0.21698,-0.02628000000000008
-0.22683999999999999,-0.05908000000000008
-0.15810000000000002,-0.08772000000000002
0.13206000000000007,0.2678999999999999
-0.11476000000000003,0.0043399999999998995
0.0013199999999999878,-0.19238000000000005
0.061860000000000026,0.007079999999999975
0.11719999999999997,-0.17292000000000002
-0.08038000000000001,-0.0014600000000001279
0.2656799999999999,0.14463999999999988
-0.13369999999999999,-0.14348000000000005
0.10793999999999992,0.044219999999999926
-0.15371999999999997,0.17815999999999999
0.03693999999999997,0.06337999999999999
0.13160000000000005,-0.045580000000000065
-0.25276,0.06513999999999986
0.26460000000000006,0.08323999999999987
-0.12769999999999998,-0.11024
-0.20138,0.05781999999999998
0.03601999999999994,-0.20840000000000003
0.25970000000000004,0.09013999999999989
0.19982,0.17169999999999996
-0.24051999999999996,-0.03432000000000002
-0.19690000000000002,-0.04912000000000005
-0.10849999999999999,-0.11096000000000006
0.26316000000000006,0.04567999999999994
0.23870000000000002,0.06213999999999997
0.10438000000000003,-0.01758000000000004
-0.04418,-0.16910000000000003
0.0632600000000001,0.25256
0.20688000000000006,0.012780000000000014
0.005160000000000053,-0.23428000000000004
-0.013499999999999956,-0.031500000000000083
0.12146000000000001,0.06725999999999999
0.0039399999999999435,-0.006960000000000077
-0.036699999999999955,-0.15930000000000005
0.12860000000000005,-0.10408000000000006
-0.09793999999999997,0.02429999999999999
-0.16623999999999994,0.14357999999999993
0.03498000000000001,0.03811999999999993
0.00024000000000001798,-0.04078000000000004
-0.19501999999999997,-0.07688000000000006
0.018880000000000008,-0.14260000000000006
-0.048919999999999964,0.13183999999999996
0.20931999999999995,0.12275999999999998
0.23656,0.13551999999999997
-0.08556000000000008,-0.15354000000000007
0.13122,0.09136
0.24129999999999996,0.19857999999999998
-0.04418,-0.08146000000000009
-0.019339999999999913,-0.21374000000000004
0.09623999999999999,-0.17752
-0.13290000000000002,-0.20394000000000007
0.10819999999999996,0.2218199999999999
0.16808,0.10668
0.09962000000000004,-0.09406000000000009
0.23392000000000013,0.15833999999999993
-0.07243999999999995,0.03645999999999994
0.21914,0.1504199999999999
-0.02851999999999999,0.07097999999999993
-0.1775,0.0424199999999999
-0.009160000000000057,0.12893999999999994
0.017979999999999996,0.09538000000000002
-0.05784,-0.23902
0.04159999999999997,0.09670000000000001
-0.040059999999999985,-0.09562000000000004
-0.08316000000000001,-0.05884
-0.16046000000000005,0.09716000000000002
-0.17858000000000002,0.009579999999999922
0.15971999999999997,0.03269999999999995
-0.1956,0.07157999999999998
-0.26848,-0.11520000000000002
-0.026439999999999908,0.04745999999999995
0.08508000000000004,0.03709999999999991
-0.14566,-0.17606000000000005
-0.12772,0.05453999999999992
-0.04952000000000001,-0.23120000000000007
0.08438000000000001,-0.22866000000000003
-0.09238000000000002,-0.21830000000000005
0.03416000000000008,-0.07384000000000002
-0.1754,0.16183999999999987
0.10676000000000008,0.06969999999999998
0.07194,-0.12274000000000002
-0.18832,0.02843999999999991
0.15400000000000003,0.09113999999999989
0.04591999999999996,0.13569999999999993
0.16856000000000004,0.16415999999999997
-0.20644,0.12271999999999994
-0.10370000000000001,-0.04882000000000003
0.26308,0.04079999999999995
0.0046599999999999975,0.05587999999999993
-0.09336,0.03477999999999992
-0.00983999999999996,-0.13772
0.04756000000000005,0.14347999999999994
-0.24065999999999999,-0.014480000000000048
0.07108000000000003,0.11273999999999995
-0.09820000000000001,-0.21658000000000005
0.09214,-0.08492000000000005
-0.058740000000000014,-0.18950000000000006
0.14083999999999997,0.011839999999999962
-0.08243999999999996,0.07541999999999993
0.11593999999999993,-0.17796000000000006
0.11376000000000008,0.09795999999999994
0.12929999999999997,-0.024700000000000055
0.1035600000000001,-0.04433999999999999
0.027839999999999976,-0.10794000000000004
-0.07404,0.06813999999999987
-0.17286,-0.10094000000000003
0.05253999999999992,-0.010760000000000103
0.10931999999999997,-0.19628000000000007
-0.22714,-0.10744000000000004
-0.06684000000000001,-0.06102000000000002
-0.1876,0.11393999999999993
0.009580000000000033,0.05840000000000001
-0.26734,0.08861999999999992
-0.027819999999999956,0.13768000000000002
0.10840000000000005,0.19533999999999996
0.0022199999999999998,-0.01878000000000002
0.15580000000000005,-0.10740000000000005
0.08579999999999999,-0.13086000000000003
0.16074,0.18647999999999998
0.14661999999999997,-0.015880000000000116
-0.2586,0.012299999999999978
-0.09398000000000006,-0.01976000000000011
0.016619999999999968,-0.15866000000000002
-0.07453999999999994,-0.059180000000000066
0.24644,0.14091999999999993
0.08482,0.23341999999999996
0.1068,-0.06378000000000006
0.07028000000000001,-0.22004000000000007
-0.20394,0.06579999999999997
-0.18006000000000005,0.13026000000000004
-0.13906000000000002,-0.06803999999999999
0.27418,0.1353399999999999
-0.08377999999999997,-0.20432
-0.0006399999999999739,-0.23012000000000005
-0.02648000000000006,0.06913999999999987
-0.12651999999999997,0.04835999999999996
-0.05503999999999998,0.03691999999999995
-0.267,0.09465999999999997
0.2395799999999999,0.21296000000000004
-0.023519999999999985,0.054039999999999866
0.12932,0.2027
-0.22510000000000002,-0.04090000000000005
-0.08560000000000001,0.008379999999999943
0.14317999999999997,0.07177999999999995
-0.028320000000000012,-0.14032
0.18103999999999998,0.01731999999999989
0.15646000000000004,0.05393999999999988
0.2309,0.15815999999999997
-0.19874000000000003,-0.13740000000000002
-0.010260000000000047,0.09119999999999995
-0.07194,0.05179999999999996
0.16813999999999996,0.18381999999999998
0.08178000000000007,-0.21256000000000003
0.17943999999999993,0.18389999999999995
-0.27136,-0.047839999999999994
0.018120000000000025,0.11211999999999989
-0.05562,0.008159999999999945
-0.1311,-0.035820000000000074
0.0049399999999999444,-0.21612000000000003
-0.10039999999999999,-0.20186000000000004
0.2356600000000001,0.05276000000000003
0.019540000000000002,0.029179999999999984
0.10483999999999993,-0.09660000000000002
0.0262,-0.043440000000000034
-0.21792,-0.14080000000000004
-0.24528,0.028819999999999957
-0.16308,0.14915999999999996
0.25706000000000007,0.035539999999999905
-0.12683999999999995,-0.04752000000000001
-0.03249999999999997,-0.06272000000000005
-0.22828000000000004,0.1412199999999999
-0.17948000000000003,-0.15688000000000007
0.23026000000000002,0.17915999999999999
-0.19641999999999998,-0.15030000000000004
-0.07128000000000001,-0.10993999999999998
0.15022000000000002,0.18931999999999993
-0.09502,0.10255999999999998
-0.23620000000000002,0.11177999999999999
0.18821999999999994,0.12346000000000001
-0.02106000000000008,0.06221999999999994
0.01851999999999998,0.11673999999999995
0.02732000000000001,-0.20268000000000008
-0.23659999999999998,0.024859999999999993
-0.27164,0.03945999999999994
0.1443399999999999,-0.20884000000000008
-0.06953999999999994,0.11575999999999997
0.2559,0.09961999999999993
0.11518000000000006,0.14567999999999992
0.15843999999999991,-0.10946000000000006
-0.10916000000000003,-0.03326000000000007
0.1572,0.18233999999999995
-0.09287999999999996,0.08651999999999993
0.20508000000000004,0.27618
0.06488000000000005,-0.03616000000000008
-0.08448,0.1483199999999999
-0.07820000000000005,-0.08313999999999999
-0.27246,-0.08462000000000003
0.02432000000000001,-0.08904000000000001
-0.006619999999999959,-0.13652000000000003
0.13563999999999998,-0.035580000000000056
-0.07851999999999992,-0.09594000000000003
0.07772000000000001,0.19881999999999989
-0.09211999999999998,0.04039999999999999
0.05826000000000009,-0.022220000000000018
0.15298,0.09929999999999994
0.15798,-0.11730000000000007
0.24292000000000002,0.0502999999999999
0.23806000000000005,0.20051999999999992
-0.22668,-0.08482
-0.18768,-0.17798000000000008
0.10430000000000006,-0.17344000000000004
0.10783999999999994,0.24385999999999997
0.06984000000000001,0.22806000000000004
0.015919999999999934,-0.15240000000000004
-0.16296000000000005,-0.05860000000000004
-0.011280000000000068,0.0049199999999999244
0.16191999999999995,0.09771999999999992
0.20084000000000002,0.1948399999999999
-0.04266000000000003,-0.05224000000000001
-0.26826,-0.08020000000000005
-0.19256,-0.09522000000000003
0.053059999999999996,-0.08650000000000002
-0.11498000000000003,-0.0783600000000001
0.1502,0.12378
0.23243999999999998,0.10238000000000003
-0.13319999999999999,-0.13234000000000007
0.13891999999999993,0.03411999999999993
0.15552,0.13076
-0.09214,0.045539999999999914
0.19763999999999993,0.0038599999999999746
0.09772000000000003,-0.14654000000000006
-0.22174,-0.10998000000000008
0.07547999999999999,0.2509199999999999
0.12453999999999998,-0.17674000000000006
0.13698,-0.006160000000000054
-0.022460000000000035,-0.25144000000000005
0.25298,-0.018440000000000012
-0.033580000000000054,-0.20636000000000004
0.17976000000000003,0.2157
-0.06838,0.015599999999999947
0.25744,0.1802999999999999
-0.13306,-0.09944000000000003
-0.14273999999999998,-0.18624000000000007
0.012819999999999943,-0.21646000000000004
-0.15848,0.15247999999999995
-0.18091999999999997,0.04730000000000001
-0.15443999999999997,-0.15800000000000003
-0.03917999999999999,-0.23228000000000004
-0.03410000000000002,-0.04644000000000004
0.04642000000000002,-0.027619999999999978
-0.13122,-0.09676000000000007
0.08448,0.2911799999999999
-0.15871999999999997,-0.07302000000000003
0.24737999999999993,0.2070399999999999
0.040179999999999993,0.0026800000000000157
-0.18216000000000004,-0.03434000000000004
-0.23421999999999998,0.13191999999999993
0.016100000000000003,0.14339999999999997
-0.18128,0.15951999999999988
0.0021999999999999797,-0.06278000000000006
0.07533999999999996,0.0006199999999999539
0.09131999999999996,-0.061840000000000006
0.027719999999999967,0.03373999999999988
0.24912000000000012,0.0383
0.04856000000000005,-0.07932
0.07378000000000007,-0.20758000000000004
0.11882000000000004,-0.03276000000000012
-0.12768000000000002,0.02095999999999998
-0.14356000000000002,0.11978
0.13513999999999993,0.1663199999999999
0.016179999999999972,-0.23758000000000007
0.21001999999999998,0.06391999999999998
-0.042019999999999946,-0.024720000000000075
-0.09216000000000002,-0.07616000000000006
-0.07796000000000003,-0.18440000000000006
0.12382000000000004,0.29716
0.05243999999999993,-0.20024000000000003
-0.2203,-0.1060600000000001
-0.14689999999999998,0.07577999999999996
-0.25222,-0.13246000000000002
0.053219999999999934,-0.24410000000000004
-0.10752,-0.09214
0.0046199999999999575,0.014719999999999955
0.19179999999999997,-0.04390000000000005
0.1683,0.0653999999999999
0.21451999999999993,-0.10104000000000002
0.05352000000000001,-0.10782000000000003
-0.0035600000000000076,-0.042760000000000076
0.03588000000000002,-0.14326000000000005
-0.2395,-0.00556000000000012
0.11406000000000005,-0.21870000000000006
-0.023339999999999916,-0.19422
-0.20788,-0.14908000000000005
-0.10677999999999999,-0.011660000000000115
0.2301200000000001,-0.031260000000000066
-0.1982,0.16721999999999992
-0.21921999999999997,-0.04194000000000003
-0.12001999999999996,0.04596
0.23019999999999996,0.15089999999999992
0.14580000000000004,0.21141999999999994
-0.2562,0.05467999999999995
0.1068,0.03613999999999995
0.12309999999999999,0.10129999999999995
-0.2819,0.05811999999999995
0.21977999999999998,0.10101999999999989
-0.27371999999999996,0.025339999999999918
-0.26176,0.11436000000000002
-0.29475999999999997,0.05286000000000002
0.2336799999999999,0.20821999999999996
-0.04411999999999994,-0.03208000000000011
-0.044339999999999935,-0.19796000000000002
-0.19245999999999996,-0.07863999999999999
0.11097999999999997,0.28246000000000004
0.0028600000000000847,-0.054860000000000075
-0.2289,-0.13234000000000007
0.19611999999999996,-0.13142000000000004
0.1866,0.14817999999999998
-0.24844,0.12443999999999988
0.08682000000000001,0.0960399999999999
0.07363999999999993,0.0046800000000000175
-0.040119999999999933,-0.11524000000000001
-0.12373999999999996,0.14389999999999992
-0.09749999999999998,0.06773999999999991
-0.07476000000000005,-0.22100000000000003
-0.03383999999999998,-0.14250000000000007
0.025760000000000005,0.08841999999999994
-0.035539999999999905,0.03493999999999997
-0.06867999999999996,0.06857999999999997
0.05018,-0.014519999999999977
-0.07011999999999996,0.1121399999999999
-0.15843999999999997,-0.1950800000000001
-0.1416,0.0037800000000000056
0.12816000000000005,0.14939999999999998
0.24077999999999988,0.02857999999999994
-0.0015399999999999858,-0.2508
-0.06418000000000001,-0.20126000000000005
0.17384,-0.11010000000000003
-0.20679999999999998,-0.15918000000000004
0.019919999999999938,0.025899999999999923
0.16143999999999992,-0.09358000000000005
-0.27962,-0.019320000000000004
0.14706000000000008,-0.19294000000000006
0.15249999999999997,0.27779999999999994
-0.18196,0.13868000000000003
-0.024839999999999973,0.14129999999999998
-0.21051999999999998,-0.14358000000000004
0.0837,0.27496
-0.11983999999999995,0.08945999999999998
0.0036000000000000476,-0.12762
-0.02942,0.14388
0.013960000000000083,-0.18450000000000005
0.04264000000000001,-0.22892
0.10067999999999999,0.27657999999999994
0.08241999999999994,-0.12210000000000004
0.2592200000000001,-0.009080000000000088
-0.20426,-0.007160000000000055
0.04356000000000004,0.11871999999999994
0.17903999999999998,0.21013999999999988
0.16308,0.25103999999999993
-0.039039999999999964,0.12046000000000001
-0.07850000000000001,0.03757999999999995
0.12065999999999999,0.22707999999999995
-0.024439999999999906,-0.01760000000000006
-0.043219999999999925,0.049639999999999906
0.13849999999999996,-0.03420000000000001
0.09576000000000007,0.0041199999999999015
-0.05586000000000002,-0.014660000000000117
-0.023900000000000032,-0.23630000000000007
-0.1377,-0.02432000000000001
0.25372000000000006,0.08099999999999996
-0.07441999999999993,-0.18300000000000005
0.14180000000000004,0.14171999999999996
0.05452000000000001,0.10417999999999994
-0.03316000000000008,0.007499999999999951
-0.09051999999999993,0.13288
0.058699999999999974,0.06706000000000001
0.08808000000000005,0.01866000000000001
-0.10783999999999994,-0.21152000000000004
0.23116000000000003,0.13461999999999996
-0.21292,-0.03758000000000006
0.008099999999999996,-0.10868000000000005
-0.17769999999999997,-0.03908000000000006
-0.052159999999999984,0.12237999999999993
-0.24394,0.0262
0.13903999999999994,-0.23484000000000005
-0.23036,0.09497999999999995
0.24082000000000003,0.17137999999999998
-0.009260000000000046,-0.15680000000000005
0.10636000000000001,-0.21350000000000002
0.08996000000000004,0.01631999999999989
0.17933999999999994,0.10929999999999995
0.07588000000000006,-0.02072000000000007
0.17886000000000002,-0.04096000000000011
0.10441999999999996,0.3334799999999999
-0.11662,-0.19696000000000002
0.16991999999999996,0.2916399999999999
-0.04133999999999993,-0.07712000000000002
0.13028000000000006,0.30513999999999997
-0.07553999999999994,-0.08918000000000004
0.17028,0.10883999999999994
0.13149999999999995,0.016839999999999966
0.04400000000000004,0.06421999999999994
-0.26944,-0.04246000000000011
-0.09404000000000001,-0.03302000000000005
0.1815,0.1149
0.10855999999999999,0.04021999999999992
0.17711999999999994,-0.09650000000000003
-0.09626000000000001,-0.20996000000000004
-0.04023999999999994,-0.022700000000000053
-0.11526000000000003,-0.07034000000000001
0.20176000000000005,-0.017220000000000013
0.0716,0.30476000000000003
0.1734,-0.06082000000000004
0.14348000000000005,0.021199999999999997
-0.05520000000000003,0.06131999999999993
0.24356,0.09389999999999998
-0.11209999999999998,-0.010040000000000049
0.20423999999999998,0.09661999999999993
-0.07708000000000004,0.0605
-0.10452,-0.0007800000000001139
0.00658000000000003,0.05829999999999991
0.15200000000000002,0.04396
-0.0034199999999999786,-0.0021200000000000108
0.04576000000000002,-0.17344000000000004
-0.05918000000000001,-0.01324000000000003
-0.24172,-0.06403999999999999
0.16074,0.061860000000000026
0.053279999999999994,0.06355999999999995
0.10928000000000004,0.3019399999999999
-0.12891999999999998,-0.04480000000000006
-0.04256000000000004,-0.19582000000000005
-0.011719999999999953,-0.05956000000000006
-0.24608000000000002,-0.03268000000000004
0.11199999999999999,0.07645999999999997
0.14759999999999995,0.056319999999999926
-0.20694,-0.0999600000000001
0.12380000000000002,0.11433999999999989
0.09177999999999997,-0.21734000000000003
-0.11871999999999999,0.10563999999999996
0.25766,0.0023799999999999377
-0.22331999999999996,0.11527999999999994
0.13088,0.17806
0.05471999999999999,-0.21188000000000007
0.11665999999999999,0.30262
0.22299999999999998,0.12331999999999999
-0.16638000000000003,-0.11393999999999999
-0.22355999999999998,0.09839999999999993
0.15480000000000005,0.06108000000000002
-0.042200000000000015,0.15001999999999993
0.032299999999999995,-0.0677600000000001
-0.04256000000000004,-0.24634000000000006
-0.18406000000000006,0.12539999999999996
-0.030060000000000087,0.08416000000000001
-0.05996000000000001,-0.16120000000000007
0.019120000000000026,-0.09473999999999999
0.08389999999999997,-0.026880000000000015
-0.033460000000000045,-0.17146000000000006
0.10970000000000002,0.12205999999999995
-0.0016599999999999948,-0.05876000000000009
-0.06268000000000007,-0.14190000000000003
-0.1982,-0.16952
0.011600000000000055,-0.09836000000000006
0.12136000000000002,-0.18482000000000004
0.0877,-0.03286000000000011
-0.13461999999999996,0.13957999999999993
0.08272000000000002,0.12617999999999996
-0.11981999999999998,-0.15598000000000006
0.05169999999999997,0.14466
0.08263999999999994,9.999999999998899e-05
-0.12363999999999997,-0.009180000000000077
0.07528000000000001,0.01731999999999989
0.06340000000000001,0.23626000000000003
-0.016060000000000074,0.009139999999999926
-0.08289999999999997,-0.18588000000000005
0.18398000000000003,0.18325999999999998
-0.12280000000000002,-0.17056000000000004
-0.20294,-0.06988000000000005
0.04730000000000001,-0.04736000000000007
-0.13458000000000003,-0.15062000000000003
0.19846000000000008,0.030119999999999925
0.0027600000000000957,0.04359999999999997
0.10958000000000001,0.015919999999999934
0.03613999999999995,-0.18116000000000004
0.15173999999999999,0.2523399999999999
-0.13898,0.006659999999999999
0.13893999999999995,0.2151399999999999
0.259,0.10475999999999996
0.07833999999999997,-0.23868000000000006
0.21398000000000006,0.18641999999999992
0.0039799999999999836,0.07948
0.018440000000000012,-0.000520000000000076
0.07763999999999993,0.07939999999999992
0.03961999999999999,-0.24116000000000004
0.03516000000000008,0.12919999999999998
0.09631999999999996,0.05018
0.1573,0.1381
0.10493999999999992,-0.22222000000000003
-0.09713999999999995,-0.10748000000000008
0.12129999999999996,0.26759999999999995
-0.12331999999999999,0.08579999999999999
0.08343999999999996,0.058519999999999905
0.14568000000000003,0.20889999999999997
0.20228000000000002,0.09819999999999995
-0.17919999999999997,0.13936000000000004
0.04958000000000007,-0.055420000000000025
0.13961999999999997,-0.16938000000000009
0.15866000000000002,0.10581999999999991
-0.19379999999999997,-0.16684000000000004
0.019499999999999962,0.03169999999999995
-0.12469999999999998,0.13005999999999995
-0.12156000000000006,-0.01996000000000009
-0.02969999999999995,-0.21266000000000002
0.10651999999999995,0.24116000000000004
0.08818000000000004,0.09138000000000002
0.12544,0.30676000000000003
0.07726,-0.2572400000000001
-0.05513999999999997,0.14293999999999996
-0.04576000000000002,-0.16018000000000004
-0.08586000000000005,0.10897999999999997
-0.13348,-0.09173999999999999
0.13388,-0.17590000000000006
0.17071999999999998,0.062060000000000004
-0.29036,0.027119999999999922
0.0020600000000000618,0.09319999999999995
0.14198,-0.15170000000000006
-0.0026399999999999757,-0.0188600000000001
0.20298000000000005,0.08435999999999999
-0.014120000000000021,-0.15362000000000003
0.08508000000000004,-0.16948000000000008
-0.025519999999999987,-0.0026200000000000667
-0.006839999999999957,0.044459999999999944
0.24056,0.1785
0.08213999999999999,-0.24318000000000006
0.11443999999999999,-0.11214000000000002
-0.044520000000000004,-0.0879600000000001
0.22762000000000004,0.008019999999999916
0.20738,-0.04920000000000002
-0.055239999999999956,0.06938
-0.18072,-0.12422000000000005
-0.11541999999999997,0.14898
0.09763999999999995,-0.029280000000000084
0.05291999999999997,-0.13818000000000008
0.04243999999999992,0.08155999999999997
0.17108,0.18353999999999993
-0.13433999999999996,0.0011799999999999589
0.09031999999999996,0.029919999999999947
-0.16452,-0.09926000000000007
0.18072,-0.054980000000000084
-0.08028000000000002,-0.027980000000000116
-0.20308000000000004,-0.003920000000000035
-0.26454,-0.03992000000000001
-0.19951999999999998,-0.02751999999999999
-0.17356000000000005,-0.011660000000000115
0.0049200000000000355,-0.13732000000000005
0.09782000000000002,0.030999999999999917
-0.018460000000000032,-0.1055600000000001
0.24736000000000002,0.04635999999999996
-0.06342000000000003,-0.1252600000000001
-0.25604,0.08819999999999995
0.07846000000000009,-0.18922000000000005
0.13926000000000005,-0.17582000000000003
0.12470000000000003,-0.23012000000000005
0.17618,0.16693999999999987
-0.25164000000000003,0.09436
-0.07243999999999995,0.07211999999999996
0.19733999999999996,-0.05388000000000004
0.16826000000000008,-0.030180000000000096
0.10658000000000001,-0.08492000000000005
-0.0020200000000000218,0.09775999999999996
0.12688,0.2827799999999999
0.15908,0.049980000000000024
0.019919999999999938,-0.25454000000000004
0.26460000000000006,0.1552199999999999
0.11468,-0.12108000000000008
0.14302000000000004,-0.04882000000000003
-0.06379999999999997,0.1524199999999999
0.12439999999999996,0.3110799999999999
-0.05723999999999996,0.14998
-0.1735,0.14007999999999998
0.12392000000000003,0.27652
0.15413999999999994,0.27588
-0.04910000000000003,-0.13398000000000004
-0.10008,-0.09442
-0.01532,0.07769999999999999
0.06894,-0.08468000000000009
-0.18328,0.015680000000000027
-0.11016000000000004,-0.03860000000000008
-0.03256000000000003,-0.13714000000000004
-0.10376000000000002,0.09593999999999991
0.22917999999999994,0.10349999999999993
-0.23818,-0.021460000000000035
0.037819999999999965,-0.23144000000000003
0.05508000000000002,0.11997999999999998
-0.25348000000000004,-0.07813999999999999
0.11129999999999995,0.1242399999999999
0.14944000000000002,0.06887999999999994
0.24217999999999995,-0.023800000000000043
-0.11191999999999996,0.11258000000000001
0.24719999999999998,-0.0020600000000000618
0.07304,-0.25302
0.09741999999999995,-0.19968000000000008
-0.13768000000000002,-0.013960000000000083
0.18053999999999992,-0.036680000000000046
0.035760000000000014,-0.18962
0.18113999999999997,0.18645999999999996
0.053180000000000005,-0.16030000000000005
-0.20389999999999997,0.10399999999999998
0.08179999999999998,-0.06930000000000003
-0.1412,-0.04420000000000007
-0.09406000000000003,0.016599999999999948
-0.059739999999999904,0.10106000000000004
0.048719999999999986,0.09317999999999993
0.15613999999999995,0.0044999999999999485
-0.08896000000000004,-0.22522000000000003
0.12318000000000007,0.11158000000000001
-0.09299999999999997,0.10131999999999997
-0.03743999999999992,-0.11632000000000003
0.21794000000000002,0.02756000000000003
-0.17638000000000004,0.17343999999999993
-0.16181999999999996,-0.12588000000000005
0.09111999999999998,0.11736000000000002
-0.06110000000000004,-0.14994000000000007
-0.06656000000000006,0.10633999999999988
0.2524799999999999,0.007839999999999958
0.05630000000000002,-0.14046000000000003
0.05826000000000009,0.0325399999999999
0.05833999999999995,0.03573999999999988
0.15293999999999996,0.14046000000000003
0.047780000000000045,-0.22094000000000008
0.17233999999999994,0.03747999999999996
-0.1659,0.029999999999999916
0.1149,-0.04233999999999999
-0.052180000000000004,-0.14504000000000006
-0.19118000000000002,-0.05058000000000007
0.16691999999999996,-0.14272
-0.06531999999999993,-0.11892000000000003
0.02317999999999998,0.08181999999999989
-0.25522,-0.06010000000000004
0.08626,-0.11448000000000008
0.18921999999999994,-0.14660000000000006
-0.23625999999999997,0.050939999999999874
0.11786000000000008,-0.10978000000000004
0.19684000000000001,0.021199999999999997
0.09826000000000001,0.30943999999999994
-0.024339999999999917,-0.012900000000000023
0.06757999999999997,-0.25678000000000006
0.09308000000000005,-0.026780000000000026
0.12346000000000001,0.24017999999999995
0.12663999999999997,-0.044460000000000055
0.26470000000000005,0.18345999999999996
0.246,0.17808000000000002
0.26972000000000007,0.05553999999999992
-0.26746,-0.014040000000000052
-0.07163999999999993,0.08201999999999998
0.16632000000000002,-0.16206000000000004
0.09011999999999998,-0.07610000000000006
-0.28334,0.013660000000000005
-0.23598000000000002,-0.13026000000000004
-0.06416,-0.08352000000000004
0.014020000000000032,-0.0934600000000001
0.13298,-0.15198000000000006
-0.21111999999999997,0.014519999999999977
0.07647999999999999,-0.04262000000000005
-0.1956,0.1485399999999999
0.13566,0.21502
0.14722000000000002,0.15946000000000005
0.06689999999999996,0.038880000000000026
-0.08221999999999996,0.01537999999999995
-0.022299999999999986,-0.10996000000000006
0.23278,0.11811999999999989
0.10983999999999994,0.3150399999999999
-0.24272,0.13925999999999994
-0.25495999999999996,0.09848000000000001
-0.24081999999999998,0.07623999999999986
-0.1649,-0.13366000000000006
0.07373999999999992,0.14003999999999994
0.05026000000000008,0.02095999999999998
-0.21354,-0.1010600000000001
0.21896000000000004,0.11395999999999995
0.13773999999999997,-0.18140000000000006
0.009079999999999977,0.12107999999999997
0.03432000000000002,-0.026720000000000077
-0.16356000000000004,-0.008700000000000041
-0.03823999999999994,0.043219999999999925
0.046760000000000024,0.0019599999999999618
0.25782000000000005,0.021379999999999955
0.15242,0.1635399999999999
-0.13382,0.11421999999999999
0.18478000000000006,0.16556000000000004
-0.20604,-0.09682000000000002
0.10819999999999996,0.2362399999999999
-0.08053999999999994,0.08463999999999994
-0.04498000000000002,0.0045199999999999685
-0.06746000000000008,-0.19984000000000007
-0.12309999999999999,0.11699999999999999
0.11129999999999995,0.30547999999999986
0.1741600000000001,0.06377999999999995
-0.005979999999999985,-0.16296000000000005
-0.28564,0.12966
-0.07350000000000001,-0.022860000000000102
0.12258000000000002,-0.10333999999999999
0.018859999999999988,-0.08296000000000009
0.09131999999999996,0.3021799999999999
0.04746000000000006,-0.15618000000000004
-0.15510000000000002,-0.19432000000000005
0.02949999999999997,0.01633999999999991
0.08463999999999994,-0.06706000000000006
-0.23714000000000002,0.04167999999999994
0.25372000000000006,0.15201999999999993
-0.19394,-0.02288000000000001
-0.20254,-0.015600000000000058
-0.06898000000000004,-0.19122
0.06053999999999993,0.11103999999999992
0.14416000000000007,-0.18728000000000006
0.1398600000000001,0.05587999999999993
-0.14438,-0.12102000000000002
-0.034439999999999915,-0.12026000000000009
0.08836,-0.19910000000000005
-0.029160000000000075,-0.007460000000000133
-0.15083999999999997,-0.13370000000000004
0.12186000000000008,0.2046199999999999
-0.14866000000000001,0.17819999999999991
-0.15508,-0.05032000000000003
-0.2735,0.016739999999999866
0.13613999999999993,0.1028
-0.021439999999999904,-0.23428000000000004
0.27722,0.1453399999999999
0.11531999999999998,0.06811999999999996
0.09736,-0.08066000000000006
0.20741999999999994,0.2804
0.018399999999999972,-0.01860000000000006
0.11408000000000007,0.2891799999999999
-0.04808000000000001,-0.18024000000000007
-0.10953999999999997,-0.20322
-0.018939999999999957,-0.23534000000000005
-0.053039999999999976,0.03913999999999995
-0.03288000000000002,0.04259999999999997
0.07028000000000001,0.04343999999999992
-0.07688000000000006,-0.02754000000000001
0.044460000000000055,-0.20706000000000002
0.1449600000000001,0.12246000000000001
0.17930000000000001,0.05069999999999997
-0.05057999999999996,-0.13090000000000007
0.19642000000000004,0.2751199999999999
-0.042059999999999986,0.04586000000000001
-0.16203999999999996,-0.13198000000000004
-0.20274000000000003,0.05021999999999993
0.12212,-0.16954000000000008
-0.24118,0.10159999999999991
0.11671999999999993,0.09621999999999997
-0.007160000000000055,0.14289999999999992
-0.08723999999999998,-0.06808000000000008
0.052100000000000035,-0.07584000000000002
0.17128,0.030919999999999948
-0.0024800000000000377,0.036880000000000024
-0.21238,-0.031060000000000088
0.04479999999999995,-0.16560000000000002
-0.039980000000000016,0.13685999999999998
0.0026199999999999557,0.13903999999999994
-0.021339999999999915,-0.13506
-0.11446,-0.09678000000000009
0.13280000000000003,-0.11743999999999999
-0.03927999999999998,0.013579999999999925
0.022800000000000042,-0.11556000000000011
-0.07052000000000003,0.12737999999999994
0.10719999999999996,-0.14598000000000005
-0.16126000000000001,0.06933999999999996
0.07469999999999999,-0.09032000000000001
-0.23021999999999998,-0.06660000000000005
0.029380000000000073,-0.058040000000000036
0.07721999999999996,0.015139999999999931
-0.22228000000000003,0.0728399999999999
-0.17431999999999997,0.14466
0.044439999999999924,-0.07254
-0.12023999999999996,-0.06986000000000009
0.20188000000000006,0.017899999999999916
0.11986000000000008,-0.012440000000000007
0.23072000000000004,-0.06782000000000005
-0.06106,0.08916000000000002
-0.20645999999999998,-0.11092000000000002
-0.20954,0.06621999999999995
0.04842000000000002,-0.052220000000000044
0.03538000000000008,0.10048000000000001
-0.10703999999999997,0.1413199999999999
0.03366000000000002,0.03157999999999994
-0.2575,0.09353999999999996
0.10641999999999996,-0.14892000000000005
0.20982,0.20103999999999989
0.08933999999999997,-0.21186000000000005
0.036800000000000055,-0.06196000000000007
-0.1512,-0.05254000000000003
-0.177,-0.17766000000000004
0.17552,-0.08422000000000002
-0.2471,0.02613999999999994
-0.04691999999999996,-0.08066000000000006
0.22073999999999994,0.0006199999999999539
0.2658799999999999,0.16423999999999994
-0.2568,0.07181999999999988
0.24609999999999999,0.06647999999999998
-0.0786,-0.017020000000000035
0.07011999999999996,0.14229999999999998
-0.08657999999999999,-0.06344
-0.024560000000000026,0.07701999999999998
0.13632,0.12593999999999994
-0.07313999999999998,0.022399999999999975
-0.07235999999999998,0.09151999999999993
0.13060000000000005,0.04843999999999993
-0.18919999999999998,0.10081999999999991
0.03178000000000003,0.13361999999999996
0.10321999999999998,0.036799999999999944
-0.13056,-0.011940000000000062
-0.09563999999999995,0.02623999999999993
-0.21028000000000002,0.0026399999999998647
0.14946000000000004,0.23385999999999996
0.11018000000000006,-0.13616000000000006
-0.18944,0.058660000000000045
-0.008299999999999974,-0.22402000000000005
0.14648000000000005,-0.03416000000000008
-0.19238,-0.0015000000000000568
0.08652000000000004,-0.018920000000000048
0.08452000000000004,0.29845999999999995
0.25082000000000004,0.2087
0.10533999999999999,0.25595999999999997
-0.03393999999999997,-0.04104000000000002
-0.18822,0.02163999999999988
0.011460000000000026,0.04931999999999992
-0.017199999999999993,0.09765999999999997
-0.06566000000000005,-0.014580000000000037
-0.20904,0.08321999999999996
-0.22274,0.07811999999999997
-0.06903999999999999,-0.20280000000000004
0.08530000000000004,-0.24278000000000005
-0.05036000000000007,-0.14910000000000007
0.18479999999999996,0.09963999999999995
0.09783999999999993,0.052999999999999936
0.17206,0.13939999999999997
-0.18518,0.010139999999999927
0.16986,0.07618000000000003
0.00024000000000001798,-0.12786000000000008
-0.21298,0.14798
0.09404000000000001,0.23583999999999994
0.06623999999999997,-0.11404000000000003
0.07006000000000001,-0.0026800000000000157
0.08892,-0.20464000000000004
0.14806000000000008,-0.20676000000000005
-0.05684,0.0053399999999999
0.19806,0.045399999999999996
-0.10281999999999997,-0.051439999999999986
0.2699799999999999,0.07626
-0.04926000000000008,0.11097999999999997
0.16869999999999996,0.24185999999999996
-0.08730000000000004,-0.04268000000000005
0.2527600000000001,0.07841999999999993
-0.11888000000000004,-0.09098000000000006
0.12602000000000002,0.08928000000000003
0.2502200000000001,0.11585999999999996
-0.14800000000000002,-0.08192000000000005
-0.20661999999999997,0.07706000000000002
-0.04593999999999998,-0.14540000000000003
0.20323999999999998,0.1110199999999999
-0.23006,-0.043420000000000014
0.11663999999999997,-0.03944000000000003
-0.12158000000000002,-0.011280000000000068
-0.03766000000000003,-0.17876000000000003
0.11831999999999998,-0.12904
0.13798,0.011119999999999908
-0.09231999999999996,0.10389999999999999
-0.17426000000000003,0.020039999999999947
-0.124,0.008619999999999961
-0.22344000000000003,-0.09708000000000006
0.040119999999999933,-0.1995800000000001
0.013780000000000014,-0.11570000000000003
0.08767999999999998,0.0850399999999999
0.15270000000000006,-0.13128000000000006
-0.27874,0.07247999999999999
0.18591999999999997,0.14201999999999992
-0.27794,-0.024560000000000137
0.00656000000000001,-0.020260000000000056
-0.0015800000000000258,0.07655999999999996
-0.23578,0.14063999999999988
0.1028,0.023419999999999885
0.13828000000000007,-0.15846000000000005
-0.031139999999999946,0.026599999999999957
0.23104000000000002,0.18203999999999987
0.15203999999999995,0.2703199999999999
-0.05278000000000005,0.03503999999999996
0.10692000000000002,0.19863999999999993
-0.11526000000000003,-0.18500000000000005
0.15722000000000003,-0.016939999999999955
0.07569999999999999,0.08971999999999991
-0.24956,-0.09194000000000002
0.13896000000000008,0.2688999999999999
-0.23486,-0.03928000000000004
-0.2349,0.10861999999999994
-0.05511999999999995,-0.18350000000000005
-0.18093999999999993,-0.10180000000000006
-0.04259999999999997,-0.047780000000000045
-0.04479999999999995,-0.13034000000000007
0.09472000000000003,0.13279999999999992
-0.030959999999999988,-0.035820000000000074
-0.010719999999999952,-0.12712
-0.26978,-0.030080000000000107
0.23307999999999995,0.1797399999999999
-0.012700000000000045,-0.17506000000000005
0.24952000000000008,0.06603999999999988
0.1884,0.0686
-0.27378,0.059539999999999926
0.16668000000000005,-0.006639999999999979
0.0464,-0.20490000000000003
-0.044339999999999935,0.05219999999999991
-0.14078000000000002,-0.02178000000000002
0.23986000000000007,0.11483999999999994
-0.07704,-0.21874000000000005
-0.25572,0.05737999999999999
-0.06598000000000004,-0.20338000000000006
0.07176000000000005,0.11558000000000002
-0.10061999999999999,-0.014800000000000035
0.19330000000000003,-0.028260000000000063
0.006139999999999923,-0.25916000000000006
-0.23825999999999997,-0.10302
0.006960000000000077,0.06955999999999996
0.10528000000000004,-0.19940000000000002
0.15248000000000006,0.1724
-0.19311999999999996,0.059819999999999984
-0.19785999999999998,-0.07684000000000002
-0.14786000000000005,-0.0046800000000000175
-0.06398000000000004,0.07041999999999993
-0.057599999999999985,-0.07594000000000001
-0.13276000000000004,0.055359999999999965
0.025519999999999987,0.07207999999999992
-0.08313999999999999,-0.029839999999999978
0.16974,-0.01758000000000004
-0.27874,0.03177999999999992
-0.018360000000000043,-0.22322000000000003
0.25198,0.18797999999999992
0.048740000000000006,-0.12132000000000004
0.2508,0.03201999999999994
0.04576000000000002,-0.22998000000000007
0.20420000000000005,0.1979399999999999
-0.00660000000000005,-0.03503999999999996
0.24747999999999992,-0.021419999999999995
-0.22728000000000004,-0.053600000000000037
0.12673999999999996,0.2411199999999999
0.15483999999999998,0.07047999999999999
-0.08623999999999998,0.10633999999999988
-0.11301999999999995,-0.16460000000000002
0.2605799999999999,0.16903999999999997
0.17576000000000003,0.07389999999999997
0.14881999999999995,-6.0000000000060005e-05
0.060639999999999916,-0.02292000000000005
0.04930000000000001,0.09673999999999994
0.17588000000000004,0.009660000000000002
0.26070000000000004,0.07661999999999991
0.24462000000000006,0.118
0.03401999999999994,0.07497999999999994
-0.08383999999999991,0.027619999999999978
-0.1199,-0.11588000000000004
0.047900000000000054,-0.06892000000000004
-0.181,0.007119999999999904
-0.16178000000000003,-0.02100000000000002
-0.05162,0.0999199999999999
0.18532000000000004,-0.14852000000000004
-0.16723999999999994,-0.0013000000000000789
0.07094,-0.1849800000000001
-0.08104,-0.08752000000000004
0.04569999999999996,-0.06684000000000001
-0.11599999999999999,0.02299999999999991
-0.06247999999999998,-0.04740000000000005
-0.2614,-0.14412000000000003
0.19006,0.12119999999999997
0.09928000000000003,0.012460000000000027
-0.013419999999999987,-0.17090000000000005
0.03359999999999996,0.1425399999999999
0.23532000000000008,0.14978000000000002
-0.04926000000000008,-0.0208600000000001
0.07682,0.13536000000000004
0.2522,0.1788399999999999
0.23007999999999995,0.08619999999999994
-0.28218,-0.007660000000000111
0.17079999999999995,-0.01312000000000002
-0.005179999999999962,0.058760000000000034
0.27266,0.12668000000000001
-0.01744000000000001,0.12897999999999998
-0.05952000000000002,0.09161999999999992
0.16674,0.18641999999999992
0.15227999999999997,-0.19726000000000005
-0.15199999999999997,0.0031799999999999606
0.1794,-0.06584000000000001
0.16268000000000005,0.27176
-0.02298,-0.09240000000000004
-0.20426,0.11933999999999989
0.03983999999999999,0.12347999999999992
0.06662000000000001,-0.22966000000000003
-0.053039999999999976,0.013399999999999967
-0.1064,-0.014560000000000128
-0.06736000000000009,0.14698
0.08663999999999994,0.07041999999999993
-0.21498,0.09561999999999993
-0.0353,-0.14772000000000002
0.1563,0.25891999999999993
-0.07718000000000003,-0.17082000000000003
0.11593999999999993,-0.05196000000000006
-0.010499999999999954,-0.02200000000000002
0.08066000000000006,-0.25354000000000004
-0.19035999999999997,0.08843999999999996
-0.08616000000000001,-0.03393999999999997
0.06663999999999992,-0.030340000000000034
0.02973999999999999,0.042099999999999915
0.041100000000000025,0.017179999999999973
0.16154000000000002,-0.13256
0.08509999999999995,0.18481999999999998
-0.07140000000000002,-0.04082000000000002
0.26272000000000006,0.14589999999999992
0.18611999999999995,0.032139999999999946
0.14776,-0.10162000000000004
-0.21852,-0.06710000000000005
0.14348000000000005,0.13193999999999995
0.09328000000000003,-0.17632000000000003
0.18911999999999995,0.14215999999999995
0.2686799999999999,0.17425999999999997
-0.17546,0.03267999999999993
-0.13668000000000002,0.01756000000000002
0.27076,-0.006700000000000039
0.11996000000000007,0.30906
-0.027780000000000027,-0.24096000000000006
0.2406799999999999,0.09287999999999996
0.17721999999999993,0.22546
-0.13618000000000002,0.09801999999999988
0.06847999999999999,-0.17348000000000008
-0.19213999999999998,-0.11926000000000009
0.20272,0.048619999999999886
0.13703999999999994,-0.019480000000000053
0.19396000000000002,0.03957999999999995
0.10219999999999996,0.2292399999999999
0.20552000000000004,0.13203999999999994
0.25698,0.08861999999999992
-0.14761999999999997,-0.06730000000000003
-0.057760000000000034,-0.19404000000000005
-0.015599999999999947,-0.013060000000000072
0.03288000000000002,-0.08688000000000007
-0.29164,0.06133999999999995
-0.19698,-0.05512
0.24207999999999996,0.20741999999999994
-0.2646,-0.04500000000000004
0.05021999999999993,0.06341999999999992
0.22996000000000005,-0.044040000000000024
-0.06820000000000004,-0.17564000000000007
-0.020260000000000056,0.13578
-0.27274,0.05357999999999996
-0.19401999999999997,0.051080000000000014
0.10070000000000001,0.09409999999999996
-0.12688,0.06831999999999994
-0.05005999999999999,-0.19040000000000007
0.08626,-0.030360000000000054
-0.12480000000000002,0.019279999999999964
-0.007539999999999991,-0.02536000000000005
0.13066,-0.03402000000000005
-0.19721999999999995,0.03691999999999995
-0.1296,-0.030380000000000074
0.23007999999999995,0.1261
-0.011580000000000035,0.08097999999999994
0.13722,-0.022460000000000035
0.2280200000000001,0.044479999999999964
-0.18944,-0.16986
0.0050200000000000244,-0.26294000000000006
-0.15510000000000002,-0.11436000000000007
-0.12259999999999999,0.15746000000000004
-0.19318000000000002,0.15711999999999993
0.09428000000000003,-0.21130000000000004
0.12783999999999995,0.19269999999999998
-0.14300000000000002,-0.18050000000000005
0.015199999999999991,-0.21182
0.12012,-0.07644000000000001
0.13088,0.14298
0.12070000000000003,0.050939999999999874
0.08504,-0.021619999999999973
0.15436000000000005,0.021599999999999953
0.12592000000000003,-0.010240000000000027
0.15391999999999995,-0.06348000000000004
0.11624000000000001,0.14888
-0.051080000000000014,-0.19922
-0.06476000000000004,-0.12782000000000004
-0.20700000000000002,0.05576000000000003
0.14249999999999996,-0.16586000000000006
-0.26266,-0.0343
-0.006419999999999981,-0.0026800000000000157
-0.11809999999999998,0.034359999999999946
0.22387999999999997,0.09875999999999996
-0.12613999999999997,0.15889999999999993
-0.04696,-0.22226
0.058760000000000034,-0.22174000000000005
0.07252000000000003,-0.09190000000000004
0.11050000000000004,-0.16120000000000007
-0.25914,-0.10090000000000005
-0.021179999999999977,-0.03193999999999997
-0.1743,-0.014500000000000068
0.14944000000000002,0.012279999999999958
0.011560000000000015,0.032299999999999995
0.10821999999999998,0.2019399999999999
-0.16886,0.031460000000000043
-0.02068000000000003,-0.09088000000000007
0.10582000000000003,0.026859999999999995
0.045539999999999914,-0.02088000000000001
-0.17183999999999994,-0.03410000000000002
0.0038199999999999346,-0.08124000000000003
0.14873999999999998,-0.0903600000000001
0.11303999999999992,0.22916000000000003
0.23950000000000005,0.13141999999999998
0.21792,0.14088
-0.027220000000000022,0.03371999999999997
-0.26755999999999996,-0.0016000000000000458
-0.10411999999999999,0.05681999999999998
-0.2188,-0.12490000000000007
0.21036,0.005780000000000007
-0.22483999999999998,0.11773999999999996
0.14370000000000005,0.2660199999999999
-0.05742000000000003,-0.1015600000000001
-0.03186,-0.20380000000000004
-0.021179999999999977,0.08133999999999997
-0.27734000000000003,0.049879999999999924
-0.29312,0.05018
0.11682000000000003,0.14001999999999992
-0.08079999999999998,-0.13580000000000003
0.17732000000000003,0.09723999999999988
0.15756000000000003,0.04086000000000001
-0.2945,0.06967999999999996
0.08050000000000002,-0.08714
0.04300000000000004,-0.18996000000000002
-0.09389999999999998,0.02847999999999995
-0.0028600000000000847,-0.20484000000000008
0.20952000000000004,-0.020419999999999994
-0.21974,-0.00556000000000012
0.03971999999999998,-0.07940000000000003
-0.08667999999999998,0.11561999999999995
-0.009700000000000042,0.00766
0.014680000000000026,0.006099999999999994
-0.1647,0.17408
-0.030279999999999974,-0.21750000000000003
-0.22655999999999998,0.007059999999999955
-0.14786000000000005,0.011539999999999884
0.06896000000000002,-0.14514000000000005
-0.23008,-0.10638000000000009
0.15059999999999996,0.0049199999999999244
0.2259,-0.037739999999999996
-0.13332,-0.012980000000000103
-0.10308,-0.20002000000000003
0.059620000000000006,-0.14828000000000008
0.18386000000000002,0.2555799999999999
-0.1735,0.06769999999999998
-0.14121999999999996,0.03388000000000002
0.19428,0.26936000000000004
-0.18761999999999995,-0.08780000000000004
-0.06457999999999997,0.11137999999999992
-0.22746,-0.11820000000000003
0.03432000000000002,-0.11168000000000006
-0.22052,-0.08380000000000004
-0.022660000000000013,-0.14922000000000002
0.010680000000000023,-0.07258000000000009
-0.11666000000000004,0.07345999999999997
-0.047760000000000025,0.005299999999999971
-0.021560000000000024,-0.12022000000000005
0.08341999999999994,-0.17178000000000004
0.23773999999999995,-0.022619999999999973
0.07926,0.0012199999999998878
-0.28814,-0.07186000000000009
-0.16678000000000004,0.005139999999999922
0.13623999999999992,0.03581999999999996
-0.03061999999999998,-0.20632
0.10618000000000005,0.04167999999999994
0.16333999999999993,-0.03983999999999999
0.15423999999999993,-0.18562
0.15901999999999994,0.016719999999999957
-0.021220000000000017,0.01641999999999999
0.07767999999999997,0.06947999999999999
-0.03749999999999998,0.06653999999999993
0.0009000000000000119,-0.10346000000000011
-0.054379999999999984,0.020439999999999903
0.10166000000000008,0.17383999999999988
0.11836000000000002,0.1885199999999999
0.14356000000000002,0.08009999999999995
-0.10723999999999995,0.008319999999999883
-0.15446000000000004,0.10911999999999988
-0.14006000000000002,0.17393999999999987
0.1644,-0.025580000000000047
0.07211999999999996,-0.17850000000000005
0.08250000000000002,-0.18666000000000005
-0.21386,0.06296000000000002
0.13198,0.28515999999999997
-0.020460000000000034,-0.04086000000000006
0.07463999999999993,0.22846
-0.027859999999999996,-0.0742600000000001
-0.25311999999999996,-0.08426000000000006
-0.0039199999999999235,0.09333999999999987
-0.07511999999999996,0.09659999999999991
0.19411999999999996,0.053119999999999945
-0.03295999999999999,-0.11496000000000006
0.10293999999999992,-0.06022000000000005
0.012199999999999989,-0.10912000000000005
0.10686000000000007,0.09701999999999988
-0.25008,0.10575999999999997
-0.05386000000000002,-0.12710000000000005
0.029839999999999978,-0.03070000000000006
-0.09087999999999996,-0.22932000000000002
0.12416000000000005,-0.12138000000000004
0.06418000000000001,-0.08332
-0.12186000000000002,-0.056620000000000004
-0.27496,-0.08318000000000009
0.18362,-0.13144000000000006
0.00981999999999994,-0.06624000000000002
0.10214000000000001,-0.006960000000000077
-0.22314,0.016839999999999966
0.1923600000000001,-0.06114000000000003
-0.16168,-0.14324000000000003
-0.08860000000000001,-0.15646000000000004
-0.1377,-0.19984000000000007
0.13490000000000002,-0.11443999999999999
0.06230000000000002,-0.25294000000000005
-0.20214,0.017139999999999933
-0.0615,0.009439999999999893
0.18243999999999994,0.03621999999999992
0.24250000000000005,0.18608000000000002
-0.23002,-0.07172
0.0019000000000000128,-0.23994000000000004
-0.05706,-0.21216000000000002
0.13,-0.15248000000000006
0.19589999999999996,-0.07108000000000009
-0.15883999999999998,-0.10626000000000008
0.20588000000000006,0.0404199999999999
0.1594,0.15573999999999988
0.027880000000000016,0.02423999999999993
0.06020000000000003,-0.12754
0.09970000000000001,-0.03822000000000003
-0.07040000000000002,0.13815999999999995
0.08508000000000004,0.08326
-0.13111999999999996,-0.11542000000000002
-0.01961999999999997,0.14361999999999997
0.02522000000000002,0.06793999999999989
0.13654,-0.07704
-0.19758000000000003,0.06209999999999993
-0.10328000000000004,-0.16254000000000007
0.012979999999999992,0.07951999999999992
0.31886000000000003,0.07531999999999994
0.006680000000000019,-0.18628000000000006
0.18731999999999993,0.049919999999999964
0.17828,-0.12824000000000002
-0.25908000000000003,-0.12878000000000006
-0.06003999999999998,0.11319999999999997
0.11108000000000007,0.20733999999999997
0.17447999999999997,-0.03506000000000009
-0.28065999999999997,-0.04810000000000003
0.10438000000000003,0.27269999999999994
-0.27665999999999996,-0.09523999999999999
-0.15498,-0.028200000000000003
-0.013480000000000047,0.14893999999999996
0.11176000000000008,0.2724399999999999
-0.26686,0.11787999999999998
0.07906000000000002,-0.04358000000000006
-0.03656000000000004,-0.14368000000000009
0.13936000000000004,0.32462
0.07506000000000002,0.3040799999999999
-0.12636000000000003,0.07461999999999991
0.123,-0.15538000000000007
-0.08041999999999994,-0.11290000000000006
-0.21076,-0.05614000000000002
0.03708,-0.05392000000000002
0.016619999999999968,-0.14052000000000003
-0.027780000000000027,0.1465399999999999
0.18833999999999995,-0.018080000000000096
-0.26468,-0.01634000000000002
0.04688000000000003,-0.14462000000000003
0.20628000000000002,0.03409999999999991
0.06068000000000007,-0.16804000000000008
-0.07235999999999998,-0.03766000000000003
-0.0040000000000000036,0.11619999999999997
0.24460000000000004,0.13823999999999992
0.25227999999999995,0.1546399999999999
-0.09731999999999996,0.021299999999999986
0.17478000000000005,0.28625999999999996
-0.16513999999999995,0.08411999999999997
0.08650000000000002,-0.007780000000000009
0.040119999999999933,0.02393999999999996
-0.14379999999999998,-0.14716
0.13660000000000005,0.29943999999999993
-0.03716000000000008,0.12936000000000003
-0.13742,-0.05986000000000008
-0.1321,0.15167999999999993
-0.20178000000000001,0.07769999999999999
-0.19326,-0.059240000000000015
0.09983999999999993,-0.05676000000000009
0.10324,0.12659999999999993
0.18391999999999997,-0.0028600000000000847
-0.14116,0.1630999999999999
-0.05593999999999999,-0.21778000000000008
0.042279999999999984,0.10921999999999998
0.14916000000000007,0.06411999999999995
-0.11856000000000005,0.17261999999999988
-0.19788,-0.10012000000000004
0.08457999999999999,0.25983999999999996
0.08550000000000002,0.13623999999999992
0.07076000000000005,-0.10486000000000006
-0.04918,-0.12174000000000001
-0.03168000000000004,-0.07270000000000004
0.19838,0.2861999999999999
0.12418000000000007,-0.13220000000000004
0.09967999999999999,0.08426
0.02861999999999998,-0.09606000000000009
0.20762000000000003,0.19481999999999988
0.24953999999999998,0.03593999999999997
0.11892000000000003,-0.03483999999999998
-0.09218000000000004,0.03169999999999995
-0.04266000000000003,0.12421999999999989
-0.038839999999999986,-0.21228000000000008
-0.12290000000000001,0.04291999999999996
-0.25592,-0.12774000000000002
0.07567999999999997,0.28367999999999993
-0.09911999999999999,-0.10340000000000005
-0.01317999999999997,0.13761999999999996
-0.23468,0.09841999999999995
0.17042000000000002,-0.18364000000000008
-0.14426000000000005,-0.03756000000000004
0.05893999999999999,0.006939999999999946
0.15068000000000004,-0.08716000000000007
-0.20108000000000004,0.02637999999999996
-0.16731999999999997,0.10529999999999995
0.16843999999999992,0.11707999999999996
-0.10820000000000002,-0.1254800000000001
-0.259,0.05345999999999995
0.021220000000000017,0.056519999999999904
-0.11471999999999999,0.04827999999999999
-0.06810000000000005,0.14411999999999991
0.16911999999999994,0.25027999999999995
0.011600000000000055,0.06703999999999988
0.24097999999999997,0.11717999999999995
-0.19745999999999997,0.0025199999999999667
-0.16786,-0.16186000000000006
-0.16793999999999998,-0.013519999999999976
-0.23102,-0.03803999999999996
0.23987999999999998,0.023560000000000025
0.09643999999999997,0.10748000000000002
0.020039999999999947,-0.11440000000000006
0.026780000000000026,0.13326000000000005
0.19033999999999995,0.17745999999999995
0.11456,-0.21574000000000004
-0.19082,0.15281999999999996
0.12832,-0.07504
-0.07608000000000004,-0.15562000000000004
0.048799999999999955,-0.23808000000000007
0.10466000000000009,-0.17612000000000005
0.15080000000000005,0.03513999999999995
0.06062000000000001,0.043219999999999925
-0.03590000000000004,-0.05410000000000004
0.11214000000000002,-0.014900000000000024
-0.14561999999999997,-0.04848000000000008
0.2601,0.08045999999999998
0.037739999999999996,0.26149999999999995
-0.09567999999999999,-0.19478000000000006
0.2339,0.21123999999999987
-0.06536000000000008,-0.20618000000000009
0.2435799999999999,0.07235999999999998
-0.23054000000000002,-0.04854000000000003
-0.10048000000000001,0.10053999999999996
-0.13256,0.10317999999999994
0.22960000000000003,0.046499999999999986
-0.10048000000000001,0.06871999999999989
-0.016639999999999988,-0.08034000000000002
0.09041999999999994,0.019179999999999975
-0.007060000000000066,0.10041999999999995
-0.25664,0.10637999999999992
-0.26032,0.10395999999999994
0.14122,0.29906
0.23006000000000004,0.06563999999999992
0.09789999999999999,-0.25534000000000007
-0.07478000000000007,0.008939999999999948
-0.08143999999999996,0.09001999999999999
-0.15149999999999997,0.1130199999999999
-0.12893999999999994,0.04039999999999999
-0.2947,0.06059999999999999
-0.09583999999999998,0.033419999999999894
0.12828000000000006,0.23585999999999996
-0.14036000000000004,-0.18344000000000005
0.0049000000000000155,-0.15186000000000005
-0.13461999999999996,-0.17778000000000005
0.12308000000000008,-0.06703999999999999
0.03808,-0.03386000000000011
0.02856000000000003,-0.17102
-0.25064000000000003,-0.07718000000000008
-0.0043800000000000505,-0.05884
-0.14303999999999994,-0.0011600000000000499
0.13124000000000002,-0.14634000000000008
-0.28578000000000003,-0.09616000000000008
0.22506000000000004,0.14215999999999995
0.056339999999999946,0.016959999999999975
0.21683999999999992,0.17143999999999993
0.01985999999999999,-0.22768000000000005
0.09167999999999998,0.2178199999999999
-0.04527999999999999,0.013719999999999954
0.10593999999999992,0.30647999999999986
0.02959999999999996,0.15469999999999995
0.19513999999999998,0.005360000000000031
0.17279999999999995,-0.14460000000000006
0.16478000000000004,0.05157999999999996
-0.011660000000000004,0.13557999999999992
-0.06567999999999996,0.09606000000000003
-0.25748,-0.10878000000000004
-0.06991999999999998,-0.09782000000000002
-0.02206000000000008,-0.07826000000000011
-0.16820000000000002,-0.09516000000000008
0.008680000000000021,0.025379999999999958
0.19569999999999999,0.028679999999999928
0.15101999999999993,-0.008920000000000039
-0.03176000000000001,-0.22426000000000001
0.025419999999999998,-0.20482
-0.17613999999999996,0.07243999999999995
0.17837999999999998,0.07497999999999994
0.16378000000000004,0.2259199999999999
-0.07853999999999994,-0.21098000000000006
-0.12972,-0.09904000000000002
0.1876,0.02615999999999996
0.18313999999999997,0.19219999999999993
0.19931999999999994,0.23617999999999995
-0.11937999999999999,0.17579999999999996
-0.15618000000000004,0.057619999999999894
-0.02971999999999997,0.119
-0.28898,0.06043999999999994
0.26172000000000006,0.025919999999999943
0.17633999999999994,0.24081999999999992
0.25306000000000006,0.062080000000000024
0.13902000000000003,-0.16654000000000008
-0.10693999999999998,0.03077999999999992
0.08452000000000004,0.32196
-0.16212,-0.06500000000000006
0.03071999999999997,0.06311999999999995
-0.04083999999999999,0.048799999999999955
0.2542200000000001,0.19918000000000002
-0.2589,0.11233999999999988
-0.21786,0.10407999999999995
0.048980000000000024,-0.0006800000000000139
-0.08601999999999999,-0.10528000000000004
0.10031999999999996,-0.09966000000000008
-0.09138000000000002,-0.13632000000000005
0.13163999999999998,0.05563999999999991
-0.03822000000000003,0.07926
0.05337999999999998,-0.006400000000000072
-0.16803999999999997,-0.09783999999999998
0.026839999999999975,0.13625999999999994
0.030399999999999983,0.04699999999999993
-0.14896000000000004,0.14813999999999994
-0.12618000000000001,-0.06672
0.11997999999999998,0.10563999999999996
-0.26592,-0.07050000000000006
-0.02191999999999994,0.13266
-0.09558,0.08263999999999994
0.036760000000000015,-0.22608000000000006
-0.24108000000000002,-0.12832000000000005
-0.19621999999999995,-0.11548000000000008
0.19506,-0.07578000000000007
0.10241999999999996,-0.08978000000000008
-0.2207,0.04293999999999987
-0.27436,-0.06264000000000003
-0.14418000000000003,0.045459999999999945
0.21143999999999996,0.029299999999999993
-0.025499999999999967,0.0039199999999999235
0.14617999999999998,-0.08268000000000009
-0.10777999999999999,-0.14128000000000007
0.13136000000000003,-0.20222
0.07682,-0.19164000000000003
0.13866,-0.07558000000000009
-0.08221999999999996,0.14693999999999996
-0.17998000000000003,-0.07690000000000002
0.2582,-0.0309600000000001
-0.12183999999999995,0.1238999999999999
0.05137999999999998,-0.19532000000000005
0.14588,-0.13750000000000007
-0.16123999999999994,0.04057999999999995
-0.24015999999999998,0.006039999999999934
-0.018299999999999983,-0.05572000000000005
-0.04147999999999996,0.07291999999999998
-0.00981999999999994,-0.15240000000000004
0.2459,0.028780000000000028
-0.28624,-0.06282000000000004
0.02300000000000002,-0.06656000000000006
-0.0007399999999999629,-0.17892000000000002
0.12128000000000005,-0.05196000000000006
-0.23384,0.05249999999999999
0.054339999999999944,-0.24094000000000004
-0.27649999999999997,-0.015220000000000011
0.10228000000000004,-0.1019600000000001
0.049880000000000035,-0.04612000000000005
-0.1059,-0.19872
-0.032460000000000044,-0.0026399999999999757
0.1028,-0.2535800000000001
0.037860000000000005,-0.020080000000000098
0.23032000000000008,0.07291999999999998
0.18262,-0.016300000000000092
-0.12168000000000001,0.07269999999999999
-0.26634,-0.04233999999999999
-0.03403999999999996,-0.14528000000000008
-0.23243999999999998,-0.015040000000000053
0.08520000000000005,-0.17490000000000006
0.09376000000000007,-0.008900000000000019
-0.13928000000000001,-0.0651600000000001
0.18418,0.04166000000000003
0.21336,-0.02522000000000002
-0.027100000000000013,-0.10750000000000004
0.24216000000000004,0.04513999999999996
-0.09087999999999996,-0.19968000000000008
-0.19061999999999996,-0.058140000000000025
0.12928000000000006,-0.10746000000000006
0.10270000000000001,0.19448
0.19538,0.14115999999999995
0.10716000000000003,0.26259999999999994
-0.10109999999999997,-0.21716000000000002
0.21506000000000003,0.12613999999999992
0.20106000000000002,0.08641999999999994
-0.10958000000000001,0.05837999999999999
-0.13648,0.17811999999999995
-0.07047999999999999,-0.04358000000000006
-0.18548000000000003,-0.04304000000000002
-0.21458,-0.0964600000000001
0.08133999999999997,0.06423999999999996
0.14908,-0.07354
-0.0018399999999999528,-0.13086000000000003
-0.1481,-0.19146000000000002
-0.14968000000000004,0.039939999999999864
-0.02438000000000007,-0.09800000000000003
0.13351999999999997,0.27491999999999994
0.14702000000000004,0.043279999999999985
0.10998000000000008,0.2772199999999999
0.11963999999999997,0.04866000000000004
-0.14386000000000004,0.04196
0.17833999999999994,0.13846000000000003
-0.26744,-0.07513999999999998
0.1372,-0.09234000000000003
-0.08398000000000005,-0.08870000000000006
0.12792000000000003,9.999999999998899e-05
-0.09267999999999998,-0.17262000000000005
-0.028019999999999934,-0.15998000000000007
0.21314,0.11348000000000003
0.10746,-0.01436000000000004
-0.10316000000000003,0.11983999999999995
-0.2304,-0.10330000000000006
0.23856,0.18487999999999993
0.23603999999999992,0.21283999999999992
-0.030959999999999988,-0.05268000000000006
-0.07316,-0.10420000000000007
-0.27718000000000004,0.04283999999999988
0.17310000000000003,0.17111999999999994
0.14371999999999996,0.3076399999999999
0.17758000000000007,-0.02851999999999999
0.10104000000000002,-0.16822000000000004
0.02059999999999995,0.04959999999999998
-0.21542,0.0038399999999999546
0.11461999999999994,-0.026660000000000128
-0.17041999999999996,-0.006720000000000059
0.09338000000000002,0.3347
0.18301999999999996,0.02743999999999991
0.07728000000000002,-0.22822000000000003
0.023599999999999954,0.0759399999999999
-0.15916000000000002,-0.19116000000000005
0.05947999999999998,0.31335999999999997
-0.14758,0.1755199999999999
0.11412,0.09489999999999998
0.2521399999999999,-0.03216000000000008
-0.06841999999999993,0.13283999999999996
-0.06108000000000002,-0.22054000000000007
0.03726000000000007,-0.12870000000000004
-0.07556000000000007,-0.22688000000000008
0.22399999999999998,0.0017399999999999638
0.09433999999999998,0.2962799999999999
0.029260000000000064,-0.21084000000000003
-0.07398000000000005,0.011579999999999924
0.13944,-0.19274000000000008
-0.049839999999999995,-0.16244000000000003
-0.19384,-0.17112000000000005
0.012860000000000094,-0.14280000000000004
-0.09941999999999995,0.013880000000000003
-0.09806000000000004,0.04231999999999991
-0.1629,0.028839999999999866
-0.039019999999999944,-0.08306000000000008
-0.00985999999999998,-0.16820000000000007
-0.06946000000000008,-0.13028000000000006
-0.18408000000000002,0.15827999999999998
-0.14096000000000003,0.07006000000000001
0.13334000000000001,-0.13084000000000007
0.19210000000000005,-0.08372000000000002
0.03393999999999997,-0.040220000000000034
-0.12196000000000001,-0.17964000000000008
0.1630600000000001,0.19957999999999998
0.01206000000000007,0.04179999999999995
0.13451999999999997,0.32933999999999997
0.13526000000000005,0.22271999999999992
-0.26839999999999997,-0.09364
0.04822000000000004,0.13736000000000004
-0.05401999999999996,-0.0022600000000000398
0.24783999999999995,0.1147999999999999
0.10448000000000002,0.2754
0.11253999999999997,0.01866000000000001
-0.18568,0.11116000000000004
0.11283999999999994,0.19891999999999999
0.12419999999999998,-0.11528000000000005
-0.04153999999999991,0.12121999999999988
0.24177999999999988,0.14057999999999993
-0.08157999999999999,0.13471999999999995
0.21104,0.16993999999999987
0.11102000000000001,-0.20954000000000006
-0.0029000000000000137,0.10831999999999997
0.18289999999999995,0.04518
-0.14033999999999996,-0.19200000000000006
-0.04249999999999998,0.09367999999999999
0.12948000000000004,0.23271999999999993
0.24950000000000006,-0.03858000000000006
0.20173999999999992,-0.12332000000000004
-0.22586,-0.13252000000000003
0.16986,-0.10233999999999999
-0.15603999999999996,0.019360000000000044
0.09521999999999997,0.11641999999999997
0.20373999999999992,0.005199999999999982
-0.09917999999999999,-0.14772000000000002
-0.03503999999999996,-0.11254000000000003
0.07657999999999998,0.14688
-0.19785999999999998,0.15091999999999994
0.05147999999999997,-0.07996000000000009
-0.24344,-0.05640000000000006
0.17122000000000004,0.11159999999999992
-0.28758,0.0648399999999999
0.030380000000000074,-0.20778000000000008
-0.12543999999999994,-0.15572000000000003
0.00878000000000001,0.12395999999999996
0.06389999999999996,0.03756000000000004
0.10858000000000001,0.021479999999999944
0.14481999999999995,-0.06862000000000001
0.16101999999999994,0.03721999999999992
-0.011499999999999955,-0.15490000000000004
0.13512000000000002,0.026539999999999897
0.01649999999999996,-0.16918000000000005
0.13138000000000005,-0.16336000000000006
-0.23746,0.10275999999999996
0.17653999999999992,0.26656
0.15769999999999995,-0.12294
-0.27896,-0.013900000000000023
-0.08140000000000003,-0.15354000000000007
0.15774,0.16937999999999998
0.06418000000000001,-0.14412000000000003
-0.10859999999999997,0.04027999999999998
0.06503999999999999,0.29552
0.08360000000000001,-0.14120000000000005
-0.05730000000000002,0.06411999999999995
-0.16293999999999997,0.10368
0.09416000000000002,-0.19206000000000006
-0.07116,-0.15524000000000004
-0.06638,-0.053360000000000074
-0.07278000000000007,-0.13552000000000003
0.10880000000000001,0.1893999999999999
-0.23388000000000003,-0.09288000000000007
0.11943999999999999,-0.021500000000000075
0.20936,-0.05164000000000002
-0.11446,-0.044420000000000015
-0.16056000000000004,0.14383999999999997
-0.12532,-0.19244000000000006
0.047539999999999916,0.05731999999999993
-0.17731999999999998,-0.06374000000000002
0.247,0.09363999999999995
-0.25328,-0.0210800000000001
0.054200000000000026,0.06721999999999995
-0.08466000000000007,0.10111999999999999
-0.23762,0.12439999999999996
-0.22024,0.07997999999999994
-0.13486000000000004,0.05713999999999997
-0.057539999999999925,-0.03522000000000003
0.22882000000000002,0.022299999999999986
0.05958000000000008,-0.21048000000000006
-0.14001999999999998,-0.03314000000000006
0.036860000000000004,0.10519999999999996
-0.08419999999999994,-0.20842000000000005
-0.22061999999999998,-0.11238000000000009
0.10453999999999997,0.05076000000000003
0.033540000000000014,1.999999999990898e-05
0.19263999999999992,0.29645999999999995
-0.24380000000000002,0.10381999999999991
0.11792000000000002,0.059699999999999975
0.02854000000000001,-0.08372000000000002
-0.07286000000000004,0.14469999999999994
-0.16156000000000004,0.1704
0.019919999999999938,-0.20146000000000003
-0.14423999999999998,-0.011400000000000077
0.11246,-0.13748000000000005
-0.18446,0.029200000000000004
-0.06889999999999996,-0.03082000000000007
-0.02288000000000001,0.12861999999999996
0.20776000000000006,-0.06598000000000004
-0.16499999999999998,-0.060340000000000005
0.24417999999999995,0.12766
-0.13351999999999997,-0.04136000000000006
0.17901999999999996,0.1490999999999999
-0.03942000000000001,-0.01980000000000004
-0.24594,0.12041999999999997
-0.01546000000000003,-0.18458000000000008
-0.19056,-0.0415600000000001
0.28064,0.04389999999999994
0.03058000000000005,-0.16786
0.16737999999999997,-0.10330000000000006
-0.07046000000000008,-0.011380000000000057
0.126,-0.013440000000000007
0.17096,0.027799999999999936
0.05396000000000001,0.006780000000000008
0.16733999999999993,0.013479999999999936
-0.14388,-0.03982000000000002
0.17162,0.006419999999999981
-0.003960000000000075,0.05401999999999996
-0.21755999999999998,-0.03378000000000003
-0.13932,0.04589999999999994
0.14234000000000002,0.10761999999999994
0.20948,0.18423999999999996
0.12892000000000003,0.32006
0.03913999999999995,0.13668000000000002
-0.22465999999999997,0.036819999999999964
0.14683999999999997,-0.02746000000000004
0.08950000000000002,-0.11926000000000009
-0.12396000000000001,0.03511999999999993
0.137,0.08138000000000001
0.2608600000000001,0.13629999999999998
-0.10188000000000003,0.12268000000000001
0.056520000000000015,-0.026619999999999977
-0.14161999999999997,-0.06330000000000002
-0.013239999999999919,-0.08840000000000003
-0.19884000000000002,-0.14596000000000003
-0.08953999999999995,0.03959999999999997
0.16398000000000001,-0.0045600000000001195
0.10216000000000003,0.00046000000000001595
0.00031999999999998696,-0.06988000000000005
0.03056000000000003,0.027539999999999898
0.1328600000000001,-0.05490000000000006
0.16423999999999994,0.27988
-0.03251999999999999,-0.031140000000000057
-0.007900000000000018,-0.022600000000000064
0.13528000000000007,0.20551999999999992
-0.21205999999999997,-0.16632000000000002
0.20338,0.20423999999999987
-0.19495999999999997,0.1664
0.2619600000000001,0.015979999999999994
-0.1477,-0.09866000000000008
0.1259,-0.15756000000000003
-0.2001,-0.14342000000000005
-0.26484,0.08638000000000001
-0.053180000000000005,-0.20756000000000002
-0.040919999999999956,-0.20964000000000005
0.06879999999999997,0.08028000000000002
-0.24334,0.06786000000000003
0.08967999999999998,0.060760000000000036
0.09211999999999998,-0.13060000000000005
0.14370000000000005,0.2820999999999999
0.04196,-0.15674000000000005
-0.07231999999999994,-0.12420000000000003
0.0020999999999999908,-0.0863600000000001
0.15542,0.17757999999999996
0.13593999999999995,0.23199999999999998
0.02639999999999998,0.15283999999999986
0.06476000000000004,0.10373999999999994
-0.11026000000000002,-0.13718000000000008
0.21698000000000006,-0.08950000000000002
-0.2605,0.0928199999999999
-0.17233999999999994,-0.06206000000000006
-0.03649999999999998,0.08129999999999993
0.07076000000000005,0.31482
0.0413,-0.16354000000000007
0.1049,-0.10766000000000009
-0.11523999999999995,0.0015999999999999348
-0.27676,-0.03728000000000009
0.05593999999999999,-0.10122000000000003
-0.24244,-0.14488000000000006
-0.26642,0.07307999999999992
0.13156,0.18667999999999996
0.14922000000000002,0.13805999999999996
0.10933999999999999,-0.03958000000000006
0.07073999999999991,0.3190200000000001
0.15654,0.21636
-0.05915999999999999,-0.2222800000000001
-0.18929999999999997,-0.13984000000000008
-0.08860000000000001,-0.14216000000000006
0.12006000000000006,-0.09926000000000007
0.18479999999999996,0.21806000000000003
-0.23078000000000004,0.04799999999999993
0.17474,0.22593999999999992
0.25682000000000005,0.03921999999999992
-0.09019999999999995,-0.18296
-0.22846,-0.028039999999999954
0.17476000000000003,-0.020560000000000134
0.13076,-0.11074
-0.07006000000000001,-0.13318000000000008
-0.05159999999999998,0.13427999999999995
0.006139999999999923,0.13201999999999992
-0.15941999999999995,-0.20048000000000005
0.02406000000000008,0.054239999999999955
0.24037999999999993,-0.05204000000000003
0.1471,-0.22046000000000004
0.00786000000000009,0.05571999999999988
-0.2368,0.1464399999999999
-0.25504,0.04291999999999996
0.1804,0.1673
-0.21610000000000001,0.1058
0.1018,0.07645999999999997
0.1459600000000001,0.22093999999999991
0.06928000000000001,0.25137999999999994
0.13232,0.16609999999999991
-0.13382,-0.0359600000000001
0.03427999999999998,-0.20448000000000005
-0.2531,0.1262199999999999
-0.17972,0.06557999999999997
0.08413999999999999,0.31553999999999993
-0.16083999999999998,-0.12268000000000007
-0.11848000000000003,-0.18454000000000004
0.2579600000000001,0.12346000000000001
-0.25638,-0.12226000000000009
0.04937999999999998,0.06825999999999999
0.26708,-0.01212000000000002
-0.07041999999999993,0.06476000000000004
-0.02081999999999995,0.14081999999999995
0.02613999999999994,-0.056080000000000074
-0.2868,0.05013999999999996
0.18200000000000005,0.1494199999999999
0.20178000000000007,0.015039999999999942
-0.18728,-0.055480000000000085
0.019560000000000022,-0.17366000000000004
-0.17198000000000002,-0.10918000000000005
-0.14953999999999995,0.1078
-0.05178000000000005,-0.12262
0.21052000000000004,0.0025399999999998757
-0.26714,0.010239999999999916
0.20763999999999994,0.046439999999999926
0.09550000000000003,0.01427999999999996
0.17491999999999996,0.07828000000000002
-0.04696,-0.022480000000000055
0.10282000000000002,-0.13718000000000008
0.12082000000000004,-0.22634000000000004
0.03403999999999996,0.12041999999999997
-0.08408000000000004,-0.12704
-0.11413999999999996,0.16913999999999996
-0.1269,-0.13874000000000003
0.04600000000000004,0.1302399999999999
0.13554,0.34885999999999995
0.22318000000000005,-0.05843999999999999
0.14849999999999997,0.14913999999999994
0.25102000000000013,0.13536000000000004
0.03964000000000001,-0.19004000000000004
0.2439,0.14301999999999992
-0.08523999999999998,-0.14346000000000003
-0.10968,-0.05324000000000001
-0.05500000000000005,-0.11842000000000003
-0.12966000000000005,0.09827999999999992
-0.24198000000000003,-0.08956000000000008
0.06559999999999999,-0.11962
-0.21038,-0.03648000000000007
-0.23662,0.04783999999999988
-0.25878,-0.11174
0.14051999999999998,0.22127999999999992
-0.016660000000000008,-0.23268000000000005
0.17700000000000005,0.25226000000000004
0.06653999999999993,0.12956
0.12890000000000001,-0.20398000000000005
-0.19918000000000002,-0.17534000000000005
0.14881999999999995,0.16881999999999997
0.09350000000000003,-0.0363
-0.18416000000000005,0.06028
0.22428000000000003,0.03717999999999999
0.13507999999999998,-0.21454000000000006
0.12018000000000006,0.19601999999999997
-0.03364,-0.07690000000000002
-0.04271999999999998,-0.06358000000000008
0.055320000000000036,-0.02328000000000008
0.17058000000000006,0.19806
0.14338000000000006,0.33222000000000007
-0.10802,-0.06616000000000011
0.08340000000000003,0.27746000000000004
-0.12556,0.08767999999999998
0.0021200000000000108,-0.21844000000000008
0.19523999999999997,0.08038000000000001
0.11180000000000001,0.13488
-0.2779,-0.0420600000000001
-0.20054,-0.16596000000000005
-0.08818000000000004,-0.12928000000000006
0.17042000000000002,0.17087999999999992
0.2366600000000001,-0.04666000000000009
-0.27278,-0.025480000000000058
0.07143999999999995,-0.08642000000000005
0.16148000000000007,0.25317999999999996
-0.15142,0.08363999999999994
0.2402200000000001,0.010259999999999936
0.031399999999999983,0.1444399999999999
0.1251,-0.24604000000000004
0.19194,0.11246
0.14648000000000005,-0.06174000000000002
0.03473999999999999,-0.13674000000000003
0.07247999999999999,0.13768000000000002
0.09448000000000001,0.31852
0.17728,0.15117999999999998
-0.09431999999999996,0.12059999999999993
-0.19263999999999998,0.14749999999999996
0.24377999999999989,0.05831999999999993
0.21850000000000003,-0.006280000000000063
0.22686000000000006,0.12417999999999996
-0.21578000000000003,-0.1291600000000001
-0.058479999999999976,-0.21530000000000005
-0.1941,-0.07416000000000006
-0.10653999999999997,-0.032220000000000026
0.048960000000000004,-0.24110000000000004
0.01426000000000005,0.09806000000000004
0.07076000000000005,-0.08040000000000003
-0.21964,0.0034799999999999276
0.18900000000000006,0.25837999999999994
-0.24212,0.029219999999999913
0.05476000000000003,-0.048839999999999995
-0.11601999999999996,-0.16356000000000004
-0.24758000000000002,0.11519999999999997
0.17043999999999992,-0.13728000000000007
0.038880000000000026,-0.07542000000000004
0.10660000000000003,0.0910399999999999
-0.27242,0.09589999999999999
0.010060000000000069,0.07973999999999992
0.11802000000000001,0.20187999999999995
-0.0958,-0.07792000000000004
-0.15528000000000003,-0.17178000000000004
-0.22999999999999998,-0.01983999999999997
-0.01216000000000006,-0.07278000000000007
0.17048000000000008,-0.12042000000000003
-0.28962,-0.08054
-0.26966,-0.0036200000000000676
0.022399999999999975,-0.04433999999999999
0.14670000000000005,-0.16240000000000004
0.053279999999999994,-0.18034000000000006
-0.11956000000000006,-0.031500000000000083
-0.005160000000000053,-0.06128000000000006
0.10099999999999998,0.21741999999999995
-0.12704,-0.20560000000000006
0.22118000000000004,0.1322399999999999
-0.07894000000000001,-0.08582000000000001
0.20194,0.09587999999999997
0.15003999999999995,0.21497999999999995
-0.07583999999999991,0.12543999999999988
-0.21783999999999998,-0.09716000000000008
0.07816000000000001,0.0535199999999999
-0.16093999999999997,-0.16368000000000005
-0.13176000000000004,0.1724
-0.06903999999999999,-0.0013400000000000079
0.009600000000000053,-0.09308000000000005
-0.09076000000000006,0.08041999999999994
0.01096000000000008,-0.15330000000000005
-0.13496000000000002,0.15005999999999997
-0.11862,0.051839999999999886
-0.17883999999999994,-0.04218000000000005
0.25747999999999993,0.13742
0.10555999999999999,-0.22496000000000005
0.028200000000000003,-0.15134000000000003
-0.21223999999999998,0.058419999999999916
0.20108000000000004,0.0040799999999999725
0.15812000000000004,-0.14462000000000003
-0.005319999999999991,-0.07722000000000001
0.046439999999999926,0.03288000000000002
-0.09666000000000002,-0.09750000000000003
0.13680000000000003,-0.11592000000000002
0.08288000000000006,0.09936
0.13981999999999994,0.28623999999999994
0.12436000000000003,-0.15164000000000005
-0.24522,-0.14278000000000007
0.005979999999999985,-0.04696000000000006
-0.10060000000000002,0.0030399999999999316
-0.14821999999999996,-0.17056000000000004
-0.15553999999999996,-0.014820000000000055
0.08331999999999995,0.12897999999999998
-0.0018399999999999528,-0.025600000000000067
-0.18136000000000002,0.10127999999999993
0.08873999999999993,-0.15126000000000006
0.10731999999999997,-0.03732000000000002
-0.016719999999999957,-0.04058000000000006
0.09628000000000003,-0.03588000000000002
0.08435999999999999,0.3060999999999999
-0.0917,0.11268
-0.06796000000000002,-0.027220000000000022
0.03866000000000003,-0.0044399999999999995
-0.21076,-0.12674000000000002
0.00990000000000002,-0.21570000000000006
0.027100000000000013,0.14666
-0.186,-0.10540000000000005
0.03058000000000005,-0.22036000000000006
-0.07323999999999997,-0.0050200000000000244
-0.19848,-0.10820000000000002
0.10463999999999996,-0.11730000000000007
0.07598000000000005,0.3188
0.18410000000000004,-0.09854000000000002
0.16752,-0.18660000000000004
-0.08473999999999993,0.020479999999999943
0.10893999999999993,-0.019100000000000006
0.20750000000000002,0.05909999999999993
0.20396000000000003,-0.10566000000000009
-0.17256000000000005,-0.15912000000000004
-0.24901999999999996,-0.07368000000000008
-0.09481999999999996,0.10571999999999993
-0.035660000000000025,-0.16396000000000005
0.11538000000000004,-0.03154000000000001
0.02416000000000007,-0.24510000000000004
0.02083999999999997,-0.21432
0.05466000000000004,-0.12704
-0.10252,0.11203999999999992
-0.046619999999999995,0.061739999999999906
-0.14228000000000002,-0.19426000000000004
-0.14593999999999996,-0.09430000000000005
0.22424,-0.06514000000000003
0.15317999999999998,0.19416
0.11306000000000005,0.005439999999999889
-0.16571999999999998,-0.19306
0.12063999999999997,-0.19548000000000004
0.13639999999999997,-0.12612
-0.02069999999999994,-0.10782000000000003
0.16158000000000006,-0.17734000000000005
0.03316000000000008,-0.08110000000000006
0.259,0.19686000000000003
0.021480000000000055,0.11261999999999994
0.006780000000000008,-0.25366000000000005
-0.10876000000000002,-0.18614000000000003
0.19678000000000007,-0.09412000000000004
-0.24058000000000002,0.14256000000000002
0.14491999999999994,-0.03658000000000006
0.03948000000000007,-0.2242800000000001
-0.044379999999999975,-0.0008400000000000629
-0.056499999999999995,-0.07022
-0.03378000000000003,-0.24420000000000003
0.13634000000000002,0.09975999999999996
-0.05581999999999998,-0.15676
0.11546000000000001,0.12219999999999998
0.12913999999999992,0.04596
-0.13123999999999997,0.04343999999999992
0.12465999999999999,-0.21244000000000007
-0.003960000000000075,-0.15796000000000004
-0.13838,-0.20618000000000009
-0.16462,0.016759999999999997
-0.006220000000000003,-0.22788000000000008
-0.11208000000000001,0.09777999999999998
0.039959999999999996,-0.014080000000000092
-0.20745999999999998,-0.1196600000000001
0.25836000000000003,0.030980000000000008
0.13471999999999995,-0.23528000000000004
0.13118000000000007,0.29625999999999997
0.05166000000000004,-0.21104000000000006
0.19918000000000002,0.022179999999999978
-0.16546000000000005,-0.09672000000000003
-0.020100000000000007,-0.24892000000000003
0.17584,0.04476000000000002
0.045399999999999996,-0.11964000000000002
-0.17723999999999995,-0.17436000000000001
-0.26086,-0.10582000000000003
0.14916000000000007,-0.19484000000000007
0.14578000000000002,0.030039999999999956
0.12988,-0.14110000000000006
0.14416000000000007,0.015479999999999938
0.034560000000000035,0.1502
0.16588000000000003,0.08135999999999999
0.17171999999999998,-0.02854000000000001
-0.16183999999999998,0.11607999999999996
0.21576000000000006,-0.10400000000000004
-0.07896000000000003,-0.23256000000000004
0.057620000000000005,-0.24276000000000003
0.15832000000000002,0.13003999999999993
0.10848000000000002,-0.16306000000000004
-0.25494,0.024439999999999906
-0.23451999999999995,0.04077999999999993
0.0042400000000000215,-0.0884600000000001
-0.07818000000000003,-0.12414000000000003
-0.03169999999999995,0.0625
-0.16756000000000004,0.1170199999999999
-0.02185999999999999,-0.03820000000000001
-0.12658000000000003,0.10993999999999993
0.10104000000000002,-0.1131600000000001
0.16603999999999997,0.09377999999999997
0.08331999999999995,-0.14758000000000004
-0.13566000000000006,0.1102399999999999
0.0029799999999999827,0.09606000000000003
-0.26132,0.037819999999999965
-0.1507,0.16505999999999998
-0.18296,0.03501999999999994
-0.12308000000000002,0.17123999999999995
-0.05515999999999999,-0.14980000000000004
-0.08550000000000002,0.07543999999999995
0.19811999999999996,0.1774
0.06463999999999992,-0.25052
0.07420000000000004,-0.01768000000000003
0.031160000000000077,0.08755999999999997
0.11921999999999999,-0.17492000000000002
-0.27168000000000003,-0.03898000000000007
0.06846000000000008,-0.18364000000000008
0.10046,0.04187999999999992
0.06066000000000005,-0.21326000000000006
0.14842,-0.23416000000000003
-0.09576000000000001,-0.06806000000000006
0.25026000000000004,0.0522999999999999
0.07318000000000002,-0.12768000000000007
0.15981999999999996,-0.01854
-0.08656000000000008,-0.13452000000000003
0.05710000000000004,-0.01763999999999999
-0.1483,0.12861999999999996
-0.09721999999999997,0.12847999999999993
0.11824000000000001,0.01866000000000001
0.13258000000000003,0.2151399999999999
0.06700000000000006,-0.18148000000000009
-0.22044000000000002,0.04579999999999995
-0.10381999999999997,-0.021500000000000075
0.03300000000000003,-0.13462000000000002
0.0035199999999999676,-0.11208000000000007
-0.13979999999999998,0.06053999999999993
0.12607999999999997,-0.17090000000000005
-0.17813999999999997,-0.05452000000000001
-0.05388000000000004,0.02966000000000002
0.16174,0.27815999999999996
0.12271999999999994,0.10611999999999988
0.03646000000000005,0.10806000000000004
-0.24984,-0.033360000000000056
-0.12369999999999998,0.10253999999999996
-0.13992,-0.17788000000000004
-0.09526000000000001,0.08549999999999991
0.03588000000000002,-0.003920000000000035
0.08550000000000002,-0.10438000000000008
0.07491999999999999,-0.06122000000000005
0.06938,0.10653999999999997
0.03361999999999998,-0.15714000000000006
-0.040160000000000085,-0.015720000000000067
0.25436000000000003,0.07316
0.05742000000000003,-0.25150000000000006
0.17184,0.05169999999999997
0.08143999999999996,-0.18962
-0.14568000000000003,0.17723999999999995
-0.19385999999999998,-0.15150000000000002
0.09408000000000005,0.23083999999999993
0.18133999999999995,-0.052220000000000044
0.09972000000000003,-0.03186000000000011
0.12222,0.13803999999999994
-0.21786,0.014999999999999902
-0.09289999999999998,0.08349999999999991
-0.11848000000000003,0.15757999999999994
-0.15728000000000003,0.07255999999999996
0.18452000000000002,-0.033420000000000005
0.08862000000000003,-0.06272000000000005
0.2316600000000001,-0.0023199999999999887
0.021079999999999988,-0.10252
0.04243999999999992,0.009519999999999973
-0.19811999999999996,0.15666000000000002
0.00012000000000000899,-0.13828000000000007
-0.26768000000000003,-0.01978000000000002
0.20994000000000002,0.01423999999999992
0.05674000000000001,-0.009419999999999984
-0.19494,0.1182399999999999
-0.04637999999999998,0.08473999999999993
0.17918,0.0673999999999999
-0.02848000000000006,-0.05886000000000008
-0.20498,-0.05888000000000004
-0.18473999999999996,0.1484399999999999
0.008380000000000054,0.13715999999999995
0.14942,-0.029120000000000035
-0.06010000000000004,-0.17554000000000003
0.06330000000000002,-0.09600000000000003
0.0025399999999999867,-0.13598000000000005
-0.14838,0.03413999999999995
-0.13540000000000002,-0.15348000000000006
-0.03600000000000003,-0.17398000000000008
0.13598,-0.16666000000000003
-0.07021999999999995,-0.10498000000000007
-0.07443999999999995,0.06037999999999999
-0.16649999999999998,-0.16490000000000005
0.10916000000000003,-0.21294000000000007
0.21908000000000005,0.0037199999999999456
0.131,0.053139999999999965
-0.14516,-0.05836000000000008
0.08994000000000002,-0.13240000000000007
0.024939999999999962,-0.12072000000000005
-0.07846000000000009,-0.05926000000000009
0.22896000000000005,-0.03854000000000002
-0.25938,-0.04352
0.010139999999999927,0.0014199999999999768
-0.14853999999999995,-0.10130000000000006
-0.1629,-0.029039999999999955
-0.26184,-0.09892000000000001
-0.17248000000000002,-0.18296
0.17679999999999996,-0.048300000000000065
0.13607999999999998,-0.15294000000000008
0.17901999999999996,-0.07262000000000002
0.18142000000000003,-0.16894000000000003
0.10202,0.013799999999999923
-0.19619999999999999,-0.17298000000000008
-0.22841999999999996,0.13603999999999994
0.018880000000000008,0.12968000000000002
-0.23546,-0.1125600000000001
0.06328,-0.15074000000000004
-0.24065999999999999,-0.05218000000000006
0.21106000000000003,0.06767999999999996
0.08263999999999994,-0.17930000000000007
-0.1059,-0.21766000000000002
-0.21023999999999998,-0.0833600000000001
0.20401999999999998,0.08728000000000002
0.22162000000000004,0.09497999999999995
0.1804,-0.0626600000000001
-0.017960000000000087,-0.21632
0.10396000000000005,-0.009600000000000053
-0.26739999999999997,0.043379999999999974
-0.17231999999999997,0.05443999999999993
-0.06436000000000008,-0.05760000000000004
0.23686000000000007,-0.031180000000000097
-0.039039999999999964,-0.035820000000000074
0.03742000000000001,0.12446000000000002
-0.14339999999999997,-0.20424000000000003
-0.21318000000000004,-0.12924000000000002
0.19606,0.10959999999999992
0.14029999999999998,0.10948000000000002
0.03749999999999998,0.0035800000000000276
0.19488000000000005,-0.025540000000000007
-0.12333999999999995,0.09248
0.14176,0.017679999999999918
-0.10886000000000001,0.1515399999999999
0.055379999999999985,-0.10568000000000005
-0.15621999999999997,0.0645
0.20686000000000004,0.06255999999999995
-0.20116,0.06538
-0.13793999999999995,-0.11050000000000004
-0.26064,-0.018220000000000014
-0.2625,-0.03760000000000008
-0.1861,-0.11368000000000006
-0.06736000000000009,0.11761999999999995
-0.19738,-0.05208000000000007
0.16893999999999998,-0.03858000000000006
-0.27376,-0.017839999999999967
-0.030119999999999925,0.12527999999999995
0.09421999999999997,-0.21536000000000005
0.14938000000000007,0.07467999999999997
-0.11301999999999995,-0.13110000000000005
-0.17951999999999996,0.025399999999999978
0.036680000000000046,-0.14864000000000005
-0.27938,0.010219999999999896
0.0025199999999999667,-0.22182000000000002
0.054420000000000024,0.28945999999999994
0.08411999999999997,0.03361999999999998
-0.015859999999999985,-0.06462000000000001
0.02212000000000003,-0.033519999999999994
0.22977999999999998,0.14401999999999993
0.05132000000000003,-0.09848000000000007
-0.061860000000000026,-0.17804000000000003
-0.21054,0.09348000000000001
-0.08582000000000001,-0.03932000000000002
0.030919999999999948,-0.11020000000000002
0.22960000000000003,0.03373999999999988
0.12596000000000007,-0.10792000000000002
0.12792000000000003,0.06745999999999996
0.06899999999999995,0.13898
0.07923999999999998,-0.18636000000000003
-0.1109,-0.14528000000000008
-0.04711999999999994,-0.22652000000000005
0.08433999999999997,-0.07746000000000008
0.12141999999999997,-0.16440000000000005
0.008680000000000021,-0.18474000000000007
0.023460000000000036,-0.01748000000000005
-0.17216000000000004,-0.14494000000000007
0.052059999999999995,-0.26098000000000005
0.10873999999999995,-0.04868000000000006
0.09476000000000007,-0.14624000000000004
0.009759999999999991,0.14827999999999997
0.11673999999999995,0.12653999999999987
-0.14023999999999998,-0.13680000000000003
-0.11126000000000003,-0.12892000000000003
-0.17759999999999998,0.08529999999999993
-0.21765999999999996,0.011119999999999908
-0.25445999999999996,-0.05134
-0.0042800000000000615,-0.25178000000000006
-0.16218,0.1132399999999999
-0.20088,-0.03080000000000005
-0.18578,-0.08196000000000009
-0.12308000000000002,-0.20006000000000002
0.17994,0.013460000000000027
0.10089999999999999,0.12763999999999986
-0.007440000000000002,-0.020199999999999996
0.03071999999999997,-0.005639999999999978
0.16811999999999994,0.27108
-0.08313999999999999,0.007780000000000009
-0.16659999999999997,-0.17058000000000006
-0.05684,-0.13772
-0.1376,-0.19724000000000008
-0.055520000000000014,-0.20600000000000007
-0.04726000000000008,-0.008180000000000076
0.16476000000000002,0.10831999999999997
-0.17383999999999994,0.17293999999999987
-0.043460000000000054,0.07019999999999993
-0.033540000000000014,-0.20144000000000006
0.09908000000000006,0.01841999999999988
0.07878000000000007,-0.15322000000000002
-0.2731,-0.04560000000000003
-0.20750000000000002,-0.09284000000000003
0.02623999999999993,-0.19138000000000005
0.09421999999999997,-0.20632
-0.043200000000000016,-0.22194000000000008
-0.12722,-0.017320000000000002
0.0005399999999999849,0.11463999999999996
0.14266,-0.22112000000000004
-0.04200000000000004,0.10485999999999995
0.06406,0.3164799999999999
0.05113999999999996,0.01527999999999996
0.13951999999999998,0.026439999999999908
0.16591999999999996,0.034399999999999986
-0.0016399999999999748,-0.09748000000000007
0.06836000000000009,-0.12906000000000006
0.12551999999999996,0.1331
0.047539999999999916,-0.01218000000000008
0.09372000000000003,-0.17940000000000006
-0.08196000000000003,-0.19208000000000008
-0.09408000000000005,0.11395999999999995
0.09736,0.26657999999999993
-0.257,0.07503999999999988
-0.11656000000000005,-0.17832000000000003
-0.012360000000000038,-0.013940000000000063
0.15710000000000002,0.1583199999999999
-0.05286000000000002,0.007899999999999907
0.09126000000000001,0.09765999999999997
0.010280000000000067,0.05296000000000001
-0.1875,0.07661999999999991
-0.25976,0.08887999999999996
-0.05062,0.09227999999999992
-0.22446,0.012379999999999947
0.06625999999999999,-0.19878000000000007
-0.05449999999999999,0.11136000000000001
0.10377999999999998,0.1752999999999999
-0.05706,-0.13312000000000002
0.22716000000000003,0.14425999999999994
-0.24380000000000002,-0.09364
-0.1946,-0.05686000000000008
0.09066000000000007,0.08409999999999995
0.061980000000000035,-0.00786000000000009
0.009739999999999971,-0.08108000000000004
-0.06506,-0.18352000000000002
-0.14738,-0.10883999999999999
0.24140000000000006,0.03986000000000001
-0.035439999999999916,0.08433999999999997
0.08635999999999999,-0.14256000000000002
-0.07201999999999997,0.14146000000000003
0.17733999999999994,-0.10224
-0.12823999999999997,-0.06896000000000008
0.038060000000000094,0.0007999999999999119
0.008660000000000001,-0.14796000000000004
0.033380000000000076,0.04718
-0.12487999999999999,-0.08240000000000003
0.14933999999999992,0.043259999999999965
-0.11058000000000001,-0.21046000000000004
0.0020000000000000018,-0.22516000000000003
-0.01096000000000008,-0.04870000000000002
-0.046619999999999995,-0.15708000000000005
-0.06213999999999997,0.07921999999999996
0.09441999999999995,0.19663999999999993
0.10330000000000006,0.06143999999999994
-0.12083999999999995,-0.00886000000000009
0.01303999999999994,-0.058740000000000014
0.10472000000000004,-0.020199999999999996
-0.27898,-0.03200000000000003
0.033519999999999994,-0.25128000000000006
-0.1603,-0.028100000000000014
-0.14203999999999994,0.08853999999999995
-0.08399999999999996,0.06476000000000004
0.12306000000000006,-0.10914000000000001
0.11592000000000002,-0.22852
0.14990000000000003,0.16105999999999998
-0.2344,-0.13280000000000003
0.03868000000000005,-0.12364000000000003
-0.11916000000000004,-0.07416000000000006
0.0045600000000000085,-0.17732000000000003
0.09167999999999998,0.29522000000000004
0.22311999999999999,0.02933999999999992
0.04576000000000002,-0.21658000000000005
-0.21555999999999997,-0.016760000000000108
-0.1637,-0.16442
-0.27436,0.02856000000000003
0.05456000000000005,-0.14614000000000005
-0.08566000000000007,0.054039999999999866
0.24034,0.017179999999999973
-0.26836,0.0039399999999999435
-0.23954000000000003,0.1302199999999999
0.12151999999999996,0.10955999999999999
0.03746000000000005,-0.11640000000000006
0.19004,-0.10692000000000002
0.20130000000000003,-0.04540000000000005
0.15778000000000003,0.26893999999999996
0.27047999999999994,0.18231999999999993
-0.07935999999999999,-0.013739999999999974
0.012819999999999943,0.02279999999999993
3.999999999992898e-05,-0.012260000000000049
0.12024000000000001,0.1241199999999999
-0.16149999999999998,0.012399999999999967
0.023580000000000045,-0.24204000000000003
0.14780000000000004,-0.17096000000000006
0.10718000000000005,0.17003999999999997
-0.07030000000000003,0.10273999999999994
-0.12522,-0.14206000000000002
0.15576,0.10503999999999991
-0.07999999999999996,-0.15584000000000003
0.15216000000000007,-0.16994000000000004
-0.25878,0.037839999999999874
-0.17678,-0.05676000000000009
0.06852000000000003,0.27278
0.03383999999999998,0.09738000000000002
0.10104000000000002,0.12287999999999999
0.05993999999999999,0.13115999999999994
0.05156000000000005,0.06119999999999992
-0.2989,0.04196
-0.22854000000000002,-0.14530000000000004
-0.13889999999999997,-0.14624000000000004
0.24327999999999994,0.02743999999999991
0.05723999999999996,-0.13300000000000006
0.23476000000000008,0.10493999999999992
-0.14416,0.17021999999999993
0.22016000000000002,0.0522999999999999
0.07566000000000006,-0.10044000000000003
-0.08950000000000002,-0.12712
-0.24925999999999998,-0.11822000000000005
-0.013399999999999967,-0.10248000000000007
0.09940000000000004,-0.20948000000000006
0.10072000000000003,-0.14462000000000003
-0.03871999999999998,-0.14026000000000005
0.18481999999999998,0.026059999999999972
0.12596000000000007,0.2266999999999999
0.14546000000000003,-0.05842000000000003
0.16759999999999997,-0.14600000000000002
0.2696799999999999,0.15877999999999992
-0.2848,-0.04782000000000003
0.03168000000000004,-0.06340000000000007
-0.017780000000000018,0.14091999999999993
0.12839999999999996,0.0918199999999999
0.12729999999999997,0.010519999999999974
-0.12576000000000004,0.05137999999999998
-0.08711999999999998,-0.09130000000000005
-0.2619,-0.04532000000000003
0.16881999999999997,0.037919999999999954
0.08967999999999998,-0.18760000000000004
0.14623999999999993,0.09396000000000004
0.06253999999999993,0.05789999999999995
-0.16249999999999998,0.014939999999999953
0.02973999999999999,0.07635999999999998
-0.17503999999999997,0.13581999999999994
-0.11831999999999998,-0.14556000000000002
0.04143999999999992,-0.03886000000000012
-0.06130000000000002,-0.20234000000000008
0.12656,-0.09962000000000004
0.14691999999999994,-0.09806000000000009
-0.11256000000000005,0.13876
-0.05708000000000002,-0.16584000000000004
-0.27246,0.050739999999999896
0.07679999999999998,-0.11152000000000001
-0.23370000000000002,0.07169999999999999
0.19843999999999995,0.09149999999999991
-0.053039999999999976,0.10907999999999995
-0.19785999999999998,-0.007520000000000082
-0.022220000000000018,-0.24378000000000005
0.050919999999999965,0.07673999999999992
0.19931999999999994,0.08875999999999995
0.18752000000000002,0.21663999999999994
-0.28984,0.02067999999999992
0.0030399999999999316,0.11811999999999989
0.11419999999999997,-0.03748000000000007
0.14636000000000005,-0.041220000000000034
-0.15763999999999995,-0.011220000000000008
0.06162000000000001,0.14561999999999997
0.17626000000000008,0.033259999999999956
-0.15358,0.02739999999999998
0.23146,0.1765199999999999
0.20246000000000008,0.14798
0.20786000000000004,-0.025980000000000114
0.07268000000000008,0.07473999999999992
-0.031379999999999963,-0.16158000000000006
0.06984000000000001,-0.09220000000000006
0.13717999999999997,0.1685399999999999
0.20118000000000003,0.16821999999999993
0.14561999999999997,-0.02510000000000001
0.14142,0.2805399999999999
-0.10891999999999996,-0.21710000000000007
0.12526000000000004,0.030119999999999925
0.07173999999999991,0.1009199999999999
0.15383999999999998,0.09675999999999996
0.05688000000000004,-0.03608000000000011
0.07511999999999996,0.0414199999999999
-0.017060000000000075,-0.16482000000000002
-0.20529999999999998,-0.013060000000000072
-0.13,0.13157999999999992
-0.024980000000000002,-0.07318000000000008
-0.052260000000000084,0.06996000000000002
-0.044339999999999935,-0.04972000000000004
0.17211999999999994,-0.15132
-0.19979999999999998,-0.05142000000000002
-0.027859999999999996,0.03976000000000002
0.05615999999999999,0.12421999999999989
-0.12080000000000002,-0.0611600000000001
-0.08698000000000006,-0.17872000000000005
0.1512,0.032279999999999975
-0.14863999999999994,-0.11216000000000009
-0.20986,-0.00031999999999998696
-0.26411999999999997,-0.05074000000000001
-0.1714,-0.01330000000000009
-0.06596000000000002,0.07797999999999994
0.052100000000000035,-0.14600000000000002
0.2379,0.06981999999999988
0.059680000000000066,-0.03998000000000007
-0.12982,-0.08308000000000004
-0.16962,0.05125999999999997
0.18943999999999994,0.2729999999999999
-0.08288000000000006,0.14401999999999993
-0.08382,-0.15548000000000006
0.02633999999999992,-0.05306000000000011
-0.06052000000000002,-0.043980000000000075
-0.19824000000000003,0.13795999999999997
-0.06357999999999997,0.02425999999999995
0.021399999999999975,-0.19544000000000006
0.16527999999999998,-0.04198000000000007
0.13912000000000002,-0.0015600000000001168
0.17156000000000005,0.0007199999999999429
0.14081999999999995,-0.21294000000000007
0.13771999999999995,0.18769999999999998
-0.14142,-0.13046000000000002
0.16088000000000002,-0.07330000000000003
-0.031079999999999997,-0.15860000000000002
0.12570000000000003,-0.10494000000000003
-0.10311999999999999,-0.07046000000000008
-0.15576,-0.009080000000000088
0.13806000000000007,-0.07880000000000004
0.22092,-0.08880000000000005
0.005539999999999989,-0.15970000000000006
-0.008879999999999999,0.08261999999999992
-0.08976000000000006,0.14366
0.023960000000000092,0.058619999999999894
0.06923999999999997,0.05186000000000002
-0.10238000000000003,0.13376
-0.06763999999999992,0.10143999999999986
0.13418000000000008,0.26966
-0.19876,0.021479999999999944
0.01092000000000004,0.044459999999999944
-0.15178000000000003,0.17371999999999999
0.15781999999999996,-0.12870000000000004
-0.02076,-0.08494000000000002
-0.17718,-0.044920000000000015
0.18047999999999997,0.1737399999999999
-0.09986,-0.12193999999999999
0.0009399999999999409,0.07143999999999995
-0.06252000000000002,0.03801999999999994
-0.17356000000000005,-0.01741999999999999
-0.09283999999999992,-0.16164000000000006
-0.1972,0.16433999999999993
0.18543999999999994,0.19719999999999993
0.05928,-0.13824000000000003
0.16133999999999993,0.22365999999999997
-0.0040399999999999325,-0.16894000000000003
0.15416000000000007,-0.14794000000000007
0.23819999999999997,0.09487999999999996
0.15046000000000004,0.21797999999999995
0.15881999999999996,0.2921799999999999
0.11099999999999999,0.03595999999999999
0.04500000000000004,-0.0033199999999999896
-0.03742000000000001,-0.051620000000000055
0.037760000000000016,-0.21236000000000005
0.27164,0.15703999999999996
0.22077999999999998,0.09179999999999999
0.07547999999999999,0.13056
-0.12591999999999998,-0.10732000000000003
-0.08189999999999997,-0.17334000000000005
-0.27371999999999996,0.04837999999999998
0.020519999999999983,0.14286
0.17456000000000005,0.14611999999999992
0.02423999999999993,-0.05782000000000004
0.1482,0.19711999999999996
-0.09816000000000003,-0.05568000000000006
-0.017880000000000007,0.0728399999999999
0.21876000000000007,-0.08692000000000005
0.10087999999999997,-0.21868000000000004
0.17443999999999993,0.14291999999999994
-0.03959999999999997,-0.08948000000000006
-0.27562,0.0958
0.1259,-0.0050600000000000644
-0.1436,-0.09218000000000004
-0.24708000000000002,-0.08228000000000008
0.010639999999999983,-0.25588000000000005
0.15990000000000004,0.07903999999999989
0.12532,0.05289999999999995
-0.13526000000000005,0.10575999999999997
0.2393200000000001,0.1222399999999999
0.21862000000000004,0.1343399999999999
-0.10776000000000002,0.11397999999999997
0.20876000000000006,-0.08390000000000003
-0.18083999999999995,0.05237999999999998
0.045439999999999925,-0.24666000000000005
0.09221999999999997,-0.11142000000000002
-0.20423999999999998,-0.13888000000000006
-0.21455999999999997,-0.02526000000000006
-0.19456,0.13756000000000002
0.11531999999999998,0.22763999999999995
-0.26232,0.06451999999999991
-0.2156,-0.15098000000000006
-0.16876000000000002,-0.05906000000000006
0.17366000000000004,0.21599999999999997
0.19662000000000002,-0.026900000000000035
0.14827999999999997,0.10155999999999998
-0.19191999999999998,-0.07274000000000003
-0.05053999999999992,-0.011739999999999973
0.13896000000000008,0.07211999999999996
-0.12890000000000001,0.16393999999999986
0.023900000000000032,-0.07038000000000005
-0.18975999999999998,0.13595999999999997
0.09833999999999998,-0.04244000000000003
0.24803999999999993,0.19765999999999995
-0.09652,0.011299999999999977
-0.1486,0.15098
0.12102000000000002,-0.0034000000000000696
-0.05936000000000008,0.02969999999999995
0.2086,0.1716399999999999
0.11234,0.2753199999999999
0.07666000000000006,0.01201999999999992
-0.050839999999999996,-0.13960000000000006
0.04374,0.06151999999999991
0.13448000000000004,0.053180000000000005
0.15843999999999991,-0.13270000000000004
0.19128,-0.02410000000000001
-0.16896000000000005,0.011479999999999935
-0.14116,-0.16164000000000006
-0.14976,-0.19382000000000005
0.19963999999999993,0.03366000000000002
-0.09116000000000002,-0.12488000000000005
-0.08086000000000004,0.04719999999999991
0.16318,-0.06700000000000006
0.019239999999999924,0.046419999999999906
0.17352,0.2834
0.1058,-0.0823600000000001
-0.0027000000000000357,-0.06696000000000008
-0.24744,0.04901999999999995
0.06557999999999997,-0.23846000000000006
-0.02648000000000006,0.1058
0.060980000000000034,-0.21950000000000003
-0.27706,-0.07774000000000003
0.03691999999999995,0.13539999999999996
-0.18303999999999998,0.14383999999999997
0.08557999999999999,-0.24970000000000003
0.055279999999999996,-0.0042400000000000215
-0.11241999999999996,-0.05264000000000002
0.06288000000000005,-0.10580000000000006
0.030939999999999968,-0.12314000000000003
0.21914,-0.07794000000000001
0.10431999999999997,-0.12746000000000007
-0.19674000000000003,-0.022419999999999995
0.11018000000000006,0.15596
0.17721999999999993,0.15681999999999996
0.15874,0.27891999999999995
-0.22031999999999996,0.14139999999999997
0.16937999999999998,-0.11226000000000008
-0.18263999999999997,-0.058060000000000056
-0.1875,0.0696199999999999
0.251,0.15201999999999993
-0.11516000000000004,-0.12574000000000002
0.21373999999999993,-0.1065600000000001
0.18801999999999996,-0.13052000000000002
0.24773999999999996,0.13573999999999997
-0.07716,-0.07266000000000006
-0.13101999999999997,-0.006739999999999968
0.18308000000000002,0.18911999999999995
-0.25438,0.005819999999999936
0.08552000000000004,-0.19660000000000005
0.14948000000000006,0.07833999999999997
0.17308,-0.008419999999999983
-0.08753999999999995,0.051980000000000026
0.11838000000000004,0.3258399999999999
-0.10718,-0.14958000000000005
0.04591999999999996,-0.19620000000000004
-0.22575999999999996,-0.05078000000000005
-0.26508000000000004,0.026760000000000006
-0.015599999999999947,-0.033380000000000076
0.06840000000000002,-0.08178000000000007
0.019320000000000004,0.013439999999999896
-0.17381999999999997,-0.08908000000000005
0.05836000000000008,0.14127999999999996
-0.24358000000000002,-0.05942000000000003
-0.01870000000000005,-0.18430000000000002
-0.15093999999999996,0.13307999999999998
0.13698,0.27778
-0.16426000000000002,0.010079999999999978
-0.008060000000000067,-0.20486000000000004
0.05840000000000001,0.05381999999999998
-0.21039999999999998,-0.017839999999999967
0.05462,-0.033440000000000025
0.15564,0.28766
-0.25026,-0.09722000000000003
-0.12940000000000002,0.15866000000000002
-0.11030000000000001,-0.018500000000000072
0.19988000000000006,0.17483999999999988
-0.050960000000000005,-0.04898000000000008
0.060740000000000016,-0.0131
-0.007099999999999995,-0.11784
-0.11277999999999999,-0.06298000000000009
0.16201999999999994,-0.05674000000000001
0.19169999999999998,0.050999999999999934
0.12426000000000004,0.28122
-0.28034,0.08487999999999996
0.07201999999999997,0.14629999999999999
0.08321999999999996,0.05269999999999997
0.23603999999999992,0.038899999999999935
-0.1859,-0.18426000000000003
0.14554,0.17847999999999997
0.15639999999999998,0.058539999999999925
0.17290000000000005,-0.018060000000000076
-0.2743,0.008260000000000045
0.07431999999999994,-0.07144
-0.15566000000000002,-0.16398000000000007
0.013960000000000083,-0.10648000000000007
0.18806,-0.02204000000000006
0.2730600000000001,0.1542
-0.11959999999999998,0.10321999999999998
0.00548000000000004,-0.07538000000000006
0.12728000000000006,-0.11972000000000005
-0.26854,-0.0636600000000001
-0.11353999999999997,0.08945999999999998
0.015739999999999976,-0.017000000000000015
-0.23598000000000002,0.03857999999999995
0.04137999999999997,-0.21534000000000003
-0.17178,0.08235999999999999
0.09251999999999994,-0.06434000000000001
0.21943999999999997,-0.06278000000000006
0.23640000000000005,0.04703999999999997
0.030959999999999988,0.12163999999999997
0.14076,0.09699999999999998
0.05343999999999993,-0.10004000000000002
0.11509999999999998,0.1957199999999999
-0.21976,-0.10118000000000005
-0.18666,-0.18024000000000007
-0.06643999999999994,0.15971999999999997
0.22046,0.024760000000000004
-0.09749999999999998,0.14927999999999997
0.14083999999999997,0.3065399999999999
0.20323999999999998,0.008939999999999948
-0.1694,0.15957999999999994
-0.16341999999999995,-0.07852000000000003
0.12282000000000004,-0.19112
-0.14189999999999997,-0.09986000000000006
-0.19174000000000002,0.009419999999999984
-0.14011999999999997,-0.06070000000000003
0.26592000000000005,0.15811999999999993
0.10973999999999995,0.11856
-0.2263,0.05940000000000001
0.10958000000000001,0.24727999999999994
0.06306,-0.15336000000000005
0.07106000000000001,0.013299999999999979
0.041200000000000014,-0.15396000000000004
-0.20405999999999996,0.15949999999999998
0.06431999999999993,-0.008920000000000039
0.11656,-0.21166000000000001
0.17832000000000003,0.16383999999999987
-0.26489999999999997,0.0623999999999999
-0.13218000000000002,0.08026
0.17000000000000004,0.12193999999999994
0.22907999999999995,0.21353999999999995
-0.12346000000000001,-0.0007200000000000539
0.19999999999999996,-0.02732000000000001
-0.05910000000000004,-0.17816000000000004
0.11948000000000003,0.24527999999999994
0.16959999999999997,0.10171999999999992
-0.11091999999999996,0.1099
0.21258,0.044279999999999986
0.05064000000000002,-0.14006000000000002
-0.11618,-0.20404000000000005
0.17696,0.18086000000000002
-0.042160000000000086,0.09851999999999994
0.2118,0.13301999999999992
0.008099999999999996,-0.16486000000000006
0.07623999999999997,0.05587999999999993
-0.20671999999999996,-0.11350000000000005
-0.15398,-0.11118000000000006
0.06111999999999995,0.12829999999999997
0.02526000000000006,0.04598000000000002
-0.06857999999999997,0.14969999999999994
-0.23418,0.0012600000000000389
-0.0343,-0.19718000000000008
-0.24964000000000003,0.13623999999999992
-0.25904,0.02723999999999993
-0.09431999999999996,0.05391999999999997
0.13826000000000005,0.06647999999999998
-0.22662,0.13069999999999993
0.08111999999999997,-0.23802
-0.13461999999999996,-0.20736000000000004
-0.15560000000000002,0.09548000000000001
0.009340000000000015,-0.05256000000000011
-0.0695,0.08626
0.025880000000000014,-0.11540000000000006
-0.042279999999999984,0.013899999999999912
-0.07511999999999996,-0.10668000000000005
-0.19848,-0.03548000000000007
0.17248000000000008,0.09801999999999988
0.06008000000000002,-0.04254000000000002
-0.08123999999999998,0.05740000000000001
-0.15102,0.17925999999999997
-0.10273999999999994,0.15215999999999996
0.11476000000000008,0.28556000000000004
0.25056,0.024319999999999897
-0.2355,-0.10262000000000004
0.10136,0.08648
0.11173999999999995,-0.18294000000000005
-0.11898000000000003,-0.08266000000000007
0.21936,0.10348000000000002
-0.039019999999999944,-0.21502000000000004
-0.08743999999999996,-0.018300000000000094
0.13813999999999993,0.3214799999999999
-0.009619999999999962,0.10258
0.21189999999999998,0.021319999999999895
0.15412000000000003,0.241
0.11358000000000001,0.10755999999999999
-0.0983,0.08745999999999998
-0.11808000000000002,0.09983999999999993
0.21750000000000003,0.11668
-0.10871999999999998,0.08438000000000001
-0.22305999999999998,-0.07046000000000008
0.14558000000000004,0.08461999999999992
0.16508,0.18882
-0.21039999999999998,-0.14948000000000006
0.11793999999999993,0.1167999999999999
0.11976000000000009,0.2124999999999999
0.15073999999999999,-0.0034399999999999986
0.12503999999999993,-0.19650000000000006
0.09583999999999993,-0.04183999999999999
0.11802000000000001,0.26713999999999993
-0.011179999999999968,-0.054960000000000064
-0.22060000000000002,-0.06260000000000004
-0.05474000000000001,0.04156000000000004
-0.049799999999999955,-0.22548000000000007
-0.14833999999999997,-0.07002000000000003
0.19862000000000002,-0.0773600000000001
0.19498000000000004,-0.03764000000000001
0.05937999999999999,-0.19278000000000006
-0.17448000000000002,-0.17842000000000002
-0.25378,0.015919999999999934
0.19418000000000002,0.018839999999999968
-0.19608000000000003,0.0665
-0.14806000000000002,-0.13424000000000008
-0.02748000000000006,0.13479999999999992
-0.15242,-0.042980000000000074
-0.10718,0.10593999999999992
0.14980000000000004,0.04079999999999995
0.01538000000000006,-0.04242000000000001
0.20384000000000002,0.15686
0.06594,0.29276
0.22714,0.1685399999999999
-0.09045999999999998,0.06406
-0.08286000000000004,-0.11968000000000006
0.17947999999999997,0.04398000000000002
-0.13186000000000003,0.13525999999999994
0.08084000000000002,0.10211999999999999
0.24339999999999995,0.07531999999999994
0.06943999999999995,-0.18790000000000007
-0.07750000000000001,-0.09878000000000009
-0.11803999999999998,0.16077999999999992
0.08021999999999996,-0.22840000000000005
0.07676000000000005,0.30557999999999985
0.17674,0.2157
0.08186000000000004,0.32357999999999987
-0.20116,0.11143999999999987
0.11509999999999998,-0.08420000000000005
0.18137999999999999,0.12791999999999992
0.09648000000000001,-0.09608000000000005
-0.17793999999999993,0.07043999999999995
-0.23935999999999996,-0.04644000000000004
-0.17408,0.11143999999999987
0.03071999999999997,0.21602
0.13468000000000002,0.18416
0.14551999999999998,-0.18952000000000002
0.010480000000000045,-0.045520000000000005
0.13639999999999997,-0.20804000000000006
0.04249999999999998,-0.24806000000000006
0.12846000000000002,-0.13186000000000003
0.12382000000000004,-0.01550000000000007
0.12458000000000002,-0.11888000000000004
-0.09783999999999998,-0.07032000000000005
-0.23614000000000002,0.12959999999999994
-0.15660000000000002,0.007419999999999982
-0.15339999999999998,-0.02404000000000006
-0.07967999999999997,-0.20218000000000008
0.007079999999999975,-0.051160000000000094
0.17236000000000007,-0.17756000000000005
-0.01212000000000002,0.10865999999999998
-0.21221999999999996,0.06767999999999996
0.15036000000000005,0.11487999999999998
-0.2156,0.08443999999999996
-0.10191999999999996,-0.08372000000000002
-0.08135999999999999,-0.08416000000000007
-0.24818,0.036619999999999986
-0.15298,-0.033360000000000056
0.18568000000000007,0.23941999999999997
0.11443999999999999,0.12449999999999994
-0.13233999999999996,-0.009519999999999973
0.21041999999999994,0.023760000000000003
-0.07388000000000006,0.13727999999999996
-0.030399999999999983,0.028679999999999928
0.11192000000000002,-0.06180000000000002
0.16283999999999998,0.01311999999999991
0.2295799999999999,0.11883999999999995
0.22140000000000004,0.032379999999999964
0.10472000000000004,0.30366000000000004
0.17166000000000003,0.018219999999999903
0.02212000000000003,0.03063999999999989
-0.1763,0.1394399999999999
0.23482000000000003,0.09371999999999991
-0.23341999999999996,0.11091999999999991
-3.999999999992898e-05,-0.017280000000000073
0.20806000000000002,0.0047599999999999865
-0.09411999999999998,0.13936000000000004
-0.1291,-0.14472000000000002
0.009660000000000002,0.06476000000000004
0.14242,0.12513999999999992
0.11796000000000006,-0.19472
0.029120000000000035,-0.03716000000000008
0.11428000000000005,0.20121999999999995
0.05796000000000001,-0.24846000000000001
0.025980000000000003,0.01523999999999992
0.16586,0.059679999999999955
0.26474,0.03739999999999999
0.10287999999999997,0.2807399999999999
-0.02939999999999998,0.06291999999999998
-0.2298,-0.10892000000000002
0.12596000000000007,-0.18560000000000004
0.06001999999999996,0.13469999999999993
0.24787999999999988,0.025339999999999918
0.12039999999999995,-0.14526000000000006
-0.15389999999999998,0.055359999999999965
0.17686000000000002,0.2693
0.07999999999999996,-0.15572000000000003
0.04191999999999996,-0.10690000000000005
-0.07530000000000003,0.06297999999999992
0.07472000000000001,-0.13974000000000003
0.23232000000000008,-0.05180000000000007
0.18123999999999996,0.04811999999999994
0.07616,0.23458
-0.056579999999999964,-0.037980000000000014
0.17181999999999997,-0.03376000000000012
-0.19282,-0.15368000000000004
0.2098,0.13513999999999993
-0.013419999999999987,0.006859999999999977
0.08792,-0.25816000000000006
-0.11651999999999996,0.10236
0.010780000000000012,-0.12652000000000002
0.059699999999999975,0.11987999999999999
0.13041999999999998,0.30922000000000005
-0.007480000000000042,-0.22118000000000004
0.14048000000000005,-0.02324000000000004
-0.10553999999999997,0.05225999999999997
0.019060000000000077,-0.13958000000000004
-0.09230000000000005,-0.18146
-0.1805,0.08451999999999993
-0.03526000000000007,0.009479999999999933
-0.2604,0.07616
-0.28044,-0.07952000000000004
-0.17109999999999997,-0.07862000000000002
-0.03711999999999993,-0.09640000000000004
0.17178000000000004,-0.04530000000000006
0.19286000000000003,0.18799999999999994
0.07069999999999999,0.028139999999999943
-0.05937999999999999,0.07318000000000002
0.19682,0.08809999999999996
0.04408000000000001,0.08406000000000002
0.026719999999999966,0.07877999999999996
0.21773999999999993,0.06451999999999991
0.15064,0.08771999999999991
-0.22934,0.0029799999999999827
0.05352000000000001,-0.02538000000000007
0.10703999999999991,-0.15674000000000005
0.06869999999999998,0.14811999999999992
-0.17251999999999995,-0.16382000000000002
0.08553999999999995,0.30416
0.08204,-0.09118000000000004
-0.21642,0.07265999999999995
-0.11830000000000002,-0.13628000000000007
-0.10578000000000004,-0.12603999999999999
-0.015220000000000011,-0.026020000000000043
0.22677999999999998,0.005360000000000031
0.04503999999999997,-0.06946000000000008
0.07776000000000005,0.06597999999999993
-0.06543999999999994,0.10007999999999995
0.2548,0.14908
0.10755999999999999,-0.05168000000000006
0.15900000000000003,-0.03876000000000013
-0.22971999999999998,-0.06403999999999999
-0.04420000000000002,-0.21098000000000006
0.16636000000000006,0.1634
-0.2585,-0.06746000000000008
-0.2556,-0.11110000000000003
-0.20678000000000002,0.0293199999999999
0.18316,0.26098
0.06328,0.07711999999999997
0.08196000000000003,-0.04512000000000005
-0.04291999999999996,-0.05848000000000009
-0.08753999999999995,-0.13178000000000006
0.0763600000000001,-0.2464800000000001
-0.08951999999999993,0.0043399999999998995
0.06666000000000005,0.14125999999999994
0.21376000000000006,-0.019620000000000082
-0.05168000000000006,-0.1254800000000001
-0.19034,0.16367999999999994
0.2451399999999999,0.08063999999999993
-0.20973999999999998,-0.10198000000000007
0.04080000000000006,-0.03076000000000012
0.24402000000000013,0.06335999999999997
-0.16371999999999998,0.15379999999999994
0.13644,0.26839999999999997
0.12153999999999998,-0.032480000000000064
-0.0048600000000000865,0.10285999999999995
0.16956000000000004,0.25915999999999995
-0.04932000000000003,0.15946000000000005
-0.17912,-0.16424000000000005
-0.16426000000000002,-0.14850000000000002
-0.019039999999999946,0.10577999999999999
-0.11188000000000003,-0.022860000000000102
-0.24298000000000003,-0.044580000000000064
0.12043999999999999,0.11237999999999992
-0.011239999999999917,0.12719999999999998
-0.19748,-0.14268000000000008
-0.11606000000000005,0.050739999999999896
0.13829999999999998,-0.04516000000000009
0.21628000000000003,0.19316
-0.09988000000000002,0.1331199999999999
0.09163999999999994,-0.24410000000000004
0.24937999999999994,0.05499999999999994
0.04071999999999998,0.15301999999999993
0.07616,0.2119399999999999
0.12836000000000003,0.05399999999999994
0.061899999999999955,0.12226000000000004
0.041160000000000085,0.05267999999999995
-0.09810000000000002,0.13131999999999988
-0.12528,0.11527999999999994
0.04233999999999993,-0.11786000000000008
0.15878000000000003,0.20007999999999992
-0.23209999999999997,-0.09132000000000001
-0.02188000000000001,-0.09980000000000006
0.13122,0.03656000000000004
-0.10523999999999994,0.033479999999999954
0.14459999999999995,-0.051600000000000035
0.1773,-0.007620000000000071
0.16542,0.0693999999999999
0.13758000000000004,-0.12082000000000004
-0.12468000000000001,-0.13074000000000008
-0.19024000000000002,-0.11228000000000005
-0.13436000000000003,0.16071999999999997
-0.28958,0.06769999999999998
-0.14679999999999999,-0.15476000000000006
0.11518000000000006,-0.03434000000000004
0.13306000000000007,-0.21220000000000006
-0.18491999999999997,0.13795999999999997
0.019060000000000077,-0.24510000000000004
-0.25376,0.039839999999999876
0.16126000000000007,-0.20322
-0.24285999999999996,0.10641999999999996
-0.2642,0.010719999999999952
0.15610000000000002,-0.00541999999999998
-0.17958000000000002,-0.0798600000000001
0.09499999999999997,0.05897999999999992
-0.16759999999999997,0.16557999999999995
0.07482,-0.07480000000000003
0.08223999999999998,-0.05502000000000001
-0.07796000000000003,-0.024680000000000035
-0.012480000000000047,-0.0028000000000000247
-0.13053999999999993,0.12832
0.11628000000000005,0.33502
-0.22498,-0.05576000000000009
0.06376000000000004,0.2581
0.23492000000000013,0.060719999999999885
-0.07463999999999993,-0.09256000000000009
-0.23754000000000003,-0.14600000000000002
-0.06876000000000004,-0.15616000000000002
0.016280000000000072,0.051879999999999926
0.13358000000000003,0.26227999999999996
-0.27178,0.03647999999999996
0.09887999999999997,0.3025399999999999
-0.23164,-0.15922000000000003
0.02188000000000001,-0.22466000000000003
-0.23954000000000003,-0.10502
0.131,-0.013820000000000054
-0.014519999999999977,0.056439999999999935
-0.13796000000000003,0.15333999999999992
-0.2268,0.010519999999999974
-0.13790000000000002,-0.20274000000000003
-0.13951999999999998,-0.13318000000000008
0.11531999999999998,-0.13916000000000006
-0.07811999999999997,0.1483
0.22004,0.19387999999999994
-0.09251999999999994,-0.19272
-0.19548,-0.16414000000000006
-0.04403999999999997,0.09675999999999996
-0.011440000000000006,-0.25466000000000005
0.030919999999999948,-0.07508000000000009
0.09692,-0.07344
0.04820000000000002,-0.24720000000000003
-0.046719999999999984,-0.06812000000000001
0.015039999999999942,-0.010280000000000067
-0.15168000000000004,0.11003999999999992
0.08111999999999997,-0.21734000000000003
-0.16718,0.020499999999999963
-0.023900000000000032,-0.05108000000000007
0.03652,-0.0381800000000001
-0.236,-0.02624000000000004
-0.13923999999999997,0.009699999999999931
0.23892000000000013,0.07213999999999987
-0.06269999999999998,0.0034199999999999786
-0.27438,0.08575999999999995
-0.13511999999999996,0.16633999999999993
0.03637999999999997,-0.26086000000000004
-0.06816,0.02089999999999992
0.0032800000000000606,0.047760000000000025
-0.08882000000000001,0.15639999999999998
-0.1562,-0.09920000000000007
-0.11773999999999996,-0.01566000000000012
-0.26982,0.017979999999999996
-0.11796000000000001,0.031139999999999946
0.18236000000000008,0.08223999999999987
0.15856000000000003,-0.01092000000000004
0.16203999999999996,0.11616000000000004
0.08788000000000007,-0.12280000000000002
-0.04859999999999998,-0.12510000000000004
0.06716,-0.09394000000000002
0.23809999999999998,-0.05396000000000006
0.09418000000000004,-0.19522
-0.21739999999999998,-0.09402000000000005
-0.0021200000000000108,-0.07030000000000003
0.07920000000000005,0.01966000000000001
-0.14489999999999997,0.0626199999999999
0.11141999999999996,0.23895999999999995
0.0025600000000000067,-0.09510000000000007
0.09111999999999998,0.08967999999999998
-0.19219999999999998,-0.16428000000000004
-0.25676,0.10349999999999993
0.16276000000000002,-0.09064
0.18206,-0.16034000000000004
0.11968000000000001,-0.21098000000000006
0.17621999999999993,0.06769999999999998
0.10136,-0.010340000000000016
-0.22481999999999996,0.1019199999999999
0.2536799999999999,0.1354399999999999
-0.045599999999999974,-0.15386000000000005
-0.21678000000000003,-0.05832000000000004
0.21094000000000002,-0.07966000000000006
0.027700000000000058,-0.13802000000000003
-0.007759999999999989,-0.01758000000000004
0.1049,-0.13418000000000008
0.24919999999999998,0.1666399999999999
-0.24791999999999997,0.10393999999999992
0.11919999999999997,-0.12386000000000008
-0.19175999999999999,-0.018040000000000056
0.19613999999999998,0.07273999999999992
-0.16113999999999995,0.060659999999999936
-0.03620000000000001,-0.10190000000000005
0.15748000000000006,-0.16526000000000002
-0.05178000000000005,0.024859999999999993
0.17969999999999997,-0.07813999999999999
-0.008879999999999999,-0.20150000000000007
-0.26668000000000003,0.032239999999999935
-0.13533999999999996,0.12031999999999998
-0.15643999999999997,-0.0048200000000000465
-0.025719999999999965,-0.13232000000000005
0.20141999999999993,0.20048
0.16110000000000002,-0.00880000000000003
-0.06462000000000001,0.11826000000000003
0.20514,-0.10812000000000005
-0.0012199999999999989,0.09113999999999989
0.14193999999999996,-0.14598000000000005
0.11070000000000002,-0.22192
-0.07423999999999997,-0.19096000000000002
0.12563999999999997,-0.20372
0.026980000000000004,-0.10436000000000006
0.22887999999999997,0.10036
-0.17418,-0.04470000000000007
0.20614,-0.08308000000000004
-0.14373999999999998,0.1634
0.18816,0.061779999999999946
-0.188,-0.11070000000000002
-0.26976,0.049739999999999895
-0.12508000000000002,-0.052760000000000085
0.0010799999999999699,-0.05872000000000005
0.13460000000000005,0.32313999999999987
-0.1215,-0.19706
0.21236,0.22099999999999997
-0.16758,-0.02070000000000005
-0.20154,0.16108
-0.13721999999999995,0.05896000000000001
-0.18506000000000006,0.0011199999999998989
-0.21336,-0.018480000000000052
-0.14368000000000003,0.11697999999999997
0.15674,0.2276999999999999
0.20072,0.011880000000000002
-0.05288000000000004,0.12526000000000004
-0.12528,0.09533999999999987
0.10160000000000002,-0.24912
0.13168000000000002,-0.15890000000000004
0.14851999999999999,0.27381999999999995
0.0018199999999999328,0.03273999999999988
-0.10898000000000002,0.050919999999999965
0.02291999999999994,-0.17606000000000005
-0.08938000000000001,0.05591999999999997
0.1271,-0.17518000000000006
-0.20538,-0.10586000000000007
0.18286000000000002,0.19538
-0.10920000000000002,-0.20000000000000007
-0.04376000000000002,0.08628000000000002
0.05621999999999994,-0.006760000000000099
0.01966000000000001,0.10417999999999994
-0.14216,0.05555999999999994
-0.012220000000000009,-0.23520000000000002
-0.19172,-0.13784000000000007
-0.13319999999999999,-0.11312000000000005
-0.2613,-0.01536000000000004
0.21928000000000003,0.08243999999999996
0.2262200000000001,0.022259999999999946
-0.08711999999999998,0.010660000000000003
-0.27736,0.006219999999999892
-0.11738000000000004,0.09333999999999987
0.13692000000000004,0.05496000000000001
0.12261999999999995,0.2895
-0.19156,0.13253999999999988
0.15208,-0.08162000000000003
0.26447999999999994,0.14237999999999995
-0.25408000000000003,-0.06564000000000003
0.017839999999999967,0.15171999999999997
-0.24012,-0.11622000000000005
-0.0030200000000000227,-0.20802000000000004
-0.17744,0.0648399999999999
0.08630000000000004,-0.13934000000000007
-0.10981999999999997,0.16367999999999994
0.1451,0.13653999999999988
-0.27224,0.08765999999999996
0.08273999999999992,0.2722399999999999
0.16671999999999998,-0.1291600000000001
-0.28656,0.04166000000000003
0.14670000000000005,0.08187999999999995
-0.22331999999999996,0.13783999999999996
-0.043360000000000065,0.14441999999999988
-0.09781999999999996,0.03177999999999992
0.17458000000000007,-0.0007800000000001139
0.06263999999999992,-0.0030000000000000027
0.13346000000000002,0.0009199999999999209
0.02858000000000005,0.11571999999999993
0.08286000000000004,0.1967199999999999
-0.17273999999999995,-0.18752000000000002
0.09358,-0.2567400000000001
0.10908000000000007,0.05881999999999998
0.21616000000000002,-0.07984000000000002
0.12192000000000003,0.03766000000000003
0.14339999999999997,-0.0541600000000001
0.16398000000000001,0.18145999999999995
0.19452000000000003,0.21416000000000002
0.2552,0.007799999999999918
0.09686000000000006,0.06769999999999998
0.11471999999999993,-0.01748000000000005
0.13207999999999998,0.22943999999999987
0.26160000000000005,-0.0022600000000000398
0.19342000000000004,-0.08106000000000008
0.19963999999999993,0.20806000000000002
-0.042260000000000075,-0.009460000000000135
-0.2718,0.07938
0.045660000000000034,-0.08908000000000005
0.19353999999999993,0.03631999999999991
0.19110000000000005,0.16562
-0.08408000000000004,-0.19354000000000005
0.07572000000000001,0.0675
-0.00873999999999997,-0.09720000000000006
-0.11978,-0.15154000000000006
-0.13633999999999996,-0.03658000000000006
-0.07682,0.06879999999999997
-0.21655999999999997,-0.023920000000000052
0.028100000000000014,-0.15622000000000003
0.09196000000000004,0.3313799999999999
0.15274,0.010739999999999972
-0.05293999999999999,0.11813999999999991
0.06247999999999998,-0.21612000000000003
-0.0993,-0.009080000000000088
-0.2682,0.10055999999999998
-0.20639999999999997,0.1334399999999999
0.15348000000000006,0.05049999999999999
-0.14831999999999995,-0.0949600000000001
-0.15876,-0.14398000000000005
0.19418000000000002,-0.04524
0.07573999999999992,-0.12538000000000005
0.20638,0.22093999999999991
0.13932,-0.06308000000000008
0.24752000000000007,0.018239999999999923
-0.2579,0.004899999999999904
0.20888000000000007,0.0717199999999999
0.20892,-0.09620000000000006
-0.16298,-0.07092000000000004
-0.1764,-0.14160000000000006
0.11478,-0.15864000000000006
0.11218000000000006,0.06377999999999995
-0.21915999999999997,-0.07702000000000003
0.21267999999999998,0.0035800000000000276
-0.09396000000000004,-0.18364000000000008
-0.23958000000000002,-0.06653999999999999
0.03488000000000002,-0.08484000000000003
-0.10488000000000003,0.16296
0.17708000000000002,-0.014460000000000028
0.07891999999999999,0.3139399999999999
0.25392000000000003,0.047860000000000014
0.19838,0.08499999999999996
0.04703999999999997,0.026980000000000004
0.09550000000000003,-0.15188000000000007
0.13313999999999993,-0.08542000000000005
-0.15328000000000003,-0.06696000000000008
0.08073999999999992,0.26608
0.18323999999999996,-0.10558000000000006
0.10330000000000006,0.09545999999999999
0.12553999999999998,0.3019799999999999
0.12812,-0.19664000000000004
-0.08663999999999994,0.025939999999999963
-0.17301999999999995,0.028119999999999923
-0.032179999999999986,0.07607999999999993
-0.19884000000000002,0.09306000000000003
-0.25956,0.045599999999999974
0.051080000000000014,-0.06756000000000006
-0.21565999999999996,-0.15506000000000003
-0.22562,-0.11638000000000004
0.07242000000000004,0.09029999999999994
-0.17733999999999994,-0.08682000000000001
-0.044379999999999975,-0.12698000000000004
0.045439999999999925,-0.007319999999999993
0.014719999999999955,-0.22158000000000005
0.12393999999999994,-0.16232000000000002
0.2694,0.06977999999999995
-0.12966000000000005,0.1462
-0.13432,0.07729999999999992
0.027660000000000018,-0.019460000000000033
0.14798,-0.0029800000000000937
0.21683999999999992,0.0028199999999999337
0.031299999999999994,-0.027180000000000093
-0.009039999999999937,0.07187999999999994
0.22188000000000008,0.014100000000000001
0.10172000000000003,-0.03382000000000007
0.1754,0.19523999999999997
-0.16821999999999998,0.09931999999999996
-0.1073,-0.10394000000000003
-0.008239999999999914,-0.17294000000000004
0.19857999999999998,-0.1236600000000001
-0.08330000000000004,-0.13950000000000007
-0.11009999999999998,0.08685999999999994
-0.008020000000000027,0.04693999999999987
0.13078,-0.058580000000000076
-0.13893999999999995,-0.13948000000000005
-0.2061,-0.0043000000000000815
0.022139999999999938,-0.08312000000000003
0.1149,0.0623999999999999
-0.21536,0.10116000000000003
0.20883999999999991,0.010539999999999883
0.07726,0.05831999999999993
-0.03736000000000006,0.09155999999999997
-0.28686,0.07977999999999996
0.03658000000000006,-0.08048000000000005
-0.18801999999999996,-0.10320000000000007
0.17694,0.028079999999999994
0.22550000000000003,0.029279999999999973
-0.17736000000000002,-0.024460000000000037
-0.13248,-0.016939999999999955
0.15986,-0.027639999999999998
0.23853999999999997,0.07518000000000002
0.20088000000000006,0.03645999999999994
0.20286000000000004,-0.07408000000000009
-0.12128,0.02733999999999992
0.06798000000000004,-0.027920000000000056
0.12780000000000002,-0.14316
-0.14098,0.04966000000000004
0.05362,0.12656
-0.15002,-0.054700000000000026
0.07698000000000005,-0.25214000000000003
-0.14561999999999997,0.013339999999999907
-0.1981,0.047639999999999905
-0.04501999999999995,0.009319999999999884
-0.01081999999999994,0.07781999999999989
0.14558000000000004,0.1835199999999999
-0.21954,-0.05690000000000006
-0.17156000000000005,-0.059140000000000026
-0.03978000000000004,-0.046680000000000055
0.08908000000000005,-0.038020000000000054
0.06431999999999993,0.03366000000000002
0.15280000000000005,0.2371399999999999
0.22409999999999997,0.020059999999999967
-0.01963999999999999,0.046760000000000024
-0.08657999999999999,0.1502
0.17628,-0.061439999999999995
0.06540000000000001,0.0749399999999999
-0.08987999999999996,0.12597999999999998
-0.06520000000000004,0.07545999999999997
0.23024,0.18665999999999994
-0.07321999999999995,-0.23628000000000005
-0.17753999999999998,-0.11054000000000003
0.16733999999999993,-0.13702000000000003
0.12850000000000006,0.15237999999999996
0.03764000000000001,0.1514199999999999
-0.04688000000000003,-0.13936000000000004
-0.19798,-0.03254000000000001
0.27486,0.0015600000000000058
-0.16783999999999993,-0.017800000000000038
0.08104,0.24161999999999995
0.09662000000000004,0.007439999999999891
-0.07325999999999999,-0.21242000000000005
0.2541,0.03747999999999996
0.07669999999999999,0.006139999999999923
0.23452000000000006,-0.029880000000000018
-0.023599999999999954,0.09801999999999988
0.20298000000000005,-0.062400000000000067
0.0022800000000000598,-0.20374000000000003
0.12724000000000002,-0.05092000000000002
-0.22708,-0.029980000000000118
-0.06543999999999994,-0.06803999999999999
-0.13456,0.06847999999999999
-0.19508000000000003,0.016819999999999946
-0.10526000000000002,-0.08358000000000004
-0.06899999999999995,-0.15282
-0.07062000000000002,-0.014620000000000077
0.10782000000000003,-0.1090600000000001
-0.1084,0.08919999999999995
-0.030420000000000003,0.07841999999999993
-0.07516,-0.03490000000000004
0.08028000000000002,0.3312799999999999
0.24563999999999997,0.11265999999999998
0.08877999999999997,-0.12640000000000007
0.25970000000000004,0.0656199999999999
0.10919999999999996,-0.15882000000000002
-0.13793999999999995,0.07533999999999996
0.18982,0.03869999999999996
-0.026880000000000015,-0.12364000000000003
-0.21786,-0.036800000000000055
0.08396000000000003,0.24183999999999994
0.11219999999999997,-0.03506000000000009
-0.17208,-0.12558000000000008
-0.046580000000000066,0.07933999999999997
-0.15793999999999997,0.013519999999999976
-0.07966000000000006,-0.07458000000000009
0.0018799999999999928,0.05037999999999998
-0.13713999999999998,-0.19166000000000005
-0.0018600000000000838,-0.10308000000000006
-0.2496,-0.028120000000000034
-0.14751999999999998,-0.19660000000000005
-0.046560000000000046,-0.14326000000000005
-0.048819999999999975,-0.08408000000000004
-0.18243999999999994,-0.11238000000000009
-0.04296,-0.03616000000000008
-0.14371999999999996,-0.16302000000000005
-0.08416000000000001,0.08535999999999999
-0.12128,-0.014760000000000106
0.18888000000000005,0.04411999999999994
-0.12983999999999996,-0.04146000000000011
-0.09443999999999997,0.03849999999999998
-0.05352000000000001,-0.13272
-0.06337999999999999,0.14173999999999987
-0.10998000000000002,-0.16864000000000007
-0.21292,-0.04622000000000004
0.16448000000000007,0.05396000000000001
0.12702000000000002,-0.21666000000000002
0.040119999999999933,0.10443999999999987
0.06147999999999998,-0.17586000000000002
0.03432000000000002,0.10637999999999992
0.12707999999999997,0.03733999999999993
-0.08540000000000003,-0.0566600000000001
0.054260000000000086,-0.028360000000000052
-0.1573,-0.12246000000000007
-0.15003999999999995,0.06299999999999994
-0.1844,-0.12574000000000002
0.09083999999999992,0.07461999999999991
-0.07066000000000006,0.09345999999999999
-0.15702,-0.0541600000000001
0.16869999999999996,0.15427999999999997
-0.25524,0.06616
-0.11651999999999996,0.05408000000000002
0.023639999999999994,0.14633999999999991
-0.15702,0.12951999999999997
-0.16128000000000003,0.14056000000000002
-0.0016599999999999948,-0.15630000000000005
-0.036880000000000024,0.05628
0.09460000000000002,0.26103999999999994
-0.12341999999999997,0.05041999999999991
-0.08441999999999994,-0.07140000000000002
0.08688000000000007,0.27156
-0.0023400000000000087,-0.13704000000000005
-0.25992,-0.005880000000000107
0.17732000000000003,0.07996000000000003
0.21998000000000006,0.07313999999999987
-0.19721999999999995,0.019219999999999904
-0.031000000000000028,-0.07870000000000005
0.06608000000000003,-0.14940000000000003
0.16884,0.09106000000000003
-0.02743999999999991,-0.18674000000000007
-0.10071999999999998,-0.06916000000000005
0.10970000000000002,-0.016700000000000048
0.07176000000000005,-0.25038000000000005
-0.17283999999999994,0.03517999999999999
0.11571999999999993,-0.14270000000000005
-0.016039999999999943,-0.1276600000000001
-0.21444000000000002,-0.08218000000000009
-0.10259999999999997,0.022339999999999915
0.08041999999999994,-0.16300000000000003
-0.24858000000000002,-0.14698000000000006
0.24027999999999994,0.04353999999999991
-0.17841999999999997,-0.15174000000000004
0.032460000000000044,-0.02426000000000006
0.031239999999999934,-0.08400000000000002
0.11199999999999999,-0.1010600000000001
0.17811999999999995,0.03849999999999998
-0.09753999999999996,-0.12458000000000008
0.16222000000000003,0.030219999999999914
-0.294,0.04491999999999996
0.25727999999999995,0.06369999999999998
0.11403999999999992,-0.09216000000000008
-0.17283999999999994,0.12347999999999992
0.21596000000000004,0.048799999999999955
-0.23796,-0.03972000000000003
0.07172,0.06591999999999998
-0.051019999999999954,-0.07152000000000003
-0.09341999999999995,-0.14614000000000005
0.11499999999999999,0.2672
-0.055239999999999956,-0.13526000000000005
-0.04849999999999999,-0.10946000000000006
-0.03976000000000002,-0.08646000000000009
0.026000000000000023,0.08145999999999998
-0.14950000000000002,-0.06286000000000008
-0.09663999999999995,-0.007040000000000046
-0.14111999999999997,-0.01546000000000003
0.017120000000000024,-0.11588000000000004
-0.06294,0.13503999999999994
-0.2082,-0.020540000000000003
-0.20705999999999997,-0.10324
0.24027999999999994,0.06018000000000001
0.11853999999999998,0.0685
-0.1925,-0.14676000000000006
0.18638,0.023819999999999952
0.17011999999999994,0.12946000000000002
-0.08873999999999993,-0.20524000000000003
-0.06578000000000006,-0.13296000000000002
-0.10736000000000001,0.07043999999999995
-0.18209999999999998,0.049879999999999924
-0.06525999999999998,0.03077999999999992
0.10446,0.14363999999999988
-0.18508000000000002,0.0885999999999999
0.050980000000000025,-0.23088000000000009
0.09766000000000008,-0.19668000000000008
0.19294,0.236
-0.24609999999999999,0.13198
0.2732399999999999,0.12957999999999992
0.18853999999999993,0.2110399999999999
0.23026000000000002,-0.010620000000000074
0.28092000000000006,0.11836000000000002
0.04958000000000007,-0.14508000000000004
0.16042,0.25005999999999995
0.14138000000000006,0.06165999999999994
-0.11862,-0.04862000000000005
0.1612,0.1963999999999999
-0.25216,-0.059340000000000004
0.25670000000000004,0.06811999999999996
0.08998000000000006,-0.06946000000000008
0.24336000000000002,0.06108000000000002
0.012800000000000034,-0.06552000000000002
-0.10848000000000002,0.15961999999999998
-0.06610000000000005,-0.14346000000000003
-0.10998000000000002,-0.006400000000000072
-0.04852000000000001,-0.20350000000000007
0.011780000000000013,0.13295999999999997
0.17446000000000006,-0.13260000000000005
-0.08404,0.10359999999999991
-0.25606,0.018259999999999943
0.18001999999999996,0.1361199999999999
0.12618000000000007,0.1301
0.11928000000000005,0.09467999999999999
-0.25682,-0.07056000000000007
-0.06298000000000004,0.11341999999999997
0.26726000000000005,0.032159999999999966
0.18558000000000008,-0.048180000000000056
0.11343999999999999,-0.23102
-0.14396000000000003,-0.11350000000000005
-0.07308000000000003,-0.02760000000000007
-0.006839999999999957,-0.08334000000000003
0.20721999999999996,-0.11072000000000004
0.05262,0.11573999999999995
-0.06911999999999996,0.010139999999999927
-0.09928000000000003,-0.15686000000000005
0.12993999999999994,0.014780000000000015
-0.08886000000000005,-0.024500000000000077
0.11476000000000008,0.07501999999999998
0.14042,-0.08092000000000005
-0.020279999999999965,0.0030199999999999116
-0.07099999999999995,0.021019999999999928
0.19218000000000002,-0.009400000000000075
-0.2898,0.036660000000000026
0.07999999999999996,-0.23260000000000003
0.1925,0.09017999999999993
0.12636000000000003,-0.16316000000000003
-0.20316,-0.14474000000000004
0.1341,0.06213999999999997
0.05520000000000003,-0.15304000000000006
-0.119,0.18357999999999997
0.13651999999999997,-0.17348000000000008
-0.14963999999999994,0.11916000000000004
0.08820000000000006,-0.15842
0.07784000000000002,0.07241999999999993
-0.05366000000000004,-0.16250000000000003
0.15091999999999994,-0.17748000000000008
0.12,0.26515999999999995
-0.20218000000000003,0.06853999999999993
0.13323999999999991,-0.18462
-0.05362,0.046719999999999984
-0.14711999999999997,0.09545999999999999
0.12551999999999996,0.06616
-0.19016,0.11507999999999996
0.16676000000000002,-0.05038000000000009
-0.25858000000000003,0.02393999999999996
-0.1835,-0.04516000000000009
-0.21499999999999997,0.12481999999999993
-0.14232,-0.07580000000000003
-0.12237999999999999,0.18277999999999994
0.008160000000000056,-0.07058000000000009
-0.09823999999999994,-0.06764000000000003
0.11908000000000007,-0.18322000000000005
-0.12973999999999997,-0.15332
-0.08767999999999998,-0.10886000000000007
0.13138000000000005,-0.09082000000000001
-0.007399999999999962,-0.05952000000000002
-0.26839999999999997,-0.10742000000000002
0.23083999999999993,0.20363999999999993
0.04271999999999998,0.05566000000000004
0.20582,0.11007999999999996
-0.22318,-0.08492000000000005
-0.0036399999999999766,0.010699999999999932
-0.18443999999999994,-0.03974
0.16706,0.28389999999999993
0.23816000000000004,0.08723999999999987
-0.009099999999999997,-0.19586000000000003
0.15452,-0.17128000000000004
-0.06331999999999993,-0.13916000000000006
0.19779999999999998,0.05019999999999991
0.08508000000000004,0.07577999999999996
0.020440000000000014,0.043399999999999994
-0.16506000000000004,0.051999999999999935
0.022220000000000018,0.03615999999999997
-0.19774000000000003,-0.02518000000000009
0.15301999999999993,-0.20504000000000006
0.08577999999999997,-0.21718000000000004
0.11650000000000005,-0.04514000000000001
0.013560000000000016,0.14395999999999998
0.06542000000000003,-0.0032800000000000606
-0.005819999999999936,0.07053999999999994
0.24237999999999993,0.16989999999999994
-0.08972000000000002,-0.18046
0.11950000000000005,0.021179999999999977
-0.19366,0.02639999999999998
0.15881999999999996,-0.12002000000000002
0.026120000000000032,-0.0036600000000001076
-0.09553999999999996,0.16033999999999993
0.12481999999999993,0.14576
0.17358000000000007,0.1929399999999999
-0.16178000000000003,-0.17624000000000006
-0.07220000000000004,-0.007739999999999969
0.07694000000000001,0.12629999999999997
0.0022999999999999687,0.1312399999999999
-0.15123999999999999,-0.08920000000000006
0.11002,0.11533999999999989
-0.23978,-0.026939999999999964
0.07084000000000001,-0.05434
-0.27046,-0.013960000000000083
-0.032179999999999986,-0.08682000000000001
-0.16703999999999997,-0.15362000000000003
-0.005039999999999933,-0.24360000000000004
-0.01751999999999998,-0.20814000000000005
0.24466,0.1061399999999999
0.10508000000000006,0.08155999999999997
0.23419999999999996,0.06587999999999994
-0.04749999999999999,0.008399999999999963
0.24819999999999998,0.04941999999999991
0.11773999999999996,0.17631999999999992
-0.09193999999999991,0.0024399999999998867
-0.13356,-0.060840000000000005
-0.14700000000000002,-0.12638000000000005
0.26544,0.19391999999999998
-0.23049999999999998,-0.0009600000000000719
-0.06291999999999998,0.05027999999999999
0.24203999999999992,0.07967999999999997
0.13423999999999991,-0.09164
-0.2698,0.009699999999999931
0.07657999999999998,0.3162799999999999
-0.10663999999999996,-0.15232
0.07363999999999993,-0.09868000000000005
0.24436000000000002,0.21138
-0.13029999999999997,-0.06716000000000011
0.04058000000000006,-0.00024000000000001798
-0.17818,-0.017320000000000002
-0.27246,-0.09164
-0.28708,-0.012240000000000029
0.17528,0.1372
-0.15258,0.044219999999999926
-0.24094,-0.007980000000000098
0.15323999999999993,0.29925999999999997
-0.02088000000000001,-0.12996000000000002
0.04422000000000004,0.09885999999999995
0.20657999999999999,-0.03926000000000007
0.08120000000000005,0.02201999999999993
0.10086000000000006,-0.061500000000000055
-0.08419999999999994,0.03495999999999999
-0.20276,-0.10670000000000007
-0.037839999999999985,0.025619999999999976
0.06130000000000002,-0.02844000000000002
-0.05846000000000007,0.026039999999999952
0.21577999999999997,-0.007539999999999991
0.07504,-0.0022600000000000398
0.013480000000000047,-0.23250000000000004
0.14717999999999998,0.05341999999999991
-0.17328,-0.09814
0.11308000000000007,0.11326000000000003
0.0948,0.20429999999999993
0.0012199999999999989,0.04581999999999997
0.14836000000000005,-0.18606000000000006
0.09526000000000001,-0.25442000000000004
0.1633,-0.21548000000000006
0.10543999999999998,-0.23178000000000004
0.2304799999999999,0.17401999999999995
0.02312000000000003,0.14367999999999992
-0.13018000000000002,-0.07960000000000006
0.09014,0.11303999999999992
0.22607999999999995,0.11583999999999994
-0.19598,0.08261999999999992
0.15678000000000003,-0.18892000000000003
0.21588000000000007,-0.023400000000000087
0.005860000000000087,-0.1040600000000001
0.2395799999999999,0.037899999999999934
-0.02422000000000002,-0.12518000000000007
-0.22984,-0.12956000000000006
-0.25766,-0.00038000000000004697
0.10348000000000002,0.12095999999999996
0.24706000000000006,-0.008300000000000085
-0.25035999999999997,-0.05004000000000003
-0.032299999999999995,0.03371999999999997
0.10016000000000003,0.19607999999999992
0.15308,-0.11690000000000006
0.007039999999999935,-0.07844000000000001
0.10872000000000004,-0.24576000000000003
0.055300000000000016,0.05333999999999994
0.22809999999999997,0.20419999999999994
0.18084,-0.08766000000000007
0.11082000000000003,0.33343999999999996
-0.061960000000000015,-0.18650000000000005
0.09666000000000008,-0.09294000000000002
-0.23036,0.04499999999999993
0.02639999999999998,0.005959999999999965
-0.20235999999999998,-0.08582000000000001
0.08694000000000002,0.008619999999999961
-0.22533999999999998,-0.06136000000000008
0.08276000000000006,-0.15052000000000004
0.06156000000000006,-0.16558000000000006
-0.15066000000000002,-0.10326000000000007
-0.0008600000000000829,0.04345999999999994
0.015660000000000007,-0.21758000000000005
-0.11446,0.05623999999999996
0.033299999999999996,0.05506
-0.03642000000000001,0.05896000000000001
-0.1755,-0.12172000000000005
0.25837999999999994,0.0829399999999999
0.23036,0.22458
-0.08218000000000003,-0.17906000000000005
-0.2097,-0.14062000000000002
0.13913999999999993,-0.008160000000000056
-0.019039999999999946,-0.017380000000000062
0.19616,0.2170399999999999
-0.046680000000000055,0.02078000000000002
-0.22210000000000002,-0.08150000000000007
-0.11012,0.0696199999999999
0.23117999999999994,-0.06108000000000008
-0.14706000000000002,-0.16808000000000006
0.12890000000000001,0.05667999999999995
0.013319999999999999,0.11797999999999997
0.11406000000000005,-0.11796000000000006
0.016000000000000014,0.04498000000000002
0.11534,0.20443999999999996
-0.12131999999999998,0.03401999999999994
0.17920000000000003,0.22329999999999994
-0.020480000000000054,-0.049780000000000046
-0.049980000000000024,-0.07432000000000005
0.2116,0.050739999999999896
0.18757999999999997,0.21367999999999998
-0.20884000000000003,0.13268000000000002
0.17708000000000002,0.061819999999999986
0.03423999999999994,0.010780000000000012
0.14926000000000006,-0.06394
-0.015719999999999956,0.04457999999999995
0.07121999999999995,-0.051700000000000024
0.005139999999999922,0.09413999999999989
0.09306000000000003,0.028819999999999957
0.14991999999999994,-0.21714000000000006
0.19730000000000003,0.1049199999999999
-0.07038,-0.22104000000000007
0.13228000000000006,-0.12770000000000004
0.07533999999999996,0.07047999999999999
-0.1825,-0.17154000000000008
0.18137999999999999,0.08843999999999996
-0.16693999999999998,-0.08098000000000005
0.08966000000000007,-0.13818000000000008
-0.06930000000000003,-0.19750000000000006
-0.19513999999999998,-0.0029400000000000537
0.04291999999999996,-0.13670000000000004
-0.12643999999999994,-0.039400000000000046
-0.07843999999999995,-0.08914
0.16188000000000002,-0.16176000000000001
0.010000000000000009,0.0047999999999999154
0.27013999999999994,0.03723999999999994
-0.10633999999999993,-0.06146000000000007
-0.10011999999999999,-0.18518000000000007
0.006340000000000012,-0.24804000000000004
0.19601999999999997,0.03698000000000001
-0.08235999999999999,0.029880000000000018
0.22082000000000002,0.06529999999999991
-0.26294,-0.022460000000000035
-0.026599999999999957,-0.16772000000000004
0.06691999999999998,0.06431999999999993
0.17911999999999995,0.23448000000000002
0.13078,-0.006280000000000063
0.014060000000000072,-0.16192
0.16443999999999992,-0.13614000000000004
0.18711999999999995,-0.09338000000000007
0.07621999999999995,0.009139999999999926
-0.1921,0.1616399999999999
0.15176,-0.12006000000000006
-0.07450000000000001,-0.13316000000000006
-0.15246000000000004,0.13807999999999998
0.023700000000000054,-0.08568000000000009
0.06056000000000006,-0.0048800000000001065
0.017880000000000007,-0.16652
-0.19924000000000003,0.10955999999999999
0.03064,-0.03968000000000005
-0.07452000000000003,0.05076000000000003
-0.05618000000000001,-0.09616000000000008
0.08582000000000001,0.05267999999999995
0.008000000000000007,0.1452199999999999
0.09198000000000006,-0.013020000000000032
0.2676799999999999,0.16771999999999998
-0.13746000000000003,-0.16718000000000005
0.019440000000000013,-0.02104000000000006
0.19801999999999997,-0.09102000000000005
-0.0020600000000000618,0.01961999999999997
-0.15760000000000002,0.016799999999999926
0.11434,0.03971999999999998
-0.04039999999999999,-0.05208000000000007
0.08557999999999999,-0.07140000000000002
-0.15821999999999997,-0.038839999999999986
-0.18585999999999997,-0.16100000000000003
0.2689799999999999,0.023339999999999916
0.06572,-0.17354000000000003
-0.1899,-0.17996
0.03732000000000002,0.04587999999999992
0.20579999999999998,0.00759999999999994
0.2290200000000001,0.16086
0.2552,0.014919999999999933
0.14916000000000007,-0.08204
-0.15100000000000002,-0.08122000000000001
0.04464000000000001,0.02523999999999993
0.053180000000000005,0.04471999999999998
-0.23004000000000002,0.01429999999999998
-0.27574,-0.07182000000000005
0.12283999999999995,-0.22040000000000004
-0.16613999999999995,-0.11726000000000009
-0.08908000000000005,0.00878000000000001
-0.15428000000000003,-0.18218000000000006
0.13536000000000004,-0.05998000000000009
-0.2016,0.10111999999999999
-0.04153999999999991,-0.08016000000000006
-0.07867999999999997,0.11277999999999999
-0.07408000000000003,-0.06838000000000005
0.12336000000000003,-0.13592000000000004
0.07906000000000002,0.056379999999999986
0.18538,-0.12584
0.15818,0.006919999999999926
0.1149,-0.15114000000000005
-0.09199999999999997,0.03759999999999997
0.06972,0.08329999999999993
0.05591999999999997,-0.0007600000000000939
-0.09196000000000004,0.11558000000000002
-0.10491999999999996,-0.10544000000000003
0.13788,0.1079199999999999
0.03639999999999999,-0.017040000000000055
0.20614,0.06855999999999995
0.10761999999999994,-0.22304000000000007
-0.21942,0.039999999999999925
0.12050000000000005,-0.21620000000000006
-0.18346,-0.1864800000000001
0.17932000000000003,0.15901999999999994
-0.05393999999999999,-0.07018000000000008
-0.23670000000000002,0.006719999999999948
0.13966,-0.06582000000000005
-0.0947,0.11077999999999999
0.08382,0.009419999999999984
0.09472000000000003,-0.11372000000000004
0.03737999999999997,-0.11080000000000007
0.26102000000000003,0.07243999999999995
-0.03710000000000002,-0.056580000000000075
-0.29175999999999996,0.043359999999999954
0.19352000000000003,0.1554199999999999
0.13932,0.12529999999999997
-0.14963999999999994,-0.057540000000000036
-0.16536,0.11968000000000001
0.13406000000000007,0.19526
-0.20450000000000002,0.11185999999999996
-0.08041999999999994,-0.040720000000000034
-0.008700000000000041,0.02835999999999994
0.17842000000000002,-0.16940000000000005
-0.05789999999999995,-0.0642600000000001
-0.24894,0.07935999999999999
-0.10141999999999995,-0.05428000000000005
0.017299999999999982,0.039739999999999887
-0.08433999999999997,-0.0415600000000001
-0.27405999999999997,0.07569999999999999
0.09323999999999999,0.0021199999999998997
-0.11691999999999997,0.16871999999999998
0.012360000000000038,-0.04798000000000008
0.1531,0.12303999999999993
0.17798000000000003,0.0036399999999998656
-0.2219,-0.14692000000000005
-0.11541999999999997,0.028939999999999966
0.08306000000000002,-0.12900000000000006
-0.03801999999999994,-0.19724000000000008
-0.046740000000000004,0.028839999999999866
-0.10768,-0.11358000000000007
-0.09360000000000002,-0.11320000000000002
0.19638,0.16521999999999992
-0.24551999999999996,-0.14576000000000006
0.05396000000000001,-0.21998000000000006
0.11180000000000001,0.04621999999999993
0.11956,-0.1024600000000001
0.05368000000000006,-0.20574000000000003
-0.06215999999999999,0.14591999999999994
-0.18730000000000002,-0.07660000000000006
-0.015739999999999976,0.1039199999999999
-0.0021999999999999797,0.059860000000000024
-0.13106,0.14857999999999993
-0.22636,-0.09656000000000009
0.26508,0.07333999999999996
0.09199999999999997,0.23321999999999998
0.14858000000000005,0.05908000000000002
0.2556799999999999,0.1675199999999999
0.2599,0.034319999999999906
-0.16828000000000004,0.12065999999999999
0.15891999999999995,0.0040799999999999725
-0.2389,0.049899999999999944
-0.07347999999999999,0.12746000000000002
-0.18595999999999996,0.026760000000000006
-0.17099999999999999,0.09217999999999993
-0.22956,-0.11692000000000002
0.05120000000000002,-0.05288000000000004
0.12061999999999995,0.25146
0.06508000000000003,0.09243999999999997
0.10073999999999994,-0.22760000000000002
0.05249999999999999,0.06907999999999992
0.10487999999999997,-0.15130000000000005
-0.12888,-0.16118000000000005
0.16348000000000007,0.03909999999999991
0.10772000000000004,-0.18434000000000006
-0.19854,-0.0037200000000000566
0.08821999999999997,-0.23442000000000002
0.042160000000000086,-0.09378000000000009
-0.029160000000000075,-0.11872000000000005
0.04927999999999999,-0.25948000000000004
0.17178000000000004,-0.13314000000000004
-0.10448000000000002,0.14483999999999997
0.00649999999999995,0.05289999999999995
0.10366000000000009,-0.07254
-0.17481999999999998,-0.16906000000000004
-0.1845,0.08089999999999997
0.17518,0.047519999999999896
0.22877999999999998,0.040039999999999965
-0.16513999999999995,0.13713999999999993
0.12578,0.09217999999999993
-0.17926000000000003,-0.0006800000000000139
-0.11623999999999995,-0.05032000000000003
-0.17609999999999998,-0.0048800000000001065
0.05723999999999996,-0.06256000000000006
0.005659999999999998,0.11529999999999996
-0.07411999999999996,-0.14194000000000007
0.10876000000000008,0.28779999999999994
0.13334000000000001,0.04789999999999994
-0.04068000000000005,-0.12618000000000007
-0.17271999999999998,0.10829999999999995
-0.0020600000000000618,-0.18326000000000003
-0.15356000000000003,-0.06982000000000005
0.14222,0.3158399999999999
-0.17096000000000006,0.12168000000000001
-0.17038000000000003,0.13227999999999995
0.20476000000000005,-0.09232000000000001
0.09662000000000004,-0.16030000000000005
-0.0009799999999999809,-0.09432000000000001
0.07006000000000001,0.07141999999999993
-0.20042,0.04899999999999993
0.07920000000000005,-0.1582800000000001
0.09114,-0.05902000000000002
0.25417999999999996,0.02835999999999994
0.06010000000000004,-0.18190000000000006
0.16038000000000008,-0.16600000000000004
0.16890000000000005,0.29989999999999994
0.02200000000000002,-0.23796000000000006
0.13832,-0.011180000000000079
0.2521,0.12378
-0.00649999999999995,-0.12974000000000008
-0.13258000000000003,-0.0753600000000001
-0.18584,-0.026020000000000043
-0.20354,0.08635999999999999
0.09756000000000009,0.09977999999999998
-0.024939999999999962,-0.15842
0.10699999999999998,0.11883999999999995
0.11743999999999999,0.11085999999999996
-0.05111999999999994,0.1524199999999999
0.07223999999999997,-0.08366000000000007
-0.054139999999999966,-0.027140000000000053
-0.11056000000000005,0.04508000000000001
-0.14106000000000002,-0.12036000000000008
-0.24844,-0.05186000000000007
-0.24934,-0.04676000000000008
-0.2793,-0.009040000000000048
0.17826000000000009,-0.08978000000000008
0.19752000000000003,0.15437999999999996
0.14873999999999998,0.26249999999999996
-0.1624,-0.044460000000000055
-0.08157999999999999,0.03683999999999987
0.18281999999999998,0.08665999999999996
0.10902,0.2190399999999999
-0.12496000000000002,-0.16366000000000003
0.17742000000000002,0.10709999999999997
0.017800000000000038,-0.13180000000000003
0.22151999999999994,-0.025880000000000014
-0.23284,-0.018460000000000032
0.24644,-0.027100000000000013
-0.21344000000000002,0.13156
0.06688000000000005,0.08455999999999997
-0.03539999999999999,0.061860000000000026
-0.14276000000000005,-0.1050600000000001
0.09904000000000002,0.009099999999999997
0.13641999999999999,-0.009080000000000088
-0.11253999999999997,-0.10300000000000004
0.16074,-0.10724
-0.26998,0.08286000000000004
0.21677999999999997,0.07733999999999996
-0.15663999999999995,-0.04430000000000006
0.18021999999999994,0.22939999999999994
-0.01088,-0.22992
0.05488000000000004,-0.011880000000000113
-0.08438000000000001,-0.15128000000000008
0.20582,-0.028400000000000092
-0.21448,0.01863999999999988
0.011499999999999955,0.09587999999999997
-0.14889999999999998,0.13859999999999995
0.14961999999999998,-0.16816000000000003
-0.07801999999999998,-0.043980000000000075
-0.06743999999999994,-0.21642
0.2319,0.1633199999999999
0.08038000000000001,0.32609999999999995
-0.01536000000000004,0.052939999999999876
0.040919999999999956,-0.05312
-0.08688000000000007,0.11843999999999988
0.09840000000000004,-0.014900000000000024
0.02626000000000006,-0.011440000000000006
0.11512,0.09028000000000003
-0.20831999999999995,0.14176
-0.15446000000000004,0.009000000000000008
-0.17806000000000005,-0.11504000000000003
0.25,0.17543999999999993
-0.16806000000000004,0.025499999999999967
0.14200000000000002,-0.08948000000000006
-0.10709999999999997,0.10329999999999995
0.09106000000000003,-0.07172
0.15017999999999998,-0.21994000000000008
0.10061999999999993,-0.02434000000000003
-0.00990000000000002,0.13283999999999996
-0.10746000000000006,-0.13228000000000006
-0.12459999999999999,-0.17262000000000005
-0.021019999999999928,-0.12584
0.029859999999999998,0.12819999999999998
0.08583999999999992,-0.14548000000000005
-0.24180000000000001,-0.11308000000000007
-0.19729999999999998,-0.06956000000000007
-0.13913999999999999,0.09475999999999996
-0.11516000000000004,-0.17574000000000006
0.03854000000000002,0.09775999999999996
0.13534000000000002,-0.09822000000000003
0.23529999999999995,-0.05240000000000006
-0.024959999999999982,0.06699999999999995
-0.08750000000000002,-0.027160000000000073
-0.15768,-0.013480000000000047
0.10370000000000001,0.11287999999999998
-0.011160000000000059,-2.0000000000020002e-05
0.2128,0.04057999999999995
0.03080000000000005,0.13071999999999995
0.039000000000000035,-0.017140000000000044
0.031239999999999934,0.13641999999999999
-0.23471999999999998,-0.10952
-0.07241999999999993,-0.06106000000000006
-0.20536,-0.04474
0.2679,0.04361999999999988
0.12518000000000007,-0.16846000000000005
0.12239999999999995,0.27893999999999997
0.13296000000000008,0.2410199999999999
0.008260000000000045,-0.02640000000000009
0.22424,0.21787999999999996
-0.018919999999999937,-0.12680000000000002
0.16833999999999993,0.016859999999999986
-0.040980000000000016,-0.10352
0.20498000000000005,0.28306
-0.12843999999999994,-0.20892000000000005
-0.08292,-0.026920000000000055
0.05403999999999998,0.12939999999999996
-0.08599999999999997,-0.14064000000000004
-0.29058,-0.048800000000000066
-0.1129,-0.01654
-0.08113999999999999,-0.07918000000000008
0.15833999999999993,-0.13570000000000004
-0.20995999999999998,0.121
0.17720000000000002,-0.03742000000000001
-0.21994000000000002,-0.15086000000000005
0.18991999999999998,0.1805
-0.04247999999999996,-0.10652
0.13141999999999998,0.007199999999999984
-0.20521999999999996,0.13613999999999993
-0.09648000000000001,-0.10228000000000004
-0.1194,-0.17860000000000004
0.007920000000000038,-0.13180000000000003
-0.12316000000000005,0.17728
0.16196,0.07716
-0.29159999999999997,0.013780000000000014
0.18078000000000005,0.22639999999999993
0.02738000000000007,-0.24362
-0.13626000000000005,-0.040600000000000025
-0.14681999999999995,0.0806
-0.09166000000000007,-0.032480000000000064
-0.12172,-0.11812
0.23843999999999999,0.04037999999999997
-0.27305999999999997,0.06247999999999998
0.17153999999999991,0.08463999999999994
-0.06213999999999997,-0.013920000000000043
0.0047199999999999465,0.024539999999999895
-0.12806,-0.09006000000000008
0.18818000000000001,-0.007300000000000084
-0.05736000000000008,0.15721999999999992
0.05349999999999999,0.02076
-0.10943999999999998,0.09158
-0.0032800000000000606,-0.21974000000000005
-0.008360000000000034,-0.031420000000000003
0.17037999999999998,-0.0361800000000001
0.03427999999999998,0.11651999999999996
-0.025660000000000016,0.02639999999999998
0.05688000000000004,0.08383999999999991
-0.17183999999999994,0.007879999999999998
-0.09016000000000002,0.06928000000000001
-0.23559999999999998,-0.020040000000000058
-0.0030200000000000227,0.1462199999999999
-0.24406,-0.11910000000000004
0.21083999999999992,0.15059999999999996
0.08176000000000005,0.12336000000000003
-0.11846000000000001,-0.14178000000000007
0.031339999999999923,0.08461999999999992
-0.053360000000000074,0.13117999999999996
-0.24798000000000003,-0.10402
-0.15061999999999998,-0.09862000000000004
-0.21454,0.12717999999999996
-0.04946000000000006,-0.09666000000000008
-0.07516,-0.17584000000000005
0.0043800000000000505,0.06337999999999999
0.22819999999999996,-0.012480000000000047
-0.12356000000000006,0.14773999999999987
-0.17166000000000003,-0.14016000000000006
0.09570000000000001,0.028919999999999946
0.09928000000000003,-0.20148000000000005
0.048760000000000026,0.06057999999999997
0.22482000000000013,0.09567999999999999
-0.02512000000000003,-0.10948000000000008
-0.04730000000000001,-0.09900000000000003
-0.12983999999999996,-0.14800000000000002
0.26156,0.08496000000000004
0.18246000000000007,0.10826000000000002
-0.009239999999999915,-0.12490000000000007
0.08799999999999997,-0.14716
-0.17133999999999994,0.11195999999999995
0.17659999999999998,0.28015999999999996
-0.06153999999999993,-0.21398000000000006
-0.13243999999999995,-0.07254
0.16262,-0.16452000000000006
-0.23106,0.11259999999999992
-0.10063999999999995,0.02425999999999995
0.17628,-0.13570000000000004
-0.23809999999999998,0.03286
-0.01422000000000001,-0.11943999999999999
-0.20105999999999996,-0.017939999999999956
0.12390000000000001,0.04133999999999993
-0.11430000000000001,-0.03192000000000006
-0.09160000000000001,-0.06482000000000004
0.12038000000000004,0.09216000000000002
0.01754,0.08539999999999992
0.024560000000000026,-0.23510000000000003
-0.01417999999999997,0.10616000000000003
-0.09670000000000001,-0.021400000000000086
0.23434,0.05035999999999996
0.20340000000000003,-0.04048000000000007
-0.05553999999999992,0.044319999999999915
0.2511399999999999,0.19197999999999993
0.18766000000000005,-0.09082000000000001
-0.04852000000000001,-0.1065600000000001
-0.18975999999999998,-0.06674000000000002
0.11328000000000005,-0.17898000000000008
0.07396000000000003,-0.05800000000000005
0.07848,0.25926000000000005
0.03378000000000003,-0.17306000000000005
-0.008340000000000014,-0.19054000000000004
0.07798000000000005,0.21473999999999993
0.0928,0.07667999999999997
0.09023999999999999,0.0809399999999999
0.23563999999999996,0.005079999999999973
-0.19285999999999998,-0.10166000000000008
0.10496000000000005,0.11649999999999994
0.07626,-0.19448000000000004
0.09533999999999998,-0.013960000000000083
0.21111999999999997,-0.03918000000000005
-0.22349999999999998,-0.14346000000000003
0.20543999999999996,-0.03268000000000004
0.14603999999999995,-0.2323800000000001
0.13344,0.05943999999999994
0.12996000000000008,0.01966000000000001
-0.26746,0.11503999999999992
-0.08623999999999998,-0.19832000000000005
0.07291999999999998,0.2351399999999999
0.19369999999999998,0.10246
0.22453999999999996,-0.062340000000000007
-0.28848,-0.03326000000000007
0.19086000000000003,0.11595999999999995
-0.24431999999999998,-0.08054
-0.24184,-0.07732
-0.10976000000000002,0.14025999999999994
-0.07621999999999995,-0.14490000000000003
-0.08763999999999994,-0.013020000000000032
0.03716000000000008,-0.23740000000000006
-0.10913999999999996,-0.21378000000000008
-0.12530000000000002,0.16918
0.19010000000000005,0.07506000000000002
-0.20734000000000002,0.08565999999999996
0.09194000000000002,-0.015680000000000027
-0.018959999999999977,0.009739999999999971
-0.13333999999999996,0.17872
-0.06108000000000002,-0.12822
-0.13451999999999997,-0.18380000000000002
0.17036000000000007,-0.020280000000000076
-0.10773999999999995,-0.027060000000000084
0.13276,0.14537999999999995
-0.08016000000000001,-0.0309600000000001
0.27147999999999994,0.06738
0.08006000000000002,0.02749999999999997
0.10092000000000001,-0.15292
-0.10296000000000005,0.09899999999999998
-0.2643,-0.12250000000000005
0.11643999999999999,-0.16590000000000005
0.19984000000000002,0.0019199999999999218
-0.09756000000000004,-0.05890000000000006
-0.18666,0.08303999999999989
-0.16528000000000004,-0.04378000000000004
-0.10681999999999997,0.13079999999999992
0.02849999999999997,0.08629999999999993
0.14561999999999997,0.10285999999999995
-0.023320000000000007,0.040919999999999956
-0.11170000000000002,0.16706
-0.19782,0.10377999999999998
0.2514799999999999,0.06847999999999999
-0.10871999999999998,0.05618000000000001
0.15883999999999998,-0.006720000000000059
0.020339999999999914,0.07619999999999993
0.07008000000000003,-0.0949600000000001
0.09283999999999992,0.2552399999999999
0.15259999999999996,0.1452
0.11168,0.007839999999999958
0.14026000000000005,0.08728000000000002
-0.14578000000000002,-0.20232
0.13183999999999996,-0.19646000000000002
0.055479999999999974,-0.030500000000000083
-0.21005999999999997,-0.03324000000000005
-0.20329999999999998,-0.028939999999999966
0.20030000000000003,-0.030280000000000085
-0.17808000000000002,-0.08252000000000004
0.12932,0.28667999999999993
0.13451999999999997,0.27928
-0.26952,0.10448000000000002
-0.037839999999999985,0.0986999999999999
0.23546,0.21583999999999992
0.04842000000000002,-0.23194000000000004
-0.14743999999999996,0.07086000000000003
0.09872000000000003,0.01525999999999994
-0.02216000000000007,0.11833999999999989
0.1955,-0.007980000000000098
0.054119999999999946,0.09965999999999997
0.23996000000000006,0.0502999999999999
0.09996000000000005,-0.07056000000000007
0.11699999999999999,0.18359999999999999
0.12236000000000002,0.19413999999999987
-0.25986,0.12536000000000003
0.09399999999999997,0.29233999999999993
0.12246000000000001,0.24429999999999996
-0.25916,0.06157999999999997
-0.10593999999999998,-0.02944000000000002
0.2429,0.17603999999999986
-0.055460000000000065,0.08706000000000003
0.0020200000000000218,-0.18412
-0.10833999999999994,-0.16392
-0.2007,-0.006400000000000072
0.0262,0.01205999999999996
0.15516000000000008,0.06386000000000003
0.12918000000000007,-0.16080000000000005
0.06538,-0.21728000000000008
-0.09746000000000005,0.10507999999999995
-0.25692,-0.021320000000000006
0.1622,-0.036760000000000126
-0.05737999999999999,-0.059120000000000006
0.08686000000000005,0.32342000000000004
0.05730000000000002,-0.15992
0.07208000000000003,0.08345999999999998
-0.23996,0.04151999999999989
0.18298000000000003,-0.09608000000000005
0.20010000000000006,-0.06686000000000009
0.0038000000000000256,-0.02083999999999997
-0.10608000000000001,0.027799999999999936
-0.18985999999999997,0.17125999999999997
0.017000000000000015,-0.030500000000000083
-0.21798,-0.11182000000000003
-0.018160000000000065,-0.14576000000000006
0.21351999999999993,-0.07184000000000001
0.11463999999999996,0.04269999999999996
0.007499999999999951,-0.03758000000000006
0.06656000000000006,-0.010220000000000007
0.11072000000000004,0.023719999999999963
-0.13122,-0.15058000000000005
-0.15342,0.04081999999999997
-0.005979999999999985,0.10606000000000004
-0.18895999999999996,-0.12030000000000002
0.24427999999999994,0.10933999999999988
-0.07079999999999997,-0.04960000000000003
-0.15758,0.10916000000000003
0.26536000000000004,0.07791999999999999
0.21256000000000008,0.05343999999999993
0.04803999999999997,0.00757999999999992
-0.009399999999999964,-0.16306000000000004
-0.0028000000000000247,-0.19642000000000004
-0.14868000000000003,0.05901999999999996
-0.15003999999999995,-0.09182000000000001
-0.0044399999999999995,-0.21290000000000003
0.12478,0.01317999999999997
-0.18558000000000002,-0.06478000000000006
-0.10063999999999995,0.10421999999999998
-0.16553999999999996,-0.028939999999999966
-0.18013999999999997,-0.0034199999999999786
-0.014619999999999966,0.08065999999999995
-0.21654,0.14179999999999993
0.11973999999999996,0.14063999999999988
-0.06569999999999998,-0.019100000000000006
0.15032,0.25783999999999996
0.16178000000000003,-0.0329600000000001
0.14990000000000003,0.16418
-0.22786,0.05599999999999994
0.20958,0.13051999999999997
-0.15456000000000003,0.10206000000000004
-0.26042,-0.02102000000000004
-0.21242,-0.10932000000000003
-0.08792,-0.07112000000000002
-0.282,0.06659999999999999
-0.029320000000000013,0.09981999999999991
0.04071999999999998,0.11646000000000001
0.19578000000000007,-0.04308000000000006
-0.19179999999999997,-0.08480000000000004
-0.06918000000000002,-0.10774
0.07446000000000008,-0.028280000000000083
0.12681999999999993,0.11826000000000003
-0.16278000000000004,0.023339999999999916
0.2285600000000001,0.14666
-0.015960000000000085,-0.13066000000000005
-0.19204,-0.16906000000000004
0.0037199999999999456,0.0698399999999999
0.15727999999999998,-0.028240000000000043
-0.28378000000000003,0.035419999999999896
-0.04453999999999991,0.11353999999999986
-0.18606,0.12817999999999996
0.017220000000000013,0.02415999999999996
-0.13426000000000005,0.06251999999999991
0.08073999999999992,0.06941999999999993
0.07923999999999998,-0.07056000000000007
0.09083999999999992,0.25303999999999993
0.08388000000000007,-0.11946000000000007
-0.15418000000000004,-0.13276000000000004
0.16164,-0.15486000000000005
0.17753999999999992,-0.10583999999999999
0.10576000000000008,-0.031060000000000088
0.10609999999999997,-0.24078000000000005
-0.08419999999999994,0.037919999999999954
-0.2133,-0.041220000000000034
-0.28491999999999995,0.06653999999999993
-0.16691999999999996,-0.10772000000000004
-0.22228000000000003,-0.09138000000000007
0.17091999999999996,-0.17218000000000006
0.029939999999999967,-0.08066000000000006
0.12403999999999993,-0.24036000000000002
0.09277999999999997,0.0386399999999999
0.22231999999999996,0.007879999999999998
0.014580000000000037,-0.049780000000000046
0.18594,0.12585999999999997
-0.10428000000000004,0.10446
0.03626000000000007,-0.17050000000000004
-0.26539999999999997,-0.08782000000000001
0.04703999999999997,-0.14740000000000003
-0.08750000000000002,0.01971999999999996
-0.08830000000000005,-0.11598000000000008
-0.23004000000000002,0.01967999999999992
-0.07638,-0.07516000000000006
0.04847999999999997,-0.025500000000000078
0.011260000000000048,0.10458
0.014739999999999975,0.009560000000000013
-0.03383999999999998,0.11441999999999997
-0.10520000000000002,0.13379999999999992
-0.26184,-0.06848000000000004
0.18918000000000001,0.1634
0.08640000000000003,0.22171999999999992
0.05913999999999997,0.09207999999999994
0.05249999999999999,0.12149999999999994
0.18506,-0.08462000000000003
0.10083999999999993,0.17091999999999996
0.07172,0.08061999999999991
-0.14232,-0.17804000000000003
0.18191999999999997,0.2580199999999999
0.035780000000000034,0.14083999999999997
0.06746000000000008,0.06733999999999996
-0.011639999999999984,0.11343999999999987
0.08373999999999993,-0.020000000000000018
0.06416,-0.13694000000000006
-0.023239999999999927,-0.22252000000000005
0.08116000000000001,-0.02536000000000005
0.13061999999999996,-0.07196000000000008
0.16990000000000005,0.16823999999999995
0.051919999999999966,0.0044199999999999795
-0.02185999999999999,0.06535999999999997
0.08899999999999997,0.30909999999999993
-0.06957999999999998,-0.039100000000000024
-0.016800000000000037,0.012739999999999863
-0.17062,-0.06966000000000006
0.12102000000000002,-0.14060000000000006
-0.21818000000000004,-0.06998000000000004
0.18630000000000002,-0.05722000000000005
-0.13166000000000005,-0.033340000000000036
0.22076000000000007,0.02735999999999994
0.027980000000000005,-0.11090000000000005
0.15383999999999998,-0.21310000000000007
-0.10043999999999997,0.1503199999999999
-0.014399999999999968,-0.11676000000000009
0.16242,0.06471999999999989
0.04166000000000003,-0.07713999999999999
0.15126000000000006,-0.18558000000000008
-0.09167999999999998,-0.025580000000000047
0.08388000000000007,0.21523999999999988
0.01632,-0.07182000000000005
-0.005360000000000031,0.12957999999999992
-0.06289999999999996,-0.22268000000000004
0.044279999999999986,-0.18094000000000005
0.18356000000000006,0.08871999999999991
0.11919999999999997,-0.04518000000000005
0.20478000000000007,-0.0099800000000001
-0.02198,0.14546000000000003
-0.14888,0.12237999999999993
0.019380000000000064,0.06835999999999998
-0.08304,-0.17076000000000002
-0.25394,-0.07192000000000004
0.15181999999999995,0.26547999999999994
0.025499999999999967,-0.25848000000000004
-0.13078,0.06909999999999994
0.22940000000000005,0.20067999999999997
-0.16883999999999993,-0.08822000000000002
-0.2816,-0.033519999999999994
-0.0019000000000000128,0.03961999999999999
-0.06225999999999998,0.09193999999999991
-0.05678000000000005,0.09313999999999989
0.15583999999999998,0.12487999999999999
-0.16866000000000003,0.10221999999999998
0.20816,0.13285999999999998
-0.17428,0.12957999999999992
0.23809999999999998,0.052119999999999944
0.0026399999999999757,0.007519999999999971
-0.015639999999999987,0.06459999999999999
0.11836000000000002,0.20465999999999995
0.07020000000000004,0.13651999999999997
-0.14066,0.15537999999999996
-0.13846000000000003,0.02415999999999996
-0.26834,0.04673999999999989
-0.023279999999999967,0.08323999999999987
0.04401999999999995,-0.23258000000000006
-0.28114,0.06259999999999999
-0.1099,0.15747999999999995
-0.11223999999999995,-0.21298000000000006
0.21904,0.11958000000000002
0.16822000000000004,0.19365999999999994
0.17788000000000004,-0.09330000000000005
0.03300000000000003,0.06557999999999997
-0.047699999999999965,-0.011140000000000039
0.22108000000000005,-0.005240000000000022
-0.06856000000000007,-0.07622000000000001
-0.02837999999999996,-0.16964000000000007
-0.18041999999999997,-0.06782000000000005
0.07788000000000006,0.02635999999999994
0.16781999999999997,-0.19460000000000005
-0.10438000000000003,0.007939999999999947
-0.07948,0.05267999999999995
0.23327999999999993,0.00023999999999990695
0.21040000000000003,0.18193999999999988
-0.20568000000000003,-0.010040000000000049
0.04703999999999997,0.016999999999999904
-0.16063999999999995,-0.11618000000000006
0.18306,-0.020400000000000085
-0.18372,0.1303399999999999
0.17790000000000006,0.06467999999999996
-0.11296,-0.10566000000000009
0.21020000000000005,-0.03542000000000001
0.11509999999999998,0.19157999999999997
0.12838000000000005,0.2800999999999999
0.049760000000000026,0.11683999999999994
0.15380000000000005,-0.04954000000000003
-0.24919999999999998,-0.10082000000000002
0.10366000000000009,0.0030799999999999716
0.12978,0.0696199999999999
0.22626000000000002,0.21433999999999986
0.015120000000000022,-0.10974
-0.017060000000000075,-0.07684000000000002
0.20123999999999997,-0.025060000000000082
0.15898,-0.09552000000000005
0.07789999999999997,-0.12954000000000004
-0.19785999999999998,0.11813999999999991
-0.25551999999999997,0.11217999999999995
0.06591999999999998,-0.047740000000000005
0.23702000000000012,0.11768
-0.014619999999999966,-0.10924
-0.22596,0.08777999999999997
0.15754,-0.055540000000000034
-0.28254,0.08133999999999997
-0.016199999999999992,0.06797999999999993
-0.16618,-0.07816000000000006
-0.21018000000000003,0.026899999999999924
-0.05046000000000006,-0.034460000000000046
0.10521999999999998,0.03381999999999996
-0.005199999999999982,-0.17970000000000003
0.18158000000000007,0.2029399999999999
0.10024,0.32597999999999994
0.13371999999999995,0.034579999999999944
0.15927999999999998,-0.058060000000000056
-0.07246000000000008,-0.09738000000000008
-0.07247999999999999,-0.046680000000000055
0.11719999999999997,-0.02400000000000002
-0.19998,0.1429999999999999
-0.18311999999999995,-0.06990000000000007
0.0753600000000001,-0.17154000000000008
-0.1558,0.16823999999999995
0.06006,0.0018199999999999328
0.054219999999999935,0.014519999999999977
-0.24480000000000002,0.039980000000000016
0.21104,-0.03083999999999998
0.08798000000000006,0.11463999999999996
0.04866000000000004,0.023319999999999896
-0.032260000000000066,-0.21522000000000002
-0.17301999999999995,-0.020580000000000043
-0.11026000000000002,0.13671999999999995
0.18430000000000002,0.060739999999999905
-0.04132000000000002,-0.05600000000000005
-0.10986000000000001,-0.19304000000000004
-0.2369,-0.14360000000000006
-0.26526,0.10927999999999993
-0.15949999999999998,-0.0415600000000001
-0.13140000000000002,0.16883999999999988
-0.20238,-0.16034000000000004
0.17066000000000003,-0.11012000000000005
-0.13206,-0.04362000000000005
0.14803999999999995,0.25947999999999993
-0.17946,-0.08476000000000006
0.21172000000000002,0.22423999999999988
-0.16536,0.09083999999999992
-0.2501,-0.08822000000000002
0.04411999999999994,-0.014660000000000117
0.10309999999999997,-0.21720000000000006
-0.16248,0.12705999999999995
0.22246,0.08641999999999994
-0.20026,0.16508
-0.06691999999999998,-0.10984
-0.14232,0.07301999999999997
-0.08716000000000002,-0.19266000000000005
-0.23399999999999999,-0.08628000000000008
0.0039399999999999435,0.08561999999999992
0.11121999999999999,-0.1277600000000001
-0.10998000000000002,-0.09284000000000003
0.13706000000000007,-0.20526000000000005
0.12580000000000002,-0.22198000000000007
0.19646000000000008,-0.020060000000000078
-0.037780000000000036,-0.09902000000000005
-0.21101999999999999,-0.06042000000000003
0.12703999999999993,0.2235999999999999
-0.1466,-0.17318000000000006
0.20063999999999993,0.11136000000000001
0.021360000000000046,-0.24664000000000008
-0.10221999999999998,0.06655999999999995
-0.15873999999999994,-0.04998000000000008
-0.26621999999999996,0.012880000000000003
0.1763,0.07069999999999999
-0.1496,0.16118
-0.17570000000000002,0.054299999999999904
0.14813999999999994,-0.16002000000000005
0.15278000000000003,0.25963999999999987
-0.2138,-0.16052000000000005
0.06342000000000003,0.13032
0.17391999999999996,0.08073999999999992
-0.17462,0.15881999999999996
0.040039999999999965,-0.18466000000000005
0.15374,0.10293999999999992
0.18247999999999998,-0.14962000000000003
0.25283999999999995,0.16205999999999998
0.09616000000000002,-0.22154000000000007
-0.22902,0.03951999999999989
-0.24135999999999996,0.015199999999999991
0.02636000000000005,0.1127999999999999
0.18456000000000006,-0.06080000000000002
-0.07962000000000002,0.05515999999999999
-0.00046000000000001595,0.13266
0.020480000000000054,-0.0121
-0.062060000000000004,-0.11310000000000003
-0.13688,-0.11952000000000002
0.032380000000000075,0.005279999999999951
0.15103999999999995,-0.10660000000000003
-0.10851999999999995,-0.04958000000000007
0.026919999999999944,-0.25234000000000006
-0.16752,-0.12572000000000005
-0.14018000000000003,0.12839999999999996
-0.01193999999999995,-0.14886000000000005
0.05678000000000005,-0.06788000000000005
-0.20045999999999997,-0.07136000000000009
0.01438000000000006,-0.03964000000000001
0.07606000000000002,-0.24336000000000002
0.20543999999999996,0.12383999999999995
0.06757999999999997,-0.05016000000000009
0.25764,0.09219999999999995
0.13729999999999998,-0.20268000000000008
0.012819999999999943,-0.01538000000000006
-0.04632000000000003,-0.21352000000000004
-0.10946000000000006,-0.11946000000000007
-0.06557999999999997,0.0030000000000000027
-0.0887,-0.22206000000000004
0.12148000000000003,0.18779999999999997
0.15070000000000006,-0.16540000000000005
-0.07828000000000002,0.0046800000000000175
0.14003999999999994,-0.11543999999999999
-0.12126000000000003,0.1736399999999999
-0.26205999999999996,0.026639999999999886
0.16023999999999994,-0.14960000000000007
-0.21055999999999997,0.15976
0.18408000000000002,0.15596
-0.042219999999999924,0.03363999999999989
-0.23012,0.12707999999999997
-0.059579999999999966,0.03315999999999997
0.1553,0.02398
-0.021079999999999988,-0.19156000000000006
-0.15526,-0.13692000000000004
-0.19185999999999998,-0.15636000000000005
-0.0041799999999999615,-0.04796000000000006
-0.07382,0.016939999999999955
0.11363999999999996,-0.14108000000000004
0.16164,-0.17276000000000002
0.13213999999999992,0.012379999999999947
-0.10781999999999997,0.13373999999999997
-0.20458000000000004,0.036779999999999924
0.04359999999999997,0.13729999999999998
-0.25238,-0.08163999999999999
0.09714,0.2198
-0.22036,-0.09582000000000002
0.10750000000000004,0.047719999999999985
0.11902000000000001,-0.15470000000000006
-0.06808000000000003,-0.21956000000000003
-0.12873999999999997,-0.13710000000000006
-0.13906000000000002,-0.035820000000000074
-0.03739999999999999,-0.24370000000000003
-0.10531999999999997,0.08448
0.11793999999999993,0.251
0.18259999999999998,0.020339999999999914
0.031200000000000006,-0.24952000000000002
0.11793999999999993,0.24246
-0.10899999999999999,0.0970399999999999
-0.13973999999999998,0.08638000000000001
-0.13682,0.03811999999999993
0.12390000000000001,0.19177999999999995
0.24183999999999994,0.10736000000000001
-0.15081999999999995,-0.00763999999999998
0.25283999999999995,-0.023519999999999985
0.06281999999999999,0.04415999999999998
-0.17981999999999998,-0.05256000000000011
0.026039999999999952,0.10807999999999995
0.23586000000000007,0.18438
-0.15238000000000002,-0.13584000000000007
-0.05266000000000004,-0.15040000000000003
0.10414000000000001,0.17193999999999987
-0.14426000000000005,-0.15378000000000008
0.21186000000000005,0.20326
-0.05236000000000007,-0.03210000000000002
0.1049,0.22333999999999987
-0.2303,-0.024440000000000017
0.21050000000000002,0.10777999999999999
0.17158000000000007,0.28592000000000006
-0.18574000000000002,-0.16924000000000006
-0.08711999999999998,-0.16738000000000008
0.12671999999999994,0.04025999999999996
-0.19563999999999998,-0.030260000000000065
-0.01638000000000006,-0.10218000000000005
0.07250000000000001,0.04711999999999994
-0.14183999999999997,0.15805999999999998
0.21251999999999993,-0.03370000000000006
-0.24369999999999997,-0.10644000000000003
-0.04037999999999997,-0.24306000000000005
-0.26411999999999997,0.09977999999999998
0.06903999999999999,-0.11538000000000004
-0.23293999999999998,-0.07430000000000003
0.049719999999999986,-0.20492000000000005
0.014499999999999957,-0.07724000000000003
0.26312000000000013,0.17557999999999996
-0.18803999999999998,-0.03376000000000012
0.25856,0.18855999999999995
0.18123999999999996,-0.13012
-0.07996000000000003,-0.19646000000000002
-0.09076000000000006,-0.12994000000000006
-0.10621999999999998,0.15688000000000002
-0.008979999999999988,-0.22746000000000005
0.09043999999999996,-0.035600000000000076
-0.04746000000000006,0.11659999999999993
-0.005220000000000002,0.13988
0.06631999999999993,0.061919999999999975
0.14216000000000006,0.2941799999999999
0.12418000000000007,0.03295999999999999
0.0665,0.15098
0.2388,0.1343399999999999
-0.13058000000000003,0.005659999999999998
-0.010499999999999954,-0.07820000000000005
0.19369999999999998,-0.15344000000000008
0.14638000000000007,0.02395999999999998
-0.0262,-0.23164000000000007
-0.0034800000000000386,-0.09983999999999998
0.20786000000000004,0.1474399999999999
0.08711999999999998,0.06243999999999994
0.1028,0.2899799999999999
-0.17321999999999999,-0.07186000000000009
-0.01866000000000001,-0.15890000000000004
-0.16198,-0.10082000000000002
0.15133999999999992,0.06655999999999995
-0.2002,-0.06374000000000002
0.10943999999999998,-0.11498000000000008
-0.15036000000000005,0.13605999999999996
0.21656000000000009,-0.07224000000000003
0.08733999999999997,-0.13664000000000004
0.22426000000000001,0.20286000000000004
0.11397999999999997,0.08453999999999995
0.11083999999999994,0.28986
0.2447799999999999,-0.034619999999999984
-0.21173999999999998,-0.14694000000000007
0.20211999999999997,0.28522000000000003
0.031079999999999997,0.05296000000000001
0.09511999999999998,-0.08608000000000005
0.07236000000000009,0.2982799999999999
-0.011819999999999942,0.019999999999999907
-0.05799999999999994,-0.11724000000000001
0.04368000000000005,0.04056000000000004
-0.17613999999999996,0.050939999999999874
0.02310000000000001,-0.25304000000000004
-0.10848000000000002,-0.09508000000000005
-0.11212,0.0020199999999999108
-0.04393999999999998,-0.18810000000000004
0.20241999999999993,-0.1171600000000001
0.20663999999999993,0.1298999999999999
0.04723999999999995,-0.06206000000000006
0.019519999999999982,0.007239999999999913
0.04127999999999998,-0.12874000000000002
0.17008,0.024939999999999962
-0.24619999999999997,0.11080000000000001
0.0041200000000000125,-0.14360000000000006
0.19496000000000002,-0.10132000000000002
0.12516000000000005,0.2665399999999999
0.10158,-0.20726000000000006
0.17320000000000002,0.10946
-0.18438,0.05069999999999997
0.025060000000000082,-0.20746000000000003
0.15161999999999998,-0.22996000000000005
0.07716,-0.057060000000000055
0.17896,0.26776
0.06610000000000005,-0.05410000000000004
-0.014480000000000048,0.07045999999999997
0.16669999999999996,-0.15452000000000005
0.25293999999999994,0.05379999999999996
0.18903999999999999,-0.08104
-0.04426000000000008,0.15501999999999994
0.22860000000000003,-0.055960000000000065
0.05913999999999997,0.040839999999999876
0.14608,-0.008440000000000003
-0.18078,0.15679999999999994
0.15517999999999998,0.27013999999999994
0.11414000000000002,0.3056
0.16756000000000004,0.08883999999999992
0.14886,0.22058
0.07979999999999998,0.07767999999999997
0.08167999999999997,-0.03312000000000004
0.21248,0.11847999999999992
0.12383999999999995,0.058539999999999925
0.15098,0.2801199999999999
0.025619999999999976,0.029880000000000018
0.26182000000000005,0.0285399999999999
-0.20239999999999997,-0.025980000000000114
0.12370000000000003,-0.10600000000000004
0.18369999999999997,0.033279999999999976
-0.15463999999999994,-0.12134
-0.2791,-0.02214000000000005
0.06874000000000002,-0.02104000000000006
-0.267,-0.030200000000000005
0.19194,0.26403999999999994
0.05942000000000003,0.10101999999999989
0.058740000000000014,-0.18966000000000005
0.11063999999999996,-0.08984000000000003
0.19210000000000005,0.2019399999999999
0.11550000000000005,-0.13048000000000004
-0.029299999999999993,0.008499999999999952
-0.06952000000000003,0.12978
-0.14933999999999997,-0.044380000000000086
0.16876000000000002,-0.09742
-0.11808000000000002,-0.07972000000000001
0.20443999999999996,0.11399999999999999
-0.12256000000000006,0.1684199999999999
-0.15168000000000004,0.16845999999999994
0.17628,-0.026060000000000083
0.10002,0.11321999999999999
0.06463999999999992,-0.25492000000000004
-0.07320000000000004,-0.17298000000000008
0.03827999999999998,-0.25810000000000005
0.17206,0.27906
-0.02076,-0.16852
-0.20301999999999998,0.13053999999999988
-0.24266,-0.01660000000000006
-0.2429,0.017780000000000018
-0.24906,0.011479999999999935
0.09477999999999998,0.07350000000000001
-0.04743999999999993,0.15657999999999994
0.11380000000000001,-0.06690000000000007
-0.28896,0.0754999999999999
-0.26264,-0.05414000000000002
0.07063999999999993,-0.23936000000000002
0.10387999999999997,0.08706000000000003
-0.21836,0.0676199999999999
-0.2229,-0.10032000000000002
-0.09883999999999998,0.07299999999999995
-0.04691999999999996,0.05918000000000001
-0.21126,-0.07820000000000005
-0.11123999999999995,-0.04750000000000004
0.13590000000000002,0.23646
0.15648000000000006,-0.14256000000000002
-0.0047199999999999465,-0.23510000000000003
-0.06131999999999993,-0.03954000000000002
0.19948,-0.05232000000000003
-0.013020000000000032,-0.24064000000000008
-0.1637,0.044319999999999915
-0.16698000000000002,-0.0045800000000000285
0.0753600000000001,-0.25484000000000007
-0.00985999999999998,-0.11662
0.055420000000000025,0.28212000000000004
0.042039999999999966,0.026499999999999968
0.10348000000000002,-0.14728000000000008
0.2499,0.18928
-0.26458000000000004,0.08338000000000001
-0.1361,0.10119999999999996
0.13549999999999995,-0.15840000000000004
-0.06784000000000001,-0.13534000000000007
-0.15128000000000003,-0.11236000000000007
0.18218,-0.008980000000000099
0.23460000000000003,-0.0023400000000000087
-0.056479999999999975,0.11317999999999995
0.13926000000000005,0.01757999999999993
-0.09489999999999998,-0.09966000000000008
0.21758,0.014539999999999886
0.12229999999999996,0.22061999999999993
0.16911999999999994,-0.044860000000000066
-0.18236000000000002,-0.08534000000000003
0.03700000000000003,-0.13888000000000006
-0.12451999999999996,-0.05634
-0.19541999999999998,0.15539999999999998
0.15213999999999994,0.18719999999999992
0.11887999999999999,0.03823999999999994
0.14464,0.04233999999999993
0.07826,-0.023639999999999994
-0.05066000000000004,0.015199999999999991
-0.13433999999999996,-0.09673999999999999
0.25834,0.11556
0.057599999999999985,0.1332199999999999
0.15769999999999995,-0.20886000000000005
-0.11091999999999996,-0.050500000000000045
-0.16458,-0.10216000000000008
-0.28254,0.025639999999999885
-0.16759999999999997,0.13893999999999995
-0.18133999999999995,-0.14206000000000002
0.09663999999999995,0.2109399999999999
0.21658,0.020379999999999954
-0.23275999999999997,0.0828199999999999
0.09198000000000006,0.054319999999999924
-0.18885999999999997,0.14347999999999994
0.12968000000000002,-0.04240000000000005
0.03868000000000005,-0.24670000000000003
0.05937999999999999,-0.21690000000000004
-0.01859999999999995,-0.07342000000000004
0.14870000000000005,-0.032220000000000026
0.06747999999999998,0.07021999999999995
-0.13421999999999995,0.17583999999999989
0.08811999999999998,-0.18246
0.0045399999999999885,0.09138000000000002
-0.027619999999999978,0.05015999999999998
0.14068000000000003,0.23351999999999995
-0.16806000000000004,-0.07188000000000005
-0.16956000000000004,0.034359999999999946
0.08967999999999998,0.28347999999999984
-0.11380000000000001,0.10259999999999991
-0.22802,0.021399999999999975
0.19918000000000002,-0.015280000000000071
0.15378000000000003,0.02617999999999998
0.11009999999999998,0.19331999999999994
-0.08976000000000006,-0.0006800000000000139
0.22272000000000003,-0.04144000000000003
-0.06688000000000005,0.15211999999999992
0.1523,-0.20790000000000003
-0.12853999999999993,0.17486000000000002
0.10286000000000006,0.08421999999999996
-0.059599999999999986,-0.036719999999999975
-0.27581999999999995,0.06411999999999995
-0.25592,-0.05402000000000001
0.05940000000000001,-0.12324000000000002
-0.10143999999999997,0.08807999999999994
-0.26908,-0.022540000000000004
-0.16649999999999998,0.17618
0.10116000000000003,-0.06752000000000002
-0.24838,0.06799999999999995
0.17256000000000005,-0.12798000000000004
0.042220000000000035,-0.26082000000000005
0.12981999999999994,0.03945999999999994
0.19098000000000004,0.10461999999999994
0.22131999999999996,0.07511999999999996
0.11971999999999994,-0.18688000000000005
-0.04811999999999994,-0.20696000000000003
-0.02527999999999997,-0.005820000000000047
-0.03378000000000003,-0.052000000000000046
-0.12782,-0.13112000000000001
0.023739999999999983,-0.013080000000000092
0.21876000000000007,0.06743999999999994
0.18386000000000002,0.023379999999999956
0.15478000000000003,-0.22516000000000003
0.08230000000000004,-0.12562
-0.26168,-0.13942000000000004
-0.26921999999999996,-0.07053999999999999
0.23083999999999993,0.21641999999999995
0.13251999999999997,0.2097
-0.11106000000000005,-0.11682000000000003
-0.11683999999999994,-0.05792000000000003
-0.25142,-0.030280000000000085
-0.15088000000000001,0.12961999999999996
-0.20201999999999998,-0.04733999999999999
0.16858000000000006,0.05791999999999997
-0.020120000000000027,0.13005999999999995
0.049880000000000035,0.02623999999999993
0.08660000000000001,0.05479999999999996
0.18994,-0.06330000000000002
0.11061999999999994,-0.21566000000000002
-0.03205999999999998,-0.11034
-0.06467999999999996,-0.13548000000000004
0.13470000000000004,0.0048199999999999354
-0.14273999999999998,-0.10798000000000008
0.0474,-0.03314000000000006
0.005099999999999993,-0.22952
0.13129999999999997,0.07239999999999991
-0.16703999999999997,-0.18076000000000003
-0.04743999999999993,0.12241999999999997
-0.09079999999999999,-0.054320000000000035
0.256,0.20565999999999995
-0.16798000000000002,0.09263999999999994
-0.24318,0.07053999999999994
0.08091999999999999,-0.057640000000000025
-0.10302,-0.04064000000000001
0.20748,-0.05902000000000002
-0.2807,0.014599999999999946
-0.22918,0.03527999999999998
0.06891999999999998,0.03291999999999995
0.15013999999999994,0.05371999999999999
0.12344,-0.08894000000000002
-0.11316000000000004,-0.03824000000000005
-0.07435999999999998,0.11605999999999994
-0.14818000000000003,-0.03328000000000009
0.08809999999999996,-0.21970000000000006
-0.08801999999999999,0.09606000000000003
0.23503999999999992,0.06889999999999996
0.09721999999999997,-0.09892000000000001
-0.10649999999999998,0.04853999999999992
0.18081999999999998,-0.12684
0.007319999999999993,-0.1753800000000001
-0.047599999999999976,0.032379999999999964
-0.28864,-0.009580000000000033
0.02173999999999998,-0.23498000000000008
0.07225999999999999,-0.18794000000000005
0.09404000000000001,-0.005160000000000053
-0.24716,-0.014960000000000084
0.05618000000000001,-0.020199999999999996
-0.006680000000000019,-0.10680000000000006
-0.22491999999999995,0.056539999999999924
0.14522000000000002,-0.09988000000000008
0.12581999999999993,-0.20824000000000004
0.2553200000000001,0.1545399999999999
-0.07391999999999999,0.05379999999999996
-0.09746000000000005,-0.11538000000000004
0.05288000000000004,0.055339999999999945
0.09023999999999999,0.0027999999999999137
-0.12908000000000003,-0.17702
0.11031999999999997,-0.17030000000000006
0.1462,-0.06474000000000002
0.20398000000000005,0.07047999999999999
0.0015600000000000058,-0.07738000000000006
-0.023660000000000014,-0.10683999999999999
0.052059999999999995,-0.0013199999999999878
0.23050000000000004,0.03067999999999993
-0.13490000000000002,-0.19560000000000005
-0.27642,0.020319999999999894
0.07394,-0.10710000000000003
0.21551999999999993,0.0875999999999999
-0.23631999999999997,0.12705999999999995
0.131,0.19535999999999998
0.13632,-0.025720000000000076
0.12893999999999994,0.02513999999999994
-0.09128000000000003,-0.22102000000000005
-0.04621999999999993,0.05005999999999999
0.20862000000000003,-0.0047600000000000975
0.058499999999999996,-0.047800000000000065
0.08776000000000006,0.03141999999999989
0.08173999999999992,-0.10533999999999999
0.24882000000000004,0.16047999999999996
0.08743999999999996,0.2978799999999999
-0.19724000000000003,-0.11980000000000007
0.2543200000000001,0.010379999999999945
-0.017239999999999922,0.025619999999999976
-0.06598000000000004,-0.10026000000000007
-0.12133999999999995,-0.03386000000000011
-0.23288000000000003,0.035679999999999934
-0.09296000000000004,-0.1015600000000001
-0.25286,0.08445999999999998
-0.16352,0.03159999999999996
0.16759999999999997,0.1665199999999999
-0.08128000000000002,-0.06132000000000004
-0.12403999999999998,0.18538
0.12124000000000001,0.01863999999999988
-0.09526000000000001,-0.0753600000000001
-0.06042000000000003,0.1351
-0.16778000000000004,0.08553999999999995
0.049719999999999986,0.05509999999999993
0.09789999999999999,-0.01208000000000009
-0.24459999999999998,-0.06446000000000007
0.08901999999999999,0.0716199999999999
-0.03537999999999997,0.1267999999999999
0.2568600000000001,0.03273999999999988
-0.26582,-0.11968000000000006
-0.011179999999999968,0.02751999999999999
-0.2323,-0.08228000000000008
-0.04813999999999996,0.14739999999999998
0.015199999999999991,-0.013820000000000054
0.2807799999999999,0.03586
-0.25436,-0.07492000000000004
-0.09902,-0.0460600000000001
-0.15788000000000002,0.1435399999999999
-0.16263999999999995,-0.0344000000000001
-0.01633999999999991,0.03351999999999988
-0.12501999999999996,0.14061999999999997
0.05669999999999997,-0.21562000000000003
-0.048860000000000015,0.08157999999999999
0.05059999999999998,-0.17872000000000005
0.03633999999999993,-0.26566000000000006
0.27416000000000007,0.14986
-0.1594,0.11793999999999993
-0.03051999999999999,0.023560000000000025
0.17562,-0.13876000000000005
-0.15168000000000004,-0.19600000000000006
-0.20388,-0.10236000000000006
0.17756000000000005,-0.023739999999999983
0.14151999999999998,-0.051720000000000044
-0.1694,-0.02729999999999999
0.2199399999999999,0.2195999999999999
0.2502200000000001,0.11248000000000002
0.12773999999999996,0.21031999999999995
-0.02536000000000005,0.03615999999999997
0.12806000000000006,-0.24248000000000008
-0.16986,0.15327999999999997
-0.19379999999999997,0.1081399999999999
0.12529999999999997,0.26117999999999997
0.2507600000000001,0.15686
-0.02976000000000001,-0.04776000000000008
-0.09739999999999999,-0.049060000000000104
0.13838000000000006,0.30866000000000005
0.1291,-0.22476000000000002
0.09533999999999998,-0.011319999999999997
-0.05498000000000003,0.06469999999999998
-0.10568,0.05457999999999996
0.19486000000000003,0.26408
0.12496000000000007,0.20553999999999994
-0.25226,-0.11726000000000009
-0.010199999999999987,-0.016700000000000048
-0.13573999999999997,0.08061999999999991
0.09986000000000006,0.11826000000000003
-0.09258,-0.09680000000000005
-0.19194,-0.09854000000000002
-0.11301999999999995,0.06951999999999992
0.17753999999999992,0.23171999999999993
0.09431999999999996,-0.0022800000000000598
0.020419999999999994,-0.16788000000000008
0.18368000000000007,-0.09104000000000001
0.20489999999999997,0.12747999999999993
0.08909999999999996,-0.16638000000000008
0.25226000000000004,0.09363999999999995
-0.07820000000000005,-0.17674000000000006
-0.1901,0.06951999999999992
-0.08698000000000006,-0.12692000000000003
-0.04933999999999994,0.08701999999999999
-0.26844,-0.06753999999999999
0.08860000000000001,-0.23142000000000001
0.10219999999999996,0.1046999999999999
0.09911999999999999,-0.15698000000000006
0.08698000000000006,0.19743999999999995
-0.06657999999999997,0.04139999999999999
-0.17858000000000002,-0.07078000000000007
-0.11226000000000003,0.14525999999999994
-0.01085999999999998,-0.11158000000000007
0.19723999999999997,-0.14554000000000006
0.13616000000000006,0.26059999999999994
0.07250000000000001,-0.22938000000000008
0.23702000000000012,0.018019999999999925
-0.21831999999999996,0.09167999999999998
-0.21898,-0.13816000000000006
-0.11681999999999998,-0.15116000000000002
0.19608000000000003,0.05609999999999993
-0.05996000000000001,0.06265999999999994
0.15752,0.08360000000000001
0.19353999999999993,0.07076000000000005
-0.2173,-0.13158000000000009
0.13122,0.1553
0.13419999999999999,0.0958199999999999
0.24397999999999997,0.17911999999999995
0.09186000000000005,-0.20490000000000003
-0.21231999999999995,0.12371999999999994
-0.03811999999999993,-0.16212000000000004
-0.14538,0.02847999999999995
0.13276,-0.01660000000000006
-0.19498,-0.14842000000000005
-0.028119999999999923,-0.14772000000000002
-0.26061999999999996,0.03267999999999993
0.00039999999999995595,-0.21562000000000003
-0.25928,-0.12572000000000005
-0.1673,-0.14408000000000004
0.15248000000000006,-0.04024
0.11776000000000009,-0.07842000000000005
0.07911999999999997,0.0998
0.060919999999999974,-0.19840000000000002
-0.2557,0.03753999999999991
-0.04830000000000001,-0.24386000000000002
-0.049719999999999986,-0.17812
0.10387999999999997,-0.15436000000000005
-0.08751999999999993,0.034439999999999915
-0.1548,0.0021599999999999397
0.09919999999999995,-0.21684000000000003
0.07716,0.29512000000000005
-0.2118,-0.01202000000000003
-0.11093999999999998,0.16015999999999997
0.08567999999999998,0.32826
0.19668000000000008,0.28037999999999985
0.060960000000000014,0.03513999999999995
0.06384000000000001,0.2842
-0.07616,0.02281999999999995
-0.21608,-0.019620000000000082
-0.21426,-0.08782000000000001
-0.04536000000000007,-0.20514000000000004
0.10102,0.25656
-0.2712,0.006979999999999986
0.15839999999999999,-0.02534000000000003
-0.14463999999999994,0.09726000000000001
-0.12979999999999997,0.06215999999999999
0.09133999999999998,0.09496000000000004
-0.019179999999999975,-0.17572000000000004
0.25426000000000004,0.08941999999999994
-0.043279999999999985,-0.14410000000000006
-0.26211999999999996,0.08223999999999987
-0.03964000000000001,-0.11080000000000007
0.06698000000000004,0.21777999999999997
0.07698000000000005,-0.09154000000000001
0.13856000000000002,0.09875999999999996
0.08596000000000004,-0.08202000000000004
0.09741999999999995,0.08843999999999996
0.04416000000000009,-0.23834000000000005
0.11863999999999997,-0.08634000000000003
-0.031179999999999986,0.1160199999999999
0.21338000000000001,0.1603
0.14491999999999994,-0.17226000000000002
0.11226000000000003,-0.19828000000000007
0.07720000000000005,0.22238000000000002
-0.024699999999999944,-0.18770000000000003
0.05174000000000001,0.13351999999999997
-0.023320000000000007,0.046760000000000024
0.04133999999999993,-0.12484
0.26672000000000007,0.18928
0.16636000000000006,0.019119999999999915
-0.27071999999999996,0.07596000000000003
0.19496000000000002,0.11248000000000002
0.07653999999999994,-0.06944
0.04849999999999999,-0.13316000000000006
-0.21610000000000001,0.06545999999999996
0.058620000000000005,0.02741999999999989
-0.10031999999999996,-0.13582000000000005
-0.12791999999999998,-0.09344000000000002
0.10699999999999998,-0.05478000000000005
-0.07233999999999996,-0.1980800000000001
0.023419999999999996,0.11829999999999996
0.14551999999999998,0.09085999999999994
-0.05476000000000003,0.023619999999999974
0.10448000000000002,0.13185999999999998
0.14288,-0.07604
-0.1436,-0.15966000000000002
-0.07356000000000007,-0.05636000000000008
0.13983999999999996,-0.13392000000000004
0.13617999999999997,-0.00031999999999998696
-0.21702,-0.10572000000000004
0.22732000000000008,0.121
-0.15292,-0.09154000000000001
-0.06128,-0.1698800000000001
-0.10011999999999999,0.12617999999999996
0.043420000000000014,0.11239999999999994
-0.17836000000000002,-0.09208000000000005
-0.26771999999999996,0.020019999999999927
-0.18178,0.07350000000000001
0.17296,0.12053999999999987
-0.08020000000000005,-0.04842000000000002
0.11019999999999996,0.29667999999999983
0.23576000000000008,0.11526000000000003
-0.1628,-0.0016399999999999748
0.26990000000000003,0.17715999999999998
-0.0035800000000000276,0.12705999999999995
-0.26708000000000004,0.05066000000000004
-0.26932,0.09655999999999998
0.21296000000000004,0.1452199999999999
0.13628000000000007,-0.19924000000000003
-0.09151999999999993,0.10969999999999991
-0.023599999999999954,-0.06294
-0.17458,-0.13034000000000007
0.16903999999999997,0.08201999999999998
-0.03513999999999995,-0.22798000000000007
-0.27096,-0.07330000000000003
0.16058000000000006,0.11356
0.06657999999999997,0.25905999999999996
-0.05608000000000002,-0.05578000000000005
0.03168000000000004,-0.22334000000000004
-0.07798000000000005,0.016719999999999957
0.16968000000000005,0.17696
-0.28966,0.007719999999999949
0.22158,0.04366000000000003
0.08911999999999998,0.3002999999999999
0.10150000000000003,-0.17410000000000003
-0.0035399999999999876,-0.13440000000000002
0.11953999999999998,-0.17106000000000005
-0.16998000000000002,-0.15590000000000004
0.01326000000000005,-0.26606
-0.28292,0.08419999999999994
-0.08172000000000001,0.09583999999999993
-0.14836000000000005,0.03715999999999997
-0.12923999999999997,0.04955999999999994
-0.0021999999999999797,-0.21148000000000006
0.06420000000000003,0.31006
-0.1357,-0.15650000000000003
0.19442000000000004,-0.06778000000000006
-0.03056000000000003,-0.038880000000000026
0.09014,0.05231999999999992
-0.17586000000000002,-0.09108000000000005
-0.23791999999999996,-0.15044000000000007
-0.04523999999999995,-0.010400000000000076
0.23129999999999995,0.03913999999999995
-0.14996000000000004,-0.18220000000000003
0.19418000000000002,0.20709999999999995
0.20231999999999994,0.1623199999999999
0.036699999999999955,0.008439999999999892
0.13548000000000004,-0.11843999999999999
-0.04471999999999998,-0.005900000000000016
-0.15618000000000004,-0.0727600000000001
-0.040160000000000085,-0.15966000000000002
0.0008399999999999519,0.05277999999999994
0.23397999999999997,0.13141999999999998
-0.02069999999999994,-0.19766000000000006
-0.16013999999999995,-0.058780000000000054
-0.17283999999999994,-0.15380000000000005
-0.27174,-0.07608000000000004
-0.2057,0.1515399999999999
-0.20673999999999998,-0.17002
-0.08053999999999994,-0.056960000000000066
-0.16770000000000002,0.0626199999999999
0.019939999999999958,-0.06198000000000009
-0.10413999999999995,0.1364399999999999
-0.07389999999999997,-0.07404
0.06994,-0.23672000000000004
-0.15761999999999998,0.08389999999999997
-0.0023800000000000487,-0.12156000000000006
0.20562000000000002,-0.061439999999999995
-0.15263999999999994,-0.013480000000000047
-0.19604,-0.10216000000000008
0.23153999999999997,0.17211999999999994
-0.19051999999999997,0.08331999999999995
0.23729999999999996,0.17169999999999996
0.04501999999999995,0.10981999999999992
-0.14586000000000005,0.02401999999999993
-0.10626000000000002,-0.14448000000000005
-0.1592,-0.11798000000000008
-0.16748000000000002,-0.18364000000000008
-0.27144,0.04677999999999993
-0.04239999999999999,-0.06612000000000001
-0.1259,0.17215999999999998
0.20253999999999994,-0.08100000000000007
0.10119999999999996,0.06821999999999995
-0.11223999999999995,-0.11988000000000004
-0.27994,0.06506
-0.2761,0.05731999999999993
-0.08614,0.15503999999999996
0.20328000000000002,-0.0838600000000001
-0.12918000000000002,-0.10472000000000004
0.14658000000000004,0.018079999999999985
-0.22541999999999995,-0.011940000000000062
-0.08386000000000005,0.15621999999999991
-0.16638000000000003,0.07639999999999991
-0.08086000000000004,-0.14754000000000006
-0.10296000000000005,-0.09682000000000002
0.06931999999999994,-0.06548000000000004
-0.22165999999999997,0.11773999999999996
-0.047880000000000034,-0.10350000000000004
-0.18148000000000003,0.10519999999999996
0.00880000000000003,0.03195999999999999
0.08821999999999997,-0.0022000000000000908
0.18538,-0.01654
0.04369999999999996,0.022719999999999962
-0.02173999999999998,-0.01888000000000012
0.19106,-0.017839999999999967
0.09848000000000001,-0.06336000000000008
0.09383999999999992,-0.07934000000000002
0.09583999999999993,-0.061380000000000046
0.09570000000000001,0.09517999999999993
0.031279999999999974,0.06953999999999994
0.2372200000000001,-0.06018000000000007
-0.08628000000000002,-0.0011200000000000099
-0.27308,-0.12614000000000003
-0.13518000000000002,0.1288999999999999
0.022139999999999938,0.10355999999999999
0.18613999999999997,-0.09562000000000004
0.20606000000000002,0.11831999999999998
-0.27024,0.0726199999999999
-0.05730000000000002,0.07141999999999993
-0.13116000000000005,0.037639999999999896
0.10341999999999996,0.04171999999999998
0.05815999999999999,-0.23070000000000007
-0.20204,0.07199999999999995
0.1341,0.17215999999999998
-0.20618000000000003,0.0958199999999999
0.011819999999999942,-0.050839999999999996
0.16123999999999994,-0.11878000000000005
0.17300000000000004,-0.13576000000000005
0.18846000000000007,0.10616000000000003
-0.06557999999999997,-0.07640000000000002
-0.09533999999999998,-0.21668000000000004
-0.21752,0.07007999999999992
-0.13882,-0.05232000000000003
-0.26348,0.1241199999999999
-0.08309999999999995,-0.1140600000000001
0.16311999999999993,0.07155999999999996
-0.11366000000000004,-0.06556000000000006
0.14176,0.0675
0.0035800000000000276,-0.02942
0.043179999999999996,-0.042380000000000084
-0.10426000000000002,-0.20344000000000007
-0.13136000000000003,-0.06470000000000004
0.14717999999999998,0.047660000000000036
0.21043999999999996,-0.07180000000000003
0.021560000000000024,0.01737999999999995
0.20933999999999997,0.09026
-0.17312,0.1028
-0.24685999999999997,-0.09284000000000003
-0.052119999999999944,0.15993999999999997
0.11986000000000008,0.08079999999999998
0.27516000000000007,0.024899999999999922
0.024499999999999966,0.13166
-0.05806,0.04071999999999998
0.12082000000000004,-0.10583999999999999
-0.11708000000000002,0.019939999999999958
-0.05126000000000008,0.09487999999999996
-0.060899999999999954,0.13988
0.16684,-0.19926000000000005
-0.02417999999999998,0.06345999999999996
-0.24241999999999997,-0.037820000000000076
0.01534000000000002,-0.06680000000000003
0.19176000000000004,-0.08678000000000008
0.04849999999999999,0.11451999999999996
-0.20886,0.05989999999999995
-0.18356000000000006,-0.013980000000000103
0.03276000000000001,0.04166000000000003
-0.08138000000000001,0.13193999999999995
-0.007739999999999969,0.13456
0.1812600000000001,-0.09348000000000006
0.05078000000000005,0.07965999999999995
-0.22104000000000001,-0.05402000000000001
0.07840000000000003,0.04476000000000002
-0.12191999999999997,-0.05302000000000001
-0.15893999999999997,-0.02326000000000006
-0.1778,0.04723999999999995
0.03691999999999995,-0.17426000000000003
-0.21016,-0.009180000000000077
0.26870000000000005,0.1654
-0.13118000000000002,0.08509999999999995
0.21709999999999996,0.06176000000000004
-0.024599999999999955,0.05013999999999996
0.23393999999999993,0.0839399999999999
-0.19061999999999996,0.06159999999999999
-0.24230000000000002,-0.08668000000000009
0.18863999999999992,0.09326000000000001
0.08553999999999995,0.27886
-0.27818000000000004,-0.059620000000000006
-0.04693999999999998,-0.028060000000000085
-0.17803999999999998,-0.09662000000000004
-0.06763999999999992,-0.14690000000000003
-0.22383999999999998,0.1554399999999999
0.2665200000000001,0.18603999999999987
-0.046619999999999995,0.07626
-0.02980000000000005,-0.12790000000000007
-0.11130000000000001,0.1703
-0.19519999999999998,-0.09922000000000003
0.25802,0.16513999999999995
0.18166000000000004,-0.03408000000000011
-0.020039999999999947,0.03703999999999996
-0.23325999999999997,0.0688399999999999
-0.19222,-0.055580000000000074
0.18100000000000005,0.07663999999999993
0.1593,0.22917999999999994
-0.22194000000000003,0.10085999999999995
-0.04736000000000007,-0.13140000000000007
-0.19129999999999997,0.13807999999999998
-0.04021999999999992,0.11803999999999992
0.08520000000000005,-0.07430000000000003
-0.20544,0.1575399999999999
0.23017999999999994,0.027660000000000018
0.12551999999999996,-0.029120000000000035
-0.17441999999999996,-0.06638000000000005
0.0005600000000000049,0.08563999999999994
0.2519,0.08916000000000002
-0.15349999999999997,0.09727999999999992
-0.131,-0.08944000000000002
0.06579999999999997,0.045539999999999914
-0.05691999999999997,0.05003999999999997
0.05636000000000008,0.06879999999999997
-0.22752,-0.07086000000000009
0.07378000000000007,0.20233999999999996
-0.26888,0.02279999999999993
0.21926,0.12415999999999994
-0.10341999999999996,0.03049999999999997
0.08091999999999999,0.054199999999999915
-0.08331999999999995,-0.008760000000000101
-0.11549999999999999,0.03921999999999992
0.15878000000000003,0.19713999999999987
0.14881999999999995,0.029139999999999944
0.11476000000000008,-0.05406000000000011
0.06259999999999999,0.2875
0.18047999999999997,0.031019999999999937
-0.20589999999999997,-0.14678000000000008
0.03078000000000003,-0.18566000000000005
-0.17278,0.13739999999999997
0.09966000000000008,0.25166
-0.06736000000000009,-0.04424
-0.06647999999999998,0.13083999999999996
-0.09917999999999999,0.15289999999999992
0.03646000000000005,0.09555999999999998
-0.09728000000000003,0.0393
-0.20929999999999999,-0.13270000000000004
-0.06752000000000002,-0.024580000000000046
-0.24441999999999997,-0.07742000000000004
-0.19274000000000002,0.1643199999999999
0.14608,-0.0858600000000001
0.18028,0.19426
0.22119999999999995,0.10877999999999999
-0.12732,-0.17448000000000008
-0.09952,-0.0032600000000000406
-0.25826,-0.11982000000000004
-0.10858000000000001,0.15491999999999995
-0.044560000000000044,0.07328000000000001
0.13371999999999995,0.02399999999999991
0.10668,-0.12624000000000002
-0.07446000000000008,-0.12786000000000008
0.15203999999999995,-0.12818000000000007
-0.12131999999999998,0.061999999999999944
0.07572000000000001,-0.16254000000000007
-0.08848,0.12093999999999994
-0.17908000000000002,-0.005860000000000087
0.02848000000000006,0.02971999999999997
-0.09542,0.023359999999999936
0.09382000000000001,0.3159799999999999
-0.07378000000000007,0.13076
0.05684,0.042099999999999915
-0.09928000000000003,0.08077999999999996
0.10524,-0.22896000000000005
-0.12882,-0.16872000000000004
0.11973999999999996,0.015959999999999974
-0.09502,-0.12390000000000007
0.19608000000000003,0.12727999999999995
-0.22378000000000003,-0.06382000000000004
0.025000000000000022,-0.23218000000000005
0.04252,0.15586
0.07530000000000003,0.03301999999999994
0.25416000000000005,0.04037999999999997
-0.09123999999999999,0.10653999999999997
0.04686000000000001,-0.20162000000000002
-0.23712,0.13213999999999992
-0.05181999999999998,0.020079999999999987
0.16386,-0.10083999999999999
-0.03737999999999997,-0.06520000000000004
-0.11176000000000003,-0.09426000000000007
-0.024519999999999986,-0.09472000000000003
-0.07543999999999995,0.03757999999999995
0.02316000000000007,0.14891999999999994
0.10628000000000004,-0.02312000000000003
-0.11478,0.09961999999999993
0.10128000000000004,-0.18944000000000005
0.15401999999999993,-0.18054000000000003
-0.16043999999999997,-0.17898000000000008
0.24070000000000003,0.0706
-0.12287999999999999,-0.06922
0.25934,0.026579999999999937
-0.14493999999999996,-0.14368000000000009
0.04481999999999997,-0.14946000000000004
0.14164,-0.19450000000000006
-0.25118,0.12327999999999995
-0.12003999999999998,-0.10598000000000007
0.0904600000000001,0.3150799999999999
0.11834,0.28559999999999997
0.16632000000000002,0.1358999999999999
0.06825999999999999,-0.16818000000000005
0.13093999999999995,-0.019020000000000037
0.06920000000000004,-0.15344000000000008
0.0035000000000000586,-0.09126000000000006
0.09388000000000007,0.28462
-0.10309999999999997,0.04725999999999997
-0.08272000000000002,-0.18896000000000002
-0.17391999999999996,-0.1065600000000001
-0.008280000000000065,-0.16082000000000002
-0.17822,0.07626
-0.14568000000000003,-0.05198000000000008
0.05347999999999997,-0.09106000000000009
-0.16838000000000003,0.02295999999999998
-0.08621999999999996,-0.03066000000000013
-0.17558,-0.047280000000000044
-0.10421999999999998,-0.05530000000000007
-0.22118,-0.15836000000000006
0.22243999999999997,0.07786000000000004
-0.27978000000000003,0.020319999999999894
0.06600000000000006,0.11837999999999993
0.06221999999999994,0.0928
-0.10943999999999998,0.014739999999999864
-0.14843999999999996,-0.08956000000000008
0.027619999999999978,0.026660000000000017
-0.00043999999999999595,0.1261199999999999
-0.10041999999999995,0.04813999999999996
0.13716000000000006,-0.08806000000000008
-0.11223999999999995,-0.12336000000000008
-0.03537999999999997,-0.10928000000000004
-0.26742,0.08535999999999999
0.22366000000000008,0.04853999999999992
-0.05676000000000003,-0.05080000000000007
0.13160000000000005,0.33002
-0.05457999999999996,0.12063999999999997
0.09692,0.04747999999999997
0.15542,-0.025939999999999963
0.03083999999999998,0.1101399999999999
-0.025980000000000003,-0.10472000000000004
-0.11236000000000002,0.08429999999999993
-0.038819999999999966,-0.09294000000000002
-0.07543999999999995,0.11063999999999996
0.14348000000000005,-0.20374000000000003
-0.21361999999999998,0.09819999999999995
0.16593999999999998,-0.011460000000000137
-0.20121999999999995,0.061819999999999986
-0.21044000000000002,0.07813999999999988
0.07520000000000004,0.11858000000000002
0.17720000000000002,0.00649999999999995
-0.15471999999999997,0.14029999999999998
0.07913999999999999,-0.06486000000000008
-0.04403999999999997,0.1160199999999999
0.16291999999999995,-0.15178000000000008
-0.0635,-0.24120000000000003
0.07191999999999998,-0.06622
0.16664,-0.04732000000000003
-0.19344,0.09609999999999996
0.04923999999999995,0.1321
0.18976000000000004,-0.035619999999999985
-0.21449999999999997,-0.03302000000000005
0.15998,0.08955999999999997
-0.17321999999999999,0.11446
-0.06796000000000002,0.15588000000000002
-0.008979999999999988,0.10543999999999987
0.10170000000000001,0.26839999999999997
-0.09867999999999999,0.09563999999999995
0.07741999999999993,-0.02950000000000008
-0.058780000000000054,0.02207999999999999
0.19362000000000001,-0.013539999999999996
0.0010399999999999299,0.12031999999999998
0.1854,-0.02212000000000003
-0.13861999999999997,0.12581999999999993
-0.009939999999999949,-0.12240000000000006
0.07336000000000009,-0.24754000000000004
0.07350000000000001,0.044239999999999946
0.07831999999999995,-0.20516
-0.012599999999999945,0.04411999999999994
-0.28092,0.0121
-0.19971999999999995,-0.009739999999999971
0.09221999999999997,0.3089399999999999
-0.24635999999999997,0.01747999999999994
-0.03536000000000006,-0.20382
0.25224,0.1975
0.22168,0.05449999999999999
-0.08343999999999996,-0.22390000000000004
-0.0973,-0.16410000000000002
-0.0042600000000000415,-0.14206000000000002
0.014600000000000057,-0.05593999999999999
0.05952000000000002,-0.10226000000000007
0.20714,0.09783999999999993
0.12681999999999993,-0.23090000000000005
-0.23758,0.10821999999999998
0.12828000000000006,0.08143999999999996
0.00036000000000002697,0.00013999999999991797
-0.18878,0.17498000000000002
0.1947399999999999,0.04993999999999987
0.13118000000000007,-0.048300000000000065
0.01081999999999994,0.14567999999999992
0.034619999999999984,-0.07094
-0.11268,0.10493999999999992
-0.25801999999999997,0.048619999999999886
-0.17541999999999996,0.14215999999999995
0.20726,0.17699999999999994
-0.03805999999999998,0.04813999999999996
-0.010739999999999972,-0.10286000000000006
-0.22865999999999997,0.09216000000000002
0.03423999999999994,-0.16656000000000004
0.012419999999999987,-0.12878000000000006
0.09073999999999993,-0.09123999999999999
0.10311999999999999,0.12913999999999992
0.11750000000000005,0.046679999999999944
-0.08131999999999995,0.12895999999999996
0.07338,0.29235999999999995
-0.19068000000000002,0.10887999999999998
0.12586000000000008,0.14815999999999996
0.12208000000000008,-0.24652000000000002
0.25716000000000006,0.07518000000000002
-0.07198000000000004,-0.18022000000000005
-0.25161999999999995,0.04591999999999996
-0.24188000000000004,-0.04700000000000004
-0.18203999999999998,-0.08858000000000005
-0.27426,-0.03758000000000006
-0.19104,-0.13296000000000002
-0.15667999999999999,-0.11920000000000003
-0.042300000000000004,-0.11768000000000006
-0.21252,0.037739999999999885
0.19973999999999992,0.16311999999999993
0.2563,0.05408000000000002
0.031079999999999997,-0.22946000000000005
-0.14151999999999998,0.06277999999999995
0.07463999999999993,-0.04698000000000008
0.10946,0.20916
0.07288000000000006,0.12915999999999994
0.05132000000000003,-0.13478000000000007
0.17536000000000007,-0.11496000000000006
-0.02071999999999996,-0.09728000000000009
-0.1889,-0.16112000000000004
-0.23321999999999998,0.10606000000000004
-0.025619999999999976,-0.15198000000000006
0.01646000000000003,0.13295999999999997
-0.2284,-0.04622000000000004
0.0524,-0.07206000000000007
-0.20838,-0.06298000000000009
0.21362000000000003,0.1413399999999999
0.16416000000000008,0.21985999999999994
-0.1517,0.08638000000000001
-0.09596000000000005,0.03615999999999997
-0.19356,0.09283999999999992
-0.21694000000000002,-0.10176000000000007
-0.24806,0.12156
-0.10063999999999995,-0.07208000000000009
0.12216000000000005,-0.17436000000000001
0.07601999999999998,-0.16714000000000007
0.24339999999999995,0.055279999999999996
-0.025780000000000025,-0.035660000000000136
0.14436000000000004,-0.043420000000000014
-0.23414000000000001,0.00871999999999995
0.13954,-0.20738000000000006
0.14706000000000008,0.18855999999999995
-0.07830000000000004,0.021219999999999906
0.20967999999999998,0.04359999999999997
0.08084000000000002,0.29933999999999994
-0.19454,-0.053260000000000085
0.01863999999999999,-0.23016000000000003
-0.16970000000000002,-0.12796000000000007
0.10916000000000003,-0.13018000000000007
0.11651999999999996,-0.23168000000000005
-0.24235999999999996,0.08131999999999995
0.06888000000000005,0.3097
0.11814000000000002,0.12009999999999998
-0.14432,-0.19194000000000006
-0.25484,-0.11626000000000009
-0.04591999999999996,0.06518000000000002
0.1451,-0.12284
-0.17528,-0.13626000000000005
0.11787999999999998,-0.08322000000000002
0.06625999999999999,-0.17910000000000004
-0.17353999999999997,-0.14184000000000008
0.024839999999999973,-0.02193999999999996
0.07684000000000002,-0.08584000000000003
-0.006039999999999934,-0.19570000000000004
0.041039999999999965,0.14989999999999992
-0.24031999999999998,-0.023560000000000136
-0.16868,0.11185999999999996
0.011539999999999995,0.11285999999999996
0.25273999999999996,0.034599999999999964
0.19482,-0.10920000000000002
-0.03947999999999996,-0.20706000000000002
0.2583200000000001,0.04576000000000002
0.13636000000000004,0.021599999999999953
0.07830000000000004,-0.03424000000000005
0.19252000000000002,-0.05312
0.12838000000000005,-0.11238000000000009
-0.11809999999999998,0.1545399999999999
0.009739999999999971,0.14293999999999996
0.16946000000000006,-0.20446000000000003
-0.08460000000000001,0.07826
0.06833999999999996,0.21111999999999997
0.12619999999999998,0.0026199999999999557
0.11251999999999995,0.13
-0.07609999999999995,-0.012620000000000076
0.08614,0.06525999999999998
-0.01658000000000004,0.11248000000000002
0.055239999999999956,-0.04624
0.13988,0.04369999999999996
-0.22510000000000002,0.034319999999999906
-0.08976000000000006,-0.20240000000000002
0.09011999999999998,0.2805399999999999
-0.22555999999999998,0.14915999999999996
0.2378,0.19343999999999995
0.11853999999999998,0.1917399999999999
0.04805999999999999,-0.11204000000000003
-0.03817999999999999,-0.11336000000000007
-0.18201999999999996,-0.14820000000000005
-0.16181999999999996,-0.14666
-0.0252,-0.21078000000000008
-0.022719999999999962,0.03161999999999998
0.10943999999999998,0.32802
0.12873999999999997,0.31447999999999987
0.27054,0.016059999999999963
-0.11769999999999997,-0.10183999999999999
-0.19641999999999998,-0.10686000000000007
0.10228000000000004,0.29323999999999995
0.26017999999999997,0.06273999999999991
0.19263999999999992,0.0026800000000000157
0.09663999999999995,0.12563999999999986
-0.17931999999999998,0.06833999999999996
0.1804,0.15613999999999995
-0.10086,-0.13284000000000007
0.009399999999999964,-0.07704
0.09101999999999999,0.2572199999999999
0.08706000000000003,0.08096000000000003
-0.09999999999999998,-0.12944000000000006
-0.21434000000000003,0.021360000000000046
-0.03269999999999995,0.07961999999999991
0.029060000000000086,-0.011880000000000113
0.12624000000000002,-0.23682000000000003
-0.0025600000000000067,-0.02864
0.17011999999999994,0.06801999999999997
-0.09476000000000007,-0.12050000000000005
-0.053219999999999934,-0.09598000000000007
0.07008000000000003,0.06835999999999998
-0.026619999999999977,-0.19342000000000004
-0.09843999999999997,-0.12702000000000002
-0.07273999999999992,-0.14514000000000005
-0.18031999999999998,-0.04522000000000004
-0.20182,-0.12740000000000007
-0.27892,0.0011399999999999189
0.04469999999999996,0.02839999999999998
0.11236000000000002,-0.14632
0.15271999999999997,0.17667999999999995
-0.19206,0.05355999999999994
-0.14542,0.034579999999999944
0.09519999999999995,-0.12200000000000005
-0.18331999999999998,0.09153999999999995
-0.10471999999999998,0.1687399999999999
0.09192,0.28812000000000004
0.12326000000000004,-0.000140000000000029
0.14078000000000002,-0.03272000000000008
0.18616,-0.11848000000000009
-0.16343999999999997,-0.16142
0.048900000000000055,0.03151999999999988
0.24087999999999998,-0.04410000000000003
-0.23012,-0.07888000000000006
0.26464,-0.0021400000000000308
0.02426000000000006,-0.23950000000000005
-0.10031999999999996,0.07606000000000002
0.06733999999999996,0.3159799999999999
-0.2309,-0.09366000000000008
-0.22444000000000003,-0.03164
-0.10733999999999994,0.06231999999999993
0.01423999999999992,-0.13106
0.03536000000000006,0.049639999999999906
-0.17651999999999995,0.036539999999999906
0.2366799999999999,-0.02528000000000008
0.06401999999999997,-0.09338000000000007
-0.24201999999999996,-0.0010000000000000009
0.06546000000000007,0.0010000000000000009
0.09531999999999996,-0.16298000000000007
-0.15399999999999997,-0.1281600000000001
-0.19771999999999995,-0.06610000000000005
-0.02971999999999997,-0.23522000000000004
0.11482000000000003,0.1757399999999999
-0.26104,-0.12074000000000001
0.006739999999999968,-0.08982000000000001
-0.18625999999999998,0.17177999999999993
0.05708000000000002,0.01411999999999991
0.2556799999999999,0.0046599999999999975
0.15613999999999995,0.01629999999999998
0.07896000000000003,0.28313999999999995
0.10696000000000006,-0.03428000000000009
-0.11383999999999994,-0.15428000000000008
-0.051039999999999974,0.05718000000000001
-0.014979999999999993,-0.17310000000000003
0.17898000000000003,0.03293999999999997
-0.09292,0.012979999999999992
0.035519999999999996,0.14747999999999994
-0.03171999999999997,0.00021999999999988695
0.030460000000000043,-0.10792000000000002
-0.12996000000000002,0.05625999999999998
0.04180000000000006,-0.14942000000000005
-0.15589999999999998,0.09897999999999996
0.09658,0.2346999999999999
-0.03613999999999995,-0.14086000000000004
0.08853999999999995,-0.17932000000000003
-0.007319999999999993,0.09665999999999997
0.13403999999999994,-0.028120000000000034
0.11882000000000004,-0.17800000000000005
-0.15831999999999996,-0.1854800000000001
0.06008000000000002,0.29033999999999993
0.10868,-0.0218600000000001
-0.08273999999999992,-0.06628000000000006
-0.22191999999999995,-0.07594000000000001
-0.0028799999999999937,0.08811999999999998
0.08489999999999998,0.11671999999999993
-0.09136,0.13863999999999987
0.17118,0.06465999999999994
-0.012499999999999956,-0.042720000000000036
-0.24181999999999998,0.09897999999999996
-0.05032000000000003,-0.22258000000000006
-0.29038,0.07103999999999988
0.04730000000000001,-0.26386000000000004
-0.17688000000000004,0.17047999999999996
0.12183999999999995,-0.21236000000000005
-0.1054,0.020279999999999965
0.14713999999999994,0.041080000000000005
-0.05359999999999998,-0.10168000000000005
0.16493999999999998,0.028819999999999957
0.14364,-0.06580000000000003
0.0022999999999999687,0.026479999999999948
0.12148000000000003,-0.13398000000000004
-0.12879999999999997,-0.10762000000000005
0.04953999999999992,0.018079999999999985
-0.11876000000000003,-0.07153999999999999
-0.020360000000000045,0.10299999999999998
-0.06752000000000002,-0.07918000000000008
0.19256000000000006,-0.12636000000000008
0.08833999999999997,-0.12942000000000004
-0.10416000000000003,0.1747399999999999
-0.20926,0.049739999999999895
-0.028819999999999957,-0.010040000000000049
-0.21818000000000004,0.11133999999999988
-0.09853999999999996,-0.040220000000000034
-0.17498000000000002,-0.09612000000000004
-0.14326000000000005,0.13198
-0.17663999999999996,-0.11312000000000005
-0.12719999999999998,0.18465999999999994
-0.20434000000000002,0.1281199999999999
0.18430000000000002,-0.09340000000000004
-0.15971999999999997,-0.17174000000000006
0.0051800000000000734,-0.17362000000000005
0.04820000000000002,-0.18686000000000003
-0.055439999999999934,-0.08518000000000009
0.05030000000000001,-0.16082000000000002
-0.16696000000000005,0.13385999999999998
0.025639999999999996,0.12375999999999998
-0.24122,-0.020560000000000134
-0.04137999999999997,0.11526000000000003
0.08276000000000006,0.08226
0.03056000000000003,-0.0339600000000001
-0.21111999999999997,-0.08794000000000002
0.01751999999999998,-0.13510000000000005
0.07799999999999996,0.25186
-0.07433999999999996,-0.14862000000000003
-0.14923999999999998,-0.15580000000000005
0.24419999999999997,0.011660000000000004
0.10921999999999998,0.09933999999999987
0.23672000000000004,0.0849399999999999
0.11550000000000005,-0.22562000000000004
0.21366000000000007,-0.08944000000000002
-0.10578000000000004,-0.13472
0.10036,0.0738399999999999
-0.24635999999999997,-0.09566000000000008
0.08606000000000003,-0.05796000000000007
0.13951999999999998,0.25971999999999995
-0.25458000000000003,0.13268000000000002
-0.08376000000000006,-0.21136000000000005
-0.08201999999999998,0.16921999999999993
-0.10616000000000003,0.17666000000000004
-0.12636000000000003,-0.02756000000000003
0.038860000000000006,0.044359999999999955
0.02856000000000003,-0.008980000000000099
-0.12096000000000001,0.08438000000000001
0.09676000000000007,0.05559999999999998
-0.13026000000000004,0.020039999999999947
-0.0937,0.010599999999999943
0.10187999999999997,-0.17718000000000006
-0.25861999999999996,0.10111999999999999
-0.0514,0.0043799999999999395
0.06396000000000002,0.20721999999999996
0.19848,-0.06940000000000007
-0.25016,0.021379999999999955
0.10060000000000002,-0.07368000000000008
0.02412000000000003,0.012959999999999972
0.07296000000000002,0.015680000000000027
0.26712,0.007379999999999942
-0.06463999999999992,-0.08690000000000003
0.13129999999999997,0.31243999999999994
-0.008239999999999914,0.0049199999999999244
-0.14633999999999997,0.06825999999999999
0.1442,0.10009999999999997
0.13418000000000008,-0.2207800000000001
0.017260000000000053,0.06129999999999991
-0.05603999999999998,0.14617999999999998
0.23782000000000003,0.20392
0.06068000000000007,-0.05626000000000009
0.029060000000000086,0.13415999999999995
-0.11488000000000004,0.1121399999999999
0.19946000000000008,-0.10454000000000002
-0.30046,0.026599999999999957
-0.054260000000000086,0.05021999999999993
0.18021999999999994,0.14371999999999996
-0.18530000000000002,-0.13122
0.25306000000000006,-0.00036000000000002697
0.12061999999999995,0.29862
0.14300000000000002,0.20711999999999997
0.09299999999999997,-0.17156000000000005
-0.14968000000000004,-0.12656000000000006
0.04156000000000004,-0.16742
0.13692000000000004,0.14861999999999997
-0.23946,0.11897999999999997
-0.07846000000000009,0.04561999999999988
-0.08786000000000005,-0.03712000000000004
-0.19506,-0.09636000000000006
-0.042160000000000086,-0.08326000000000006
0.017900000000000027,-0.18058000000000007
-0.05011999999999994,-0.05450000000000005
0.05908000000000002,-0.20192000000000004
0.016139999999999932,-0.24592000000000003
-0.11833999999999995,-0.19042000000000003
-0.23370000000000002,0.12529999999999997
0.08930000000000005,-0.10590000000000005
-0.18848000000000004,0.1575399999999999
-0.040200000000000014,0.09639999999999993
0.013680000000000025,-0.26310000000000006
-0.16423999999999994,0.0577399999999999
0.08010000000000006,0.05893999999999988
-0.036880000000000024,0.1049199999999999
-0.2681,-0.03926000000000007
0.07478000000000007,0.22585999999999995
-0.06384000000000001,0.15837999999999997
0.20199999999999996,-0.07750000000000007
-0.06986000000000003,-0.18476000000000004
-0.24316,-0.10170000000000007
0.13780000000000003,0.1916
-0.0746,0.02525999999999995
0.014700000000000046,-0.06356000000000006
0.19689999999999996,0.047760000000000025
-0.021320000000000006,0.09197999999999995
-0.13398,0.03808
-0.051019999999999954,-0.21112000000000003
-0.15143999999999996,-0.18480000000000002
0.10302,-0.23284000000000005
0.13403999999999994,-0.09548000000000006
-0.10752,0.03508
-0.0043400000000000105,-0.17566000000000004
-0.07640000000000002,0.10726000000000002
0.02633999999999992,-0.1587800000000001
-0.25398000000000004,-0.11318000000000006
0.07428000000000001,-0.022700000000000053
0.03203999999999996,-0.21570000000000006
0.10636000000000001,-0.16558000000000006
-0.01863999999999999,-0.24318000000000006
-0.17366000000000004,0.010619999999999963
0.11214000000000002,0.0017599999999999838
0.13183999999999996,-0.08306000000000008
0.19830000000000003,-0.05682000000000004
0.14391999999999994,-0.09444000000000002
0.2662200000000001,0.02949999999999997
0.21289999999999998,0.024719999999999964
0.16188000000000002,0.3032999999999999
0.1529600000000001,-0.07924000000000003
-0.1421,-0.13920000000000005
-0.25004,-0.009860000000000091
0.059699999999999975,-0.15790000000000004
-0.22581999999999997,0.12363999999999997
-0.09116000000000002,-0.21234000000000003
0.19553999999999994,-0.08948000000000006
-0.15793999999999997,-0.16930000000000006
-0.20632,0.08855999999999997
-0.28724,-0.03614000000000006
-0.1602,0.10293999999999992
0.03281999999999996,-0.058620000000000005
-0.09610000000000002,0.09419999999999995
0.08982000000000001,-0.09634000000000004
-0.16131999999999996,0.009680000000000022
0.18513999999999997,0.12861999999999996
0.12060000000000004,-0.01534000000000002
-0.20085999999999998,0.1372199999999999
-0.06628,-0.08204
0.08498000000000006,-0.09922000000000003
0.08804000000000001,-0.24310000000000004
0.049839999999999995,0.15447999999999995
0.23297999999999996,0.11437999999999993
0.14081999999999995,0.014839999999999964
-0.07848,-0.08012000000000002
-0.053139999999999965,-0.021300000000000097
0.07540000000000002,-0.15970000000000006
0.08153999999999995,-0.19216000000000005
0.15444000000000002,0.3019799999999999
-0.25051999999999996,0.1177999999999999
-0.20308000000000004,0.12247999999999992
-0.26888,-0.01666000000000012
0.0033400000000000096,-0.012539999999999996
-0.1517,-0.18740000000000007
-0.09670000000000001,0.1667399999999999
-0.10578000000000004,0.1544399999999999
0.05700000000000005,-0.17416000000000004
-0.17016000000000003,0.08683999999999992
0.17501999999999995,0.12331999999999999
0.043339999999999934,-0.08212000000000003
0.20488000000000006,-0.09568000000000004
0.07753999999999994,0.11248000000000002
-0.27248,-0.021419999999999995
-0.03436000000000006,-0.09522000000000003
0.02303999999999995,0.08951999999999993
0.0031800000000000717,-0.17096000000000006
-0.04453999999999991,-0.2484800000000001
0.25262000000000007,0.12741999999999998
0.15298,-0.12550000000000006
-0.16602,0.14625999999999995
0.10453999999999997,-0.19150000000000006
0.16798000000000002,0.17253999999999992
0.07094,0.06047999999999998
0.24826000000000004,0.021339999999999915
-0.09560000000000002,-0.16174000000000005
-0.11933999999999995,-0.08510000000000006
0.02833999999999992,-0.07754
-0.16218,-0.06152000000000002
-0.19348000000000004,0.11069999999999991
-0.057560000000000056,-0.19748000000000004
0.024980000000000002,0.03315999999999997
-0.2837,0.049919999999999964
-0.21674,-0.14510000000000006
-0.16266000000000003,0.07223999999999997
-0.1336,0.04577999999999993
0.16103999999999996,0.18189999999999995
-0.07977999999999996,-0.12910000000000005
-0.017279999999999962,-0.0354000000000001
-0.0049600000000000755,-0.05038000000000009
-0.20192,0.020999999999999908
0.09394000000000002,-0.11643999999999999
0.011120000000000019,-0.13754000000000005
0.07399999999999995,-0.11886000000000008
0.08341999999999994,0.28066
0.07221999999999995,0.03288000000000002
-0.1271,-0.1476800000000001
0.0026000000000000467,0.038880000000000026
0.24460000000000004,0.10197999999999996
-0.06513999999999998,-0.04250000000000004
-0.18808000000000002,0.15108
0.04501999999999995,0.03793999999999986
-0.17744,-0.10290000000000005
-0.13122,-0.07010000000000005
-0.056460000000000066,-0.0035399999999999876
0.20894000000000001,0.03751999999999989
-0.16768,0.07151999999999992
-0.16981999999999997,-0.08158000000000004
-0.042059999999999986,-0.20688000000000006
-0.26838,-0.02760000000000007
0.03849999999999998,0.05993999999999988
-0.12283999999999995,-0.19424000000000008
-0.23514000000000002,-0.008020000000000027
0.14781999999999995,-0.11010000000000003
-0.14432,-0.10954000000000003
0.06253999999999993,-0.16286000000000006
-0.2568,0.0403
0.16452,0.10273999999999994
-0.12848000000000004,0.0727199999999999
0.01193999999999995,0.10987999999999998
-0.17259999999999998,-0.056520000000000015
0.03512000000000004,-0.21386000000000005
-0.20551999999999998,-0.13230000000000003
-0.025540000000000007,-0.24836000000000003
0.04366000000000003,0.1277999999999999
-0.22064,-0.01866000000000012
0.12550000000000006,-0.18984000000000006
-0.24722,-0.14086000000000004
0.09426000000000001,-0.21910000000000007
-0.26876,-0.035739999999999994
0.20420000000000005,0.04623999999999995
0.11053999999999997,0.012639999999999874
-0.28252,0.039779999999999927
0.20878000000000008,0.04915999999999998
0.023960000000000092,-0.06382000000000004
0.16620000000000001,-0.17564000000000007
0.009380000000000055,-0.24946000000000002
-0.17623999999999995,-0.19048000000000004
-0.015599999999999947,-0.14430000000000004
-0.22802,0.049779999999999935
0.04259999999999997,-0.24052
-7.999999999996898e-05,-0.060900000000000065
0.21052000000000004,0.08235999999999999
0.11299999999999999,0.05577999999999994
-0.21016,-0.014780000000000015
0.20453999999999994,-0.007400000000000073
-0.19018000000000002,0.14963999999999988
-0.17883999999999994,-0.13726000000000005
0.08728000000000002,-0.06880000000000003
-0.18845999999999996,0.04283999999999988
0.11571999999999993,0.05501999999999996
0.06788000000000005,-0.22236000000000006
0.06952000000000003,0.01651999999999998
-0.010660000000000003,-0.21450000000000002
-0.013480000000000047,-0.13148000000000004
0.12312000000000001,-0.07770000000000005
-0.11349999999999999,-0.057120000000000004
-0.13551999999999997,0.07407999999999992
0.09682000000000002,-0.11592000000000002
0.07316,0.14317999999999997
0.06347999999999998,-0.07450000000000007
-0.21802,-0.039400000000000046
0.12839999999999996,0.29822000000000004
-0.11336000000000002,0.1764
-0.06273999999999991,-0.09126000000000006
-0.07650000000000001,-0.20810000000000006
0.1993600000000001,-0.13936000000000004
0.23167999999999989,0.05715999999999999
-0.11158000000000001,0.041059999999999985
-0.15568000000000004,-0.17570000000000002
0.12106000000000006,0.20723999999999987
-0.15066000000000002,-0.0230800000000001
0.23963999999999996,-0.02512000000000003
0.12039999999999995,0.23311999999999988
-0.10023999999999994,0.12069999999999992
0.056400000000000006,0.08091999999999988
0.12173999999999996,0.32533999999999996
0.18903999999999999,-0.04314000000000001
-0.12978,-0.07670000000000005
0.04905999999999999,0.08475999999999995
-0.042019999999999946,-0.12828000000000006
-0.14479999999999998,-0.09833999999999998
0.19288000000000005,0.27966
0.041220000000000034,0.0697199999999999
0.17174,-0.19900000000000007
0.006680000000000019,-0.08252000000000004
0.05378000000000005,-0.23464000000000007
-0.0031600000000000517,-0.16308000000000006
-0.02851999999999999,0.03645999999999994
0.10676000000000008,-0.15396000000000004
0.16848000000000007,0.028859999999999997
-0.14643999999999996,0.08375999999999995
0.15803999999999996,0.21126
0.27047999999999994,0.026660000000000017
0.21292,0.15556000000000003
0.13556,0.06541999999999992
0.17830000000000001,-0.14350000000000007
0.11097999999999997,-0.043420000000000014
0.10292000000000001,-0.17976000000000003
0.034640000000000004,-0.019060000000000077
0.12703999999999993,0.33246
-0.03078000000000003,0.07333999999999996
0.20736,0.1997199999999999
-0.07788000000000006,-0.0021200000000000108
-0.06652000000000002,0.011059999999999959
-0.06172,-0.1065600000000001
-0.19971999999999995,-0.11978000000000005
-0.03691999999999995,0.10795999999999994
0.07784000000000002,-0.13806000000000002
-0.16521999999999998,-0.013660000000000116
0.07388000000000006,-0.19022
0.19853999999999994,0.11369999999999991
0.1398600000000001,-0.14380000000000004
-0.15161999999999998,0.07616
0.25506000000000006,0.18799999999999994
0.17969999999999997,-0.11906000000000005
0.19466000000000006,0.13591999999999993
-0.188,-0.14250000000000007
0.18359999999999999,-0.16268000000000005
0.011860000000000093,-0.23832000000000003
-0.01746000000000003,-0.20284000000000008
-0.06573999999999991,0.026579999999999937
0.07338,-0.10432000000000002
0.14136000000000004,0.0035399999999998766
-0.22581999999999997,-0.10004000000000002
0.11119999999999997,0.03927999999999998
-0.09089999999999998,0.047619999999999885
0.12397999999999998,-0.0030200000000000227
-0.07663999999999993,0.030019999999999936
-0.24108000000000002,-0.14894000000000007
-0.15768,-0.028000000000000025
-0.17070000000000002,-0.030360000000000054
-0.11180000000000001,-0.04090000000000005
0.13742,0.17935999999999996
-0.042360000000000064,0.007699999999999929
-0.2051,-0.016880000000000117
-0.09421999999999997,-0.19050000000000006
-0.02856000000000003,-0.04433999999999999
0.09467999999999999,-0.033580000000000054
0.0030999999999999917,-0.000980000000000092
0.15571999999999997,-0.09006000000000008
-0.18630000000000002,0.10177999999999998
-0.14798,-0.05032000000000003
-0.30582,0.033239999999999936
0.10276000000000007,-0.20430000000000004
0.14956000000000003,0.15746000000000004
0.09883999999999993,-0.22112000000000004
0.014480000000000048,0.03921999999999992
-0.18123999999999996,0.017199999999999993
-0.01746000000000003,0.11519999999999997
0.061840000000000006,-0.08494000000000002
-0.0046199999999999575,-0.19326000000000004
-0.031460000000000043,-0.009340000000000015
0.06218000000000001,-0.12268000000000007
-0.19075999999999999,0.05118
0.24682000000000004,0.15718
0.036860000000000004,0.03621999999999992
0.21466000000000007,0.13168000000000002
-0.07846000000000009,-0.17350000000000004
0.20056000000000007,0.025899999999999923
0.26447999999999994,0.06697999999999993
0.13771999999999995,0.0514
0.05496000000000001,-0.13156
-0.06881999999999999,-0.2232800000000001
-0.1387,0.14339999999999997
0.11638000000000004,-0.12400000000000005
0.16966000000000003,-0.07072
0.24962000000000006,0.12309999999999999
-0.24251999999999996,0.11553999999999987
0.08467999999999998,-0.03278000000000003
-0.0041600000000000525,0.06145999999999996
0.14222,0.16203999999999996
0.16298,0.26352
0.08596000000000004,0.06811999999999996
-0.02517999999999998,-0.09006000000000008
-0.19324000000000002,-0.17636000000000002
0.032179999999999986,-0.20992000000000005
-0.2661,-0.0038600000000000856
0.25246,0.15843999999999991
0.010440000000000005,-0.060280000000000056
0.024599999999999955,-0.22548000000000007
-0.2749,0.08075999999999994
-0.17772,-0.0354000000000001
0.22846,0.17206
0.010560000000000014,-0.18218000000000006
0.05559999999999998,-0.25656
0.19191999999999998,0.040159999999999973
0.21076000000000006,-0.10582000000000003
0.08282,-0.011200000000000099
-0.2203,0.05001999999999995
-0.16799999999999998,-0.036700000000000066
0.11541999999999997,0.08181999999999989
0.06442000000000003,-0.1607800000000001
0.033439999999999914,-0.005920000000000036
-0.12053999999999998,-0.12070000000000003
0.24842000000000009,0.18596000000000001
0.02436000000000005,-0.0016200000000000658
0.11414000000000002,0.14223999999999992
-0.16908,-0.10312000000000004
0.08938000000000001,0.06406
-0.18956,0.10651999999999995
-0.19478,0.07497999999999994
-0.08876000000000006,-0.16978000000000004
-0.26105999999999996,0.05581999999999998
-0.05611999999999995,-0.23124000000000006
-0.20732,-0.018220000000000014
-0.043260000000000076,-0.22946000000000005
0.12234,0.21165999999999996
0.009180000000000077,-0.014800000000000035
0.13423999999999991,0.11569999999999991
-0.2676,0.07561999999999991
-0.25364000000000003,0.0034399999999998876
0.08882000000000001,-0.09940000000000004
0.14983999999999997,0.17477999999999994
0.07130000000000003,-0.10858000000000007
0.06289999999999996,-0.19304000000000004
-0.28756,-0.05736000000000008
0.11758000000000002,-0.014480000000000048
0.10986000000000007,0.10649999999999993
0.12338000000000005,0.18189999999999995
-0.059539999999999926,-0.07188000000000005
-0.05393999999999999,-0.05790000000000006
-0.0045800000000000285,-0.10454000000000002
0.04849999999999999,0.015179999999999971
0.11377999999999999,0.23781999999999992
-0.08118000000000003,0.010339999999999905
0.05252000000000001,-0.01324000000000003
0.02729999999999999,-0.039500000000000035
0.21876000000000007,-0.027680000000000038
-0.2698,0.06381999999999999
0.11383999999999994,-0.020260000000000056
0.13449999999999995,-0.13804000000000005
0.09153999999999995,0.05696000000000001
-0.1936,0.10248000000000002
0.27422000000000013,0.14686
0.10292000000000001,-0.17052
0.22368,0.19631999999999994
0.013979999999999992,-0.25814000000000004
0.13734000000000002,0.14591999999999994
-0.11227999999999999,0.0759399999999999
-0.047680000000000056,0.09251999999999994
0.09956000000000009,-0.08232
0.047740000000000005,-0.00556000000000012
-0.04039999999999999,-0.20466000000000006
-0.2001,0.0035800000000000276
-0.11763999999999997,0.1231199999999999
0.09953999999999996,0.28242
-0.16799999999999998,-0.008200000000000096
0.07286000000000004,-0.12502000000000002
0.12497999999999998,0.09871999999999992
0.07391999999999999,0.10716000000000003
0.13532,0.04619999999999991
0.20130000000000003,-0.000260000000000038
0.19578000000000007,0.09797999999999996
0.18120000000000003,-0.10370000000000007
-0.12768000000000002,-0.020080000000000098
-0.04488000000000003,0.031079999999999997
0.23660000000000003,0.06433999999999995
-0.29888000000000003,-0.03388000000000002
0.06474000000000002,0.020499999999999963
0.09872000000000003,-0.15014000000000005
-0.14801999999999998,0.11458000000000002
0.19888000000000006,0.05911999999999995
0.03743999999999992,0.11341999999999997
0.10733999999999999,0.07923999999999987
-0.049719999999999986,0.06037999999999999
-0.0036199999999999566,-0.10904000000000003
0.1459600000000001,0.020519999999999983
0.20226,-0.003980000000000095
-0.1905,0.07628000000000001
0.13207999999999998,-0.05128000000000005
-0.1049,0.11033999999999988
-0.08316000000000001,0.09263999999999994
0.07096000000000002,0.05401999999999996
0.017199999999999993,-0.24824000000000007
0.21663999999999994,0.13703999999999994
-0.21344000000000002,0.09275999999999995
-0.11363999999999996,-0.12792000000000003
0.17353999999999992,-0.025660000000000127
-0.08388000000000007,0.12363999999999997
-0.0952,-0.09006000000000008
0.14754,0.07099999999999995
0.01193999999999995,0.025679999999999925
0.26439999999999997,0.10293999999999992
-0.056660000000000044,0.03163999999999989
-0.17256000000000005,-0.09556000000000009
0.02085999999999999,-0.07334000000000002
0.05349999999999999,-0.07826000000000011
-0.25026,0.04841999999999991
0.06333999999999995,0.0042799999999999505
0.13613999999999993,-0.21778000000000008
0.18779999999999997,-0.12428000000000006
-0.18096,0.07087999999999994
-0.27748,0.08557999999999999
-0.03520000000000001,-0.19184000000000007
-0.031000000000000028,-0.01544000000000001
0.19328,0.028679999999999928
0.09488000000000008,0.2991999999999999
-0.04391999999999996,-0.07794000000000001
0.16801999999999995,0.022639999999999882
0.14132,-0.09786000000000006
0.08856000000000008,0.09848000000000001
-0.09228000000000003,-0.02860000000000007
-0.20998,-0.12114000000000003
0.14103999999999994,0.10006000000000004
0.11528000000000005,-0.14558000000000004
0.11599999999999999,0.09313999999999989
0.23134,0.21055999999999997
-0.12176000000000003,-0.04986000000000007
-0.2177,-0.14908000000000005
-0.18288,-0.16868000000000005
0.030380000000000074,-0.13270000000000004
-0.013060000000000072,-0.22424000000000005
-0.11362,0.11505999999999994
0.06252000000000002,-0.07174000000000003
-0.2608,0.00041999999999997595
-0.16508,0.13131999999999988
-0.017859999999999987,-0.027080000000000104
-0.2561,0.0023999999999999577
-0.22246,0.0026800000000000157
0.01966000000000001,-0.11790000000000006
-0.26566,-0.022560000000000136
-0.23665999999999998,0.11909999999999998
-0.13829999999999998,-0.01108000000000009
-0.14100000000000001,-0.09744000000000003
0.026000000000000023,-0.09778000000000009
-0.17470000000000002,-0.06368000000000007
-0.06620000000000004,0.12039999999999995
0.026120000000000032,0.061839999999999895
0.06228,0.13326000000000005
0.20738,-0.022320000000000007
0.25502,-0.028200000000000003
0.05636000000000008,-0.07920000000000005
0.15368000000000004,-0.14378000000000007
-0.17383999999999994,-0.13858000000000004
0.056520000000000015,0.01967999999999992
-0.23948000000000003,-0.049280000000000046
0.17743999999999993,0.02167999999999992
0.25336000000000003,0.09758
-0.21881999999999996,-0.10380000000000006
0.05123999999999995,0.041179999999999994
0.13444,0.017679999999999918
0.2395799999999999,-0.011820000000000053
0.043480000000000074,-0.17080000000000006
0.07278000000000007,-0.003980000000000095
0.26936000000000004,0.11946000000000001
-0.0008399999999999519,-0.07584000000000002
0.2284799999999999,-0.07600000000000007
-0.26984,-0.06582000000000005
-0.11716000000000004,-0.046140000000000014
0.029320000000000013,0.07309999999999994
0.09873999999999994,-0.10752
-0.0036399999999999766,0.06906000000000001
-0.028100000000000014,-0.0046200000000000685
0.20682,-0.07044
0.27054,0.04466000000000003
0.24972000000000005,-0.031180000000000097
0.034480000000000066,-0.12880000000000003
0.03471999999999997,-0.11698000000000008
0.029880000000000018,-0.18832000000000004
-0.05557999999999996,-0.19150000000000006
0.10216000000000003,-0.04898000000000008
-0.05923999999999996,-0.026700000000000057
0.09443999999999997,-0.24486000000000002
-0.017179999999999973,-0.04462000000000005
0.20694,0.08855999999999997
0.028380000000000072,0.12491999999999992
-0.027939999999999965,-0.17816000000000004
0.22893999999999992,0.16408
-0.016919999999999935,-0.21262000000000003
-0.16453999999999996,0.08141999999999994
-0.026719999999999966,0.007379999999999942
-0.056499999999999995,-0.0252
-0.22271999999999997,0.0809399999999999
0.14203999999999994,0.03421999999999992
-0.11926000000000003,0.007119999999999904
0.20410000000000006,-0.10052000000000005
-0.0046199999999999575,-0.030160000000000076
-0.13332,0.12437999999999994
-0.09831999999999996,-0.11000000000000004
0.19233999999999996,0.16249999999999998
-0.02943999999999991,-0.0021800000000000708
-0.017819999999999947,0.027959999999999985
0.21689999999999998,0.2135999999999999
-0.1856,0.03408
0.1068,-0.016980000000000106
0.10909999999999997,-0.09554000000000001
0.25864,0.043159999999999976
0.1933600000000001,0.17028
0.014979999999999993,0.14098
0.11024,-0.20602000000000004
0.09518000000000004,0.09789999999999999
0.15848000000000007,0.20563999999999993
0.09499999999999997,-0.10683999999999999
0.20948,0.08523999999999987
0.15100000000000002,0.09616000000000002
0.03432000000000002,-0.19536000000000003
0.15600000000000003,-0.10022000000000003
0.16837999999999997,0.24471999999999994
0.18188000000000004,0.06843999999999995
0.15266000000000002,0.21577999999999997
-0.17003999999999997,-0.06312000000000001
0.22030000000000005,0.14279999999999993
0.0037199999999999456,-0.016120000000000023
-0.058740000000000014,-0.11193999999999998
-0.22548,-0.02100000000000002
0.08601999999999999,-0.12778000000000006
-0.04521999999999993,-0.12402000000000002
0.04498000000000002,0.15349999999999997
0.09333999999999998,0.08219999999999994
-0.08304,-0.12282000000000004
0.13266,-0.14106000000000002
-0.20561999999999997,0.07199999999999995
-0.10273999999999994,-0.13984000000000008
0.10933999999999999,0.05347999999999997
-0.029959999999999987,0.09711999999999998
0.14908,0.27076
0.18136000000000008,0.06103999999999987
0.17684,0.25956
-0.16328000000000004,-0.041720000000000035
-0.22064,0.008859999999999979
-0.19690000000000002,-0.14002000000000003
-0.16283999999999998,0.12165999999999999
-0.19584000000000001,0.1455399999999999
-0.027660000000000018,-0.0132000000000001
0.09999999999999998,0.13078
0.19694,0.0675
0.09772000000000003,-0.14280000000000004
-0.012939999999999952,-0.16682000000000002
-0.24444,0.07551999999999992
0.14890000000000003,0.18279999999999996
-0.05343999999999993,0.06691999999999998
0.17481999999999998,0.10697999999999996
-0.23514000000000002,0.0041799999999999615
-0.11568,-0.14440000000000003
0.15696,-0.15366000000000002
0.19428,-0.14478000000000008
-0.13621999999999995,-0.12906000000000006
0.17246000000000006,0.09043999999999996
-0.13111999999999996,-0.14150000000000007
0.16500000000000004,-0.0647600000000001
-0.19992,-0.041160000000000085
-0.09458,0.15398
0.11058000000000001,0.04415999999999998
0.027260000000000062,-0.26092000000000004
-0.17746,-0.14558000000000004
0.20110000000000006,-0.10636000000000007
-0.14828000000000002,-0.007839999999999958
-0.18486000000000002,-0.16624000000000005
-0.18146,-0.11856000000000011
0.20438,0.09967999999999999
0.11997999999999998,0.04135999999999995
0.13063999999999998,-0.18572000000000005
0.0877,0.02291999999999994
0.09902,-0.18832000000000004
0.15106000000000008,0.13366
-0.26594,-0.05922000000000005
0.13639999999999997,-0.13312000000000002
0.13244,0.29089999999999994
0.14680000000000004,0.29235999999999995
-0.05221999999999993,-0.18022000000000005
0.15303999999999995,0.26793999999999996
-0.23165999999999998,-0.13284000000000007
0.19689999999999996,-0.07354
0.09133999999999998,0.23651999999999995
0.05813999999999997,0.25673999999999997
0.15491999999999995,-0.012920000000000043
0.20696000000000003,0.20575999999999994
-0.17603999999999997,0.14689999999999992
0.15633999999999992,-0.03386000000000011
0.09451999999999994,-0.01756000000000013
-0.28048,0.06033999999999995
-0.07846000000000009,-0.16464000000000006
0.17900000000000005,0.11878
0.20508000000000004,0.19153999999999993
-0.17391999999999996,-0.16608000000000006
0.10577999999999999,0.08489999999999998
0.07910000000000006,0.2490199999999999
-0.16523999999999994,0.08806000000000003
-0.04418,-0.03914000000000001
-0.18882,-0.03864000000000001
0.036900000000000044,-0.013780000000000014
-0.24008000000000002,-0.08488000000000007
-0.19274000000000002,0.09955999999999998
0.07518000000000002,0.07325999999999999
-0.05384,-0.07748000000000005
0.04081999999999997,0.14201999999999992
-0.12348000000000003,0.06011999999999995
0.1956,0.042279999999999984
0.11170000000000002,-0.24560000000000004
-0.13740000000000002,0.05119999999999991
0.16746000000000005,0.04635999999999996
-0.03276000000000001,0.09865999999999997
0.11786000000000008,-0.056480000000000086
0.013419999999999987,-0.12198000000000009
-0.008639999999999981,-0.25314000000000003
-0.23571999999999999,0.0668399999999999
0.07588000000000006,0.14423999999999992
0.11008000000000007,-0.10812000000000005
0.09938000000000002,-0.25206000000000006
-0.13973999999999998,0.07787999999999995
0.2511200000000001,0.04831999999999992
-0.28534,0.0776
0.16703999999999997,0.18103999999999987
-0.16736,0.10858000000000001
0.18920000000000003,0.20189999999999997
0.24880000000000002,0.13231999999999988
-0.2464,0.07775999999999994
-0.12548000000000004,-0.2096800000000001
0.03156000000000003,-0.09988000000000008
0.14608,0.06323999999999996
-0.041260000000000074,-0.22690000000000005
0.21376000000000006,0.26046
0.16990000000000005,-0.04733999999999999
-0.10023999999999994,-0.06118000000000007
-0.20414,0.14223999999999992
0.07791999999999999,0.12037999999999993
-0.1916,-0.12256000000000006
0.07318000000000002,-0.013920000000000043
0.18013999999999997,0.07919999999999994
-0.18685999999999997,0.07939999999999992
-0.06473999999999991,-0.09328000000000009
0.2453200000000001,-0.01540000000000008
-0.0045600000000000085,-0.09688000000000008
-0.10633999999999993,0.037860000000000005
0.0020600000000000618,-0.23562000000000005
-0.13889999999999997,0.13119999999999998
0.06140000000000001,0.08997999999999995
-0.09626000000000001,0.014419999999999988
-0.014759999999999995,0.1294399999999999
-0.08776000000000006,0.07113999999999987
-0.0011799999999999589,0.0623999999999999
-0.05453999999999992,-0.18872000000000005
0.275,0.03517999999999999
-0.12878,0.07835999999999999
-0.011220000000000008,-0.09688000000000008
-0.06698000000000004,-0.040720000000000034
-0.19035999999999997,0.01531999999999989
-0.06703999999999999,0.12419999999999998
0.09708000000000006,0.13957999999999993
-0.10658000000000001,0.07339999999999991
0.06631999999999993,-0.08404
-0.21328000000000003,0.00873999999999997
-0.09121999999999997,0.13568000000000002
0.05069999999999997,-0.25704000000000005
0.19778000000000007,0.20026
0.06343999999999994,-0.022860000000000102
-0.14176000000000005,-0.08044000000000001
0.07757999999999998,-0.13234000000000007
0.08816000000000002,-0.07413999999999998
-0.021120000000000028,0.1222399999999999
-0.12078,-0.06403999999999999
0.18378000000000005,0.23403999999999991
0.21333999999999997,0.08561999999999992
0.028360000000000052,0.1493199999999999
0.14481999999999995,0.28962
0.07010000000000005,-0.14292000000000005
-0.12526000000000004,-0.0042200000000000015
-0.138,-0.03078000000000003
0.19098000000000004,0.10759999999999992
0.16613999999999995,0.15623999999999993
-0.11463999999999996,0.08653999999999995
-0.028859999999999997,0.0895999999999999
-0.12203999999999998,-0.09730000000000005
0.03846000000000005,-0.08658000000000005
-0.05230000000000001,0.14237999999999995
0.19566000000000006,0.18581999999999999
-0.19419999999999998,-0.13948000000000005
0.006399999999999961,0.14803999999999995
-0.26194,0.10861999999999994
-0.0038199999999999346,0.05015999999999998
-0.007239999999999913,-0.16598000000000007
-0.005160000000000053,-0.18272000000000005
0.13812000000000002,0.09263999999999994
-0.2822,0.04719999999999991
0.18011999999999995,0.21339999999999992
0.26760000000000006,0.14217999999999997
-0.08046000000000009,-0.036880000000000024
-0.17003999999999997,-0.15292
-0.014880000000000004,-0.09602000000000005
0.1775,-0.034560000000000035
-0.22311999999999999,-0.15568000000000004
0.18533999999999995,-0.12862
-0.23471999999999998,-0.02848000000000006
0.08736,-0.22834000000000004
-0.16513999999999995,-0.13988000000000006
0.12441999999999998,0.1169
-0.20654,0.04189999999999994
0.10363999999999995,-0.25082000000000004
0.13888,0.1953999999999999
0.22392,-0.055460000000000065
-0.13758000000000004,-0.08598000000000006
0.13756000000000002,-0.13570000000000004
-0.18622,-0.09754000000000002
0.03911999999999993,0.050819999999999976
0.13663999999999998,0.32609999999999995
0.14868000000000003,0.13193999999999995
0.020460000000000034,-0.20432
0.07206000000000001,-0.19244000000000006
-0.08162000000000003,-0.017800000000000038
0.0044800000000000395,-0.14870000000000005
0.13991999999999993,-0.12260000000000004
-0.03703999999999996,0.01871999999999996
-0.08676000000000006,0.12993999999999994
-0.25292,-0.04808000000000007
-0.23681999999999997,0.027880000000000016
-0.12037999999999999,-0.14346000000000003
0.06999999999999995,-0.24192000000000002
-0.22874,-0.08994000000000002
0.2127,0.21097999999999995
0.012280000000000069,-0.22662000000000004
-0.2389,0.038839999999999875
-0.19984000000000002,0.03745999999999994
0.12922,0.012159999999999949
-0.13779999999999998,-0.12692000000000003
-0.2522,0.0010399999999999299
-0.17572,0.09451999999999994
0.05188000000000004,0.06603999999999988
-0.27676,-0.018419999999999992
0.20218000000000003,0.28176
0.21682,-0.06940000000000007
0.21423999999999999,0.11616000000000004
0.05679999999999996,-0.08582000000000001
0.1671600000000001,0.025899999999999923
-0.15021999999999996,-0.10922000000000004
-0.20861999999999997,0.12856
-0.09182000000000001,-0.07952000000000004
-0.05393999999999999,-0.20064000000000004
0.22640000000000005,-0.08274000000000004
-0.2388,0.06628
0.14966000000000002,-0.04958000000000007
-0.06516,-0.035519999999999996
-0.25106,-0.03634000000000004
-0.14250000000000002,-0.08928000000000008
0.24116000000000004,0.18882
0.23983999999999994,0.08513999999999988
-0.05062,0.04601999999999995
-0.0049799999999999844,-0.017380000000000062
0.15088000000000001,-0.20002000000000003
-0.10148000000000001,-0.22040000000000004
0.21343999999999996,0.033499999999999974
0.007539999999999991,0.005839999999999956
0.16003999999999996,-0.15960000000000002
-0.02843999999999991,-0.041100000000000025
-0.10796000000000006,-0.0021800000000000708
0.044480000000000075,-0.21350000000000002
-0.20301999999999998,-0.08328000000000008
0.07513999999999998,0.13839999999999997
0.2282200000000001,0.10849999999999993
0.03159999999999996,-0.05020000000000002
0.12002000000000002,0.23693999999999993
-0.014160000000000061,-0.07870000000000005
0.01873999999999998,-0.12043999999999999
-0.11859999999999998,0.03976000000000002
-0.1487,0.14481999999999995
-0.01748000000000005,-0.19870000000000004
-0.07866000000000006,0.0019799999999999818
-0.18303999999999998,-0.13998000000000005
0.14633999999999991,-0.005340000000000011
-0.05881999999999998,-0.00996000000000008
-0.1179,-0.21238000000000007
-0.14700000000000002,-0.08492000000000005
0.24347999999999992,-0.017120000000000024
-0.05500000000000005,-0.09064
0.22492000000000012,0.15237999999999996
-0.17016000000000003,-0.13072
-0.010020000000000029,-0.18320000000000003
-0.03716000000000008,-0.08550000000000002
-0.14423999999999998,-0.16568000000000005
-0.10681999999999997,-0.16180000000000005
-0.021419999999999995,0.08549999999999991
0.026000000000000023,-0.11288000000000009
-0.11730000000000002,0.1167999999999999
-0.045580000000000065,-0.24496
0.17290000000000005,0.07589999999999997
0.04937999999999998,-0.17040000000000005
0.25392000000000003,-0.03434000000000004
0.16380000000000006,0.28315999999999997
-0.24328,-0.14736000000000005
0.20116,-0.03588000000000002
-0.09263999999999994,0.14459999999999995
0.17662,0.09049999999999991
-0.010560000000000014,-0.006080000000000085
0.16642,0.14815999999999996
0.04464000000000001,-0.13892000000000004
0.12406000000000006,-0.22424000000000005
0.05237999999999998,-0.06512000000000001
-0.06996000000000002,0.1625199999999999
-0.04859999999999998,0.025839999999999863
-0.04364000000000001,-0.19050000000000006
0.2803399999999999,0.12205999999999995
-0.05503999999999998,-0.05992000000000003
-0.21771999999999997,-0.16440000000000005
-0.05057999999999996,-0.023780000000000023
-0.11619999999999997,0.13983999999999996
-0.12433999999999995,-0.07690000000000002
-0.16863999999999996,0.028780000000000028
-0.22538000000000002,-0.00882000000000005
0.26483999999999996,0.1671999999999999
-0.21739999999999998,-0.011120000000000019
-0.28054,0.05466000000000004
0.03051999999999999,0.06641999999999992
0.11383999999999994,-0.15360000000000007
-0.08592,0.09875999999999996
-0.18680000000000002,0.11711999999999989
-0.04021999999999992,-0.10602
-0.20505999999999996,-0.0016399999999999748
0.1483,0.0029199999999999227
-0.23020000000000002,-0.0033000000000000806
0.09918000000000005,0.23397999999999997
-0.07506000000000002,0.15569999999999995
-0.19690000000000002,0.04467999999999994
-0.19444,0.1433199999999999
0.20966000000000007,0.17713999999999996
0.10598000000000007,-0.01202000000000003
0.03408,-0.06148000000000009
-0.11556000000000005,-0.12226000000000009
-0.16498000000000002,0.05501999999999996
0.16622000000000003,0.2623199999999999
-0.14313999999999993,-0.09534000000000004
0.0048799999999999955,-0.14068000000000008
0.20443999999999996,0.050899999999999945
0.23202000000000012,0.1051399999999999
-0.24219999999999997,-0.13656000000000001
-0.006160000000000054,0.07729999999999992
-0.2395,-0.08804000000000001
-0.12683999999999995,-0.08728000000000008
-0.12483999999999995,-0.012720000000000065
-0.21881999999999996,0.08461999999999992
0.12187999999999999,0.0049799999999999844
-0.22510000000000002,-0.07254
-0.16998000000000002,-0.12228000000000006
-0.20714,0.03808
0.022580000000000044,0.09959999999999991
0.01429999999999998,-0.24002
0.13661999999999996,0.19709999999999994
-0.20858,-0.16812000000000005
-0.11176000000000003,0.17318
0.011280000000000068,-0.02534000000000003
-0.04513999999999996,-0.04746000000000006
-0.17526000000000003,-0.14728000000000008
-0.24684,-0.07904
0.19006,0.18367999999999995
0.12851999999999997,0.10971999999999993
0.10296000000000005,0.19101999999999997
0.007719999999999949,-0.24182000000000003
-0.09108000000000005,-0.11343999999999999
0.11376000000000008,-0.09894000000000003
0.15898,0.12013999999999991
-0.28978000000000004,0.04913999999999996
-0.14839999999999998,-0.18554000000000004
-0.16823999999999995,0.037760000000000016
-0.05337999999999998,-0.15830000000000005
0.14529999999999998,0.19076000000000004
0.09409999999999996,-0.07602000000000003
-0.022739999999999982,-0.14548000000000005
0.19433999999999996,0.10619999999999996
0.20141999999999993,0.04249999999999998
-0.10920000000000002,-0.16130000000000005
-0.28152,-0.05243999999999999
0.15417999999999998,-0.0026600000000001067
0.18972,-0.054980000000000084
0.16746000000000005,0.11956
-0.24578,0.06743999999999994
-0.04349999999999998,-0.14694000000000007
-0.21696,0.005899999999999905
-0.07296000000000002,-0.18576000000000004
-0.11846000000000001,-0.06306000000000006
-0.05269999999999997,0.010619999999999963
-0.28856,-0.07570000000000005
-0.08806000000000003,0.07413999999999987
-0.021179999999999977,-0.22456000000000004
-0.14451999999999998,-0.08000000000000007
0.01623999999999992,0.036679999999999935
0.11582000000000003,0.25227999999999995
0.06852000000000003,-0.23850000000000005
0.17543999999999993,-0.09408000000000005
-0.15749999999999997,0.037639999999999896
0.16552,0.10529999999999995
0.15288000000000002,0.23068
0.016759999999999997,-0.22706000000000004
0.09289999999999998,-0.12038000000000004
-0.22042,-0.13554000000000005
-0.12996000000000002,0.11609999999999998
-0.06331999999999993,0.060699999999999976
-0.12556,0.12181999999999993
-0.08801999999999999,-0.16062000000000004
0.17186,0.1788399999999999
0.07930000000000004,-0.09268000000000004
-0.03988000000000003,0.08765999999999996
0.08076000000000005,0.21973999999999994
-0.10841999999999996,-0.04686000000000007
-0.0007000000000000339,0.02515999999999996
-0.16559999999999997,0.15608
0.07708000000000004,-0.18126000000000003
0.11486000000000007,0.024880000000000013
0.04052,0.11339999999999995
0.11350000000000005,0.18111999999999995
-0.24268,-0.049800000000000066
-0.18769999999999998,-0.15202000000000004
-0.05184,-0.22764000000000006
-0.14142,-0.14410000000000006
0.012480000000000047,0.00766
0.028380000000000072,-0.11676000000000009
-0.04610000000000003,-0.12104000000000004
-0.07309999999999994,-0.11898000000000009
-0.24425999999999998,0.05818000000000001
0.2046,-0.12498000000000009
-0.15693999999999997,0.0005199999999999649
-0.21928000000000003,0.06497999999999993
0.2423200000000001,0.19369999999999998
-0.11151999999999995,0.03527999999999998
-0.046479999999999966,-0.22972000000000004
0.059819999999999984,0.015479999999999938
0.12163999999999997,0.2858200000000001
0.10053999999999996,-0.08476000000000006
-0.21805999999999998,-0.06410000000000005
0.006380000000000052,0.11231999999999998
0.08057999999999998,0.23685999999999996
0.04483999999999999,-0.16236000000000006
0.08541999999999994,-0.0040800000000000836
-0.05518000000000001,-0.11002
0.18506,0.12307999999999997
-0.20378000000000002,-0.09954000000000002
-0.13611999999999996,0.17076000000000002
0.13383999999999996,-0.15468000000000004
0.08340000000000003,-0.13834000000000007
-0.17833999999999994,0.05298000000000003
-0.032179999999999986,-0.08346000000000009
0.12329999999999997,0.30389999999999995
0.24219999999999997,0.01529999999999998
0.08257999999999999,0.025760000000000005
-0.2328,0.06533999999999995
-0.053200000000000025,0.00017999999999995797
0.13306000000000007,0.33296000000000003
0.09021999999999997,-0.04330000000000006
-0.24585999999999997,0.12359999999999993
-0.10749999999999998,0.16493999999999986
0.10070000000000001,0.19896000000000003
-0.018419999999999992,0.04401999999999995
-0.21788000000000002,0.13403999999999994
0.12303999999999993,-0.21750000000000003
0.0043199999999999905,-0.09874
-0.13771999999999995,0.06889999999999996
-0.06213999999999997,0.10121999999999998
-0.21338000000000001,-0.11668000000000006
-0.11819999999999997,-0.06586000000000009
0.05401999999999996,-0.07030000000000003
-0.22296,0.14069999999999994
-0.20029999999999998,0.10371999999999992
0.054320000000000035,0.08848
-0.09973999999999994,-0.08132
-0.20189999999999997,0.14501999999999993
-0.17641999999999997,-0.06936000000000009
0.17743999999999993,-0.15920000000000006
-0.09817999999999999,-0.0914600000000001
-0.11876000000000003,0.13388
0.05033999999999994,-0.19120000000000004
0.006319999999999992,-0.005240000000000022
0.17311999999999994,0.06909999999999994
-0.04791999999999996,-0.17086
0.09648000000000001,-0.25190000000000007
-0.1965,-0.06056000000000006
-0.10320000000000001,0.013939999999999952
0.21666000000000007,-0.09742
-0.08879999999999999,-0.056460000000000066
-0.2469,-0.042980000000000074
-0.18872,-0.13536000000000004
0.16286,0.25549999999999995
-0.17033999999999994,-0.019620000000000082
-0.030420000000000003,0.1485399999999999
-0.012519999999999976,0.11616000000000004
-0.0736,0.10816000000000003
-0.09177999999999997,-0.03892000000000001
0.19084,0.02635999999999994
0.19362000000000001,0.06337999999999999
0.06808000000000003,0.022460000000000035
-0.20492,-0.08516000000000007
-0.172,-0.04254000000000002
-0.10938000000000003,-0.02182000000000006
0.19548,0.04530000000000001
-0.18293999999999994,0.13553999999999988
-0.07963999999999993,0.07531999999999994
0.22732000000000008,0.04903999999999997
0.07748,-0.14080000000000004
-0.15606000000000003,-0.10943999999999998
-0.26864,-0.047780000000000045
0.23983999999999994,0.05449999999999999
0.15926000000000007,0.27427999999999997
0.013639999999999985,-0.17382000000000003
-0.13488,-0.11008000000000007
0.025800000000000045,-0.24790000000000006
0.10702,0.014780000000000015
-0.007919999999999927,-0.14024000000000003
0.07447999999999999,0.10203999999999991
-0.16593999999999998,0.09770000000000001
-0.14016,0.02173999999999987
0.22697999999999996,-0.06434000000000001
-0.21464,0.13969999999999994
0.07350000000000001,-0.05224000000000001
-0.21844000000000002,-0.09116000000000007
-0.2611,-0.012360000000000038
0.03826000000000007,-0.24384000000000006
-0.10302,0.06907999999999992
-0.012900000000000023,0.12127999999999994
0.13048000000000004,0.12691999999999992
-0.19169999999999998,0.12968000000000002
0.16569999999999996,0.07851999999999992
-0.23134,0.050919999999999965
0.08156000000000008,0.005759999999999987
-0.17121999999999998,-0.13350000000000006
0.04154000000000002,-0.25792000000000004
0.035439999999999916,-0.02306000000000008
-0.21328000000000003,0.0019399999999999418
0.12306000000000006,0.32809999999999995
0.18359999999999999,-0.14562000000000003
-0.28874,0.015179999999999971
0.13229999999999997,-0.011220000000000008
0.12651999999999997,-0.09290000000000004
-0.17972,-0.17222000000000004
-0.09949999999999998,0.060839999999999894
-0.016700000000000048,0.04169999999999996
0.17996,0.05557999999999996
-0.17688000000000004,-0.18046
0.23287999999999998,0.07386000000000004
0.19518000000000002,0.12368000000000001
0.03920000000000001,-0.06262000000000001
-0.21204,-0.06268000000000007
0.08523999999999998,-0.12514000000000003
-0.09953999999999996,0.13966
0.14170000000000005,-0.06846000000000008
0.06476000000000004,-0.13426000000000005
-0.13958000000000004,-0.18654000000000004
0.014399999999999968,0.10877999999999999
0.13603999999999994,-0.10620000000000007
-0.19075999999999999,-0.11706000000000011
-0.17023999999999995,0.04823999999999995
-0.029939999999999967,0.08097999999999994
0.19752000000000003,-0.03892000000000001
0.09014,-0.11640000000000006
0.008639999999999981,-0.17782000000000003
-0.10877999999999999,0.16837999999999997
0.041080000000000005,0.10061999999999993
-0.21238,0.1031399999999999
0.12860000000000005,-0.03180000000000005
0.09451999999999994,-0.24824000000000007
-0.1971,0.12283999999999995
-0.09546000000000004,-0.13550000000000006
0.23163999999999996,-0.06502000000000002
-0.041260000000000074,-0.13130000000000003
0.015719999999999956,0.06369999999999998
-0.12998000000000004,-0.0218600000000001
0.08628000000000002,-0.08466000000000007
-0.27098,0.06033999999999995
0.15788000000000002,-0.21820000000000006
-0.30075999999999997,0.058639999999999914
-0.026939999999999964,-0.18990000000000007
-0.19398000000000004,0.03735999999999995
-0.04076000000000002,-0.23466000000000004
-0.049919999999999964,-0.02748000000000006
0.07796000000000003,0.04145999999999994
0.16781999999999997,-0.00990000000000002
-0.13698,0.06603999999999988
-0.15021999999999996,0.09499999999999997
-0.07343999999999995,-0.013020000000000032
0.011239999999999917,-0.24112
-0.20944000000000002,0.13927999999999996
-0.0907,-0.10368000000000005
-0.20594,0.09153999999999995
-0.10010000000000002,-0.04283999999999999
-0.11313999999999996,0.13303999999999994
-0.08686000000000005,0.1031399999999999
0.09882000000000002,0.25471999999999995
0.13663999999999998,0.07419999999999993
0.15098,-0.019540000000000002
0.15564,0.07497999999999994
0.0021399999999999197,0.10526000000000002
-0.05123999999999995,0.08936
0.13796000000000008,-0.21256000000000003
0.19398000000000004,0.15261999999999998
-0.052159999999999984,-0.08526000000000006
0.13723999999999992,0.028259999999999952
0.10311999999999999,0.06601999999999997
-0.034680000000000044,0.15125999999999995
0.12981999999999994,-0.11834
0.007340000000000013,0.15086
-0.11218,0.10087999999999997
0.22141999999999995,0.005219999999999891
0.21092,0.18633999999999995
0.0010799999999999699,0.0686
0.14436000000000004,0.27386
-0.08892,-0.010580000000000034
-0.26066,-0.10890000000000005
-0.21376,-0.05793999999999999
-0.15642,0.20157999999999998
-0.2585,-0.08706000000000008
0.23724,0.06697999999999993
0.09333999999999998,-0.05182000000000003
-0.08194000000000001,-0.04328000000000004
-0.14498,0.1520999999999999
0.20841999999999994,-0.056640000000000024
0.026960000000000095,0.08396000000000003
0.08460000000000001,0.22627999999999993
0.07879999999999998,0.08929999999999993
0.22483999999999993,0.17921999999999993
-0.06337999999999999,-0.06564000000000003
0.2436799999999999,0.0015199999999999658
0.11919999999999997,-0.09138000000000007
0.12063999999999997,-0.018100000000000005
0.23550000000000004,0.17923999999999995
0.050960000000000005,-0.20796000000000003
-0.12328,0.047819999999999974
-0.10226000000000002,0.03817999999999999
0.06230000000000002,0.08035999999999999
-0.27134,0.014319999999999888
0.042119999999999935,-0.07422000000000001
-0.051899999999999946,-0.23340000000000005
0.23077999999999999,0.20638
-0.178,0.03369999999999995
-0.15903999999999996,0.1383199999999999
-0.27476,-0.006760000000000099
0.11726000000000003,0.14307999999999998
0.16590000000000005,0.03191999999999995
-0.13196000000000002,-0.16624000000000005
-0.13993999999999995,-0.17474000000000006
-0.19740000000000002,0.0053399999999999
0.25224,0.13773999999999986
-0.13283999999999996,0.021179999999999977
0.07940000000000003,0.23426000000000002
0.06231999999999993,-0.15612000000000004
-0.23475999999999997,-0.14560000000000006
-0.14500000000000002,-0.10722000000000004
0.20057999999999998,0.0827199999999999
-0.07767999999999997,-0.03938000000000008
-0.24622,-0.04576000000000008
-0.26686,-0.10133999999999999
0.21506000000000003,0.19681999999999988
-0.18631999999999999,-0.005319999999999991
0.24813999999999992,0.14381999999999995
-0.22074,0.14963999999999988
-0.16241999999999995,-0.013660000000000116
-0.23964000000000002,0.008899999999999908
-0.11403999999999997,0.04139999999999999
-0.028060000000000085,-0.062380000000000047
-0.2752,0.05167999999999995
-0.10521999999999998,0.023499999999999965
0.10872000000000004,0.26813999999999993
-0.22231999999999996,0.12021999999999988
0.08450000000000002,0.06289999999999996
-0.26921999999999996,-0.07720000000000005
-0.06663999999999992,0.06691999999999998
-0.2634,-0.010560000000000125
-0.0007800000000000029,-0.15008000000000005
0.03258000000000005,0.15605999999999998
0.14549999999999996,-0.05574000000000001
-0.10349999999999998,0.02639999999999998
0.18266000000000004,0.11695999999999995
0.06676000000000004,-0.024480000000000057
0.11786000000000008,-0.16868000000000005
-0.0025399999999999867,-0.23668000000000006
-0.2007,-0.15734000000000004
-0.18968000000000002,0.09775999999999996
0.11740000000000006,-0.029880000000000018
0.0025600000000000067,0.03601999999999994
0.16843999999999992,-0.02748000000000006
0.053080000000000016,0.15517999999999998
-0.23131999999999997,0.14013999999999993
-0.053059999999999996,-0.08008000000000004
0.21130000000000004,0.10017999999999994
0.023380000000000067,-0.16322000000000003
0.0027199999999999447,-0.21072000000000002
-0.03151999999999999,-0.12578000000000006
-0.0048600000000000865,-0.0263000000000001
-0.050980000000000025,-0.19310000000000005
-0.08830000000000005,-0.16452000000000006
0.10743999999999998,-0.09758000000000006
0.11046,-0.17914000000000008
-0.008060000000000067,-0.21080000000000004
0.04743999999999993,-0.15076000000000006
-0.24711999999999995,-0.008960000000000079
-0.16773999999999994,-0.14130000000000004
-0.26598,0.0019199999999999218
-0.07269999999999999,0.058559999999999945
-0.07621999999999995,0.0028399999999999537
-0.11121999999999999,-0.09714
-0.1174,-0.16102000000000005
0.19718000000000002,0.1937199999999999
-0.15242,0.08909999999999996
0.11063999999999996,-0.08340000000000003
-0.18819999999999998,-0.18252000000000002
0.007079999999999975,0.01976
-0.029360000000000053,-0.09662000000000004
0.16027999999999998,0.1635399999999999
0.0008199999999999319,-0.22772000000000003
0.05779999999999996,-0.16270000000000007
0.16906,-0.10754000000000002
-0.06511999999999996,0.11571999999999993
0.06172,-0.12520000000000003
0.2373200000000001,0.19021999999999994
0.2757799999999999,0.16749999999999998
0.20438,-0.0013199999999999878
0.15052,-0.037980000000000014
0.18013999999999997,0.04077999999999993
0.018039999999999945,-0.23534000000000005
-0.09556000000000003,0.1260199999999999
-0.12936000000000003,-0.009340000000000015
-0.17428,-0.08600000000000002
0.1814,0.09433999999999987
0.06153999999999993,-0.25760000000000005
0.04808000000000001,0.07106000000000001
-0.2579,-0.05640000000000006
-0.16246000000000005,0.15949999999999998
0.19282,-0.11100000000000004
-0.026839999999999975,0.11991999999999992
-0.1149,-0.10208000000000006
0.04418,-0.22476000000000002
0.22431999999999996,0.12697999999999998
-0.23571999999999999,0.08389999999999997
0.2516799999999999,0.026959999999999984
-0.14938,0.08991999999999989
0.17062,-0.14686000000000005
-0.22852,-0.12434
0.12693999999999994,0.019439999999999902
-0.028780000000000028,-0.15184000000000003
0.09876000000000007,0.20791999999999988
0.23683999999999994,0.02205999999999997
0.11928000000000005,-0.16470000000000007
-0.08030000000000004,0.013519999999999976
-0.15328000000000003,-0.20192000000000004
-0.1371,0.08457999999999999
0.14832,-0.010120000000000018
-0.11398000000000003,-0.19628000000000007
0.08189999999999997,-0.11178000000000005
0.05264000000000002,-0.04633999999999999
-0.24706,-0.11968000000000006
-0.23359999999999997,-0.12010000000000004
-0.1079,-0.07428000000000007
-0.014680000000000026,-0.1236600000000001
0.022480000000000055,-0.14198000000000005
-0.05063999999999991,0.14647999999999994
0.13271999999999995,0.04508000000000001
0.05888000000000004,0.15581999999999996
0.14478000000000002,-0.11986000000000008
0.04526000000000008,-0.16856000000000004
-0.07731999999999994,-0.03193999999999997
-0.15028000000000002,-0.13788000000000006
-0.04489999999999994,-0.06164000000000003
-0.27578,0.08341999999999994
-0.026519999999999988,0.05283999999999989
0.09016000000000002,0.03295999999999999
-0.11251999999999995,0.12017999999999995
0.16246000000000005,0.1238999999999999
-0.14736000000000005,-0.010519999999999974
-0.008599999999999941,0.14566
-0.1874,-0.17530000000000007
-0.03610000000000002,-0.12662
-0.06646000000000007,0.06957999999999998
-0.06820000000000004,-0.018920000000000048
0.16691999999999996,-0.14924000000000004
-0.23471999999999998,-0.08344000000000001
-0.27128,-0.06284000000000001
0.03388000000000002,-0.01330000000000009
0.1392,-0.21824000000000005
-0.013319999999999999,-0.12878000000000006
0.16026000000000007,0.07338
0.07230000000000003,0.010159999999999947
0.03813999999999995,0.04161999999999999
-0.06213999999999997,-0.15238000000000007
-0.17398000000000002,0.11858000000000002
-0.15399999999999997,-0.16072000000000003
0.05801999999999996,-0.11690000000000006
0.23276000000000008,-0.035680000000000045
-0.04200000000000004,0.15308
-0.14771999999999996,0.06203999999999987
0.06213999999999997,-0.13266000000000006
-0.13386000000000003,0.13679999999999992
0.13068000000000002,-0.18258000000000008
-0.25936,-0.07952000000000004
0.015619999999999967,0.0033799999999999386
-0.21198,0.14023999999999992
0.13436000000000003,-0.031200000000000006
-0.15846000000000005,0.16669999999999996
-0.08966000000000007,-0.08662000000000003
-0.06106,-0.20804000000000006
-0.17588000000000004,-0.15932000000000002
-0.24412,0.015039999999999942
-0.20526,-0.026780000000000026
-0.019039999999999946,-0.09983999999999998
0.09536,0.24085999999999996
0.21004,0.057660000000000045
0.19494,0.058679999999999954
-0.08109999999999995,0.11858000000000002
-0.05710000000000004,-0.07313999999999998
0.10051999999999994,-0.013060000000000072
0.26170000000000004,-0.01204000000000005
0.21566000000000007,-0.09238000000000007
0.23852000000000007,-0.0034600000000001296
0.03056000000000003,-0.23232000000000003
-0.12113999999999997,0.12807999999999997
0.125,0.07499999999999996
0.15278000000000003,0.1058
-0.058680000000000065,-0.24642000000000003
0.22804000000000002,0.1413199999999999
0.054159999999999986,0.024639999999999884
-0.2549,0.10873999999999995
0.029139999999999944,0.08199999999999996
-0.24925999999999998,0.1321199999999999
0.05910000000000004,-0.0024399999999999977
0.11912,0.2921999999999999
0.08563999999999994,0.33302
0.20108000000000004,-0.08594000000000002
0.08240000000000003,0.31786000000000003
0.09099999999999997,0.20506000000000002
0.14754,0.31543999999999994
0.04054000000000002,-0.05584
-0.12319999999999998,0.10973999999999995
-0.13658000000000003,0.14513999999999994
-0.21238,-0.06782000000000005
-0.11768,0.11231999999999998
0.1429600000000001,-0.22464000000000006
0.03622000000000003,-0.03151999999999999
-0.13236000000000003,-0.17618000000000006
-0.032299999999999995,0.03966000000000003
0.07323999999999997,0.1046999999999999
-0.07308000000000003,-0.016140000000000043
-0.20639999999999997,-0.05012000000000005
-0.2328,-0.09556000000000009
-0.07476000000000005,0.07726
0.17813999999999997,0.1927399999999999
-0.00038000000000004697,0.057579999999999965
-0.28562,-0.031360000000000054
0.15001999999999993,0.009780000000000011
-0.04608000000000001,-0.21900000000000003
0.20748,0.10359999999999991
0.16416000000000008,-0.11840000000000006
0.016700000000000048,0.05671999999999988
-0.08109999999999995,-0.024839999999999973
0.23552000000000006,0.11065999999999998
0.09188000000000007,0.045579999999999954
-0.26228,0.08511999999999997
0.08933999999999997,0.05489999999999995
-0.04743999999999993,-0.18496
0.18003999999999998,-0.09562000000000004
0.24697999999999998,0.07169999999999999
-0.05674000000000001,-0.23626000000000003
-0.24624000000000001,-0.07552000000000003
-0.26464,0.07077999999999995
0.06740000000000002,-0.17590000000000006
-0.09870000000000001,-0.019240000000000035
0.12293999999999994,-0.11250000000000004
-0.09443999999999997,0.047760000000000025
-0.20828000000000002,0.07939999999999992
-0.21854,-0.14332
0.13981999999999994,-0.10298000000000007
0.06557999999999997,-0.15474000000000004
-0.0042600000000000415,0.09696000000000005
0.09933999999999998,-0.005860000000000087
-0.025519999999999987,0.08163999999999993
-0.010360000000000036,-0.06162000000000001
0.06059999999999999,0.04583999999999988
-0.2384,0.011479999999999935
-0.16073999999999994,0.15466000000000002
0.03254000000000001,0.017119999999999913
-0.14713999999999994,0.021279999999999966
-0.0242,-0.008680000000000021
0.07957999999999998,-0.14280000000000004
0.12392000000000003,-0.09182000000000001
0.12080000000000002,-0.11868000000000006
-0.026939999999999964,0.10911999999999988
0.07831999999999995,-0.14526000000000006
0.14826000000000006,0.08619999999999994
-0.04356000000000004,-0.07528000000000007
0.016639999999999988,-0.23250000000000004
-0.06691999999999998,0.16393999999999986
0.0484,-0.058020000000000016
0.13526000000000005,-0.011560000000000126
-0.11373999999999995,0.14151999999999998
0.21833999999999998,-0.09248000000000006
-0.12240000000000001,-0.006220000000000003
0.013360000000000039,-0.03406000000000009
0.06713999999999998,-0.16168000000000005
-0.2823,-0.042940000000000034
-0.17076000000000002,-0.09714
0.029220000000000024,0.005179999999999962
-0.26676,-0.05010000000000003
-0.2527,-0.03288000000000002
0.08226,-0.20520000000000005
-0.10358,0.035679999999999934
0.10955999999999999,0.2644399999999999
0.03591999999999995,-0.23366000000000003
-0.08316000000000001,0.08287999999999995
0.017160000000000064,-0.0220800000000001
-0.22105999999999998,-0.05096000000000006
0.05600000000000005,-0.1375800000000001
-0.12169999999999997,-0.029020000000000046
0.19363999999999992,-0.047900000000000054
0.11376000000000008,0.20731999999999995
-0.02942,0.13261999999999996
0.26844,0.17159999999999997
0.10631999999999997,0.27759999999999996
0.1570600000000001,-0.05948000000000009
0.10792000000000002,-0.19872
0.22667999999999988,0.03427999999999998
-0.24472,0.05255999999999994
0.07820000000000005,0.21987999999999996
-0.022279999999999966,0.025939999999999963
-0.01206000000000007,0.009499999999999953
0.07146000000000008,-0.20890000000000003
0.14990000000000003,0.09911999999999999
-0.1996,-0.10616000000000009
0.04908000000000001,-0.07652000000000003
0.24119999999999997,-0.008700000000000041
-0.04593999999999998,-0.09672000000000003
0.2538799999999999,0.1854
-0.0464,-0.16336000000000006
0.25949999999999995,0.09731999999999996
-0.19729999999999998,-0.08470000000000005
0.08001999999999998,-0.11972000000000005
-0.1854,-0.09268000000000004
0.2116,-0.08270000000000005
-0.049860000000000015,0.018319999999999892
0.17133999999999994,0.24366
-0.18076000000000003,0.0040799999999999725
0.014839999999999964,-0.20898000000000005
0.19068000000000007,0.07093999999999989
-0.01868000000000003,-0.11408000000000007
0.11658000000000002,0.30812000000000006
0.10441999999999996,-0.0753600000000001
0.04700000000000004,-0.015140000000000042
-0.12791999999999998,0.08983999999999992
0.26539999999999997,0.11055999999999999
0.058599999999999985,0.059559999999999946
0.10602,-0.09994000000000003
0.06774000000000002,0.1363399999999999
-0.10302,0.07435999999999998
0.044360000000000066,-0.18694000000000005
-0.21633999999999998,0.08963999999999994
0.13628000000000007,-0.03260000000000007
0.06763999999999992,-0.01536000000000004
0.14670000000000005,-0.07972000000000001
-0.07325999999999999,-0.010400000000000076
0.23352000000000006,0.054339999999999944
0.12180000000000002,-0.006140000000000034
0.0006399999999999739,-0.028939999999999966
-0.28248,0.019079999999999986
0.11386000000000007,-0.009780000000000011
0.03212000000000004,0.03857999999999995
-0.2527,0.11097999999999997
0.1439600000000001,0.18745999999999996
-0.18732,-0.019300000000000095
-0.08133999999999997,-0.16514000000000006
0.019419999999999993,-0.20688000000000006
7.999999999996898e-05,-0.05626000000000009
0.06806000000000001,-0.040720000000000034
-0.16971999999999998,0.11456
-0.06142000000000003,0.026499999999999968
-0.10536000000000001,-0.13956000000000002
0.028079999999999994,-0.21908000000000005
-0.17862,-0.12043999999999999
0.11180000000000001,0.28437999999999986
0.13583999999999996,-0.03850000000000009
-0.07203999999999999,0.13313999999999993
-0.14113999999999993,-0.06978000000000006
-0.12556,-0.14490000000000003
-0.03056000000000003,-0.1131600000000001
0.028739999999999988,-0.06706000000000006
-0.20178000000000001,-0.03648000000000007
0.11570000000000003,-0.11454000000000003
-0.27608,-0.009419999999999984
0.14790000000000003,0.18543999999999994
-0.14151999999999998,0.04408000000000001
0.22088000000000008,0.11705999999999994
-0.07504,-0.029880000000000018
0.12616000000000005,0.01633999999999991
-0.11277999999999999,-0.06010000000000004
0.23436,-0.027180000000000093
-0.15502,0.07091999999999998
-0.04371999999999998,-0.15638000000000007
0.09845999999999999,0.08151999999999993
-0.12243999999999994,-0.14118000000000008
-0.07653999999999994,0.00033999999999989594
0.040139999999999953,-0.04278000000000004
0.14248000000000005,0.05825999999999998
0.13407999999999998,0.22538000000000002
0.16291999999999995,-0.015900000000000025
-0.0009799999999999809,-0.16714000000000007
0.06263999999999992,-0.17310000000000003
0.16076000000000001,0.14307999999999998
-0.18258000000000002,0.04505999999999999
-0.12151999999999996,-0.12886000000000009
0.14416000000000007,-0.01878000000000002
0.09392,-0.039620000000000044
-0.22696,0.08067999999999997
0.19491999999999998,-0.11738000000000004
0.04578000000000004,-0.13416000000000006
0.028939999999999966,-0.05518000000000006
0.1905,0.048799999999999955
0.03746000000000005,-0.06990000000000007
-0.17983999999999994,0.035719999999999974
0.14673999999999998,0.13057999999999992
-0.28796,-0.015539999999999998
0.17179999999999995,-0.13068000000000007
-0.15192,-0.04586000000000007
-0.05406,0.026660000000000017
0.11858000000000002,0.2215999999999999
-0.08483999999999992,-0.10892000000000002
0.13088,0.08853999999999995
0.06762000000000001,0.12283999999999995
0.18300000000000005,0.05697999999999992
0.0011399999999999189,0.02189999999999992
-0.14156000000000002,0.03723999999999994
-0.10396000000000005,-0.03824000000000005
0.07401999999999997,0.3008399999999999
-0.04386000000000001,-0.05456000000000011
0.07956000000000008,-0.24194000000000004
-0.25508000000000003,-0.09438000000000007
0.031399999999999983,0.1494399999999999
0.04283999999999999,0.046599999999999975
-0.03548000000000007,-0.16776000000000002
0.05901999999999996,0.2943
-0.18296,-0.12964000000000003
0.04823999999999995,0.08201999999999998
0.14956000000000003,0.17772
-0.21086,0.07311999999999996
0.15316000000000007,0.05347999999999997
-0.009280000000000066,0.033359999999999945
-0.09641999999999995,-0.018160000000000065
-0.09631999999999996,-0.05288000000000004
-0.09643999999999997,0.01757999999999993
-0.27744,0.06665999999999994
0.042080000000000006,-0.0702600000000001
0.05832000000000004,0.050939999999999874
0.18782,-0.04642000000000002
0.02298,-0.16872000000000004
0.06166000000000005,0.02399999999999991
0.26139999999999997,0.19338
-0.20428000000000002,-0.04848000000000008
0.08520000000000005,-0.05284
-0.2754,-0.025560000000000027
0.16471999999999998,0.20845999999999998
-0.2066,0.15459999999999996
-0.22738000000000003,0.06863999999999992
0.13596000000000008,0.27527999999999997
-0.04521999999999993,0.14847999999999995
-0.11688000000000004,0.09673999999999994
-0.00019999999999997797,0.13825999999999994
0.016719999999999957,-0.16186000000000006
-0.10983999999999994,0.032359999999999944
-0.27146,-0.10583999999999999
0.13588,-0.21086000000000005
-0.12576000000000004,-0.15274000000000004
-0.12418000000000001,-0.07980000000000004
-0.08113999999999999,0.1552199999999999
-0.09436,0.14967999999999992
0.15776,-0.10560000000000003
-0.12030000000000002,0.037679999999999936
-0.17113999999999996,0.1727399999999999
0.14117999999999997,0.008680000000000021
-0.21028000000000002,-0.05342000000000002
0.03874,0.08183999999999991
-0.04801999999999995,0.1069199999999999
-0.10396000000000005,0.12861999999999996
0.025519999999999987,0.1391
-0.08648,0.08565999999999996
-0.05163999999999991,-0.11972000000000005
0.09162000000000003,0.23968
0.16827999999999999,0.03167999999999993
-0.10573999999999995,-0.09698000000000007
-0.22078000000000003,0.08665999999999996
0.20699999999999996,0.11273999999999995
-0.24230000000000002,0.08391999999999988
-0.08756000000000008,0.0012799999999999478
0.12907999999999997,0.12415999999999994
-0.06625999999999999,-0.050560000000000105
0.19001999999999997,0.023859999999999992
0.23537999999999992,0.20223999999999986
-0.05036000000000007,-0.04566000000000009
0.26970000000000005,0.14347999999999994
0.18201999999999996,0.05166000000000004
-0.028839999999999977,0.12253999999999987
0.16822000000000004,0.11011999999999988
0.14708,-0.12530000000000002
-0.17501999999999995,0.047779999999999934
0.2137,-0.029280000000000084
-0.011120000000000019,-0.08152000000000004
-0.03539999999999999,-0.03306000000000009
0.18663999999999992,0.05287999999999993
0.05828,-0.06953999999999999
-0.17426000000000003,0.15633999999999992
-0.04418,-0.019460000000000033
0.16726000000000008,-0.02518000000000009
0.05266000000000004,0.13907999999999998
0.00544,0.03151999999999988
0.10751999999999995,0.14256000000000002
-0.17972,-0.01976000000000011
-0.049919999999999964,-0.006419999999999981
0.14171999999999996,-0.21054000000000006
0.06589999999999996,0.0041399999999999215
-0.17744,-0.13184000000000007
0.15596,-0.08700000000000002
-0.24203999999999998,-0.0038000000000000256
0.04368000000000005,-0.028860000000000108
0.12522,0.08349999999999991
-0.027019999999999933,0.0981399999999999
0.11865999999999999,-0.24192000000000002
-0.01656000000000002,-0.05352000000000001
0.05033999999999994,0.10773999999999995
0.13948000000000005,0.1707399999999999
-0.021399999999999975,0.11109999999999998
0.23952000000000007,-0.00031999999999998696
-0.24641999999999997,0.07041999999999993
-0.014800000000000035,-0.09278000000000008
0.10382000000000002,-0.0017600000000000948
0.12956,-0.17450000000000004
0.05586000000000002,0.12791999999999992
0.14422000000000001,-0.0974600000000001
-0.12241999999999997,-0.059380000000000044
0.1402,0.03615999999999997
0.21314,-0.015620000000000078
-0.035739999999999994,-0.13762000000000002
0.02098,-0.008940000000000059
-0.20455999999999996,-0.13570000000000004
0.06706000000000001,-0.16462000000000004
0.020239999999999925,-0.21926
0.2084600000000001,0.06638
-0.01083999999999996,0.11821999999999988
0.19772,-0.03160000000000007
-0.010099999999999998,0.022599999999999953
-0.03752,-0.13094000000000006
-0.17170000000000002,-0.008580000000000032
0.24140000000000006,0.16783999999999988
-0.054139999999999966,0.08421999999999996
0.15822000000000003,0.03799999999999992
-0.24269999999999997,-0.041720000000000035
0.09572000000000003,-0.11872000000000005
0.23746,0.0016399999999998638
-0.11193999999999998,-0.028320000000000012
0.08899999999999997,-0.0863600000000001
-0.1422,-0.12294
-0.24728,0.08377999999999997
0.09092,-0.10354000000000002
-0.11381999999999998,-0.18276000000000003
0.07918000000000003,-0.17632000000000003
-0.057719999999999994,-0.11448000000000008
0.04305999999999999,-0.17424000000000006
-0.045399999999999996,-0.24174000000000007
-0.24474,-0.0006000000000000449
-0.08335999999999999,0.17213999999999996
-0.15853999999999996,0.1695399999999999
-0.14018000000000003,0.16549999999999998
-0.26326,0.05399999999999994
0.03158000000000005,-0.22664000000000006
0.05571999999999999,0.10693999999999992
0.18101999999999996,0.09121999999999997
0.05469999999999997,-0.13436000000000003
0.012839999999999963,0.08545999999999998
-0.07628000000000001,0.06576000000000004
0.13656000000000001,0.24491999999999992
0.04149999999999998,0.0605
0.08104,-0.17372000000000004
-0.12393999999999994,0.13527999999999996
0.17910000000000004,-0.08472000000000002
-0.09431999999999996,-0.06530000000000002
-0.26884,0.015539999999999887
0.14671999999999996,-0.09230000000000005
-0.20232,-0.020340000000000025
-0.04479999999999995,-0.18016000000000004
-0.18578,0.0859399999999999
-0.06140000000000001,0.01537999999999995
-0.03947999999999996,-0.04954000000000003
-0.12472,0.16296
-0.08545999999999998,-0.07940000000000003
0.19189999999999996,-0.07072
0.09708000000000006,-0.21124000000000004
0.15616000000000008,-0.18258000000000008
-0.020039999999999947,0.057499999999999996
0.24583999999999995,0.13366
-0.2516,-0.07408000000000009
0.15239999999999998,-0.058540000000000036
-0.07157999999999998,-0.19034000000000006
-0.04683999999999999,-0.11836000000000008
-0.12383999999999995,-0.18234000000000006
-0.10233999999999999,0.09373999999999993
0.03823999999999994,0.02081999999999995
-0.15656000000000003,0.17786000000000002
0.14833999999999992,-0.11334
0.034580000000000055,0.10331999999999997
0.14822000000000002,-0.20422
0.16636000000000006,0.24931999999999999
-0.21624,-0.13730000000000003
0.06152000000000002,-0.07662000000000002
-0.10386000000000001,-0.16690000000000005
0.005099999999999993,0.03766000000000003
0.12161999999999995,0.013979999999999992
0.08562000000000003,-0.18040000000000006
0.10582000000000003,0.06041999999999992
0.16401999999999994,0.22341999999999995
-0.24768,-0.03528000000000009
0.012220000000000009,-0.14858000000000005
-0.09253999999999996,-0.12794
-0.19301999999999997,0.048719999999999986
-0.25638,-0.042120000000000046
0.047740000000000005,0.07909999999999995
0.21831999999999996,0.043219999999999925
-0.02858000000000005,-0.16272000000000003
-0.05721999999999994,0.12685999999999997
0.16743999999999992,0.17515999999999998
-0.06472,-0.18602000000000002
0.21946,0.02205999999999997
-0.16793999999999998,-0.16690000000000005
-0.03401999999999994,0.019560000000000022
-0.0005199999999999649,-0.11578000000000005
-0.22408,-0.10812000000000005
0.11506000000000005,-0.19574000000000008
-0.06725999999999999,0.06389999999999996
-0.24046,0.12175999999999998
0.19410000000000005,-0.13892000000000004
-0.10289999999999999,0.1081399999999999
0.24507999999999996,0.02505999999999997
0.03256000000000003,-0.0030200000000000227
0.07406000000000001,0.06118000000000001
-0.1371,-0.18836000000000003
-0.20778000000000002,-0.03914000000000001
-0.14789999999999998,-0.15986000000000006
0.14356000000000002,-0.061840000000000006
0.13083999999999996,-0.06568000000000007
-0.04233999999999993,-0.13620000000000004
0.09660000000000002,0.27386
-0.05233999999999994,-0.07532000000000005
-0.21258,-0.052120000000000055
0.0632600000000001,-0.1014600000000001
0.11686000000000007,-0.17582000000000003
-0.19485999999999998,-0.14204000000000006
-0.057539999999999925,0.1351
0.025399999999999978,0.09158
0.25560000000000005,0.11543999999999988
-0.06620000000000004,0.013719999999999954
0.059840000000000004,-0.25056000000000006
0.04943999999999993,-0.08188000000000006
-0.22258,-0.15264000000000005
-0.15678000000000003,-0.036619999999999986
0.14302000000000004,0.0887
-0.25178,-0.0047000000000000375
0.1874,-0.06812000000000001
-0.09404000000000001,-0.023619999999999974
-0.20923999999999998,0.06923999999999997
-0.015880000000000005,-0.24190000000000006
0.19642000000000004,0.09496000000000004
-0.007239999999999913,0.03517999999999999
0.22496000000000005,0.007439999999999891
0.2511,0.08117999999999992
-0.040039999999999965,-0.010319999999999996
-0.16260000000000002,0.03609999999999991
-0.1643,0.07801999999999998
0.2683200000000001,0.05186000000000002
-0.012680000000000025,-0.10502
-0.027019999999999933,0.010219999999999896
0.24480000000000002,0.016719999999999957
-0.17543999999999998,0.08673999999999993
-0.10026000000000002,-0.025720000000000076
0.11456,-0.23372000000000004
0.03632000000000002,0.11875999999999998
0.04596,0.121
0.14436000000000004,0.25137999999999994
0.08931999999999995,-0.11328000000000005
0.17184,0.14223999999999992
0.054460000000000064,0.27513999999999994
-0.21738000000000002,0.08713999999999988
-0.27798,-0.04788000000000009
-0.1743,0.17555999999999994
-0.21336,0.07867999999999997
0.10929999999999995,-0.24882000000000004
-0.08360000000000001,0.12
-0.17588000000000004,-0.11896000000000007
-0.08472000000000002,-0.044420000000000015
-0.13648,0.06396000000000002
0.13293999999999995,-0.037719999999999976
0.07956000000000008,0.11768
0.23486000000000007,0.1201199999999999
-0.21731999999999996,0.1272399999999999
-0.07257999999999998,-0.22274000000000005
0.1977,0.1687399999999999
-0.09158,0.05067999999999995
0.11536000000000002,-0.24680000000000002
0.12724000000000002,0.20748
-0.18732,-0.13782000000000005
0.16159999999999997,-0.0028600000000000847
-0.10243999999999998,-0.10408000000000006
0.13316000000000006,-0.10824
-0.24180000000000001,-0.12132000000000004
0.23193999999999992,0.04809999999999992
0.2429,0.06863999999999992
-0.16886,0.006899999999999906
0.14298,-0.18422000000000005
0.037780000000000036,-0.14576000000000006
-0.07566000000000006,-0.017360000000000042
-0.13496000000000002,0.11697999999999997
-0.04721999999999993,-0.20980000000000004
-0.07057999999999998,-0.01772000000000007
-0.10156000000000004,-0.20834000000000008
0.17242000000000002,0.10116000000000003
-0.18361999999999995,0.008079999999999976
-0.10446000000000005,-0.15436000000000005
-0.15103999999999995,-0.16916000000000003
0.018320000000000003,-0.009880000000000111
0.20298000000000005,0.17113999999999996
-0.02310000000000001,0.09496000000000004
-0.06316,-0.03403999999999996
0.1923600000000001,0.23926000000000003
0.15574,-0.05274000000000001
0.13451999999999997,0.2724399999999999
0.14273999999999998,-0.009120000000000017
0.15401999999999993,-0.010020000000000029
0.23977999999999988,-0.03198000000000001
0.01636000000000004,0.09995999999999994
0.18757999999999997,-0.05030000000000007
0.008839999999999959,0.0615
0.15780000000000005,0.12726000000000004
-0.13678,0.010780000000000012
0.12671999999999994,-0.11436000000000007
-0.14923999999999998,-0.18844000000000005
-0.22205999999999998,-0.10340000000000005
-0.13233999999999996,-0.16036000000000006
-0.07738,-0.11102000000000001
-0.06559999999999999,-0.19140000000000007
0.11640000000000006,-0.021240000000000037
0.15871999999999997,-0.08982000000000001
-0.07498000000000005,0.15281999999999996
0.09767999999999999,0.03395999999999999
0.14303999999999994,0.05127999999999999
0.2499,0.0635
-0.15196000000000004,-0.15470000000000006
-0.25406,-0.0030000000000000027
0.15101999999999993,-0.22262000000000004
0.18618,0.19387999999999994
-0.25174,0.023479999999999945
0.10643999999999998,-0.12954000000000004
-0.27064,0.1021399999999999
-0.13901999999999998,-0.04080000000000006
0.24996000000000007,0.01641999999999999
-0.013819999999999943,-0.035800000000000054
0.19938,0.06925999999999999
-0.08872000000000002,0.1389999999999999
-0.0014999999999999458,-0.014739999999999975
-0.19848,0.06486000000000003
0.048880000000000035,-0.028880000000000017
0.14103999999999994,0.11237999999999992
0.08023999999999998,0.2560199999999999
-0.09871999999999997,-0.14340000000000003
0.05579999999999996,-0.11892000000000003
0.01203999999999994,-0.00992000000000004
-0.15628000000000003,-0.06770000000000004
0.055479999999999974,0.036760000000000015
-0.056560000000000055,-0.008240000000000025
-0.25284,-0.06212000000000001
0.21489999999999998,0.18376000000000003
0.01312000000000002,-0.0022199999999999998
-0.21868000000000004,-0.07348000000000005
-0.25918,0.01867999999999992
0.02758000000000005,-0.12168000000000007
-0.12722,-0.04246000000000011
0.07667999999999997,-0.0044600000000001305
0.08783999999999992,-0.047740000000000005
0.11176000000000008,-0.23842000000000002
0.15083999999999997,-0.07738000000000006
-0.15871999999999997,-0.09724
-0.21338000000000001,0.08809999999999996
-0.13086000000000003,0.12391999999999992
0.05893999999999999,-0.00772000000000006
-0.15778000000000003,0.1469999999999999
0.20416,-0.03722000000000003
-0.2539,-0.12538000000000005
-0.30268,0.05279999999999996
-0.24845999999999996,-0.12240000000000006
0.20689999999999997,0.015519999999999978
-0.13561999999999996,-0.16168000000000005
-0.04479999999999995,-0.1829800000000001
0.07691999999999999,0.31179999999999997
0.12097999999999998,-0.16194000000000003
0.21556000000000008,-0.017000000000000015
-0.01990000000000003,-0.14044000000000006
-0.03173999999999999,0.045560000000000045
-0.13782,-0.18274000000000007
0.24182000000000003,0.0878199999999999
-0.08101999999999998,0.07316
0.013619999999999965,0.10611999999999988
-0.19064000000000003,0.0673999999999999
0.17868000000000006,0.08435999999999999
0.11103999999999992,-0.07116000000000006
-0.11481999999999998,0.1453399999999999
0.11219999999999997,-0.049060000000000104
-0.06767999999999996,0.08851999999999993
0.03823999999999994,-0.18742000000000003
-0.16058,-0.13696000000000003
-0.02412000000000003,-0.11800000000000005
-0.22898000000000002,0.053180000000000005
0.08750000000000002,-0.24014000000000008
-0.2489,-0.15024000000000004
0.22062000000000004,0.17596
0.05737999999999999,0.1361
-0.20861999999999997,0.09101999999999999
-0.14548,0.009919999999999929
0.21640000000000004,0.009199999999999986
-0.02866000000000002,-0.07182000000000005
0.20446000000000009,0.10309999999999997
-0.04386000000000001,0.0777199999999999
-0.17793999999999993,0.15946000000000005
0.16533999999999993,0.20477999999999996
-0.005839999999999956,-0.11178000000000005
0.11002,-0.15588000000000007
0.18211999999999995,0.18019999999999992
-0.22715999999999997,0.07579999999999998
0.10330000000000006,0.20051999999999992
0.08850000000000002,-0.02438000000000007
0.11280000000000001,-0.15618000000000004
0.11751999999999996,-0.027140000000000053
-0.03256000000000003,0.09101999999999999
-0.020460000000000034,-0.15130000000000005
-0.09739999999999999,-0.07996000000000009
0.17684,0.04161999999999999
0.23416000000000003,0.12293999999999994
0.12026000000000003,0.3280399999999999
0.18710000000000004,-0.041720000000000035
0.15378000000000003,-0.22206000000000004
-0.21515999999999996,-0.11008000000000007
-0.16081999999999996,-0.19686000000000003
0.2619799999999999,0.1544399999999999
0.19494,-0.08632000000000001
-0.048960000000000004,0.08448
-0.28284,0.02851999999999999
0.13488,0.09223999999999988
0.06818000000000002,-0.23494000000000004
0.10687999999999998,0.0028799999999999937
0.05171999999999999,-0.12203999999999998
0.25916000000000006,0.05823999999999996
0.18568000000000007,-0.08024000000000003
-0.23020000000000002,-0.12682000000000004
0.08282,0.2941799999999999
-0.22308,-0.006380000000000052
-0.18585999999999997,0.09445999999999999
0.12407999999999997,-0.006639999999999979
-0.14366,-0.13660000000000005
-0.05347999999999997,-0.18590000000000007
0.2482200000000001,0.11746000000000001
-0.05284,-0.19084000000000007
0.06825999999999999,0.013919999999999932
0.13932,-0.17240000000000005
-0.13721999999999995,-0.09088000000000007
0.14858000000000005,-0.11964000000000002
-0.20229999999999998,0.09258
-0.01763999999999999,0.10138000000000003
0.16136000000000006,-6.0000000000060005e-05
0.06618000000000002,0.057539999999999925
0.24726000000000004,0.16833999999999993
0.13012,-0.037960000000000105
0.15256000000000003,0.1665399999999999
-0.12416000000000005,0.05349999999999999
0.20063999999999993,0.12078
0.23983999999999994,0.17559999999999998
0.05901999999999996,0.14571999999999996
0.08138000000000001,0.13863999999999987
-0.20334000000000002,-0.0667600000000001
-0.18396,0.14103999999999994
0.038880000000000026,-0.11374000000000001
-0.14013999999999993,-0.10296000000000011
-0.13098000000000004,0.15352
0.10563999999999996,0.23371999999999993
0.18594,0.05806
-0.07366000000000006,0.01978000000000002
-0.19054,-0.14384000000000008
-0.25328,0.11839999999999995
-0.14279999999999998,0.08611999999999997
-0.03936000000000006,0.020360000000000045
0.08450000000000002,0.023439999999999905
-0.04901999999999995,0.1776399999999999
0.05001999999999995,0.14229999999999998
0.03616000000000008,-0.051120000000000054
-0.16223999999999994,-0.15802000000000005
0.07941999999999994,-0.16758000000000006
0.21320000000000006,0.18913999999999986
0.15617999999999999,0.19933999999999996
0.06459999999999999,-0.19008000000000008
0.2744200000000001,0.11305999999999994
0.14833999999999992,-0.18258000000000008
0.24052000000000007,0.09565999999999997
-0.011260000000000048,-0.19012
0.15401999999999993,0.20858
-0.23818,0.06301999999999996
0.10230000000000006,0.13901999999999992
-0.14661999999999997,-0.13670000000000004
-0.14776000000000006,0.05279999999999996
0.20484000000000002,0.09065999999999996
0.07078000000000007,-0.23332000000000003
0.11946000000000001,0.26213999999999993
0.17390000000000005,0.18399999999999994
-0.22918,0.05835999999999997
0.17979999999999996,-0.15714000000000006
-0.23746,0.01953999999999989
-0.09463999999999995,-0.05930000000000002
0.27390000000000003,0.16505999999999998
0.10167999999999999,-0.22214000000000006
-0.031019999999999937,-0.17934000000000005
-0.19695999999999997,-0.07448000000000005
0.08398000000000005,0.28525999999999996
0.1874,0.16069999999999995
0.057660000000000045,0.11605999999999994
-0.07408000000000003,-0.12174000000000001
0.20728000000000002,0.1433199999999999
-0.05357999999999996,-0.13770000000000004
0.15526000000000006,0.0014199999999999768
0.16568000000000005,-0.05610000000000004
-0.25278,0.0678399999999999
-0.27304,0.08235999999999999
-0.05786000000000002,0.010139999999999927
0.17159999999999997,0.24953999999999987
-0.21639999999999998,-0.04202
0.18201999999999996,0.20575999999999994
0.19288000000000005,-0.05606000000000011
-0.13176000000000004,0.0023399999999998977
0.014639999999999986,0.024859999999999993
-0.13883999999999996,-0.12222000000000005
0.26964,0.1324399999999999
0.16198,0.24558000000000002
0.19584000000000001,0.21131999999999995
0.15206000000000008,0.07603999999999989
-0.007079999999999975,-0.11498000000000008
-0.16099999999999998,-0.02534000000000003
0.19072,0.03579999999999994
0.047900000000000054,0.1251
0.17706,0.13463999999999987
0.23350000000000004,-0.020400000000000085
-0.06789999999999996,-0.012560000000000127
0.17776000000000003,0.12326000000000004
-0.1996,0.13293999999999995
-0.23158,0.09163999999999994
0.22956,0.02521999999999991
0.08892,-0.11020000000000002
-0.14078000000000002,0.1423199999999999
-0.022619999999999973,-0.00660000000000005
-0.18678,0.14627999999999997
0.14580000000000004,0.17547999999999997
0.16118,0.005539999999999878
-0.09021999999999997,-0.15068000000000004
0.10208000000000006,0.017819999999999947
0.035739999999999994,-0.011120000000000019
0.027220000000000022,0.03649999999999998
-0.09846000000000005,-0.10022000000000003
0.15768000000000004,0.23199999999999998
-0.11631999999999998,0.11437999999999993
-0.09510000000000002,0.06681999999999999
-0.17409999999999998,-0.16170000000000007
-0.14821999999999996,0.009000000000000008
0.20688000000000006,-0.09824
-0.14931999999999995,-0.13156
-0.04846000000000006,0.13546000000000002
0.20476000000000005,0.08267999999999998
-0.15118000000000004,-0.060280000000000056
-0.049980000000000024,0.010159999999999947
0.03432000000000002,0.13769999999999993
0.18469999999999998,-0.030360000000000054
0.03969999999999996,-0.09976000000000007
-0.013979999999999992,0.08596000000000004
-0.043279999999999985,-0.21836000000000005
-0.07228000000000001,0.08491999999999988
0.01529999999999998,-0.11286000000000007
-0.15066000000000002,0.09787999999999997
0.03926000000000007,0.13373999999999997
0.023360000000000047,-0.010099999999999998
-0.04791999999999996,-0.19762000000000002
-0.051960000000000006,-0.008500000000000063
-0.25048000000000004,-0.11532000000000003
0.006819999999999937,-0.22986000000000006
0.15816000000000008,-0.09814
-0.07711999999999997,-0.19480000000000003
0.11336000000000002,0.31282
0.19713999999999998,-0.0035399999999999876
0.12439999999999996,0.10373999999999994
-0.22438000000000002,0.13568000000000002
-0.13726000000000005,-0.11596000000000006
0.09876000000000007,-0.019460000000000033
0.09201999999999999,0.00546000000000002
0.24256,-0.04648000000000008
0.121,-0.22320000000000007
0.22483999999999993,-0.07600000000000007
-0.0011799999999999589,0.034519999999999884
0.015719999999999956,-0.20070000000000005
-0.26858000000000004,0.08063999999999993
-0.05021999999999993,0.11795999999999995
-0.11631999999999998,-0.03612000000000004
-0.20804,-0.05953999999999998
-0.23278,-0.15594000000000008
-0.06620000000000004,-0.02960000000000007
0.09483999999999992,-0.08296000000000009
-0.26574000000000003,0.12637999999999994
0.012960000000000083,0.0517399999999999
-0.17462,0.05689999999999995
-0.20782,-0.06706000000000006
-0.11580000000000001,0.011360000000000037
0.25137999999999994,0.0016599999999999948
0.0043400000000000105,0.021100000000000008
0.14808,0.19133999999999995
0.18376000000000003,0.09536
0.007160000000000055,-0.12236000000000008
-0.18422,0.10041999999999995
-0.23065999999999998,-0.017040000000000055
0.06613999999999998,-0.19510000000000005
0.09214,-0.19308000000000008
-0.20135999999999998,-0.10102000000000005
-0.26402,0.013599999999999945
-0.24875999999999998,0.09327999999999992
0.15761999999999998,-0.04352
0.09792000000000001,-0.11052000000000001
-0.13133999999999996,-0.17892000000000002
0.18672,-0.16704000000000008
-0.02729999999999999,0.07896000000000003
-0.03393999999999997,0.05167999999999995
-0.13838,-0.16296000000000005
-0.17409999999999998,0.17935999999999996
0.15181999999999995,-0.18726000000000004
-0.05178000000000005,0.08387999999999995
-0.16968,-0.010860000000000092
0.11277999999999999,0.3031799999999999
0.09792000000000001,0.08587999999999996
-0.18203999999999998,0.12793999999999994
-0.19,0.14633999999999991
-0.03648000000000007,0.013799999999999923
0.16213999999999995,0.10093999999999992
0.09593999999999991,0.18767999999999996
-0.1829,-0.05230000000000007
-0.29758,0.005360000000000031
-0.017839999999999967,-0.17326000000000003
0.09582000000000002,0.07069999999999999
0.03632000000000002,-0.25246
0.12688,0.31252
0.035760000000000014,0.08713999999999988
-0.18541999999999997,-0.15780000000000005
-0.13096000000000002,0.16093999999999997
-0.26958,-0.12612
0.06410000000000005,-0.14790000000000003
0.11526000000000003,-0.18296
0.25734,0.18328
0.12165999999999999,0.3059799999999999
-0.17293999999999998,0.05069999999999997
0.17666000000000004,-0.16222000000000003
-0.08531999999999995,0.1657399999999999
0.2017,0.061899999999999955
-0.22604000000000002,-0.0879600000000001
0.09899999999999998,-0.20652000000000004
-0.13896000000000003,-0.10552
-0.14718000000000003,0.10593999999999992
0.14217999999999997,-0.11784
-0.11349999999999999,-0.14640000000000003
0.06569999999999998,-0.15216000000000002
0.01744000000000001,-0.05743999999999999
-0.03852,0.06115999999999999
0.26612,0.1363399999999999
-0.12290000000000001,0.0035199999999999676
0.08804000000000001,0.11741999999999997
0.14654,-0.04918000000000006
0.17184,-0.10752
0.03406000000000009,0.05225999999999997
-0.12416000000000005,-0.20614000000000005
-0.07096000000000002,-0.24148000000000008
-0.24262,-0.10924
-0.22276,-0.013880000000000114
0.22542000000000006,0.19365999999999994
-0.13483999999999996,0.02966000000000002
0.011539999999999995,0.038819999999999966
0.14329999999999998,-0.23114000000000007
0.21924,0.04587999999999992
0.12168000000000001,0.29435999999999996
0.07967999999999997,0.013519999999999976
-0.05001999999999995,-0.21390000000000003
0.15544000000000002,-0.11912
-0.10131999999999997,0.06377999999999995
0.00031999999999998696,0.0030199999999999116
-0.009339999999999904,-0.14926000000000006
-0.22261999999999998,-0.0008600000000000829
-0.14501999999999998,-0.13398000000000004
-0.03422000000000003,-0.06830000000000003
0.15923999999999994,-0.18332000000000004
-0.07831999999999995,-0.13168000000000007
-0.06518000000000002,0.14415999999999995
-0.16528000000000004,0.00039999999999995595
0.2036,0.05571999999999988
0.0041600000000000525,-0.07858000000000004
-0.18123999999999996,-0.18224000000000007
0.12113999999999991,-0.18912
-0.012360000000000038,-0.13566000000000006
-0.23314000000000001,0.14257999999999993
0.23243999999999998,0.15427999999999997
-0.005519999999999969,0.005599999999999938
-0.08919999999999995,-0.19454000000000005
-0.15611999999999998,-0.0627600000000001
-0.24356,-0.12966000000000005
0.03156000000000003,-0.26376000000000005
-0.06120000000000003,0.1322399999999999
0.07299999999999995,-0.06362000000000001
0.12558000000000002,-0.14694000000000007
0.0040399999999999325,-0.25294000000000005
0.047860000000000014,-0.20772000000000002
-0.15461999999999998,-0.15356000000000003
0.09692,0.13103999999999993
0.17758000000000007,-0.055580000000000074
-0.20426,0.14733999999999992
0.16526000000000007,0.2693
0.16022000000000003,0.1905199999999999
-0.1375,-0.17340000000000005
-0.18785999999999997,-0.05810000000000004
0.26002000000000003,0.04081999999999997
0.008139999999999925,0.11471999999999993
-0.03936000000000006,0.005919999999999925
0.11234,0.12103999999999993
-0.13173999999999997,-0.05188000000000004
-0.15531999999999996,0.005159999999999942
-0.05159999999999998,-0.14222
-0.07643999999999995,-0.19218000000000007
-0.12998000000000004,0.0527399999999999
0.05928,0.05696000000000001
0.10302,0.2359199999999999
0.018139999999999934,-0.08520000000000005
0.12781999999999993,-0.019519999999999982
0.09609999999999996,0.24775999999999998
-0.16403999999999996,0.12407999999999997
0.20046000000000008,0.05115999999999998
0.18598000000000003,0.07838
-0.025939999999999963,-0.08650000000000002
-0.21398,-0.09298000000000006
0.19726,-0.09990000000000004
-0.11908000000000002,0.14071999999999996
0.17700000000000005,-0.11222000000000004
0.04286000000000001,-0.22048000000000006
0.22443999999999997,0.07116
-0.07979999999999998,-0.14464000000000005
-0.06056000000000006,-0.12474000000000002
0.11434,-0.17282000000000003
0.06330000000000002,-0.05474000000000001
-0.16212,0.07977999999999996
0.19742000000000004,-0.03534000000000004
-0.09355999999999998,0.09877999999999998
-0.08718000000000004,-0.05293999999999999
0.11980000000000002,0.03577999999999992
0.08011999999999997,-0.14870000000000005
0.24802000000000013,0.03063999999999989
-0.123,0.07596000000000003
0.14376,-0.11476000000000008
0.056379999999999986,0.11273999999999995
-0.20171999999999995,0.14066
0.08278000000000008,-0.21518000000000004
0.09958,0.12536000000000003
-0.22052,0.13878000000000001
-0.23293999999999998,-0.03061999999999998
0.1352,0.04993999999999987
0.06311999999999995,-0.11996000000000007
-0.11721999999999999,0.008819999999999939
0.20378000000000007,0.16762
0.033580000000000054,-0.26036000000000004
0.00048000000000003595,-0.18156000000000005
-0.03381999999999996,-0.05643999999999999
-0.04701999999999995,0.07099999999999995
-0.24124,-0.10680000000000006
-0.09988000000000002,0.02943999999999991
0.12683999999999995,-0.04178000000000004
0.15739999999999998,-0.15098000000000006
-0.06223999999999996,-0.07698000000000005
-0.26942,0.041179999999999994
-0.08453999999999995,-0.06120000000000003
-0.22956,0.011579999999999924
-0.05623999999999996,-0.07990000000000003
-0.14228000000000002,0.01647999999999994
0.18278000000000005,-0.11840000000000006
-0.10113999999999995,0.09653999999999996
-0.27684000000000003,0.01761999999999997
0.07982,-0.21510000000000007
-0.24781999999999998,-0.03866000000000003
0.03306000000000009,-0.09470000000000006
-0.06266000000000005,-0.10368000000000005
-0.09702,0.12065999999999999
0.14117999999999997,0.12795999999999996
0.03522000000000003,-0.10254000000000002
-0.17116000000000003,0.1272399999999999
0.06140000000000001,-0.04810000000000003
0.11676000000000009,0.2995399999999999
0.24496000000000007,0.17025999999999997
0.16383999999999999,0.03625999999999996
-0.18888,0.03311999999999993
-0.11368,0.07861999999999991
0.12080000000000002,-0.000460000000000127
0.03291999999999995,-0.18390000000000006
-0.12903999999999993,-0.03860000000000008
0.008039999999999936,0.028899999999999926
-0.28654,-0.03926000000000007
-0.2568,-0.08952000000000004
0.07306000000000001,0.21802
-0.18944,0.0034600000000000186
0.11028000000000004,0.05618000000000001
0.024619999999999975,-0.05038000000000009
0.13751999999999998,0.22106000000000003
0.18913999999999997,-0.15998000000000007
-0.06594,-0.14108000000000004
0.16096,-0.09878000000000009
0.06401999999999997,-0.029140000000000055
0.12008000000000008,-0.030020000000000047
-0.15776,0.12058000000000002
0.08318000000000003,0.26776
-0.17101999999999995,0.030119999999999925
0.011160000000000059,0.05615999999999999
-0.21846,-0.08512000000000003
0.10119999999999996,0.3105399999999999
0.08850000000000002,-0.20928000000000008
-0.17278,-0.027780000000000027
-0.057520000000000016,-0.12362000000000001
0.19630000000000003,0.25849999999999995
-0.1387,-0.14308000000000004
0.11746000000000001,-0.11248000000000008
0.08088000000000006,-0.02078000000000002
0.10348000000000002,-0.13068000000000007
-0.07123999999999997,0.015499999999999958
-0.023699999999999943,0.02425999999999995
0.13954,0.04621999999999993
0.014079999999999981,-0.20340000000000003
-0.25708000000000003,0.05141999999999991
0.17237999999999998,-0.10114000000000001
-0.13528,0.023259999999999947
-0.01088,0.03853999999999991
0.16949999999999998,0.25581999999999994
0.16662,-0.07180000000000003
0.07541999999999993,-0.14238000000000006
0.16259999999999997,0.0827199999999999
0.02626000000000006,-0.2101800000000001
0.19678000000000007,0.12988
0.2476799999999999,0.015059999999999962
-0.22258,-0.05626000000000009
-0.10183999999999999,-0.18222000000000005
0.01639999999999997,0.12813999999999992
0.17930000000000001,-0.032299999999999995
0.23856,0.027079999999999993
-0.029880000000000018,0.03143999999999991
0.07910000000000006,0.0044600000000000195
-0.13143999999999995,-0.054960000000000064
-0.16498000000000002,-0.09176000000000006
0.15088000000000001,-0.20300000000000007
-0.05221999999999993,-0.11326000000000008
0.2331200000000001,0.12868000000000002
0.20818000000000003,0.025619999999999976
-0.15916000000000002,0.06513999999999986
0.11341999999999997,-0.05164000000000002
0.02212000000000003,0.012119999999999909
0.024739999999999984,-0.13854000000000005
0.15926000000000007,0.09941999999999995
0.15866000000000002,-0.21292000000000005
0.2608799999999999,0.0696199999999999
-0.23788000000000004,0.09619999999999995
0.18456000000000006,0.17218
-0.21894000000000002,-0.11884
0.06523999999999996,0.1731999999999999
-0.029939999999999967,-0.05078000000000005
-0.08166000000000007,-0.20954000000000006
-0.03536000000000006,0.04496
0.05391999999999997,-0.018020000000000036
0.08372000000000002,-0.23620000000000002
-0.019460000000000033,0.1200199999999999
-0.07030000000000003,0.0032399999999999096
0.006360000000000032,-0.013880000000000114
-0.13516000000000006,0.18059999999999998
-0.13976000000000005,-0.10852
0.21314,0.17418
0.20284000000000002,-0.027820000000000067
-0.28044,-0.005660000000000109
0.18358000000000008,0.14747999999999994
-0.07999999999999996,-0.09222000000000002
-0.04298000000000002,0.06625999999999999
-0.02078000000000002,-0.026619999999999977
-0.14768000000000003,0.1808399999999999
0.04149999999999998,-0.05848000000000009
-0.17386000000000001,0.09859999999999991
-0.23370000000000002,0.13837999999999995
0.24837999999999993,0.1464399999999999
-0.27266,0.07109999999999994
0.08501999999999998,-0.08944000000000002
-0.1064,5.999999999994898e-05
-0.25804,-0.05998000000000009
0.05127999999999999,-0.03870000000000007
0.15000000000000002,-0.014720000000000066
0.17501999999999995,0.15479999999999994
0.16726000000000008,-0.09094000000000002
0.2729600000000001,0.1694
-0.008960000000000079,-0.10916000000000009
-0.09004000000000001,-0.19212
0.11329999999999996,-0.06968000000000008
-0.17686000000000002,0.1570999999999999
0.18786000000000003,-0.14898000000000006
0.03842000000000001,-0.15394000000000008
0.22463999999999995,-0.03310000000000002
0.22402,-0.03546000000000005
-0.07088000000000005,-0.20072
-0.21234000000000003,-0.12282000000000004
0.039019999999999944,-0.13454000000000005
-0.21639999999999998,-0.055520000000000014
0.21802,-0.03850000000000009
-0.017960000000000087,-0.06206000000000006
-0.06769999999999998,0.09343999999999997
0.16096,0.2941799999999999
-0.07062000000000002,-0.0035399999999999876
-0.07279999999999998,-0.07942000000000005
0.26616000000000006,0.09445999999999999
0.2579,0.14973999999999987
0.06132000000000004,-0.09198000000000006
-0.19163999999999998,-0.11472000000000004
0.013580000000000036,-0.12476000000000009
-0.18411999999999995,-0.08306000000000008
0.16536000000000006,0.04398000000000002
-0.15586000000000005,0.10693999999999992
0.12419999999999998,0.17928
-0.15246000000000004,0.06933999999999996
-0.026599999999999957,-0.10166000000000008
-0.009139999999999926,-0.11370000000000002
-0.047760000000000025,-0.21618000000000004
-0.23284,0.03208
0.018120000000000025,-0.07382000000000005
0.09736,0.30613999999999997
-0.18018,-0.16722000000000004
0.18768000000000007,-0.10512000000000005
-0.11780000000000002,-0.12734
0.17220000000000002,0.256
0.08473999999999993,-0.23906000000000005
-0.19955999999999996,-0.13264000000000004
0.16922000000000004,-0.03293999999999997
-0.04837999999999998,0.012780000000000014
-0.23188000000000003,0.0857
0.09782000000000002,0.32787999999999984
0.19411999999999996,0.08819999999999995
-0.026699999999999946,-0.049900000000000055
0.12058000000000002,0.011299999999999977
-0.03813999999999995,0.03359999999999996
0.029819999999999958,-0.021180000000000088
-0.07567999999999997,-0.054460000000000064
0.18533999999999995,-0.10690000000000005
-0.0026199999999999557,-0.17144000000000004
0.02188000000000001,-0.07838000000000006
-0.26626,0.024319999999999897
-0.27496,0.044339999999999935
0.09758,0.16135999999999995
0.027780000000000027,-0.049839999999999995
-0.19263999999999998,0.12615999999999994
-0.0009399999999999409,0.07386000000000004
0.19204,0.13653999999999988
-0.0363,0.06433999999999995
-0.03620000000000001,-0.09304000000000001
-0.23922,0.01737999999999995
0.14386,-0.20112000000000002
0.23343999999999998,0.18753999999999993
0.12348000000000003,0.0025199999999999667
0.14388,0.20451999999999992
-0.04061999999999999,-0.18222000000000005
0.17568000000000006,0.2756399999999999
-0.23462,-0.03380000000000005
0.0044399999999999995,0.04125999999999996
0.16552,0.015939999999999954
-0.22865999999999997,0.08897999999999995
-0.10576000000000002,0.0980399999999999
-0.26448,-0.0009200000000000319
-0.05784,-0.08712000000000003
0.09762000000000004,-0.11328000000000005
0.14764,0.21345999999999998
-0.09341999999999995,0.06371999999999989
0.16588000000000003,-0.03776000000000013
0.06669999999999998,0.10773999999999995
0.06866000000000005,-0.10686000000000007
0.2676799999999999,0.05729999999999991
0.10698000000000008,-0.0793600000000001
0.09523999999999999,-0.19822
0.0024399999999999977,0.0050000000000000044
-0.23286,0.04681999999999997
-0.04166000000000003,0.06376000000000004
0.06962000000000002,0.08949999999999991
0.26166,0.10758000000000001
0.01876,-0.049339999999999995
0.13966,-0.014580000000000037
0.07408000000000003,0.11168
0.08050000000000002,0.03376000000000001
0.07279999999999998,0.07163999999999993
-0.030480000000000063,0.005759999999999987
-0.19624000000000003,0.1152399999999999
0.1604,-0.10444000000000003
-0.11126000000000003,-0.08302000000000004
-0.005519999999999969,-0.25460000000000005
0.13536000000000004,-0.23820000000000002
0.13603999999999994,0.04049999999999998
0.14551999999999998,-0.07702000000000003
-0.14952,-0.04742000000000002
0.1694,-0.15274000000000004
-0.06040000000000001,0.09597999999999995
0.08589999999999998,0.057539999999999925
0.09121999999999997,0.27571999999999997
0.22392,0.07535999999999998
0.19372,0.14808
-0.23675999999999997,-0.10502
0.08809999999999996,0.12253999999999987
-0.21176,-0.04918000000000006
0.00768000000000002,-0.20680000000000004
-0.17718,0.08938000000000001
0.14732,0.22877999999999998
-0.18419999999999997,-0.09528000000000009
-0.034619999999999984,0.0031599999999999406
-0.09408000000000005,0.09629999999999994
0.20616,0.22631999999999997
0.18391999999999997,-0.053980000000000083
-0.24919999999999998,0.09858
-0.10038000000000002,0.17789999999999995
-0.16488000000000003,0.1651999999999999
-0.11220000000000002,0.15579999999999994
-0.15910000000000002,0.17915999999999999
0.06676000000000004,-0.06748000000000004
0.20998000000000006,0.14471999999999996
0.16610000000000003,0.03847999999999996
-0.09253999999999996,0.022479999999999944
0.05884,0.021139999999999937
0.19552000000000003,0.0021799999999999597
0.03620000000000001,0.054259999999999975
0.06591999999999998,-0.09656000000000009
0.15681999999999996,0.28492000000000006
0.13436000000000003,0.08039999999999992
0.1079,0.29477999999999993
0.024960000000000093,-0.15106000000000003
-0.07976000000000005,0.09319999999999995
0.031079999999999997,-0.15152000000000004
-0.26316,0.045379999999999976
0.10529999999999995,-0.06600000000000006
-0.19756,0.14259999999999995
0.059680000000000066,0.0485199999999999
-0.23588000000000003,0.014619999999999966
0.11072000000000004,0.22089999999999999
0.06869999999999998,0.28767999999999994
0.20633999999999997,-0.05242000000000002
0.26474,0.08089999999999997
0.14380000000000004,-0.0007800000000001139
0.13961999999999997,-0.0904600000000001
-0.005039999999999933,-0.21032
-0.05357999999999996,0.07526
0.2629600000000001,0.18508000000000002
-0.09243999999999997,0.01878000000000002
0.060760000000000036,-0.24536000000000002
-0.24609999999999999,-0.011700000000000044
-0.0049000000000000155,0.03856000000000004
-0.021380000000000066,-0.18292000000000003
-0.21352,0.11747999999999992
0.13181999999999994,-0.19260000000000005
0.0013199999999999878,-0.0319600000000001
0.11687999999999998,0.34056
0.07321999999999995,0.08685999999999994
-0.04588000000000003,0.06818000000000002
-0.056620000000000004,-0.22096000000000005
-0.20328000000000002,0.09513999999999989
0.12090000000000001,-0.1476800000000001
0.014819999999999944,0.13069999999999993
0.14239999999999997,-0.12170000000000003
0.19931999999999994,-0.019140000000000046
0.14064,-0.14878000000000008
-0.07521999999999995,-0.21086000000000005
0.06294,0.15186
0.017819999999999947,0.07118000000000002
0.006039999999999934,-0.0024199999999999777
-0.18203999999999998,-0.06392000000000003
-0.17558,-0.15384000000000003
0.25156,0.010660000000000003
0.09672000000000003,0.29102000000000006
0.07913999999999999,0.062019999999999964
-0.059639999999999915,0.0819399999999999
0.24802000000000013,0.17143999999999993
0.23687999999999998,0.12241999999999997
-0.028819999999999957,-0.15520000000000006
0.13880000000000003,-0.12500000000000006
-0.04405999999999999,0.08065999999999995
-0.21389999999999998,0.07347999999999999
-0.19921999999999995,0.08539999999999992
-0.011260000000000048,0.015159999999999951
-0.0748399999999999,-0.020140000000000047
0.11177999999999999,-0.17424000000000006
-0.02503999999999995,0.11719999999999997
-0.06686000000000003,-0.007060000000000066
-0.17786000000000002,-0.10020000000000007
-0.11798000000000003,0.0010799999999999699
-0.2678,0.11116000000000004
0.03286,0.05786000000000002
0.16459999999999997,0.08475999999999995
0.14959999999999996,0.24078
-0.13056,0.11336000000000002
0.030060000000000087,-0.17342000000000002
-0.18156000000000005,-0.17410000000000003
-0.17746,0.11763999999999997
-0.08379999999999999,-0.22706000000000004
-0.06068000000000007,0.04827999999999999
-0.20329999999999998,-0.04194000000000003
0.02416000000000007,0.0020000000000000018
0.047660000000000036,0.2921799999999999
-0.06701999999999997,-0.19594000000000006
0.13736000000000004,0.08401999999999998
-0.27576,0.09119999999999995
-0.15789999999999998,0.12403999999999993
-0.03866000000000003,0.05033999999999994
-0.16098,-0.010860000000000092
0.0013199999999999878,-0.25256000000000006
0.22652000000000005,0.13839999999999997
0.013819999999999943,-0.16734000000000004
-0.2682,-0.009780000000000011
-0.21104,-0.16880000000000006
-0.09681999999999996,-0.061539999999999984
-0.22118,0.05797999999999992
-0.07343999999999995,-0.20874000000000004
-0.25238,-0.008260000000000045
-0.12148000000000003,0.1552199999999999
-0.26516,0.0386399999999999
0.14216000000000006,0.04709999999999992
0.018819999999999948,-0.07103999999999999
0.11793999999999993,0.25426000000000004
-0.18393999999999994,-0.008020000000000027
0.17074,0.19506
0.08362000000000003,-0.22412000000000004
0.21724,-0.04770000000000002
-0.29241999999999996,0.0364199999999999
-0.19011999999999996,0.07218000000000002
-0.14508,-0.061439999999999995
0.2261200000000001,0.1301199999999999
0.18333999999999995,-0.06390000000000007
0.18957999999999997,0.22512
0.22740000000000005,0.07055999999999996
-0.09781999999999996,0.07821999999999996
-0.16449999999999998,-0.16706000000000004
-0.22081999999999996,0.09301999999999999
-0.2593,-0.12282000000000004
-0.21376,-0.07020000000000004
-0.11216000000000004,-0.07092000000000004
-0.1915,0.02079999999999993
0.13132,-0.20648000000000005
-0.182,0.07609999999999995
0.10938000000000003,-0.06294
0.11797999999999997,-0.21424000000000004
-0.005680000000000018,0.08021999999999996
-0.023780000000000023,-0.10126000000000007
-0.09438000000000002,0.0011599999999999389
0.08726,0.013219999999999898
0.11529999999999996,-0.16852
0.16559999999999997,-0.09586000000000006
-0.18336000000000002,0.05793999999999988
-0.04727999999999999,-0.05122000000000004
-0.1652,0.007079999999999975
0.25283999999999995,0.11011999999999988
0.08918000000000004,0.22219999999999995
-0.16920000000000002,-0.10618000000000005
0.07350000000000001,0.09893999999999992
0.11458000000000002,0.04576000000000002
0.15252,-0.09402000000000005
0.1179,-0.04310000000000003
-0.1372,0.08755999999999997
-0.28226,0.0028999999999999027
-0.1371,0.17481999999999998
-0.25044,0.025939999999999963
0.03083999999999998,0.13895999999999997
-0.16016000000000002,-0.047080000000000066
-0.27364,0.05611999999999995
-0.16168,0.0947
-0.06431999999999993,0.08396000000000003
0.23014,0.00036000000000002697
0.08762000000000003,-0.055480000000000085
0.15401999999999993,0.0293199999999999
0.11014000000000002,-0.22952
-0.20881999999999995,0.0958
0.13283999999999996,0.2825
-0.30234,0.04957999999999996
-0.024519999999999986,-0.13584000000000007
-0.04605999999999999,-0.0028600000000000847
0.13583999999999996,-0.016760000000000108
0.24780000000000002,0.18338
-0.20400000000000001,-0.034560000000000035
0.21860000000000002,0.07028000000000001
-0.19748,-0.08176000000000005
0.05047999999999997,0.09973999999999994
0.15508,-0.12786000000000008
-0.07718000000000003,-0.22930000000000006
-0.15602,-0.12590000000000007
-0.16288000000000002,0.08923999999999987
-0.05449999999999999,0.0026800000000000157
-0.18238,0.08655999999999997
-0.005079999999999973,0.04737999999999998
0.16016000000000008,-0.13810000000000006
0.03386,0.13531999999999988
-0.19156,-0.024619999999999975
-0.15286000000000005,0.1542199999999999
-0.22928000000000004,-0.08163999999999999
-0.13188,-0.18184000000000006
0.05068000000000006,0.14956000000000003
0.10899999999999999,0.25015999999999994
0.03761999999999999,0.14517999999999998
0.11853999999999998,-0.15972000000000003
-0.04132000000000002,-0.012900000000000023
0.07178000000000007,0.26971999999999996
0.10843999999999998,-0.18184000000000006
0.12268000000000001,0.12549999999999994
0.016800000000000037,-0.13760000000000006
-0.25878,0.11599999999999999
0.13592000000000004,0.10981999999999992
0.08741999999999994,-0.16416000000000003
0.16984,-0.15606000000000003
-0.05998000000000003,0.06553999999999993
0.09351999999999994,-0.15706000000000003
