0,1,2
-1.238462495431551,-0.1766318800928341,0.085613479664699
0.1086294431701491,0.4541920587722005,0.1563081416368458
0.2814612832451841,-0.5539149317170164,-0.7184249753362298
0.2054956261140829,0.41788256013493885,-0.05153523665338655
1.5489229506737072,-0.4357638679791064,0.6104468090625307
0.295351277685371,-0.1254771497653565,-0.7576106817946698
-0.0063242986378709,-0.1057971762719958,2.012069092586538
-0.4812009115007327,-0.0007356994705352,-0.449255173053937
-1.3046309998079333,0.890033743236848,-0.321789630195167
0.011445138917812903,-0.31870874847656533,0.24015372508400906
0.6095774339559461,0.4373762558397154,-0.21419809606005108
-1.015812347839626,-0.3381179588304445,0.0507987674127885
0.3761013177338768,1.1477959660929797,-0.504059408512017
1.0465646687167134,0.45264885610588956,0.9423975068707438
-0.03931940647551947,-0.19150113434009106,0.4531383566315265
-0.8611814359789641,-0.2548192966166979,-0.6734785733582305
-0.4645088894992411,0.39544930702833536,0.3198094507393257
-0.5147876895183012,-0.5504722396649672,-0.18984400911535715
1.1113172825385949,-0.7936210597535972,-1.0257630668435198
1.982935099283736,0.2819198294441141,0.1213491278042798
-0.733294365705035,-0.5064097982633868,-1.0979424650034748
1.0911736295411507,-0.029264273119367523,0.30948726385791253
-0.22882783867888198,0.7187543500186435,-0.7890104309471015
-0.05688789255120957,0.767275912137822,0.70231760742356
-0.7242203113720975,-0.3424692744236485,1.1338057031296915
0.5519821447815099,0.5781563840971422,1.1168434724440028
0.30003075551343117,0.8228389648245201,0.004674775388256822
-0.14626839326938051,-0.1922908800416919,-0.6217118883058621
-0.37496374465008553,0.43012070932631485,0.22489702007798418
-0.14143498279313005,1.122309259014132,0.07381324192577272
0.25951849343756617,-0.8001550260625339,0.6290703527348076
-0.1827176436762828,0.5841008713025445,-0.305569957876488
0.6138933192238741,-0.20680289192774207,0.4294905021298766
-0.10479331264927229,-0.31816700394187225,-0.29618040553777997
0.5888152551832627,-0.22539941956116616,0.10768072839904878
-0.5637724416508783,0.1293442155062554,0.27824553899380217
1.033906356803715,0.3880862826511443,0.2090281493174197
-0.3526265849860724,0.073511711946215,-0.5661874876393732
0.4495200806500866,-1.3506251336473871,-0.033805406273205
0.38923260650340846,-0.535904407632271,0.10205605395394916
0.5021945863732444,0.6687731612001707,0.09520616738290567
-0.5823116105743363,1.1619106481472712,-0.7740208159123094
-0.6994492164953862,0.2437276263127805,-0.158960756793797
-0.1758318499275563,-0.7547698892263104,-0.5726495262159716
0.6887619649848857,-0.39714268041526535,-0.14056559343131683
1.1751435995339559,-0.4173350892126011,-0.09509669809284708
-0.10409601630747786,-0.8086572782970921,-0.07571407807937806
-0.521437204439266,-0.0273907789791991,0.32514604394538205
-0.758664845729246,0.06273518141484105,0.03730470844348194
0.04441391700441616,-0.17704150404346117,-0.027020161233771267
-0.7363367883586143,-0.30507955850101626,0.1866762054131689
0.08862482319217237,0.19477761899418955,-0.9843361020960091
0.6722437074928687,-0.4103094599977337,0.6092110792118144
-0.3700433033326658,0.4047435585343676,-0.21035113400314123
0.5535595179233965,-0.5122494443148949,0.5829234637699934
0.020758968283854456,0.29635766928857904,-0.05679602679356462
-0.09518551298734815,-0.05425511525944604,-0.35486033619235996
0.5008001257596787,0.34261803876956154,-0.13150946349090403
0.39353996664235247,0.5985099643070345,0.34972515733338894
0.2866291870115565,-0.3653628107789764,0.2754122955122469
-0.009958383761490608,-0.17140460003834662,-0.0421110141762507
0.14670959763933278,-0.15483382659033107,0.6530478747118783
-0.4812302473310842,-0.1488487337784197,-0.7652233197205367
0.4146422871408537,0.3944752326492101,0.0985306207262524
0.007148410444327541,-0.7999348325747838,0.18919125825262717
-0.47769204121806375,-0.4696258686284021,-0.46106858989583677
-0.054968490757004766,0.14183442095654777,-0.48202136243754407
0.09821146436592798,0.37477020346386636,0.018030810051677504
-0.7357830832230142,-0.2418901920283958,-0.015297702416390557
-1.1608310031078313,0.09345473528418012,0.32540996856565296
-0.34849790338235337,-0.35954370527176543,0.1931948126601023
0.2670159151518574,0.6686445785864399,0.2810171644311837
0.5888306937254509,-0.36559120850038146,-0.0913533206508067
-0.1931216976401136,0.3511809196894641,-0.36286166701218114
-0.03500462799282941,-0.025088160497070383,0.3871012809712357
0.1045325168313368,-0.9206297778535586,0.2870638397961335
-0.2949992573256164,0.03148189596406761,-0.16765482859835212
0.5023521649023408,-0.6499490042697668,-0.40663137511355113
0.46949536110769385,0.6206696825429837,-0.06131255319718237
0.5171505992156477,0.006845950625946701,-0.29958880176261093
0.3734835370200973,0.20570160203723947,-0.2623813539995034
-0.5460630055463174,0.12778246735042384,0.47634324141329304
-0.26377283764451165,-0.12166522633042338,-0.1278975446348894
-0.17350754774157728,-0.018118740921628827,0.3548376662781025
0.038384723133459114,0.27651899266203617,-0.14501722174390996
0.04166650572913933,-0.38208158619747723,0.10879257698169784
-0.04691538817585214,0.545904302870331,0.023262375549378336
0.3173951526774955,-0.7256555461832823,0.5046518097357378
0.7094924950702713,-0.25331669739836293,-0.744080042704144
-0.02540335634543911,0.34329226569550547,0.14427895156599843
0.8453241746576318,-0.9660796288202289,-0.28131911891801065
-0.3771850278956471,0.4632712200139586,-1.2997229067462626
-0.6946606791962773,-0.39328261295921224,1.6623186437636155
0.13549210686355312,0.1389443638621933,-0.7802467751631084
-0.306710681232664,-0.39832958912161565,0.07557841979556554
-0.5074450057120073,0.919510781060885,0.01358083143295162
-0.25484827572485147,0.19698129127742933,0.029661857478200992
0.052508392025091485,0.7114690289858956,0.930664413059392
-0.2577853648520452,0.5471932894298657,0.3874970269547249
0.3576167362482202,0.13277765080668064,-0.47540911490552173
-0.24531295125475455,0.4351816783891011,0.2697161132604601
-0.09658076659795176,-0.34283040451976765,0.08431866588756667
-0.06648377680691359,0.09023079516152616,-0.1839695122102757
0.08594535779295798,0.43252763379251197,-0.11418978356118611
-0.03438586122393729,0.46203847588273456,-0.8976325572200513
0.14665379018835192,-0.06902786332797767,0.279178091839109
-1.5127787168337223,-0.4960891152493524,-0.19314125828176823
0.8088436706341205,0.32257397282562433,-0.4371046761213624
-1.2169228500982234,0.016688396432445296,1.672985118369254
1.4476340866104704,0.4946764955670785,-1.0694137893048188
0.5056284277537872,-1.7495187438829205,1.0518917884440404
0.11878938304499978,0.17430933929505957,-0.2885149619905895
0.9286382181428279,-0.015239215974802267,0.24287221436141349
0.398314394351785,0.04260733137586853,-0.16038903217153688
0.013425918241238566,0.12533584303503204,-0.09318304008572295
-0.19030624991705147,1.0745332240237555,-0.2649110360306032
-0.19843278089996877,-0.41182003800178096,-0.33552119838722205
0.014637322232891825,0.161341205123955,0.683799430474349
0.23500322961939968,-0.22012000645281193,-0.8242908500238255
-0.033844800056909666,-0.24851924419362414,0.577151099872089
0.22681818322928718,-0.36347826940717987,-0.060845102350168545
-0.6443113271233644,-1.0363150201004616,2.177527399609551
0.10424369651921597,-0.28726879988368165,-0.9252438483768823
-0.22773088280910855,-0.3127134935500822,-0.08016996982491836
-0.13371483408385063,-0.009091919049673542,0.5348452845385413
-0.5143673080340034,-0.5187017206803346,0.013405692662353197
-0.054899604264089644,-0.13981907580311642,0.30308629812712473
-0.6426464198117048,0.2135880569712621,0.0962679452389633
-0.8535404810036683,0.200363641820993,0.13690097851410404
0.005013840841865791,0.23039809102977574,0.008080994189673493
0.81287441382429,-0.531606622916323,-0.432573637076163
-0.17604737519858377,0.03017655851573156,0.051173279403306265
-0.6409397401893921,-1.2563375205030574,1.0484910174410318
0.22246746231973116,0.7072522313054508,0.3125418331262641
0.33363151190300233,0.5229428523111337,0.37589873564388754
0.3261960255990052,0.8117889528222795,0.08491220197244045
0.47688611907525763,-0.27226351161416684,0.44723297488102076
-0.17533894925541355,0.08172735509788587,0.17967134566071685
-0.12696797668293675,-0.5936613375128241,-1.0402832484932265
-0.0070941809232375475,-0.43928758028083087,0.5658043124276738
-1.0643381609931857,-0.5446786656054666,-0.24683560365580126
0.10660285786670862,0.17542147522357832,0.8066377337552936
-0.26781023800370574,-0.45432817190352487,-0.33673955067909533
-0.014906259595786675,0.267399013816978,0.2019144260580199
0.20633813492631992,-0.18505980241619957,0.20343161698953655
-0.29180983005519623,0.45997439882497587,-0.21131872326580947
0.41319515647019256,-0.5510921732677726,-0.6371912307331793
-0.03441005134241304,0.33465148564646763,-0.43423363247264224
0.8499293511935142,-0.17339721195325664,0.1810535506813897
0.8178310635506792,-0.06835457838437138,0.2147230298384239
-0.9409855049605911,-0.3353707852552598,0.026408532056232115
0.08180602252952351,0.5861142812704624,-0.35548989469403464
-0.5131192721078102,-0.1086756790017486,0.5200147638464577
-0.09560324802040931,-0.33925201831554985,-0.3876450153160306
-0.011789586415163242,0.024930114766523126,-0.7398427659700013
2.0266556621435154,0.4213128310763494,-0.3258936433594382
-0.7852271142979912,0.5369616118948575,-0.23584945304735516
0.11542815478097729,-0.5396845501594963,0.19704728065034807
0.3279052306579164,-0.6704848051721244,-0.8513212536296166
0.0914420437448834,-0.08797738081417575,0.04007260414915144
0.5238352508100698,0.25277993066481874,-0.19345939602722445
-0.417177797267284,-0.19109113153865298,0.04166676990159217
0.011695164024847271,0.03210517373721983,0.14726809938685545
0.15256334201877772,1.2499919618067108,-0.5462427235085278
0.129494372218733,-0.8991205462209738,0.5425187037036904
-0.4564998797329846,-0.4980329016346799,-0.048293081805966726
0.6172336331317002,0.01716466655354537,0.38331550885962895
0.14313596499263376,-0.5202923532097761,0.1600453178467986
0.022565788125707337,0.39407364018531726,-0.27347518876057364
-0.7402019382745553,0.9020865170315105,-0.36840547776898835
0.5202979160228001,0.7650334921329573,0.4113124926201982
-0.029670079767011304,-0.5861220538357634,-0.6260555001232215
0.21244328376915386,-0.6467812338079316,-0.6328219592935662
0.1973150280680363,0.6780798159069713,0.40439280340695327
-0.10776389957318733,-0.1553011720735146,0.2258651698490926
0.2819390409037844,-0.9746833078294296,-0.5110925174856362
0.24579114194848475,0.4830957379931077,-0.021721898422105937
-0.17012054039214797,0.5063612527057025,-0.12577338875293378
-0.030593008359208654,-0.4723367019577595,-0.2889173302733723
0.023907769251574507,0.08699598680936274,0.12189808040899153
0.7704334708061754,0.22427345463858797,-0.46320240114122024
0.22679119156164917,-0.17891150448725424,-0.29712315798503297
-0.5269670831050461,-0.5437065249076249,0.326849692314634
0.04294083087095325,-0.9706023996375777,-0.3366615536659558
0.954103384858692,1.1032239558684305,1.5091032297000821
-1.0265189544545488,0.3554308441715631,-0.130717662909656
-0.7143469162590008,-0.2010861759551829,-0.8078689602615463
0.28312239556716967,0.2969905923062234,0.15577960197458213
0.8969558888660092,-0.15673523973727904,0.42194793039154027
0.001958984989794091,-0.4898652468289918,0.12998709069647582
-0.10333728256520894,-0.7802090912498894,-0.5195267855801925
0.053988361080990255,-0.5827643113925147,-0.07995816248109511
0.13261300799831638,-0.24491538651731437,0.4209558620343847
-0.1937671990308823,-0.2713711405345442,1.196898371818835
0.2583842064857638,0.6586342602655297,0.3408073693043334
0.3817654501962754,-0.014666519837030947,-0.6758855635221188
-0.29055517090654837,-0.2554892465903358,0.25588596324441504
0.449909929181249,0.6048033074915913,0.16113751333537873
0.14031630322743685,-0.614573955733372,0.044959094801517524
0.08429611592986457,0.5391611109291873,0.127134875219874
-0.19907960414457798,-0.6332151114522919,0.1944956916703615
-0.18670903288161145,1.0377620331883255,0.22153759578358337
0.5718211880251611,-0.12209826600638782,0.3655682634510813
-0.13846745872531702,-0.18135073332990204,-0.36920094600898123
-0.16946360301158148,0.0959963392653439,1.1400713405141965
0.4623129879987297,-0.13183921042035493,-0.49016689281435066
0.759069220451297,-0.03831762365403968,-0.2021740062384713
0.059560357426846636,-0.3529236011556521,-0.7232447440120764
-0.1055231648341936,0.1515766106079976,0.009790687397542741
-0.29379241546296897,0.6503996235300586,-0.23642566710122376
-0.11786380429264183,0.31702608753022443,0.2446494744431048
0.12512373794827653,-0.33875662913683546,-0.8846129570045052
0.6104944145191363,-1.0853641924480697,-1.2929545858871478
-0.8213021710753932,-0.06177392712023852,0.4839158938924311
-0.44016680121349905,0.23458990941314004,0.24101246742904414
0.29644634155642535,0.09236413784396866,-0.07392172141447749
-0.23543915000602117,-0.6951154481284056,0.0051365077306035345
0.5730719188809584,0.35249825347607905,-0.08079276278732946
-0.0236799515337375,-1.18645122350971,0.4213049825132904
0.1511659925966936,-0.1140179568233893,0.6174269852742997
0.36641749043714456,-0.5346238512710841,-1.252014325208155
0.28980472966521575,0.11437765235493116,0.5585546153729314
-0.0343004473792487,-0.08819617803297441,0.23947556469479175
0.01004313046485969,-0.5024623508338709,-0.1979798565095475
-0.09417309581791676,0.187599488490733,0.17621483533034787
0.1828707141223349,-0.2598296111731489,0.33083532024832657
-0.4121860655337618,-0.28176512358818495,0.2591030592226387
0.035122020616563956,-0.374593965519415,0.6935743077649781
-0.27171031965478487,0.2846308308979945,0.24539426550153853
0.36344239109974785,-0.3819243174629112,0.157064451510888
0.00716175986213774,0.5199721473354479,0.49805318449962044
0.4307134182861765,-0.17442011113068673,0.15073578451874292
-0.05212973810717214,0.31699410433532055,-0.46012913042457915
0.11502482948498542,-0.2781196078979004,0.47922471517341014
-0.06526287335092462,0.16370520428140026,0.13582696450532877
0.31595369184398,-0.6985077781079768,0.2255388187663423
-0.1333062794505755,-0.08244858747982647,-0.3586552883500921
0.8337670789468684,-0.18585641964348953,-0.1970880553211224
-0.05790749319725852,0.3567981430306373,-0.16037915364874927
0.5807387105296189,0.48253938263123053,0.4733736937128634
0.7343318976521246,0.3397031261793333,0.887341121849412
-0.20853909029909887,0.3377981979838705,-0.16051760158929623
-0.0692286466245631,-0.0633534941874419,-0.6732401844942237
-0.1262126653599258,0.21187096236854253,-0.4782666555256835
0.07085326054453739,0.6111822144359745,0.8323854716505608
-0.2786842371470945,0.02088138747593718,0.08260988931766748
0.7502529581021753,0.0053442418666776875,-0.3001211724727877
-1.0045715745434671,-0.8268798394733086,-0.380436465953645
-0.1568777141656127,0.5099506687114647,-0.3840443720835891
0.37906548563585263,-0.25828040526625645,0.34763319013706145
-0.05123592823027576,-0.49749346310516396,-0.06280125745024522
-0.6193201576218892,-0.08247590970542239,0.3906001331178358
-0.1126947657630234,-1.2486107601324832,-0.6740244312555681
-0.5192544756052679,1.6271011450108654,1.6408387135408709
-0.14592883959124703,0.42969235239361103,-0.015300440776653462
0.26239410034667315,-0.32652784117488876,0.1205194685725864
0.39273869090486246,0.7981999071634078,0.4177424162736129
-0.20410678433621673,-0.3315757940086727,0.030432852001338495
-0.15143822021939102,0.027565944699881384,0.2600268459568528
-0.41384776740649815,0.3375569373781326,0.4712187587491269
0.1955811732267468,0.0316705541803283,-0.712219337833915
0.020172539775843573,0.09237290485747873,0.41810092004263194
0.06014847333417947,0.020743560016545468,-0.17004271241403332
-0.08907801206139762,-0.9697245935701071,-0.027391758910712244
0.057253376726420155,-0.3221983367683201,-0.5453801052937772
-0.8773508912531697,-0.5795262240368066,-1.1061348365052235
0.44929437745938416,0.5339065766091355,-0.4058809072019498
0.3630520128432642,0.3800590954191849,0.6684165608147734
0.2522765026276108,0.4116715026782016,-0.10196939882535258
-0.3062902368113539,-0.22689636141859848,0.8041695437962223
0.6260962168605356,0.07370542770643147,0.02298407482657379
-0.3939264129865175,-0.05106404324879348,0.13835312850970863
0.23010732220982985,0.039298422731377215,0.14035735238493866
-0.45696985946220137,0.5172539040521915,0.2631629095059046
0.2882750956406974,-0.8582326818232022,-0.08814161183306944
1.0953504550608313,-0.4180424925106285,-0.1148798400281136
0.042386810692547516,0.5190272265620501,0.2984478524702272
0.6462623766078988,-0.2449011663583071,-0.00334504181579863
-0.6962023278116728,-0.4723057968463003,0.23563646291039986
-0.3171296185285403,0.1003762436709533,0.09895734565824206
-0.04642102794310404,0.5471267423547427,-0.5394274561013324
-0.2608645715896261,0.3787006655533043,0.25804342298997723
0.222597186832638,-0.5001572978235496,-0.20614731837509265
-0.016500028318940832,-0.34989018119885784,-0.17325985127924542
-0.07612059929363099,-0.1869034958452802,0.2886367589747608
-0.1929939373929626,0.35837996026082,0.2043213334433263
0.11938436814650151,-0.7686116997888514,-1.2875242864381815
0.14664696816380168,0.3034272835003309,-0.4149990791288314
-0.4692037889686832,0.8700866681627599,-0.21127282554209942
-0.5615658551918002,0.49130521145951245,-0.3736818902941036
0.06301351589342882,-0.24937449646519577,-0.13151778158986355
0.08989924245063649,-0.8608924780789202,0.2222431281514375
0.8997261840173146,-0.5166891076372322,0.30384267206376325
0.8013697721474538,0.9410002105055622,0.8876540521259295
0.6655247585849312,0.24205279934758067,-0.8062936464961212
0.263550752836519,0.10815006113005882,-0.39126237002440467
-0.18575121891820423,0.14124196626037122,0.4115513619519263
-0.8457141487642058,0.31221955191905526,-0.2839577349623633
-0.7652989300091837,0.13967660790706066,0.04784913009886123
0.41305863611749455,-0.4436432187293417,-0.59346784282107
-0.2572799398604461,-0.21414507137423985,0.09442122390165691
0.32437851491478487,0.5208953206693492,0.18511627371897557
0.5751096911963762,-1.202047924957033,0.48629315516762806
-0.20765484103802956,-0.4967751496760044,0.002737065530575067
0.08805314998604089,0.22009654582053434,-0.05993680527389311
0.22717069321231836,0.09821113151188998,0.2515885386746387
0.3674504125188979,-0.14804933055147038,0.25568362070304657
0.07448482974647726,0.07086233382846342,-0.14024604094882037
0.6040317092996109,0.2489783790637819,-0.3634112631467604
-0.2799360644081491,0.27750432340812214,-0.40347871028969917
-0.6680261564508656,0.39676784266909515,0.37776852329519106
0.1110894199495788,-0.48981302562494894,-0.041363429082390664
-0.4976294576463333,0.4576611806799942,0.9320996026510437
-0.17424069023899946,-0.08703630410498078,1.0391945365947477
-0.9882630979607054,-0.06867137006874352,-0.5080746656949847
-0.10660779677879512,0.5632965552485304,0.04009917970685485
-0.3210830849943077,-0.4630281017397895,-0.19293028283046604
0.6277227835370436,-0.7441857412739442,-0.7835132745832198
0.22064204807056365,0.32590800743820675,0.08411679055132604
0.9545473814215283,0.5237917389419506,0.6730623063662091
0.2348431865004169,-0.6033745704522895,-0.06651419939532202
0.6892883161981227,0.12530929859748097,-0.16477620145101637
0.33079095082100607,-0.6567427101062667,-0.03475199757277689
-0.5984484388394598,1.0403994335277174,0.5267347181973601
0.4976172754380259,0.27526775050510627,-0.5829589846275891
0.2253362716196873,0.3273948169794104,0.17270542748439927
0.6737533072421531,-0.2029584706023903,0.13265802029298854
0.5064094349355308,-0.7662470598710663,0.3449789207505742
0.4538055461345246,-0.3317887638424642,0.4372929976173263
-0.1117381830769108,0.10368399756372498,0.0028792892665806535
-0.1819676547957218,0.6463203981913306,-0.6894576368219345
0.08611548475046628,0.5340530674551411,-0.3849842324858478
-0.3007124086792289,1.0127510893418452,0.45370745020608694
0.11220836142611584,-0.9108202407134423,-1.0470761414184968
0.18704991032157603,-0.6324929374272252,-0.46945818811024
-0.1715911433130375,-0.20761720509727438,0.47889090367827486
-0.8418088787145457,0.9011741917422755,-0.05346518520271031
-0.18591034874877307,-0.1717379363476905,-0.019932473464867942
-0.08961043982606297,-0.18518032050109134,-0.4057321807750632
-0.0589123918674091,-0.1404432216041761,0.019581193303404187
0.1610720232521698,-0.5832204080026775,-0.03513222730921281
-0.3386386519779895,0.11066040793878049,0.10811708366903058
0.5775261345860208,0.0556710604432018,0.9052520296622018
-0.7496092725599002,0.5499989938505927,0.4491770762062738
-0.6146726716255422,-0.14403113180347812,-0.463795584839913
0.03153367491805523,0.34370377458040785,-0.12571697841369986
0.28745233995191544,0.15201516905469473,0.20813640868090696
-0.12795948672367863,0.4431849731306086,0.3548798359970196
-0.17181706998375595,0.19896973322883146,0.011255916666653515
-0.8450063331160624,-0.08939961047294248,0.0361312679609567
0.3145444461429452,0.5903449016270805,-0.29258758810976465
0.06639393857577419,0.06198410349899477,-0.09266183895800856
0.47402297735138066,0.26281292147267915,-0.22748873697126953
-0.2747673472445138,-0.5249521026350936,0.6030695129108977
0.419058469146792,-0.039037430735649345,-0.5849848990598261
-0.22881757741068648,-0.9597275228976531,0.054069612844915654
0.15409248338931358,0.012926347467121457,0.25572039515560546
-0.1318391566736929,-0.17313622087418568,0.2896953841290039
-0.1586637571898888,0.2962754357403318,0.29476129408801915
-0.3846645483939675,0.026883226306197654,-0.37009256397056
-0.6717447928802946,-0.15555763971871633,0.15604778956477827
0.6526842829420967,0.13088112656281112,-0.5917895621837297
-0.06751664740230667,-0.2536833729604733,-0.14705215429084545
-0.04468092328913195,0.40459944210767723,0.8701536539577824
-0.6090195946206185,-0.2245737629520291,-0.24286520486794105
-0.22326732365024643,0.07343476047866926,0.7056149429474661
-0.3253452580772573,-0.19517672098502153,0.13030016348273235
0.5337302787221934,0.34917287428367383,0.6273650996584951
0.9960609723111606,-0.4196374169893295,-0.20254468111656235
-0.7587353752556658,-0.11572530038567687,-0.21842858604433885
-0.24703341146009533,0.2302717477116514,-0.43699092540758755
-0.22256041956195016,-0.5655769801072621,-0.1951267509809408
-1.0507846069020719,-0.3420916335806,0.40260206320928327
0.08971015594564732,0.23829128569198188,0.10746255351998821
0.4580430470310479,0.38461498870926353,-0.9896046885807617
-0.19568797574206856,0.11196064785429151,-0.6784644994130953
-0.3627341319548047,-0.03517322086307856,0.338995997150487
0.07042224618132259,0.0050474484616398335,-0.29784270758410786
0.2755542756762327,-0.23371837391848752,0.07009131992935852
-0.7788650524614604,0.4993839732194069,0.19680705513938013
-0.2146826589534334,0.2933246606225055,0.4156136135395925
0.3699392796354153,0.8934961867233352,0.7351673894399859
-0.18242625622967856,0.9047299093290846,-0.8965187492631985
-0.45351122168561575,-0.007822517116475719,-0.030253800823039245
0.44339094800378087,0.5921033286745065,0.3517571857116733
-0.16509341327610833,0.2660819917743716,0.12003860655910348
0.05117548211115519,-0.8370781657762121,-0.5033448931043678
-0.47925457412887745,0.2694893410032113,-0.15014256851765018
0.6410407583389576,-0.4122536989762693,0.28826280228474466
0.16194073192074404,0.14784027801041064,-0.3343903961069792
0.04768099556061378,0.00874586559917584,0.5089954583654064
-0.463162286858005,-1.0417699435795056,0.226168372110289
0.36583285267809373,-0.04714046411701084,0.4266221499593267
-0.7707131631350099,0.3807195561464127,0.4059622600600147
-0.519006261373679,0.39627277207034267,-0.06892568475757144
-0.7486906671547663,-0.028623731410470032,0.16236380208644458
0.4222252983906592,0.12428477631755852,-0.5918120490027443
0.22630231759688674,0.10235192500141305,0.027668268735211266
0.5728720436542343,-0.22447938330509565,-0.3174434694007881
0.3317351726327095,0.6881399905943856,0.5992924430743761
0.03138124715785698,-1.0478742261609222,-0.46850409249747543
0.46983658942278794,-0.4231646903071284,-0.1688588389934358
0.7768185732557098,-0.38736609339144534,-0.6151500347405743
0.18087001728230825,-0.1987019955102985,-0.38562976661179776
-0.03773316776973193,0.004417796995374479,-0.18772400439235554
0.3025929379785643,-0.5027976991341263,0.5767371508681665
0.24662104528678147,0.27852030178996084,0.587066653408935
-0.8070332290699135,0.6573032710921413,0.39961950763830745
-0.33697894828864217,0.009316281231812551,0.32351027325372084
0.12033790359955054,0.5386116420289389,-0.16344397261594884
-0.14358275546308702,0.6071948291975963,-0.6177436148854883
-0.21130405643975714,-0.27997961078972966,0.8457608552426801
0.10907067749344762,0.3193818634342441,-0.31932166577257004
0.3440717655254113,-0.2722993452912738,-0.23482102637879168
0.21537661033887243,-0.34924652313570637,-0.22601387204893844
-0.4375176741345913,0.2321952740777996,0.36196842949485875
-0.10050340243386433,0.2842771015864317,0.055626456459285406
-0.3000083195558823,-0.5284219510274651,0.256444954917982
-0.640145434303309,-0.8291225117534876,-0.5083494640214546
0.4492893369133337,0.24582990845072883,-0.0962737771546932
0.3330472233885622,-0.052602675116082326,-0.4394688929938289
0.14595975478835924,-0.03711782423556781,0.23155542597132617
0.12192958692724988,-0.4735206120789137,0.6266401800873485
0.1576225860290248,0.40868272094214103,0.4323982982673149
0.1511340413349734,-0.08444646486453021,-0.5363982133298221
-0.24898343396203465,-0.27252170538543785,-0.4138116343448994
-0.6118562601962573,0.32823690581959286,-0.11216355803912906
-0.07630502954873335,-0.17701732272615686,0.7434924902814997
-0.1690788796433034,-0.7979063051595978,-0.046756206602454
0.4224598600424949,0.29060128144437736,0.01621408480760239
-0.3499588913797525,0.30489838151698945,0.08932987707935408
-0.08370086088278056,0.37521535261102457,-0.13246077911561108
0.12557808353256084,-0.31114728132339986,0.353170623140162
-1.0437880631222334,0.09135969945086658,-0.4179838285284646
0.010571300802581632,-0.2900307091776426,0.840388366331455
0.11909504447225339,-0.4963100396563479,-0.2975043402838572
0.39529985933748246,0.18594368015245535,-0.28810667205081264
0.08483230219366435,0.847158275072574,0.3581720281007703
-0.5483877010133726,0.0220648549962556,0.5498447217922132
0.08699362281912695,-0.27036923798308227,0.0370327483035446
0.049415306677317444,0.7962307403851727,-0.19980520582007097
-0.8407094456196329,-0.45953809925812955,-0.6409458788078748
-0.5703362336930397,0.3151548188154185,-0.2563194506441376
0.2707473013538576,-0.09455406505483946,0.007401677248706155
0.21617123782677955,-0.46953000163153114,-0.22246935364863984
-0.15927570868395124,-0.15373542410217683,0.3971177042259309
0.2444141708117165,-0.3326382118445153,0.465335337527476
-0.13421566617842307,0.19545555412338061,0.14844156700371444
0.4193589866279814,0.4140119918441805,0.44410961245950786
-0.6250696052367121,-0.39636438341843555,0.2367895847038591
0.05099662150288212,-0.21318267732740148,-0.06377831509886361
-0.9455004699961131,1.2713504705610192,-0.5398979420183099
-0.6857545350625605,0.13783921366124297,0.28467662501356555
-0.2908782888939434,0.131708798637877,0.39307018343661193
0.3632057363755046,-0.17722822648825168,-0.036303693068222315
0.25969712474688905,0.14144093116564993,0.6791116751250595
-0.830782334124585,-0.42800961602312365,0.5200056133307147
-0.11927516160446311,-0.3924805894468232,0.8933403130560491
0.46715279524235653,0.39722603580627536,-0.7108988215821473
-0.24470878068814078,-0.06399582757134376,-0.5766617144080003
-0.3239265648361251,-0.06842213062442432,0.12009439840042807
0.009120555157056898,-0.5121716100730873,0.0805694989114575
0.12403731125829275,0.519762792767492,0.09423408126869118
-0.6141199462581236,-0.7172391192249714,0.7520542305454432
0.9204019843868352,-0.10945977072600627,-0.4340007312186468
0.6420795881853525,-0.03646629730021969,-0.42204776989503967
-0.11216592257293931,0.7743824573435388,0.4743961803739796
-0.3583819039832068,0.38933093287403064,0.19481854329796866
-0.2577693871774875,-0.10517448967782632,0.42818246459287646
0.2628787877798745,0.049655777555414934,0.18489032264352256
0.15476075067427414,-0.4096111190799557,0.2226776733826401
-0.3855427863759958,-0.18511191222087883,0.21041747599809968
-0.3747827494158871,0.3897434574968123,0.3508078591780156
0.975074138264771,0.07206692017003967,-0.47915618674042215
-0.0024138945228890374,0.21672141122808813,0.5035656920589768
-0.35060460816434325,-0.19692249229205652,0.4836028475206784
-0.2943334792410612,-0.5999484053416971,0.5512714340070473
-0.4031373872006031,0.07285328045345844,-0.27289786741830385
0.6991373367502439,0.17841403487504578,-0.2028786727852097
0.2590268456417317,0.5217834299005675,-0.004782879098064253
0.28803397832545763,-0.4101327876574093,0.3897509013805695
0.20523436524016583,0.4037361647090042,0.045580888623623375
-0.8051349239434172,-0.4309151755854588,0.7148678767033252
-0.7370739205762573,-0.17868371226088303,-0.39538133534054826
-0.0739077301366261,0.7424661799382195,-0.13085405186374105
-0.03562437854395012,0.45311482368552763,-0.4901830489823751
-0.7693397469852354,0.2948482710342175,0.3672250440353154
0.2562179350496009,0.4351594596148001,-0.7021006845410886
0.3666360793786976,0.16316227186628968,-0.025909996115186185
-0.20825835726491082,0.4533054177365824,-0.04218922894445733
0.7165294831788509,-0.5362886376180996,-0.05526969211879069
0.33211000429012116,-0.2584197170258546,0.35362420629750535
0.2752810321271094,0.25023161354093537,-0.1400335061368881
0.24871455948055576,-0.03812411398105131,0.18096826289524537
0.1476920618060059,-0.04744800320173821,-0.7338096536288868
0.3818464442049982,0.8041950545213347,0.0328626940670369
-0.6315659576377268,0.23550664178135164,0.10741056845360714
-0.08280783317181636,-0.4546130104502898,0.34636606404680437
-0.573807336587493,-0.5015923582171904,-0.3791358623319578
-0.2534691645495849,0.6442673798923343,0.387751065589522
-0.298791839161941,-0.34950455902031274,0.5982281989330397
-0.409111234643949,0.06029699619588316,0.2210339000988671
0.11484949342401905,-0.01797601021188311,0.04979499571116502
-0.7509189628694188,-0.5987406732190835,0.3508562250271525
-0.41475136176271765,-0.8077504527746482,-0.3192424792911217
0.28727030300494377,-0.06359438089291458,0.2761508236209946
0.4216117733396355,0.03936298113909267,-0.2458770442036083
0.09266874134557254,-0.5887586293444014,0.8077418195810453
-0.339870172779584,-0.30858466445936594,-0.04961713105933732
-0.21167840527963983,0.32226056335039477,-0.13448511640800417
-0.5881998964319779,-0.38311932613233174,-0.6788836799449478
0.00550444823466556,0.5823722109488125,-0.29782917099353795
-0.18658567923528735,0.14906751707787252,-0.5065085240301277
-0.2094836539840545,0.3648148803887417,-0.6085355135099948
0.03849453737261116,0.3476191840733034,0.41116340970882115
0.02831850543828024,-0.05353533765473864,-0.31528337865488143
0.018574720853130215,-0.8953879901695992,-0.46913683885221813
0.17435131908479165,0.7576634794408892,0.1877734081273232
-0.1833726562085794,-0.818191185788081,-0.0931958679642675
0.4065116254529001,0.27827861350309147,1.4235788197963946
-0.4357419616876725,0.3273651822101141,0.20244255371627987
0.05729090298747737,-0.27110275668565403,-1.2667956436459555
-0.006071924613448895,-1.5144615317115917,0.31702740708625865
-0.6439198035068356,-0.3767195085729237,0.13376848048390982
-0.03855212984787251,-0.16599124729341647,0.12414791639247097
-0.20372163460271586,0.4559627788576174,-0.682222392613658
0.31345402586741244,-0.5736092655551653,0.29006171536804437
-0.14684071054850847,0.6434204417899292,0.01668376680503325
0.28307658855925044,0.9282121369744023,-0.3928654217771502
0.10845015920688061,0.7705974066719304,0.8212118488260046
0.6253353163871535,0.3125235646984834,0.3162738574826285
0.7909909546828556,0.8415450597576332,-0.09928547964702336
-0.08558522843466804,0.26320962981222906,0.7090386952225153
-0.2095201454636624,-0.24691143635930518,0.2891142353527732
-0.1388830127320427,0.40055220276905756,-0.13052008263714648
-0.06651757527670799,0.012500815919928188,0.08876766688282917
-0.9221097434434774,-0.18422026859258994,0.19844066386453296
-0.9526933071159986,-0.4262400907956,0.27311267339631984
0.1655750768399088,0.6004345968203608,-0.5215302012779681
0.0011974217325265088,0.14936342610515463,-0.021057219071922262
0.13330789260607673,0.07648667906116265,0.5515309442149373
0.23544957994201168,-0.11579420202770607,-0.211620783719717
0.32526039622687186,-0.30964573936157147,-0.2075257263356979
-0.6880235651825117,-1.2069106372601972,0.3094640597347144
0.32823027119642556,0.11250472401716947,-0.03125112803655036
-0.12482140441847606,0.21434645256890292,-0.04073105583043257
-0.2602175369268439,-0.18856435183993575,-0.01893489472539183
0.23711578658599675,-0.031065330798537197,-0.7312558325412392
0.07452759614647211,-0.6082111487888988,0.6086599830701866
-0.27197261230987735,-0.16022673369013518,0.020379430095694873
-0.10105116296073924,0.6834284741000668,-0.4915168552939346
-0.5478291402700654,-0.6957978480650001,-0.38733714257026075
-0.0676186891580222,-0.5453762697166149,-0.36877023914528473
-0.33316487335373757,-0.07726766145279397,-0.6660857867843215
0.6593142847361964,0.37993478473166054,0.3111489455672865
-0.6796068264438689,0.7371855498896391,0.03858890260000923
0.3400423585579503,-0.2233174683811951,0.017442637110008916
-0.36159686849461453,-0.9626353834246415,0.5672916238592618
-0.35549860308692083,0.5498470390699204,-0.5257109815759009
0.022751298838492653,0.8083887255573398,0.16861129949665246
0.22249500957074075,-0.08196967956305937,-0.9901173626925814
0.5195371604256132,0.32610472760856113,0.8961217905383688
-0.1888553619024594,-0.034809850935083375,-0.007774125955092109
-0.15844431487989064,-0.26464550017325916,0.05576374035916867
0.015564020600886963,0.0592758465881669,0.29164725317213747
-0.6291567342909745,-0.041215843785502346,0.46777398235898016
0.7935872231652819,-0.44018602456714734,-0.2964939183984282
0.34298318169708014,-0.3527407087985578,0.8297975658208139
-0.249659788627265,-0.03703898100339359,0.25110538734522053
0.03521499104612191,-1.0545965705969853,-0.23413153331427136
0.28861642858873504,-0.22947716504304533,0.695524530162497
-0.2260345824311341,-0.2601233367840733,-0.1293434007340832
1.171583222039229,1.169252316279838,0.36138556770765196
-0.06173635346258338,0.04031744126773956,0.21768623311410928
0.4239533837982906,0.42998710094515524,-0.06779331502500692
0.46027462932402285,0.1942876031507939,0.14038992894345523
0.2090559972203564,0.5118684843220048,0.40559375238687334
-0.5328616676425039,-0.17006022607811552,0.17645194961597926
-0.2900455697328522,-0.19323872541964757,-0.04503585620124648
-0.7490415586769513,-0.03216284432120445,0.22961751561004115
-0.5704107931520733,0.10284668766789845,-0.08709844195436083
0.32454649590613727,0.6879241005283381,0.46235678873868474
-0.3763067176229731,-0.20629508632029916,-0.13945490082485906
0.266357265434784,0.4496807444301278,-0.0947011680052521
0.21000512094622692,-0.07186518812804843,0.4311964098145744
0.14533538864474296,-0.29911242776790453,-0.35685640522782525
0.19339079861438307,0.3163937027031939,0.5928479751676106
0.5589163970604347,0.4499981826378774,0.6820175248370628
0.3251467857856751,-0.39470940007325905,-0.31546294086638765
-0.5618162484950863,0.11711504167306486,-0.19768384849782383
-1.479693590036114,0.5532120603149654,-0.1308666693629617
0.14165137199329458,-0.004987377454025721,0.07758282900482641
-0.21478938583580873,-0.4379823652706848,-0.34249752967366076
1.0784014688355057,0.2869983148727438,-0.38551890146828505
0.24820306324289992,0.03564356866756058,1.2494918522731029
-0.46507800867797133,0.056996585896405216,-0.40565215684818173
-0.3917481631534711,-0.32696160466931246,-0.2060246219387477
0.054255474632722095,-0.7633005071452486,0.18340578897880355
0.9657954071682922,-0.12699760841578123,-0.2696292308220106
0.1410733053577053,-0.8348695157173311,0.1612287293803109
-0.4727156214707787,0.4878435132048088,-0.8391032933023505
-1.1467031802722176,-0.8030789622097009,-0.8739677311001222
0.2736082579364623,-0.24141835446668622,-0.20876523533674674
-0.46330071581231486,0.16613127154108004,0.23624281098225447
-0.6976818706662049,-0.6389013265162335,-0.12864826460373968
0.4729741083232666,-0.06093570182627939,0.1824225313940915
0.1650602179110092,-0.45748025122447805,-0.13329344918005723
-0.43311573632212513,-0.4956891870120583,0.5802332004286818
-1.6708184531446126,0.38099891119886903,-0.5027308797939439
0.027729612109510374,0.2854558446887825,-0.7077333738723556
0.6772054290979189,0.6375096071682993,0.9986574865772937
-0.14285599310810804,-0.4946179968719756,0.16048834886250282
0.17536049087396272,-0.4530015356993445,-0.1268124924518994
-0.3438365608949481,0.8799617180373861,-0.5885473105157835
-0.15883247577775905,0.8140270718550131,-0.46370694404258483
0.2834812850725731,0.3846358492690614,0.3111291861780975
0.3262114799200577,-0.07952004021313369,-0.533774306692149
0.1722320444300749,-0.14295507048884032,0.6213127668833683
0.7791496634032689,-0.24506841510669913,0.3986523195816669
0.00870695443890765,0.15689341498796805,0.09332157531033358
-0.3404405426688199,0.03545911732903624,-0.2367843842463459
1.2554817612155265,-0.41786267912432523,0.2182990926675225
0.10291644702154434,0.3302957156727184,0.09408974583804822
0.3796295112857928,-0.23376216445196624,-0.21755868213904445
-0.4292759652685114,0.22418971936459067,0.2680012137773938
0.12812389160688778,0.5104481206114688,0.1785407137634109
0.5754569041552207,0.5431120892526793,0.3606703809671593
0.03976108492790212,0.10264850904104911,-0.07382755442287665
-0.1677762167922577,0.7318388047774083,0.4510657852194879
-0.27927318728099826,-0.013698915710435994,0.20018979154937133
0.28574082105747434,-0.027455346331309444,-0.15739505926714642
0.3506749656781375,0.29755015684448766,-0.5842229799289316
0.09324979550943058,0.32601997977009434,-0.18842704604836585
0.6048450415334194,1.2162406437251927,0.4017164869404079
0.5807093108224379,-0.4243803301675319,-0.21723925280406647
0.029777621601002224,0.3755569629932135,0.16040405556149945
-0.02006157300278094,0.048467168318841874,-0.3018299354780539
-0.8167347248412149,0.08641826473066966,0.5396186061444076
0.27093769429052894,1.4676651484647176,0.6050953892843185
-0.7549510672166498,-0.3593465932588737,0.3120025098180059
-0.4670004158058063,0.705067245984242,-0.17474875143807006
0.2963323113204462,0.6707307906264016,-0.6037683434725281
-0.08212395515739623,-0.6792490471803554,0.8689602318970506
0.1128121195136555,0.7300238830704375,0.24618518701327127
0.14907786742007179,0.06724101174491282,-0.6775559361491059
-0.5300027948073399,0.043027340782019086,-0.43700962808063926
0.6712549711832021,0.3146226699894034,-0.13497232614656468
0.012215658031749843,-0.9454372435152356,-0.020411220045767925
-0.5981886816274068,0.5612853435148976,0.8229085812756927
-0.3024499084674106,0.40791651413874797,-0.3684740295160254
0.4820928878342394,-0.40081368386025107,-0.24231231518091176
0.09670229455517118,1.041154047100432,0.5583034851103342
-0.3405793781232008,0.3461039077032386,-0.5654574608756783
1.0684177776972892,0.34336593164199775,0.03679878621458588
0.30067148251044784,-0.3234222648905123,-0.16991404206533872
-0.10082666223415993,-0.014019987855911492,-0.8355439627305756
0.7726850867708343,0.2013397110238872,-0.5354406404021
-0.06915938938638652,-0.5208124209479039,-0.21716354742427066
0.41971533366168623,0.25209765800277717,-0.4858628840784346
1.3185326571051417,-0.8789383159574339,-0.3091777829542992
0.13083954667545383,-0.304712299217798,-0.01064466179685064
0.4627801472565657,-0.09462053659070817,-0.1210557345880311
0.23308295946330104,0.45422901726804255,0.4641524010877771
-0.062137769007005274,0.9687360104687446,-0.4609668961153824
-0.13489804511637676,0.4850509657545764,0.6560636890071718
0.3128980706533102,1.2392202146208977,-0.7551845848381863
-0.11966063685621837,-0.47124753392116925,0.6797419204589699
-0.5130327841524869,0.7954987184781517,0.2582756093497199
0.4998885694724983,-0.7279735003674562,0.45902740359230165
-0.5288700358010467,-0.4878780917231349,-0.07126489667465702
-0.39840343502653486,0.17134338199599375,0.056972682875280935
0.685148203146452,0.04843754278310407,0.1249616802225476
-0.26363388310135627,0.101903905122014,-0.12119216650480123
-0.12959372618676146,-0.26491821888229944,0.04884977544425689
0.04988754095402709,0.5030377140412068,-0.3993623295867686
-0.40108981190976306,-0.611604058973397,0.02944216721923309
-0.37428067749689264,0.25768450634182377,-0.12113722428551588
-0.7714286790209162,-0.40673188446804726,-0.15671061292495883
0.38964162502831456,0.21151875860124664,-0.9503193164213166
0.07539051377010815,0.25105562204684806,0.16412121769807664
-0.19133648083615296,-0.16724389232293996,-0.3643730798941288
-0.1932693017995053,0.07246330736124501,-0.08057213187280365
1.119946315938373,0.7688995532031188,-0.2153681770649417
-0.33357059853053117,0.6208856207090758,-0.16207958208956974
-0.696487082905341,-0.0907580584466968,-0.22740122838031485
-0.4987711632776085,0.4997048537094323,-0.047005499614989926
-0.7169908747359386,-0.6227443135845061,-0.9818340945480941
0.49148263756871435,0.0617270924859501,0.0730690965914769
-0.6689725739618292,-0.8031655447922584,-0.7686371820130098
-0.2642656536145023,0.4685289734327827,-0.6059277065326889
-0.3664572488916695,-0.8729861323104782,0.4256764641139043
-0.3683396256287522,0.3465157039218441,-0.7053001897484186
0.12279593349072705,0.23752047284197178,-0.09478601220316987
0.24321573648225092,-0.40924348459918075,-0.4872926770331997
0.002505043165603564,0.01005289983102825,-0.24511848053047872
-0.43626628477754165,-0.8120701593949493,-0.4329316488235406
-0.393456361311872,-0.33592445642540947,-0.5941505498819598
0.5273071925303225,-0.15640863656487372,0.6201314984475785
0.21988965484186118,0.15010044985177529,-0.03083390574241915
-0.07931034904059373,-0.7014193728559771,0.027965268359911782
0.02294399884446957,-0.4549517815439977,0.9526134949835074
-0.13576984971269684,0.3068162494598601,-0.174799941655
0.07618325254406341,0.23751477881912217,-0.2136978062412921
-0.03293745607343543,-0.17201599619243016,-0.22609226784661088
-0.6385823643759081,-0.38064605117605516,0.5319431490374844
-0.4548184581949186,0.06684560081528293,0.3906324952534568
0.13702579147907235,0.16132220509121478,0.4808299418264473
0.11742714352609543,-0.49556384515981977,-0.20908379582937694
0.3781314049693879,-0.38004067022877164,0.038727980635774664
-0.6629933164069776,-0.19440177739431344,0.6906254266289236
0.5267997567287066,0.023370022380008765,0.896215149846703
-0.1223358215312384,-0.20261570417819558,-0.6842867941370752
0.5379147084024061,0.5949975693434388,0.4895151988429089
-0.475204471028964,-0.23932216012629837,-0.08765940919644197
0.06492283156399947,-0.08849483373844748,0.11033211501608005
-0.2836901531056888,-0.224669332399759,0.33846043860701586
-0.06500376614262629,0.1474725597177185,0.2015877487637693
0.3280056669887331,-0.06771713557781187,0.49320445421864023
-0.11380082502798815,0.27358013668828823,-0.6466945495923443
-0.5265608240065438,-0.5512025564672709,0.24628369187029675
-0.37175828468509853,0.057438290644873366,0.21968104568681546
0.16239140046344577,0.162102068294886,0.4815574277255155
-0.3676495249188013,-0.5447741056504838,0.6326159887675045
-0.07389199040609816,-0.3354493804067164,-0.10653500973159158
-0.41479475337075156,-0.5550287871385418,0.48830369418316194
-0.00675577635256925,-0.09125609178942919,0.09254747598285634
0.15448037106046852,-0.10229689890603783,-0.5621873534285053
-0.05933417763345558,-0.17035723927432372,0.06192511584464486
0.5975319810329904,-0.9520565269451573,0.2438667882567357
-0.08974419759021927,-0.9805470172783798,0.4968091794435443
-0.11328523576115483,-0.21992226397493864,-0.22525009266939888
0.3721768384441302,-0.004649568339793922,1.0936568587728939
0.5346147350832151,0.3270159486297899,0.3961701789801563
0.23892163324584875,-0.00992912664720965,-0.30479042551613483
0.2320463566283971,0.43131066642538335,0.4942309071708223
0.4736011282253456,0.44360344424134934,-0.1524722458214245
-1.4034429959256394,0.14593915038971036,0.1263934099423923
-0.20657998826033136,0.2320875392801513,-0.3113386706333227
-0.7562709548830722,0.10147359436502318,-0.006112873021720477
-0.9373013286042441,-0.4776405335748478,-0.2192748099829659
0.9750776094331368,0.2384193208566751,-0.09201604752588009
-0.13106072651145179,-0.3528159768869388,-0.2347879355743545
0.020162101033908003,-0.5447115869769759,0.12282301941892412
-0.6237539113218689,-0.30604698231189786,-0.30401077739602594
-0.8308454376992445,0.4244551413963838,-0.28403025474782784
0.22606953695084023,0.02188742583429107,0.4921288276361433
0.08824208384909726,-0.8209210967859524,-0.33225743893797816
0.1638150902234591,-0.2415247495278562,0.24315464835003028
0.34621151275100076,-0.07684912052650594,0.3621174959282333
0.23672158006348343,0.3946774447864151,-0.18523546998453144
-0.08569971389911979,-0.7870487343790238,0.14090659784875775
0.7610651635420331,-0.12455695178961071,0.9552686934387399
-0.032424323423377394,-0.21262277675206862,-0.0002755696297961907
-0.02802068990112204,-0.07053141013254767,-0.3280284440147274
0.35929006867729063,-0.06734243475200631,0.7366882379946038
-0.19641665002416697,0.001819494320151993,0.14892139283368602
0.34854540653718025,-0.7382497326797426,-0.2766697969469007
-0.6204178553507662,0.3792344672706336,-0.5897501043238753
0.08776755485415454,0.027767366229305132,0.3472264117053081
-0.3896114035993796,0.3382547389577597,0.3948571832882406
0.08564631918619095,0.3147250211917633,-0.20564967082547708
-0.6357003818493554,-0.26962386126589133,-0.5625959334756465
0.6201554758952321,0.7345964907898095,0.19504162078996073
0.12356402086499124,1.1206343828672714,-0.3983109759189933
0.2765546770340552,-0.5825766062408434,2.23517619829196
0.08316359939923118,-0.5763305715007878,-0.03547549456140714
0.38873457137134454,-0.34489194182162486,-0.010719415395930007
-0.027163982189276237,-0.4913819520907378,1.310897798036032
-0.1122131753046661,-0.19678072938328509,-0.09203156711724785
0.6179381855414199,-0.1617308436919629,0.5293499755004412
-0.7950875312270866,-0.24624862314074328,0.16658559945246032
-0.398295368234863,-0.24816202670485007,0.23529940167695626
-0.29511120815891856,-0.010362656462802919,0.15135648512365613
0.22518035020172794,-0.2237922397094369,-0.269659948411347
0.4147497501583162,-0.21670101584987198,-0.66503325478948
-0.23319052815890748,0.49527842788761484,0.7529979185357806
-0.058770280541748265,-0.11833835828694551,0.2806160088877466
-0.5441632850651272,-0.36328655647610375,0.16090571435550116
0.06845806045780503,0.009886309556128986,-0.139618736894095
-0.13231289300099025,0.397301374552339,-0.04603888491045666
0.1806758236375095,-0.15008923740631813,-0.6573448987710397
0.10737798247934452,-0.14504648749648014,-0.6215213493024238
-0.5587228628739829,0.43367772598746407,0.10345223327767389
0.5358833299383273,0.19905556732594168,0.2543201803974956
-0.5439817773137918,0.12284825175331479,0.05668540482772861
-0.1950102232963,0.07792099837402577,-0.2647254804374368
0.9777492111135476,0.22565405670329242,-0.44319374527306776
0.21212482509792796,-0.3870820714790383,0.10594893453540359
0.22091475120608622,0.19125945816823015,-0.05648587752892398
0.41708130172094715,-0.6198979007487327,0.006812948549324738
0.28302142956256504,-0.38694509504741287,0.08635070605323461
-0.08984861499595137,0.6235288129898932,-0.41566181250918627
0.02724223074785695,-0.2637104121164613,-0.25317205003576065
0.4997796897655019,-0.054406175417697135,0.4758383151708702
0.010181547573163613,0.3044901960731653,0.25624213236923177
-0.1486746515830441,0.23088007742207803,-0.38529965540631816
0.08869663846098227,-0.07091198271013244,0.0494557555256074
1.0928642320881197,0.5982270902897259,-0.19837814070282472
-0.07824696651274918,0.533359287771425,-0.48935292041438033
-0.32993799425506376,0.05718916123119326,-0.07855629508265903
-0.5892353667965062,0.3828818712118851,-0.1961175812943228
0.31992797079201957,0.11581827455487631,-0.1666515585656107
0.5636744360153145,0.6448459381716665,-0.2259684122077394
-0.4350442477632684,-0.22485137521750298,0.45095340381713866
-0.64414060289292,0.7345380782222672,-0.5603158756312606
0.1922616524901453,0.0230018223271507,-0.6407955746447213
-0.0028122571694643335,0.6140955413774676,0.20725029059852457
1.2413198711641809,-0.6206516652009597,-1.0898176468496532
0.056630235286041664,0.02595438377569214,0.4869998638234092
0.5797225345507704,-0.19882996874638809,0.21401478177559763
-1.3302739620518942,0.24181318259073176,0.030438339967615552
0.3815210252053501,-0.010482852125002051,0.8426795399198499
-0.04046122788036889,0.03155939867376312,-0.3868557380791475
0.23102915237848326,-0.4954847859115831,0.028478802290130792
0.14341794973272268,-0.07192632725383741,-0.273607613911633
0.11247989726369034,0.5349873820189411,0.26181205921141765
0.056506903930634816,0.46111837211571033,0.15106067331890788
-0.9107554839243045,0.3146102371343029,0.04307558605466438
0.6229304726316204,0.23628147185555864,-0.5020038736930712
0.13674342140176776,-0.21270667413817096,-0.12255592102492235
-0.49072201791116776,0.1368580248614193,-0.41119681783223416
0.11197023817365673,-0.14307041539875134,-0.5335844334396536
-0.6670914278690392,0.012252320362772462,0.027854361569723096
-0.44677894824760767,0.2113154444481755,-0.29891927258994905
-0.36812415727295467,0.023577427112930618,-0.42251796509081246
0.5070728894130656,-0.14918419700481056,-0.3599552755861615
0.2574346792183132,-0.22356722904997725,0.03906812896107489
-0.2761041420886632,0.6121044092597799,0.0870634396671987
-0.5531864944904554,0.007473339100012924,0.3637758729044972
0.3839019652867461,0.1456058351022129,-0.749855766715912
-0.9154191110899459,-0.1984748060384915,0.6921292719946412
0.39718653237506923,0.34049942323184407,0.34231378724441075
0.5980992269881469,0.7626974076728839,-0.02489015270568473
-0.009062015205205498,0.44949565797309965,-0.7180704911161948
0.48541285464651385,0.16040369122802278,0.7855797258846008
-0.10015551937379565,0.12654440012079277,-0.24972045343839172
-0.06186833994522199,-0.370718174217249,-0.1317898024122598
-0.46249227146495053,-0.13473258539419458,-0.009674099762707
-0.32560936579753025,-0.040125821201851486,-0.6121149165292461
-0.9825088911413136,-0.2876294241607471,0.465216629161649
-0.6635723826486046,0.4443187935235982,0.322707064731606
0.04177647565422916,-0.022897737183567524,0.2098979867408446
0.18257255910600056,0.1922166680615115,0.8591210738869443
0.7199069209473732,-0.3431827734359114,0.807363936392846
0.14188486695832564,-0.07685482607592287,0.3881848576192024
-0.18911077200680468,-0.0653990057367014,-0.25130810096997264
-0.3466993732917959,-0.03579305608936806,-0.1290576453980221
1.3852549143871646,-0.37957348335300245,0.8761567317888908
-0.01216655877897213,-1.0099225572582191,-0.15669402394320953
0.13092835705022898,-0.44491158565965166,-0.2575748566260182
-0.20997803858177286,0.02102363081858266,-0.8578348381053713
0.44308560813784004,-0.38762885178623885,-0.2738884152140633
0.040686694520535034,0.1323765910544294,0.20312711002243916
0.018692116890881905,-0.06542224339816566,-0.5238392353034429
0.03363022122211462,-0.15958826634123013,0.27605303602702147
-0.392105587539224,1.6502568957738326,-0.5355984204226791
0.16809830441471307,-0.19478890402976887,0.056388024852776
0.3304760198741551,0.2491333887261591,0.5211572341226991
-0.21764310335330747,0.021872439088998635,0.5799348793284725
0.3605538350382659,-0.10830530653803669,-0.42256478676774695
0.3197103638900482,-0.5466842479179264,1.0704653000685902
0.27318314809493693,-0.4916201204709518,-0.296108995796772
0.6978144924651396,0.18696571318669514,-0.3374487346085478
-0.5256541350603914,0.8443265115523194,0.5576220241517785
0.26108961413352516,0.33004512453594625,0.7183207589070251
-0.4414353949922419,-0.007400610761394311,0.21813525339459672
-0.20841497062110492,0.04504602335918878,-0.5163229143812427
-0.5698826053845376,0.33154198978844196,-0.28958304518404
0.4234576188839244,0.6248532379086036,0.19079974034891306
0.24024779056586987,0.3151754640540616,-0.1903161880165462
-0.5622388862622314,0.323934453501723,-0.7518167284301016
0.1550343624999041,-0.7330745593273448,-0.10873481535735413
-0.18138083236875766,-0.0008304592175288616,0.03976745452681807
-0.03414003599304126,-0.545631038044293,0.0832099376487459
0.14611222160466297,0.23523460757462633,-0.1951643875711962
-0.3035745422285424,-0.290252536005151,-0.5561611727457809
-0.49393823254602476,-0.039773384071804585,-0.12665783363355226
1.2227288752607524,0.3380799444509225,-0.03636670249625512
-0.22258673726748582,-0.9776934169916162,-1.2935630898454393
-0.38997243537787163,0.30435872554417664,0.18061574142186573
-0.03145592251887472,0.15357292951485513,-0.49830276816691743
0.21896548264575527,-0.140993651299251,0.23934270778430577
-0.6435310460724044,-0.5318433587306178,0.3767859265264887
-0.02579865822497536,-0.25053401198195235,-0.16132108071479373
0.4159659656018354,-0.3135529543717647,-0.28655994376884764
0.6564871362568024,-0.366069853248417,-0.2759991653249585
0.5950964493399322,0.13444882288662943,0.11227278958424247
0.30854258349330854,-0.24288227271809737,0.583889434917876
0.5371813955262842,0.16786623327540381,0.5005748681720377
1.8904503276157665,0.6631294493090685,-0.8629991487813257
-0.40515129285537976,-0.08824394344367889,0.1725949299050834
-0.9843534382046932,-0.6488457379832645,-0.6012884366373732
0.4863390182345839,0.4376721649333053,-0.17542219200073458
0.17921144995485383,0.10843573360988301,-0.37690726391194934
-1.0514621941847835,-0.1273638844724111,0.07355332125309152
0.12770874894621698,1.3910355609519165,0.5413850687756272
-0.028008703713561983,0.018182916123256204,0.010367265943870274
-0.7015293007419463,0.3760100327445476,-0.7826443912563984
-0.026961875673725592,0.46517217041145154,-0.11934549781706077
0.6675222600044411,-0.3304562325298305,0.06536504338451127
-0.5136904787641796,-0.8171564147878954,0.24521626054023724
-0.012192247998698127,0.3811366891021193,0.24514459630477348
-0.08728531334335445,0.206461984651991,-0.0067075651052035945
0.4441297357611486,0.04641426847068944,-0.14086933636394355
-0.13914898375682716,-0.6719527255820726,0.0935953899197711
-0.3162202086660485,-0.8679689130173768,0.3535676688946541
0.13017448533383452,-0.1371662306112639,-0.3238934447074326
-0.07767710263186506,-0.0855657553321658,0.01586811590279083
0.0637563382229475,0.4707711258923559,1.0395935481034033
0.8537439660323977,-0.6692046998999621,0.26788389243787697
-0.08270210632948388,-0.08172525265340265,0.24954764648578887
-0.12021084181400099,0.04982444078421991,0.43337718369548633
0.41459787192885383,0.016614884391257523,-0.9280712662547258
0.34176438304186774,1.2662714346027202,0.22574894679854302
0.28609854510139765,0.16517690272094027,0.28924994427337203
0.26569465171844253,-0.10297276642782738,-1.0076844834338168
-0.2855052169834178,0.27656107534992935,-0.05077717809206206
-0.1502440607755457,0.17735509664214505,-0.3032147287585808
0.17515770786837204,-0.3523360400380199,-0.46680784268456466
-0.7214841717477058,-0.26376841912376,-0.3359807956215133
0.15795356787227885,0.3919578574018782,0.3605041420813342
-0.25504789233888087,-0.20778839405955357,0.13856530459210964
-0.6743065025342946,-0.7562980689870609,0.2859772059674347
-0.26426908334639865,-0.31607361542533513,0.4978722271431475
-0.13126874511910963,-0.4052303630536106,-0.532598554061803
-0.10673495394458328,0.20204727921796836,0.112078071374768
-0.5270149462986243,-0.13152252546213522,0.1854822957464773
-0.41225731886782024,0.13588349074856124,0.24115200642572876
-0.23907545826129126,0.3234178293205033,-0.2906610688033607
0.40861512295286456,-0.24415783198175509,-0.89811607239868
0.5072322859552294,0.28808969714758004,-0.16091026392100172
-0.8627177859049515,0.4942480344623577,0.23008483975020796
-0.3781214410984875,0.07634352902001418,0.09064366476085095
0.11887386839524729,0.062078339486258266,-1.1956053226954035
-0.21010544712369963,-0.10278888640659231,-0.33907991445309915
0.044167022752880314,0.1748121062528602,0.4022742395476172
-0.29849737643907404,-0.0026864406974623292,-0.15487034350859671
-0.0762368176129619,-0.3267600457847777,0.2621095151922851
0.8110491688816005,-0.8168560411027161,0.41994893171025316
-0.37558698385975525,-0.1348177763558194,0.5301570497666501
0.47220730063456695,-0.3717055810004458,-0.32616859888904637
-0.31250753913694834,0.2965608375917217,-0.32141761194368657
-0.33059039364034665,-0.8797915355296742,-0.04044850128547456
0.17199253716499802,0.6300690504327713,-0.46992529508647873
0.019697970225579342,0.3510994891407954,-0.6059023963874834
-0.5428449911131532,0.14509662864569045,-0.20191469380256222
-0.9362857444680891,0.5671700790011542,0.496556664255551
-0.0013692514635659792,0.32680993281173365,-0.07398913128695894
0.46823452308815544,-0.10291511865125297,0.2030473172282331
-0.16186974273661445,-0.31660853434014236,0.04380793742963007
0.45293697572705216,-0.1503791301204179,0.2839671555011085
-0.15543155313683538,-0.690570543538302,0.08410352175145766
0.3630177464144886,0.4642738694360069,0.04217052317081427
0.27107072489795614,0.08058558627376923,-0.08827548421034068
-0.28133990815892096,-0.2650357092105341,0.6185347091736412
-0.14523664386970978,0.9571170184854505,-0.862667846355585
-0.36795912858037527,0.20315362316984936,-0.5936040821783156
0.7556554916246694,-0.2275583525297925,-0.20829364030181916
0.2771917409620319,-0.29772212827297917,0.041982916319950186
0.8345429707093827,-0.5021029014104119,0.7607519889353599
-0.0845341916786488,-0.3313841589370396,0.003637471607624225
-0.19347869251504052,0.27031407541291785,0.04537294949908887
-0.23972941481856821,-0.23546346426351797,-1.1050318576019453
-0.06626642104862758,0.6046154692273656,-0.8086767502172902
0.7929190038741085,-0.01610737739213236,-0.24118273860883555
0.7342857874440315,-0.04887349591825893,0.17584738328967128
-0.9598538243698274,-0.6167800295235963,0.6311810834719713
0.26342080398453654,-0.09322745716533687,-0.5457465982764614
-0.00291619292038256,-0.15647831886661212,-0.9448103652285863
-0.3810698431579206,0.07434280459210785,0.19667584941110125
-0.4415300400738882,-0.4627754597123193,0.12325599725840852
-1.1415756162918003,-0.46638940004254714,0.22490624154677616
0.6642187041555685,0.7196146957162736,0.26132710366046835
0.3397583933948999,0.3371238510347829,0.0851391937070316
-0.00902881571095604,0.11790691701890049,0.44343138441156227
-0.13421113017395586,0.58229018835367,0.2143731094672126
-0.23053164749161442,-0.19498268311700037,0.17494673782837722
0.499038792702058,0.09348704742831984,-0.7043869981608075
-0.1909113108566988,0.5881305837053563,-0.18083926158349475
0.418652539628225,0.18956110946345844,0.1877307630029731
0.010952000297789644,0.19591239055256912,0.2784633512847915
0.18441229175545826,0.463979279355657,-0.3593942856712695
-0.3777554249837549,-0.27092975009787545,0.13845398338086967
0.49694846410592647,-0.6841751009086694,-0.37642224338780894
-0.1342197200956279,0.0846633099034268,0.27862580088485844
0.4595617288945149,-0.49384766753514037,-0.21812289016791025
0.34165918716268573,0.04880083157710931,-0.5066625930620707
0.3985070919438277,-0.7574181892034972,0.3584520802977108
0.2031668416317403,-0.13241332690254032,0.2420854883370552
0.28515868308519154,-0.04049158918648321,0.258124914617584
-0.21482568711689204,-0.12592901911952614,-0.028062493833193453
-0.6704922263212267,0.33707503826360186,-0.04982145385023608
0.47064434281201517,0.03212167553975659,0.2817891078280347
-0.7011626529583928,0.7856859375731413,1.3082972133542625
-0.9934086308916383,0.4159647500316501,0.22936517486972624
-0.2035192079220939,-0.21467264030162264,0.016286325125679763
-0.35674975106963924,-0.5867711622954397,0.19971115438568823
0.028975829173126237,-0.09771055451142373,-0.4192468576919706
0.10911918829503586,-0.4112457400420536,0.3146748852926866
-0.32350084217787745,0.46701822181213176,-0.34484683547528217
0.3059971498853513,0.29197028177911327,-0.7328080019077736
-0.117097529043203,-0.13507306983721135,-0.24953259219560242
0.05690304579616362,-0.3992340531857402,0.6409134935882984
0.2701817901198007,0.31573035171001806,0.2519166599638122
-0.019727013335528273,0.2753571333979878,0.31758718975116607
-0.6707207331615264,-0.3034563617225099,0.2446664671183838
-0.3005169048674403,0.3273405066265399,-0.08457521360456877
-0.19580311995501132,0.42743528700000927,-0.6987640082150315
-0.506805901031335,-1.1757263187762383,0.8909436815064371
-0.09024588821281222,-0.20448407219379797,0.14603597716984662
-0.7541591717093616,0.8658801619781615,-0.6110753110869372
0.9196513609886106,0.4601730084759252,-0.1496249237529388
-0.03636878552530204,0.36921721645964867,0.013702040260464898
0.07565126141828578,0.2930657788587943,-0.1352150717487589
0.5762296989184579,0.4831517794193958,-1.139083995197879
0.0902508300472816,0.6681060755483321,-0.9733286236067472
0.965264929445299,0.4982193780727675,-0.21058179652347847
0.09293277804715282,-0.6334531265822134,-0.2725641821650763
0.10879854317771484,0.0622764329634429,0.563345549406188
0.5077472901348185,0.34399971272556085,0.6489546223662334
-0.008272209140786746,-0.4354515173505613,0.3905486799523262
-0.3062821387361176,0.22129473390462123,0.6061665074243898
-0.4176166175081794,0.015218443662428721,0.47746296601318994
0.16025591876934203,0.7408005196826997,-0.9539658700446332
-0.05771065575647738,0.3636050098073559,-0.19398671123971298
0.39285118474373215,0.4326833937593154,0.12808503861864634
0.6933201168555003,-0.18591463538651415,-0.19743814262739262
0.5422966583033599,0.14332658996004946,0.1894232920594422
0.07259271683762539,0.4836446789439756,-0.4917143791388897
-0.6330011076790778,-0.23799111754548505,-0.44546295252015294
-0.8176461273151964,-0.256699474418556,-0.1748127403283035
-0.8929411420446107,0.16874044851161654,0.5736926217544577
-0.1399505542020074,-0.28159239081992204,0.49023272382050914
0.5636943109664696,0.7573358730728375,-0.027725706210495082
0.3542062561263103,-1.2403716036595989,0.13542465491032474
0.268504346872479,-0.3252275734510429,-0.020718353056089038
-0.3387722490403447,0.4615582623364044,-0.16222943233937692
0.23382624289355616,-0.2564520103635036,-0.5283308504419355
0.20384142604064537,-0.15058481971785295,0.06831656963986779
-0.26179203011152685,0.20330187217053308,-0.2232924041430968
0.6877931573786518,0.42381963575431936,-0.1538153297357348
0.5089801377701847,0.18945613209432954,0.350476299644446
0.553933624295029,0.27917290664945105,-0.4013771827194601
0.07718681535753064,-1.006077235719645,-0.06812460687854273
-0.19652874316294278,0.29470535376505935,0.39729491228511893
0.8490298767011755,0.06437390225287282,-0.3899397786653595
-0.10697812077798102,0.18730730686676134,0.2838367153245981
-0.44743891654630785,0.061823607958599924,-0.08696484469100729
-0.4952913514291334,0.21874614109918794,-0.8977381115229053
0.24887209100718166,0.1348743267317727,-0.06599217071017499
0.38551568167878547,-0.6614951230960661,0.5925102937984071
0.18666875625751717,0.6200644938453599,-0.4110836120192508
-0.3046951431113478,-0.3242609308292831,-0.5289378634567994
0.3439631814186117,-0.13975865735916077,-0.14674177351065013
0.5198332372525428,-0.0746356413156267,-1.2030068815927535
0.7156527112751649,0.5235380303072128,-0.027194676854055133
-1.0214056579235964,-0.7533873483599296,-0.3514288698074193
-0.22613190028816077,-0.702509668291861,0.3204200303416097
-0.16572320701649093,0.6162472684395092,-1.071462694475476
-0.5198747502568933,0.10873740121999152,-0.24754989364806432
-0.9945199321727417,0.29409272087381655,-0.42451612100705516
-0.057515643004743044,-1.0006801378880104,0.34807563917783546
0.2121532801168059,-0.08838698497936354,0.7459173008641173
0.286579791517761,0.11367992676958316,0.05337190944756426
0.7019390633769218,-0.5415347314784366,0.5453304961369293
0.11624150896543184,-0.6693668852498788,1.0072873820000843
-0.06478795964477871,0.585738209122166,0.11882001280799383
0.618430919615749,-0.5057559485322249,0.1991025292021505
-0.13817618229080691,-0.05185866971833994,0.34657417096720794
-0.395298285016817,0.04234156388102511,-0.36420074945930203
0.5605246212157975,0.5339602478755305,-0.0750918258277396
-0.16405749789964713,-0.03381758880393254,0.18004857978952202
-0.3240902724055671,-0.13122769884790778,-0.03218400260980506
0.0513538482130914,0.14160243999885436,0.4394008421221441
-0.5064387850817789,-0.6156499301214708,-0.2625273749758979
-0.36967460360248283,-0.277011790114761,-0.4108004364371738
-0.1741634333712232,0.5029875793532408,-0.1793694983177001
0.3056254001022798,-0.2547829347654156,-0.22510480862939658
-0.13592955948840316,-0.16911210078517833,0.3470199994330857
0.4683363934713139,0.3529093684591709,-0.24139831577723653
-0.3921451848980111,-0.19662412919105735,0.13968128731746418
0.4432619887468038,0.6588563394517366,0.270112977379528
0.2781746669836235,0.6685251684592379,0.08487681691289058
0.1669577132177067,-0.2693225866550406,0.5160603927757349
0.3195646628426429,-0.2781960868044659,0.24740414569471797
0.08350100201852306,-0.520131688990687,0.11102339176358528
-0.42123210254095533,-0.504207550644453,0.5884919598423775
-0.6649872406419756,-0.18407579914573857,-0.22437757144789852
0.07686255157101163,0.8979102267695651,-0.11072652061209906
-0.009960681151015997,0.1862589706713285,-0.10602003561367183
0.6609395014691549,0.19578751880210526,0.4428695476567006
-0.11634434715529951,-0.3017259871073686,0.11578102199999768
0.45282226417652693,-0.4307679967693624,0.5948002510270217
-0.30030217886116495,-0.44505463003987017,-0.17408991937669965
0.47806419252206506,-0.07977156466858558,0.5610360044802735
0.4629267904351637,-0.47895305173932046,-0.1914478629458688
0.004550969805303208,0.5429558540301245,-0.06432103342603708
0.11953813370321112,-0.7324984184309989,-0.9294360946188583
1.3419902254877871,-0.5515164844091952,-0.2706241977676084
-0.4462814557588216,-0.9223349931791633,-0.7617846409616608
0.4724602837299535,-0.1025882794933347,0.036354764043127374
0.4728119834304937,-0.09338668428419314,-1.0650683944791468
0.6703902313468841,0.6900535076607586,0.9518760851791834
0.08634664148862589,-0.19046237288791087,0.28555035979434984
-0.21762859783010122,0.526837457164335,-0.2267548465874245
-0.06136163971803071,0.756078937533385,-0.2883156053675815
-0.5204161568634231,-1.3232835856643905,-0.1941908566059291
0.36382047866282463,-0.10081861565349012,0.5476421333709416
-0.36429202480098555,0.2790340300268807,-0.022153145337888147
0.39971249793274855,-0.2356312557356796,-0.12345083734957128
0.20303871850282662,0.5203884762826843,-1.0025213350095568
0.425544296732311,-0.49006375360651167,0.14968367723875386
-0.3261145792547355,-0.12448087898891641,0.31622904110536976
-0.23800266876549936,0.6080981453294805,-0.47363322099837746
0.5212594677359415,0.8079158820547834,-0.27143575702218276
-0.10520401132963128,-0.3642569797380814,0.33071050382540756
0.8662243565748902,0.645207522915166,-0.5379500213614801
-0.34174313539581913,0.03860026523050989,0.4392990172392171
-0.23799036731308487,0.42544860345653823,-0.2040985131876656
-0.6125034979685446,-0.9516610399786956,-0.023610318513056908
-0.5019101842898931,-0.09644064838932248,-0.7253529452070792
0.41264959872225243,0.719986586461973,-0.6132750232394892
-0.019229084163670584,0.26153386208131724,1.0468591778898062
0.18143273022790218,-0.32807849419452073,-0.08388459979674709
-0.2902281033300557,0.31391602962088194,1.5685714156548713
0.17637925892915612,0.1033103941465822,-0.4998711113691275
-0.6605050921199529,-0.17517775286291276,0.5859747127288609
0.2201408695403821,-0.3423074929435217,-1.1709324598416468
0.2718064521159298,0.2656190608506792,0.10390470188942713
0.21108799320736205,0.6401817422983695,-0.6807884414601798
0.5341278335002158,0.8244505138024364,0.08799889343210358
-0.41807387364636556,-0.4387109217244037,0.1299734740036015
0.07081155378100988,-0.3623286790389749,0.19059490985584654
-0.4837546175041524,-0.7051478229823218,-0.4226059223452914
0.06553113727914858,-0.3025749832801799,0.07500918958935457
-0.0015534430483128553,0.08916570115661845,-0.17398857762175543
0.40361257872242945,1.2793681445744893,-0.6881122536988696
0.41721062326626634,-0.15247134908829857,-0.04806770076829428
-0.2184129438243927,-0.5660793442465241,-0.10598991343364628
0.11550698893725819,0.5614411075174827,0.19539201140333165
-0.07433252418874532,0.46820982070028816,-0.05579861745071635
0.26786055727081814,-0.1393462977170984,0.33808615177402557
-2.0546592281965577,1.2551620335885751,0.7375218461364119
-1.5076022544865746,-0.9688104461125036,-0.09341019276272644
-0.3717671607960559,-0.44975021226885037,-0.613160000167329
-0.2537081349024062,0.20140062645547321,-0.7865115116234132
-0.10233860913322701,-0.4411117709975355,-0.2747535200911788
0.2362186279399241,-0.48865424450541545,0.5653843085803636
-0.19391300850194734,0.13595959026618123,0.6254210340411979
-0.13735130103648996,-0.5303524419695356,0.5762329454158377
0.36599383138689556,0.14756064230218796,-0.18630904243687035
0.3653639568200241,1.120130060395878,0.1770589802110301
0.44321408506923643,0.2811227255749458,0.19174382893844455
0.621213331889665,-0.12715441746366743,-0.22674626163262065
-1.0574021074165623,0.34049830643561874,-0.4169904284889985
0.09838223712565936,-0.23664997770172405,-0.32985923229702224
0.3186690363416911,-0.12037394590244423,-0.4096711586314232
-0.8555735880032734,0.2187875094501447,0.103731114098563
-0.6101782504673894,-0.5396009990419746,-0.40150779848534857
0.43140009171368365,0.414698741011089,0.17996198502793498
-0.6269547083454978,-0.23119837953456904,0.6587479703513741
-0.17513820585248113,0.47460185310299174,-0.08154120935847768
0.034098100142638935,-0.829527672955704,0.0806280766745402
-0.1650711215452134,0.4504292783451149,0.1919192081407206
0.747693630862659,-0.16458915934573048,0.4682117319668495
0.6564014722247687,-0.856823576601258,1.0396438286485365
-0.1169845191808375,0.30889828795418073,1.0320858095637155
0.8758847056199748,0.2520166176922557,-0.4310636722500921
0.3562315517380339,-0.2622417660062955,-0.5453617269283885
0.6306212429884984,-0.17188503462901353,-0.06496351988750118
-0.3110832866982721,-0.06583122561743998,0.11894682764136938
0.40013679799467416,0.1664302514358574,-0.2056302464123687
0.4474945327522214,0.04951111529303296,0.4310546526277369
-0.504430624846813,0.21189970679457698,-0.02338330818875209
-0.12722395238893494,-0.6752452558200415,-0.5119122775771492
0.17941619637513884,-0.7782056297467222,-0.19421255543756882
-1.0667024504165,-0.09299307809940804,-0.19945026836123722
-0.0072656301682478275,0.03376905958353149,0.12906695905855858
-0.5091140823816753,-0.3110137218193079,0.16921807549630774
0.5405484778547959,0.7194803564758021,-0.38623077024928615
0.20814339906779744,0.40863153154024257,-0.07003968669686347
0.6933019702028298,0.6285559245385098,0.19981381153807543
0.19991885776973387,-0.1645563780176496,0.04156982569274792
-0.14330756334591244,-0.46777544442617935,-0.2526319649132984
-0.3824475702186316,0.539738384035836,-0.3849038541702304
0.5841276876847439,-0.6330710121465166,-0.16757253309291886
0.54170262904119,0.3051767723976503,0.8272756276223378
0.062091304713438156,-0.5253618578715268,-0.7734068827691383
-0.10849153459007463,0.08072818586476986,0.22507382575465468
0.4125027481010941,0.21939275923922255,-0.4304294476250222
-0.6002552554271654,-0.16792432921848088,0.11263170519373465
0.052626868797263276,-0.2158668426590131,0.3791291730649154
-0.10236091908554294,-0.6258994798874158,0.06498496187280825
0.3377468263066508,-0.8229508658181668,-0.025915862944932533
-0.8724447654154297,-0.5412684250165853,0.11138599240650353
0.43137411426262073,0.3376691864562472,-0.896474019674164
0.7482330474176954,0.5864196843568003,0.010771271036935051
-0.996899504940635,0.6813516642182361,-1.2659082181897199
0.21555834957328784,-0.11824181255694913,0.14855855972042453
-0.3350680300996728,0.08735101591397265,0.2800661728840829
-0.5674131897557284,-0.35599280162345204,0.2975548990648104
-0.25738274156166074,0.39738451938146546,-0.5573465869520247
0.6143421657368631,-0.14288138919997784,-0.2459699147684089
0.1546279231815059,-0.044134272952955855,0.5952495529616917
1.0958755221344567,-0.18717413479899514,-0.850961323742343
-0.3072293586679453,0.011258099911369002,-0.3458054936504673
-0.7325209297207914,-0.4637355129298517,0.2946598596859517
-0.627475623860456,0.4912412645630978,-0.06792727198967592
0.2863945585536792,0.10379464518887802,-0.07156771667196199
0.7105840227673814,-0.14368937518584574,0.4419724890621247
0.30837690451065,-0.3688935342941472,-0.3994511077686315
-0.19122515111526792,0.4815362969707926,-0.24549398077975657
-0.2532948083426735,0.5407751887912498,-0.29507646802387333
0.2629776121983642,-0.7962240936596694,-0.0642974015347223
-0.15926893299150063,0.3375588069331662,0.02942622325966654
0.3130063075862369,-0.2536389422304089,0.651279368509079
0.10137091507621326,-0.4082865238995505,0.759049069196449
-0.19097969252177457,0.012351026057430187,-0.2379258920775681
-0.3109841206523035,-0.33594220384531204,-0.1942123208961901
0.7641712690153379,-0.51279564583323,-0.5240894183583726
-0.4956942350759295,0.8769288106234957,-0.9029044565783014
-0.4926057405505128,-0.5863450814923147,0.8715209206135884
-0.4500080035492459,0.03557427840320458,0.24139885629667332
-0.7403423790898241,-0.27633453364067884,0.12004531975857534
-0.3280289499030416,-0.3264968256807924,0.11662665712717454
0.2965475540969227,0.36724695856306855,0.8769092684325414
-0.9232170461070159,0.5288894300139558,0.12530748703546618
0.049141692645023924,0.529724863969161,0.22427434478753983
0.2890775667828194,-0.21748968087236756,0.2487692492623944
0.4077281610455999,-0.898896175462649,-0.3284206686202792
-0.85615697072674,-0.31252327048008655,-0.7370311666547484
-0.0375362283649563,-0.5217401874727009,-0.013722472077310689
0.1766028267209644,-0.20303998151907543,0.12503822575230655
0.09405888574509753,-0.9847460075895843,0.5612126717197875
0.6222901400099365,1.1194519035049735,0.050333750741731735
0.611286261411417,-0.08015949904624661,0.18576540213271747
-0.5248901560475584,0.3346559383942462,-0.30296602645463827
0.11836163781029452,-0.1997772610115539,0.5308869142012196
0.4242844321422359,-0.4692218603528045,0.4970239080514379
0.2662317782910196,0.3239221054986205,-0.7200391346367494
0.2300426550199862,-0.20438829855530283,-0.4462504082052286
0.19385148158643506,-0.47952208960689435,0.5090097165510021
0.17577127739903886,-0.0607384940005113,-0.15785812243069944
-0.19887630758037164,-0.11169625167691147,0.7177321941110908
-0.14730737378829484,0.5563471816425087,-0.3999932418429712
-0.11366188620776362,0.03799614549275418,0.11140914196998215
0.5761393757733095,-0.2303515899013118,-0.2948830890817571
0.3832090683550624,0.016127483518783903,-0.8504022556101068
0.16686529286846438,0.01946622108644369,0.30696624618435925
-0.034203727124920855,0.23500768939620306,-0.19754170779284014
-0.4755743209805756,0.013789680718042305,-0.19054558225107981
-0.11991388314093297,0.015511151891222374,0.03182983786337574
-0.27229262682606936,-1.4220660572036112,0.7428726861736262
0.5847521329286739,-0.4461298939528981,0.04645423177606023
0.7345119670887305,0.3346196255573837,-0.24541762716386298
-0.32528494498411276,-0.3934983263741971,0.6808903114308678
-0.30910925458689376,-0.4116147719092037,0.1640383520540519
-0.3334565532503486,-0.13705511666171513,0.35037876429790016
0.005014980954084064,-0.21658576749934283,0.3432414606324322
0.4567255425521698,-0.2910616931000888,-0.019560878721503777
-0.6277887117693532,-0.38821234669699894,-0.07321429470357821
-0.5651625241289219,-0.4350573263822621,-0.26727159666862027
0.10244518217242199,0.64421754753262,-0.8095043006503766
-0.521884576932718,-0.949365811609214,-0.780020032937649
-0.0049137228062821475,-0.23314843833128146,1.0994812411972914
-0.043872303025386604,-0.834404345971998,0.37373498754480405
-0.2930342368431278,-0.4736662821987298,0.5147622100145925
0.08791721582410211,0.23642870493386983,-0.01891427515457291
0.6633116343052055,0.6712602814572481,0.43586876301692706
0.019156621115865857,0.4714018602486093,0.09331109978507163
-0.7533221639133215,0.5639842369311134,-0.05105392104179529
0.19855762133360727,0.24093835123842877,-0.4774623267375889
-0.008964139757342865,-0.1427982431038263,0.5364744976806519
-0.344798448038054,-2.013594481175315,-0.0896548764022902
-1.0229285404043422,0.2263988131947262,1.7391735011938305
0.672321534332051,0.7124141972966527,0.8236334156728105
0.28372973264483276,0.40605412242193106,-7.830967038158221e-07
-0.11146977079332683,-0.21195047211375323,-0.02975165580896702
0.18162348418442897,0.3495096361265819,-0.5867112883571393
0.6654311897347885,0.04448661691341464,-0.8511024160969224
-0.17780474225751208,0.07678560460532877,-0.7437645286127428
0.2148231341117413,0.6888319916706781,-0.5418925488371351
-0.22928608235735257,-0.20472345279346774,0.015416706537053737
-0.09628037223864831,-0.041799750888381115,0.35370641530939145
-0.349832573534817,0.30286599561816885,0.05239841095333489
-0.038896577316532996,0.6322024783924381,0.22857045975058599
0.027893775936470744,0.7761192997082126,-0.14806533028376795
0.058482958947121216,-0.3699986173505172,-0.550437149340854
-0.13954364641307318,0.2240350683028052,0.19577290718505383
-0.2942591076752237,-0.673516821081337,-0.21576980046311273
0.10486703010502248,0.2371236957838841,-0.3930656225975588
-0.6435030140270813,-0.28467732337163854,0.36847191589233397
0.5376595201703657,0.15559881785156376,-0.13074751255262
0.4984235285252895,0.6224277661253518,0.4947366268175888
-0.2656936447232108,0.9581179688880109,-0.1497353471872921
0.35576371980162935,0.5418195075076033,-0.11005773973225286
-0.0706020744851017,0.5206733418143945,0.1792728940478661
0.5195247219055648,-0.4567093380775765,-1.0931181200692022
0.48016105814794513,-0.23985904645635003,-0.48716188253148196
0.5312869783214226,-0.11246870169882314,-0.22543185860156922
-0.4790049227015332,-0.17398277084461283,-0.20702237953857427
-0.5212128098098088,-0.3370436433769692,-0.5154977095771653
-0.5231025090131558,-0.3118628283860523,-0.8684389598864732
0.08116143406833828,0.0471163554264907,0.036073819311786604
0.4560746474516041,-0.26852157677095423,-0.5157773269128894
0.024488803801163694,0.4372293596989487,-0.032615858591720115
-0.4922846075705998,-0.2719281039938889,-0.05301952001242996
0.9279157317142505,-0.3544131220469078,0.8201454291441703
0.47203887710219566,-0.1815135383967953,-1.0001842591240313
1.5382542076714785,-0.43258728128888474,-0.6484745082511242
-0.1933198869209277,-0.7738302063567517,0.6220706290662422
-0.02892761286223766,0.6914939704710885,0.2821621398909286
0.7136298797056857,0.10634417533567332,0.44363162637884235
-0.10778896811066607,0.21570152924130126,-0.03801799211303564
-0.21533846493878686,-0.9788423048324114,-0.38302352293813485
0.5408313311398749,0.13145099468054577,-0.2815363709737946
-0.2372024329961713,0.8626987845168267,-0.05792030525073932
-0.6363304171941624,0.5721904722262603,0.15673455086048688
0.4955407131923048,-0.3233561325817197,1.3929740781406104
-1.123292482929722,-0.694390638079996,-0.4386229461562569
-0.5383328680115718,0.8435806437231421,-1.007132860936722
-0.03951984546601811,0.16537005390992038,-0.6299208656745662
-0.5317794105879678,0.23323824120734943,0.06594897425129287
-0.9810177111571987,0.37700805717352703,0.5396444987391986
-0.42532476631709604,0.4176775465992255,0.3073423568609945
0.766643064079174,-0.1713178559874473,0.7622258735692834
-0.129520828465933,0.6154648190585714,-0.6735433931974766
-0.47904706787562945,-1.1779309230683006,0.05200922159774585
0.19092344131189823,-0.0778827753857732,0.1792975574551227
0.06632290843103132,-0.4296068043076014,0.05875467612236501
0.5527175984524894,-0.28401838658657225,-0.11381042613891801
0.14497514329371897,-0.73726967401282,-0.07681984795292751
0.6086447102362422,0.42401402517094344,0.4973933085938027
-0.11678840020856542,0.09157166153907516,-0.22686776816249268
0.20704367085788483,0.027973651762657703,-0.3386678571195148
0.3332540580857753,-0.6407115761198144,1.0918224152328921
0.1979988809040396,-0.9044312732691494,-0.12076528511912588
-0.5380939031972088,0.092600514276272,0.0914533289888875
-0.582110508213402,-0.11906099651035695,-0.023515774471982227
1.095554506718904,0.3012387186544907,0.6566234051087505
-0.11869151163680658,-0.04187204505054067,0.2972495151993557
-0.3153759744651519,0.6254036312175244,0.024996695126205504
0.2677933840648674,0.7363397041716557,0.42762777269764174
0.7335474220630818,0.2084375419640137,0.22543617201097363
-0.08089736074085958,0.4715351309288159,-0.08902242893088883
-0.04096371825451353,-0.5109403801079799,0.1756503574905413
0.39958950661636533,-0.06825747103564586,0.015743898925213044
-0.04467471810268564,-0.19403328724241578,0.8568045459136733
0.23789220231774477,-0.9906127039869354,0.20406094076550674
-0.8166913725070366,-0.033987474730542894,-0.7747586908543007
-0.3701117304355523,0.18896843253865345,0.4996463577778678
0.524196085071383,-0.4242193329225884,1.0268124819587439
0.50539630804206,-0.11745772294827928,0.08936837940808809
-0.6856246043060448,-0.07410839413310212,0.41970504166604305
-0.16248436361115517,-0.5439674467779858,0.5775545197053245
-0.2539854849151089,-0.5908126582832454,0.01756643520864238
0.6779963997379248,-0.7914954683511114,0.19432170664604964
0.5095129089760165,0.33631955163408206,0.48626792060043256
0.002580725420574609,-0.2208371069394867,0.061580663438837696
-0.2902915232032733,-0.6651347658116595,0.0889346681805927
0.15537064948175258,0.3653237713173746,-0.22055850087313256
0.016159105276917017,0.15099744936406045,-0.31034197484152665
0.2223337718117822,1.1894932385598693,-0.22228348440702847
0.8544670257490622,1.193544952230802,-0.2768282174165899
1.2048181838189564,0.2253744059887401,1.2892998427928966
-0.14487915665467033,1.2929480024662146,-0.3374148618368889
0.558660078225077,-0.9023071051407275,-0.5528887942811275
0.4959647166092249,-0.017746426110956233,-0.03500749353679436
0.04998939685411008,0.4718490453560672,-0.3723080813057622
-0.7860763343458859,0.7004947281455565,-0.5046415966331503
0.3452351541824849,0.8755932269225966,-1.5107995524349165
-0.3947300601355336,0.0928659576827984,-0.5827171805238368
-0.37328853285848806,-0.2636315482720361,-0.2667516263184966
0.3158461515908146,-0.5409982954982933,-0.4082861736518817
-0.12946585358812124,0.7027109118630571,0.5376246828459819
0.1166135306424829,0.5811151033708727,0.7709415204238604
0.030531703646390348,0.33945720257707884,-0.020328950822901766
0.34538579495200633,-0.8792755136823645,0.4654540167139373
-0.2651478250874776,-0.34942640261142155,0.27852470489400866
0.39107378972357393,0.056220616022741254,0.24943064984370567
0.4038493809691409,-0.182506897116244,0.3754464924811507
0.029939051079322522,0.10189647184644243,-0.39636383591285057
0.45226049892451453,-0.5113061986119231,0.019091085701775035
0.37375740937533874,0.3233432584795727,0.32593262003893775
0.4556442687704932,-0.1611442865775906,0.40229851922697657
0.027909568549674302,-0.3164191131198045,0.13365803985067642
0.11869280095411067,-0.08002486862595724,0.4459656039620798
0.19692709588778448,0.12329683040107209,-0.21246577694889635
-0.5190167588253324,-0.7423333712374559,-0.4966329284401761
0.08992442845952889,0.09827435663412057,-0.10402431466235176
0.1504195561385363,-0.3395369972942848,-0.08200911020156276
0.38815214029019557,0.09177678223705624,-0.4206285814658259
0.02531835425122024,-0.537460532775381,0.5622322726096693
-0.21557879087834136,-0.2647873540806741,0.24659587617152365
0.30516943478541625,-0.07655732846098379,-0.183334014324634
0.19423526400892405,-0.42918846363015084,1.2269715980105338
0.7957644736092754,0.21213592725421965,0.09457710596747637
0.21591035031808153,-0.30410352285596326,-0.3168658462328754
0.47655942577908716,-1.1615183913758016,0.13855330544491612
-0.3971338290462223,0.32349562372474194,0.024866733114251416
-0.08163693005914913,-0.4814259858309748,-0.21590057385708694
0.7654405076926385,1.158704964375024,-0.024075326449217463
-0.3542807004606836,0.10835796050855884,-0.2692174318380648
-0.6012137944498174,-0.19258180156171115,-0.3616087432535794
-0.5484702740335499,-0.8095764925612874,0.6230283043078979
0.01911414641579634,0.25709389343516,-0.3857392911988974
0.18436947393512831,-0.7661602632052886,-1.2012449040958502
-0.2063822082241477,0.264181235931882,0.7207089537332053
0.43889320298725504,0.19202386111229114,0.8669299346790582
0.5207907824135757,-0.13442451223333204,0.896180821843331
-0.7618467870034809,0.18208486928442336,0.28247027303416283
0.44958114317249903,-0.00910836668674797,-0.09789897523438869
0.1156362832405495,-0.8830579551400607,0.7147781461182852
-0.3281401129648225,1.3129533345329247,0.13531422686954542
-1.270969076769314,1.7581651753556955,-0.5561545766592454
-2.3952574036992766,2.007503172327396,0.0339910882618342
1.5720088234401104,0.7676220455930031,-0.150291339631461
-0.1327798306615302,-0.0004943376255510112,-0.42460138428813793
0.7100851754247367,0.555937589305644,0.027179368329942055
-0.1135610300526481,1.1114007659633756,-0.2661657692007734
0.7703164222561832,0.15239822326626834,-0.3070349645320161
0.17189264627915504,-0.1863445817568558,0.2500210034721894
-0.08557399741710177,-0.6130449627985386,0.1349119451706287
0.2551394452135201,0.6141845116867666,-0.21200758322860147
0.2811256994807935,1.1849781650231046,0.1490073329650224
-0.27470709988320885,0.353519564289871,-0.1425865734098629
-0.34293759260676837,-0.3706895026534211,0.41450417640475795
-1.3550641039482696,-0.02473244818940168,-0.49135082713734957
0.04980926456923526,-0.04680949294179215,-0.5639650578760266
-0.9242155451985329,-0.476079522065553,-0.7156491410046927
-0.4891114480355726,-0.09108332813270625,-0.1472390400352987
0.4194945289297523,0.3501474582826651,-0.45384946590505515
-0.39902175583729743,0.28346247181312845,-0.6549737821278265
-0.11404151284512964,0.26326918153319756,1.2207637715722814
0.16720563439501074,0.2981181475447274,0.38778034057207866
-0.3086894404035892,0.3582960355816512,0.07301744241206201
0.25206489477520977,-0.09065008302318256,-0.49177836095286315
0.7292985864715367,0.1133989438446706,-0.5617283540695538
0.4304370307372977,0.2777525331290767,0.10355998994660087
-0.6201484535533675,-0.20852251829766744,0.8496757009079519
0.15136787437222665,0.2666533284116433,0.631286438120482
-0.5237858312872288,-0.12962346930182822,-0.12091776501974971
0.06347966341546404,0.37407412566234544,-0.27290738809904413
-0.04726718950875132,-0.6622350066067246,0.6620689342236415
-0.22417623011805193,0.11676751331651469,-0.2784414887472566
0.7085265598328013,-0.0527187396367311,-0.6980161984419484
-0.1490340190234477,0.3176550058461691,0.09309902122115986
-0.4435412439725858,-0.5511328331614335,0.2919721175920688
-0.49193362864930357,0.26863619109444214,0.24985416521951306
-0.2127367446459697,-0.3636956105766027,-0.04597561155542976
0.3801936576567775,-0.7641061944237111,-0.16496021019991577
-0.4455459205703747,-0.4378683334231833,-0.2075319196136549
-0.05874716806851138,-0.19020344946294288,0.5343267365985942
-0.04308910318244826,0.051907811631792755,-0.3058446547784963
-0.6255963228724342,0.31531335931235516,0.17417018564185388
-0.9536407371524362,-0.8213244752498469,-1.0096147707694396
0.16883590057397968,-0.38916252182416566,0.019164026212390425
0.3795490671158975,0.08559699064430941,-0.43884148810972967
0.41068156015358087,-0.5184590674010242,-0.4304721992070518
-0.13572567274056233,-0.0824427927203018,-0.2218889521463714
0.04519261546188556,-0.18767059797595642,-0.6756019665097197
0.2645325625915041,-0.6826180845541072,-0.14727939778318772
-0.3850153994939773,-0.4246199705397764,-0.0673737734559042
0.354934988282509,-0.05285718677104875,-0.13014782251340667
-0.23325825258260768,-0.09905799502646656,-0.36445281812970787
0.12272242533464972,-0.48983712933591894,0.2683941906198715
-1.0750432532525092,-0.18525517892066182,0.7336040664714123
0.7202985772226321,-0.9938253601086307,-0.4091891846785569
-0.35592394018578455,-0.430922876234318,-1.1582783667588001
0.13388899783165506,-0.26686366367536646,-0.26316456657060794
-1.080600468559585,0.6586752981630929,-0.20383866649984486
0.856448144243634,1.042966252087151,-0.3423035910599449
0.32552384421990194,0.8876952004366885,-0.046620069446492135
-0.5487621669421971,-0.9197832157128303,-0.05918134746471307
-0.8037608834592441,-0.7450333648661056,0.13351053831367954
-0.7414110520196038,-0.36092475206144037,0.12786708625228366
0.03957277933986056,0.7457496090546296,0.5929503430747955
-0.1506299145177114,1.0511182363670435,0.28821221006874803
0.458028796624273,0.21413577960479477,-0.021662719700032182
-0.2184070420743764,-0.13390895067039477,-0.1650671029344023
-0.8359764354713364,-0.03787364410311472,0.05624805080786892
0.6574415296974385,0.3284296720693469,-0.1997347704500202
-0.37048966303496456,0.22081735042607759,0.3363338491788931
0.930110483840519,0.7537784943301862,0.615473047633432
-0.05312570029677982,-0.24769736170930962,-0.3597752294622217
0.223426863409606,-0.15983950883040665,-0.05973876753732579
0.3244185606389442,-0.5343361132000656,-0.45107639159151525
0.2333944259394234,-0.3087498554312417,-0.6068407006313872
0.18709610400533364,-0.24094039912003173,-0.19904985878109777
-0.06974596579014744,0.4541853180519768,-0.144536763886356
-0.5849291961140489,-0.6840101417246227,-0.281919477842487
-0.38702431764078055,0.39029723287928975,-0.36925437707536196
0.7244321215497234,0.10254853506660606,-0.14029728400453917
0.13310660421497197,0.12493117644699717,0.34546614251232777
0.5271543624020965,-0.07778295644659283,0.22978090605281723
0.28416049754402223,0.3556820488341931,0.19249021817001527
0.5260480896287316,-0.26365802221234036,-0.26520075927916736
-0.24248633618342913,-0.7553972039229583,-0.2194871232789165
-0.7869929335168293,-0.14118941662758872,0.78476566891835
0.2053990633177396,0.2369790546451519,0.045351223629139174
0.5259988084205834,0.4227386364944331,-0.3151208875700271
-0.26290931596030986,-0.6589565249896716,-0.628310274753324
-0.02759452437857457,-0.04777157737336743,-0.5834278902499641
0.22401528174384921,0.4183278502910093,0.5654807489875294
0.2655806079282749,0.42676408840819074,-0.29976999838375673
-0.14969546779783074,-0.18046047556944692,0.02216105074860686
0.5907402097389677,0.032467784543050465,0.29545616328157026
0.37293631118447673,0.26084689323386784,0.04644702599714473
-0.3233299188484044,-0.39199499881776334,-1.0274010586369267
0.25135893238903456,0.12733057803099343,0.12476017478208079
0.10918172171290302,0.4188956039456612,0.8364130116087591
0.292986472020773,0.008474276728267921,-0.14304371692300177
-0.2269018000556818,-0.7638562855131111,-0.36326960126423224
0.7417609028270568,0.047495806718244826,0.35315587074310645
-0.3350605227699876,-0.31843396704211824,-0.0066985977262067065
-0.6617034206367077,-0.011250172634076683,-0.5765340388195642
0.8758081657258866,0.3565403910598939,0.3293228394308406
-0.31064267170108045,0.060174422268938044,0.23642549251932193
0.972362012979648,0.2937294380346759,0.764557747239805
-0.4114910487154922,-1.4217697206036681,-0.675447470418332
-0.41035148144194333,-1.14652598091274,-0.9882255866831352
-1.2722781721097598,0.3882606563175148,-0.7966893251496936
-0.7667680791130838,1.0497738325997839,0.5325480943433628
0.924631936115586,0.5336772882160769,-0.0338800497442804
1.3966728325077182,-0.36563613965530145,1.184578333563388
-0.055954109974421976,0.16952290496857297,0.25135388667627434
-0.03737429182629645,0.187379828434141,-0.36794596285090886
-0.007316862127161927,-0.5975643336900456,-0.5497479937367397
-0.16610952536380563,-0.5987389411566961,0.5393525252498337
-0.1238633031754457,0.03780200163528036,-0.5180981323361371
0.8053842401092531,-1.3810588383980753,0.7926532686210448
-0.3857062147123975,-0.6177582631290132,-0.607989087160997
0.05276324126405145,0.05566610389833071,0.2686198829094083
-0.1741693905906382,0.0466644852437544,-0.27457364701582065
-1.0392910253197938,0.5463220151237965,-0.4568160058525338
-0.12355252252585025,-0.9493525494131276,0.24728295116159565
0.024211187119912103,-0.2605837500600942,0.17587029988889769
-0.09897601756298023,-0.21803426619854957,-0.1965983825605857
0.0012524522834605895,-0.46284154730551136,0.2237304923745143
1.186001058899122,-0.0514809178560639,-1.5656856816394034
-0.2816714224124964,0.4359377159876217,0.353679310890726
-0.19275028934913077,-0.44380567295066614,-0.8849798056958261
0.6786656020368989,0.4538902786930505,0.6681148920635918
-0.31220395009896956,0.10254287003660624,0.5932757699176143
0.21397853594021388,-0.49129726682857766,0.8507280178825969
-0.3031551112552953,-0.6862038544314356,-0.26792025140791464
-0.3797270323488291,-0.26429326749857257,-0.07290970619068748
-0.11062300907732758,0.625711903748813,-0.27734129490216436
0.027439959365181905,1.0028669492192428,-0.17722474515890818
0.10852359990529889,-0.4329790295304745,0.36277644222685107
-0.0006101010491529196,-0.6308421951100511,0.06835491718000812
-0.4853181315870333,-0.7832457692501018,-1.0559485049600514
0.08738862202894651,0.1500346688074781,0.19897344062708738
-0.021319416116457695,0.704620746913187,-0.33600616395895194
-0.24972566699300616,-0.3538943173507183,0.05928810194092585
-1.2486445168514693,0.5969526769642666,-0.2528117720848472
0.11948968545975974,-0.16250028013538315,-0.12088292811455452
0.2818801302415175,0.33605159430035,-0.26167494109984807
0.4895061819726858,0.7510098431820259,-0.41631567087896854
0.4188724367692918,-0.10176711023908873,-0.30429453361881487
-1.3131985591143271,-0.2758310936128777,-0.34219500948520465
0.039871859072776794,0.6496896932641829,-0.035716689907541066
-0.2108418484740759,0.2936635935442996,-0.018857474303260242
-0.653608417892606,-0.18033683233704173,-0.18979889465581967
0.11663587888044347,0.4191871889502353,-0.6391167979583297
0.8466489976233103,-0.2436202103456126,-0.15044579075816236
0.22012072627136967,-0.4735010028074078,-0.024190776989725025
0.16208877762234786,-0.015995396629953404,-0.4541970381534892
0.2011220306228117,0.33879751097076055,0.2570931204124569
-0.2826021995427442,-0.5269156652967009,0.447024937119781
-0.14809785641447482,0.6284581188226214,0.13023946940782366
0.00764729940435039,0.8139119160807838,0.2515030899039356
-0.4696844923046115,0.2279383114658052,0.02075922681057224
0.32643584602696657,0.5449533618946797,0.5662253455520809
-0.0714439125436592,0.4093104836218242,0.06897982102865119
0.29679496880712325,-0.06743377643283965,-0.10554116528225999
-0.25585786645082453,0.44814799781012504,-0.6417769911273205
0.7782732951038354,-0.5229627475852127,0.03521351565254088
-0.14850533218792705,-0.3844804527785044,-0.4608167514985214
0.01005033927975102,-1.1633279098702325,0.18189546472197393
0.10336607937402552,0.296906408471306,1.6953544968200553
-0.1068720209876056,1.250235575446541,-0.4610795131503978
1.20290084436056,-0.195279054915882,1.5016246498856596
0.2279102338212006,-0.5589010475197356,-0.5128612932174005
-0.08648779817469668,-0.15410054150331498,0.10459176490607641
0.08881413999039015,-0.3494928279631643,-0.008611617571023869
0.17848957135565494,0.2873117429516684,0.4339564743981563
0.09383841288481759,0.07536534849653256,0.6520144800329435
0.39761054933437184,-0.1837406586563606,-0.04833097516501695
1.2730718764606743,-0.350746946762273,0.7636830687646862
-0.03767904560839933,-0.11058468880927687,-0.018823697942038142
-0.07744078412208874,0.3580981330147463,0.602084786002068
0.021796059813933177,-0.8698162250269842,-0.661973756727813
0.7024294666398496,-0.24559077320466302,0.1345450027055957
-0.8099386130476742,0.058990470427244646,-0.2276707823301339
-0.5193203862089485,0.8610553276846391,-0.33437168735694084
1.388765286102677,-0.7384364686389248,0.08281129883098944
-0.45235676623189935,0.4698162232556495,0.387643588316785
1.8333173795993865,1.1669409610756212,-0.7140306383859133
0.5150957609234867,0.5709276940100528,-1.1177270094546792
-0.1838334986048536,0.3013885259646719,-0.2834411115345197
-0.1940694333585896,0.5288678898445979,-0.810823412533535
-0.09506816670827065,0.033218982347514525,-0.004674580106806159
-0.49268253415777746,-0.5929473282583763,1.0221080700165537
-0.15418105813945635,0.05438398282454526,0.15931454076084814
-0.5287467145114706,0.009461464310874801,0.03986260955616213
-0.19318639222823514,0.18790928716551183,-0.18102641131875735
1.5351346665503762,0.1762580840175818,0.06817661877218417
0.15347633302417035,-0.2804296941853067,0.2513655505389345
-0.3106793200129354,0.3432156099891824,0.7342922371653116
0.0624368165167605,0.11886300137020318,-0.11332857738368993
-0.6303445196939368,0.07263718592671925,-0.6194022130410721
-0.48045554449074246,-0.26105122390742824,-0.564740743476703
0.1833987855119125,0.3027690273452074,-0.6751213767451395
0.3045941177121084,-0.4542746511330104,-0.34005238940084537
-0.18918305423716275,-0.537602517616793,-0.12323497354482713
-0.09487939772562876,0.2620290436498478,-0.4412956996319971
0.4353495004753352,-0.28521389631974003,-0.04459702406890391
-0.6619493670278431,-0.6923894580567562,0.4646058319306043
0.039231937451649435,-0.21717957871751317,1.0162803605834925
-0.7606790655892816,-0.35881327285639253,-0.7721530231281601
0.02213828597558226,-0.20494244485194474,-0.018869064831167535
0.4433290194854177,0.11449110566702658,0.012923329873359608
0.0789534887294317,-0.1545886438261046,0.17343611865741315
-0.4880196283832241,0.7482470608042009,0.30755016796796747
-0.04991791702391282,0.06748896568400324,-0.13707472442563243
-0.3634776265564041,0.3550552761511192,-0.4594850079355008
-0.026362348925664136,0.03056024431502391,-0.06470806529981399
-0.6739372334107397,-0.506195176288017,-0.0395304314474533
0.01783762912035236,0.358021183272096,0.5747407277970911
-0.3344107974876869,-0.5432826236338321,0.36628805672584136
0.04394815126422491,-0.7670599565850055,-0.37828546300326016
0.07175317830466528,-0.012793022027327877,-0.29830450075801795
-0.4165069014451863,1.0052364961734548,-0.08923558833904527
0.34321147030286825,-0.4133677030512344,0.011347939350546843
0.13307210469008382,0.03198308840524487,0.40032097007618667
-0.13675501699509873,-0.43329946890037285,-1.012328362953491
0.7539918741427419,-0.5913518491693159,0.5381259732187749
-0.5349633019789296,-0.37866213040954555,-0.42101150026750533
-0.0125241663594965,-0.9039232193970084,0.546100623890028
0.6244606676084462,0.03587455175380804,1.1797550698690473
-0.7968669616693004,0.3001383658638046,-2.5881277160844527
-1.0475740681258343,0.5430531123983418,0.5243644228473995
-0.17045961603066584,0.19891723990202043,-0.05206065366924077
-0.12265608282522061,-0.658583629384376,1.2788362590121145
0.8520050323552191,-0.7928374776530195,-1.319119578800035
-0.42585306839796294,0.9105840707533037,-0.6878721739991462
0.054108014953197614,0.3741719365063174,0.01168536590942322
0.14404476611120529,-0.27224874574304503,-0.10055138424514437
0.4462154785469508,0.2327481069021995,-0.15212172827386733
0.45684907522192625,0.5760183224400118,0.8564477030242102
0.24612132389506325,0.3845156429495569,0.39380587470720874
0.29221755919996995,0.11684603852055153,-0.15819830549384822
0.46689237368901326,-0.3933793770270622,0.134773854896477
0.42381182742837287,0.21482588536223865,0.48143908522798706
0.24829028325332675,1.1940832986141945,0.5200783512513646
0.12835542119945612,0.3589739463880972,0.015913663304727932
0.15425874207270426,-0.5026737097976831,0.15291264054090176
-0.3335747229330626,-0.4026715722693082,-0.009044108674174822
-0.026601790375841913,0.18433321757375284,-1.093414727582836
0.34775558544499663,0.30596624337165057,-0.10821074572370731
0.0708982406145575,-0.31507473206894193,-0.07553516107041941
0.38351174504699526,-0.25192191220336985,0.058268714528471155
-0.4271249428503321,-0.813846849676775,0.3377451738936817
0.18107451677059686,-0.8840124947100526,-0.28681837283752665
-0.21200910420969116,0.0009245529706939232,-0.1680473064273609
-0.4254197197647501,-0.3361017264521651,-0.33907772006991455
-0.29548016273762084,-0.6969750700221297,0.06164382557173329
0.6308570257873268,0.1563138959593689,-0.18566548152787438
-0.5406781963889113,0.0920018429898534,-1.130104484493272
-0.1349292202502434,-0.7877404066942455,0.36703665796779694
-0.5194306826578119,-0.27452458019919607,-0.4344850588387712
-0.32351974220596386,-0.09076572809732901,-0.19019424462861484
-0.18459300172777665,0.19329947669136488,-0.19257666613739843
-0.4154358154817329,0.11947839697976045,-0.6274666470267252
-0.33659326500864517,-0.019711581289872646,0.09131313614333862
-0.027273019823546515,0.029889040431856168,-0.31852827316320975
0.010672601227322399,0.06755700329299455,-0.003353026370343201
-0.2716673443918594,0.3952466445502154,-0.02272391113767147
0.060347454591210756,-0.3923299755439236,0.19831482399754582
0.026654264352698485,0.18190949608027704,0.0094512268083764
0.011840632028097473,0.2802293623836314,-0.12633706798990502
0.3289014366941138,-0.39500764077431677,0.11303403810072007
-0.35932543652165655,0.3180570696167099,0.00964412681089477
-0.07812570047699599,0.02089950442282024,-0.34247250174539035
0.9497157086188189,0.009254452951096115,-0.12502615789772636
0.479101268995372,-0.30889965560574045,0.8784976841026055
0.3474358808465916,0.29814134376540463,-0.4624978588052697
-0.9574407469476163,0.6630979585253582,0.3787398960581118
-0.6713502529695445,-0.3648228896398277,0.14123114522692748
-0.5237385876738315,0.9741332085965754,0.11309744357050393
0.2586358300996774,-0.7574623124074953,0.053023674818776956
0.020861760754551803,-0.11662835210544044,-0.59139929936124
-0.4341325355878678,0.500020810315158,0.06578171050053061
0.13958290658003733,-0.32906932599831473,0.06988005535605754
-0.06796962473210966,-0.00933116975335254,-0.19537515047197895
-0.6373517591615775,-0.31665460165001424,0.42012153219880116
0.6935777147434129,0.6039118314463074,-0.06201312054619431
0.045259389219034,0.9051662317444148,0.3003350483734074
-0.20639665831492704,0.34818400154179446,-0.3505997615799998
-0.34034345793293175,-0.40049869330150667,-0.4121195298092437
-0.5903440704501041,-0.5868132637845038,0.317459101185046
0.2262689316877556,-0.5672700433139958,-0.2871954434896088
-0.6818515184054705,0.7854579518121754,-0.04140302154972561
0.11235732601064402,0.6541472112237883,0.3426546778298845
1.1017665803621763,0.480519309875831,0.4011082487098589
0.4828584796083583,-0.1109921063722818,-0.2711329596392775
0.2098244615453979,-0.42643918948421167,-0.23186147534739904
0.4357585389481363,0.3228930138199621,-0.458977773688712
-0.023659735505669466,0.25213210593671204,-0.07471393952703276
-0.15449267679934942,-0.20796800722248465,-0.006572585654806312
-0.9355244165258018,0.13720664952676936,1.0274376868869657
0.33480363411306086,0.5905488252399187,0.5676604663577219
-0.7671125323033396,0.10613229901142576,0.23469103522002271
-0.8093244443211629,-1.1271879553950312,0.10872341424167065
-0.07376338869584112,0.8394860511902118,-0.37253439601317306
0.1990191085215698,-0.04505417477989427,-0.11559377461916394
-0.9871922416522506,-0.2636744668746982,0.6853681842773998
-0.6226114544645129,-0.43868113903138495,-0.21686794582447572
0.32032522102569855,-0.03868989997710523,0.13899924607288863
-0.31456960904606146,-0.18729431359386634,0.5210361074436705
-0.33830849253729506,0.013899944964540872,0.18090112548478876
0.05166116599083772,-0.055224155200115255,0.04309003542107659
0.4148255215320464,0.14310509815441813,0.11474028790020253
0.03615154918114566,0.6047893476567404,-0.21948256054956955
0.9138197313203622,0.18077792485709496,-0.14490267335162377
-0.3489552155816304,0.1328256340310714,0.23236356359043542
-0.4854124286931958,1.216589002764437,-0.38371755412095543
-0.461891751078165,-0.3103787926766049,-0.2976032180004546
-0.014646517729570596,-0.385938770066787,-0.5282429511231153
-0.3074664768751334,-0.01486882032127404,-0.4832208216470901
0.27206879277500895,-0.5736530235341434,0.15372542536284528
-0.38660623896466995,1.0216307448091344,-1.0135853237814705
0.3792926082943667,-0.5531849428043569,-0.29233382311958556
-0.3232971499668256,-0.08927354224656568,-0.3292300935667578
-0.804135808796872,-0.28358151513356294,0.5784651890687962
-0.4716136412637595,-0.11526073080589815,-0.2408239223797947
0.039276200518348486,0.5066903805226297,-0.2169516819200718
0.5904558798198893,-0.3048799700436552,0.15110122577746304
0.03087118765877031,-0.016288633274974873,-0.12367859731767959
-0.5871999676367597,-0.12195665722009896,0.2731434162552744
-0.32293502129832585,0.6478337267650727,0.016400798131424768
0.248273628999716,0.19997525216180762,0.0397813104063922
-0.07923923105890511,0.5858352830091332,0.07348675529861473
0.5920335077934127,-0.46987066443295084,0.19141590919413248
-0.24364911427333275,-0.15482397232747777,0.5884563903898015
-0.3289099075014229,-0.33660017966326383,0.44209621614259
-0.5706501591748184,0.058793558777397614,0.18143950735070574
0.04624037476464446,-0.1577401708479907,0.5734757636411606
0.2266193545123637,-0.9339722578532821,-0.3539572779754733
-0.06850906279745915,0.0734018179881045,0.3730086186224087
-0.020814481790517488,-0.07402069284153048,0.5492654077233127
-0.08079688267730945,0.08346397925386864,-0.8462568948211491
-0.4907381476470875,-0.6405816587361413,0.5510001025500637
-0.0635834983496289,0.35723610743040257,-1.1838411390380346
-0.6381434697510903,0.122821159867846,1.454381681516414
0.31089697903887914,-0.38225966250112287,-0.10333764281595217
-0.2195746104711261,-1.4895216916650953,-0.4794082685015668
-0.3235115296731988,1.7376017701086592,-0.7133994501959011
0.4875821003707938,-0.5062182654280352,0.12148986195034125
-0.7926897238089983,0.5692098321044754,-0.4588992267986449
-1.2882323931147248,-0.6279443649579378,0.08602386993072625
0.1791865400977601,0.1496984140032907,-0.30516975429531956
0.5900351263026987,-0.19143158345944056,-0.27540139766090466
0.18352332549122424,0.29328701524990586,0.38593955509981065
0.6216066724309055,-0.3324882657053286,0.7565436286266849
0.14298478469143472,0.7998433715491539,0.41121473709513173
0.22437095769870372,-0.7029366509152635,0.1679821223819243
-0.5315820521794651,0.15709700214395514,-0.06880021509479607
-0.6619422735757245,-0.619468876474496,-0.8954657706754956
-0.05777958560654181,-0.518962594817868,-0.4344727736027396
0.24247473941628986,-0.27409165732843455,0.740323277723566
-0.033448203098748436,-0.038522874486936864,0.1069247017697254
0.7930818865759849,0.16606452490201157,1.0181247487448504
0.08728086454993217,-0.3676011169621291,-0.21543556922188492
0.5644483416867664,0.3977723537689986,-0.8726132885174779
-0.07621154254456336,-0.5709192699062218,-0.6022334847289812
-0.9262005856348479,0.75055551223508,-0.3014595503687855
0.1976809649532293,0.05458373669780525,-0.8376564199224875
-0.16951713922909278,0.424690055362331,-0.960385399026383
0.586746662084623,0.15971882963498127,0.6117540906037184
-0.42606334532746615,-0.3397735876597959,-0.36022532493839365
0.3940681157518552,-0.45059855013883443,-0.22668986092040574
-0.40307936626212215,0.4270155987374559,-0.49480267013954987
0.14591093320887238,-0.39203239656160316,0.5794566454733764
0.22900951300477695,-0.5115191336324121,0.06561888705429178
-0.913466487647373,-0.3107466672840814,0.15171635815711085
-0.7784786803252853,-0.2612927268317609,-0.9116966329862151
-0.35071700517186355,-0.24524198167606862,0.6065556873183253
-0.3414130027579354,-0.08398019210727048,-0.30237568503445517
-0.037361210247725,-0.0360113949214676,0.18004448961036273
-0.3024274834168883,-0.7594009741724015,-0.20973511006384446
0.7523507025480123,0.18736571519288586,0.0025443602876730337
-0.08932537364719251,-0.013665399945260892,0.056425330659461426
-0.49670476884643716,0.021339094996362808,0.030423090119379673
0.396088820766296,-1.0247163039623823,0.14525339651656438
-0.28899760634425,-0.1570662199202498,-0.3008647448806128
-0.17628713591113412,0.07253951477614234,0.009011777190293196
-0.67870207013015,0.30783258586281725,0.14846100523495095
-0.13270315624022477,0.25500759181098487,-0.23987955155483148
0.16090212284898536,-0.4309340998674721,-0.28954136306941625
-0.3309972628443503,-0.26988225686071593,0.3561222802138228
-0.1408555214987767,0.5385693163935941,-0.5526345974759219
-0.48574052795119765,0.19343957495644068,-0.30941377838909684
-0.5922263091043516,-0.46935277799937547,-0.4887839984541954
-0.26109116800309207,0.03964995599138292,0.18576992141091211
0.0914107143287432,-0.5930881419903056,0.2512043120496471
-0.3208126378977126,0.7507054351234044,-0.14115291423299342
-0.378343390719858,-0.2891294061294038,0.5309748058221748
0.12940736092350935,-0.6111866865635074,0.5473867976753943
0.1432951389815475,-0.10270865822751288,-0.8551873856653497
-0.33558128702280793,-0.6252650301695261,-0.12462972901788616
-0.5853750325422946,-0.6174016699975952,-0.8380747002970239
-0.5692895610962556,0.16189937043951957,-0.24653676855522608
0.17424187309960074,0.07927631272768512,-0.868377204347282
-0.016822778746930812,-0.15770346442196453,-0.33036348118642755
-0.18452474918713735,0.5598754358668485,-0.02106629669747445
0.024057188140240937,0.6044723471187952,0.050463635679199315
-0.08405279618112278,0.0746984859765947,-0.07803329799678366
0.2336137275589389,0.45784822153828475,-0.10992397353664275
0.302214804654363,0.10816977192675092,-0.19037018491176094
-0.0010251542467696537,-0.227258509431288,0.6982849309595848
0.8946387328072049,1.2807091485328344,0.6858672353672813
-0.9848621646528681,0.027186484389384702,0.0846094236498692
1.2178306655689384,-0.1396285868616578,0.9236083578958723
-0.6373056314524922,0.11440573445670607,-0.30778480890716475
-1.236815995407572,-0.6544973339055516,-0.09699574059146043
0.2826508953358644,-0.1886851318025629,0.4168331856407593
-0.2923064170831027,0.24841978860296207,-0.6312333474490612
0.804263517518301,0.5844327026919347,-0.48309937753730825
0.6166305182160887,0.4712761910633154,0.9872810388385234
0.449398634577979,-0.03834973575472331,0.7325755013106987
0.0186351986664271,-0.02543881538980386,0.06728863925759568
-0.0980604925738197,-0.9115347300379486,-0.9496581760010443
1.796849457594465,0.2434698680922151,-1.405092796418993
1.1425701859875392,1.0771814160720172,1.4469663255953167
0.5199962688614289,0.3532559399068803,0.21645573641367033
0.6254459948006855,0.13959138547817457,-0.5067695450206886
0.05030589076447867,-0.014545159898596671,0.12867906513533972
0.448692297197568,-0.2951238063570797,0.3452170730102741
0.16109654637248672,0.2955898534143713,0.08610999146372066
-1.0715173081704394,0.45691345369763253,0.44181404636788923
0.009083377601928271,0.17730728265098689,-0.26905775815635347
-0.7326640453996909,-0.15222405760698599,0.6618551727543618
-0.9608291727328304,0.5953876751057614,-0.6934366162106603
-1.2240614457795824,-0.22952071337501276,0.6362461892862751
0.020104942357322658,-0.24993329253005364,-0.37604874651603903
0.4137785368644948,-0.12372414584092606,0.1554693443293941
0.0307078699618746,-1.220683806079062,-0.2386046361017896
-0.8448467392997221,0.42105609824492646,-0.39692844737809774
-0.16595429864040126,-0.1107605533354894,-0.15249264267518697
0.006835673454072971,0.08557163425220538,-0.16773526749951306
0.2688136981563273,0.0779126148445543,1.313574610960782
-0.1404042032022519,-0.025824951665674625,0.010178202356928484
0.14557418298957536,-0.5077791747223932,-0.06206248065783804
-0.38154424790917485,-0.4118809744880409,-0.013684004154911673
0.28718529541018306,0.3025062950238376,0.21686464954509738
0.054034132222261846,0.16251635298415815,0.14093299013823743
-0.21559381403814898,0.27876706177291355,1.3924816213171116
-0.05937864893352193,0.35960943135793616,0.10563944098113459
-0.4125547732650256,-0.443119652309907,0.4443387380743081
-0.3471839601565959,-0.24960365523971773,-0.020872324744382387
0.5997624387938406,0.5288234047039496,-0.12280476411638941
-0.030549955740129475,0.2687746456069679,-0.10852819878898677
0.09488928870250096,-0.6621261211001962,-0.2244598751599257
0.2871605933157342,0.513017011159721,0.09214544894965748
-0.4759045669906178,0.22555939011364193,-0.5405829225665291
0.403810165637565,0.09329350766115403,-0.3173138759308309
-0.03632096486408676,0.17476593051400832,0.6354679644259258
-0.041092066121493784,-0.3917602676336147,-0.43592893866416643
0.3955127752293812,0.16561232869416,0.4236211276818509
0.3817218693859055,-0.5091688922513217,0.515229015827139
-0.7612769677994486,0.208682265769373,0.23651118049937436
0.2584089233159158,-0.5841835139829498,-0.4933123485527484
0.29520345199462933,0.5399225812833435,-0.534982685671788
0.25049178612948586,-0.8217367361951846,-0.14650469093957408
-0.19313680877031544,-0.29413284304503995,-1.1781038091559561
0.30790054492468144,0.6203839478126705,0.025031420793248632
0.43869257719155164,0.5073571836537774,0.4051829871415679
-0.020691049208635015,0.26251677967626813,0.5277020154849117
-0.12969557650156371,-0.6929008916686725,-0.44913608992006687
-0.7224435560944172,-0.002176422281115531,0.27581610712859306
-0.18020657790438244,-0.12543283076824918,0.3162098672742731
-0.15345072596632758,-0.632712047120445,0.8778693364845171
-0.4370369117332005,-0.25018329833510766,-0.19675814848962309
-0.64009934059552,0.06145686596416905,0.22871984946968288
-0.7379395514034442,-0.38974898019897597,1.013394788471647
-0.7251451871127421,-0.2232138830023941,-0.10418361482392008
-0.6185471373753292,-0.23022379275897456,0.04417115316565423
-0.12074004337853861,-0.540522955685143,1.2102686254747699
0.5084063521821484,-0.4694139175515544,0.36179487463963544
-0.2567840604192124,0.46200092212523547,-0.17109132936094612
2.070119963383864,-0.599733397190858,-1.7516669421135307
0.06862554196319753,0.2428005169780335,-1.6576813371367027
-0.21033734249251163,0.2722388490652787,-0.6804603352154202
0.06570576922850456,0.3913690967364778,0.31701525542920617
0.16718617651298862,-0.7699203439284377,-0.48441874362490217
0.32362590816580344,0.5100287486492647,0.46289268869385924
-0.3799709886419185,-0.03053057607191452,-0.7916742626730036
0.16101179346654637,-0.2830950041132861,0.6509877644227504
0.10543760790432269,0.37960806100436084,-0.13101412926309258
0.248709414435962,-0.21210204600629046,0.4946714822232216
-0.0031618515744523956,-0.35815344894563816,-0.016336966108839668
-0.6380464432456803,0.33653408069636637,-0.7493351669724402
0.44071285097262886,-0.2093973297973225,1.1391530159765422
-0.6397462776796775,0.23888674955004732,-0.35792588044018436
0.3507532490580345,0.20767481658393216,-0.5081030582789863
-0.04849848702527054,-0.040687322382790006,-0.41621374604602385
-0.753887054900822,-0.042415578661174014,0.2611430081338126
0.033532062727964135,0.18322964357628535,-0.31151404671387356
-0.12058625009303187,-0.17028957947570683,0.2507808292970696
-0.3824051502058696,-0.2814636010503396,0.47509419755861193
0.05962455625897556,0.0342769121427107,0.14014264400310994
-0.1177714559148704,-0.11724488420269694,0.158716626688081
-0.404366347835646,0.04455543476457387,-0.6409371817819091
0.3409187047980161,-0.0077253794340956805,-0.44325522060165123
0.1062703165501872,-0.35694831651811026,0.6784123726293211
0.03647286797897943,-0.41768726062206274,-0.48416536690164347
-0.1825521879939797,-0.38094424079554073,-0.39302809285408435
-0.12741689891946786,0.08782330105946927,0.24241016208496752
-0.7933048084434576,0.6921087764615824,-0.9520863259714364
0.19453869423702702,0.07980134743471641,-0.35878532709057553
-0.28280384996783897,-0.9755664330392673,-0.21367990806248827
-0.28303535498673593,0.3075872752272907,-0.04309667448924884
-0.08592681774850142,0.7377439742058817,1.255518675688744
0.12143038223991302,-0.09979394049758226,-0.2323393793333433
-0.4264882151403094,0.05130183486127559,-0.47075118701611735
-0.777871127794105,-0.023757964994419734,0.7083306840943855
0.48954243439933853,0.06707613593521644,0.14025334898287545
-0.2571744908297417,-0.18360900027998667,1.4892070226219878
0.05105979744226298,0.07045531293171131,-0.13887270516467837
1.752745688490558,-1.6555251798291835,-0.6544421628491175
0.3882742142884364,-0.03726043070166717,-0.24708037500036528
-0.1356219693937029,0.5624942955085825,-0.2620889202821672
0.6456694278958045,0.7366182679717955,-0.31259682618141715
0.21637287449858003,-0.5008854269206711,0.28953514130597513
-0.43135213168725706,0.42403531705269093,0.08483982135137136
-0.02644985104736851,0.28745905153431295,-0.20681112176455013
-0.34914152121278486,-0.3414246393285866,-0.8517255047873304
-0.34616420326808484,-0.5923363639536263,0.14655667490966273
0.31451467552200574,-0.9709986848697908,-1.0902582540814505
-0.5520978810460999,1.2253828321448188,-1.0850094460044906
-2.055787164395764,-0.9610873314994377,0.41093980264258967
-0.33860913881290555,0.6389094400219006,0.35211852751491424
0.08275654826361906,-0.0947363068615428,0.16048891495311066
-0.07308062592277514,-0.0814290332531369,-0.24373271509602226
0.33177313731542624,-0.4018894196252814,-0.042926203934562895
-0.2601007995794087,-0.9652430174655919,0.36404096505271444
-0.04945580386722469,1.4135139355069422,0.4711458093505824
0.04329091920569961,0.4243110526872779,-0.39125666809748827
-0.16120674482924097,-0.9353016609182357,0.8949458324389261
-0.09574917189746121,0.1525325865748165,-0.0010407371888331851
0.14379913600199404,-1.2765947179412507,-0.4732192022242079
1.269444896262342,0.5239853121441381,-1.1656276946801494
0.18447951455286885,-1.065763845754119,-0.2867888554226138
0.35376029877196874,-0.14887518582030226,0.41732131703981046
0.33207437249626015,0.31998774559457865,0.4899690983787901
-0.23637808069275504,-0.48260211524249885,-0.10733364443261059
0.3378941586557593,-0.014277541460245374,0.35311398137456884
-0.17491130036580613,0.34332152928542436,-0.5616625162576712
0.3541241440693731,-0.5655707036086515,-0.019672730482773737
-0.22066982296301324,-0.597086612701342,-0.2585180692326468
-0.1948956202845062,0.26723934618021594,-0.2066227613475417
0.11945535312919861,0.22026803794693045,0.34585689799746483
-0.5459678424993994,0.4406558358080763,0.21935906397292165
0.077523122234066,-0.04025127699223681,0.3172340896041237
0.6943631312629541,0.2411847085576342,0.4612440868083552
-0.4960011431775249,0.16083247082824484,0.24624240926729646
-0.9196115214734197,0.3559913476468154,-0.35252858126619036
0.6420937666068393,0.31002725031646217,-0.19328019152382322
0.285734785373829,-0.04636577460001652,-0.43167011235635677
-0.2581487131231439,-0.6270600316071688,0.27172331539133987
-0.147596894960653,0.48324158879858115,0.4479440529436347
0.5981980820991176,0.5474966263905906,0.05356811871353931
-0.0710708685948559,0.25497683934989057,-0.4854500825818584
0.6254864921047023,-0.2616384362388381,0.29483016971113174
0.32976291535584173,-0.3301079421733416,0.6098337410378367
-0.3797493104464548,0.13181916270162464,0.02645111707833203
-0.3573735755592118,0.03084072889836223,0.300693200730378
0.19548798795647038,0.1772510512642418,-0.5399942508749944
-0.9191068345025656,0.13562168317706802,0.09787124471446947
0.6274712750360188,0.14448545832329246,-0.5364731634202862
-0.29543892011646805,-0.3536908273944645,0.02744978502905497
0.452934395459562,-0.3686631636857721,0.563862810519315
-0.3926548625776114,0.40357626099974087,0.8200048823408475
0.5989780415745316,-0.21206449764115337,-0.2578194368143596
-0.39933355230440976,0.9996670649684454,0.2668977549749352
-0.22557716043655524,-0.0072256501183479704,-0.425267078564442
0.020423349404625056,-0.6193177106833943,0.029580318260863464
0.5254434846277686,0.5372743952847293,-0.2959063949717665
0.22106071071801453,0.8048600564196585,-0.08905914293485563
-0.3421716135146977,-0.3493277370721873,-0.09633594198372863
0.2511132133294771,-0.28708358519790345,-0.2829194114329364
-0.31982813986070147,0.20711990419285822,0.27344949165925003
0.9229090317371094,-0.43544409887135477,-0.4705052485582871
-0.47528109483491726,-0.4183866830242817,0.17481597072186217
-0.4945794541074234,-0.24986533480371048,-0.0722776210247614
0.9539053885457076,-0.41892338572838783,-0.7199105698661883
0.0595702549276147,0.3232776589961949,0.21500993578549565
0.9784225499135415,0.18262908117040927,0.5985529616972884
-0.379754541410435,1.0435224623727215,0.5352089625149411
-1.6364435750991877,0.6263190297086061,-0.2928818158959179
0.16926298026758702,0.2300670185642443,-0.2082814874843627
0.5639435516621343,-0.1534566683553212,-0.7676856630050616
0.5556678139614168,-0.7200559264878313,-0.07720658528985574
1.1070778820441836,0.26539581866800965,-0.34835716937075745
0.9338013740558331,-0.13903868966333552,0.3055391690162804
0.8057485166677079,0.6447798026337703,0.19670111443063343
-0.4015224691521728,-0.8629874377168678,0.6813409352292525
-0.6281325370158203,-0.2453204387670483,0.3660644858072807
0.5147231766791782,0.07362301119433233,-0.10720962008977272
0.20506739539079682,0.2508609926392281,0.2957112255542572
0.31841496276494785,-0.31617848434946294,-0.2057079816778008
-0.6331131121247194,0.10601218026185766,0.8163803579336929
0.05075533412329531,1.3317316816194733,0.019140499495624304
0.24389395513622808,-0.18038224632488498,-0.042008958103360555
-0.3412611726243414,-0.517679364055657,-0.17814426968366068
-0.3559746836071811,-0.011371852885171996,0.6327960661040894
0.10543376951459399,0.2352096345777024,0.2051902715461785
-0.0034142041455280103,-0.293697319859067,-0.34346908374679486
1.2146820674700456,-0.4435131596249031,0.47740867817452143
0.13796480799211613,0.05680458964689705,0.5129593963544128
1.3406891157516105,0.48519784750345485,0.01051505053616425
0.16639332694258868,-0.3396645979892263,-0.44025994806704555
-0.10215048041580876,-0.4787560311307121,-0.3841584718201817
0.4084359836667618,0.6853591663887271,-0.03811681191388808
-0.6845540566756696,-0.729296452649337,0.5230761696190479
-0.47294163828689034,-0.13151192063351214,-0.041654020880775744
-0.10565625688739338,-0.571573090576806,-0.1542334139561809
-0.2286606657248162,-0.0884400308441193,-0.21227775317520092
0.06166917520866978,-0.05186487575680293,-0.24296766035082837
0.9430153473720508,-0.796119095567148,0.9227115860217021
0.30140644249795145,-0.05065168077825756,0.10881038163106958
-0.09208440263389223,-0.30682726714505726,0.20182219212775024
0.7824942667066649,0.0959875891340488,-0.8489596930756479
-0.3916837293074861,0.0583255243423277,-0.11155430653291538
-0.23794742379332953,-0.4466254357203562,0.20361216371923088
-0.008303821811545535,0.58703984765465,-0.21830967124890907
0.7911881280640318,-0.6112281521429688,0.14795768677006632
0.2784142021551917,0.30138350755162874,0.002299651531226382
0.8343534848359194,0.12150244676471199,-0.7148158838039145
0.031531840772450345,1.0820181175576362,0.19355781149197365
0.3281268611131574,-0.04548879181965659,0.29081814085618457
-0.27952421085648615,0.49957382098650055,-0.6706556612082678
0.019594616125693826,0.4335096167444035,0.22221031605394354
-0.029049893439222818,1.0379359365127507,0.17172479670175936
0.27750370301888316,0.784752708574538,0.7728853735302323
0.31090692008091186,0.22806169500698642,0.1131896173932008
-0.6628952719689889,-0.1605606576003232,-0.004517583608860731
-0.49681456408420566,-0.9500604048467224,-0.7978333128806128
0.6775615080650587,-2.061543553467472,-1.582020834055723
-0.36324806847864505,0.6925523375712505,-0.36231610283728216
0.40523934550803753,-0.2561132915780854,-0.07012639367018486
-0.4614704654217573,-0.34012680490473723,0.47581781061661704
0.35677036986322475,0.7621982595867607,-0.8934516596754818
-0.11982894790419156,0.9354779545509229,-0.07923568988941077
1.14615245047846,-0.20715230450074118,0.5645265010328279
-0.028972595822492737,-0.06399281617000396,0.20457148703680905
-0.8544527174097478,-0.14982864035942184,0.16322633125372576
0.16079797231140713,-0.2900100223910342,-0.42667356994746464
-0.4072387400996008,-0.0943146101266866,-0.39847420297354424
0.8717663976787263,0.2193766829557935,-0.22209132140910964
0.6620867205045519,0.48898988933418513,-0.13203696841492196
-0.057986340517141466,0.40023166783874087,0.22902763554372932
1.5241806315239463,1.5579341881850417,1.043141578064157
-0.8726315245081029,0.04817817027790679,-0.3739502726298877
0.9227032990466058,-0.22123994062735802,0.15431520512760308
0.22941864381441235,-0.8578582034418077,0.289383768284598
1.979357318420596,-0.5320806665319376,-0.1056783325956813
0.5621118976155153,0.2680816724932493,0.309684994899892
0.4770088922672595,0.5029709618828239,0.9368668303616455
0.2885097579760412,-0.18289963968132453,0.31569508918112055
0.6378443844223072,0.19564259047705462,0.21807347988490866
0.13319063267871345,-0.23984792643195932,-0.06927986769012265
-0.871471726322887,-0.02039578484245655,-0.08353919681232794
-1.4351122602050719,-0.27976175693991245,-0.29601044326907305
0.3081181111543488,0.7523703521997887,0.5271394905170448
-0.3466601911076547,0.23364682063355577,-0.03345401373041895
-1.0109430085823392,-0.7309536343794778,-0.436160595478141
0.6703472643548901,-0.25962457815337836,0.7107568944979087
0.32332905715125876,-0.6635516326757002,0.3082908882972787
0.12569855589682183,0.17056425651248378,0.15228903307253738
0.6866007602077606,-0.21559989079331562,0.60693894728004
-0.40861649501201347,0.5769413256338896,-0.692102330604107
-0.1278717883598863,0.03745139569282903,0.10786380450406245
0.17386597251151006,0.1266551632520962,-0.5608989637910828
-0.44471093807828943,-0.46756621248758884,0.14251584181862406
0.43649916419823326,-0.23201285248948633,-0.41416366524055415
0.5298615751620367,0.02199454799154224,-0.36695120872499054
0.005157227132480097,-0.12060052969940765,-0.4149133216500075
-0.4014119686319039,0.2858306563016527,-0.9698647961720555
-0.05147053187285866,0.12593418298287706,0.6724924116567272
0.9579061253500444,0.4762879325889071,1.915215620732016
0.06453553198469908,1.8429371025204684,-0.3577868073779067
0.330147805086454,-0.2986633120845297,0.48544798536336864
-0.0557622038718911,0.664079067789626,-0.4241640803210714
0.1574754279365559,1.0056672159997624,0.4370981957752194
0.6261253640585454,-0.1582042453725588,-0.8534165294186238
-0.16574814402696875,1.5023034015750498,-0.689001820363221
-1.3109709257594095,0.7022590343294972,-0.10153641010175349
0.39402840707091435,-0.3153018937991359,0.6236337031464296
-0.20230098448930794,-0.034737962008201395,-0.13603540847045292
-0.22640398292893138,0.5050358315196171,-0.3149072507292942
-0.22527428058069696,-0.3171251982642223,-0.10015371802096835
-0.05800432965720431,0.3654313646004418,-0.27874632341303063
-0.011540931928068071,-0.16915262178949203,0.16129036571727368
0.1931015235633194,-0.19547065325623644,-0.08331564699693426
-0.6908784209997552,-0.0031558112802781806,-0.10883074464003548
-0.5291492240313846,0.030800936852389604,0.3135312971124747
0.5248131875056155,-0.2793778420946025,-0.4402211902540014
0.6814877496807021,-0.044727520693031014,0.8317858553971167
-1.0153602274596332,0.025570576676845206,0.006473477012445494
0.6340995956105838,0.13150352249824604,0.050226460169930404
-0.03219983307660876,0.4538516608836651,-0.2379526432025508
-0.41652541315850317,-0.2601124379025548,-0.26245828210547234
-0.0042056293831080754,-0.25400245976723684,-0.7753599388220168
0.025994755376494066,0.2973415178796204,0.3433276151523833
0.00017320260745897886,0.33432058253313973,0.4896636702388626
0.39894446380663473,0.06963976298531023,0.1608912813868491
-0.25597168425687955,-0.6794073534703213,0.31787502763229536
0.4026505257818308,0.5111184444867308,0.3452579927504753
-0.2817164230371528,-0.3689693565809646,0.013318494173217288
0.5672353718046781,0.06321770517128192,-0.17172873233195193
0.1617966251546342,-0.035271556957530315,-0.2956702454489485
-0.5325048679178112,-0.018654389809875244,0.26126268574970446
0.1091923006701919,0.1901179028534592,-0.54894699400452
-0.38336199321096825,-0.8243802181194466,0.6654386641588891
-0.10880489541431934,-0.24057846664483312,0.612205499064075
-0.46699123505894746,-0.5538402995379035,0.35753388014520815
0.22991924637983574,0.07875470134619014,-0.26669522690236935
-0.7001788376670817,-0.17052958702853893,0.1589954637854759
-0.09835920166176837,-0.016016208104936105,-0.6104688365132263
-0.07668308274288604,-0.09927488957150152,-0.1725784552181976
-0.3358498888247862,0.014555770676695445,0.22752421559279992
0.13351452861520507,0.9466570214558516,0.10435632020976068
0.17170162980302334,0.07392746826317148,-0.4116823666250091
-0.011151684091201838,-0.8228868371450279,-0.0370208279726121
-0.21479128997174693,0.046943981636092307,1.2785891358558497
-0.6002890692806762,0.2944209477473408,-0.19195398807242395
0.039995581997781304,-0.17454482042489575,0.6402237222732664
0.6270760258969172,-0.5953662995628106,0.41543493266608306
-0.34140033939177883,0.7008040303077021,-0.5301682910994299
-0.4860331603298155,0.21766082228622313,-0.2696766933591681
0.4430550945364512,0.9303068817400847,0.41068402946135757
-0.1332780977432979,-0.3064655071629989,-0.30948843235926116
0.5556232682446293,0.4609614041482402,-0.29974626684204925
0.39423884749545246,0.210524934843404,0.6485967056767552
-0.300214927025485,-1.1524797592417055,-0.13302326871703846
0.2518678143374965,-0.5119630485815545,0.6088007396495192
-0.469784535189849,-0.2044443759550671,0.10981565059955117
0.31659483199258914,-0.6620979045714487,-0.8985786617626742
0.1396204369741222,0.5368937148006895,0.2285558704015728
0.621308031798551,0.4118495331788599,0.3213152638548896
-0.6775561748362866,0.7729516217020036,0.317014444511764
0.5144373896917055,-1.0779176252866742,-0.22819006691161628
0.3965682886808326,-0.6447028736210418,0.32654128334043403
0.4610795162776552,-0.1947439355339716,0.3655925489939176
0.028177127764207596,0.6786548923198694,-0.6638308602438241
-0.4762604758174742,0.639527535727237,-0.10366747496721118
-0.09274797773556824,0.6189473739992124,-0.3740832933516498
-0.14038519219448412,0.008544539159288454,-0.14682156971844101
-0.03651511718920741,0.31631416782864785,-0.050930642266252525
0.607454363722008,-0.2599408165670158,-0.3869089230529801
-0.5273891146596242,0.2016738000596831,0.40183373207547524
-0.917983459990525,0.010997557201708252,0.06246140512650887
0.2060569845923583,-0.3264266267651211,0.1547443570205055
-0.16806834274735616,0.03905836377017022,0.40113420481458867
0.15025776327050366,0.49206357527505745,0.2589030894225435
0.2479795387605907,-0.09508367302061474,0.7604679907235777
0.08610264359605795,-1.0191708094060616,0.11499843635071143
-0.0843096359780241,0.06528534055032617,0.23604046678257629
0.1893060191206972,-0.06023427908898624,0.6172223430424395
-0.014696620307401535,-0.7123518914348377,-0.23507423187421533
-0.8442783692115429,0.07900801334924715,-0.08865278901299084
-0.34104898537152345,0.0004689633392383763,-0.13724285355309696
0.6779203371691034,-0.013091900787045863,0.07437484001671396
-0.2563265109730072,-0.19018771335781126,-0.11882440925063845
0.0801904873113889,0.4983772504360011,0.5791120282862733
0.3416175468094196,-0.3858167100311835,0.4530677320232196
-0.1678201000341893,1.7226917292019126,0.034742961097563
-0.32677808315496015,-1.6139792058525797,0.3170577138056429
-0.8385204160192045,-0.42615547734087056,0.07276548819572914
0.3444214825614825,-0.36846882367203776,0.9267750037604198
0.5425941570946026,0.17495300920147733,-0.3463440667674148
0.2571992219809278,0.5486012680422311,-0.587246051049676
-0.4442160863551039,-0.5973848301060062,-0.6397453216302568
0.5086640292696356,0.25229297687245383,-0.2872733834196261
0.29053802086854774,-0.45346372142228863,-0.09240422536161105
0.3675799702204216,0.3761544143898973,-0.2870619928805215
-0.8688200105954387,0.7704401607381273,-0.5554036836365989
0.031157600862574297,-0.09183504846539364,1.2870452461979824
-0.30057833720691607,-0.13431234701977862,-0.35769950274738793
0.0010869355468738906,0.10060381440740379,-0.39504955654110074
0.9150290861458491,0.07684180561263562,0.09147625955182764
-0.0034506945678031906,-0.522502078546508,-0.7617493629155947
0.2684611188438811,0.014429802477519592,-0.18603497778168782
0.4567101339744743,0.6855407572542995,-0.14879513269622446
0.0221228965438815,0.2882785830001914,-0.017602084664504664
0.42007744410320547,0.18521931464504657,0.6896298782977687
0.06035081422112401,0.4868058269136283,-0.10990609307296878
0.7365251569565181,-0.33832775276842864,-0.2590933016662365
-0.45216781579122267,-0.15003990875227335,0.21617648568454015
0.010626446944156015,0.1755471671509046,-0.14408438714561397
1.1869444489614807,-0.017850236683184806,-0.3479315858355518
0.0040451890440864335,-0.5854674323787241,-0.722505238585107
0.2190758707187282,0.3414784357769637,0.2719610274420031
-0.5112584511876866,-0.49696569915107774,0.278115289975571
-0.05861851653459327,1.0623347200255875,0.2842876257179184
0.1865936798037374,0.1849893619251252,0.0209195909201986
0.15799153165660432,-0.7671709063464791,-0.9308272804355434
0.3476958357373021,-0.3714698073303734,0.43041665690536496
-0.6809024747469821,-0.487612028074959,-0.9437510466724983
-0.8039931801818976,-0.33460254943235535,0.033065023923362497
-0.10966205734603852,0.4657481722445499,-0.4745421621554651
0.7762464933858996,0.8398886892254755,0.3481790703992594
1.211193702334044,-1.013628775413751,0.9205947090869828
-0.5322684541205768,1.9459839660678504,0.0851713209810947
-0.5133850805904026,0.0119008011852286,-0.143313564981744
-0.11265922727440347,0.16747605108044825,1.0678376801751766
-0.16937344119688072,0.24755979516840093,-0.8479421992436927
0.6551248980072087,0.7840566482513731,-0.1730110799941284
-0.1846792102213507,0.6324474583565629,-0.09157615913539992
0.39328752597458927,0.14116669896414946,0.5919939787846331
0.12332691620584146,0.20838036305462687,0.43687237176272153
0.13899714160291946,0.7419823274477987,0.28057615437988603
0.5468195241141913,-0.5672783757359529,-0.06019459072642634
0.17064819625802669,0.3153418519871978,-0.08931918666122904
-0.32766391766954317,0.3918269957576491,-1.0088080357107274
0.37309513952239604,0.38888577580963624,-0.20528905638211595
-0.29573697840802043,0.5232235862233671,-0.7720678008608198
0.3468899627864298,0.16612196143050859,0.1990655687953063
0.7402214823466622,-0.10946775174748404,0.48814298350264423
0.6182089239251334,-0.34428183128173373,0.5522641455197199
0.5958017736009052,-0.12108329621350673,-0.5844054185693995
0.3410948668737556,-0.23345124084334545,-0.7808296735713212
0.3023180588906339,-0.09910143114606629,0.04744602184756602
-0.47475929195643424,-0.2926452623172576,0.18472705873369527
0.145451043618315,0.6416707835072328,0.16639968396755644
-0.021578545640363073,0.48539218932875877,0.1923549592291976
-0.14843065211439183,-0.5978429870097355,-0.33584268996431993
0.5003695103144351,-0.6179128189359995,-0.3146885224126576
-0.40516870818844364,0.5347977548653428,0.31306761072693345
0.6604981158953707,0.2505361196568391,-0.3180118213658807
0.12421310762761961,-0.2319524838620955,-0.40692669141784577
-0.6024371962144722,0.13862093288736113,0.11675815208411261
-0.3515269704195446,0.818833795525309,-0.4730803236383713
-0.07834810726783412,-0.4440670343227361,0.2191057600327262
-0.21690047606988455,-0.5984271573352883,-1.0017855722813525
-0.07514000763462853,-0.03693652636521574,-0.7412553590257659
-0.7417813757753317,-1.9750579504802908,0.7692383003002068
-0.6047867531951465,0.6009631716182036,0.6756846292679145
-0.32681145441401016,0.4848109645314003,-0.766818789758794
-0.5103865964816898,-0.14354420883227778,-0.15487060945478753
-0.8241658318999815,0.01169266663146118,-0.1150260030036771
0.3643184726910978,0.1852353918662044,-0.2406085958394561
0.003157441178177872,0.2704078960863951,-1.2265496178113457
-0.7259417170450625,-0.24722951664263784,-0.19788854763173302
0.07109352492373827,-0.407913525592143,-0.2607391771433198
-0.8356197539590174,-0.5251726738802541,0.6784515971325557
-0.5540002275201459,0.4831195075019164,-0.2821996330441811
1.056154909904773,-0.09940509842344719,0.34788565662835597
0.493578044795198,-0.14523828258429083,-0.958343548472586
-0.3510273984228859,-0.35710426639631826,-0.7271976718556596
0.8651637942384411,0.34411682865046955,0.2123630188977515
0.2381980344291629,-0.13002119081194988,0.3858901357635642
0.08873184120234036,0.3250944767375071,-0.4528738948997432
0.38447017675557094,-0.5948820818693034,-0.08150079943873947
-0.3633843406077151,0.9439088819135457,0.5817310634071742
0.08877021528633039,0.5523623326212888,0.15901035822670334
0.13622923918296048,0.4671061730002226,0.2321261777593921
-0.027358701500584483,0.7420997076961362,0.5667490598828764
0.13125959014766958,-0.37041163393732934,-0.24639490076021542
0.7400021144305435,0.08559541432978482,0.4864410077662917
0.4671241096045281,0.22496679271509637,-0.7465231744612266
-0.12956446445249453,0.35680479061431153,0.1833744617231392
0.1645061638718896,-0.7679193947491091,0.05256817080446767
0.4748770020934378,0.22109861889536553,0.49165424526926016
0.26136294929994563,-0.6091155410668955,0.8728019700869385
0.30275558213743226,-0.15937917635833146,-0.6065243643294366
0.3795651026814168,0.7227283409406117,1.4715945103192312
0.8673077457593384,-0.0708158830841424,0.8528277251387744
-0.4010471702432627,-0.912397841127654,-0.44667010314319977
0.4339872426407311,0.42596059796981883,0.08617839607587138
0.35911486499534545,-0.819083298035971,0.03041261223875715
1.1537763073071623,-1.4973488469365752,-3.2659872741161786
0.2822837960086567,-0.3051860151682916,0.10287738317646172
0.5271570092070391,-0.2586120177343057,0.3338611918085096
-0.8189012258923771,0.39933247569963826,-0.6102954154615737
0.4876785412896748,-0.01731255682453299,0.5677496035801871
0.4857769282296771,-0.18124527079050726,-0.6076060751701082
0.2058891342055264,-0.32325375888235464,-0.15379366260052965
0.47683688765177973,0.09644561889754429,-0.40062800698276285
-0.025385892836291057,0.10158321112972163,-0.42785785012646527
-0.5288506299189666,0.1379659933339019,-0.07335663361009767
0.5373843670174603,-0.5884367334901012,0.6838618330569419
0.24645799537366217,-0.41110613701975013,-0.18688325260023103
0.19011419773266483,-0.05365514933033439,0.38669653038247376
0.1820025717437448,0.48774441897985743,0.3556784781364179
0.8066915790803139,-0.3367602235155325,0.42020437818865947
0.29161324514917514,-0.5278610082712558,0.6054743274844527
0.3704887354954785,-1.4299823555016005,0.18178917249207893
-0.24471657328583807,0.17786896651604595,-0.4566581892833427
-0.3653153148781627,0.20077575200127012,0.32453395981629346
-0.15622410701355904,0.31489426137513293,0.47637608181389746
-0.40885183249611856,0.40657323568268183,-0.10362327792359702
-0.45376890733515385,0.3104531816701963,-0.5614270215569894
0.2934415058887012,0.19834978160581124,0.7286286697677444
0.7311965094741654,-0.13431666273095147,-0.014834652687924457
0.19629456228077258,0.375834114893132,0.22345444212767113
0.8045769692924922,-0.5185838163983297,0.49077391316110813
0.7232547713095387,-0.07565916764472702,0.017931233366071456
0.8645796144256004,-0.1574490787837824,0.7555765101050658
0.5489782006298197,-0.32530158008277194,-0.09112373684987257
-0.32402207640948044,0.4187861809881173,-0.6310123192092517
-0.251515580901518,-0.23715458582197468,-0.4184362181252306
-0.19651239719774707,-0.540458355203367,0.5556805511422448
-0.16757955120379037,-0.16283157324948874,-0.5114024875469912
-0.3310547521009187,0.9964253770578698,0.3111855616936083
0.45591672144739687,-0.6745272182691404,-0.39900631077869086
-0.25511606460233677,-0.20938227549431543,-0.013150384278371396
-0.6869161428994829,-0.06915686701341804,0.29897862181517476
-0.4496291147647654,-0.4358489552041489,-0.5818719372463452
0.4976272967310438,-0.22899350212588465,0.1839926195297947
0.12365372087148228,0.4760347995346557,0.7031932891367507
0.8142560230966447,0.2157014549889303,0.17585337086499062
-0.2914901632955394,-0.02010104573342965,-0.08037907935217745
-0.11601784696693779,1.199232380464391,0.3962926836938452
0.015188399228324875,-0.2660607216775978,-0.2527081545959461
0.11062657117578795,-0.27763657123600727,1.0931067686895026
0.45855130256413756,-0.16375656764106428,0.2125303425729717
-0.14621557575287986,0.2484982549072632,0.017001988299743934
0.7379759124224834,0.1827504000914048,1.372008286583656
-0.45792831787979615,-0.7322354292833374,-0.5036185652734957
0.1414366343314061,-0.13444181293745536,0.2773356514733437
0.0959522493654873,1.27238371736665,-0.9100184815849967
-0.10499151907437594,0.48886373247583464,-0.10724958957737751
-0.4416379450960256,0.4693333828670655,0.3450747542659789
-0.4792576805588279,0.14187083580636364,-0.3198901751880159
0.30510241308394903,0.10377533218328533,0.42449357511760255
0.5851402125326116,-0.24944983628319428,0.04937694974059312
0.5651804500019342,0.16809010102906438,-0.6840829854201965
-0.23086290138032955,0.47011575157802216,-0.42933133359975595
-0.0658224202154511,1.2340749344722322,-0.1499959547961908
-0.4615253126603286,0.9734738360945376,0.6442201572043558
0.0034302441328921685,0.691519643305605,0.32828290464452214
-0.5131809502121816,0.2639642108383511,-0.7102928187221216
0.29648028284688693,0.3065719120238989,-1.418995555754818
-0.6052720106414906,-0.36338572897138727,-0.559351060373281
0.41596533885568254,0.11341453656339767,-0.2857646561811758
0.6447063638513404,-0.5348350579180989,-0.08518796449858296
-0.1249822638395922,-0.1557864540564229,-0.019537913287078046
0.09751284124699643,-0.15248907902892306,0.35245637078256953
0.6930213714130504,0.5331206312238045,0.6640646141058221
-2.7683598820495616,-0.4388038893056531,1.1082932506386691
1.4303039462074438,0.184720967995615,-1.116209112432634
-1.1860646583573655,-1.1562523390672477,-0.9151317161014496
-1.2755297000015438,-0.1530336505891455,0.4134599146555726
-0.6995195349278152,0.6214244341624985,0.1666742976871958
0.5873103663157808,1.2646477223522183,0.1786048185420738
1.0494724076039368,-0.0223124530764546,-0.5055768792147814
0.9972702564824113,0.17231064772762542,-0.028085925295734095
-1.5108091449411793,0.8817729143251524,-0.6792983623121445
-0.27827006862566717,0.8931366676104029,-0.015208503149013453
-0.48647086206623047,-0.9083252755293998,-0.4540342279850801
0.16792315337338076,-0.5231944722826438,-0.633697326517771
-0.2551566718394014,0.1247452813948576,-0.3114053690881088
0.1819806181908431,-1.1333728251253647,0.3648160112464216
