-0.3153227871334377,0.3468028106634648,-1.1950529528975058
0.9055731223377224,1.720705578531604,-0.66871641575305
0.9733386353620862,0.0558825744618766,0.975675191232169
0.418802345053217,0.5738343689652713,-0.2225703150101061
-0.8616936677420903,-0.8327512951314519,-2.426802145639927
0.3981836940749863,-0.2436027791356848,0.730066195911011
0.3604007322649796,0.32610034431943125,-0.5264647809809707
-0.34633242994950064,-0.08746939291875433,-0.7631056174196342
-0.3899174205314382,0.996151288426454,0.07928548228045612
-1.198391705134385,0.17716950862128605,-0.544335631980399
0.6764297416576359,-0.5057311456625416,-0.4310078589845279
0.36443855360724275,-0.9998900572649887,0.07770293465589687
0.2020194612492866,0.2697214967425413,-0.20595947162197167
-0.6615830962676188,0.1750852747008055,0.19690716517579324
0.6100864964612702,-0.5495119880960903,0.07152386656935907
1.0168809709254352,-1.3820998551894097,-1.0236861527903809
-1.7150050625515003,0.8463072734902573,0.4429128992097809
0.6183988124508756,0.9395941590771274,0.1555225724221396
-1.0022778979989009,-0.1303693508624113,-0.5556358707511845
-1.0051343833563207,0.24828949715931597,-0.9318902467862529
0.5414802855321017,0.8903491281731761,0.677419753724106
1.0485299847674308,0.7159820783460227,-0.4824737270313362
-0.24923931940727848,-0.4613951613365858,-0.40990515237421954
-0.32823341946353835,-0.89508823454558,0.7081638182969027
-0.04584649535992788,0.11877616127838736,0.2568899938479078
0.663366212797608,-0.444566441632092,-0.01759623965030216
0.137589006026547,0.5241711257284769,0.27137543724776636
1.1416832463798336,0.18233160593957218,0.9239154469489493
-1.084841846067285,0.9214206738530855,-0.08138511055659882
-0.037611007833535576,0.07455850069532312,-1.043080562997686
0.3555841135697977,-0.2749733318678974,-0.10774000327560952
0.5026196486569714,0.28933898479458203,-0.10278376966218808
0.2633200839063188,0.47576317189040296,0.6292918020037466
-1.0557451035127885,1.3952837290941462,0.2760977177986702
1.6868672773938531,-0.4796922512907164,0.9920470012543626
0.4626914484164073,-0.23350578779713327,-0.5096189216274987
-0.8154120765774435,1.2960471920244565,-0.9812320988482887
-0.8521621670938827,1.260374919734368,-0.568575542514317
-0.7818421735219239,-0.2753672141410731,0.11822568625118444
-1.09377373380345,0.25164997903359804,0.18808265584295789
-0.8439271114460374,0.08006559352050419,-0.4678609431180807
-0.14363773421781323,0.41062021780089863,-0.2543858608012674
0.32385502929260657,-0.7942191517852528,0.15441757176243515
-0.16003920933616,0.692225021128968,0.6297461007517009
0.03045211011923457,0.8071781495164956,-0.060204496325455825
0.43137995583060657,0.27339712838078745,-0.40999595839432945
-0.6724500496962276,0.31744830736200075,-0.08401859674832149
0.12474375097595501,-0.1432252511067399,-0.7259093587382641
-0.701748801254339,-0.8314351185754189,-0.36024897029057995
0.24414348648628048,0.4094852581470033,0.36315521979872134
0.4609980276133579,0.24039574266616556,-0.282951885321297
0.018132947960955673,0.5557012069575511,0.005204805199482382
-0.1409046286702346,-0.5083067721950849,-0.6980374058067712
-0.8643486943424243,0.44627746989332534,-0.4292789833529562
0.2751096885851387,-0.18930433408702935,0.6889224836848564
-0.39238332029344364,-1.9540793772182465,0.7858970003048616
0.026623139157109357,1.597913230214459,0.1894367671382956
-0.266772965276224,-0.9850265894210884,-1.0649071739642733
0.1214604988483651,-0.26952420908315544,-0.3844999668893009
-0.4867756025189098,0.11067832218931395,0.3084033924458421
-0.5284449939270739,0.6530443201356007,1.3969652700445525
-0.5009057105853357,0.07922840750845087,0.12264014762589182
-0.11286176281969826,0.726160555243774,-0.03162258289942488
0.9486908474945445,1.3182510162879781,-0.01022255153173418
-0.8106983446939473,0.03968901687787797,0.6974695377823071
0.11871424474979714,0.311587495398879,0.083359292071056
0.06183226861869298,0.18726349099990164,0.15291783795613906
-0.16119668569298706,0.21413607212335034,-0.3171490104274492
-0.6415999347365986,0.4507652716118486,0.20694139637738773
0.17290734645816402,1.1170357787937037,-0.3598383826983098
0.6274970863754488,0.5913821023764156,-0.49864910692901177
-0.8432466068521218,-0.014534712853453091,-0.600994795768905
0.025948618160599984,-0.11454397283412265,-0.00699631959603908
0.38708612532777315,0.8521663938147802,-0.5640411841244948
0.7043861804290305,0.19378840765059763,-0.746577980077541
0.026292248970746987,-0.5495189651313344,-0.09698277335004592
-0.06261256957219398,0.5890395034865794,-0.15697256391046308
0.18110304227763943,0.13753502492500028,-0.32272515577493066
0.4429598485567255,-0.6319167597122338,0.24969312256379436
0.6743736790773978,-0.17049127702750275,0.05560969029505463
-0.7114858360180036,-0.14045253390922577,0.9306365138954178
0.19190024420627974,-1.182075522410649,0.5729035971377067
0.42926186645226116,-0.3499725385287852,0.2874902363579541
0.05255263126921886,-0.22274364980474004,-0.015086131770037231
1.1755248917342866,-0.27832717461277345,-0.09453329050714168
-0.3663203457892516,0.4903411926594331,0.08557848020707293
-0.31711942077763555,1.1483144587526568,-0.7976597869643753
0.8600017261988223,0.7246211656793867,0.6188600456957986
-0.002910431888902845,0.6984616792311985,-0.222826922931858
0.10232293345197302,0.5560189544249146,0.4230108794603801
0.03891617667007102,-0.42837861095425356,0.756089502797993
0.44862860146432704,1.1825060588762166,-1.1276452938387163
-0.2088714520777646,0.08745701013069052,0.018903916477412297
-0.4605138650027385,0.5865718183412476,0.10644701523419416
-0.3649740479836293,0.06474044009270646,-0.6584594581380613
0.14315827514423732,0.2564300431220756,0.0373991047500755
0.025184475035877202,0.1283321527945089,-0.1383566373022153
0.6352686446578395,-0.12040559215743354,0.40506495836498013
0.3024587590723589,0.18664090173636866,-0.4450035446660951
0.005737490492682934,0.8498328209880881,0.6765852410242965
-0.6031651647911049,-0.5920217376699148,1.2137025171275253
-0.1516581963103113,0.05187055934657294,-0.774998513915897
-0.17588154516463794,-0.48356244509175195,0.4781468461062682
-0.05992766225827681,0.11302228621023458,0.07936920021031169
0.67326004292856,0.8931011279466554,0.8370668116276654
0.2722757174410677,0.28064421615591956,-0.19306341229393226
0.024047599868615543,-0.05649388497244001,0.04716805174595751
-0.7141588805057404,0.48378784395253766,-0.4202163990911326
0.30611880225365057,0.6236902253056313,-0.9227432359020782
-0.5841105347256622,-0.18523663952110986,0.048024148096912606
0.3276051574481274,0.011211281268175832,-0.7847151931289588
0.23131438358701553,0.47612696652899855,-0.2143332926389141
0.16400222645655108,0.2832171094480171,-0.10125387917507789
-0.12289794342422822,-0.6156878563695399,-1.0675084627347347
0.0783959648484593,-0.6185996883202413,-0.4314824766942687
-0.06308502504733128,-0.1517081041117273,-0.2094654419190346
0.164971441500068,0.22570051860393336,0.24107861995293522
0.634845927864018,0.08274703955688305,-0.054642333683470296
-0.035086146455960004,0.39425554418829056,-0.24654564786627675
0.0285206866626069,0.6790741816516019,-0.13185629537288795
0.3080493187902656,-0.3867685403351858,0.10722202478743498
-0.45122785485460326,0.1527145869764025,-9.676440339111136e-05
-0.36967525237853877,0.5747840973244434,-0.1895390853330899
0.25685737423874155,0.17336390246768313,-0.4485767486926336
0.3220580488638375,-0.3036296854421759,0.7318226710608208
-0.2785968670098032,-0.5121910150804471,0.35879786651299306
0.41310677127056106,-0.3079518929524906,-0.564931509162087
-0.13893803380442954,-0.5040856459924766,0.38659302902043596
0.013088076525682557,0.6391138734541963,0.38491012313052536
-0.0735248410044095,0.5808626121311151,-0.17473662216650074
-0.9777488765542781,-0.3757338796599947,-0.0692533583389208
-0.9600362423593181,-0.868583944248926,0.2920458741756645
-0.13454038001278865,-0.1556308500427501,0.3631486294535039
-0.48959639861857795,-0.06487196429369405,-0.22194592551457681
-0.43598670952811946,0.27337074427554686,-0.15095017035909025
0.9743696897999425,-0.13210781813970782,-0.44150038899116156
-0.2372706234929183,-1.149145446840966,0.1474690067962762
-1.0643661216254938,1.8071609078778788,-1.4741287493576058
-0.25549737324347027,-0.26484247739225825,0.5351301732339205
-0.15346189737444418,-0.07146898123521267,-0.7968686127502427
-0.3838745003830859,0.0073852996217144695,-0.5279187171284381
-1.0926589802478965,-0.017991259471743182,-0.5446229967084422
-0.29751924041690814,1.1446887184323897,-0.015534227329649763
0.6077398487612434,-0.538865468803999,0.206578744223341
-0.0235021908116837,0.42672336088278107,-0.2480679025140421
-1.0177421464471585,-1.3627185917436493,-0.2428932602951479
-0.38192486195817077,-0.8731305647865463,-0.7845980773069521
0.300324185660083,-0.304043727832273,-0.22547097788404136
-0.6936124659784869,0.07530841141289597,0.5589372985642713
0.2570905941256765,0.41375360289791724,-0.3406662856149926
-0.1850307416371302,-0.3846042430217983,-0.16667966650025556
-0.20578809383649121,0.09829616655337159,0.5855186085430003
-0.36611961029559925,0.13437993625506403,0.4864779565646371
-0.8348734236817718,-0.1354145945024803,0.5286926565081136
-1.6456079282523812,-1.4148344696119373,-0.3922732907336812
0.1303207488338458,-0.650421425652326,-0.5559749959197493
0.11320296073329278,0.3888990353467379,0.3368491821354983
0.4656865614162192,0.27265584881511723,-0.8682791127411007
-0.42831755853550646,-0.7991117205263114,-0.11617414336070449
0.5685888329066802,-1.1945467723007177,0.09444373086205421
1.149509466346873,-0.23466042375205434,-0.26152337782133855
-0.020611041794347053,-0.05045966698450474,0.2223158559400813
-0.05207397260262486,0.1824587949959996,-0.07727133814879622
0.11538453620264083,0.43425318354730064,-0.11795788654925501
0.22163269615523654,-0.2963080643785493,-0.26822370820024244
0.18744414197477854,-0.19753776026236292,0.35027625291427344
-2.812486634954727,0.3021812464355621,1.6968414103740803
2.942028753116214,0.1068514506149202,1.2815672760722725
0.11923559983325145,0.2722311401434463,-1.1006925057187578
-0.3143804621041731,0.2565161827580883,-0.20250738910755625
-0.5256775517220635,0.1880696969294683,0.23780391837396372
-0.1467186660040755,0.13119450942857958,0.16536605470921073
-0.4603857751499062,-0.3837319229998705,-0.11550141690165976
-0.3333169906087726,-0.13656244446715532,-0.10777942525019153
-0.09011219015286565,-0.0058492919561076995,0.1340040862202229
0.26792503727096034,0.18764115153323824,1.068011957350555
-0.027572219877385395,0.2585929950137651,0.050232040144618295
-0.4610705077730196,0.155579183966904,-0.5133123378205868
0.35982691259194743,0.08820829843079134,0.10323475062451709
-0.06194967416191223,0.26121307326359156,-0.03880733980084339
-0.4300558195882876,-0.1571883667527429,0.2489252206816624
0.5896611801328692,-0.035822817003049075,-0.4905846208861648
0.4324788736700566,0.210369627677387,-0.03147310020883592
0.8010612560924342,-0.8271065410794746,-0.4361914864275833
0.5575948390783749,-0.20686235768028396,-0.2978934193379967
2.4159572022132454,-0.6441200761086792,-0.9977977961541843
0.9011750215349076,0.8344311605857127,-1.7466580907525173
-0.10968575495944101,-0.645351053950782,-0.434154685164149
0.1210329531963829,0.5762330317735993,0.43255888832467476
-0.1026195643088238,-0.38178548802671064,0.17591862797025778
-0.24739550147016354,0.0944935197056473,-0.6503484716657366
0.5364849501157608,0.3571614261021356,-0.13213815791640743
0.06127492212225018,0.44306895662752727,0.4158763507308516
-1.0376408686557173,0.43910286501762086,0.06280782738138335
-0.13745233555218328,0.5591792548956931,0.49080235402448424
0.1758660509162444,0.17655078701480206,0.034501415918285316
0.40974632378387876,-0.005661868261042334,0.259389325080152
1.015754867759848,-0.7877390999738002,0.09455167691610267
-1.0263902129805693,-0.35893349059309293,0.256734987647532
-0.20280608404575984,0.13172894761426157,-0.1530824918078625
-0.44656036059716847,-0.024849852029941624,0.036279374481763174
-0.2633922529883269,0.581997942887321,0.14625197141864263
-0.48158085488833263,-0.15326928943278262,-0.009287629762146705
-0.017957619559231502,-0.19498982464501474,0.8892374839949468
-0.23386424574877387,-0.267884638527612,0.006072207120285278
0.49403927812607135,0.5408171024021371,-0.6431876882857988
-0.23960619846315295,0.8342148167384381,-0.20506813453174233
-0.3340569132227124,-0.07047935464888007,-0.4951922033653704
0.28628873031938074,-0.48462944914867573,0.2569626166162782
0.2818066813212845,-0.6837358772697506,0.4392184568228546
0.29682539995380336,-0.23640627587418153,-0.1220579837341802
0.7270109720932856,-0.32973039154002526,0.3018217579939182
-0.23291723213786408,0.742663571814601,-0.01028267896163651
0.039053546245529175,-0.24261666678374036,-0.3855542423350201
0.32698552067312847,0.5278928858085359,-0.24646977603264347
-0.6761785329751048,-0.03172870716714732,0.20522084243439767
-0.27849999308352624,0.28448382494385976,-0.6997233122636738
-0.5653447044101846,0.6133841137354343,0.30145988920137745
-0.8008267882174412,-0.013914665939368187,-0.09592788017086694
0.2610668376539602,-0.19399934322621282,0.0681487645814359
0.49140972726394416,-0.32821189405512086,0.04759116735018718
0.18435018639016268,-0.12969776457094342,-0.21023863243461427
0.13228971587542215,0.13130786160345242,-0.4277975329171818
0.07516391375018161,-0.47046147009475386,0.08415975996791511
-0.028104944346438537,0.18666764918736395,-0.14786080723377712
-0.11894156501212355,0.12263718956245076,0.3679056008964577
0.536102922438936,0.3666540678932824,-0.560840211922687
0.36836211870336766,0.022495604346761275,0.23875062576655046
-0.11636027466669063,0.07425180364375301,-0.23540004813934262
0.33167314237762263,0.32910668884956884,0.17167786218113879
-0.22087527685268332,0.5986775115878213,-0.0922444895009425
-1.3318228214831254,-0.10470225750354564,0.07931089612773999
0.3398115474681741,0.2533098314344171,-0.5750995924540239
-0.8465512722500397,-0.6906130876871996,0.9299928985841972
0.27339777293412354,0.14544812424396034,-0.6490543456250363
-0.5516769212153083,0.17585009736107082,-0.35010849389268683
-0.10105483966571413,0.5527812458826311,0.1590891177729304
0.06557728367383935,0.027447136287653995,-0.27451647912263855
0.22936889158702878,-0.3999381908976569,-0.13077584019435773
0.09992010401791313,-0.1059246261144354,0.07940166201466536
1.027228024120059,-0.21070312710952088,-0.0014458474975056201
0.07919737531373819,-0.1901928949100974,-0.07201222996708337
0.277244155232277,0.24910494073720735,-0.5300283482360141
-0.017364591386525033,0.24616380348220498,-0.45013345433193386
0.19792749377056984,-0.8016837910597215,0.4863686084726885
0.8703974003299304,-0.6674337411315501,0.15487249114468266
0.02853705916132719,-0.23911081393737288,0.12278932902568633
-0.2765119230132575,-0.22080374755046958,0.5064978965981876
-0.4181942936598769,0.5827407444364837,-0.15573812377232296
0.027301068006677254,-0.34786688463587345,-0.044385789381860566
-0.30439349558789486,0.16915525367846612,-0.14643034927973345
0.26696401270267656,-0.8121042196598014,0.3182638503130565
0.4324522981351403,-0.07964677902565373,-0.6023932136937727
-0.377175497088792,-0.3049477413431628,0.002719031935363936
-0.48237494837432465,-0.0298041379961672,-0.0783203076127301
-0.44266832697947744,-0.07249350695477139,-0.17313407537222558
0.029402364063044098,-0.5069160832449737,0.6599159872976998
-0.5581271370175078,0.565538552862527,-0.18992136582864455
0.3326396463776366,-0.5746171838364375,-0.7676596961424137
0.2925419296350868,-0.1283897566274945,0.8034048850877584
-0.72726830188375,0.9418506348338794,0.36369431331548213
0.04916414613182909,-0.9672277301521347,0.35975843369518096
0.9626818332862279,-0.5913240311008083,-0.04826865698631216
-0.9494467651850433,0.5856032600358421,0.5422533336480395
-0.0051477921993733355,-0.07003286274080325,-0.3437822839804986
-0.6398245642043362,-0.2897914734426003,0.0745507899906836
-0.3292050419405144,0.04856766283144234,-0.4686150640243789
-0.28939780443067187,-0.061255031019149225,-0.3640632405030152
0.4104116780414255,-0.30470504004512067,-0.12811138794402743
-0.800924612326581,-0.5072389091792899,-0.19834547650676432
0.42949215764860166,-0.3323785474149856,0.3302550322301766
0.00911109830270328,-0.6211297273760404,-0.09821577974660993
0.2145564204625884,-0.5089597818517717,0.08388497309451642
-0.20849783752205672,0.1677472499069803,0.05073658691057491
0.2303231226340247,-0.543472145161271,-0.5243492253623492
0.5234279634713381,-0.44750474407289875,-0.23618585506642026
-0.142057830057931,-0.305982663757294,0.2942093850935128
0.2685769514221767,-0.5609405569177288,-0.6237364183300527
-0.24544577590457559,-1.1418884804135478,-0.4101993680648999
-0.034917930517895684,0.45628200458810686,0.015231619326045612
0.028924751499456752,0.05458231416649384,0.425943894491351
0.10187770896223824,0.3407691078811076,0.03290727318330615
0.45779525534286714,-0.28396215104083355,0.21275702043315423
-0.8117466191175103,-0.4760918612109917,-0.17938048194827916
-0.23993116120678423,-0.08548582145483492,0.8355766070220215
-0.3721115766021661,1.0294294397093338,0.342827516809382
-0.40337083229070775,0.4886081806857607,0.9243158010314908
-0.027039719433068432,-0.37329436246630476,-0.41715715560735417
-0.009729943337917692,-0.010731756625914315,0.43912743390998826
-0.0018119243448011663,0.04664059525094311,0.2351046636120603
0.23032083254095004,-0.021721189396075702,-0.1779632723896285
0.24673821547388142,-0.14918144849421444,-0.7108546165537747
-0.17724227816966737,0.6298255886790515,-0.14159181641401017
1.6194512091894742,-0.4783168608480167,-0.3855008440353937
0.4051873800848116,-0.31383535052824335,0.18724211275403346
0.6260041126123526,-0.36143790395123576,1.455211700617291
0.23550719526314384,0.47425804235103475,-0.6694553377249909
0.20437297735081447,0.15261501716071602,-0.07060926465182882
0.16995129702171902,-0.08119484076415338,-0.2452888578619512
0.05679080805265145,-0.3433168758216677,-0.2510541270994993
0.4442375937433922,0.423945084720479,0.5615140287980912
0.07048308343488112,0.14994550745035043,-0.8970559267541266
0.43662001202838907,-0.304737629120471,0.23232220864886738
0.4407181978738094,-0.18518460843444284,0.5590806449285519
0.35810257036471543,0.7202120643946641,0.22910320014026114
-0.24815125899180746,-0.3777869996565013,-0.10270507460370597
-0.24325976342379865,-0.6513081381863831,-0.4770052906462946
0.4504244727818606,0.17909825403147278,0.7682401664092495
0.6819865927584202,0.29347160113523263,-0.3680187952644018
0.8491993868203033,-0.3460030957785366,-0.2001289833415788
-0.12875613934757696,-0.22579508935571643,-0.12245489216508249
0.4774194509949652,0.3285256869902459,-0.07270581259398015
-0.1665883715375594,0.843241585023985,0.4465708144674234
0.08320022530154034,-0.0016082100892993445,0.17504212972509875
0.467624832313493,-0.14528260113871672,0.15753761822011042
0.0017283645717610097,-0.03618887026104123,-0.3642882237597036
-0.7099080192687022,-1.0184455550243188,0.02156285430421709
0.4140375641430115,-0.37869971721381585,-0.1648435341264016
0.4407810859227195,-0.20755387408573495,-0.5007008067247785
-0.15598788827240084,-0.24226121456334643,0.31206752069438215
0.009706470518263705,-0.252187096070958,0.3099832924030945
0.14891979121747692,-0.24980476208289099,0.09293516102724145
-0.11737818160658517,-0.6037117040390918,-0.6509141734303617
-0.20865978563079896,-0.3614138722222633,0.008600585465857916
0.15976910178402187,-0.6905102803854192,-0.23397716318369383
-1.072935593980754,-0.8718860319547412,-0.5112654486331031
0.2841931026380907,0.11777916237669242,-0.17282460436541777
0.00667970662075143,0.03453620113026956,1.3140148215140426
-0.8642401521366077,0.8603530013443903,0.6774005182458906
0.6866446926623668,0.15495552764747303,-0.061584566584682865
0.451401620079861,-0.7222843992456625,-0.3158236251290357
0.3651322391867223,-0.1113839243189838,-0.816739858584224
-1.4002226794355805,0.12673670192424127,0.23683856514869314
-0.2562086108824835,0.9363031833592793,0.37949281390811895
1.2530500902741322,-0.512990375401527,0.6053780989627078
-0.15902492027985424,0.17751937911990678,0.3971530865002988
0.1451986903801742,-0.48817065453784425,-0.16215912024889698
0.5144323783392448,-0.8642197671227216,0.2272103106310776
0.39290863669792014,0.4654936758006477,-1.0633179933832704
-0.42832529792062796,-0.37859168210496924,0.49313817998055753
0.09430644414966907,0.10885934287281296,0.6847022770628716
0.04468038604653732,-0.1621795843604201,-0.5144415640566784
0.08087647704293649,-1.0989071343126435,-0.42035401295673436
0.32150892005283915,0.3377935257462017,-0.019233508232641
-0.28501972981175966,1.0697053406030532,-0.8922378293032636
-0.2713184586331402,-0.08075469495233456,0.27512089416959973
-0.5586426054762494,0.64556800654584,-0.5100787959364373
-0.08564508656054409,0.11864955844734645,0.10924927200924844
0.6841485770253282,-0.11200669545897257,0.4159656089488457
-0.5503541750286849,-1.1732439028264499,0.08630743302632256
-0.01829124426687964,-0.3120080155866918,-0.5137264518444404
0.16177303151771294,0.32472297142068013,-0.41619722667258885
-0.09065652163092558,-0.03333925840383137,-0.2677738822761175
1.05969277527867,0.21573855857811283,-0.31701799423461785
0.6035675534566669,-0.7479559788887327,0.31881666107851436
0.2834031832414277,0.009374874207366185,0.6368712676269339
0.6149435125599758,-0.29252469859321306,-1.1232242880498138
0.18931668945440305,-0.31866173251191066,0.4166503945847344
1.301602298285888,0.3784620203428778,0.2915872625257351
0.11967688425052513,0.013763214991573848,0.127777378321565
-0.07505716068847162,-0.2790756571476435,-0.15965137514899597
-0.21674680846740252,-0.16956380717715003,0.24281820119926978
0.11553229413374816,0.8048669669186533,0.4499512285795294
0.2054518585253586,0.7854730718212095,0.6294896257454747
-1.1477124284218638,1.895496195152846,1.2972469869951293
0.27152947144081474,0.05435225065177082,-0.4789251488233539
0.6130340987539157,-0.6314783964122351,1.0298738581250975
-0.912311336765356,-0.2814880611773954,0.03073733786406328
-0.10611943722275609,0.11814133915363245,0.7090316586929617
0.7932295519080408,0.05626359884096696,0.7671641416440911
0.07051443150182798,-0.2642710020903787,0.2009172805848695
-0.17711498602682332,0.19620335349615234,0.46923623374182166
-0.2891405871305631,-0.4180121260901199,-0.3570419312290991
0.344119967945528,-0.35011556856923587,-0.10131309977500577
0.726963704815941,0.1415230621422258,-0.06811627611662453
-0.3013932149881064,0.058254773863600035,-0.5010263270721036
-0.11285444660853677,-0.031618314097623945,0.20430665297247563
0.24033317233183701,-0.3202022924327687,0.012611440131771665
-0.4307921724666603,-0.6776136277633797,-0.5524457224568817
0.688407759281676,0.35259196921939856,0.3925026896574172
0.824489512494671,-0.2140196728131897,-0.2985507239819744
-0.06357917075494113,-0.28422084505925693,0.11941043237716603
0.7140835478725193,0.48173089967220245,-0.21833892926448145
-0.7890931207448209,-0.1689129393823994,0.07141760048233191
0.25995912697019513,0.4498755117415603,1.4018512537203682
-0.6065930142199194,-0.517915393291998,0.1716443846689433
0.29976401310633427,0.7145148347259641,-0.5870315920261349
0.15803115882571245,0.18600477074444438,0.20447647946601086
0.5897856409448075,-0.07846762560249415,0.14502023308102147
-0.20366636186981285,-0.5631256407629068,-0.3500556717427676
0.08804829135247055,0.05455253874134994,0.9944542145663329
-0.35168592236183804,-0.6235955964066715,0.28410076773062265
-0.11315043148288306,0.1418957689270044,-0.6339836741915605
-0.21582018147201412,-0.3186087173172186,0.00154570854298465
-1.1226462180412529,-1.0173901394196676,0.10888531204216043
-0.5265089564927019,0.07307985182743651,0.7980186571533039
-1.0306380921634344,-0.316801988693914,-0.8208365226858662
0.4865714852554518,0.24824859208974692,0.4847023634979549
-0.9247801287152416,-0.24524457283593185,-1.0246343566353693
-0.31310143715575556,-0.5633631571951727,-0.30292506688555354
-0.3645648048978146,0.17461991619984238,0.22389815827269496
0.20537765116254822,0.3154752430741536,-0.08719598558252946
0.22883325111670738,-0.19373622312235322,-0.39151446326385075
0.23924250669333585,0.4469255602698276,0.37564579326807707
0.833019859652532,0.13125743044562657,0.030736765607845717
0.1948046424575992,-0.3918726746143071,0.6981833724309284
0.44146505555043636,-0.19271918476508731,0.2982075642937767
-0.20667436245475268,0.1010668055700181,0.4962601399264531
0.5431702674173003,-0.38163080045036163,0.5476074193407218
0.06857930375918624,0.28457822593803517,-0.7194399645403948
-0.12200553129831673,0.9312756578549353,0.234555647850953
0.5581500825924706,-0.16468113021413422,0.37810871955363207
-0.15618729522752556,-0.255600496358021,0.5182687641873256
-0.6268719046918864,-0.3053408734887909,-0.48761886160842205
0.5902448749062228,0.24188262570872623,-0.1495761236840017
0.061783873407790624,0.658943046585158,-0.13535812178524578
0.9369045108649765,0.20902222538450196,-0.6499075440333428
0.5162588490590075,0.2727685053233794,0.199600842986216
0.3180963734768061,-0.15832496451195904,-0.07784043863641626
-0.580669919089764,0.25741365537647737,0.3697030788103703
-0.2541905643887286,0.21516063705364785,-0.18634721322772352
-0.026051782743169938,0.6985298068828099,-0.43925395329958805
0.2410679968736976,0.8023678109458694,0.33542434259258813
0.1882412712857066,-0.7736178158869883,0.5650278276286979
-0.5707554436341233,-0.5477234409471828,-0.04258713507272886
-0.004048226240144587,-0.18482730197040526,0.010936367650164924
-0.6666080136012844,0.45416179240930676,-0.6336884454904572
-0.24378345742614838,0.018269011117712772,-0.15180499691410906
-0.5838866439350805,0.04240540892974337,0.3354605446199179
0.1401199808962824,0.30673469111202234,-0.26739360282229524
0.03606657522450016,0.12236084252481333,-0.4128775961728981
-0.3658819775423596,0.8691282270686442,-0.4700429150063653
-0.25460864497331204,-0.9074386880074392,-0.20951598320162695
0.346074446733446,-0.48150381662749675,0.00047406689104564914
0.8177455220952543,0.5872514094548157,0.4611350162448801
-0.7228506382423867,0.7834257775469534,0.8515802941762798
0.3165164921611052,0.34676602672106427,0.7656323686468571
-0.6371392245808595,-0.6777785522503742,-0.23810422058147945
0.12632015404708996,-0.46916323494666834,0.0034740857728769448
-0.19655968895127784,0.4793936076078401,0.5571484487599967
0.01246027206598982,0.6476147092359895,-0.23812866664335844
0.029701653572381095,-0.07661787465559484,0.09753202971140809
-0.17557998433517508,-0.8744537180678488,0.18671516688696005
0.9913371127653291,0.7000244349114441,0.08127777261495178
0.38287034897659433,-0.2875926949988257,-0.1370901650751691
0.5251198898140739,0.38416138012799717,0.02050755580824276
-0.5853873765126687,0.25035356446402607,0.607561671787116
-0.47789027761191055,0.20904020417131333,-0.0862653308283774
0.018686705920587313,0.26766021085305974,-0.5027992825584628
-0.15161686441787625,-0.3703778749847486,0.20110444955672105
-0.764872500828239,-0.1828658681444239,0.6652158911555638
-0.5993051290828452,0.4518250247385661,0.19625059208444168
0.38596773934723194,-0.6729593353520192,0.10011665850657328
0.13724410520872063,-0.07397501466495132,0.6806877910465188
-0.4968356189645785,0.17151958909017367,0.24421855845633494
0.7155231536850379,-0.4785665819576695,0.5301485245847056
-0.19962971576894192,-0.14001875634020827,-0.030679103518160056
-0.5006527292653897,0.0013893117158860074,-0.5055238598714938
0.38076355515096594,0.13447513696783236,-0.4077766853427828
-0.7428166915645982,0.26296250715498865,0.5615027295464909
0.4980454323459095,0.11079569166633874,0.3701977434434318
0.45854740231415175,-0.9527658566303604,-0.03272330681703764
0.08379127056964508,-0.5281824248946945,-0.4149546360263958
0.5446430829342735,1.1121536537348367,0.3754880614784996
0.07247159622423444,-0.49508818850939523,1.2210456971751351
0.08400055369241882,-0.007476602901021409,-0.31671398749270585
0.29376149346555996,-0.21458935730804568,-0.7056513630285428
-0.06992854766776871,0.42648989716108765,0.46484663495918266
0.02753956141627649,-0.1882138738183603,0.23987862171018917
-0.34705610728660313,-0.33855799692818805,0.026862355549115313
-0.09348918276925001,0.29042431731682267,-0.4419031903124101
0.1814210495103306,0.2943780200979913,-0.6357148681795062
-0.01734230636741005,-0.2731170560202074,-0.2401386486838989
-0.7702092531272063,0.2588723562815347,0.4630459465321273
0.43616737305834435,-0.44639634671919426,-0.22562304387110757
1.0864114152039983,-1.0002204539896695,0.7358026294129258
0.01813771743339558,-0.2210240774926958,-0.12597081912786223
0.9294271955085809,0.09172061929955445,-0.22714907831358694
0.05921461590604771,-0.6415274340220877,-0.29042377502642813
-0.5890727493997269,-0.15025311854362333,-0.23428347392388427
0.027886591896387203,0.2514965904711821,0.07977470969258663
-0.06885415632762715,0.41152443402186833,-0.1025731844881482
0.3309733146344693,0.3280944338590772,0.3767864788887464
0.9869368801461504,-0.36978944590988205,0.034804024250006345
0.6621532006299644,-0.5771368252166753,-0.38021766880729135
-0.06165903723906596,-0.3256214485935062,0.6421502900059454
-0.043242052405738474,0.4722797277812275,0.18140423358131114
-0.051563328319120666,0.4365282953108898,0.22916136855567443
0.4294512856951408,0.8090502920575435,0.38515064154448664
0.28384029437843183,0.37061146448592647,0.015259357553814995
0.28677280887613876,1.0834570500673597,0.23520547965862298
-0.35498989764071154,0.29558225167710056,-0.38817523605086124
0.22365141333506947,-0.10574268013835397,0.13563798392816614
0.2073663165928846,0.6552040099293509,-0.22007447319701368
-0.4485923835985638,-0.36260229590132814,-0.5235094227578396
0.4647674378693743,0.4619219998920844,-0.06402869786400339
0.646814572769648,-0.07442837585312917,0.5153027051759698
-0.0012659779263099746,0.3478168580626246,0.16267989482408698
0.3127901830906664,-0.5183787163282596,0.24106887281034256
-0.1221059392534748,-0.628870158928666,-1.042278058474134
-0.2487207367391881,0.34248742574931573,-0.46686134970885623
-0.2995044029599182,0.6218837454488315,-0.12809489078281805
-0.18152361060613198,-0.26579409034203694,-0.7595044254031849
0.2062714341901759,-0.11693914629159888,0.45850332307772773
1.089984501291975,-0.2802428491053607,0.17923246958822214
-0.3535056855663372,-0.6416646674378336,-0.1914331796270606
-0.1723600623037595,0.31745597377698825,-0.2192922578772704
0.12611375185275966,-1.260807518116648,-0.823488315276
0.10855150044603779,-0.18653909191664156,-0.3273314865448602
0.6016490642627088,-0.34691887042488945,0.22297406882470308
-0.19741714918103406,-0.00709786000807755,-0.906413180456229
-0.11501668626026712,1.3180760189934813,-0.7302810648255076
-0.1895579142603051,0.12951982397776363,-0.217904649859675
0.12485225611403562,0.20058235162893762,0.1448304639757486
0.6505813860738883,-0.39491154980389404,0.36641767780497186
-0.21380126284953002,0.3177047366094884,0.6055016381173061
-0.8585802582417976,-0.4406333459482109,-0.1649672474059102
-0.7376234121855405,-0.3231617011362555,-1.0277054832249009
0.005834956705783927,-0.12402131719906903,0.1090239875822095
-0.7424703632744685,0.16095715635389837,-0.0003448622615624397
0.20520100835297353,0.17001096870247007,0.09472082266017437
0.7054694069543743,-0.21301200383838237,0.2203637706553622
-0.09667298511797567,-0.22298329877948656,0.8764278208840932
-1.0892203029937362,0.20462045821781438,0.07212140807295606
-0.14443474172462925,-0.6666053617164522,0.14240823469250602
-0.34046359579102503,-0.27174656706218436,0.11670989321598155
-0.3294807305356447,-1.1032576660520332,-0.35494795537807733
0.42091368678905744,-0.01375474698021839,0.1740806421373572
0.05460662764281898,0.6553798363644701,-0.004730386548595797
-0.23478470234053547,0.7590010761251909,0.14792390487411827
-0.38658142950773866,-0.7110003951053457,-0.12702796430938162
-0.07014068202816587,-0.030247378010191284,0.48926174454708105
-0.27855041199798186,-0.8033306956720804,0.501795550117839
-0.5362385613330307,-0.28092047342095244,0.6275372011128413
-0.3596834785485368,-0.7104114316572415,0.2238240102966394
-0.015265235394196996,-0.15589709838317417,0.28702178771730597
0.29884199999593064,-0.027057895237122237,-0.04505857924682061
0.46645083494493206,-0.8271768455398304,0.4803813578323171
-0.21676071706734237,-0.01706490349509804,0.2904750167011716
0.5464674898751174,0.7087709332429771,-0.3842129500173973
-0.12484350671035135,-0.024803664035977058,-0.5164475370861694
0.32873957598564485,-0.18730370334731944,-0.22828680248043426
0.27613556427350927,-0.28029055946860193,-0.41685284540965156
-0.38680240390259774,-0.24420468794788913,0.11809737705160385
0.2087824330536359,0.293800154639277,0.1788130582596494
0.5842426707591422,0.1398576511321953,0.7780241846024685
-0.7091656944198346,0.6917365109022706,-0.0560558495457584
-0.27770215916803065,-0.319292012461572,-0.1908437114359971
0.483232307133071,0.3359705229040033,0.6880360460318216
0.11597005579713617,0.22198034429992325,-0.8201465682706661
-0.3415386626797532,0.42348931032561304,0.5830110213490205
0.5845826998532323,-0.017175625081302562,0.553469946052679
-0.19195826145069272,-0.11171843930966904,0.5197735952046386
0.21528185731979138,0.517018108373931,-0.2680374744635742
-0.3043748032913657,0.45331488767558525,-0.2396924828009021
0.07844694036589175,-0.29071453996758223,0.5920812494788986
-0.2885766492583046,-0.5481916400326882,-0.3709475742622158
-0.3628478061943773,0.6946234391001984,0.5147805988153984
0.7454592011165339,-0.16204577571751652,-0.3469181170076241
0.891756988429773,0.0972218524820267,0.3926008474252944
-0.6691906220716459,-0.09777426774771443,-0.19699176757965994
-0.33178613324776424,1.2304652481125102,0.2682205618818254
0.6073443583256277,0.22706437393085294,-0.6946880798339745
0.2958461219178025,0.2784958527075759,0.6320282391383212
-0.7556246892441375,0.004668382425485659,-0.19328152220777667
-0.10628992018128117,-0.15521520611854644,-0.6716714469240128
-0.3999989603712443,-0.6512677150174165,-0.7486119445791476
-0.02925683519848006,-0.8672208629848261,-0.30667483208056506
0.34863149110512864,0.022102939907019725,1.0888462427338332
0.3505722229065945,-0.35536943103360347,-0.4777403131312359
0.857759532044802,-0.0811696963935651,-0.12030956234086879
-1.1926399318660152,0.599760408196488,0.26282112084408754
0.013246736767519654,-0.8163384659841519,0.6435874234279026
-0.542603905008224,-0.13008843690983796,-0.5894576251750961
0.35167606509674176,0.0009146360652277363,0.10897111019789617
0.8610158977859401,0.23497362930542953,-0.6333028617608464
-0.4691733213683804,0.7209436160254492,0.06168353939144064
-0.3851107208767137,0.17945553206183348,0.08857035911376898
-0.6871047243423047,-0.37686503384993464,0.37876330058014845
-0.3434204058520557,0.33984492786340476,0.7737951113473154
-0.22716982701921073,-0.10204512313156433,0.026681046767709465
0.013263967758338824,0.6292146493677154,-1.583933614320681
-0.3483386515059125,0.7099803635830728,0.5027643883091313
0.8038365376368213,0.7189826511636372,-0.345859056673517
0.23749130842207872,0.15011768597686795,0.0685948703982891
0.14875933443184963,0.9192907359179114,0.7472670678569943
-0.2627506016011787,-0.5124362647436598,-0.6176626550429238
-0.13515290612006758,-0.09663409214222378,-0.09048497176212632
-0.4856155732355181,0.12772178685397806,-0.6034807862648088
0.5427421582486235,-0.417382489611434,-0.16842203319164034
0.8068008902006192,-1.172769075220661,0.14191237421800557
0.4438605690393812,-0.4413396515447493,-0.6528480127560131
0.6078843885462769,0.48121831444921587,0.06855808702264923
0.08691021431784256,-0.2744844080427816,0.6956571529097626
-0.20108906929306963,-0.4228228051343191,-0.5948066167298348
-0.8427351307748802,-0.07836044671804578,0.04615828153522156
-0.04081243395117912,0.29064958506167116,-0.31563339467924745
-0.0771309587690483,-0.43698436702634497,0.3097145606224078
0.9653870758832173,-0.42226936461669234,0.3356613202556956
0.5297108268895192,-0.3912673571167181,-0.20284096780308564
-0.0649509160612401,0.15833833625220217,0.711789589592576
0.5530557526210592,-0.9264220047995858,-0.5392909942577159
0.5509933969437794,0.2291273098332226,0.4903990196626564
0.3486882721548493,-0.0212226371466913,-0.3974664300729729
-0.11395963660809134,-0.05187445780274397,-0.3220977265632414
0.026448583782851975,0.028730342481788462,0.4244084270467511
0.3409101036073876,0.12763939566642565,-0.2110122745331952
-0.04084517792196837,0.1943161992299645,0.06504283350587857
0.08038542332075661,-0.1404427039393593,-0.012396574866608195
-0.0412773353679871,0.18598622607752768,0.16695024168208916
-0.014645086163477039,-0.32448787229572956,-0.25270404541825614
-0.27503158389341886,0.599850791483229,-0.1754492483408544
0.07952020282030359,-0.03339221879349362,-0.04009242181970129
-0.22578058344853683,-0.4209183077643466,-0.4803841043838347
0.8163326368804698,-0.19830794636470822,0.10279803933112669
0.3243667383154074,-0.011009982313875025,-0.26520306515604575
-0.2883165826226153,-0.3566120396516743,-0.3927535129454758
0.0045699193226342305,-0.43742270022040386,-0.12489786065773101
-0.12385694531344843,1.1810661214918485,-0.4289725582949945
0.45731092095255316,-0.6016280709100807,-1.531069752253321
-0.27332559601897366,0.8514345983018536,0.6015037823388658
0.24300344681719113,0.5167324514018801,0.17065272840304824
0.12924126330491598,0.44321681951671504,-0.4237297315846783
-0.6193888674712046,0.3867477411396357,-0.3556962526152688
-0.03173735549659759,0.711412375951479,0.09829852545070629
0.05785548939159186,-0.09279712660656825,0.4873664777389519
-0.31250010079351526,-0.1532407598171778,0.2239876566217648
-0.08217284196822153,-0.5972899729228491,-0.47062225819575537
-0.13026351942993208,-0.3953110179651182,0.6057721336897534
-0.36823667922982417,-0.9168311415717263,0.09209069119968072
-0.37576869492936477,1.000040799619971,0.8364478885043176
0.044396875957720766,-0.37565692399895495,0.06163670695116805
0.2052132543147457,0.5339651664190666,-0.49077697837841927
-0.0009624399792963062,-0.192977375952663,0.6991500646803867
0.29319394055997333,-0.268334829237323,0.8668118955617397
-0.15126879999829732,0.22065746634156447,0.57051124911303
0.4591985453537821,0.17371522225041885,0.8224686603826356
-0.182857048923484,0.03827393932029188,0.8494899088557558
-0.19341265475208447,-0.0010109127570153975,0.07498145519003153
-0.11172355782148828,0.6511366883161434,0.07346948923254765
-0.14847885520537213,0.3326932188498209,-0.49426906415109384
-0.276490768687451,0.26902205708605254,-0.04483725396334459
-0.04396619602667387,0.21507301670077753,0.041318513360488474
-0.0878630195655702,0.1598592514093769,0.39630151221061055
-0.10531119687694834,-0.17228924722350272,-0.7673936125688745
-0.45498408735782325,-0.7156434592400039,0.3729559597731026
0.0367164578896641,-0.11591785178084853,-0.13505957213644704
-0.999402166941414,0.09685003495333944,0.3580671742025645
0.1242265980100111,-0.22910806502547543,0.18588003508023154
0.7258984923198352,-0.4521677260167867,0.6901348985686071
-0.051163286159270335,0.46710646548624035,0.43955914201136337
0.4433311628010105,-0.025554079822465173,-0.31515651406391737
0.11019223891599317,0.154387126449826,0.14714389727733848
-1.0613485458698113,1.189563489298521,0.06379170986948063
-0.09554859151931938,0.3121023925535269,-0.6197790631721737
-0.08491489302876232,-0.9283476624055093,0.1581785515259106
-0.13734316179814102,0.1413358875554776,0.11467064952389024
-0.6253789312205845,-0.6552954096084651,-0.21596567324803095
-0.1797626378373166,-0.26165187892555514,-0.2811290632437649
-0.9562063354889802,-0.47295694511568637,-0.2943831593464672
-0.4829040647159269,-0.3594666772237826,-0.04259717695691259
0.4976121242997165,-0.5613228882615932,-0.34313956995050876
0.03901838643194495,-0.22745210613530098,-0.6431176695733881
0.6828656345061765,-0.05780731385410941,-0.06997258834730248
-0.3899490405878035,-0.6594613451209591,-0.38393279614526254
-0.7882549113452606,0.20616039087689747,-0.5457592531454749
0.005614874500231223,0.16935119891509015,-0.08214710688357854
-0.2336857394429749,0.0009323646964327914,-0.732532162717483
0.29566115398539183,-0.10517811332800767,-0.05355634775739852
0.22265792326566258,0.7679748498547052,0.24053472899502693
-0.1319509249921655,-0.6093412030006171,-0.5608153941900657
0.833603307550769,0.21101720800786444,-0.09973916536454841
-0.0018086842623354499,-0.8195615301342289,-0.220840776630429
-0.32980546596759075,0.2442295330617245,-0.15173330110264224
0.34953790636998017,1.1750149674468964,-0.33184897763868243
-0.5350180253319705,0.3261479753186409,0.24768120544844185
-0.846577578374145,0.052753946824749876,0.26425493849117826
0.1976277588944979,0.5190380740791082,-0.23211337516971903
-1.0135626617736717,0.14260552385558373,0.713309087316864
0.12131949411043708,0.3408887814123965,-0.09533209399337866
-0.36836567885213933,-0.2808543054236938,0.019659557842501896
0.63122588238675,0.5898415709825776,-0.7183860083424916
0.07885212046829909,-0.05466112394859507,0.11027068980736685
0.3331322840978091,0.013551382617625896,-0.509705937387172
0.9423400548834239,-0.9926233299335029,-0.18374738856280962
0.18113343477554356,-0.693670834841971,0.45096217095594193
-0.0019694150091553453,-0.32700026524755144,-0.006942366664623889
-0.2866571162168039,0.18909652442281089,-0.25808234542995456
-0.7353838327989627,-0.33874599701148045,0.3770961428779591
0.24708662834698528,-0.1930901001298737,-0.6466720100372728
-0.4074991070707953,0.3337245070936167,-0.1571683467146626
0.9141162658685121,0.15734986001486884,-0.05006582686431521
-0.24972383191701655,0.2298126015310148,-0.03987658900838084
0.024562955487836588,-0.5562540063722826,-0.8470187009129375
-0.7368612542604037,-0.10051908581523511,-0.056416676411886676
-0.6648639661302738,-0.19589638439253343,-0.7908658996433902
0.03656075932332134,-0.7834465542909043,-0.0060978561485396585
0.4099116886905504,0.5757888728516057,0.3632456454511787
0.16063964978362552,0.019156048542862958,-0.32983779231868043
0.16194003243453575,0.37109200537731835,-0.05838492434840654
0.10970651210209784,-0.4568620800897452,-0.2192448760506703
0.3965265447574304,0.00020627852538734892,-0.4905593642355359
0.3877852259261166,-0.49788055167404954,0.10542709416565418
0.22647774533595308,0.7065558148051267,-0.3490854670812799
0.5750824646761292,0.9803911267720957,0.9307538600141894
-0.08787626250649384,-0.15337054093231542,-0.03855459554148887
-0.49330875772216054,-0.10450001150231741,-0.22137738177357344
0.7564060865414359,-0.41643888064371515,0.35198290318174946
0.34118477674489056,-1.088761693916989,0.26667732880310574
0.006428309602220406,-0.0024858538222790327,0.9592464014354745
0.599993307982302,0.6024497290080082,0.4811021252904438
1.0566190184251458,0.0937194653741526,-0.32677137276180157
-0.46381524446065503,-0.320116662868863,0.30537726727728826
-0.2961135793986089,0.48915054886965004,0.3106915674025061
-0.014673052094086952,0.1428315805552031,-0.5942216675878411
0.08854379525902287,-0.6101679807441722,-0.06923572041074216
0.08535461975088261,-0.16689762133713937,0.19861344642873227
-0.612672033502005,1.0737282495953504,0.6831216150649116
0.40228288833751047,0.14624420172388558,-0.287365535758906
-0.18065380142208903,0.06931246570781313,0.42840217224716065
0.19912086802584636,-0.13019964925305907,0.059393772707735375
-0.19034660035987463,-0.09778209106475783,0.4182090316202519
-0.17015237473964742,-0.5828205806534561,0.18850557533299836
-0.0031545253467250567,0.0764379955190597,-0.1114523306992041
-0.6614711724836375,-0.05244394802432989,0.5856125609513971
-0.48411082830240615,0.13511879735172028,-0.11475813397020118
-0.5533164044970641,-0.06246209008265205,-0.6320279349139724
0.37585847915138837,-0.17041729111187442,1.6480198233514085
0.5382485921742247,0.0936040690474044,-0.5999668094825243
-0.08010906249399047,-0.016560488646280618,-0.4031127752166842
0.06688515851337834,0.08439931517608337,-0.5014737676964527
0.712234425186346,-0.5984472063483802,0.7150804866809527
-0.5851669185856891,-0.05315647271152053,-0.18040699763162127
0.1769126130236953,-0.26531841896938446,-0.06944273754272043
0.3593091453883682,0.5128113623544638,0.22250866148662263
-0.7408926005872465,0.513334705895086,1.182403669309569
-0.002862719000173347,0.4611712775513668,-0.2400103642407019
-0.33389328845920874,-0.29957348446365734,0.6034528169728179
-0.4432546982783484,0.6471957237578005,-0.0893660576636626
0.00029726259270219935,-0.13860728661682226,-0.7483245251664694
0.2767296583000979,-0.39454511700843065,-0.1304578195289211
0.028618894433230103,-0.16703414984913517,-1.0179946574715115
-0.2308382482051744,0.7559376072429598,0.6734063041981521
-0.24338305185921066,-0.35692939503592586,0.031229296681180498
-0.05854138818651061,0.6779518727188429,-0.12315809120304586
0.43788841377131976,-0.3065736699557775,-0.10960299044982683
1.5044206814736205,0.13447946683192177,-0.44429300380988995
-0.7660642694196345,0.2618497891511778,0.0965805971652457
-0.2392865963399452,0.4299581994351377,0.906001754976095
0.1783954003136589,-0.5034713259677066,-0.2465779788257549
0.7243712747176537,0.7654983348744625,-0.4900884130496621
-0.29660398871953075,-0.3161909383505109,-0.49682283924851434
0.47417706382219443,0.45590719310766287,0.06276710081907631
0.28510761384872374,-0.47820735855541596,0.07597553303916767
-0.39565719068438227,-0.5424764982623241,-0.14942029323004483
-0.22262580352896358,-0.16696587868140728,-0.2058357850194901
0.5186897344194321,0.4892996229964035,0.5931036994616011
0.4290782095857084,0.17358524852779308,-0.1781907573342084
0.1901774212910028,0.5742094128387338,-0.5107474875668722
-0.32577192855675935,0.023008266343405193,0.29898880779464526
-0.24630327659543216,0.12716278092499816,-0.9459347255661353
0.36866468609001785,-0.6179888628073603,-0.10198980850089145
0.3302136938663267,-0.6135985089340918,-0.19490669577841735
-0.9830356549543037,-0.3527738703792054,0.524138422301756
0.5382661372406305,0.8999786959029561,-0.2135558126134949
-0.3808710567749739,0.22173264140125593,-0.8159197100520085
-0.7132398860699295,0.2117328324202441,1.1026805433485662
0.28071318423294656,-0.8466783004534661,0.19564325671201585
0.897292770110329,-0.18113663536300634,0.017797718390625696
0.43912682764443484,0.43785929228207976,0.7554375068779625
0.39625155259708245,-0.8797806149824484,-0.43558818151491296
0.18684576186306429,0.7967035046732576,-0.13047665835297273
-0.20828203582740393,0.8381729564733601,0.13655013015345244
0.4189808453567184,0.9128247350082646,0.4314569241300077
-0.6109735885391229,0.15180183102144115,0.7701556123666944
0.49240719610039907,0.5753156369927291,-0.3267073447992645
-0.3941771364430488,0.02319829872847308,0.22990925718897437
0.170616223983171,0.6997514846747651,0.9230940832969086
-0.3812098494835792,0.2026788016093995,-0.7485215052944365
-0.9486521675794366,-0.25565983133976705,-0.1451991919313076
0.04041476143372624,-0.17718097546522124,-0.5292226272942984
-0.056204121966422466,-0.31464416618778634,-0.2169915041991618
-0.03510521963871524,-0.15020645938538704,-0.3134769712330632
-0.27724271740710626,-0.08993803320612209,-0.1275072890733813
0.5290546072318439,-0.31786932449101296,-0.5406135905328805
-0.2042124025631687,0.6788200985025001,0.3154234593632241
0.02237105960337494,-0.37463733776651026,-0.6109029188022094
0.6646507472516682,0.2528165071642304,0.40736990286811176
0.3097076267397582,0.22123502417186602,-1.0499328697357602
-0.08454699638729479,-0.4200515750713169,0.223813293276936
0.4628611545392144,0.04702606407055515,-0.5340222078802349
0.26157615626286984,-0.6420127036146649,-0.18916869253510415
0.004277650444703643,0.36380635989558224,0.34286830817976366
-0.23106867831974667,0.01217238814398288,-0.936661607402286
0.03596987080127502,0.974783148499877,-0.5904591381647144
0.679205433197773,-0.07934500755432583,0.1404541757838036
-0.4070281312527708,-0.1489326084087795,-0.33082056350414374
-0.2579829060015102,-0.022567454734695513,-0.1434241914325599
0.07117063421860625,-0.3586269190989708,-0.3669845249923388
-0.1954245735325184,-0.9055610550837607,0.08573496557822732
-0.11381602712985461,0.8469507814888237,-1.0041314223537232
0.06460773691752839,0.44110892140320895,-0.003025548054541166
0.06843105197210801,-0.9009890872785979,-0.42568207778265194
-0.26005688010668543,0.8404727034148807,-0.2266382770842657
0.03116178482228449,0.33662163413126045,-0.4457875147913183
-0.022529871462376144,0.6192960231511735,0.4812994646855423
-0.7663486708217646,0.6051671865453088,0.7149000573475847
0.6627076669403066,0.07567552682779638,0.5408878246625763
-0.705007677854588,0.2038701076285595,0.35693279195546534
-0.2849693216372787,-0.9435003396496117,0.8629185765366435
-0.16990351932374775,-0.14036465172486282,-0.29986386993094816
0.6037945999366601,0.4877867090446657,0.30077428671801437
-0.07954345597576506,-0.5079507529228476,0.21020320004154913
0.5668672795719556,0.41073317141336313,-0.3839234723534243
0.2172335501788332,-0.7361545192831486,-0.15216126242084627
0.5603705915172921,-0.1246969043561224,0.6573305794710109
-0.8202900651006166,-0.2895449628688781,-0.03605814864451279
-0.1638553510373313,0.11905153722083893,0.8174192671379492
-0.15908887986292025,0.8044158065481769,0.5842551955830465
0.2682352905066603,-0.24797751089900466,-0.146057240612419
-0.5205626228327119,0.30369606165875385,-0.06923878253959398
0.31096460751275146,0.2823913778212556,0.8894513559199455
0.10422102681383562,-0.24867070249828443,0.37007122448260393
-0.18092260281346312,-0.05178277356408459,-0.2729600914246292
0.658545757391076,0.5322078876025965,-0.4873081660618098
0.3781423200477352,-0.21483195190426319,-0.7224162333359376
0.20270368610456305,-0.35633418184099364,0.8547972955154345
0.8548637138805535,-0.19616665364260677,-0.5617734937069931
-0.15302952305968365,-0.47335037690481063,0.22760365531278698
0.1718951510352273,0.504297667941909,-0.3088936513544814
-0.0025408412132761626,0.37482137903568336,0.25534242982293853
0.8199642956215386,-0.012123255919498713,-0.2523612537196297
0.5664600083979962,-0.6578289260280112,0.05895111524647859
0.48016623785839363,-0.19884678867701294,0.13415046566103678
0.40593903685383914,0.29361294822894496,-0.29765583072527085
0.2064340969714342,0.29262303010933655,0.16867860039859117
0.20534741512251956,-0.7050752934845362,-0.39449666367385466
0.22540207369193319,0.3438736602259907,-0.530834305804602
0.04689679457080026,0.11006352727845228,0.14662583294672527
-0.46718781943788956,0.555992736301336,0.56060534627194
0.7899754915929703,0.5502701027347906,0.8027722480594458
1.0412759377718939,0.5093313921326567,-0.07092650074595443
0.6872395352281973,-0.28142230666689383,-0.0604196234656712
-0.21553196274003028,0.269749000387588,-0.12960622302821342
0.22697627095160744,-0.34043230520286055,-0.4127241083135535
-0.44258391285559084,0.3715615195490919,0.2566782852010956
-0.40903413639170183,0.535423629027574,0.36578298737883935
0.301557267445519,0.017316038079423397,-0.772085926052691
-0.047236680838946485,0.48260943495690883,0.5228960931418931
-0.36308104537935554,-0.08661377062090714,-0.33386961302028634
0.16621414026910358,0.537781795946785,0.26200907685721136
0.5112096500644131,-0.24201974274475593,-0.26521931726567805
-0.015349899608402398,0.16052590861690313,0.07878368092628302
0.9626697231078735,0.7521493094605675,0.2621316185062726
0.20118074743920006,-0.6194075400751966,-0.9210073908608138
-0.7324658747142803,-0.17163279068773848,0.35369272637776694
-0.20602060170398262,0.1966446747258778,0.012899171716681146
0.09862355431500706,-0.269353513032272,0.21088934837022857
-0.48422213294860605,0.7603606111317834,-0.15319538071554564
0.11548783903600204,0.245195427949103,-0.10002648462279969
-0.4633261190713868,0.5039055633626185,0.6840797945706926
-0.16926227668633548,-0.09734984455470144,0.09761371912673011
-0.5160256577624474,-0.330171301112272,1.1230403009833179
0.05455526623660212,-0.20452031000151036,0.25973352836762525
0.0006535065184750111,0.27659924670566033,-0.30292959884083104
-0.2508918582918773,1.0432370047058286,-0.19526804323634686
-0.22535821632962097,0.0070805765034619855,0.4381921502395139
0.05534067310640442,0.8129916566472759,0.05983472407471838
-0.13125751012757286,0.7147372833570409,0.48027157922298525
0.17273722909131684,0.12238062518039097,0.1852491446793389
0.013667967740939757,-0.32151779823488436,-0.2942339270794513
0.10157868505461143,-0.15491678251986962,-0.39187321225652794
0.7205563784389175,-0.34190056235022565,0.30962177913873595
0.45160754045508034,0.268816000548187,-0.2710390167845948
0.7183378320701094,0.6474708811641077,0.12399921778502845
0.4290340042804786,-0.5918651177809064,0.6134678522743937
0.5515950900160601,-0.2392426766168888,0.6062352926891879
-0.7224959144463691,-0.13829860432484323,-0.01752819722859921
0.4035516553651501,-0.06151175506816005,-0.22710742358379088
-1.299950892682994,0.0454585226648852,-0.29419662908202615
0.3234579136002096,0.37820661248098114,-0.26420926654809584
-0.8156261782393268,0.8893953643461113,0.60767932855584
0.7267244304828497,0.6190441209015298,0.40689431245177277
-0.21167745168776725,-1.016715833655269,-0.6638420292647903
0.15441138883573371,-0.14444369598303364,-0.9161793576208672
1.068546990596332,1.15867830550452,0.07156259402269805
0.18745870321508304,0.27259803055936666,-0.4711090836662767
0.23429117485706344,0.3361892616324138,-0.3116643964174719
0.9707752744487808,-0.9531041795664643,-0.6847841735966953
-0.09711263731941508,0.6098031271159349,0.01823800105077822
-0.1446380788801232,0.6393552216625543,0.33867535246755115
-0.16326941750176507,0.6022961801133835,-0.08098509156665523
0.1216396470722845,-0.18131136634891157,0.21343626886683104
-0.3621342225204575,-0.4733175529844655,-0.5620155231448286
0.14369717458301542,-0.6028688551691973,-1.2425660381347043
-0.5369791162892718,-0.07675318189312513,0.46376428687239496
-0.6858943948182459,-0.29026123947035365,-0.5092070261387512
-0.4442058314475685,0.8102537537153676,0.09076013583422322
-0.45799604421621537,0.1564226509827427,-0.6905014679603736
0.20201252975521217,0.004575305334490465,-0.21277716676129466
-0.17145532740604075,-0.446789402155087,-0.23726780857104268
-0.6079890380413107,0.07796951969453186,-0.05039787513464225
-0.0077568753756927684,-0.07677501277689179,-0.20926055762401105
0.6580849811785368,-0.8597145049780359,-0.4006283259775168
0.500649462567283,0.11897854797520968,0.04637332835809654
0.12050018168055587,0.07787214319661401,-0.3075899696364086
-0.11759098860623705,-0.06540683272834752,-0.5928480753141462
0.5273467412667276,0.2046119396934891,0.17636795832301813
-0.020159868704508893,-1.306612079186997,-0.479993898909794
0.10382957373074067,-0.20163251752896855,-0.5149846162332732
0.4992637824035233,-0.5270974903178358,0.06457722019287793
-0.683661874991613,0.6067012997053123,-0.408547970049085
0.47347434332278354,-0.22065416868499482,1.029215066139482
0.29606818666563406,0.7885708271174265,0.7761774934541068
0.4732969636276656,0.0033624817893587004,-0.12916862168831172
0.07212043455722324,-0.4266142509824867,0.08218941630316473
0.6716397293852938,-0.015588709067137885,-0.084179057226826
-0.4370776032553332,0.8542592889209268,-0.4098468663150147
-0.36312601620648455,-0.005221295967151263,0.8406100383575428
-0.2347519749271755,0.182910041524657,0.13912942508569795
0.47580240431749116,-0.195092676459914,0.39263686069089926
-0.21823146458805398,-0.5036189455942188,-0.6257289290484959
0.2986721519808724,-0.7169798813441903,-0.025126869821736925
0.56412814943922,-0.5299183832665098,-1.1018091739945048
-0.14614753474451997,-1.922339301765865,-0.025466071335777052
0.5115633504249638,0.921894736817566,0.3915633814391908
-0.028967993877095644,-0.7679397432430675,1.3332257260334708
0.7188057768926914,0.2874072450674503,0.7478750746896183
-0.3218588087552407,0.6526824593110307,-0.7916600730733896
-0.008050286303977597,0.6140406657600295,0.234451824108773
0.004673912758909271,0.2757363090940527,0.12046359969185433
0.060599297245355815,-0.15454692152437077,0.4931799662278217
-0.6979391145304503,0.31255877732897935,1.179851262843574
-0.6325525622283563,0.2703240270357222,0.08523652331177634
0.16659285378886418,-0.12295777878328656,-0.8180414125032779
-0.13675747912856626,-0.9895350680510018,0.2109439542724906
-0.7450367270934098,-0.39213329582255185,0.6284314336562679
0.7111135173328793,0.44358101832369246,-0.04779823864743665
1.4502997831702158,-0.6789436687378507,0.9897518095044421
-0.27148844108083525,-0.4408751284960462,0.4918526736897021
-0.42659097245284133,-0.02529444964627961,-0.32973965409751194
0.03655794029364025,0.7877198143103579,0.33594907310401134
-0.3122803156773802,-0.5350952395770279,0.08639173763098906
-0.17411154623533068,0.6044333180782613,0.14097726366990193
-0.3562040297959252,-0.4054020337792283,0.2430301364238751
-0.04501417010153526,-0.4815926362952755,0.1786018146421945
0.2046785329401137,0.3372508753313214,-0.5141430991736888
-0.8503742596241604,-0.20547877723822253,0.7226613401941645
0.3257496305625158,-0.2801316720622917,-0.3708186889774934
-0.29249464226886857,-0.14014881273205512,-0.2154470116463098
0.10957909855260542,0.005581231818562085,0.06749270516331174
0.06750626729505005,0.8021981047499753,0.01666087819755864
-0.31363697387861483,-0.40559153847032653,-0.3586145962933664
0.318560297968175,-0.43944119536883214,0.07877689136400277
0.16917586054029074,-0.16955947678598282,0.37006742038747154
-0.5809304261749063,0.5215613613764553,0.600377693846248
-0.1296839811534148,0.0311270170115805,0.2617965248787103
-0.8531833644599552,-0.053638673484481286,-0.7631870087364764
-0.5211874508890171,0.835385034327845,-0.7714328914485252
-0.3970456651105267,1.642533297642148,-0.28715952284750584
-1.3354562481320629,0.5569707798443643,-0.26789163078615447
0.28929937188569316,0.5198933968025496,-0.7872710213119332
0.1472246764083442,-0.49700902914902534,0.37137398242795966
0.06189268208261797,-0.19669539228370575,0.3266163457450637
0.3225651682642532,-0.2695582827729521,0.46230113135121165
0.759452317777621,0.7589007504770062,-0.3605753283461861
0.5952638732439289,0.3443237468268459,-0.41038279228970553
0.043881916218822384,-0.2808584855070167,-0.058392397794708555
0.29193054692464976,1.0568751632970854,0.15844764744858897
-0.46974117053045317,-0.854443081282038,0.3040053931594582
0.5700629020981542,0.6967696218731406,-0.06485901135232347
0.24067871745345734,-0.22997933364465228,-0.0659698031736076
-0.4226843218528366,0.27486871699717075,0.347303461730316
0.00961298738427702,-0.9325526277302003,-0.7989977256887669
-0.34227404261157807,-0.6588189273268302,-0.18077443640219462
0.008037775453002521,0.34192762528664417,-0.2541730460999867
0.20235401415152687,0.4448450910056221,0.47506202400316305
0.3755702381348608,-0.40861518077356584,0.351184061808595
-0.8324608906494803,-0.15039111635463348,0.2726416400037253
0.1874726644578811,0.17313568890705294,-0.4109634313350363
0.1596104302859529,-0.25592276550555754,-0.40085247424897597
0.588802377349246,0.12417699318525571,-0.4218318067887186
0.30480759490631165,-0.43441456641439913,-0.013277808437738181
0.2873289349770947,-0.30798871670989125,0.6552145351487565
0.4684761542890205,-1.0145106225884066,0.6306196601579968
-0.43787401095999656,1.504311739411056,-0.41996494725283484
0.006316640884858671,-0.848492999675501,-0.4520817539461787
-0.1682369212680143,-0.49171905602750526,-0.18238575129049842
-0.1279040020905591,-0.5929554639606955,0.02693200001522307
-0.12948526626713772,0.13412822524690726,0.01615566539500305
-0.5170977113604938,0.9423903141823751,-0.27300856752413216
-0.2591689241248842,0.31126785311146177,-0.12344148572464408
-0.1507374457106766,-0.3427224546862472,-0.0038543216317031143
1.04446825491911,0.12416159269207058,0.2210088464526422
1.3489098523124836,0.4345634389178094,-0.918409055717298
0.0334289986780003,-1.2468459939190557,-0.2071186160198165
-0.03247123182853755,-0.5340245605546273,0.999751215609247
0.3253805449152345,-0.04996527392343203,-2.0121074893540287
-1.1767331677641113,0.22675502129007669,0.3691921036012652
-0.04451002413659405,0.5578124590957835,-0.5823374786522472
-0.466482392588468,0.06482923048604333,0.2722605329960647
0.5222987579026264,0.31353628435728187,-0.4245060231419371
0.20824473441865887,-0.5445608943954283,0.36038027639302883
-0.7163400251779536,-1.2930147575862194,-0.21406552887629793
-0.8874834622722044,0.3746426039910408,-0.8347949586979025
-0.24864179725101712,0.09839607882075413,0.04588129371906742
-0.7445110856497543,0.17793487299815533,-0.6038536124792584
0.8047753535731026,-0.08096196245003373,0.7077035787849995
0.7821374473945161,-0.008427333573700662,-0.03275866176335261
-0.007633240295404881,0.3056189380498936,0.2972451379201395
0.7876103383200289,0.12341840627805224,-0.14287766191121395
-0.4199757504448055,-1.1673809886749147,-0.6556721678874352
-0.28006147225835526,0.23830845908632514,-0.1628495451876446
0.20412815965320094,1.2008756624680617,-0.2606259611205045
0.4163110457035065,0.8564172425736295,0.13773799589832808
-0.1958315563421142,0.4179541114709244,0.62914104304427
0.5251836872857252,0.17953691285911796,-0.5495420683114695
0.28549161559705216,-0.2182031413670703,0.7522075713884375
-0.33615795293194717,0.10664246817267985,-0.1635591395776335
0.09693551181472242,-0.5679504913306996,-0.8614324851231854
0.59426247823237,-0.3022727399656913,-0.009542432156360872
-0.06693857919438237,0.23487902591862586,0.2207359422188661
-0.10554412601219464,0.3686102317631097,-0.0934915732216049
-0.5046463906599906,-0.25192748277990806,-0.48407291317140166
0.1667441392798509,-0.6970955000897852,0.5709728930354447
-0.8798426727454052,0.34666068829829155,0.014764324643632865
-0.09181628103228459,-0.6096510286159464,-0.36519526003401437
1.117209699425723,-0.2754364267740411,-0.2633539045896392
-0.2864719773678524,-0.03946961179711653,-0.09311197274897709
-0.7922073069736439,0.7835005390134601,0.18397718226346482
0.3160135906789012,-0.04682962634650939,-0.19361015318789349
-0.15135222267530832,-0.12073834246945025,1.1728710538571592
-0.775239684920408,-0.29730093798794144,-0.0792256089929444
-0.04121763437932141,-0.21697718733030813,0.26336329068656983
-0.104845523951592,0.10219577982753764,0.664660263452222
0.11033734604074066,0.5316612656382377,-2.2032230870067733
1.6523962291104526,-1.6229443401416286,-0.2197073307601151
-0.5087396822713159,-0.060529822025396834,0.13988426275391228
-0.9614144518365264,-1.0110833640979058,-0.4326954344300511
0.42357278452845476,-0.4204483495441079,0.8359936751655473
-0.2025653022162377,-0.23282617187198054,0.09517610418398188
-0.3747701199573058,-0.23732487280240755,0.0395817632378751
-0.03875309950642282,0.10564133579768521,-0.35939366168404735
0.31333444413258016,-0.7244115521636091,-0.1572077725808362
0.2108105954641312,-0.402049958316975,0.22988029303962088
0.2983025329373631,0.3727147220082129,-0.4850523029213959
0.325385229867617,0.5015450859698761,-0.0014725182721763708
0.8395585755928282,0.1289493312273607,-0.31220975411413165
0.08159330234547649,0.28133496497152155,1.0468521179796335
-0.4001886473897148,-1.1880424508205836,0.3917548112718984
-0.12421120663270957,-0.46537560655434224,0.29879444683675305
-0.3363928688117796,0.5565082359358893,0.650071111301565
-0.715758051936194,0.05790924157147021,-0.667829766756135
0.05856784392676104,0.7488103178379122,-0.2792410877669567
0.4750856775224478,-0.38158436565578335,-0.6735280859427741
-0.17725991969702676,0.04320498227745373,-0.6003398202316849
0.19748806191086565,0.6726530146671564,0.12283258527205977
-0.31363744088003676,0.3348823646392546,-0.43427952351502686
0.6235902934066735,0.17447485247516725,0.5099420965937085
-0.23026881844614475,0.21018582912316708,-0.2351485923765938
0.0009824822964035196,-0.3735016608755597,-0.03039353583556556
-0.12054907211055783,-0.1828754756365748,0.07745761736124425
0.3637114944767544,-0.22180440824989614,-0.727415153341061
0.8163348720657047,-1.1296764145360032,0.6250631597245384
-0.40528602909732103,0.24532201878458074,-0.3807144426940322
-0.41460412377218303,0.17183001495612255,0.0176124572484386
-0.4356851698577369,0.42260954092555036,-0.13666796435041867
-0.5418184185297787,0.029210029651462112,0.2789630471606691
-0.07065638582302833,0.07421410209557405,-0.43693501730734075
0.8599116018995795,0.11652763831845617,0.06669670766555896
-0.213494832986382,-0.6240515674930109,-0.5164066017947152
-0.8170257189835844,-0.29954264316588874,0.43909218338443873
-0.23280713288020075,0.36463860005952187,0.821196827243252
-0.23283673806765032,-0.7246636780286241,1.2643925202647985
0.36930989517614976,0.015384579934646796,0.4095461532515127
-0.843206820404979,-0.9335137923543699,1.0124491614728859
-0.3608130098333981,0.5292043263713629,-0.3113446400085776
-1.8091912680205784,-0.0016802556850116,-0.6162179050041818
0.6152504103232038,-0.43640796605110116,0.11630524053256136
-1.200578507785159,-0.2339761082517345,0.6697482052202578
0.05440377150403061,-0.5378041904487736,0.16664553798823553
0.14693589884657757,0.879379477260141,0.8525084899635185
-0.38011330018434053,0.3142202822304836,-1.0214170256459028
0.6869079983313414,-0.63739578042943,-0.1319474246487763
-0.06943159334389849,0.1318566592228684,-0.7979143269289828
0.5577690565838029,-0.07514201439288865,-0.11397795807165878
0.7810184721601033,-1.1300316563908739,-0.16668143362006405
-0.6744990824701411,-1.075620529714565,-0.004668843684994473
0.42494010310071206,0.4894285130116002,0.3685310874364328
-0.34701756706343573,0.5129205107409023,-0.36317353540342306
0.22517759085755418,-0.6282593569654807,-0.5445054948846499
-0.4659435773483309,0.19746218249163447,-0.4611395733583789
-0.3931195127765892,-0.2708211249844353,0.23179764954287552
0.1589975453374442,-0.019255633907442147,0.14737367567778142
0.29950932916094114,-0.011273718848586856,-0.8629659738201905
0.6087781581790052,1.1442023032473774,-0.3602892301549555
0.05843434117037984,0.01764772790788506,0.27068042609528475
0.2511760123067716,-0.38454913680828773,-0.22600323548307696
-0.22579610030036293,-0.09399098969395595,0.41637959187935136
-0.14790112801126715,-0.5761136259232477,-0.18610393111715978
0.45954889423538914,0.19412423275740429,-0.08720406668845543
-0.1565403756695276,0.035087139125129355,-0.09869492869061784
0.20184551769204762,0.06447594413833255,-0.5500605682712071
-1.1109333140823299,-0.2448202077450296,-0.34777565967529367
0.5189927849999835,0.11601341879258328,-0.6152777325452441
0.08119150440435069,0.15887618099715592,0.3013506788103728
0.4528814315372942,-0.8907384646187864,0.3767195150389139
-0.310675239289135,0.7563699298761761,-0.2971772852866368
-0.11556681187085013,-0.09469040059593237,0.4322834926305904
-0.3749870684323217,-0.9084996890028406,0.3124058902282951
-0.47340047747445235,-0.7200291583705782,0.34054410972463933
0.666686690467656,-0.07854869618545157,0.06778463498715312
0.01255525075349001,0.07805565275693119,0.003673172043848216
-0.5472024002468665,0.4308526817832702,0.22475214206794109
-0.11333507251433361,-0.9927976639706992,0.18745380934591688
-0.13887733816338976,0.12270250581251607,-0.14264743663244378
0.9375115746327805,-0.25922680884839533,-0.35189596150952085
0.00834226838479657,0.7605549421452052,-0.06498789752896955
-0.4386757211827229,-0.18948114747737244,-0.08624242278885964
0.03090662866044278,0.27250060925871783,-0.6840702830330123
-1.2956696706559354,1.4020834492573506,0.4854330784587767
-0.9486493736490228,-1.0172967373715969,0.061237544879141
0.49254409475716,0.7579807059244085,0.17042176363580896
-1.045693595546213,2.126055887905638,-1.7963159934944555
0.09392807224694938,1.216950878165598,1.423799901228239
0.0949057038565938,0.4294089040454371,-0.8271988672661079
-0.5053750189360231,1.5320430247286894,-0.52482496313988
-0.23693512569709088,-1.3053497258586304,-0.7439297486968246
0.37519065979587957,-0.17308834600190603,-0.6232926158247454
-0.3236832731902612,0.2888019676275604,0.7253835780060507
0.5110221098660235,0.9471581167387709,-0.3212255436898461
-0.5701520834806115,-0.62983173881953,-0.07826013448694509
-0.15512396924279842,-0.4413657228300393,0.2985530439074404
0.14815649913454265,-0.4501842652251283,0.08035628769689154
-0.869218617934955,-0.08206660227787557,-0.0841001489476145
0.24318376198892971,0.23599115000555987,0.08578657165741138
-0.8565075199360734,-0.3663994927484716,0.3688755473459529
0.8760090212361369,-0.5209846543733637,-0.16210152862107227
0.03136686962425683,0.012457025746312328,0.15384307017273857
-0.2106735556626536,-0.10418917369374231,0.09061601371317506
-0.5670369578923737,-0.17187306846433437,0.6973589127570838
-0.07691119255938073,0.020754825080659622,-0.1572515136326533
-0.06631817781845165,0.06448052468867246,0.3220601250051549
0.2264144445796865,-0.8003649228769795,0.46922564067155026
-0.05716424456033789,0.2871458844012542,-0.3805777095733091
-0.4884979094030497,0.32916272774882394,0.10353251302562985
-0.10970878573644754,0.2142041653837899,-0.44397472055658427
-0.5144758234357566,-0.4322822021127191,-0.06748389956341941
-0.34534395324677725,0.029377439361876465,-0.255686727671808
0.298365316434985,0.05345047663458792,-0.4635885314521192
-0.26174314089976203,-0.32482175169389105,0.511622703941352
-0.054398890151481624,0.8855023560383979,0.10905976186744976
0.06708317602804892,0.13267013708678674,0.26888760703829223
0.18994876634831329,-0.11548354827263763,-0.21074382261992727
-0.5854721678189877,-0.16545665064709375,0.18123269438744222
0.15907996164734511,0.11250766006243497,0.7581003194438218
-0.5068202636554725,0.7249826979028822,0.3567194340706983
-0.4377884392207648,0.05059478481927951,-0.11023985705873426
-0.3796016034537948,-0.5699978596784361,-0.08552946770287999
-0.6186436087474598,-1.1086636648813895,-0.3546227466998688
-0.3426504389690094,-0.14570688649527963,-0.26851282069828825
0.2668105882293629,-0.6178725346892497,-0.28731674424981596
0.79911949719283,-0.4740160070133791,-0.230173553514385
-0.2562650846844091,1.0861204993364637,0.0968270404999472
0.42756086475872745,-0.8020479459282654,0.02105706532566326
-0.16592813560664277,0.23591431076580535,-0.7909965927232301
-0.5708943329978007,0.2647986562594604,-0.26227908623384844
-0.006812104630657234,0.29276921938960754,-0.6883854185197236
0.3634196381279278,0.10354521919166387,0.9407736762773456
-1.2081519638425862,-0.1262987040960836,0.8487480441939108
0.4947097948122231,1.2234108718009367,-0.9575795818286049
0.9688523780319694,-1.2566118543096099,-1.336203149299544
-0.3123022693038101,0.29276838395074445,0.5293133314758093
-0.4278490900678793,0.40583054301618016,0.48773411912179543
-0.6389976228773525,0.7072615504014612,0.6929979501068506
-0.502200059022374,0.7896810820566968,-0.2387093541781049
0.5485424090724396,0.3078883843169092,-0.057678048566195586
0.14787643277277143,-0.37763652970889466,-0.5664545262180198
0.3670138886378317,0.32799179409405005,0.05091129016783458
0.002501200236199888,0.5824376855556415,0.15135543808074292
0.24435972559946625,0.200436781332416,-0.8450874570631745
-0.6525873396383948,-0.1215284054143037,-0.3107490750418255
0.8203145389517654,-0.22716713636681038,-0.2655010679010854
0.2654237125688392,1.02187056785268,0.3259624940616059
-1.037828234966362,0.8902744557673336,-0.25001231869356244
-0.24624465024227543,0.4100244706304411,0.20839213384420807
0.3755310891290623,0.4195631360018087,0.41875571544929235
0.3052909490998589,0.08422729080325182,-0.21908276922821784
0.13835988849011355,0.5729145726268692,0.4595057435883987
0.3976129781531017,0.28726311709270325,-0.1543556954312318
-0.9350669577065787,0.32630664559134476,-0.390035528044965
0.7488277415666029,0.5249944924702339,-0.1711622851876788
0.16835370860953625,-0.04280351893321982,0.09910506284521275
0.2656384471448038,0.5620532450737855,-0.2054722721042549
-0.23708509001611297,-0.369813624709514,-0.0003118639022632111
-0.3281727083928617,-0.3241706986814298,0.1432158136984019
0.22508897786116627,-1.2189275225833356,0.43820140373861877
0.39083548232725485,0.3279842370299289,0.17738647035390848
-0.42906641072659535,0.23414530973864497,0.5089168523303743
-0.5325080526247696,0.2732579679172883,-0.19863839998315252
0.05102001506100026,0.05453394326310404,0.6775550795972636
-0.06436549854821579,-0.0821746620852686,-0.05383419168068673
0.2650893607266933,-1.0688338875013828,0.7085510899430437
0.405743311166873,-0.34625637558820355,0.032097610503487306
-0.18626263862496972,0.1257431356013024,0.5295985578508476
-0.13354022067573407,-0.14991516237146296,0.24012542011239718
-0.3918270646524547,0.2337037149452118,1.0360274084537764
0.020724460787570703,0.6451724444023783,-0.09523174118884528
-0.23959377931476827,0.2597309806238605,0.2277542838173775
0.26182473662401934,-0.6353327036826448,-0.29679674935727396
-0.21809970319589825,-0.12406132100034609,-0.3681652093497554
-0.3160239254676408,0.27210497691063495,-0.8737720194739617
0.14427730868274719,0.07794147067938448,-0.02570814551336631
0.823869668111971,-0.6517743538318835,0.14123221426490223
0.9450216990309894,-0.3825770564014773,0.26170634326260905
0.25386432903700734,-0.24616997100548055,-0.07321083034513415
0.7465798213428532,0.19433190189080557,-0.11579178884075891
0.5432856923118344,-0.47883532297050135,0.37659821708181596
0.5025231079497684,0.0024365930894115415,0.053008858114577784
0.6378316359140261,1.1330111587795633,-0.8492538593120305
0.002418720454188894,-0.08331329297166813,-0.3562505421249911
1.0975240006889,0.6967140574352404,-0.6100269820678867
0.8040750401055299,-0.9176682669022415,0.08385864792058617
-0.26383924759818944,-0.15632397514274793,-0.700975876545645
-0.8224339946838829,-0.6504842882878761,0.9286877658016296
-0.28080087409610255,-0.07137189294344035,0.06462661515896906
-0.33231747889742524,0.14376458047959512,-0.020161936428382043
0.029571521774527237,0.16225763988361372,-0.2941609865864243
0.7499327007598794,0.039318123535534794,-0.4638192959825051
-0.6227874127510615,0.7463155768693301,-0.0056544157186509125
-0.543779784259645,0.07891764915306251,0.14738255852215162
0.07838203560268511,-0.8480135672722857,0.4763644139784967
0.9301133554893622,-0.16473683248448057,-0.36485115773318294
0.048586573406100675,-0.9962836204765504,0.8786670413257405
-0.11485341374667324,0.8089923043352514,-0.34577150167913906
0.41078451176092917,-0.9926608279099145,-0.6302467964077089
-0.05353323289958084,0.6500007036349251,0.651383548843599
-0.3584480209509999,-0.26836359549168304,0.5067547499169349
-0.6786004151842651,-0.10481511623036215,0.0985363686008022
0.2829598930397726,-0.00397358504046409,0.7328292400629712
-0.923618365042007,-0.20365950864972893,-0.7515849808606001
0.36653080243695746,-0.41080696801710215,0.37291720160016884
-0.3201866463916627,0.37779337346186714,-0.5743442212420515
0.1715730123903072,0.31691236442541565,-0.27362006109215403
-0.5131201438149235,-0.7635489603107134,-0.02535987412572388
0.131174738502629,0.45797317798256854,0.09165921841144106
-0.646357749730631,-0.6554001666785056,-0.024845394841725654
0.9850380407652727,0.07041168977026675,-0.796635942079557
0.061778014692431826,0.048641954912913184,-0.5939084601786568
-0.15281881250722149,0.36181767912935875,0.3402963392561102
0.18344840409715804,-0.21581650894285054,-0.11336962864023763
0.34808617585429213,-0.01666285961389049,-0.017878947309953097
-0.07411576727897173,-0.21792194974237772,0.472296824727078
-0.776279703038895,0.12278766735667604,-0.2539970014852191
0.0359272358735227,0.21390158624254718,0.38748473420340646
-0.2522789927373754,-0.04601381848727537,0.46495923394353283
0.5652383063904438,0.29002444155850565,0.08768595758090908
0.4025018764583565,0.34332080204785614,0.4389065552721212
0.3424635420087844,0.22238474806810932,-0.5643587107243359
0.16253032236597298,0.6591654913205034,0.031066829257518164
-0.9274894576481987,-0.23874213273489994,0.1662920013369642
-0.44672404886725703,0.18079242937332618,0.7800555525478724
1.3763711104559109,-0.32698904377174537,-0.5852247265573357
-0.24518339625799096,-1.2137224500419395,0.6793388045146491
-0.22303091938323558,-0.04005648089351865,-0.017166846309002226
0.289086988298905,-0.6520926769147721,-0.7761131983097331
0.04575272590937446,0.058934951981731765,-0.018353316802055382
-0.47468203862307246,-0.28719227766750466,-1.0081708177709208
0.5035771428293587,-1.24470130784915,-0.37887839833543047
-0.6638910016273898,-0.12345828507984843,-0.5188506608755278
0.5178698849482442,0.670531330091087,0.5932910763997062
-0.3887122574002383,0.8090070501853857,-0.5237536877418385
-0.1070516842858974,-0.0823154323264837,-0.46715049272775055
0.2714542309100853,-0.5172467760369269,-0.8912057911909803
1.4384574388565714,-0.8809610552473377,0.45435570342448933
-1.0892439365857027,0.032971554805380734,1.0500302050674373
0.34605092294074263,-0.25883166487040654,-0.11584865780056622
-0.11458166061280861,-0.27206601495604943,-0.14308165566517256
-0.27592204265666465,-1.4319298479018474,0.05850908078435274
-0.27887289085740563,-0.18341960584436567,-0.9205548251369531
-0.5475055988482423,-0.3639032495839546,0.48777402587091884
1.1402901345051881,-0.8564983964299004,0.07725479777011612
1.0098214785228166,-0.01087453654288506,-0.22019380064660968
0.4555922362363237,-1.125399408176003,0.008828272104550644
-0.40949521535527084,0.056100410262181065,0.1886069255343952
0.42772776203093166,-0.31587744113008454,-0.44157978351666316
2.1905524343211518,1.256141848618364,0.8986490425246996
2.069394364697657,1.1273199666808835,1.436066171427276
1.253113336015614,0.06268788953448512,-0.2957758772069169
0.1507205281921713,-0.1994876826786878,-0.4450679020871112
0.6483456446958118,-0.018371075360756883,-0.13618247192353927
0.3522060952858741,-0.029167692436485745,0.25687220296820723
0.3524845585924184,-0.24179471644417286,-0.3033748704046588
0.6234530467244168,-0.014103526943761824,0.3918283389836295
0.5376556419002346,0.5518477670424766,-0.6566329822948966
0.5136204824632246,0.3092694442306012,0.3359699879773067
-0.5607871304563816,-0.006529629452880548,0.13854478560647301
-0.35515774208371964,-0.22612314191693803,0.034932293519212454
0.5995664323046135,-0.09527671928284606,0.004465721381090915
0.48402558832349873,-0.00014228446108355275,0.373641418267089
-0.12077986543820787,-0.048119298947169986,0.37492767581662767
0.16060673930540548,0.08064325886591989,0.6601479255334306
0.7414718485136786,-0.21793756747877596,0.07500481229785251
-0.6900180561600601,0.4619412718633898,0.20613488700401406
-0.6364625108566795,0.8955009290507594,0.7040662981833888
-0.38156200129625245,0.8032784436357628,-0.23942174195601792
0.5917760036928825,-0.4804319648677249,0.25165803531734593
-0.4149052367134004,0.07611082100545724,-0.09183837475290729
-0.005464733925660881,0.3307043120574235,0.5263959917114693
-0.4380774443538962,0.46059925464794926,0.6019791131314634
-0.3762105923556613,0.07904407139141849,-0.4230914060164372
-0.0974693055719742,0.41118171990200825,1.1025513278104382
0.36135089121042957,-1.2921179938362373,0.743482882218922
0.268104940591524,-0.03033762989557949,0.7667858176385627
0.41144247972216536,-0.7170980946295368,0.07007033446361874
0.27145821698919487,-0.06156814245635952,-0.7451629979733004
-0.7056903906272076,0.07200376273998088,0.4452694392021128
-0.7068466357990125,0.41856505615944484,-0.06076603887145979
0.3847592105193527,-0.20015471531542797,-0.4401652617674048
0.6758951446286083,-0.5864546730082539,0.386943254106397
0.4935966680957037,0.30611292237544635,-0.14532470534486275
0.5448730802627288,0.5904830012797285,-0.7344349791645366
0.15095339527136095,0.0730285471597989,0.28904876160814774
-0.9480986675813768,0.42580401328082584,1.0794922131852427
-0.421086889015078,0.2337741777162476,-0.1339944462688839
0.8608241179175606,0.0342308728719409,0.4682249699832783
0.29382961439262684,1.067335912162522,0.61616512819773
-0.07719528757911776,0.08829466880278225,-0.27479847598936835
-0.40522693762094647,0.03468077861112562,1.0469799675794267
-0.3102377819398716,-0.4440806974519503,0.22366749811692732
-0.4888879882767746,-0.1662979909485854,-0.08233164605300858
-0.9119610945956117,-0.5666360061552708,-0.30729237195398174
0.5073541923310917,-0.4647458097586988,-0.01987948388523808
-0.9467862149247614,-0.3215370117036784,-0.6177019500885504
-0.48151758688556434,-0.07113760595498,0.3161627801455414
0.05846595472888702,0.923262365516497,0.33190932701584414
-0.12158048790602288,-0.7771965415088805,0.285967110946295
-0.44171246317608764,-0.45565719414377753,-0.41766378917242064
0.8712440672024735,-0.06370104559426727,0.9259933109337117
-0.7634987671268991,-0.518733145008034,1.3764421386640395
0.06700315020740436,0.24870624487964535,0.5081595932091885
0.7587567581258136,-0.03715291379719121,-0.20952904276713297
-0.8370605026150475,0.22343919640326032,0.784363673788915
0.6514920129740283,0.016838099395027867,0.17852655068618284
0.20046511872460554,-0.9556947577729922,0.053643648139790404
0.21424567457624508,-0.25592402399548647,-0.30130905151274023
-0.32685655559227644,1.028444186943778,-0.26753604379262613
0.747630120829611,0.0008865331325122461,-0.27227574960821915
-0.06918254046088071,0.0816735886678174,0.8741391565339606
0.0011941365690861516,0.2501738293818223,-0.4037668169277354
0.6552261591329289,-0.3653078991375956,0.14212896561295696
0.6275398071069161,0.16703741752077883,0.20193324676260316
0.4390252707673369,0.100215960347989,-0.25906416891517065
-0.41271752865319145,0.05604161473090434,0.10883932988676896
-0.29183942661770174,0.02178970320101631,0.28122862838613505
-0.7567952565420011,0.4305272454866659,0.28090739217679345
-0.4204117065110323,-0.2773906314094607,-0.02665130825749909
0.47699348946949716,-0.5839977770031624,0.638100466794243
-0.7424342083999504,0.358882140772587,-0.012845965977015521
-0.3504729371862332,-0.0956775895467385,-0.42610777417796725
-0.17826014633573856,-0.07925330272078529,0.1408392979176086
-0.10446776143758049,0.09346424046078136,0.009128980128176145
-0.27109349872448896,0.16584800478020695,-0.14731139336379379
0.8567854498436942,-0.4655229918041098,-0.18617879046760513
0.48278793427381433,0.3579226108019273,-0.6495063778838892
0.14598194904161477,-0.1564447284821745,0.5682475152390349
0.1455973771006217,-0.44428639742470133,0.5749591264506266
0.14460431430286025,0.25819354429385555,-0.07191428281488862
-0.10004278983240017,0.09728324459537208,-0.6861331264441988
0.40625843140056855,-0.061668289570062595,-0.2475799481404135
-0.40060635418944546,0.4435916830079674,0.07908429093659763
0.41605582449627954,-0.03715427875594596,-0.3750090652800771
0.5691082304185411,0.14478798552334504,0.27574389092713625
-0.09637163899413245,-0.3245535093380756,-0.0667574307767318
-0.16597952537178495,-0.2501391751039863,-0.39422810757288385
0.024268125360895065,0.9881400797022802,-0.0851699156770443
-0.6148139615411581,0.2171271513365936,-0.26539064134950757
-1.273136726447082,-0.6728335542826497,-0.5939736451356914
1.2123139872136763,0.1759881313326107,-0.6031109333923157
-0.26206280642325147,-0.48574189151794256,-0.2177472750753526
-0.7496691700415504,0.28391408631559817,0.5114592832284925
-0.006614301155494218,0.5039388913663058,0.26514676366171497
0.3686718666938058,0.25154651131519046,-0.2765422862978268
-0.052043151448395414,-1.2485232743474304,-0.19570292940159578
-0.2529429018870123,-0.24457213916792148,0.1640599809191453
-0.7905216650590394,0.6584650392044088,-1.1115952512127882
0.24453313232306473,-0.24051413693548884,0.03842380475542645
0.23709856197401513,1.046144294274367,0.012843258941998559
-0.7517846633228424,0.0065558707570375074,-0.6716643091797078
0.0897829953379579,-0.2859258470599931,-0.28946608560558484
0.6936314743530286,-0.36041340137461064,-0.07701055391982622
0.42130578964361576,0.42376491273265793,-0.7278070551421776
0.871982799884076,0.6537002217534127,-0.2503067015537105
-0.8701648317990796,-0.3696105410725797,1.0081165954803115
-1.2134990619055253,0.7874617707818897,-0.1188325036078428
-0.19962965572636526,-0.35085884103560694,-0.6909789175670435
-0.27762142924646593,0.316073394978061,-0.7110011293584281
0.0803882947895365,-0.524837354183413,0.1720968848488288
-0.16915725585684238,-0.38090750571154647,-0.22029391268532722
-0.2496980775313551,0.0688091695555024,1.0561478663366535
0.3326379463765182,-0.07376480633538074,0.6809349102828051
0.14579410754488845,0.5273548864102362,0.4876740374385116
0.16310283371771397,-0.27209064848309084,0.9844423493839424
-0.46804053352832375,0.9351016559556414,0.5944497778414414
0.922864079652691,-0.2206345155724466,-0.33399807442750284
-0.07852175206487133,-0.36433518182632807,0.3782696654036619
-0.15097357115237436,-0.17886762115402216,0.5578414962228385
-0.228334834494619,-0.2743017882808496,0.7355914912900686
-0.6071784348557568,-0.15992136577031557,-0.24200197175851826
-0.05739131265112449,-0.4875013057882147,-0.4150599920248864
-0.0742178930329962,0.22232137404278662,-0.06715446034010736
0.4683432090009918,-0.08618015361302586,0.41874740097298113
-0.7315133883750337,0.6164264047139589,0.9405106387806355
0.6143338298229527,0.461132698136765,-0.36714847517570637
0.21722045958159375,0.40828145271580374,-0.3164267987239665
0.9702699684573974,-0.7001939039003645,-0.17327791062902317
0.15530870992318513,0.5913792683153865,0.08723801559377331
-0.0367562597197911,0.10787700941045139,-0.3288247212489435
0.93337170648388,-0.3729010584424044,0.8107174977388754
-0.06965283595831767,-0.12013513773220014,0.4803517016062893
-0.05812111055813482,0.10012388566762626,0.039205690215465425
0.6961346073562129,0.11196480224960281,-0.8915345584942749
0.33264285406618316,0.03374150241028509,0.25124101973272844
-0.5542345347852983,-0.4082989032883414,-0.17772730825555005
-0.12500258834785388,-0.06376368808992763,-0.07572006121304951
-0.7135293853405993,-0.7799060703602574,0.7086679565477263
-0.2630692591020527,-0.06961671420325796,-0.5362988319693442
0.3312743789183207,-0.8509251470542603,0.2524357756784261
-0.0030620176938671306,0.778636462278836,-0.6113854841290868
1.4425739495989895,-0.7944714761196862,1.2678561225945089
-0.2557659829068128,3.381119960144382,-0.0569594689491364
0.6928290227017455,-0.012426334250278816,0.5765805564176345
0.09380797332409313,0.8127783995531966,0.6621228668984143
0.4656132596362399,-0.32359883259640554,0.32223102445545304
0.3711221730502865,-0.01650246975131342,0.7140686259988499
-1.1798071791009022,0.43683044334451104,0.17064554588800646
0.3941612765077763,0.1932939432176894,0.3106041846493641
0.6881044152439206,0.7220670723683648,-1.0675311904483573
1.763632159609929,-0.38256176803295433,-2.0053221219929616
0.8649119666671138,0.005264249227351345,0.0718990545944367
-0.36065599734562803,0.04843984092330961,-0.09846591466198035
-0.38248639569421683,-1.046604634511714,0.10826777269204123
-0.42909900010935575,-0.3308940151482558,0.37859180550932225
-0.2367662414399314,-0.01463775910732426,-0.6345866089743223
-0.3516099402295894,-1.0550967456069094,0.4570915926686543
-0.21297456911645674,0.3781165238146595,0.9739327898336229
-0.9961775174840762,-1.8435235047003184,-2.60900788377418
-0.8074054219004383,0.6371453019631965,-0.5034479791071145
0.01170890497772964,0.19866532729433478,0.5880982121985348
-0.4359911774265528,-0.6322620469028438,0.6918544075673834
-0.020500910931687655,0.23526771817777475,0.03585872958571169
-0.5161143328421174,-0.23990944479527077,0.5433055834580286
0.5902524413779219,-0.22908323879664813,1.6032023040092052
0.013572326563127422,0.3200982292269963,-0.2695823292573658
0.06574272164821873,-0.1611237705642691,0.29713121133609016
-0.12460563316457823,-0.8059689142065858,0.5849910913880205
0.003985762885887839,-0.009522327940434727,0.8069107470233561
-0.003647590873741363,-0.4009872232569444,-0.3794851105192388
-0.2776411367456262,-0.36453467394127637,0.23150035354901521
0.6788395808373434,0.34888851431154466,-0.07839146536336442
-0.03452536088722649,-0.3796325667999787,0.021545691126480054
-0.4222169047186173,0.17670299951602694,0.02711011883268641
0.46760268027103685,-0.46007832470660137,-0.22392912288037198
-0.06157324881949655,-0.43373007477186093,0.21289772755567393
0.7000075575207187,0.37840808655267216,0.2584980240975287
0.7129687365848892,-0.20184485787279882,-0.5028186179000176
-0.5408079993547827,0.10153441930524232,0.3559737561350222
-0.3923246877684152,-0.5502090139659599,-0.5560963748805756
0.7965751033537075,-0.19838257528686182,0.6306360500640662
-0.15730418108185676,0.11711811817910338,0.1154000767808018
-0.31388152177570194,-0.16472930947743425,0.1872528334807334
-0.4009076761489618,0.20315995785856752,-0.09627318414414959
0.10732084581024173,-0.4072702865128634,0.008273986669814062
-0.21271718969972192,0.9615245050344836,0.5345261852244249
0.18346514583504211,0.4925503153960492,0.9681295003394796
-0.20624364329576073,-0.21737396547296056,-0.5903987548894738
-0.5652337829469201,-0.3253958434320434,0.2950870097562835
0.22548109460663068,-0.2556748541533602,0.1596181523427638
0.6451664510977131,-0.014805769182359318,0.06326767835257935
0.38665260005868635,-0.12976548905029076,-0.07355336816746795
-0.23788863062049936,-0.07460194073801453,-0.057371289451957484
0.38439469636603685,-0.13415226038332476,0.2501828583461803
-0.3589844867602305,0.44094006499721977,-0.6581732371462028
-0.6851702690551327,0.3548658213861995,0.9127669876498534
0.18838632992024945,0.2253701628840603,0.023890664398633965
0.044543431178731094,0.7043820160312853,0.4672973137995916
0.46304990556011827,-0.6623380656760448,1.3024567388657853
-0.10102074479293684,-0.12123996705474538,-0.3362890765312137
0.4436518004390597,-0.7078520985093758,-0.16999186359806537
0.5324810923388501,-1.1795052023839114,0.4619032475509741
0.45551680220856794,0.9816839592853633,-0.7424777793613203
-0.6814946069736465,0.8163147532931306,-0.3854149294052468
-0.5439347321779961,1.825404621867091,-0.23957153588423463
-0.1361078457034366,0.3930809730256296,-0.14049789559156176
0.0627833671159721,0.15448198527817592,-0.10890760306106405
0.005577905939396222,0.12074801445653527,-0.8821748061114139
1.0982930692655115,-0.0272621938038605,-0.5477497946020514
1.2104401000649716,1.301851213323539,1.5107546595060224
-0.49265955237708237,1.0389490962769257,-0.2929788285586229
1.1869619256684731,-0.8354171156584999,0.20163971521951463
0.4583275438569409,0.04517509422260388,-0.003148587632749167
-0.07348841926968937,0.05161786398801367,-0.11002310549969396
-0.044813936087685434,-0.5286933397811404,-0.021433905211173568
0.567616692739345,0.4889122139852468,-0.12682304661336843
-0.16530903180297837,0.3901491333065402,0.48787310456361077
-0.6579114240136825,0.428491357391904,-0.10279675523189519
0.039266991767521076,-0.2929578251763566,0.14081554115047037
0.07688496121207111,-0.43581614155120646,0.312151596537172
-0.3230082104779587,-0.4217622154960811,-0.15466406626238066
0.8030555693658118,-0.11712723745534731,-0.3670510213112729
-0.24354469381265131,-0.04397578338202035,-0.49329784747837657
-0.2416118585642186,-0.5761922405358171,0.7078647217531516
-0.6215765664817247,-0.3045468885970261,-0.8631908827333602
0.09012294737138604,-0.3561400401288668,0.19639058835236914
-0.08114153938850507,0.20653928557308204,-0.510768478541136
-0.07942961320666797,0.230293258948714,-0.6909805308674711
-0.5923041256735118,-0.10902351960706969,-0.015897556018330414
0.9410182589713354,-0.1640488043319568,-0.38042309859581025
0.09548067251867834,-0.26534032443611283,-0.5422797101282613
0.4223987974915845,0.6749058886330532,0.17585834403388365
0.41590208948879204,0.4607480736005082,-0.4627609977456539
0.3472199734753616,0.36143308897935544,-0.064108646659643
-0.6045701844530919,-0.5594448942170733,-0.30363779008489855
0.07416348745465619,-0.1076992947418868,-0.3804531520891768
-0.5793133632066318,0.09223504655398089,0.33484023999913615
-0.31024781746493735,0.1586269089837751,-0.2685003132470762
-0.16665400692162596,-0.056708233627071336,-0.4868934866760516
0.0007608906984130637,-0.18338698077027554,0.944574428378737
-0.6576815375460623,-0.5051191474980247,-0.4851559572096483
0.2119833691852177,-0.5737059701619118,-0.47368533983521577
-0.2941905890994593,-0.4922035820796442,-0.5493901986571369
-0.5583495556367285,-1.2977314932596744,-1.4457803140779892
0.25451840075866844,1.2770796072778015,0.21676951033720224
0.7039470316420974,-1.1648134735235283,0.2481126146194226
-0.3877213175571014,0.6442962857818454,0.08949736026905289
0.5269961609031903,-0.7264045000843521,0.11026417611942536
-0.4126986867636286,0.2645635730056242,0.66165497432026
-0.7673883594443092,-0.04889208311132321,1.0754584738068285
-0.7394909554931103,0.061750914277986735,0.16030484999397132
-0.18421272835744634,-0.396893860069138,-1.1612126352551393
1.2717231130638103,0.02759762261676256,0.230953321127933
0.088847242257833,0.10427959373690303,-0.5477629631461123
-0.3930703284591057,-0.6993077355367419,0.023917464752792827
0.35621283049418095,-0.7989974832004466,-0.3501461156853871
0.08240077216280842,-0.2429843989974425,-0.37103763036542714
-0.8628222366696018,0.1500724551814247,-0.8116924849364691
-0.1267845261307992,-0.6950416459319776,0.7235086978348197
0.1323030492988641,-0.058217746231162715,-0.3074800463347827
0.060064204747653706,0.2818093994827796,0.9234934497527149
0.03767187091834062,0.32396413903301724,0.22078656223322557
-1.0079001825219873,-0.44294081373071126,0.15432954448337521
-0.4395081792930405,0.8110955702355002,0.47802456359883344
-0.17141250575116468,-0.31023809061487906,0.206529588302643
0.24128601963943608,0.6394433659992544,-1.1955049672851876
-0.02129360341558051,0.5341456962718862,0.36154945135374783
-0.014200963826810492,-0.18218918293434327,-0.5308507421175453
0.14503909573282164,-0.0852048468231793,0.364918623568378
-0.2501404677936116,-0.4581377345635057,0.8381513526376007
-0.46445161420127845,-0.7542346328985617,-0.26064752825903303
0.056583755355427034,0.413991352093292,-1.302002800099072
-0.2134266976377307,-0.34115953787885117,-0.1846285406784336
0.27353573575719425,0.26891188092301177,0.1012018447003144
0.4523656941204078,-0.36564861947552235,-0.42875849351869566
-0.08911067035731746,-0.7371230680163616,-0.5271281559153871
-0.60728897570974,0.4632558546205719,0.6057836600945848
-0.17677794679068332,-0.15663674988865517,-0.30519538414362124
-0.1520684740679642,0.09905101561685349,-0.1872679657072462
-0.5383929520173201,-0.40653250490332604,0.5767684716058018
0.4110825348299872,1.0351685682548695,-0.10712257295038674
-0.11670602873212271,-0.5231821375591598,0.1637386595651836
-0.6082659211101415,0.19257248715557662,-0.7470845587610571
0.6857785298153882,0.1827718930051167,-0.11320906059604369
0.372145514377323,-0.41342599115628775,0.18865098327189334
0.24791454295429266,0.2558703555805206,0.2045351885917629
-0.06583638109204137,-0.4244510983370772,-0.39568169310870027
0.5028885270944704,-0.33243922393214537,-0.3617439233827952
0.553107220651276,0.270577640237312,-0.4939416618097408
-0.018922931118545427,-0.5661305460249045,-0.45939507768281945
-0.13934125869927136,-0.31108404481817087,0.8282284701873518
0.5877176791013574,0.12516702066173985,0.06857262280615932
-0.44154446897427413,-0.1376541780869444,0.068297458717876
0.7986790622932052,-0.612069169524585,0.5980730249307449
0.1213498377646289,0.20232209434678944,-1.1289797295544877
-0.5096513795430326,-0.5343762893507109,-0.9954581342879297
-0.34862699651260026,0.6688092079480192,-0.7535495723429322
0.1838582190435861,-0.5597712104905337,-0.8738193962269704
-0.42940752034364826,0.009053008303568796,0.11968320097447868
-0.06403915392742729,0.10694345703421751,-0.5206765608260145
-1.0416043090946059,0.43096056084406675,0.3609554993028571
0.0940496611903253,-0.28795874460272,0.6660769682611785
1.6089051537110075,-0.681328312648994,-0.5941102631697156
1.8519455280816384,-0.4148347407927263,0.2569500411101644
-0.5461905713958426,-0.4428559586811933,-0.0573886654386656
0.0752480183536863,0.10030109842876522,0.4857834496556538
0.04962705194099426,0.05891523835309548,0.1942740076453289
0.2536518761470789,-1.0955915357536623,0.06011966815320992
-0.6053973924791851,0.11934585193649995,-0.3855203653147586
0.5402387306530795,0.5612735030958289,-0.20096251892515152
0.17522482108084347,-0.40783630899066436,0.19084261540089004
0.5258051319649485,0.306464508115362,-0.34753537354550734
0.6524899862597415,0.9683296029088665,-0.10766753743616769
-0.11195057936343958,-0.14979266815119413,-0.35657429144811786
-0.7791213562892885,0.04823351502672135,0.17329150603252874
-0.964954254487928,-0.4599938761144634,-0.03631343041857808
-0.8436692394626851,0.5345166302176375,-0.11697046734186722
-0.4765117152605086,0.22841467215009542,-0.4347893572546114
-0.15628806362226305,0.8392474772693326,-0.702346716728763
-0.474082079781291,0.3943396964327918,-0.33415111572140105
-0.25660208043810906,-0.6283603242480342,0.19311294487347969
-1.4331619614683666,0.33671992886977603,-0.628829612107835
-0.11211235519600951,0.00766276166048787,0.1513081646188358
-0.31503944626496927,-0.23284118755674882,0.03325232646063694
0.48450699615679943,-0.5951553828813121,-0.4384154293278015
-0.33252888470512676,0.3523688724883382,0.05354501541534554
-0.21307181058283425,-0.8146623530457999,0.3656459255038734
0.887970103354287,0.14125410196636423,0.7396857709705733
0.23592420122957894,0.08918346110358635,-0.028338593071238004
-0.4520842886636443,-0.260560954170147,-0.6584484104393481
0.7653893944467498,1.1139230358171681,0.5429845662904699
0.13125502925014662,-0.5095268607231569,0.15305850450228242
-0.5532273079131643,0.32699298172941255,-0.13274593010334476
0.21045384855225063,-0.8413827233516928,0.037460784261893434
-0.9235794455370767,0.9328956738373209,0.0947668787713401
-0.2548512594289188,-0.04767896620366427,-0.07847690664531112
-0.07798672182035121,0.3572646905276021,-0.4663998999456777
0.04954374380530999,0.7700223397325321,-0.5273594409758436
-1.1834636491010007,-0.48266711971028775,-0.3577085742796525
0.18745555719867835,0.9138763122433695,0.20361313673449213
0.4416150464670737,0.007720151153434156,0.3181330331544014
0.11889312251366595,-1.0898703423758347,0.5008980833068798
-0.42427045894817506,-0.4334593569996351,0.3625705200834552
-0.2871962992737816,0.5872480739991764,0.14509133087122578
-0.913717542973202,-0.11146289504875727,0.0362655521153227
-0.0210518581347325,0.1091829521298228,0.399225118422499
-0.03323351997607992,0.4116900473875589,-0.1625270456370369
-0.25759187181020515,-0.05944563952503143,-0.4465431751603176
1.5680602802471624,0.4290771931393957,-0.7162110004418122
-0.1775568832458292,-0.24803095442613052,0.10859141413393852
0.14562780229963446,0.6691986837406183,-0.5655206486114037
0.555367840434311,0.6748192287782118,-0.7301319317101531
-0.04930725741901798,0.37567524441747063,0.13719930685722684
0.0442297235457674,0.6033694271480824,0.23342067403789837
0.4586979209114485,0.7556793424618985,-0.5963544978920934
-0.21018451943649805,0.4703385536251513,-0.20870316504247716
0.06203696455697498,-0.001142808521171379,0.7822120725740426
-0.8438602855562676,0.4907928188695028,0.4130052812200122
-0.004733791301494651,0.34878185280885693,0.48665539888833287
1.0290024932363802,-0.6532939564863162,-0.7759415386626104
0.43470394979600424,0.42536994322657096,-0.43047127679285213
0.8275206336392638,0.43422471267772444,-0.04923570833829366
-0.55634027528267,0.2954309432853225,-0.17052609905966065
0.6311400187526521,-0.07930041968459943,0.22408699240993646
0.42374768393659584,-0.3756157498695673,-0.3417864573931719
-0.07072275351149507,0.009427491974515229,-0.4882254151842265
0.46485378957336143,0.068151596169369,-0.2455099455576908
-1.0225113745294132,0.7593737821219154,0.27851441656128956
-0.4668284478444633,-0.015069092575195175,-0.07754584901183591
-0.15513501192651205,0.008544623059510682,-0.3580798269014268
0.22887787074920227,-0.30943238894375713,0.14116537644816896
0.2961268916525606,-0.18791407424109338,-0.15903990085999956
-0.6241179673670997,-0.3007094533512152,-0.4843995980112898
-0.5254476310320231,-0.03225429624230369,-0.7990877685826971
0.1444021819756579,-0.16873156901150047,-0.3077683626890052
-0.36426497953014775,-0.2618147719326629,-0.5040132734195157
1.1596920756987756,-0.07711857410223114,0.2586368421882028
0.532666068773612,-0.657446402031163,0.17676199307353377
-0.5543304780494807,-0.5523050727536601,-0.08794100634900401
-0.7611783803473449,0.6520981941876959,0.6908216739368354
-0.4158068151095219,-0.5223340678331283,-1.362609945325292
1.0536404377297,-1.121260557327639,-0.44559825859873076
-0.6612386867552036,1.019737836592239,-0.428001350713422
-0.6496112740243759,0.4221687445070672,-0.3025019621931504
-0.6208720051527163,0.7779267150598269,0.13623683962159155
-0.0258104795371224,0.9513231127897778,-0.10586616439602536
0.580307732326465,-1.3353360006073696,1.1873203361729694
-1.9942991031429889,2.4435284449706542,0.0169674470750728
-0.29518780458038835,0.20550297404426585,-0.7046203811638914
0.11338897289493816,0.13878357317212522,-0.6044700162739732
0.921950119354236,-0.21047874073980677,-0.3719377190618859
-0.9231975995405258,0.850602777372161,0.2262632323999316
-1.0444920868087144,0.21746570304826982,-0.6237855129321478
0.20311566883032545,0.2776662993101105,-0.2675708432929504
0.2055781954067598,-0.12592161218660566,-0.6830076944163805
0.22304274232443316,-0.3377207404488187,0.39837801783566124
-0.1073159337072529,-0.7985543526825633,-0.47825476132742295
0.34434954248159566,-0.11531975860263242,0.8447312897341253
0.7382023245291436,-0.06222289817992288,0.25001328142738755
-0.2434879442379601,0.3991528806164513,0.09890880728356641
0.04897166899680964,0.07288821772513916,0.20866735108459558
-0.10441114095594028,0.43497839666201144,0.1574015018850613
0.14955610187742335,0.6618703119709015,-0.3529948772453475
-0.13946067561153236,0.8509792675527906,-0.1395170652935372
0.29196728955985624,-0.23682516069593387,0.5957532057269644
-0.09197652688029134,-0.07223327549488104,-0.4549006957412881
-0.3131448786080565,0.5703177450789695,0.5119756023663841
-0.2102756847649795,0.005827114553973584,0.26878396906952196
0.09232956978497445,-0.3403635689619885,1.097672257836572
0.032920515282608975,-0.2191367809389998,-0.16218633657129763
-0.8547246227027858,-0.5064019996450275,0.14687923205433773
0.3821267637652188,0.3549848837718403,-0.13118000384901773
-0.5807160396706802,0.364070067388,0.12782057362509897
0.4100845219535222,-0.23918136954338357,0.9539112644154409
0.7898538371096696,-0.6855168517427399,0.5637867771490245
-0.6605945302021878,0.05852443066554236,-0.7864825367211624
-0.4272372962579548,0.2009260200737878,-0.6233255616427271
-0.1383869961237781,0.4945330723464837,-0.4193638630199539
1.0255887513955628,0.06427019595086464,-0.8486844538578648
0.38119887236830524,0.6076994562952688,0.11147960351618494
-1.916287183809124,0.5547891369533059,-1.7775934360254717
0.5836825265025576,-0.22829188752594687,-0.17283651402898242
0.37940548604357477,0.18197322913227879,0.6867588215184851
0.8479901499334556,0.2724079045437224,0.2727661105326674
1.6502364218083179,1.2128548250292048,-0.1431044072519614
-1.1335330085025184,-0.821953407714058,0.3117333112871973
-0.10078219363649016,1.0951148145647545,-0.08397892948372238
-0.4046529041406618,0.3639070088803743,-0.356560623226644
0.7783411245768822,-0.4856894988117394,0.6977835639452998
0.008153916511411119,0.1932846655453857,-0.4342163372804184
0.17828759782182738,0.5571585500826614,-0.36979551310782477
0.20783108526268326,1.0069528251741826,0.328910727674789
0.9847807432007843,0.04832138985431064,-0.3999730785923524
-0.6946400107689812,0.17773864351040486,0.060764108501110956
-0.14674937799592747,-0.23789079825190934,-0.18508868338944573
-0.36090898394341525,0.43158621169567923,-0.3083767338681142
-0.03514363634420903,0.11574817271141799,-0.08097917011771641
0.04786277542737233,-0.06073965042503362,-0.8012872019957503
0.3507864085408257,0.2955839128234443,-0.05239806220586807
-0.14154560522893772,1.0249287171630834,0.32993008841245586
1.1924083954381062,-0.12295507390266233,0.48493215654399
0.12234660653425146,0.15383106254494366,0.8233975574712282
-0.4023406953984969,-0.006320017296532199,-0.08459877706058297
0.4467966966116879,-0.341170627650686,-0.16928946037539355
0.35243818328038423,-0.176298637697059,0.20935533232535875
0.2978687000800169,-0.051359178494827844,-0.6918655705746887
-0.5019685069328546,-0.9133890933174991,0.11272911711914574
-0.5021302537050555,0.5086168831339819,-1.6661177551235928
0.5316895644654422,-0.03443783491312596,0.5371404920860577
-0.04006734118157873,0.25986543560730113,-0.05831906552292332
1.0349393956775845,-0.3054410545188889,0.40491062821975343
0.5318502050061631,0.42656496869291594,-0.2902837021404242
-0.2392764025381603,0.7851321915593027,-0.5527076716007355
1.197108439143365,0.6241387299986105,0.2429886319411808
0.4630905409504265,0.505995841930488,0.9222883165155236
2.26833240586362,0.1855107803247921,-2.063041044864575
-0.7427917935317787,0.8519774512080515,-1.2880694507789567
0.3922111705180376,2.9752010582502275,0.9611835797473126
0.1691035681359661,-0.13242164267629614,-0.061644881219893144
0.2814411438052085,-0.02465601083238647,-0.37914913416601337
0.15986137874934522,-0.5275386720790218,-0.03139370709041156
0.7067800847405656,-0.1197032311836482,-0.8936468132501587
0.5415635151437836,-0.12363038108080043,-0.6475209497532316
-1.0643951105960843,1.2506639945823275,0.07003447114398731
-0.3165755985978237,-0.3799833047911287,0.15446821352496248
-0.12443389155530347,-0.08684091959281655,1.001228530016002
-0.5164723070966561,0.359816322979463,1.505907014202142
0.628969912488558,-0.016859389140275696,0.396781805714433
0.5016137433618645,-0.29869764583659103,-0.40792486213767176
0.15049530262337668,-0.2368855797047833,-0.661207587741737
0.21016642328649796,-0.17710168722481973,-0.7201671612786635
0.2746851136681881,-0.2979921469473632,0.34929961527281933
0.46333364222069795,-0.21446765751024033,0.21033548052172502
-0.05350057409727586,-0.2841906031384397,-0.017997227398169224
-0.8970327658216799,0.47782222436785793,-0.11309112269841545
0.09045250551171317,0.41196286137023175,0.7304120089193017
0.2670151901377533,0.04214861447378257,0.197301667831818
0.1752905286523716,-0.6358662098044221,-0.6303994255473987
-0.9080638190766261,0.4161720320783768,-0.16312775756782788
0.7070069607366481,1.4117232333121275,0.1920387331177037
-0.27880844964245644,0.24210889737988517,-0.223428611091131
0.2996439967532839,-0.5165565512817478,0.48211726234419533
1.228485130418022,0.3030601251117082,-0.7543509967306873
-0.3954013545813529,-0.560423692524797,0.1524643914196107
-0.9075232847845416,0.7642612124609149,-0.07230763154449718
0.8962333721493962,-0.9163213446831624,-0.2024620151767573
-0.4150598088128581,1.022316392154289,0.2902797068167222
-1.0737904604179633,0.6971350474703375,-1.2603609905602382
-0.20559341414772878,-0.8219069693909375,0.1851275538955168
0.8594733103259637,-0.4259699868161778,0.04262482463347324
0.09731531091509094,-0.2021998368920942,-0.33384163545526924
0.6668078898060049,-0.2447888591946698,-0.5222304365854662
-1.0698496779190516,-0.6179803165802409,-0.17557803040967915
0.4003174305985114,0.5890726873792888,0.4698101977500445
-0.5561894138597646,-0.2579163514206607,-0.29038423652164846
-0.43299859316854294,-0.5212799292108758,-0.07385685425717897
-0.3328892240262777,-0.35061640198398053,-0.24559124094042567
-0.5155939522205575,0.599651315802326,1.158433153261773
-0.8018532354893076,0.6019724044708382,1.0727085374016394
0.3067033840406638,-0.20767984376370846,-0.6260755074795441
0.5643474126287368,0.31874511938661126,0.05128783527674303
-0.022767423941208998,0.18358469566414554,0.5165065337883752
-0.46147576543223323,0.5315828285948707,0.33287050755364916
0.3248886839046735,0.25912717959797493,0.03487782783543317
-0.07332172162407691,-0.6654263748803939,0.28092262441143434
-0.1270281939911569,0.11794796707510705,0.1783033812893554
0.04653009148986716,0.44407954045215203,0.3111417369132781
0.189147346656956,0.3273734195894357,0.5595692367393759
0.022062016097768367,-0.09327934536036267,-0.28437438548001864
0.6468429054986568,0.2519148646594751,0.20155722102553586
0.5335658988847342,-0.11399595334621523,0.5154514496047236
0.7380281114197051,-0.11549498646279613,0.283783499301712
-0.6616991437080413,-0.21810492216318061,-0.8223723294744187
0.4434998131667689,0.47895098592096275,0.6737887991202864
0.7924300060884115,0.11508335912746447,0.5191565959856118
0.3531251738618365,-0.6268092170315045,0.24602851892120037
-0.4806805192993773,0.27963918144097233,-0.2957204609023475
0.25375169289033156,-0.17692714204535376,-0.4368514319642166
0.6715581212335819,0.5375613706576705,0.45647283470406086
-0.01675492638178755,0.39066861598554137,-0.08217792106201391
-0.34172718999522816,0.033823686909147,0.4568598771200669
-0.5659758218561783,0.06501667795116944,0.8929716211657006
-0.12068221632101248,0.023100548652318094,-0.34135864425624207
-0.08260273983664694,-0.5213701469940273,0.5157560235503857
0.7238533547864854,0.33450216277063527,-0.06268981741546198
-0.5644430144997926,-0.3668410880296282,0.08452963005647761
0.24349617747308921,0.3614440483460802,-0.47935777110409117
-0.010080798882765862,-0.011601142791705571,-0.027467223351934106
-0.4220102699981623,-0.4944569447823406,-0.09602753712227574
-0.28882583769766884,0.14816734515001773,0.19396180425060797
-0.029002966926777562,-0.8241691123302863,-0.07589270138263354
0.0049056189006753985,-0.40788350731185913,-0.27448678309218066
-0.2115956518185751,-0.3134426020227605,0.2369423111791193
0.623337686121425,-0.49090537595915634,0.014684167147859917
-0.32478351122486626,-0.9415119144388081,0.5873083032228491
-0.6712602586059971,-0.5108742932594778,0.22815761717676747
-1.2935481035979963,0.8511973363511689,-1.5156155254456498
2.36089352380035,-0.40892765785454677,1.3093750199589271
0.04165382947967192,-0.0842845550586086,-0.4830347185316633
-0.2105737277892546,0.820628644309274,-0.7740368594811149
-1.348812789073089,-0.06366459422701473,-0.37076893418173207
-0.05945074226235594,0.060136974068755206,0.09445311104845527
0.020130264731281683,0.7620179387268129,0.14489951278336577
0.0250292453399251,-0.4588301718067617,0.4688519665116181
0.5166285227542766,0.33944293494722483,1.0300836517122716
-0.06786353380845844,0.5665668348958567,0.20192738921216086
0.05581036584316937,-0.027715840662627833,-0.40152507895282497
0.47971379891269716,-1.1891289332939046,0.09076162709636804
0.4619285454914315,-0.35120591509280574,-0.2938441318171198
0.23857658032653828,0.15653224545364053,-0.7842907838072787
-0.04403152004062999,0.21308787484157937,-0.7852407374083421
-0.41126689317811527,-0.17626432172403894,-0.6298967566828176
-0.40741380096619917,0.6431074193623062,-0.06689418274283598
-0.3175730160034068,0.225223478213529,0.3859220329146368
-0.4453998837208305,0.32562927516849804,0.025574654854349788
-0.474843426413495,-0.6540740183991155,0.519696634032428
-0.6381907168007215,0.3967770369619171,-0.7025508941760821
-0.9771636390444708,-1.3233770224787618,-1.1693978058305012
-0.6449005877664742,0.7864132751592393,-1.4401499582333621
-1.1496640126805142,0.7893862366675799,1.1392988753136775
0.687050654862565,-0.979209680612583,0.6396387597415114
-0.15520895364584056,0.32621633779263504,0.26290439211678945
0.04419409757760892,0.4100607616418974,-0.8247775082563432
0.04865505988863278,-1.3242752690285065,0.31903169574848367
3.4009619985811548,0.473308858790511,2.5474763490990537
-1.5996863554623704,-0.41382131426472785,0.8565792651326989
-0.06564494401796389,-0.7155433412816623,0.3013798963281045
0.4889798735522417,-1.0131305787536224,-0.0691264226447735
0.4573868207268835,0.392211866287551,0.3633052289155524
-0.3614593461485672,1.0197668444346866,-0.035550019795398013
-0.9938865638763298,-0.06391368196208935,-1.1101958061653407
0.009198321833997401,0.6372110945903696,1.0232937369175144
0.7020127500457494,0.2147275321106335,-0.6518873241386167
-1.2141579194320005,0.12673435407005534,-0.38091489590558875
-1.0055873041972545,-0.9980452985864195,0.6575530809167212
-0.5629796350122029,0.2199933508894306,-0.0332585039998823
-0.5415489461077413,0.0620085273385355,-0.1170470208734556
-0.599349756057545,-0.3672512097798443,0.2170390974319339
-0.4719084789322835,-0.2276067969745339,3.087961158484911
