0,1,2
-0.607611352173094,0.9013752859708558,-0.6695496132737987
0.5885831787051471,0.883583153976787,-1.6828273377039464
1.69379037397984,-0.7506348938594479,0.5170169349416047
1.0961161107745183,0.6989457738788761,0.7229675593555149
-0.9550288221231654,0.1998487542256584,-1.4542173902355184
-0.5157740384996632,0.2132774032378686,0.0522911792748561
-0.4155013431977897,0.0209088531605891,-1.0981168300010924
-0.3563305794962605,-0.564271263763737,0.4534235770760283
1.0896773018362274,-0.948925457008856,1.3380529680683662
0.022323553421499963,-0.4307212677307966,-0.3464318237754225
-0.09373984099669738,1.1772598497154283,-0.06285711893680987
0.4978915427868979,0.114677997377473,-1.7162984157666357
1.4086489003730118,-1.4017390662060785,0.8327692664446661
0.8327385583857685,0.25707747194217667,-0.8237099455841914
0.042065876556530324,0.5733283276040152,-0.2966286649732636
-0.29984670218113396,-0.08016383121521542,-0.5571112156205633
-0.2681867839173615,0.13587186446441465,-0.5398927435627182
1.0181275313310856,0.7355772047863707,-0.0735324563526968
1.2518045463479106,1.0080180992353258,0.9477435122484652
0.4036526490651187,0.6414534374952544,0.5688882424311031
0.7923619570784867,-0.2650861084058962,0.17872413356339617
0.544973396271179,0.19051578157167762,0.7220226125592029
-0.6416919179417692,0.39777620144300063,0.7141681519811953
-0.22966574343976676,0.046245353277107326,-0.289823233840789
0.15219347282872175,-0.11227211937178089,-0.11750019823697933
-0.24428336210032156,-0.3999614280875571,-0.08505043956360275
-0.1153583619151709,-0.188766070272453,-0.1987905397858991
0.1578264202954757,-0.20694155240533824,-0.16000881215199614
-0.0004631963638254688,-0.13790177101919412,-0.22885801890179258
-0.6793711786395944,0.8301135841673144,0.5103799424188589
-0.20611362318764861,-0.5936849593982518,-0.40740873058624444
0.5676858168702974,0.7846038454304872,-0.49237868397489726
0.19037527651154573,0.36101647857618635,0.9614522260231411
0.5146502631204982,0.27558381900424256,0.8002016123728297
-0.14982362935378632,-0.6633882100694117,-0.11206321067306638
0.33967312538211814,-0.12336024188952793,0.2688830960989971
-0.3004093367572134,0.21194319393791805,0.6008908588355362
-2.380273710491279,0.3259149367311164,-1.0136258182453106
0.1572219398689479,-0.6076611660477563,0.7730261604774165
-0.6150823659300328,-0.07165329791333563,0.26741970970173445
-1.3888284644926625,0.44876243834021284,-0.310500042472625
0.4090360040756849,-0.6122623534532466,1.47937236719358
0.6968802424650702,-0.2145434478867661,-0.2506744840745174
-0.46551983889839343,0.0508795778862168,-0.08700077423837069
-0.0982005638900639,0.6221143470966173,-0.012653084444483514
0.33209904325014694,-0.18257319373640787,0.9996002828605661
0.43512537597970297,0.534993091626573,0.5876674237281782
-0.08537334541731006,0.048867796240073536,-0.4314570173919369
-0.662440881980205,-0.7883797057573156,0.3382396667802708
-0.5766596045740424,0.5109498852076755,0.35430738941335327
-0.2829671008872028,-1.0503013324728394,0.7346984307567987
-0.4285250051659827,-0.32180987833918184,0.6058647363818814
-0.35338177513407043,0.8692497001582822,-0.2262712439863987
-0.1469682598044977,-0.4781211878304865,-0.14091143792935132
-0.12947784414419572,0.7103295771194954,-0.0884230151635629
-0.09286509841173086,-0.8225905233768444,-0.45478380355242787
0.2568188172395144,-0.29438564971869835,0.18191885739270972
0.8613258926060237,-0.24896187769908235,0.3739976191656174
0.6795780581556693,-0.21499373148700096,-0.6167385590580804
-0.00041643416994659177,-0.1187053766350156,0.0010091276076629532
0.5359240453760383,0.8795479105151536,0.9961901163909956
0.5881750102398541,0.4593061902898864,0.7775838341638401
1.6474684989331456,0.739722699991234,0.4534540391854049
-1.083256101850539,0.5938956251975049,-2.997860537587165
0.5333825559975204,-0.7093725792961983,-0.5817346182034502
1.5704067603306127,-0.21411399974749698,0.8846720095221293
-0.33510383515925657,0.23683510218470344,-0.019586648952532905
-1.0220329162471151,0.22910372883161487,-0.18155375743936913
-0.14352184791483263,0.4863456807252311,-0.33410022157921626
-0.010424150453983955,0.16043835688972632,0.5489791570660534
-0.13328307931009317,-0.21565852965036744,-0.6693045051886043
0.1325032872554792,-0.04663660213483849,0.03693065640586127
0.545372813306752,0.22720373863346416,-0.18330402262357662
0.4182492504094539,-0.046879905853529746,-0.01964136594996667
0.07522985586649561,0.10136847478186055,-0.38440158767120947
0.22125763174967375,-0.07377035853721156,-0.09872344711927522
0.15093294782919192,-0.13982380505264277,-0.09807298232614091
-0.6858875097425639,-0.2573167972240389,-0.5634378902412907
0.3823291126619769,-1.017635348798076,-0.08247412919005481
-0.013667809540848175,0.5318812830809654,-0.3135040287223584
-0.28938927086969957,-0.3093399984091241,0.15139781734099178
0.4450830135386625,0.20798770724491017,-0.3237332832046507
-0.19514509850230824,0.22434370695665284,-0.0763493145219245
-0.421946613751089,0.04129998620475571,-0.19887048545247435
0.3498248818506752,-0.46765617385468805,0.2806387607149135
0.42103259588582215,-0.18713928593815107,-0.03524451205065998
-0.5874980652678722,-0.40796112393827844,-0.5740725929288061
-0.1418513490696186,0.45158216178577565,-0.2706930299439979
-0.23407534613864514,0.6064382492612159,0.0611933558714711
0.052382218111671125,-0.017591618554578983,0.7180987640189297
-0.29596684414610974,1.362800498184376,0.03900021509710355
-0.7548049285919741,-0.8318600817463441,3.2678486208706947
-0.847971208441191,1.669527579938212,0.15655446456806218
2.252714845459912,-0.8794731700940347,0.49320744298473795
-1.2771433823972567,-0.03901260255533474,-0.11471645101007055
-0.20083279023895734,0.22823053657477904,0.4972911769444267
-0.5718912421375346,-0.16492359545645802,-0.18502387947861298
0.4583881561814691,0.10246409661220154,1.0745689865794528
0.02468520894115832,0.004253339965876082,-0.05122119602059
0.6559513093936078,0.43702518599517304,-0.6256257831327908
0.2856724456039524,0.18051245905786933,-0.08366514821132041
0.43777547692441754,-0.44399099702090516,0.19440162824467036
-0.4737297576886664,-0.041270706226784304,0.4052520257082285
-0.32023234953466473,-0.6119717513020806,-0.818830432349273
0.2586197303350253,0.31539820137708985,-0.3771398402249841
0.36745521780999235,0.43101771103661685,-0.4054654832587383
0.261137964073958,-0.17559492728231813,0.21810432366316562
-0.46326967788818135,-0.2185635616130352,-1.0110121621612176
-0.08252681927628028,0.27940933875503865,-0.010898211751707909
-0.6748147339384922,0.5954666893870156,0.6069462743657081
-0.6924444402373905,0.12549790153647533,-0.30747116505650585
-0.18673763025885176,-0.1137303225398599,0.5456018855587262
-0.6222225633003914,0.2514112960494817,-0.49785471706585577
-0.4327913360081195,-0.17453407495661527,0.3653663506825008
0.2639408726982715,-0.4505921111107515,-0.6632565921052658
-0.8471930326473882,0.025678530761434698,-0.3173258509052326
0.5371593868149845,-0.3286106340212084,0.2709772700677296
-0.5155291430429368,-0.16976516206523315,0.1298040532485497
-0.14018596909930542,-0.48116904490587425,0.14582164488712848
-0.09468474223448257,0.58463932455708,-0.6671575335316882
-0.04153733989464403,-0.6004806431982983,-1.4343634241369367
-1.1900444095638965,0.2139711757070643,0.4551973268819755
0.056278786049010876,0.07279123157315326,-0.5699777659217417
0.8165617078541975,-0.7515798725466203,0.06153568282147191
0.34319594108097307,-0.10285523553618198,0.7277913249982385
-0.9869501206150766,0.25105126817327034,0.5541855094233861
-0.0004049797108132136,-0.7772836839718013,0.24715622196349976
-0.03228253155780473,-0.9141777288178954,0.25584545344349996
-0.2067301558474398,0.21583990465850095,-0.6961208068536552
0.05643466038427131,0.8186147375509747,-0.7264235860333368
0.22933746549734996,-0.10677140829242823,0.43551288366071234
0.32039279616034777,0.2017421733426793,-0.40524277062386116
-0.14873031727810992,0.46118812495135914,-0.03282436827027149
0.6335675050537758,1.0574577784709533,0.3032112617051651
-0.20017635526553104,0.21188820600317942,0.00658262242061786
0.05759694156678232,0.2873390709244131,-1.1825262827052407
0.45567380721698036,-0.46417483676935495,-0.15978418416409368
-0.5839437310076717,-0.16912465799967685,-0.0939476933204077
0.08713024024138491,-0.5845365596322678,0.5799905460713197
-0.2381122992413895,0.21150901873854633,0.6183566526919541
-0.123471279553724,0.1358397568217057,-0.16023399918155423
0.3619119987480378,-0.02529407810607416,-1.4021325194982464
0.7590304773246886,-0.24038437754114636,-0.2899135736516618
-0.3352162806444872,0.45574332134056805,0.4876110736974002
-0.30141694210615294,-0.07505477878077574,0.6629809895299472
-0.8033208099193163,0.26014441541550676,0.7165448918947729
-0.041389903063811795,0.3503111071827282,0.07327978248307852
-0.6449718075667525,-0.5818260018268118,-0.11577245814453921
0.10777407211102288,-0.004558919433767128,-0.7282389201182515
-0.5234332093503097,0.5012270899455216,-0.44163622488782706
0.015254930397159416,-0.15255187370408552,0.35030722163254746
-0.6931693385732461,0.6465966649725746,-0.25372403911693586
-0.5783945712130749,-0.16587914538422027,-0.023842678981939425
-0.21851262409013722,0.025133504890327563,0.15902907347745493
-0.21045104645545487,0.4807514403838773,-0.003823158167878102
-0.8666737838033762,0.34086978567942106,0.03639476575299265
-0.5562539386910716,-0.1021942189227206,-0.21890000616889763
0.42614705808983855,0.30327177279619993,-0.0031009988976501424
-0.32286155896232144,0.5791302818082003,-0.039886424769522685
0.6616037625251328,-0.38982111157101973,0.022734159759154007
0.38812895885687054,-0.7249064596760206,0.3797583049274894
0.04925655968588548,-0.14826463205740484,-1.2137882228267485
0.089566914879066,0.6830681358362561,-0.9823845850796589
-0.24376126135195297,-0.42448973447463917,-0.29819350876939005
-0.36240602867056937,0.5200773516282742,-0.26869496199973325
-0.34186281414676,-0.33891353988982437,0.007397860623207041
-0.5396512159931566,0.09457374597338233,-0.43399514165703434
0.07178302732526197,-0.1424904669951085,-0.45592932040952716
0.45886190839879576,0.3326276282136293,0.13445598459179042
0.24307872444556058,0.09136136056621164,-0.06806173351362108
0.8581835430516607,-0.5284526199090274,0.027398955695235455
-0.5924727417429444,0.989738504442438,-0.0364580338154067
-0.6090540591805021,-0.25042749960845523,0.11236110085369685
-0.12472229414678498,-0.43281974520954253,-0.43809998580546006
0.02825152215718238,-0.17603270233445023,0.839778308599018
0.07055603010320785,0.0023936193745173473,0.006062126307220889
0.8761181618987184,0.6133860416068528,0.486432174450828
-0.5401242709623073,0.2235422932940101,-0.24649159793094727
0.30128562348805743,-0.3301468370071589,-0.250980995060201
-0.20533517759661116,-0.35174714828111675,0.42759526793107516
-0.7882664362555027,0.08652369420475553,-0.240408112613325
0.37724975181406484,0.5698507173526293,0.03515018985775012
-0.07837019793735353,0.18776465765534736,-0.09245113598273672
-0.024353515174148813,0.15712752056291893,-0.7303972379217119
0.0561707626961871,1.8931859968462943,0.5501472001712596
-0.5252641679793596,0.49376611565003786,0.7487439826557312
0.01932749785650502,0.5343962615128264,0.8312533637111718
-0.2418468643245633,0.5315251776132299,-0.1489622772008604
-0.3976240415009603,-0.07458012686887688,-0.4986886660452102
0.6764250291846896,-0.5323773357043577,-0.4531049440023493
0.37943137084985185,-0.23971364954655106,0.10921461318362607
-0.1737294725614424,-0.0696884431308465,0.2706236028125287
0.8139141703454097,-0.01830338592467438,0.19263200023333488
-0.20348980631651753,0.25407202554815994,0.4612695772775536
0.36442882430942647,0.0960158466564592,0.9411976129693718
-0.1558739587983498,-0.4048662776184431,0.1219482489428141
-0.010774300734483253,0.43894849727197377,-0.19687393986402835
0.13467033067548861,-0.44504688415345073,-0.4752918106556011
-0.038048952675039716,0.053376894611064714,-0.17343859915036242
-0.8996689194437937,0.13053976918306942,0.22980808031179945
-0.5055120421267576,-0.50439511212352,0.1199349884304052
0.1606113885419132,0.06976922346984918,0.08273086314084191
-0.21716981740796398,0.11852168468424781,-0.39335892724188704
-0.32109327380745023,0.8440465680551046,-0.21276498128557575
-0.021145188325408903,-1.1919185014590674,0.6873624872786085
0.08703372515155398,0.3083423238404836,-0.17277103007620573
-0.4646623781257297,-0.14021877835670582,0.32745669532981275
-1.1051637696259202,0.5103179416036021,0.10597744877261102
-0.5094657636226185,-0.1707458097611777,0.14390599686079153
-0.3970297702199138,0.28843855695795867,-0.3820589894169165
-0.5632514310545913,0.7736861808481209,0.17939683354662095
-0.4877579182298192,-0.29151617598367996,0.8906582108722766
0.13527929744626527,1.3934162093377136,0.21215823881801907
0.43652726189603785,-0.3611728320053996,0.08117077454604482
-0.14555156517129822,0.7205424607319781,-0.7409595019191219
-0.45780048097364934,0.04313640254649742,-0.316688776196441
-0.7667225069713766,0.23324652274164348,-0.07218229154227881
-2.0705546514721305,2.0607678239539604,1.0328746182512398
-0.140683694381829,0.1307690506077325,-0.6271760427835349
0.662026724343339,0.7138124996873794,0.18420581806851277
-0.17172601836567988,0.6229280018819567,-0.5932110280215481
0.396219564540269,0.13914937866930183,-0.11002675263992508
-0.043690366503397055,-0.3572363952401122,0.5647348514024914
0.8198729544587023,0.3002641365088965,0.2540835041608335
-0.4641489194265525,-0.2603893648434612,0.10342387356891913
0.2119746089172343,0.1471022634515621,0.0457936358619771
0.2630476209572632,-0.8159213542376562,-0.24363210597728466
-0.14038184613149818,0.27758709858465586,-0.2443664356923506
1.0445162931728291,0.6703258237183176,0.8725426088971031
0.16347072007278135,0.0759591445140197,-0.23470724274433574
0.28961636806633645,-0.11891756561274422,-0.012171829942993428
0.1990474915231572,0.3875800090431058,0.5950387143211122
-0.41614472316290085,-0.5725159862312978,-0.780328749314653
-0.3487952290936529,0.12360348649056253,-0.2002727826787714
-0.028235722422377083,0.45124717346290893,0.007103579819074501
-0.05124480995926667,-0.24565380024351785,-0.4776072492021277
-0.6255441517597832,-0.3685079206920955,-0.06912777652965407
0.4142136976782058,-0.21934783838347627,-0.09549334298753165
-0.018793077112518458,-0.10875739905751515,-0.5533330467963691
1.0782576867879161,0.09306869863141062,-0.4339325736953068
0.004480612719913291,-0.06780915109833727,0.46413490070149993
0.24871278946671363,-0.5948912930118353,-0.3717831302699798
-0.0027223697634838617,0.6371855729328231,0.19819941360699597
-0.8443795946317973,0.3065926629880035,0.5686843649583306
-0.15386674109310228,-0.28700072419327627,-0.25797482805946303
0.8409424308324871,-0.3114691707366515,-0.5994127714285774
-0.0449037521387769,0.5637328636282402,-0.5118598032677326
-0.2630358618463483,0.19308778691480358,0.015511679576861375
0.06701458212742052,-0.09532687145363722,0.07644800300682382
0.039484403847077854,-0.2224599479583256,0.3599640931189094
-0.3358132108176899,-0.27402873131866995,0.42237411984212503
-0.3046745799576227,0.447824125063833,-0.13138177163666487
-1.270069838380945,-0.618173953356662,1.1765818358577895
-0.5063862350208019,-0.6031099322920304,0.14475844912874744
-0.21462644186839855,-0.9761022318690744,0.9602932999451352
0.22827072648948615,-0.028048535954087184,0.26158713626203883
0.14254513124702814,-0.34691721497872574,0.07120542851203564
0.26516996437119644,-0.15675199291555422,-0.4213074385624402
-0.2022642379573832,0.3748692695144283,0.32914819751706725
0.8588720520899176,0.24358529067288137,0.32840118429142845
0.05629234712733111,0.7594495550205782,0.37247879427768144
-1.0444309268564214,0.1656162809844552,0.25075282179072267
-0.5922918953863606,0.1316566287805306,-0.5313731256363041
0.29428568761382534,-0.1250851208502799,0.15283599322509187
-0.6552857433372814,-0.5252191066324013,0.2647484844510049
-0.20485830081450404,0.03428635066200715,-0.12032899209198024
-0.08683053611580131,-0.673772684707682,-0.36827460870448964
-0.348583262635519,0.08089096190039219,0.6247243612248973
0.06200974782867868,0.2716860555601422,-0.0740034082806196
0.31790393699723685,0.09003850676791755,-0.879498888392084
-0.7730098180007906,0.7057440986320453,-0.11232508326341994
-0.2656052725463548,-0.36111890705994665,-0.09837725693300914
0.7766913916910874,0.01948179858797069,0.3097792757260275
-0.27528259076797146,0.8034265366769773,-0.576924609813128
-0.2608513760168853,0.14636478862788843,0.014059630458720315
-0.7144327861307789,0.21457557793525955,-0.65106254973585
-0.30928054841869984,-0.702467720727103,0.18931239828683
0.28521384786554294,0.43146566176823037,0.4741985497284461
0.5938841807861861,0.8527815315989627,-0.11265934649683816
-0.21677502040893495,0.09395748115892627,0.0325223253795725
-0.19260188234344267,-0.45430849860676376,-0.47907049554452974
1.1482298816554388,-0.5767546720299311,-0.08925763523455302
-0.02500618199712431,-0.11587601706010098,0.7956446510495719
0.36512053045328685,0.1656279605737089,0.5196144096429764
-0.27424643368207396,-0.19137035344382705,-0.060614171480123255
-0.004527070766868105,0.16548672603300696,-0.71816671363367
-0.5806110632991808,-0.5782382450835454,-0.0660461976520319
-0.45654435730111953,-0.2062221824082413,0.047728115248565545
-0.03786433650793197,-0.40817789242098257,0.2257646490806602
0.03316744841773103,-0.015363641071499491,0.11224400621237862
0.585242344209155,-0.18124738152243294,0.4488433967802269
0.2680751021065939,0.3808220352807508,0.15537641567520855
-0.6177934592997607,0.4247260175114983,1.5012651720420906
-0.23519888328084723,0.4627900079204792,0.14967459589334095
-0.5215603568653797,0.04800525435413075,0.09014363845999171
-0.13818137481801848,0.5001183314801847,0.38098287659975016
0.19154062223088034,0.08133113687482268,0.3152621540494972
8.983801220488474e-05,-0.20087419817880725,0.34156378690068745
-0.3453754971489924,-0.6370732861470337,0.4493182288398685
-0.38350735611492354,0.18687124293172203,-0.2550559434642834
0.07612447711772749,-0.3100732268477687,-0.3664956036220469
-0.414399058028381,-0.05749956238714177,-0.27093907162699904
0.217322328378345,0.4903052272439672,0.6481826004087133
0.28621210539033026,-1.3229031586623017,0.07936915125168684
0.776604363669458,-0.4362535228274168,1.1755923041165368
0.27286745552190994,0.9004971903131225,-0.8105633835629245
-0.10108075971570751,-0.11721589690632961,0.4386244220586569
-0.14118642437106949,-0.4750937322372927,0.2778398079665732
-0.08168148004587741,0.7657111691746558,-0.17193058341962453
0.13401248523414488,-0.17030141667054857,0.3897529376044952
0.17858150662299183,-0.051748270475247354,0.5498595134269808
-0.7238831918517927,0.5063333178241107,0.011846305222372275
0.6040428958684965,-0.13901572507413512,-0.18776163975942398
-0.014010071765370134,0.5504593804996877,0.10640151237048648
-0.4251299734230707,-0.3025101597832523,0.006603688633970345
0.10544417843764176,0.20011874866498944,0.05625921591899671
0.06433968916043364,-0.50895104687331,0.1285265810227716
-1.3167008025184026,0.1050782559452028,-0.7318353198946506
-0.7435971335677145,0.45613564148660074,0.5580651888542414
0.19641043659296897,0.2076726804909771,-0.3330334242311798
0.09539221301175632,0.1260695605736207,-0.05904867082243041
-0.709169148089748,-0.0702189316538036,-0.3750112235225997
-1.004920474765381,0.39184395506705605,-2.065222165277225
0.49251280156711297,0.21809446205320673,0.8474673746810226
-0.6525862631347794,-0.7982806961465153,0.20916908984511517
-0.1314666110343926,0.013488539271598397,0.47964638371628937
0.29135004295268074,-0.06925534982054693,-0.867146597948158
-0.41802197691755427,-0.1883623064390287,-0.1332419305160848
-0.1701734887955999,0.26013146406545584,0.17406322521598394
-0.2583944842712922,-0.0754671745927469,0.14597700142643877
0.1368170899723446,0.42896718021178815,0.40971623401067725
-0.9831148543962618,-0.32447893426988794,0.08126501119643749
-0.9287960467661119,-0.588500085617494,0.15200724402467353
-0.49086916073628467,0.16687247866213228,0.3834724369706885
-0.5809929614277937,-0.15093210391103734,1.1383484947532734
-0.4324372166541508,0.5098295807270065,0.2198960438522084
-0.3354443015712825,0.2932361086136728,-0.3336937371287947
0.1060486236192756,0.25079618341739934,0.22669339850095632
0.07774759134808185,-0.13105609655911282,0.10983322441536525
-0.31122757927804257,0.8421728921408086,-0.07125866752673116
-0.4322535985261726,0.7249640244590904,0.47635743903491023
-0.9081729395507697,0.42342533198090515,-0.11219764909628789
0.5223322787352034,0.048108197935215494,0.2266768268060649
-0.1998231932269528,-0.0804761978746535,-0.15995816128946289
-0.11832934836294302,-0.47773568477762085,0.26274083023500977
0.9058406718679597,0.04372264542486509,-0.23356190772435018
0.546230612124387,1.0422747469670914,-0.11007993150104434
0.5863265485557968,0.3155584922758628,0.41252107093987367
-0.45154900266718495,-0.3096737193662523,0.3636530664338016
0.9350994835157004,0.30879380032968484,0.11316978519454718
0.029498047318872775,0.22155565797441282,0.3387922070837068
0.4894378022168756,-0.5636344518028293,-0.03467946255106094
-0.3804474881139379,0.294305739806587,1.1744061460484323
-0.07238913754256124,-0.004321048735606237,0.49850939126784133
-0.029707950849081705,-0.2749505153985269,-0.4631395006070952
0.12440825288617258,0.27114431733202915,0.0563603156910337
0.8555251902745973,-0.4577555596199459,0.23073259624079873
-0.5637632609248813,-0.39360375928576397,-0.10940065839502924
-0.018201396156852345,-0.11226603808995077,0.06195200796546596
-0.28763023645623764,-0.47364650017910076,-0.3035988286411773
-0.35080109453848496,0.38769414671020086,-0.12315192831050534
0.19866838391388117,0.381163048264664,-0.08926631731408294
0.14272059168830353,0.2302065407720667,-0.20367373713180273
-0.08963274029453536,0.08548584016087774,-0.45524822034766543
-0.022938869864702838,0.5407646613648676,-0.16406920976354633
0.689424339978542,-0.3588456015600395,0.5527602841564319
-0.2542393239243199,0.0022297622511966986,0.611265613003093
-0.05108739361349297,-0.06099226020369236,0.25825098533947133
0.15346203930351157,0.6671148233675811,-0.033992581155792255
0.031772794754857975,0.4844850760436408,-0.44924472175981145
0.030818540190177518,-0.5556745617690029,0.34456842279285826
0.5863590958044465,-0.08576623272923874,0.1526370315600447
0.47689443501912443,-0.855942993306464,-0.34031819905759464
-0.45478358572322664,0.12316559118388355,-0.10125624497767677
0.7566686515369334,0.008397114050921552,-0.5275758063338871
0.6592598006381997,0.007673545790529368,-0.6803574469013349
0.06052751535679854,0.3291692973350929,0.607361413769666
-0.06980268473660428,0.06391061040412746,-0.020153550492429284
0.23881415624199248,0.4448657387783952,0.3206979391890537
-1.4023751436399157,-0.3119446489124308,0.84915028354335
-0.08442171602931547,0.4397348244028273,-0.005913086638259263
0.6852247770031462,0.21359472487108883,0.6368154166694688
0.40129589047051145,-0.08166491219677914,-0.059243994500996947
-0.06586819144866843,-0.17783211933579496,0.47792629433622313
-0.327571885311732,0.31789607392008934,0.7282055597829151
0.18926538966739975,-0.5242402446782142,0.29966926625762513
-0.35019043735944083,0.17388463644821456,-0.8980615910661763
-0.4057833449391771,0.5905862481497328,0.24847941686497424
-0.05727869001345576,0.31870567258112786,-0.024414897250095102
-1.4686535179692068,-0.5721989589294608,-0.6603611349731231
0.04286183575967778,0.59478847631535,0.3219507957734194
-0.23111426296682702,0.830136889642094,-0.0559469757370476
-0.47578458703190707,0.2626538817731676,-0.627021970507028
0.25374669999378274,0.625224162467349,0.23722891202453392
-0.10669768733319585,0.3938254478936371,-0.3890403388677587
0.4182815432173083,-0.8289200382895235,0.379797414481244
-0.27617943463155137,-0.1702489626900826,0.1697147909856807
-0.15684066701898852,0.3169018796613277,0.9142139927013762
-0.08770608188174461,-0.719589699724857,-0.8680223811617376
-0.16530041138037121,0.4780129937365818,0.5054785631357451
-0.1329398480636405,0.8794492805484955,-0.411345805385007
-0.07976923426022907,0.3114122946268228,0.04925777151000667
0.16365859696979984,-0.49643924557254576,0.33539321618816376
0.3386455359408391,5.809811212925675e-06,0.671246836280455
-0.6140350218312045,-0.14333063813133112,-0.5864237087182008
0.014595907674351274,0.8435335079499975,-0.430083136445461
0.47261851549839556,0.6269884412788322,-0.3744577126336994
-0.3762040302704786,0.049672031679471707,-0.29483585921789346
-0.22233264719096674,-0.014038093950881403,-0.27571615017772544
0.12867732806446763,-0.10059663349945804,0.36960891627702663
-0.22347454429582808,-0.9786673046442289,0.2563170303451941
-0.4029234640657123,-0.05664004781568727,0.2684443200299783
0.061081647372609654,0.49089730657324826,-0.05247067524067735
-0.06971400520473575,0.45234051760437344,-0.3661091735845914
-0.5042289411291608,0.7558320425687923,0.3893208326830344
0.34166877666221074,0.2082464416816316,0.11634073428700226
0.4495089412722173,0.32514915915562487,-0.12038606716207254
-0.5538787669952583,0.05503767648202754,-0.5565993793948728
-0.2861380671429524,-0.5520454959428387,0.14543972523274484
-0.04389145623181541,0.24449755273737245,-0.017873896523733213
0.11530274053366729,0.15760602455997064,-0.07347124935235841
-0.15457326261728108,0.1757098048512196,-0.14757288581977168
-0.3338709050396564,0.08085532648271007,0.49481513431518614
-0.30530763509663283,0.6864770571020911,0.9570369859264984
0.7912851125701634,-0.40095294426608463,-0.8168789592616792
-0.46350007901764206,-0.9109757561883747,-0.628756903364517
1.2558505776805993,0.344715235229945,-1.0555696213268364
-0.38999779602072826,0.08113086356498592,1.2987047460812278
0.23366723973203932,-0.38886230328732835,-0.07243802281854667
0.30846245698715935,0.44058736840999674,0.1975107007303616
0.23326159864088195,0.9976590697184358,-0.13411468879009664
-0.6742019418161339,-0.11374163139288208,0.07302616705940448
0.09222407751156564,0.11587728871744912,0.0135662185185067
-0.38431419664508554,-0.7284026224561676,-0.1860192671296296
0.008243278046313501,0.30968741055738336,-0.22144284129541497
-0.5531252601620867,0.2824060248192915,0.039691066211469936
0.5311837767907954,-0.17233619646077664,-0.06033153197496338
-0.4418001215796888,-1.0889721622934612,-0.4456633977487699
0.37974314910405305,-0.3274509571712048,0.2214435150024272
-0.06208424222083156,-0.4709140177667062,0.8066555368804191
1.4806443428720604,0.22227154643027364,0.48633479102826266
-0.8256543778050391,-0.402106527910878,-0.24511666908503732
-0.07268984677339424,-0.03399494128350783,0.1739671925949194
0.54579367397617,0.16127571888773876,0.12111670812809038
-0.0022016623393579238,0.6203526588494019,0.16256077809831182
0.14463853444873256,0.16633360040154188,-0.8718652498408181
-0.38326959817136746,-0.3676401786139505,-0.5808829056643909
0.04675510473214228,0.6139814702519691,-0.30290552848479846
0.4759943767739953,-0.4865760814276713,-0.2073977639657273
0.3479080705055507,-0.6703828373992753,-0.7806038021166698
-1.4648450995612978,0.7893984634187082,-0.6475725438835529
0.28717995136545893,0.08327492791417235,0.07507474191776181
-0.1691197665274213,-0.009952922399344366,-0.062054299291572135
0.48966558036317276,0.42542265561429526,0.9635721270033463
-0.7304590385628873,0.2945338888599832,0.06344728754697214
-0.023751313197474123,-0.686196105055189,0.412596699273964
0.897436095991212,-0.369338310051463,-0.41002521761602795
0.32796936460006537,0.08362469075217385,0.5143385774909337
0.25629133346406086,0.01667435569497948,-0.09086697740654527
0.5400072597035176,0.017050970286438594,0.14134636468590298
0.04907114847016124,-0.20553110527607063,-0.9661543842974808
-0.11031327584841372,-0.7724890043013061,0.4447013937004144
-0.7439521334336007,0.3294478287796524,0.8991805142571805
0.7954033984779781,-0.3443436357103204,-0.4930486078891555
0.12857394412029752,0.23938082587006457,-0.17732376718755288
0.5602034314515774,0.42894832496534596,0.11085867838698343
0.057288279868364794,0.34910878317042215,0.33889851904255747
0.0044699548887553175,0.9178446320198074,0.48536954495630646
-0.2117186277585157,0.3872388109656187,0.22899619198366233
0.2945677531093015,0.2069717021791344,0.5767615862751108
-0.0889752432056274,-0.20051772574326493,-0.7182257349932222
-0.1418797531585846,0.3491151937058359,-0.46716376671220283
0.6269431977364583,0.13958886627757397,-0.33734294898480266
0.4916191189939414,0.9216725836516209,0.6242033191578668
-0.007735380077135444,0.12884897080996804,-0.7442691836208397
-0.9516006651337245,-0.5849447162434009,0.3811942282218046
0.2653929635400685,0.40684076977796907,-0.05294662657492205
0.5093536123877163,0.4951174821285732,1.976504299375761
-0.03939406577762511,-0.40508118548276106,1.038016250124938
0.44601615437498654,0.5777327069969617,-0.8184607815218828
-0.2990819146614539,0.008553166434497068,0.7283055792656479
0.09066375714283112,0.28007543294091747,-0.07727375365128049
-0.20294311676982657,-0.614901176628056,-0.06327177721702532
-0.19901712093375484,-0.279167382613474,-0.24200674434480693
-0.20415987517672674,-0.14326816960540706,-0.5369395413344334
-0.20298147619577528,-0.15043923782916396,-0.10153764965926926
0.05841779766033961,-0.03103997360544019,-0.22163682471793406
0.28468095549973893,0.21487229827513776,-0.2775494072451903
0.4760144380987844,0.42557359741591194,0.027802201714131558
0.04169960790849192,-0.15240651918392212,0.2725205305622478
0.3205703997587775,-0.1343791314690575,0.32746305172766216
-0.033231814392055276,0.2249894432293923,0.2329164207136759
-0.36978820087829256,0.719037988638119,0.13136694705087537
-0.48030131722618086,0.12037045839306848,-0.008822314926017958
0.163094088094818,0.1761509756021967,-0.16918859753805582
-0.24204203827537074,-0.29064948090716114,-0.6709835742313249
-0.37150514738122375,0.4478946396386678,-0.7356309684437985
0.03771619139906893,-0.3086903486284441,-0.15647615635553652
-0.16603318364715336,0.44778190907558346,0.042716549972819984
-0.510081922341624,-0.3271536132798099,-0.30908930860508693
-0.12410877432660862,0.4919147079513796,0.4399761503949611
0.14976581995997323,-0.22062236654123193,0.06708264316233765
-0.3721264392867519,0.45132207395849333,-0.2106251416101549
0.6478500707143644,-0.3345793449481057,-0.9076499798581474
0.24077905718694242,-0.19735542198092704,0.4395724795646926
0.800107953943307,0.3734126387561812,0.917053374421791
-0.7436172043770205,-0.0167150230239424,0.3100335104607337
0.2143338203498024,-0.585888710068867,-0.23277329924754264
-0.16389735658718377,0.35107317455551473,-1.066447484812095
-0.5538553317487366,-0.5247701005998554,-0.0813788667120516
-0.16006045285052992,1.039363956144986,0.3642016000765281
0.04294065946113815,0.14628363645380849,0.2461724580054502
-0.14779582520538212,-0.9172166938153629,1.061606745057274
-0.5730032603151977,-0.7115871557958668,2.036502050909784
0.1980915986879783,-0.06397650978935178,0.07417971005805876
-0.03541122641179019,-0.16242853272861588,-0.07860385440506444
0.12956483093599597,-0.3533433252571033,0.017047678757439233
0.45823208884031785,-0.4782335480559099,0.05166063268036211
0.4399458887307642,0.3559315173262873,-0.6489193089038173
-0.31684538926115,-0.578511854753571,-0.008359245663451448
-0.44938738550194773,0.03536037773937054,-0.042431853318196565
0.3802100334606114,0.08293181847761288,-0.5776987706580088
0.14844517486589429,1.5322935265642985,-1.5821863896621573
0.12164356156145271,-0.39575654551604433,0.09792044913555055
-0.18491254432201293,0.18769302496784035,0.5048906083924242
-0.6643758964009085,0.006240042873031898,0.026003148672426035
0.1197552472064814,-0.15284512834154815,0.594704852228485
-0.28565301897166573,0.31475013287403797,-0.22096991400759175
-0.3727087717788322,-0.4874107698273489,0.4860012371100078
-1.4458063238515635,0.9543160129679125,0.0453691936423958
-0.7029715330798945,0.44632160775753693,0.023127805772921332
0.3449498904681354,0.6193288182278547,-0.06324215075375827
-0.01768113969418493,-0.24597225705842657,-0.5095407161924604
0.1489854037022735,-0.372727403369271,-0.3645851719045792
0.6670255278608227,-0.7013519571862998,0.5456370319495731
-0.8561823794039674,-0.0974927179345989,0.2662122665438779
0.4995149612345174,-0.19728290125158635,-0.8235720406414129
-1.4206567399474086,0.20286711779629607,-0.02570447466349987
-0.13992563734865654,0.2726017908224525,-0.391016095188061
0.41609042475655167,0.5757472335254172,0.03018104824589711
-0.8246946284223133,0.3886846732497104,-0.05267989712853924
0.605522243134886,-0.16962069247822278,0.8986083758565917
0.2509042621390717,-0.37518660026705997,-0.3756936685737756
-0.42747428404481247,0.3849101746060363,0.4673834886611769
0.297054810859863,-0.10275878703004501,-0.7606580164964521
-0.4326986900853665,-0.3900778739781556,0.4752091312499246
0.24803858045630361,-0.3076300480359852,0.3363809741963531
0.0015027823417086417,0.09127077261922337,-0.24880581919687275
0.6949988781505418,0.42677359545037064,0.6860996407293083
-0.1894723196484508,0.11713048961906875,-0.13140392345185029
-0.5097616554137678,0.1843539618630418,-0.2523394002566292
-0.17197635433789527,-0.13316502673923014,0.721298120173204
0.2575670391930636,0.37920479907579735,0.02279400900363169
-0.2645246027050836,0.15603455571646238,-0.7489221346919109
0.1556458380074388,-0.015090734332247113,-0.07301651416108701
-0.4220164755743382,-0.11241947607163025,-0.1000683663497218
0.05379124824707174,0.14962154229480207,0.12521345602108291
-0.1355963036681309,-0.20205240761693383,0.11120975673592458
0.2397726059570139,0.26985004670042384,0.20760972397773225
-0.8913338012518639,-0.14742632340460962,-0.01654343976944922
-0.42189003247615187,-0.426887131501781,0.9933953693288962
-0.6021281295250549,-0.15300101560281093,-0.5189204888576996
0.11848625481598837,0.8158022633715776,0.8375403744888432
0.008215431088420266,-0.2627791724892111,-0.6548278613605958
-0.32641162365022686,-0.6616233500927515,0.24746225363253277
0.3044840003720737,-0.17172978275078174,0.4045764374807251
0.09970721264413106,0.8213292672592878,0.10404919699264303
0.8998908622193458,0.4693144488381231,-0.11870192124501397
1.2062017327381784,0.042378686123634754,-0.22513487691808437
0.2750180825315518,0.416685979337488,0.13739338171387475
0.3174818515128403,-0.1606155231222799,0.6764356933133713
-0.47057937807886735,-0.17166882045758614,-0.08804283206594762
0.15659484421772038,0.49294319051021496,-0.1250244037185096
-0.14959211242782905,0.045861475257237674,-0.2540512298638653
-0.2249813705225776,-0.06340906622068651,-0.0007606547361647953
0.30739931745822136,-0.5565910704240256,0.5490280896265005
0.38021090531943713,0.3167556795053572,-0.357912404381294
-0.10285046517323893,-0.9514330452011962,0.2312336416802383
0.533352615528653,-0.12734272459988447,-0.241502097333478
0.4929321585735006,-0.08709667523313663,0.05333117495582279
0.01481151999010974,0.35712384275099984,0.541142196820192
-0.5525001746587752,0.5276984212471378,-0.33011372464176636
-0.08096124237592303,0.22412393935849176,0.0558687299187896
0.22647561226798277,0.5946067465601019,0.16928650256461458
-0.1384840785994541,0.33213771696641203,0.30568915586793455
-0.5684028433358308,0.2602843483516012,-0.032698606062483454
-0.004905823412778579,0.26425418805523077,0.3549405045167123
0.6397214399069118,-0.08538330995971077,-0.3904420632137455
-0.3267402764738122,0.7500117248173144,-0.03583681372575237
-1.1957761812352494,0.8026014117541473,0.5297616827897278
0.4466871360613838,-1.1372878305810517,0.15943520199364392
-0.42166645941758174,0.25930067540402973,0.37775375041950005
-0.11629091215119963,-0.3127157832633127,0.3668645309461048
0.13789012090291278,-0.5833339579617022,-0.1860083871991591
-0.019498942618831092,-0.3233453400188538,-0.2106420385305209
-0.6588679632796011,-0.22239109543785485,-1.0370647350354516
-0.10441022299719956,-0.10962998061189044,-0.3655645806147276
-0.32995514065275644,-0.4382607416350065,-0.1574604762845232
-0.20696909864164656,0.7002823066971202,0.07784277605630815
-0.1786871442154262,0.6864551875405855,-0.0583396301825433
-0.08047959728568341,-0.9609858247381641,0.037766431480351026
0.13351916216611215,0.5057359830909339,0.3680415781400264
-0.07666563633063211,-1.5395129610317964,-0.3807777893690947
1.1457800927543942,-0.9080582807601771,-0.11463757384177006
0.43351657312672015,0.10828142651909313,0.49484476720005666
-0.37962706852996797,-0.8446593920866264,0.344755019489842
0.36604178822843203,-0.25478943553077366,0.02100898440406268
-0.5759765816279427,-0.0057435574832156305,0.020722065060571865
-0.5968656647746255,-0.4976901902788465,-0.052646875120701694
-0.4819925970757699,0.44428743588835307,-0.1324498750363317
0.647900065323628,0.6871525482784262,-0.5245756297159727
-1.0330152086513975,0.3009189847514391,-1.088180995004211
0.10388590174901821,-0.12218915907240764,-0.3234559934564564
-1.0041167573602132,0.2169815519829848,0.20029507167904365
0.8604982638833611,-0.08811060508018398,-0.3844312183914897
0.05334243320452629,-0.1792339634204855,0.5416793730671547
-0.02065932811718052,0.9634105787289889,-0.7097800307706583
0.9731064581791626,0.18546374452337022,-0.646253572722546
0.26440711009092654,0.3540244546336507,0.5645715931244571
-0.14854191702787434,0.10001734127097374,0.22463196328503815
0.4477960751946643,-0.252145102478542,-0.27982640075626664
-0.17630422398343037,-0.07817229255420222,-0.005165573179790467
-0.07998205050303872,0.38805784046826813,-0.024888346694571323
0.11317006210213378,0.4120015138537296,-0.5816579582276573
-0.005425571021494546,0.8984306239864993,-0.01697804026990357
-0.15266849831057872,-0.34758616438713563,-0.8203214166720385
0.9863871846190483,-0.7113711616596881,0.15606583501953775
-0.4706924758139593,-1.1885838271604385,-0.03399670324057108
0.4182755069860858,-0.29425919797684136,-0.5037446380892201
0.14429115754991736,0.7826659578448067,-0.5239712482434231
-0.29829677537983423,0.31533183286022237,-0.4941519589146508
0.10728839811658966,0.08345917529267981,-0.43707155297599287
0.6152973773918671,-0.3749030277605352,0.07144357836301168
-0.13931565186738795,-0.6340748660634614,0.07965612688947996
-0.11365002617596098,0.7263944200662955,0.3666751171213592
0.4602158115096355,0.24752023030320203,-0.17953325356808902
0.2691984830433223,-0.49145954925314417,0.6412240538447345
0.3039086047905458,0.09914858981021801,-0.013764001301451827
0.09397916297062703,-0.5402311887988023,-0.20019766957503873
-0.25126756719707766,-0.1414131474699785,0.1247720910481883
0.8932636431136944,0.18593290536010845,-0.12659387359211688
-0.1431953575455946,0.27723328647843926,0.5092898873945513
-0.6946480068505447,0.29520211058869045,0.047718646274244825
-0.8615917782344742,-0.7138645783204067,1.2759782859601771
-0.5463189523024485,-0.5057289628486008,0.19973761244009858
-0.23289050967715635,-0.7583407408354912,0.8244953043742848
-0.049880535168283974,-0.1321788347075113,-0.42054636072986296
0.48543687730554846,0.0028176368704399962,0.07003284533785466
0.32718919695064286,-0.2646367587274822,0.0329228004757367
0.28322843861786795,-0.022669249626634157,-0.11341700990719095
-0.5348806775261339,0.1894060242196775,-0.07471390810575579
-0.4698129435275811,-0.6953839717029129,-0.3675627358283567
0.0031719974668735773,-0.46053618492475434,-0.3076528173030636
-0.4069641538604553,0.8205865048654928,-0.8438378697651573
0.6942271368685816,0.2686896036957415,-0.3888765814214974
0.3297512165227818,0.9862243690184482,-0.6508057358591306
0.028184110436247363,-0.36895495104631226,0.46201741969663834
-0.040825034685707355,-0.6472057127640908,-0.6804242152575839
0.0672377319850777,-0.7549526748880011,0.10750835390732823
0.8483066927038115,-0.12979635196658837,-0.6102933209216207
-0.5078260311385177,-0.46866129663263967,-0.1402121323510541
-0.0063288693981391475,1.0160830350114554,-0.13653969305740887
0.6369503205535052,-0.04458588666938651,0.6104067373945413
0.5402827499600582,0.49135919223830427,-0.18452224621493823
-0.34335050457935634,-0.18826920943123443,0.5681226230638725
0.5731269932355532,0.6451843996077425,-0.517893057909016
-0.09948196047652819,-0.22177483196431474,0.19809990479575207
-0.30488904566838076,0.3076137108791114,-0.5444772760314429
0.5472302162447937,-0.04541169766178977,0.10379309064574559
0.2558886285292574,-0.6720901539517261,-0.40161395987063353
-0.018811663889764726,0.034202908314342105,-0.6980420175222128
-0.5856528382063317,0.37159811966051987,0.1902917525074892
0.38196204754876406,-0.0006596764624380025,-0.3273621427427536
-0.3373140110391739,-0.22597304695185644,0.2340611001251
-0.2193350113676402,0.6399498411097743,1.1238636591694982
-0.3675977697195856,-0.3332120450561378,0.606528047438842
0.002602430130418623,-0.062055023839917914,0.21567135431316647
0.2494937343760808,-0.7589314173845857,-0.28881179741190277
0.14815676497860253,0.07086034517355042,0.46623382111159417
0.3474803045100568,-0.17032568363942327,0.24320221949157797
-0.8076741043352511,-0.17655723269173557,-0.15210676941246226
0.379081639943995,-0.8000364914520701,0.21947069274120273
0.17128836724412783,0.3013568255699016,0.51496210357142
-0.3640846690107037,0.44685712749258555,0.5543289637499851
-0.44065750051916974,0.2568391220843872,-0.2299519540828335
0.5586088056790569,0.19765446905711298,0.5475561890702738
-0.7037846732020876,-0.19887933905089658,-0.19160064931258514
-0.34168161101352895,0.19229959435677177,-0.7227776933424146
0.289955368823984,-0.12746084650517775,-0.006387564868934048
-0.0878443572218146,0.7600528298716115,-0.6595807463421324
0.1499157254061919,0.08248681399128513,-0.3424957274232692
1.0475889765043496,0.9553782623255703,-0.19497068865494543
0.21983260473962024,-0.055294613497849,0.36994533400444995
0.0787624970026709,-0.873344860775918,0.3197249303659556
-0.1065626017517075,-0.2606829518960231,0.019892619626993353
0.5429206179934107,-0.07460262156180794,0.06108582128047614
-0.2570272210733493,-0.05072723163705306,-0.19882702844022207
-0.658284450040904,-0.17554250889812095,-0.7689307820765025
-0.3407096437262682,-0.11756658095287958,-0.0063189222048006975
0.6987895672721086,-0.1492574256108344,-0.02967134555852478
-1.1747098588071185,-0.03181436450244182,-0.4338566269281716
-0.5714238902440757,-0.16683323516041176,-0.305531251019603
-0.6587393606667967,-0.19477071338197416,-0.16782316711874729
-0.07076579210332656,0.7671185547762116,0.4231880079418429
-0.21046848094203377,-0.11380780709399313,0.14096706474796855
-0.09208413264771492,0.22241066964009193,-0.7552568532365668
-0.3280295763832981,-0.15543895059277044,-0.12301101149382161
0.01281957243522737,0.23476010450460422,-0.14760023846464862
0.2134963997703737,0.24223097998063345,0.02340841568724507
-0.12982448433264882,-0.03772955925923105,-0.29467740654744823
0.031678769777726434,0.34073135282929945,0.22759330315063153
-0.28103561517623665,0.2470335572178362,-0.4321525122181557
-0.06615082476852024,0.9043368336994955,-0.2465011747008478
-0.7409908275652417,0.10691511753717925,0.7130270268538262
0.1382784615305206,-0.22464467392378384,-0.3557393931554199
-0.21864399335775625,0.22932841404084042,0.11234743008168936
0.07441049433005271,0.6429848239043172,0.28506050988145476
-0.20927084665843798,-0.7292987088808518,0.5399941382969229
-0.0038441919544598135,-0.9046244572265636,0.18661781644699726
0.23477478996840817,0.2762285843575177,-0.5044256287364732
-0.11318614804085525,-0.17756296521938963,-0.5464004778458676
0.7311354491061275,0.8525851720920108,-0.47425309143220107
0.18966284779591436,-0.08607714629998806,0.4737036466159455
-0.256981799290502,0.4385155255620076,0.25272276901680585
0.46980179903987046,-0.13539121059701653,0.15766485414615425
-0.1372571394799903,0.533671778926216,0.26484949983961426
0.4101821677152211,0.043459723445064186,-0.5306165855731599
0.07230378904395968,-0.40634771813898674,0.43871434667955966
-0.7804116502810392,0.4199747291349061,0.5155127078133696
-0.9082773514190619,-0.23519552087877726,-0.725086717944683
-0.22826879803969147,0.22674821526560304,-0.8089878194639359
0.03487050352703683,0.6051652165218875,0.10443892875804112
-0.33375349987537495,0.04973708675851045,-0.8272784590609472
-0.04410040759419817,0.05243186169399633,0.2852485746896278
-0.04426203136357895,-0.013856962880652912,0.5221564710409367
-1.3672856041776964,-0.4675648606248532,0.4134569863367612
0.20467780642331085,0.19887058222900342,0.4237953299121844
-0.04681498136851195,0.09185733012143266,-0.1299096433632887
-0.7626344536400839,0.45083058343673665,-0.48358578832064053
-0.8358616171277816,-0.0715782132329087,-0.23291714274226655
-0.9611085720201475,-0.9195363267487546,0.21867872993205148
-0.01815825138369717,-0.14171891101739056,0.6187787453764726
0.18266394610415781,0.5704228107127512,-0.4237849934235133
0.6120555489529859,0.09353885283721147,-0.09399211139785006
0.327608813464051,-0.11657289557377676,-0.4991641553682571
0.6788821375016829,0.664092398117424,-0.11100442782744271
-0.5321071276324604,-0.3506169481738882,-0.6516063294185732
0.7120898353451631,0.0251424867416071,0.3447173566188736
0.051122951003118505,0.5478914777491418,0.08461933002599745
-0.06637021828470095,-0.3442597654163724,-0.01987793635212362
0.24597240378225038,0.4775716589185761,0.1680616166726139
0.7197983297527134,-0.46484343917870186,-0.49593650715025006
0.5824140030470201,-0.18234027959484433,0.6594039067206502
0.3392527781100205,-0.23573279501578326,0.5746674252233341
-1.1245979875003798,0.3488171277447781,-0.3359760490154933
0.35808117430000724,-0.08420786954988657,0.021286117869348392
0.07986737309757604,0.21274076144323875,0.10199732432238302
0.18315634608575626,0.05511156901787945,0.018719307962872023
0.2062589197527535,0.43838937748799733,0.5824712334285145
-0.09808063523752313,0.5104726963316412,-0.43914068021705066
-0.16967282234530778,0.17682616409824578,-0.3702305193919494
0.15354766066974507,0.10953679995881727,-0.054118483968993436
-0.13125957115520798,-0.04073378040205594,0.4441331167731315
-0.0762404087219816,-1.42585409233172,-0.8470588794444368
-0.12846747722988247,0.0824626621492603,0.8016316748069926
0.14272912533342882,-0.1452000699502908,-0.0681083113264227
-0.3144919474816967,-1.253317522156658,-0.3455081056381429
0.023739828215827874,0.07807887784331227,-0.38074448197096544
0.6117067270806521,0.03534998682128199,-0.6001773348182959
0.3400094785704485,0.31541815938921214,-0.2603310585525019
0.24775035072101836,-0.2134143610889182,0.6992808337293648
-0.4540181916208851,-0.04723376864792239,-0.5648445471181717
-0.29824494903154075,0.11189822652592421,-0.37440961248160565
0.059168657382330916,0.32133015097961853,-0.7658401066981553
-0.016663669876974374,0.3200277705083927,-0.6402230024547163
0.3744885146740203,-0.166391533719801,0.5800166861240349
-0.11621914477797707,0.5209155651603121,0.004105307170594846
-0.005715951753633913,-0.32872996937225096,0.2657077371051257
-0.5348142983357864,-0.6913974573980461,0.15754003954287918
-0.1751512016024892,-0.48129171022151845,-0.3253731368024381
0.5456950070063014,0.37674111032610547,-0.11938741293695385
-0.40320566112828726,-0.2975443989447373,0.07878369571094918
0.0003592439760302657,0.6849465663828811,0.1040740935936384
0.5919586534429886,-0.37552340587386485,0.1053780003559629
-0.03987958279616287,0.30102632648455385,0.17047765012028798
-0.009859504765970473,0.3900616815957478,-0.7273035749357394
-0.1492616038153641,0.7240980597244101,0.3477641688339469
0.11609871120324436,-0.0792588175074497,-0.9030019578377464
-0.6414678414342039,0.02507878643733713,0.4893018348085621
-0.11845607346717807,0.40972685718772833,-0.34424177026166564
-0.07439265600568423,0.3647939123395395,-0.11418868683616892
-0.39548036162155764,-1.5092355714919856,-1.20572786838195
0.20627605696077483,0.12657450162947392,-0.5920760069650322
-0.24561645250154393,-0.13228817646470561,-0.42048853997501556
0.14942118315774405,-0.13768847864552786,-0.7745840992969052
-0.04416812543199328,-0.11049095725345842,0.4513641105236378
-0.367520992256095,-0.03185600278694207,0.8518474872383512
0.08595261298471933,0.12058194643372072,-0.41000007553528856
-0.04805907068914385,0.3546622802548979,-0.31977065879778377
0.6285982645947439,0.8311654577374195,-0.3061410985179644
0.2695076990308247,0.2659868327016425,-0.08903185267794315
-0.09902907391791907,-0.08045744280185899,-0.6868464661394583
-0.518386265570495,-0.31239733104695894,0.2895291729333533
0.6272625607290789,-0.3749500351695154,0.04084966889790137
-0.2250553737383519,0.3468804836379962,-0.11541682982503394
-1.056740582111477,-1.7971193861482022,0.7328335776223888
0.2602971163749149,-0.8673868817296263,-0.05147921824581973
0.7663251450308677,-1.126869982601545,0.8095526050840859
-0.13857769350226135,1.1027501322977702,0.5658533466007288
-0.034411851118237406,0.08921774422920241,0.01702604414892439
0.3753221213362863,0.09790286786890506,0.6213343650309409
0.40151052638450085,-0.3414494830624312,0.344421814492351
0.287962162589252,0.15429923547602753,-0.06680006643046553
0.005732254044754803,-0.38644525916835304,-0.18005952820711135
0.4765387580825715,-0.01183524663302582,-0.4227112319275859
-0.5698903477543085,-0.2416388155468261,0.12972209296768117
-0.9037695987306722,-0.2954844898429665,0.3253321332185285
0.048675843978592204,-0.7094331846828831,-0.32760887575540704
-0.1816316164394151,0.10893313189060728,-0.4380593966883596
0.2736317672767318,0.1322262004160758,0.1670731378665222
0.028800301089602742,-0.18984975829301476,0.48664472857457886
0.033600921342204756,-0.24588658396085478,-0.27641647190604424
0.5684672376232196,0.2673377337584912,-0.5948025167550552
-0.46641492147310576,0.19016767448947172,0.47252193548791693
-1.3724276404422542,-0.384900812754118,1.1226810673193264
0.633164503795825,0.3258487888866252,0.048425055433884034
0.2813486734399603,-0.02437028804291437,-0.30961332105079364
-0.09517378559195665,-0.1135685742966035,0.6870834352752606
-0.6692586120547426,-0.17061881428316136,-0.34960298776025667
-0.021138695102883052,-0.2670632218937938,-0.29648061503131123
0.8938067393213726,0.003575504124381401,0.3428455788835295
0.23467994252055827,0.38030608951031136,-0.12126538163805801
0.7211490750336715,0.3511572852595076,-0.09867636203800215
0.2627163487963723,-1.0795283648771463,0.11003225685022208
-0.4333367662922052,-0.14937550152595117,-0.5836811666220608
0.5917870384220952,0.2122671567451746,0.2137035141787364
0.96771174913888,-0.058201503652817906,0.19833785366286982
0.3038978376361705,-0.17836441068357256,-0.4109524998661347
0.23151817107236342,-0.04613160315288792,-0.1645907751368823
-0.6068665231923338,-0.3639696048134443,0.13378144547453052
0.07491675404595738,0.3083597152911327,-0.24977186693154468
0.2035246008373143,-0.4252091607025451,-0.6426700788675727
-0.05535032187528163,0.12010704083531659,0.3119409154161004
0.07034019566405139,-0.4674322538569331,-0.8652528005942457
-0.39222674726707973,-0.8234860105161915,0.04411142420890676
0.337211149668871,0.3484549398863831,-0.7164698865294147
-0.053272598380978836,-0.013790897373629332,-0.10957848859300041
0.4891349437108128,0.5476323429106194,0.1767046730556856
0.8208888679632096,-0.4345643858842915,0.012093063412172839
-0.2573186709750701,-0.5786456624630006,-0.4275563839040972
0.04674753312411634,-0.25315879762845006,-0.12913634073507274
-0.3707802547660949,0.32324302934772026,-0.4437428842765584
-0.11584523334743757,-0.6271184357636146,-0.30745201207459255
0.058704821739254204,0.30730424564264525,-0.5238776108735235
-0.19041108025337233,0.4934926255220882,-0.35299772160393916
-0.8132548753775002,-0.5884031912750203,0.836973593838719
-0.053241462822259236,-0.4781462669441332,-0.176963158198575
0.2606747683178519,-0.18296590280995226,-0.11992709020282949
-0.12904314050095275,-0.14916022610533772,-0.5093790880324409
1.6094202326152383,-0.6184892065310308,0.10327905699129794
-0.696072278048653,-0.3898441447145016,0.09289028523603488
0.00039704174178001317,0.18591069847700953,-0.0578622150776279
-0.5225127319781064,0.6034860313137224,0.061277490376650104
-0.05296069923145799,-0.07667114522687504,0.40028211111591344
0.3457725997094637,-0.13829908786360928,-1.0735926262669317
-0.6428825831676709,0.22609383541107575,0.2646454695905204
0.2839033034601001,0.18623369757678165,-0.2720552642129437
-0.01229929087191084,0.15821146057391428,0.32773077941039774
0.1112590534368208,0.04537687431975679,0.9244633316933744
-0.6631476180718765,0.22627421866974345,0.11681511140194009
0.2713081935245434,0.4050961395065795,-0.05190755942052193
-0.34512505956708517,0.1843362151907716,-0.029892716207424674
0.165613578374027,-0.3695228163875428,0.2289362374501196
-0.16868977504260294,-0.7359227709902431,0.2151575831811755
0.02271266127593141,0.16854107288731152,-0.13004178335185004
0.4995871213306334,-0.45622912077320454,0.3413801393217131
0.39412327854802576,-0.40758844527515625,-0.8835931959062152
-0.5482098907790975,-0.7319919649601005,0.4824049692681922
0.4489872109438378,0.2848083681115843,0.15096163612971397
0.6063818148781293,-0.23570586554007697,0.47984852381561993
0.49790552446305797,-0.9058304012880775,-0.28553517822630614
0.29359979007766973,0.08294998268763126,0.05849675610911853
0.1449717115055771,0.19534976451781405,-0.16065554419633032
0.43656787730089297,0.2067929826993438,-0.9247442874979275
0.45601229562644,-0.016958912999789244,0.044427837493648786
0.32292051939137856,0.2801251193770121,0.27902581497289314
0.5241342461746885,-0.015894706491675292,1.135860880844345
0.2655781185317355,-0.10472142831351358,0.08942911545079593
0.3927253227791077,0.012107069059633324,-0.10672102149832871
-2.070936781751158,1.7179644224627473,-0.774163934177102
-0.07789802639537809,0.8617661912207615,-0.5125050356367349
0.32116210961722025,0.1692306641375162,0.577543834422999
0.5804710074613788,-0.34338866312135186,0.34896795395886976
-0.06838146199045947,-0.6641613728346082,-0.09816979884088661
0.4363586559871727,-0.8298709235275352,0.21179086873783398
0.9092300212561253,-0.33464040863825384,0.9258377808180549
-0.6537804944462956,0.5803129309979547,-1.0014483606010895
0.4451277462042662,-1.1603041818460382,-0.7242054949533245
-0.3813219360528844,0.15019380645989255,0.38718480233659536
-0.03396271849973459,0.8804076808747004,-0.20079144490689532
-1.1248977763110755,0.010307336463165305,0.7262126190905043
1.2280937942476546,0.1104948533031383,0.2707327201990653
0.05354681843538642,-0.7924184234395841,-0.36664369636381655
-0.47947014607192306,-0.1912945347013468,-0.24838705556310364
-0.28309964317909553,0.06727734283093552,0.36541505062236307
0.4067184579673435,0.15337836733807186,-0.25895021534790663
-0.2573883132378144,-0.18261897826160703,0.03697737230829576
-0.21290793848741507,-0.2356605349120553,-0.01799426167856629
0.19051852329350283,0.23004011338250155,-0.28708880404458614
0.29496662644584404,-0.6096269731106737,-1.50383093914202
0.77128714278612,-0.35797115869138196,0.1199146526419787
0.6023832009864514,0.9219267437567089,0.2175700358875852
-0.24933062127018818,0.10789203629598676,0.29827873430610213
1.1839807932172257,0.5559390458883086,0.13400189166750942
0.4698872110036379,0.39760566808474307,-0.11912157918585636
0.8884592590381201,0.712915811147751,0.6248574447202926
-0.5214888787610397,-0.28723256420158244,-0.30606573411850446
0.5935136887789655,0.10524494688048626,0.19430373525356015
-0.16710650936640087,0.16642122654111727,0.17933321790219545
-0.07230137892795294,-0.08315628732089311,-0.38134224673387257
0.06721141072710052,-0.30035960949169915,0.8623771184678992
-0.21833177728003345,-0.6690190171897735,-0.32384263967937904
-0.18897967239824043,-0.1340061591752838,0.2534328500532593
-0.034660839821028494,-0.5615558823624374,0.7624763722672689
0.038050642499893844,0.42794981122866366,0.2351031822566728
0.20814473412231266,-0.5640785949907703,0.15651661231955952
0.3190728924856686,0.6505749537705007,-0.1750953692303105
-0.6511566381665802,0.40154151484355105,-0.15614591906765016
-0.0724045010413128,-0.6646694197267827,1.2761640976465598
-0.6728202360042895,-0.18793322350770714,-0.48810082181348663
0.29028247519743877,0.25694925542048547,0.3965615080668304
0.8717625073991665,-1.5488904420877319,-0.30011609239826303
0.042178752929098284,-0.44177230256707267,1.3551169141280293
0.7803266351964104,-0.7208902700404212,-0.5757718152282493
0.020669902057452005,-0.6146464689461917,0.7113320732215203
0.2921219422227935,0.10999174006151094,0.0007395719187393568
0.26364196944646434,-0.0837904582711255,0.4225507040421124
0.09088127486961592,-0.03475487715472786,0.23500737626912946
0.06668719948294594,0.4123402111068091,0.3391556885011189
-0.09370543916764272,-0.21954105133984816,0.4251356745492979
0.37280841786446267,0.2627951239333706,0.04223305672493327
-0.28568214923798985,-0.05513439575873228,0.26421605267560544
0.6138800197420856,-0.13102816026350544,-0.003988224872642845
-0.6097911101963782,-0.09868269977524594,-0.10303537935436063
-0.03636868835346556,0.8535782856291898,0.07295752467145175
-0.05625647574360684,0.3437053397540991,-0.2704785687655564
-0.0425292769518639,-0.26392135967865626,0.3756738612703524
-0.0022538444860018547,-0.07657005614355558,-0.163797414686083
0.500446537463261,0.7208126579688432,0.046142109303431156
1.3002928728094014,0.5552387898768063,-0.45983649368975615
0.5260441351764893,-0.15772020815315665,0.2207435907036718
0.14313746885672876,0.01437275433421445,-0.27329170709253253
-0.28869945665113805,0.04378280640031998,0.12358703822649204
-0.45600677518501764,-0.5380836772157975,0.08692717080233076
0.5065723583312151,0.10754912825354769,-0.04601669612217793
0.3267142830052051,-0.033062553572317646,-0.4157771059637028
0.09638811167393813,-0.5068126096203358,-0.4902615067012761
0.05540041073818991,0.39872550512868526,-0.2866952091285314
-0.5592802719604963,-0.39875033595004605,0.21142308589367725
-0.19803597779566431,-0.32392231725251097,0.504437656602064
-0.2517781197597112,-0.5202021100494294,-0.500189297677953
0.5152865044321995,-0.201606100400821,-0.41287077560949564
0.3819229785739464,-0.28321406393869547,-0.12067818618350343
-0.40665794694130425,-0.3165661171228231,0.11444911639320887
0.00964876035884818,0.06708247792865085,-0.04198582628165071
0.11804184266064208,0.15001160120296558,0.7669636886811897
0.3403586960209101,0.601534653949743,1.011398779234201
-0.30526871001192624,-0.027747286477322494,-0.083371097197606
0.9712118258258381,-0.021572614694821232,0.32273286151590636
0.519408654595598,0.2951553144649339,-0.27897099083542304
0.28095872438483144,-0.19170436683780498,0.3178023259878503
0.06623985930446222,-0.01862804690077624,-0.14617243710600852
-1.3089702588688432,-0.6457434650615756,1.5176088895084099
0.4118500303281316,-0.0005086967535385,-0.2272112073420167
-0.4709143541883096,-0.1206979420852507,0.6407211508208577
0.1396548954664792,0.009848734220026856,-0.24017243040754518
-0.0018438157410768513,0.3972114696589512,0.5937640680603679
0.5596087699096296,0.47319759089360086,-1.1587824318835938
-0.3536292249044766,0.24347144341937232,-0.6077963344627344
1.4257412982055864,0.31047313540299754,-0.2237353731930185
0.23391210140792107,0.0413908984413599,0.1799987046577245
-0.2562060012374088,-0.48458798415904936,-1.35938598570651
0.01738619759003529,-0.44016792160702056,-0.14912402546570844
0.29231804744307605,0.5873976550707929,-0.49106250649912464
0.3174150079177707,-0.16351247390071386,0.058959351479992816
-0.5012869113666054,0.1984576109457396,0.4905627013779468
0.2025846856380195,-0.2600764626025226,0.536953941412396
-0.20693984320443928,0.09271496748623184,0.5754162338346706
0.22167507767966863,0.6703782905251439,-0.036949171944843595
-0.08257943618725153,-0.07029287234669054,-0.2996502866609215
0.2007436981136654,0.1265389277843556,0.6924806544603631
-0.0044522310626946004,0.03462364574585783,0.17704868798945012
-0.06233150377257213,0.38347276996529417,-0.12222094392614605
-0.4889295743197231,0.5064869072560239,0.13797661592530183
-0.09750540951250586,0.49666167533268585,-0.05251123409814987
-0.17944099864146626,-0.1526473920088233,-0.16004918660628958
0.30247976543184985,-0.017248530994882827,-0.2343941422109801
0.40578160501555094,-0.28031302902264993,-0.2283416940107352
0.5575817019785478,0.11990492722234487,0.09768519332104997
0.29449500878408924,0.24187915120577846,0.43345238381740425
0.8655171708178895,-0.7343657640587385,-0.6107542712481883
-0.23353629355089328,0.06352226786910267,0.030011364967248905
-0.5247033332696525,-0.05429918580299953,0.5021162001210424
0.056860336900625474,0.14493441381083794,0.1112776316561943
0.5102617339913713,0.07568691005015302,0.32255996296345957
-0.5158714936040576,0.7740729342764288,-0.9286329737364643
-0.006185317140323228,0.3641798172675569,0.31004445501226674
-0.12884741365179853,-0.6458079281233128,0.09689842313147537
1.0391337650607217,-0.3358394110250776,0.46409603933946825
0.2088203550700411,-0.10594908788071594,-0.3960077099994354
0.2364844838837598,0.5624284804416,-0.02295880360532271
0.5795693402381582,0.3449617191991725,-0.39711906024834775
0.11107824769481059,0.7577714630928065,0.284503687977571
0.4361276657741527,0.46651679680864166,0.2711186392072883
0.37273253865158384,0.869244065902796,0.7936903093412395
-0.37568479480921413,-0.44177656273878824,-0.06469337980720438
0.7939203752771447,0.1966033066135573,0.27465337408445506
-0.5863829746953566,1.0130463239903267,0.4950543099493162
0.35681966870472,-0.32661520104699243,0.40814021701119224
-0.6684017461385371,0.4162892411333932,0.9887258653558886
-0.05925100894040501,0.043253794192003085,1.0256838234929795
-0.13728822911792843,0.19902351787083097,0.471028930511205
-0.2794331328027211,-0.4757977955044112,-0.29458217531379804
-2.098985762459091,-0.31050800719586136,1.058846404194554
0.4963030015400558,1.0970015599845224,0.4233717891964882
0.1189279505321105,-0.05141471407273755,0.21266265295775888
-0.3419439983267343,0.3621958941737303,-0.6212239727259815
0.638285210919485,-0.025851944509578992,-0.7632377860628405
0.9287628480755752,-0.41008077067629267,0.34224132013284625
-0.269088813895306,-0.059840421576772315,0.22709964453370002
0.9429107697738022,0.1555962275929848,-0.9551693023461243
-0.26793929270010985,-0.20904528567531433,0.052795076639969116
-0.610637545008951,-0.13002106199959423,0.19987445455499037
-0.7124946916521822,0.008171208432423888,-0.1727471930693832
-0.40536236926733793,-0.4342997316110925,0.4725055219585916
0.15778556587269135,-0.19795746610578338,0.18370992494857005
-0.384430201542527,-0.18660999446758708,0.020131263268856087
-0.05955818231620203,-0.3571534521988205,-0.1219133333062149
-0.1837779766877583,-0.2836870096156681,0.03901925445385551
-0.12777890522871133,1.0586286829297067,0.2501034740976853
0.4400071623128545,-0.22415814732084038,-0.5001184826558545
0.5731136958786491,0.3796620407811414,-0.247659458456056
0.07715400396988525,-0.15512837055515144,0.03599611180288419
-0.024754404055860046,0.0738308566363019,0.26292441847079867
0.1959288791029412,-0.03875089798204308,-0.5951178736751064
0.43014255048210837,0.3752739975282112,-0.39957558010618605
0.7966773140926836,0.23498823637486793,0.30325032215521064
0.5482878202269708,-0.15374051370380998,0.019264208260998297
-0.03868772752336604,-0.6501555987333163,0.3143521370722459
-0.8136734672678588,0.42188952886246356,-0.25819283372348284
0.03417667020586915,0.17980236629765758,-0.8288163007073811
-0.2983479067575695,-0.15032437849171543,0.7041693058192412
-0.09756333518878758,-0.465728021642965,0.026456450892361608
0.010017479572514115,0.25023954914575147,-0.6698996866940967
-0.19352488680100285,-0.3189073219287935,0.06781153031945651
0.08244086548085294,0.23921275063732514,0.710344968006927
0.21733868153333108,-0.6202916041021664,-0.4303263031073358
-0.37806858363914564,0.47699407536627264,0.615533455855618
-0.34011823172543465,1.0328227785634483,0.7398784674131633
-0.37682061709355724,-0.31769290803096795,-0.2634027952168708
0.20487784023964933,1.4393587145217754,-0.6345317143167484
-0.531469361930185,-0.15697251167825488,0.09286295892353466
0.7420118361931487,0.25770983498493316,0.17619542495123264
-0.5226129585058924,0.12460289355349509,0.7836138431049124
-0.492143393222678,-0.12913579205357198,0.4187688975458285
-0.02172185605219451,0.22986027050727315,0.24014353660763507
0.43283359002829047,-0.6394939589200941,-0.4398458697669831
0.018149143503412346,-0.6273265916962636,0.9826023518849999
-0.3582410586790823,0.26405339445242293,-0.13214389302989837
-0.3766984727193107,-0.20846669052658012,-0.3087526842043352
0.6361332396547732,0.35727709525642043,-0.0038252063479097126
0.4564799391525505,0.3744510539390349,0.16049801761903446
0.18800034432933324,-0.4418839621164597,0.6512508783749529
0.10608793195231984,0.07214413839352435,0.05892965174359807
-0.46895144052732374,-0.2380309330071299,-0.750904931005142
0.047862361344067905,0.40788697874805835,0.4561959904277678
0.6405381185081587,0.04014343905150275,-0.6935720604907677
-0.35716437770586545,0.03062400372276229,0.04974002324844609
-0.3128732455121021,0.3198295565589455,0.9515250502982977
0.2097229242392445,-0.19696630801117992,-0.3465980608090002
-0.7914781924332496,-0.020197961173424706,0.24424029032195993
0.6640136135292991,-0.13083447415996752,0.03583268392728764
0.29019789655827705,0.5810276637190613,-0.16711372163036556
0.7386551449384366,-0.1909517990623904,-0.4504384760536798
0.20373119814794635,-0.10581449207232999,-0.641681083560478
0.0024540685387490213,0.24873880193824807,-0.5421481311886096
-0.15153427903894867,1.0775353690305525,-0.09870852559278516
0.11475462897898855,0.6317549037996377,0.17281235576882426
0.11565093665699094,-0.406086995758665,0.17192783366739484
0.5645186238408952,0.011131596580576525,0.5312415538983098
0.3784843952484167,0.22596721020437616,0.2904233381788147
0.46720025257875397,-0.177400230935906,-0.06604943270528477
-0.461594498087034,-0.2460664187185054,0.042734917584151
0.45104765961829174,-0.5798273433954059,0.2727604393493729
-0.22664804245304085,-0.08783648646526812,-0.03644530846755703
0.16014800342302637,-0.1500125031652953,-0.18737928032750156
0.09293669317291026,0.7447849097263687,0.7626873352198877
0.7278097031168933,-0.4335328140396799,-0.031888440765249805
1.2847894678883236,-0.7264066438481798,-1.1910703048937294
0.47493211965589555,0.45546919938008373,-0.6492205122557297
0.5180661745841708,0.527945190437711,-0.06618334725840733
-0.29650599276595935,0.28199337092589005,-0.0029626766044883596
0.11884108548955573,-0.0493578601803244,-0.615690051748012
0.21949857057162456,0.1114182103940648,0.5417565531378817
0.6432813642834115,0.011021056839384868,0.644378455522774
-0.3359631651550321,0.7134671830013183,0.7864599793844049
-0.12865231378719244,0.007824318340699646,-0.14894467084972904
0.266035337148889,-0.30217764062355773,-0.024262941309727254
0.02619034744997281,0.12196272793433666,-0.09403972521231255
-0.11075810758033333,-0.5494385055525456,-0.5292564936274379
-0.581337898774235,-0.7573134829156802,-0.013426974329136643
0.11259788479210173,0.39958780788068604,-0.36534307237278596
-0.46623089857778566,-0.022820849283343908,0.050381130496348875
0.06708584699745543,0.2138076928562629,-0.2416069325762721
0.6712267521903853,-0.45733549397827844,-0.8900478408724666
0.5650494376223918,0.4918083440086606,0.47930368058844625
0.23897853523347284,-0.18971066131371817,-0.8241867410978523
0.6235177122497595,0.24293639991800697,-0.6223404214578133
8.655549880504099e-05,0.3196866993405516,-0.05450898762539508
0.29471559403663444,0.26055245342612404,0.11350471147487365
0.18188891613728853,-0.3838933723591768,-0.14861221890392654
0.21437284165161954,0.22483140697673687,-0.5089646174258831
-0.35193087216115,0.4878094219127948,-0.5263279241993539
0.20189813034831094,0.5466685187614181,0.06723690902518922
0.6552145424594217,0.26840914222998435,0.16903782804052014
-0.6133494370482545,-0.5078169650606434,0.048124438471074886
0.27072389388745194,0.25526875894422063,0.1408286620206904
0.7481223509502382,-0.6013241657690657,-0.13124642154885974
-0.9894150545643565,-0.43420759614241006,0.06597634625685259
0.24025787943932897,0.32266145307670197,-0.29263898024968876
-0.03646341331472728,0.14414345105220672,0.22259102569365596
0.046956021312478044,0.22649851245224845,0.4826839820245507
0.8778308259443725,0.4986595949199863,0.5357518640771798
-0.3353473886049694,-0.5178932410347374,0.25080214930403966
0.650690006353062,-0.1036532129625061,0.34846879933559033
0.3324624838189818,-0.15882299665419533,0.040979396636443934
0.9537098187782419,-0.6142132903858926,0.11067146975503261
0.18799501186783757,0.013133946100236583,0.8683149640199607
0.793203989135926,0.04069653745768029,-0.26987861690449017
-0.05114824724632051,-0.029659406992256415,-0.15599883608328668
0.4442088452958102,0.546917100624862,-0.07611099186749228
-0.44271149027410717,-0.5006543544342804,-0.2271937885471555
0.6578774574347984,-0.7016006644910726,0.765499572831643
-0.16965357258488317,0.8590841615434835,-0.4448286246539439
-0.386843615133837,-0.5336452626603045,-0.35097252861526246
0.18456022034011835,0.6962210678045546,-0.638879280688637
0.021646368961931423,0.03597711234802185,0.17809183151715957
0.6759193873498482,-0.9923837744394893,-0.33949064206766266
0.788487867195951,0.2315987763422145,0.9462870931554186
0.7985362895891475,-0.4162239038075829,0.0624732171996025
0.43398217396446387,-0.3483887917246534,-0.7475111202100203
-2.43000674240564,0.4574028091139457,-1.338530523585815
0.06533184162498742,0.2574744763983725,0.06719031404662451
0.18027081154160265,-0.44979936504404344,-0.22568614812959148
-0.03125719494973275,0.37476119314466627,-1.0494921283013987
0.9202717814267969,-0.33762589349873606,-0.48170075555031544
0.40159003507156843,-0.6106691939025461,-0.3610859703846966
-0.21707733504789,-0.17755436006110187,-0.046720528338253714
-1.047578434208331,-0.014841588284128814,-0.7155961305556479
1.0075483480545542,-0.2688074736775148,-0.4467686661418262
0.23049420702450474,-0.36126631643454626,0.19917402788042826
-0.08155531460271415,-0.3239477492555505,0.20550090955764128
0.1994778491729857,-0.020163773608994018,-0.04314088203000422
-0.22432153451677883,-0.31569650303408026,0.3808639273319152
-0.2210848295941852,0.6648002855472639,0.5772845647901291
-0.4929029940990257,-0.07272644266671992,0.223127353140399
-0.5350690531977854,-0.8539123031467408,-0.5233507867399738
0.6393710929378819,-0.3435595390149647,-0.7404005736559403
0.16072749442579684,-0.13776593158490863,0.3172808428546333
-0.2617523766947355,0.5161595882832308,-0.08246416733909745
-0.17756882316441056,0.13262981856945733,0.4600054308000058
-0.19624195989248253,0.6583743034179315,-0.2557279762504245
0.08087023889040076,-0.17436497680206806,-0.6746942124450644
-0.4955654343547923,0.5703142405557047,-0.07104033065702817
0.680347015400129,-0.3366517692127077,0.32989046991962645
-0.33714973511729146,0.769831564820857,-0.4626535429008463
0.30715324768713603,-0.3723079895636272,-0.4241107198476216
-0.04641703981649856,-0.1321561878806173,-0.9457640569751811
0.8750325078384478,-0.34332549328526984,-0.0607687214232821
-0.804628197124456,-0.036258393465104316,-0.2514400546395551
-0.07964582306670165,-0.04797542849934411,-0.018529212904515535
-0.16992623637263093,0.546784792424321,-0.017103501241895358
0.05942774899720084,0.4344204451148416,0.9353573640552253
0.07423350151773841,-0.49009083894546623,-0.4992996092782659
-0.9155537215320877,0.44091152085639607,-0.2927724336942988
-0.21230133121610836,0.036712793414653895,0.4874316316507098
0.5769350890059484,-1.6836469915308623,-0.10706834378747473
-0.8103323660607771,0.4369937100691617,0.3695467696138862
0.8017602089714957,-0.4770993013172425,0.10688076454754136
0.2672355294258042,0.20648108679963043,0.6482379588545811
-0.24861266377055352,-0.12059375557027324,-0.48744884866847216
-0.36844167071912537,-0.20567762962379516,0.3629602701271484
-1.0694340718953799,-0.6814137553644463,0.3533000014260777
0.7248692397062119,-0.6285766860144375,-1.1099849148904655
0.8222227317960922,0.7739907611591668,-0.4054542184304753
-0.13751657029074604,-0.3081555845330577,-0.5409006947196303
0.008178560311598193,-0.10944280301808319,0.10527675144870927
0.18455842843106063,0.3894206561932031,0.9058309807592904
-0.09704775455877523,0.13943722089700522,0.21827437157084392
0.3838387243497886,-0.19073267140056313,0.16058689763498604
0.4908625550767702,0.37662927261881257,0.7370919166460879
-0.40316031978651584,0.09735393411471324,0.38787941884478866
0.6502002935751393,0.01819021702151928,-0.31107810772161604
0.0030686861632040425,0.009266687948175445,0.5077657154115935
0.06623462466782672,-0.09319397535164582,0.3288335318289141
-0.07950648920798965,0.030475085191076723,1.182440852888329
0.3515235275929963,-1.0755533265552755,0.48312166414306945
0.239993390448966,0.025749943072542247,-0.12608578287552752
0.42359577119735237,-0.1423696468452028,0.48165627183809606
-0.1446405306864969,-0.1107570587610584,0.7579768243044045
-0.42210859511435894,0.4891813770751417,1.3669817580876742
0.05015261725919533,0.2785632389584478,-0.301033437410217
-0.43191272197654834,0.3280408522985857,-0.334601957978942
0.04048980689835965,0.6458727727014778,-0.02617730559336938
0.14997096696144824,-0.010033025553099484,0.07817790660521745
0.27642370935058547,-0.3423130561970918,0.48305255971241445
0.14761113413283075,0.017416874809951716,0.22175191889745438
-0.27760005678190014,-0.002359480760608365,0.30395398195722706
-0.016958580932542502,0.5161143679591621,-0.3388847307076167
0.2551737866737538,0.756393370707073,0.5086187361451594
-0.1692022635056386,-0.29485367052222944,0.08621483266337243
0.4369526660694288,-0.03000808592406995,0.4111405979761161
-0.007832647289555378,-0.3185845892391779,-0.028179791014547605
-0.15906083641385133,-0.04481663456408391,0.2455918630727159
-0.3390367585961428,1.1463641069690067,-0.27794258415541756
0.13499522804748465,-0.5359663240731964,1.1819602489480079
-0.3596663950779002,-0.5573987841934593,0.05332244823096455
-0.014981970217435251,-0.41200761960116505,-0.07398662206203852
0.2442946942886588,0.2185890631063853,-0.2416322249728159
-0.0742353061575814,-1.803166674639173,1.6198293558898509
-0.5740881493253068,-0.09863123163814025,-1.0907377246854735
0.18812191133828984,-0.44733827905584206,0.372364442689509
0.3789584171573551,-0.15085199519017609,1.0761856829218341
-0.7300750566694851,-0.48933583374150286,-0.14862467951500916
-0.02489700568976841,-0.4303706212008579,-0.11184971798815374
-0.0042560147531373604,0.23147502737461184,0.6447143965753566
0.7844712316634928,0.058526542252127056,-1.36094965206115
0.2415233211559663,-0.1147798911943389,-0.04086054683578087
-0.4919037763621056,0.14909143012037515,-0.11573239513916123
0.49558376979671026,0.9252611191158312,-0.21794582374963273
-0.49219898668061857,0.21071599175410102,-0.3021876331126782
-0.6790752782773702,-0.31047591855532963,0.37842149906697
0.12491089695886404,-0.313530805145079,0.7843275733720019
0.23162292535514303,0.5236440284899074,0.034467198594585496
-0.32290274590164725,0.5212183659457912,-0.030912545994395274
-0.14311262662013013,-0.09374806472180448,0.45093847055059877
0.8826681234730568,0.5193629027542825,0.003948940384175391
0.1423982062907056,-0.45027470615719123,2.1041695048205877
-0.10972050609417852,0.25221675198761345,0.10120749716403292
-0.37290936555101445,0.6070384715218087,0.4606300181292863
0.8870464016124185,-0.17375200416487913,0.12212827660579102
-0.03978009033688448,-0.5199944811974956,-0.01511444231561454
-0.5449369004007578,0.2830666756069344,-0.6839114502127858
-0.7642577761281903,0.5395154307448204,0.6724595846130861
-0.32779977431474494,-0.5812209565402084,0.9637393834259569
0.6773041547141158,0.5756762612121553,0.717561580707071
-0.261089658499547,0.3389072234817608,1.0147748287189082
0.667696208903661,0.6014494937946613,0.8984811214502956
-0.2815166779553677,-0.929324896981374,-0.18719367629581674
0.4060097775254593,0.01783470396043381,-0.25481481961431685
1.0071221919739939,0.7942852875390429,0.23091725625708864
-0.12280194841127942,0.4817803161817545,-0.6033646335140244
-0.9110130063119725,-0.6286996807459146,-0.7201304911306325
0.10491071564939256,-0.0029714854739248953,0.19508397280148237
-0.6059466449045773,0.22834195035875612,-0.2638850471610282
0.055642688996366006,0.4932443791750429,0.24032079813812496
-0.04446203086560225,0.1486957386735061,-0.5140200987942286
0.23698759922059062,-0.8180624996585921,0.06221131828668522
0.05668632772699628,0.7440254022337258,0.3356422372803963
0.4509866686677233,-0.48315106176149614,0.4839035176785283
-0.07542081846368816,0.21096648639839075,0.5716588425334157
0.18693863485727397,-0.12126033678796874,-0.13552312833519548
-0.38216786950655934,0.060758173136515464,-0.45458969576553226
-0.9279610405843752,0.1573275389060789,1.1829197728866263
-2.01973329012685,-1.7965982446531898,-0.4993593857502692
-0.7472285323008601,-0.28096017996654177,-0.6240381094175655
0.23858963452065252,0.3952936559931863,-0.7875310420972023
0.8470424952913961,0.5802798295073104,-0.17470333062710106
-0.1443846359732248,0.038756124555117094,0.7493679963977355
-0.08139680106595851,-0.8259246938321333,-0.14144576384769886
-0.49557162025224877,-0.5599505083685843,0.3109471175050431
-0.07387688731700355,0.06447273838319507,0.11993997888332733
0.7217240866094378,-0.4412897648756618,-0.40285970543537314
0.34665287666514594,-0.24626384649754823,0.6297112383414731
-0.2657281191553119,-0.37793022408624577,0.04719414221251284
-0.2818140771899434,-0.29607527904725184,-0.17030102626862592
0.4486276583306883,0.38102958141578136,0.4012870667800903
0.2097766041999448,0.052501718659010016,-0.1450553687767233
0.18508290646377157,-0.08056313057950852,0.15710013812949342
-0.23946942073327473,0.9169149969768641,0.5953543125625103
0.16213279252318885,0.35452714700669585,-0.13071518752591035
0.45062149984262895,0.09773371355193475,0.2666923940744051
-0.4176518521391168,-0.15903080063980807,0.662558271788741
0.7358454966726249,0.08813156690562132,0.8119493181944664
-0.28101102311780435,0.43494273524052995,0.20022387240367565
0.7010794132595466,-0.40454399925703616,-0.011235683539496444
-0.40556487534294783,0.018675341532693974,0.4965837307949146
0.35913749671547013,0.022249308465433645,-0.7269544423730748
0.18066054761962858,0.3813418305218569,0.8878596677569559
0.11648196031518528,-0.2362820998511863,-0.31784461976696077
-0.17323036032505618,0.23454765952022685,0.7176681936755047
0.9724932842076578,-0.6459329058738172,-0.12153444213197374
-0.14071898297419183,0.6354819075220731,0.4672770647729816
0.3472180039072029,-0.9269795701063642,0.03009307802198348
-0.4497666386748176,-0.062110825881732834,-0.8076421376934749
-0.03473560440941387,-0.5113601243950247,-0.32909329407717614
-0.4685447355997734,-0.31084850346239395,0.380711250864826
-0.4609885518389377,-0.28514620036765836,0.12040341468052526
-0.2201538524662396,0.07523269386578374,0.33818545222996493
0.15393447924488396,0.5061421083126634,0.3844191831356103
-0.38747654117675084,-0.0014034233792129779,0.4298209282043295
0.09393789882892623,-0.7293349522453727,-1.36915390926453
-0.13957187563089274,0.19635202236352634,-0.07337521375760453
-0.1530992234703175,-0.9766708407540181,0.6297218724722325
-0.052307067037065114,-0.09086176454917044,0.36561897587107534
-0.44695066838498587,-0.7396235934960071,0.20115954610219627
0.09499804468810841,0.0662078604187833,0.0695535706293107
0.06672011823672484,-0.4946685331151172,-0.7921718083059855
-0.7561670851256865,0.7203467071179203,0.6091155120404921
-0.2024207247017257,-1.2709464705094105,0.7266983505598512
-0.1862975418261935,0.37009492439616587,-0.42442317884616837
0.6507193216143672,-0.8967661981824331,-0.49110736173025055
0.29601285913735687,-0.07394104268310664,-0.07663013674647853
0.2873602092948945,-0.1537881002408718,0.21560085159612358
0.7225818380861817,-0.8233660417241553,0.21125998251218397
0.33799074749730273,0.35776371726526157,0.3673602171776201
0.7606433543521018,0.6157464173437708,-0.39832906067139606
1.0122447136655377,0.17691805280031847,0.29772657499193916
0.06119702045242775,-0.43993861779953236,-0.49800158171429726
0.7648854123610667,0.37498186611090545,-0.5968009267738875
-0.8359895128937769,-0.14022303388917226,-0.49266101554031844
-0.5623360802546491,0.6839238462676449,-0.41981563943391187
-0.34428893870150357,0.7897165965427546,0.4458226343138312
1.212050875301921,-0.10863336307278171,0.40979831615158613
0.03704583817377986,0.1452163694921649,0.9380200477196982
0.8389378425006981,0.269508002095362,-0.7839091814125991
0.6585469294131605,0.2949159761127215,0.18249059077763502
-0.7216606666770014,-0.05606876345892433,-0.1449245580827254
0.15081183139599344,0.19844423017379276,0.014616773115643605
-0.7042110189731636,0.19449187152816877,0.061262938032059254
-0.5835324275309581,-0.34728354262141625,0.43792633180595225
0.3248020552785002,0.2943269474771106,-0.13939422529761825
0.296934414754641,-0.029020820068997047,-0.24862673570296553
-0.6437398141412156,0.04321397066855139,-0.1111186736334421
0.3357567003763171,0.3233674378222721,-0.24926644192877995
0.2217835737410809,-0.18470882547538525,0.5517326680809043
0.1348084051755988,-0.7902488409962722,-0.5095454912102557
0.5436991911446784,-0.20426872759210546,0.0036120451456172764
0.011114343163215808,-0.32397123669182176,-0.11100817126331819
0.5125728152300933,-0.05871534347980412,0.6156023315877436
0.22594416341797532,0.34320014659579867,-0.7242649460191851
-0.47135610566126646,0.18999082821563404,0.009276802237910251
0.533244375246677,-0.06633253865453151,-0.4862897261485678
0.769463175769713,0.00924674275186338,0.746076323490847
0.26429398789727543,0.39739956441705326,-0.5510996574051972
-0.3241926572213492,0.156874611837241,-0.10146508127545509
-0.020466986534378243,-0.2541058459535861,0.22272198447336208
0.3615426527982885,0.12487999740996951,0.4810425137082778
-0.4836591117987754,-0.19240263456022255,0.14448565704690403
-0.25339412580042336,0.22326193625401958,-0.2094230217450765
-0.09923887634363227,-0.07276313957144884,-1.1008746678346752
-0.25749515433906817,0.3556521849195298,-0.3516579994172901
1.848370431561387,-0.4611582184924772,0.018659131492445
0.9040385712848752,2.462839066193597,-0.9425704688692396
-0.5291800176967115,1.2537807867920807,-1.191604575650284
1.7717801279973977,-0.0234232275417726,-0.3970562752167232
-0.5614458010022513,-0.8793557522276968,1.7114580029518294
-0.409035361630117,-0.20862562688741204,0.8887452129695328
0.271389219210853,-0.33353942575362727,-0.39959244977065456
-0.6926426917251834,-0.3006765742917619,-1.1800265613983134
-0.41564321509683977,-0.4560827463058531,-0.2097829965340718
-0.45137905675163514,0.420440092681574,0.7129467211914526
-0.1977103184020306,0.01921037139511765,-0.9539854336213384
0.5272106260656402,0.06281012855845786,-0.9917530707848493
-0.28519400981195286,0.370660896783352,0.05790004885428721
-0.0881749123411213,-0.7085176337427234,0.3594886793989144
-0.05183631016604828,-0.34799742403485634,0.31471737245275655
0.10596146937751133,0.08407324907858285,1.0186699331492273
1.236460133276697,-0.0733648533449679,-0.10842606885804776
0.012900414617638342,-0.2163371415887047,-0.12469478284218015
0.31723808083847643,0.4354017568014803,0.6015856453336895
0.3211941495019607,-0.039549819069078215,0.2861824423185611
-0.8540877547234655,-0.9583332062439899,0.7719117038124785
-0.57376623865101,-0.06609655896643668,-0.8761929113673691
-0.03996116697482088,-1.0404930109609551,-0.39153022232643175
-0.5909111651337118,-0.11723836960186522,-0.44359008110494064
0.6986933665283201,0.6456018935988965,0.7371100659522745
-0.23131354029655649,0.19133979253275196,-0.15831471506309758
0.2639624450364667,0.17062781859666104,0.13162564330702875
0.1857397477584163,0.03419735457755779,-0.10865600536252273
-0.7952141907669126,-0.4511252567078794,-0.6967311623998522
0.1305219820003678,-0.6633765357191037,0.34144575687786627
-0.8748699701442164,-0.22962417086637152,-0.2175243490645833
0.578826200521072,0.8494310862030838,0.15438160287358105
0.37370297600514746,0.38185917322290397,0.7279944849109512
-0.29534680920491363,0.8734502278385932,-0.27147890878129954
-0.26632154919662304,0.0277531964374923,-0.4010572637064942
0.5189621689512216,0.30668262208555397,0.26543901621404725
0.1269730089808831,-0.2575015934704172,0.20823021120402585
0.16032988829337413,-0.09859138103223203,0.20424430656568704
0.7336245577756948,-0.14605544548833638,-0.22347022436212613
-0.36670401697594696,0.2778457905317754,-0.3332314991166286
0.5831344267094456,0.2692750467046468,-0.2589866014001434
-0.07399586112775132,0.492944214066682,0.3889270517503463
-0.10791899488340426,0.02368508323933996,0.1788162851807233
0.48363152401299886,1.0193710996910954,-0.3882748832356082
-0.1693137198133508,0.38067994358770924,0.1539938080549887
0.29923055632393536,0.6004922194147245,0.42552371007969786
-0.31588526909948905,-0.9280298999398988,-0.023884640522140566
0.30347444341906116,-0.03132700733763244,-0.394293918805419
-0.10448672244649863,-0.16730249699890948,-0.7948320911701475
-0.07090364633922815,-0.15507919217565239,0.4089597500914971
-0.0461835545566458,-1.9356998297469348,-0.6387555768312139
-0.05907995991676848,-0.31808678773569593,-0.09475394536248098
-0.20978101877212757,0.013596894077611332,0.2173281867554525
0.446209835797189,1.1328597009381696,-0.06443665317372108
-1.6862409042204494,1.1533161953958055,-0.3331990736999707
-0.19464479903019508,-0.22830220623523678,-0.47074138668575677
0.5292831284315758,0.34629258305999766,0.2246037139495076
-0.6549981657675197,-0.09788966787897646,0.4100652069711614
0.1521861510972083,-0.3445813512861843,-1.2014634256702854
-0.44940493268577597,0.19738618683663814,0.39358654317094516
-0.7474482732512846,-0.8544339043934536,0.19348489138561414
-0.12551838125980552,-0.3893196544313801,0.09078896087528662
-0.4941200913646088,-0.09789154968325964,-0.48839761646876023
-1.1805831100226296,-0.0067034865196668875,-0.07183870228651464
0.35767742848885165,0.2871378877821189,0.16373432510652877
-0.41246330423251165,0.005129770468738248,0.07206339080361987
1.2143123879558493,0.13161761801631489,0.41198047400397564
-0.48862388289716796,0.31518863062629177,0.16481951524789412
0.008926192397915762,0.517010427607051,0.017349756980401698
0.686353561703073,0.20092768568975677,-0.0896985665556793
0.4704711864260909,0.552606750020787,0.3792872030449076
0.34021325381423906,0.42635517916907995,0.36182702093949254
0.2680408126860142,0.3509874965119688,-0.05311199019676666
0.4928891734237678,-0.5244639260216674,0.6772969935814016
0.6922227953146896,-0.18473723058175795,0.10980770101936836
0.0010409406713703245,0.060729283622430255,0.12967150504780822
-0.18135632895295634,-0.0394109198422985,0.35156814075699916
0.824142395593936,0.09194606324841834,0.6013394288295983
-0.08644764011629769,0.1859260897780592,-0.3922818890466513
-0.24305079410350044,0.027554383241700536,-0.31764180049622937
-0.1994691930051823,-0.7527217752301666,-0.39191520978957395
0.37583961103222535,-0.1879083573897112,0.8401500641569722
-0.3054367799246997,-0.7731417483672011,-0.46721308593235067
0.5865726427905975,0.056281633731032246,-0.1129344957685468
-0.6358017941070853,-0.3264332858216215,0.22013939415296768
-0.1769178269036694,-0.4403817073562407,0.35723127240134356
0.10970507525256976,0.2693363188105,-1.2972685657224177
-0.17051760727754423,1.1698101793606588,-0.03192576598271896
0.7192993954839854,-0.07299737011094715,0.1870810145290237
0.43771156228999153,-0.05927556409365656,-0.008706105516853274
-0.5350026906455133,-0.3457348943650777,-0.829176154902359
-0.5206738439966928,-0.27432563719577263,0.19919837628585424
-0.2669326528183492,-0.21296302227007888,-0.7866971426778423
0.10983368470180453,0.15742547413107238,-0.8875008236665971
0.31513949667210794,-1.309268918050488,-1.1114593148936973
-0.13769234590443213,-0.10017687286041865,-0.021433352581053722
-0.700935152204206,-0.5130439021038979,0.369616387706443
0.399886800915369,0.5851760440195303,-0.2729548266397899
-0.16873010002011074,-0.058260025146234976,-0.810702504335699
-0.04385795129690609,-0.45441861288312285,0.6590409935835769
-0.01804100424398164,-1.0190136894897999,0.6643032848409336
1.08283879621093,0.14955033461949324,-0.13037058846265248
0.015533794514405175,-0.10193703333292911,-0.40313068360098286
-0.09055837607645106,0.4512891977572411,0.024132198568679805
-0.11093876976678724,0.3146138799695378,-1.0290319754112487
-0.9725981640964316,-0.8539306757004775,1.0151781571197742
-0.43026840207041644,-0.5884648923417592,1.350036980300111
0.22967160499460482,0.03830767809093899,0.1857607064252065
-0.2558936582403727,-0.004116352232384213,-0.6746692762897721
0.8058624898187376,-1.2479471531869928,0.10640158937285249
0.4795647721318362,-0.784794567421745,-0.12667847339978638
-0.36652831719894025,-0.0817276348560454,-0.31534489212991784
0.7445034016951768,-0.2844701058483915,1.427486824165776
-0.2737293063862458,-0.4299502757472258,-0.5940807395347026
-0.3723049484818276,0.8070969974879285,-1.0832143829306562
0.46702677378729834,-0.3965673425386147,0.15764148255048355
-0.3630548414509581,0.27572851281667804,-0.33214880924999
-0.23922216670215268,-0.27452031915844033,-0.5460817704628138
-0.6148301353679532,0.8759528457817399,-0.05589744654438636
-0.21102491215968988,0.6165693692193177,-0.4324723397887348
-0.12453179304871487,-0.6742759940347612,0.015926066251286897
0.48276413711248445,0.573877552304726,0.06409765537630852
-0.6580422925912363,0.4442437559218291,0.016021425766190256
-0.5886568713556045,0.2859560141490018,-0.16591939025216795
0.17452149471408274,0.31466204525832847,0.798577162795568
0.23678562008477474,-0.08224073162022796,0.03507588506876637
-0.858235376960889,-0.4165989037599965,-0.19919129344908384
0.2645093006564109,0.22311692557245816,-0.3734589607534009
0.4965142186095055,-0.9315316665510631,-0.20909776946255249
0.47496568767679226,0.6821769602819823,0.40559764098752404
0.029993904195064425,0.24665757685737502,-0.045165267177534996
-0.34038669007924355,-0.1410265665495245,-0.01974765242211675
-0.13962038680056574,-0.10207763138677262,-0.3754669254932185
-0.6704120059125316,-0.6388666347272483,0.6949356880304715
-0.3164774147994286,0.5630545425384239,0.7078675081926752
0.1445175546760146,-0.23386441387590115,-0.29828031132911864
-0.3058294065095929,0.2716466535569513,0.3349780532068347
0.3121045989730933,0.7480653487566773,-0.36536886412131875
-0.3043214557199723,0.04172130795044052,-0.5264239501030781
-0.3742086453241799,-0.08805417154712991,0.5108905136953081
0.0029484915469870088,-0.12314772215456792,0.19734216972583013
0.5782900657268221,-0.8166479096856976,0.10316141413156188
-0.2317527158304898,-0.5529852674042136,-0.4990800599191137
0.7082613062246066,-0.22673733096077692,-0.11529191254698402
-0.18244140127125838,-0.7090060776863171,-0.02436606895693314
-0.14822471166167894,-0.2415744765989754,0.32497084130839204
0.13917323375421195,-0.3427111352651958,0.7869601653871673
-0.1873197779742177,0.6564218688606038,-1.2543748296002366
0.3113955112532434,-0.1564745885072384,0.43180521172472003
-0.9655239931777868,-0.09189516836177898,-0.5715247037124335
0.19871931511052843,0.6153000460780468,-0.272590967762608
0.26074164399364286,0.32600276420160124,0.36405015018242803
-0.3019716971747699,0.5209796533727314,0.18832386254544595
0.9232205851267039,0.8729940146291667,-0.38916057990616293
0.7401628103055706,-0.34842550211332357,0.01776300803865749
0.2929518766106066,0.469927745176829,0.6495903272119206
0.6028582516254093,-0.8729324259806087,-0.83020346597184
-0.09085064667351289,0.2394067524597316,-0.21566778126834707
-1.4701122634728983,-0.3679401367268731,0.18464631184983948
0.6086931951381837,1.2902124102785875,0.6911073792745615
0.1391304340989169,-0.4465964154130721,1.5049225944304627
-0.2106501711062448,1.1941665951142837,-0.888367688996172
0.7203855477710585,-0.7309956117204878,0.3638633027200973
0.4494747605174794,0.11522128665848111,-0.10424900532493386
-0.444720885844831,-0.029003383091202428,-0.2557885047693569
1.4041336610795907,-1.2839111665067982,-0.3336421654991606
-0.13958212071444526,0.4664118093505958,-0.05722888386488045
-0.8000949893089689,-0.323928069971111,-0.43208581816294356
0.5322291146620555,0.24129888100702895,0.24838799641179246
0.09871493511719528,-0.008449449656188546,0.3261673610328162
0.24524851453238228,0.3841033380041825,-0.20631248320335896
0.274984403374092,-0.28100533868911803,-0.25351023851126075
0.12472746308202602,0.2874603293706928,-0.3990974499446074
0.07486304113730625,0.1868547983637835,-0.3392707709794959
0.3495800925456213,-0.17953777523849226,-0.06302383361013816
-0.11974423157164764,0.01564277524025255,0.0830447082494074
0.6555250265334279,0.10035673258397404,0.1780377825788524
-0.0756675783877531,0.6829909960006717,-0.3484933885372464
-0.56327254258304,-0.9264330129961988,0.4162708003131116
-0.229439612598196,-0.24611958013583368,-0.8203232290347247
-0.17948662586237105,0.25418975120979703,0.02777952434141269
0.7998807942260895,0.001866446183534265,0.305362993234607
-0.5909895147859214,-0.45948108550260114,0.028892596352853774
0.62184915237277,-0.22012820670810362,0.3376813683422183
-0.4819019912087413,0.07878668394630556,0.030861572512594082
0.3026577013096152,0.5270067123523516,-0.576583143913216
-0.5994608352892836,0.1577788413629616,-0.6698977940250451
-0.8175156602223748,-0.3540638449088728,-0.19841224244313527
-0.09221018453914578,0.08919268836965139,0.4529163610288027
0.14621063554503672,0.4341979904356907,0.18838511720565274
-0.36974433638382065,-0.5919607546093049,-0.6081611017499967
0.20545275982970274,-0.4589663452162952,0.09364855808032
0.03253974167159046,-0.10741299984166214,-0.043538091986083494
-0.02980759517239416,-0.17653015290165808,0.3447721754378253
0.7983946139757915,0.3746978336783248,-0.007500524022363564
-0.13327218775974956,0.28508219665064377,-0.19008650360410811
0.5055890928804336,0.1796771481121365,-0.42578471261900674
0.5349198699404359,0.2603110460858159,-0.8901092627493579
0.1328487371990032,0.18007868128848886,-0.6879255157679327
0.4864913443042907,-0.5866216384046423,0.27176017015127263
0.21788724166718976,0.4044963470000549,0.1473998089681618
-0.32275608096988506,-0.2985726951556333,-0.606500804190413
0.5645309247234184,-0.5686601414656982,-0.18796851416415866
0.06731184929348491,0.10247842628262394,0.13830679658329387
-0.035422814851827814,0.004886127081332625,0.5059505922537566
-0.43799638268828267,-0.2234587117293384,0.004474893816495736
0.18017144983267616,-0.2583702866895615,-1.0324386787479725
0.20251657875029397,-0.3282487513842225,-0.20678438824655274
-0.4312662726735268,-0.9596627474799487,0.28564769691320946
-0.7429173206066507,-0.3938334305805724,-0.11621252576623636
-0.6891909235777136,0.05685658916508335,0.6597363782532255
0.6215061171638296,1.754788621421925,-0.46344634731674855
0.49078435601939924,0.5937421174443458,0.4521382363849483
0.8027653848720939,-0.43691869862347416,0.23064439991182917
-0.6341452711050904,-0.6562970478143519,0.381168864964641
-0.030357032430245755,0.5943692657738202,0.33313966993025806
0.5335373422392876,0.08421676959123389,0.06285797692799494
-0.35777527986899005,0.07174272584516456,-0.3270185321021865
-0.14005374955529504,0.5538907489968327,-0.6811564104314263
-1.4211861826803291,-1.3344748696467532,-0.4668541575184691
-0.4356510237652805,-1.105918056447599,-1.5105587584974454
0.42500398722226224,0.44009780249140285,0.37132034133431535
-0.18470141033958265,-0.49174322182595176,0.21367196973547942
-0.11020529945221394,0.12354044025702592,0.04209691489828164
0.1361841719499066,-0.7126508893238681,-0.2515045311467028
0.3130094543696871,-0.33912250301427493,-0.1704726707000868
0.1489615224200222,-1.3158838696855644,-0.1304345347101896
-0.022427156640689755,-0.7754731506350487,0.008686407412736963
-0.48644251275227635,0.30787090312447946,1.0863161670369563
-0.632016575916091,-1.1464631102985596,0.4011363501993419
-0.09840418695736369,-0.34551976169095294,0.23268396108670542
0.07813508258919546,-0.08669373781339054,-0.6235326509091786
-0.9493430517622404,0.5445455856637007,0.4283333296524423
-0.5501527664813481,-0.17851807659191304,-0.0377064905770932
-0.3159135590247574,-0.1733640551773418,-0.07701978331423426
-0.2837467082189655,-0.9881984648181327,-0.2127665004814493
0.5252965298768913,0.35391693391745116,0.6664636013012053
-0.22847550828254648,-0.4314491058692994,0.596589256578537
-0.34995579969234464,-0.2076059429880538,-0.11531696716555406
-0.0630180082784075,-0.1672181978476428,0.1969444699534476
0.2893118970080604,0.5709213144364476,-0.27837508724689636
0.2723862634055033,1.0181300773299533,0.14319028358702718
-0.24302616137059743,-0.42226458756898344,-0.4133255040822468
-0.13801286281725988,-0.13102657675206497,-0.08579220076673427
0.4362343759381869,-0.6274223838057017,0.2606812988797511
0.70593847066862,0.028705002214610975,0.5030903628875465
-0.39355373568385366,0.6995418672470044,0.5400441375013725
0.12999487914900987,0.3873308309867934,-0.1185068510112702
-0.0337308035743832,-0.08689563277056844,0.46797388430641207
-0.48025271032225847,0.06531556333557018,0.380899927498084
0.5477464283060725,-0.02794899893002703,0.15974921012424123
-0.2302572835907294,-0.17338712460799444,-0.7075367885960254
0.6522126852884953,-0.141708008753421,-0.8973479034302658
-0.4385564940087077,0.3090603169327748,-0.8873007016903414
0.42219973905708236,0.5208610227267982,0.06747412690703147
0.3742098109325467,-0.19822134181197723,0.5369602104566438
-0.036747385942670574,0.8702582148515072,-0.7443618024973707
-1.0505208171289262,-0.3665258670859892,0.3069422515090154
0.6213002183699299,-0.035710988097891416,0.04046611993294104
0.5913173651123551,-0.24928250449982334,0.16803888790726945
0.0158052079709618,0.655636145406372,0.32191716881739285
-0.01760564881353266,0.10370336195691063,0.11035692056864349
0.1821344162317146,-0.7294326276494364,-0.26367049832684464
0.22783353020600963,0.08255783440254413,0.4002830023964734
-0.36377738624975875,0.6415913777353931,0.7886789026441682
1.3356020272257354,-0.3037721667240179,0.8623465191161701
0.013778458492089002,0.1846789197655807,-0.6449323857657994
-0.47851950620430983,-0.840002758572609,0.40774790001856187
-0.1318467353880249,0.20973257902876077,-0.0877813380708128
-1.171176208841393,0.24636457928288574,1.198320366618233
-0.10769683737693139,-0.6380735325480306,0.006148492069312325
-0.033301563546945356,0.7491321116191428,0.028064768385786254
0.22316154104422556,0.3126359221976822,-0.8528993074231608
0.015679299382927156,0.1861367721861279,-0.30192571352319086
0.05745965530508776,-0.4546767343606166,-0.09194617686924443
0.7963932353883847,0.3185323795689539,0.18995155799812258
0.7858196853058484,0.5753281433792278,0.17808864350728568
1.9776855700676488,-2.1193725478932466,1.5338633648782665
-0.8503003639331461,0.22373690162215853,0.6624273488799209
0.2115632058970257,0.6299384548173538,-0.1242561207481418
0.3642765968816951,0.0017350038188376216,-0.5490464588688864
-0.06765485521507252,-0.17254504558695852,-0.22504271118788408
0.724621449337229,-1.0053468698253187,1.0119348646239934
-0.18874079177655126,-0.7517075801987776,0.07346430432923795
-0.7969317593847486,0.04371538397319133,0.7964968633745207
-0.39890279948178053,-0.05004410470071015,-0.29779088539120413
0.07366254720499912,-0.577735002476806,-0.4571018516380345
-0.287832739050693,-0.32390097583604194,-0.673228262427751
0.27706409756961436,0.5728537379794373,0.15279399966486298
-0.05052551053485404,-1.5131312338576128,0.19611469424261418
-0.17621459560169667,0.19813252250931151,0.5325310965163843
-0.2782067704157717,0.8011157484732901,-0.15332615110235207
0.23926871941770927,0.27955150429515085,-0.1637551357009577
0.17386592561855402,0.2654623012666186,0.32954638470458425
-0.155442933220399,-1.2171508001159494,0.040309150965695276
-0.145148131620405,0.36947162947569184,0.31414307630707977
-0.2732547801759525,-0.13765317281648137,-0.14298347635446046
0.24921613388859928,-0.18855294168311534,0.31942244118345536
-0.4273669012645972,-0.06340232585417302,0.4819592333841368
-0.16414880124707426,0.12197355320670167,0.3038969660553039
-0.13563196489184173,0.11223094147649429,-0.45288969772315485
0.26860033969587926,0.07643883549786937,-0.2955759980859026
-0.506875550345804,0.052318275876077486,-0.027110383295541794
0.25403590160268896,-0.391597046553226,0.007538797857992691
-0.4867419072932412,-0.4147728533583864,0.7067398940862251
0.07444938066742418,-0.16447526918787958,-0.14173678097841783
-0.38661125410561964,0.16333795428469042,0.19872882025950675
0.34095579349570015,-0.7583447203810735,0.2639003162885936
0.4243604253282956,-0.6560530969058572,-0.42697335349320586
0.18607993840873016,-0.05875566075467545,0.014175332937262308
-0.7650096551617072,0.12058457417296953,-0.5004634386276454
0.12465521464326426,-0.3734488159917116,0.051575977885267923
0.19230474637565279,-0.047556070398240224,-0.4792201525970572
0.1715268107749116,0.26370006702446214,0.12549484339072975
0.3867476357952543,-0.14545525423039177,-0.481903297510751
0.4185206017427159,-0.4481265787021238,-0.045132116589097486
0.7360687542617634,-0.056611356196835064,0.34054911020283857
-0.1972191616163401,0.2650267314532944,-0.3169962551271659
-0.10952966921360577,-0.07212129028098765,-0.05314330646886016
0.5129834584294557,0.21328653752077156,-0.6705691880244831
-0.5967859934035427,0.5883315917445769,-0.2630020290059836
1.0752926223893973,0.6992191417555758,-0.30991061731900893
0.41267514485379,-0.44066266211155175,-0.07006076323349483
0.6052219380724077,-0.004320006441758173,0.2346304584728688
-0.6132671169906383,0.15095605945688356,-0.46488051089424526
0.7524410582506305,-0.2996300688213214,0.5561524737786422
-0.006444660006295511,-0.4938308390017664,-0.031052818017410888
0.6540494815300595,-0.12316494896543062,0.42080781786127724
0.8243673245057712,0.5136418445244788,0.5396559906602206
-0.6953133233963615,0.185718245507124,0.025019029843244167
-0.4889833422937486,0.5389534303913099,-0.7296486886666192
0.2843642467939383,0.12973356778249648,0.873936320673363
-0.4252924352907608,-0.28187235883734685,0.1739267056245548
-0.16680481895226879,-0.19161545875473684,0.1948363317420977
-0.23599082453738424,0.5360599959888052,-0.27007912101600096
-0.10723233273479721,0.839909295786387,-0.8805435503193723
-0.7645885385170686,0.3656921348735503,-0.8708188240688505
0.2029183319699125,0.1943619461818292,0.38962405140268175
0.8832009654099913,-0.8475530702616136,-0.32131623950699706
-0.5404336253765417,-0.4406150482478705,0.3427165402155018
-0.1927331058670688,0.20912243597243868,0.26263468735818246
0.9541623916756278,-0.7946896004068188,-0.9966055870978185
-0.28278452626748196,-0.40092506343284334,-0.43134354789468565
0.056044549846500924,0.29778540672283627,0.2878328490033989
-0.2932064747137978,-0.19338403733617499,-0.4321285945581693
0.43689948230724385,-0.24465692944344725,-0.4183512299728701
0.6416405479458519,0.1280811178631887,-0.5503655702837308
0.3324643006986842,-0.012755292450481348,-0.5112835278309821
-0.9501781186289977,0.6611526335389839,-0.06018277624444378
-0.15149115370934024,-0.1379543185913995,-0.2561429401074318
-0.33664583680035154,0.7289614937531135,0.2636611772033943
0.113293375969009,-0.34539340469440466,0.6478748569924435
0.09697279895080149,1.028971495394558,0.3777803756026044
-0.8142828818290517,0.053294736098467466,0.220714849441991
-1.138516748017532,-0.9332730476640096,-0.20136364601253376
0.04051547021122576,0.12406498447351005,-0.08321664332405995
-0.267716212576495,1.042185090329212,-0.0588334271028082
0.5227388893462033,0.263222682178727,0.39527512711665913
0.4814636897736597,-0.7974516880341389,0.8992583796969097
0.04289907352935762,-0.15637946523768786,-0.6748154509156711
0.29799916527839876,-0.39082551392420095,0.21637124137138916
0.07518522394825766,0.0953309165868392,-0.9336205569335916
0.30733600496161034,0.16423863525299115,0.16083845927526055
0.0832880805637006,-0.28822367380279,0.4813507572937246
-0.13925563656356696,0.4015784004048912,0.3961684820311524
0.6661865821524786,-0.5258697540178088,-0.11475093919582963
-0.9908158029967983,-0.6562929605952068,0.5260587089880885
-0.17687933372363543,-0.02900616107675122,-0.0071639790898099034
-0.150931891078625,0.16494767759309176,-0.5862578600001284
0.3036568718140603,0.09608246199682416,-0.07832672177424034
0.6788363339082252,0.5134931281731587,0.28299066993418287
0.4781033199135423,-0.2576651459227941,-1.339387383057113
-0.3530160981716277,-0.11160522563107145,-0.2252877634428064
0.680001069209271,0.4847971535404365,0.3010628558440472
-0.010525717699155099,-0.29853626443612946,0.025138451342761325
0.3494249677895241,0.2270319864102806,-0.05502549821848837
0.022359254442791077,0.004140121457230916,0.16739728613758376
-0.07942206229714466,-0.04050655928771302,0.5322851645541842
0.11468707680440149,-0.07953176948075785,-0.22181083972422017
-0.4808464157873422,-0.5130535016243849,1.0284910044091724
-0.33741047980935934,-0.06724315691363299,0.10179004456992938
0.02915379935210262,-0.7682595670354389,-0.22246273441414133
0.738969388598008,0.6285116782414185,-0.10583088654081416
0.13560244424446047,-0.17785158070736107,0.08204825712461059
0.1522974516081737,-0.16560830134506954,-0.38789952085909885
0.11317960534968076,-0.6182343065502641,0.1357612293734924
-0.06941967622050109,0.667911905332219,-0.5168026199160506
0.2580835520505915,0.5861099086756968,0.5315822272237586
0.48096232703397057,-0.6284070986904838,-0.05399787967706241
-0.4970159047019391,-0.24035455598268088,-0.05136273612571373
0.4257842891133,0.29122450321275617,0.03299875736096086
-0.011493163833093803,0.438579560772283,-0.530975407483257
0.1055582771684077,-0.3074021807763236,0.5160619003101374
0.617268665136006,-0.5573118415279096,0.3381535451563964
0.29229729711349084,0.4937891709902843,-0.19755244626858975
0.433760856658438,-0.0111919918091802,1.578693978019415
1.7773180921272982,-0.9915944607670882,-0.8318892183365276
0.07651154402586852,-0.7232440183495071,-0.908554614821852
-0.05712349507488995,0.020326843984647527,-0.589681556118694
0.3104429139873168,1.0179181511262545,0.35507572823477357
0.30947222911904226,0.21349924466512035,0.6594327342832442
-0.5823036726210538,-0.1541300086401656,0.24136511066987817
0.50217763834198,-0.5583553610281843,0.6722149431516469
0.29857670365257427,0.4017000998211919,0.08664463137214479
0.08933920560601843,-1.1600746584991546,-0.6318712976172296
0.03278203774693966,-0.31427495535687466,0.22192296183182925
-0.7969258511528372,-1.1552147498584235,1.1275727787460827
0.013456317071612434,0.3424492618326227,0.45659365112245737
-0.9476124572764708,-0.26056343835786816,0.6699180002952739
-0.593406231827746,0.6688439810505217,-0.25014916784196145
0.0775388782675245,0.49700190771981984,0.06660311204885255
0.023365727676116874,0.4437025746937986,-0.5837399127530847
-0.27016835171994624,0.0461075690725627,0.019845531337942784
-0.2716243650239957,0.4411720942061643,1.2362301396211912
-0.790869706895142,0.2871313486719422,0.21154674642856014
0.585902329221154,0.42595370461190185,0.4795479586632091
0.24878320711511287,-0.5557957568906027,0.5675578289078939
-0.0844498099588118,-0.20051032935552526,0.473281255483245
-0.6443100072287493,0.29035296400818833,0.0011767941287505398
0.13090970212853384,-1.3264410773823059,0.9814312571225078
-0.36265617920727256,0.4189480901409215,0.31373467971192215
-0.025876305827171292,0.09530636377371461,-0.5473954822991145
0.48099541508798327,-0.25399459476648245,-0.22559129838125594
0.09811789261050247,0.3820305063216407,-0.4659710739970444
-0.1407749889108998,0.4896081939556798,1.014772331358714
-0.1568421062527628,0.7633512230674623,-0.271501632134386
-0.36425947564428984,0.18134419418828082,-0.22833411331474085
-0.2231938982171744,-0.1422998303667346,-0.5456031304952572
0.6100740184581093,0.17244638983846305,0.012617768700505919
0.12928563874546556,-0.10560212216682915,0.011205616839091923
-0.8052129450185119,-0.05690853416795681,0.38505092923817685
0.03434861279469918,-0.0488084535559655,-0.2447739185372391
0.1144887968939653,0.11487279747741763,-0.3212773794141296
0.3709058195784435,-0.2007381847608892,-0.3019633615467492
0.358347684553028,0.07820008501242787,-0.12691998799451862
1.0544272487026731,-0.2726835052369986,0.7803490189684859
0.10831253176068695,-0.03404218656181712,-0.1552299630135824
-0.19265815182559826,-0.22453513703248829,0.13902499667102533
-0.564824268471634,0.7862042738996673,-0.2158456828563101
0.20131836999697572,-0.2142821992028659,-0.6285571510497087
0.6026488310215053,0.35941288163350754,0.335589854373936
-0.3154450166439922,0.1508705552784874,-0.2501586861981016
-0.5555797903525225,-0.11081038693686715,-0.2978864420935796
0.1246729102355369,-0.046657436909576716,-0.0649943401270959
0.5092886420626302,0.4585771836203288,-0.18215313021510648
0.10996181354126236,0.4978967936382461,0.694583621010456
0.28905464030223693,0.5692050590902427,-0.3766628601901877
0.13244748291211791,0.23294963783471115,-0.10678878111163878
-0.4274478097213634,0.17079802919528395,0.062296808879092835
0.26331691921146005,-0.17442294559503463,0.27748555795604657
0.33165202711784236,0.15065055248101833,0.23729976726555396
-1.171152408988368,-0.09254577365101774,0.8888733750211943
-0.4551266512390924,1.1078739064750076,0.30339708221523537
0.7405858247250521,-0.9168508413100084,0.22798923881951183
0.2555673104492871,1.1817002496618834,0.06056814714467487
0.3443618931909266,-1.2279205607731607,-0.09556998405616356
-0.3094476409535111,-0.19398300445064037,-0.04230877452146552
0.15638931293418418,-0.2882077405639351,-0.22239242608480228
0.9746844685767084,-0.24747465882434583,-0.5413843893690956
0.4747489849635496,-0.010451318427330977,-0.1309634954258413
0.329843699270249,0.34777276679000396,0.4899289050455647
-0.07177723386094015,0.060693056512690934,0.23987202162425375
0.2045790729819136,0.7941576199155096,0.2409577517812556
0.037253089181969595,-0.46415038512495166,0.7618823241602944
0.4282124956129132,0.24171412884130275,0.48354474371957856
-0.10965192420113065,-0.35117290581214977,0.2525501590537074
0.28801834824338335,0.3463542694550007,0.3023836035372608
0.2601858286688982,0.012302753498875309,-0.05294948451353959
-0.25993478271969506,0.5464141866449121,0.31416937562830416
-0.2052836598111296,-0.46968406372425986,0.03805594426554523
0.1326435656518879,0.8753419719328476,0.3744174237388297
-0.01986677178117005,0.228180441172253,-1.206103044092196
-0.5406470915641556,-0.1998357836913653,-0.1009208729075124
-0.3503826395895787,-0.09436390258967653,-0.41740065839805496
-0.4476403122794865,-0.02288045428414376,-0.6075993076803088
0.2999782946220573,-0.41043373279677564,-0.27974445685977556
0.24101064904397373,-0.34663472658916206,0.14656484145101323
-0.34557612987778463,0.1588701789792758,-0.036773060029708926
0.03840567369799986,0.2033483996622264,-0.45057044799279455
-0.4674664805757705,-0.17080417036957568,0.7925354114266245
-0.5321792938010642,-0.18507255167941025,-0.07223766413808891
-0.33047989637803715,-0.5766147763248723,0.2847464322160115
-0.20175266804955153,-0.39187037079998255,0.17392428986052358
0.0600535981504946,-0.8452029606581128,0.10348774150721392
-0.4155257485824395,-0.22907115883134055,-0.3406966985535803
-0.39582772472309,0.3930279643024835,-0.32837596831572935
0.6348789025514865,0.4139018666480723,0.3985461407193448
-0.9156908493491135,0.8272364189390071,-0.005643470226820352
0.5442316528080839,-0.5508173821117762,-0.201004799848855
0.1028817724882799,0.2833488383318976,0.5839434797758118
0.005954530420584969,0.22247075464509275,-0.062186889709567594
-0.018183167337016887,-0.14445342182309207,0.20334630682728239
-0.1291163769889449,0.04413035527683752,-0.1843045053972364
0.24432087169386774,-0.9989884854730585,0.5915288058745451
0.10008508657302627,0.22650312647119974,-0.2539459293781332
-0.9091928849728503,-0.45330863291444,0.48792356320940733
0.18820543521314903,0.3999179506013284,-0.0990492578083065
0.45250108856586774,-0.045156821211706416,0.3062092323610326
0.26670271192986983,-0.3872149842402815,-0.16885954016397614
-0.6476964736943633,-0.1573119675746697,-0.5289610902040179
0.038343565347162045,0.557071890898096,-0.14338720429373616
-0.028535108872282167,-0.4387542049470016,0.30668975675989835
0.12880074374087658,0.20937882043879263,-0.2702792204162553
0.08366686670021738,0.3955154640357068,-0.1373448879584961
-0.25614525851965786,-0.21849992686187572,0.07973465798190232
0.18676423198304104,-0.5990989090547835,0.04085328608436242
-0.11179282819347752,0.7641568059484438,0.14139936071669476
0.23266325977415966,-0.2862704144657598,-0.5426258010949906
0.3621089878224195,1.436708949252094,-0.416981074357669
0.41507008358116537,0.5533258734181972,-0.8356846078131962
-0.31660833364710905,0.35121907599945723,0.22189950258796365
0.21284936219133946,1.514698870608374,-0.4469351033518411
-0.6802835291292748,0.9601188817530865,-0.06368828166053178
0.11309969909155689,0.23545842206848455,-0.036403073143503765
0.48511103355781543,-0.36434411789792254,0.7337122622989616
0.42670041604856535,0.8142570973222656,-0.34848414526016985
0.23525186080317192,-0.3892422846965354,0.848288544370952
0.319383022202917,-0.366764303622072,0.1793934449831336
0.07169144320761156,-0.01383429256105595,0.9053788804445375
-0.04643094582733291,0.6479054529364626,0.09770311179434937
-0.08786465435737985,-0.5536213304539632,0.04412044966696863
-0.38417267954720474,0.49139998512799965,0.48458831349486464
-0.06965346004918682,0.9033060142520714,-0.5988925448660225
-0.024703400805986653,0.7776258866014245,0.3672152450512265
0.30552155299374684,-0.17378177138836726,0.04931955583603603
-0.19057939835103732,0.09243980230597702,-0.8937494951528734
-0.5552112951856503,0.45827208709494727,-0.8806334376565024
0.8630364484307085,-0.11185616704908584,-1.8143461220521344
-0.395740182557044,-0.07235925471138527,0.44317471365186123
0.8099926239886566,0.672107958872713,-0.06452118239510607
0.8683528516535683,-1.1303282560893553,-0.7404236876562592
-0.2399602486514763,-1.3039905533181393,-0.6534473226167293
-0.05711576554155631,0.06924915573883739,-0.526032399932066
0.14638413105922454,-0.7663407382710323,-0.42292286851503397
0.09769559933104627,-0.6547149345193725,0.20714463971274963
0.1747409639346465,-0.19307083223611793,0.4438435213990859
0.6651114379555647,-0.1470176939949781,0.12716536369314946
0.9482205003966501,-0.41137021255709116,0.48501198256476674
0.37729784542540423,-0.7840155470909294,-0.9522958923078235
-0.025259550128136524,0.2614858742229816,-0.12474480476251643
-1.116838064199984,0.2917234190846856,0.3788468519518301
0.5041158449546008,0.6911143948697651,0.39411697167441984
-0.5871307981377873,-0.8363930480543978,0.6068632665060221
0.40672994596538964,0.46585194716162553,-0.2702678810315401
0.29746885683192437,-0.7021677432320986,-0.28643108825686836
0.2573373476189628,0.11169040218701998,0.7222833598561177
-0.23708435919232926,0.9893391752589394,-0.34096826772736133
-0.11695319234009086,0.16608399518407246,0.24120170317923395
0.22699084705432127,0.21589902554379642,-0.7635367837860911
-0.015176328119933774,-0.24820013895153817,0.2700689404384377
0.21563667257258823,-0.12243187777301613,-0.414783136856953
-0.15370599959578313,-0.21921588914348844,0.6697120887632696
0.44690421022986987,0.1778333443778895,0.332229319634011
-0.09353476949626377,-0.33655363659195514,0.6105708782993304
-0.46842645399492994,0.2482147198210672,0.5782121360173176
0.8333535670428973,-0.5143945697180909,0.12714066347690908
-0.6140276552762689,0.20115991205333655,-0.5214418141608671
-0.503878228332865,0.40449792086296,-0.9802801149848186
-0.06924404220297772,0.23390504689109937,-0.4793984709442609
0.24227267030120014,0.19630390106568577,-0.17757625488315046
-0.18955002053696532,-0.24104144649103662,-0.6122736775539224
-0.03055689525829175,-1.609604031480378,-0.49290692424341015
0.32524131587079125,-0.3738715495427708,-0.5343799745705033
-0.31426908789472086,-0.5186897105296405,0.19761112939747907
-0.07925897090080437,-0.12580800575521608,0.05806683079072505
-0.6116557098101146,-0.5727483169246499,0.14459400277960038
-0.03135415569489294,0.14322234513935594,0.5069375526126565
-0.1281902928221753,0.09815144156014552,0.003237761597019371
0.4262193941365693,-0.06175193390619381,-0.9338696501786872
-1.006823615209506,0.8769875261172073,1.374108913243284
0.5727369121393293,-0.3708853244047102,-0.010167453925672393
-0.1394873611274534,-0.033533192679188584,0.2950423067890286
0.10894018729363625,0.43423905659787665,0.05120525197586262
0.12752319594557215,-0.10710538884929205,0.006994259794257274
-0.00125126924294372,-0.07065400229324043,-0.9670490547020664
0.4331218226214284,0.24849485304870478,0.3915306000413089
0.551605011933834,0.592985564128537,0.1115067581199719
0.4174248623466117,-0.11422224938762002,0.23744857204978098
0.5354658991472214,0.27843923623782996,-0.8962321241334437
0.016071736756051724,-0.22114997312658888,0.20159938097186064
-0.1244851591188352,0.8855120743369903,-1.574556399473857
0.21598413449256962,0.3468897565945019,-0.4240561141500301
0.33323627518869464,0.6360665839430949,-0.26388072884023933
-0.1899723946257082,-0.7037061392972903,0.07671319571256605
0.4502280621159128,0.9493352719612933,0.12739275127658753
-0.6835553355696636,0.8335369433440747,0.6119454192589984
-0.010218422436149288,-0.665661537948449,-0.2246807416194273
-0.47602242734357847,0.32453522662058204,0.26290952954299296
-0.9860726453831502,-0.1339875579106036,-0.9897519041332717
-0.5068293648695612,-0.1196315622164611,-0.478839125849154
0.5259596695255453,-1.3027767790048053,-0.25747200476417353
0.03479473190922591,0.17601994579705518,0.6086015931645146
0.3505824367621407,0.603045670643283,-0.8294374311037216
-0.16488252521643773,-0.13863080637317088,-0.48200992021513667
0.4566975692106405,-0.8331781425281979,-0.6553405982586004
-0.11264548343021061,-0.12091152721946606,0.7611869073177276
-0.43852078980301457,-0.18067405832724812,-0.4873955468707541
0.22698620700762495,1.1405676583191597,-0.3835417234914826
-0.48103204300739283,0.16215778370553846,0.720894495205337
0.9290434941259353,0.8720051270921166,0.006237064548824778
-0.285124240308123,0.5951319970352722,0.20626501129927086
1.3479616312249034,-0.22498512336306656,-0.7202810221242688
0.19883499983364822,-0.23861835185625024,-0.0037680750871484092
-0.5697042475564467,-0.5697074651030607,0.2988824001813603
-0.4931214951638069,-0.5355560946985912,-0.4025690731617248
-0.22960312973639274,-0.47028631173451907,-0.2753598342640722
0.5856982109236704,0.13568887109220112,-0.500850164787493
0.2922294461104749,-0.5208815910965534,0.7518597540648572
0.3773198053004905,-0.2328762170206995,0.11131910688408675
-0.23962358747901816,-0.7150429245437466,-0.5139455551179986
0.20131321075027903,-0.6161105705277625,-0.044484803336042794
-1.1923642324839459,0.25916892968932614,0.21049244508669132
0.05525699809751741,-0.5501343275303745,-0.9454286978602805
-0.00047000598171234587,0.32035998401151766,0.48335183865196235
-0.3441044005388603,0.6960061112606187,0.15300464482951603
-0.33150708635627313,-0.3978931166868245,0.026026805073009293
-0.024228356605182286,0.8344116384443316,-0.5641820997120838
0.35540339218058026,0.6914127285976748,0.3453893632540304
0.10033264094792796,0.9950646750368483,-0.23381599233481273
-0.32792482919397936,0.11032617644827161,-0.17672781419038602
-0.11772139303982532,0.15714791099479716,-0.7704317698676589
-0.7301867723250554,0.5466238276415264,-0.7063272233842719
-0.07992334585201334,0.0811472671004147,0.40654090198083087
0.462955066121319,0.3395531461035002,0.3103602704056012
0.07519217286485008,-0.47430079317773005,-0.6217590127886254
-0.6902662301417111,-0.15817287175945316,0.1895537252346413
0.42903413413248237,0.6937525345686727,0.12648597015181412
-0.04500379403469407,0.1534585671083454,0.5485513309013478
1.1244272199000531,-0.27073140619734654,-0.040832604727075006
0.33828177653733243,0.2558001242476541,0.374072175467288
1.0769783757494693,-0.1868657349524835,-1.140477183441257
0.4419830828737809,-0.6365957650649601,0.11918608125479477
0.6917859368201167,-0.20943781745449508,-0.5591611279834534
0.722348781869157,-0.006283606324611817,0.6286262132119143
-0.43210687867646225,-1.72537722534046,-0.011098012365464885
0.8578181646024903,-0.30731048686144796,0.40231667987166886
0.5348058148506372,0.9905585944459897,0.3494504214939276
0.8838874701514944,0.6978512175782559,0.05828692390402254
-0.8581448671663324,-0.679827179708069,-1.487837568043548
-1.4107174346104423,-1.4333486354234917,-0.5000103870599948
-0.37894119160229733,-0.45081417652477274,0.6424194898444675
0.3330984445706401,1.3670394886146828,1.5031968499594635
-0.8787592356809181,0.48048256113625565,0.1561788374966984
-0.415391016897735,-0.7526851830319085,0.06979131555272274
-0.550108143172439,-0.5502514381096024,-0.011416035750889411
1.1380096463098333,1.4574819845272244,-0.4611964193282971
-0.5378956062587943,-0.04505961505275459,-0.39924998396947964
0.7775350774389406,0.25294157652205007,0.22414049159820623
-0.40401076828158833,-0.4347897613028035,0.1880868732884891
0.3450302445421591,-0.013366250911562447,-0.05492948546054066
-0.12859298886413784,0.4345181745991332,-0.22566712584104717
-0.7072156102684363,0.40299958233993555,-0.09030018029493408
0.4217450407211427,0.5467774145353779,0.5808677899870804
-0.23658193189363083,-0.46408212739443966,0.8572475668962263
-0.6881671972993231,-0.203804929988326,-0.15825678200686377
-0.6116043013584034,-0.247667268432112,0.0678293811078104
0.20085261871926874,0.36726951564918653,-0.057277576249422146
0.6354644532334615,0.5250472112198314,-0.1729396523370509
0.01428198070576106,-0.12354531608955044,0.1584847741450854
-0.7370197576164101,0.18152053182978606,0.03036351500356224
0.11972740997534236,-0.19857825355425485,-0.03460251344080253
-0.2972706700948366,0.41209293769955285,0.24302360836352
1.155126584649372,0.07443213207523425,-0.5852487905021836
-0.10802536145287256,0.0010532416156436956,0.21064473706034684
0.35927603991779483,-0.97242417925905,0.5880407817395212
-0.40657328197575665,-0.05361036196244577,0.35076084997614304
0.2604814753460528,-0.46992958304225796,0.5489687555700473
0.16363100322524265,0.40237623243656506,-0.19440716191491833
-0.2161987526341228,0.7725011460168394,0.1604699440485783
0.18154367023653933,-0.2776665069296758,0.3643012831887893
0.42327121382435834,-0.04606607627647507,0.11779079645103994
0.880339622651299,0.04546724588852805,0.16072721439347326
-0.25475526193531006,0.45139793512728554,-0.18502030743856024
-0.08110449550689097,0.1627317562673658,0.7555030616381135
0.25198492560247626,-0.1334775586238403,-0.24052997917689894
-0.5010637279821628,-0.08689151598686715,-0.09236525053788747
0.08753602511661093,0.38852085989060914,-0.17681115269990502
0.44548568614154205,-1.031645454483943,-0.7347276717719855
0.31890512610801114,0.026963888304996547,0.16792356048049067
0.2788927451511356,-0.03352311346010067,-0.5325472162586264
-0.28811316930761854,-0.1333548825660241,-0.906386263338043
-0.3208207721886738,0.03999176935640876,0.4806465933438593
-0.7084864512886218,0.0015254051805101698,-0.47147605228805234
-0.6566619047072276,-0.0729985441669082,-0.5982994973378448
-0.4742004990012947,0.16255062075743096,0.06154327289394536
-1.0088515557184967,-0.2523299213562285,-0.39713236689547965
-0.10177474506541334,-0.34591571094671536,-0.13371895565715558
0.5222371569042028,-1.135633144103925,-0.10976733277237072
0.0511320060865203,-0.5097460439424731,1.4621453530381636
0.30612839984029805,0.8462212900786826,0.7512639333053571
-1.074337472359726,0.520732383260939,-0.44834166087217975
0.12167505738336963,0.8325660223549516,0.0015823435206053088
-1.4329449094075435,0.6356903951152368,0.31175907261893354
-0.15105134245088395,0.6847676633488506,-0.27088962504083963
-1.0220643170726884,0.7311456026844867,0.38126489912180117
0.5613282123514184,0.7049632032486706,0.9128469933388768
0.15527771481177244,-0.023312545323910132,0.09490507912123064
0.3593594277888142,-0.1838983036449759,-1.2561510178449562
-0.34127860001918153,0.5860309781879111,-0.23625901222198947
-0.4575937283124005,-0.34408255827000256,-0.5037144000914301
-0.8793129722520326,-0.30334098580847035,-0.4120592185301388
0.26419309379419703,-0.10767925179447098,0.2211016713416363
0.5915645186884768,-0.3207850356101919,0.4520916161900463
-0.2233887432267281,-0.41201462390600646,0.5834628064118036
0.034235048277423685,1.3821573084085519,-0.41064178283408526
0.06410431148389761,-0.4034473823717918,-1.246933973608581
-0.8853311840423418,-0.2252207221185604,-1.1311911922135955
0.9064045667118912,-0.16436279185484337,-0.5738416200843717
-0.15507468906327834,-0.6720034772930124,0.11475151888785452
0.8055128817318157,-0.45533390130646656,0.7652915648372464
0.15406594108666108,0.30407271856042917,-0.13487481329244352
-0.27834564494057196,-0.5977808546268888,0.3131435331746212
-0.40975396429627275,0.44083038219733084,-0.24202508607905804
-0.173031589190903,-1.307685875057802,1.6202706979778903
-0.08170178368622272,0.0750656903494788,-0.041233212214815684
-1.3010932051393846,0.1465469243643096,0.22171901479013212
0.06612520796519294,0.325647620528378,-0.02501376530167279
0.698871916762588,0.3656218265674436,-0.6904858835568376
0.2393087714786758,0.30193184089816516,0.14637176665643728
0.3200420671058828,-0.08503501288140695,-0.3509764358657087
0.046326409907080646,0.1008532737481379,0.14674367289352083
-0.20299737752157448,0.8379857901912549,0.7795550934206933
1.7872177439053614,0.15598063454809327,0.8680534167848362
0.19844742648257346,-0.5049871384091579,0.8912673043405341
0.10399697139713583,0.22571987190668455,-0.10802417999664332
0.40269856785339847,0.22957581934277663,0.3186160835862909
-0.47425934613378584,0.14124505911222146,-0.08355630717642083
0.03811746519654152,-0.30165239174270164,0.49752826049694576
0.44602925046684216,-0.10250848370321719,0.11295363092095989
-0.9649636206892125,-1.3475586894079745,-0.0009938400916645884
1.1241062589180397,0.8792473374049851,-0.5996956600871537
0.33353152034213596,0.7740629835351551,-1.22808392844797
0.13227771831672663,-0.3510180288524737,-0.27524657045881634
-0.0045640196683458395,-0.8825790684132754,-0.4548929627157621
-1.4630351517527136,-1.024692179555597,0.4224796451533269
-0.9945169811287592,-0.2025790775115336,-0.6284585273268587
-0.5954694797822191,-0.5901536056723463,-0.8033550299580838
0.18354612185169622,0.08482023319951962,-0.7166687378837131
-0.05859770722933163,-0.06894946655637822,-0.6321934288317186
0.16703011423482833,-0.47416967663891574,-0.1916120077286592
0.6120531871998123,0.5779870532804556,0.12427922176398948
-0.3652094163082964,0.08578240421400746,1.304858210702375
0.49220926074650534,0.11186093297259941,0.5140104823271148
-0.30555707514133784,-0.12431698797562823,-0.45546150729762214
0.2852841319650399,0.35171464587912693,0.1251084119897063
0.08861131653977022,-0.9723448920811617,-0.5430082043221591
0.31822629969227756,0.0249076462757932,0.4295309859902391
0.7913470123392764,-0.27803095559476987,0.22067030753432593
-0.2227469643545275,0.013966113352672116,0.3303699732789796
0.3306317711457456,-0.304467562801237,0.7633843332335086
0.7984222663087989,0.4699274508503495,-0.5970549844507854
0.06905889257358896,-0.43664901060478883,-0.2837868922609016
-0.18731498547829414,0.4638581509366638,-0.23684006938148786
0.9803101511888522,0.449854202097824,0.541764871680325
0.03187126224716527,-0.2984979248147228,0.17775469483606254
-0.021072309899704322,0.011089869788198314,-0.6550551930748041
-0.024025377146570215,0.16659906421481907,0.34630649910862854
0.17749311430225667,0.06664563257667602,0.4192080469043806
-0.02499292448047441,-0.1464305371010336,1.0950760585571029
-0.17686467114507226,0.488920740874822,-0.21769505189356414
0.045718069404308836,0.47735578655272165,-0.008226299706171614
-0.013392523464778476,-1.0323900776938222,-0.6920332255782617
0.5191482515239633,-0.031846898212962965,-0.6899012345841938
1.107816583822204,-0.4467636714587405,-0.8709062492618348
0.03749328422026411,0.0016469990591359007,0.5916060495392026
1.145595636685785,0.8620709727186172,-1.541975501027379
-0.14948498496073567,-0.5285254346927504,0.339496182591213
-0.36232712135428985,0.5053949811736131,0.08836234784444244
-0.45423537271895215,0.20950949585363732,0.43807857041008735
-0.4387096267399334,0.948819613974137,0.2012575097451227
0.28905946086694867,0.1497735817727444,0.4231846908828051
0.10833037659064218,-0.005349996250392425,-0.6887759855869962
0.19952323088695528,-0.27993049761666394,1.093198731912627
0.12547457579125643,0.19228661710035885,0.35736298774992625
2.236379979282534,-0.5935849091385476,0.34974812534930283
0.16133238670109365,0.19095124101399025,-0.28987754383923525
0.005732363891083558,0.671343492755164,-0.2919949984481082
-0.5202188817301456,0.6376364934244056,-0.05598739082555598
0.6292238508293866,1.0076690930385173,0.3335893427067821
-0.7417043818096443,-1.0481252150846656,-0.6715885644067754
-0.7698145699486132,0.07048029728432134,1.2575595824732102
0.5085026182990684,-0.22979421633252503,0.05860081123986638
-0.045517973217185814,-0.17905253314845704,0.0027060601956066244
-0.4820964873057006,0.5727426339386873,0.20951642922887914
1.201067134413445,0.7868104631115593,0.41363177283247476
0.07245494920962645,0.6849093990656867,-0.26714473373799
0.3317481894102593,0.43429925601867236,0.3569104283316964
0.4064119648061263,-0.18745198868794888,-0.06895796031586914
0.24441847799492866,-0.3570923151044823,-0.4932554236641294
-0.19793762737685042,-0.5772339876010091,-0.3906430911620441
0.217739998882168,-0.48778438275983593,-0.32236887566201256
-0.5137575508930089,-0.1116482151391496,0.31594508998273874
0.21020725214379765,0.06389035697325127,0.6918704528427371
0.15612162727875575,0.7492240179691096,0.37883305916342147
-0.2570178611284698,-0.5797480529463225,0.3404987960854532
0.23218705908170556,-0.03238800472712,0.07336792829755462
-0.07817858188639831,0.09324937069716228,0.3962884506246538
-0.2054170407026034,0.567220959726285,0.23033399784670378
0.1612346346906433,0.41231687883836643,0.6178460095857765
-0.2613497880766242,0.6003867699744341,-0.3034928663673194
-0.39894130593236743,0.1590345635036445,0.37224493912831796
0.04894926673083484,-0.5795854197423858,0.060105549606615315
0.636939259898311,0.4161521941780192,0.5953803990349391
0.20131071792364205,-0.28750098560335435,0.06064914060201204
-0.4959849343262007,0.7250619553612745,0.14327279345967897
-0.13187213960364164,-0.16104389082296694,-0.16664097697212293
-0.5262981899017571,-0.11212060205094565,-0.06484711200672094
-0.054258235551221,-1.2229405153476358,0.2338739096031479
0.5795128694421106,0.2510812060233832,-0.28928526912812363
0.4307871260293969,-0.016809841239260243,0.17732674557180567
0.16725312000003004,-0.0023169718025579517,0.33957599153871143
-0.22527384693287097,0.01953305005427203,-0.32019313371921676
0.6625721881101237,0.10952094144163296,0.12760070225311043
0.3729398232698304,0.4003305839958251,0.6952866661986703
-0.39552526114792896,0.06642587585615461,-0.39103662269399253
-1.72650745461275,0.7328253758363527,0.381765916688408
0.6721215846252216,-1.011150523026451,1.4861489695663426
-0.0446728965941888,0.8121644466530553,0.3225197678376048
0.3725497738334609,-0.7289694810255786,-0.4284238130050215
-0.5965293205307407,-1.7311140782086585,-1.0686008605695871
0.6387478471512124,-0.57149038929334,-1.0150744142315404
0.17857644452465957,-0.5565819896275876,-0.07823675875955838
-0.08274951578586806,1.0915343745573913,0.2750761272469725
-0.4966858004931112,0.5425864262320639,0.48445880030078076
-0.0233366032699113,0.5000951090161381,-0.5228573314975737
0.538124614395694,0.4823546211406423,-0.3485973841181304
0.15409478811517877,-0.08479254948145276,0.1657969008731159
-0.772558265419724,0.006852246480824178,-0.19473171734002348
0.5217945145610589,-0.6459245374210076,-0.2972267891313416
-0.31779486742478713,0.2926913049349672,0.17117688821051935
0.24964166506833088,0.7309254166506896,-0.7386838940996051
0.4076351158277497,0.6027370710890617,-0.13683061203043906
0.0336949749292444,-0.1961139578414522,0.6156707773027715
0.32433595547794414,0.3468103928631025,0.2513765388966401
0.5885590335449872,0.10771771296954555,0.25833985644381996
-0.5285783505281912,0.7230980049666326,0.6443414771731178
-0.04418382781668454,0.21627815397212136,0.24561003974324264
0.3252257124846483,0.5577568017651169,0.12616700034609485
0.02486557108240567,0.17173110785004791,0.26626898426156975
0.13469271823371357,0.30218889893037404,-0.3968572049600886
0.03477275792671618,-0.5035778103249133,-0.1429999736410414
-0.03162018667553354,0.4385263314279742,0.08941577713297766
-0.2828881972222371,0.8881966503729636,0.47316901992932453
0.7447245021971143,0.4588701421231624,0.3012135483375432
-0.49762414040797787,-0.09858818086906643,0.36332684450783737
0.1829318757662881,-0.13984385170211933,-0.35368571824219525
1.6546398724034723,-0.8906821498376858,-1.376953782010898
-0.7703705285472751,-0.3468617266940858,0.33219806982083294
0.3067543638658845,0.10742940336393414,0.3124467626720365
-0.7211972781620092,-0.09511162165263337,-0.13385538990875073
0.22836434511989556,-0.19066404913227064,0.4960972267728427
-0.2801931362677843,-0.12153214122856792,-0.016321409881609877
0.14262934072095007,0.7765373800817668,0.30459718820788484
0.2840766137897246,-0.8102456212710972,0.8396306873621864
-0.9134827023347116,-0.6788826682673222,0.338684549437834
-0.2473040478018974,-0.2913477505342799,-0.3946231483942624
0.13046555295118223,0.4640412161791071,0.011992998271087185
-0.14119004459363826,0.7725807806949659,-1.6389534535549612
-0.08551966002464065,-0.4942266707953814,-0.2573867707279641
-0.7158367350959038,-0.46011881241379915,0.4942498372864624
-0.16472267642834068,0.25374998120942405,0.2030188254676965
-0.6175771427688366,-0.1101266243279595,0.301445800533056
-0.2868987558320315,1.254141207323673,0.036358810126923644
0.08040483361089662,-0.8837653611988149,-0.29331882019235467
-0.12138361954860027,-0.06936079439495896,0.46326294258982204
-0.2351989801968902,-0.17427125758022027,0.9791390819224697
0.49478710914027324,-0.058239665402668825,-0.7140331427638419
-0.5327931309989327,-0.37535893241199414,-0.35506668804852537
-0.2844492953194979,-0.2860383601908618,-0.7292393944526289
-0.19234171841446637,0.18788317879313537,0.9470104659202915
0.2638937485363648,-0.017082397493309323,0.32456573871257566
-0.5864546555206925,-0.004357178285684667,-0.19889719792113222
0.3801998041759642,1.365122069250238,0.5869097857643536
0.3779120050426278,0.23155910176484146,-0.014474538288088167
0.23160178943305257,0.29286813552749547,0.9989972837588174
0.4773516302029671,-0.10005273729347315,-0.22431312013697596
-0.051838638755575706,-0.7203487607866419,-0.5216674634504554
0.12789770313557822,-0.006047181120767672,-0.008791219520542792
-1.1313196856988958,-0.14806098539394738,-0.024743088448169914
0.6414628663078702,-0.5323314921127787,-0.6280299320172368
0.1511006197503813,0.720475628837749,1.134966452002631
-0.08712260343877078,0.7144951949631925,0.4619444043522539
0.2595616866051317,-0.8184246261424959,-0.48864077628693237
0.3274169455424645,0.11966695332412465,0.22598729512342203
0.11567017454410773,-0.013509799498794106,-0.44383614725605536
-0.2168564652375126,0.2965421163698278,0.17008247209814423
0.0030357593687874163,-1.013411139850429,-0.24995542057798753
0.6211792202756374,-0.5033134509475002,-0.9734795335839492
-0.4452680841996517,0.4273308599376759,1.2128260454773754
-0.1851127702226038,-0.2364215216280628,-0.08249192217079881
0.32716380781539256,-0.08257060863960505,-0.2789361746765958
-0.41669587205873837,-0.19573535985101254,-0.5138330764239114
0.06519955164126034,0.40604733162258444,-0.46324205325240697
-0.3620762869121607,-0.11647279865616866,0.6552382874976491
0.4456218719020606,-1.0035407937266805,-0.9653963509285617
-0.2900486594753768,0.121753466058168,0.3116012406315152
0.20280397559341407,-0.1572524949251446,-0.13706985038753067
-0.26901847542008994,-0.8218084548470466,-0.30474719885189927
0.5850259570908041,0.4842871831388773,0.47993592801377144
-0.5194942477049497,-0.1385595503620105,0.3487659608982315
0.2498423815201264,-0.1484127893839015,0.2078611762928914
-0.18803728494485694,0.2862993800665497,-0.3833696897966734
-0.2579780115807997,-0.2207347297378544,0.8796525560527358
-0.25379813346292684,-0.0747921696080201,0.7922513857139287
0.6555182172201555,-0.63426943512415,-0.15307030261209054
-0.15486308595959464,-0.12887547208907413,-0.5488487346853548
0.07922267371088312,-0.21777654486238848,-0.7528655855717283
-0.11246270078137427,-0.613306992831586,-0.4875638032641163
-0.43376353000023066,0.9791601555724524,-0.24323822148694846
-0.174618497359168,0.09457698811835716,0.13602140837080773
0.2769179465681202,0.5166612397068647,0.012801477862833713
0.3686587910483712,0.2304031100586032,0.311052197388916
0.2447189608743467,-0.3327379829117181,-0.017920485024182087
0.20007911112207766,-0.2615466435965595,-0.33867538141270054
-0.24467261459747014,-0.7302987525575275,0.1176793390616685
-0.013141758442419771,-0.23959991324490387,-0.12107222350019295
0.36507923779466445,0.1036103733906032,0.4196018859869071
-0.3407828501596064,0.1238363715206665,0.22580937928839
0.0117931319850049,1.0972439037873107,-0.0060715393957395
-0.29304513471671395,1.2234677578923183,1.1880605228585979
0.591086773025893,-1.0773384202748426,0.35504940842684574
0.38179527144212955,-0.3326814336472341,0.6522321062860914
-0.4829920908591334,0.6794201183548108,-0.2373396186435801
-0.3643257213836897,0.40814753342989873,-0.2787519970284021
-0.6321296424969773,0.06365109570646718,0.252327416950059
0.4484456115361279,-0.11951623270317008,-0.1393676575716704
0.13107543439516306,-0.044611818102126416,-0.11727220474283301
0.3302254471898317,0.598057729333756,-0.3051696066733387
0.45672736340053477,-0.07838511495166689,-0.30289106643776437
-0.5520825537169572,0.12025652115433237,0.17535555990624296
-0.5540858911420934,0.012694660046890464,-0.21894416259444138
-0.13847881964400144,-0.18884878948442518,0.08772543613739674
0.2636458409955952,-0.5329488184975304,0.2613669270592287
-0.3662392424380331,-0.2541025905442027,-0.10456340866439669
-0.5148320472945487,-0.3006214237790011,0.10713102457210397
0.18390185528525094,-0.5369072329739966,-0.1747195757736505
-0.3911070375900732,0.3802257169103073,-0.41282838284682666
0.38081158233179335,0.500904206824955,0.033565319338961175
0.4304888056705741,0.9106632430290277,-0.3888166518590356
-0.28945840948125323,0.6315296614885458,0.406707475446751
0.16647554490147112,-0.184324164913704,0.1684818426030934
-0.04972045706332828,0.6682248788821361,-0.06892827693201836
-0.012630122682627155,0.2362825397843452,-0.1907628365233332
0.36254491284740975,-0.05234875364982847,0.663992931439515
0.41398894092727134,-0.46230106872665877,-0.16740913397988955
-0.24614064859867157,0.45002479078128144,-0.36460852770551816
-0.11158663469590313,-0.1957977546063004,0.8755073278374997
0.6676414982192367,0.35079332807851726,-1.2082351643947962
-0.3458476403724877,-0.4072644082953078,0.04551835745195461
-0.8021669500855152,0.469642594151388,0.11644232410218525
0.30619396365131735,-0.0352806373354925,-0.49362788867104823
-0.9501118871924172,-0.5583180108517971,0.6421773661979966
-0.33074271597717037,0.41379302319806377,0.0545555599519825
0.11495830488069024,0.13228301191207148,0.008138289676916433
-0.0795776357331964,0.3736089348702274,0.035613625511884
-0.15519549677915428,-0.4720702070735182,0.06502243351253113
0.6539292147348069,0.006736532801794953,-0.01623406763421026
0.04442819444790852,0.49501789148129655,-0.08571806870675196
-0.6004998578957919,0.870447340443572,-0.03214674177322821
0.2886196034251387,0.4111783556198404,0.43338436683478254
0.16184147662557163,0.09926519795281151,0.009886086795400206
0.11387102468560534,-0.20862689982281368,0.42431368965683824
-0.016924816591020464,-0.8160069097169201,-0.3150302626526007
-0.07389364414363633,0.28165232932355927,0.29555777490944796
-1.0696115041967096,-0.3764047076173721,-0.20200997946536203
-0.2970878743262409,0.9324964935979448,-0.9689011756519408
-0.157983924170788,-0.025525857906550153,-0.22888965678114276
-0.26608460618502094,0.27961369610764286,0.05361467510613424
-0.8511622117916428,0.3494418734514919,-0.7622423799508824
-0.728815288636858,-0.47964931966068697,0.510422527105631
0.39667176075937943,0.9550278826808727,0.28847364564727085
-1.4474598296997017,-0.1729193151493857,-0.19028583931124937
-0.4796357826430572,-0.5988044178029138,-1.4932948258469148
0.32630028377589115,0.31270371310607276,0.4226651087201365
-0.6433318910279816,-0.02954065929854426,0.10581425640322481
-0.35568550141325855,0.7565754334907413,-0.9869490891409997
-0.23514837771179947,1.1377574458965405,0.33759491414087084
1.2553803149108074,-0.061396718527745975,0.030408824957116734
0.7298452321967643,0.33946040309132375,0.3749166257425334
0.37035304709829064,0.05196021359188269,-0.8224052965256704
-0.0471026996773698,-2.106749720140345,1.137586539221801
-0.9797940912774721,-0.4584850447041994,-1.0344943356863676
0.7770504592622293,-0.5289391497210314,-0.528569419797231
0.5142084418399564,0.6644039665124445,0.6030091108271567
0.5972158438812412,0.5220955021131363,0.8262379881287141
0.05374808576914945,-0.31310660448104555,-0.05561284042805004
-0.08810224227964354,-0.5018806988479212,1.7661839010804339
-0.41692402904210385,0.11277265498916822,-0.1889921294012289
-0.3211394398344292,-0.1756507190271011,-0.31939453914417154
0.5369029781444309,-0.04647072968921436,0.04203256505598608
0.3375305208089795,-0.7072424345937153,0.1664213997856095
0.7115717583217619,-0.4279403111199363,-0.8278088016595617
-1.4913414806795735,1.539411539763058,-1.6375416395044178
0.797452439563248,-0.2768309618121778,0.2452752747364853
1.5042585432319682,0.7499548926078577,-1.3035538848093906
-0.9536641152924293,-0.9322075503578791,-0.2096725683522154
-0.1956974457404253,-0.5943644016639252,-0.5469335162061808
-1.2211855120370008,0.1998998003154386,1.3103724799416876
-1.3418792491033358,-0.5562444913722139,0.9907757906206974
0.24535781318799343,0.9393965881940172,0.6598430533789097
0.8027657424875192,-0.5787391860843534,0.5796133832030791
0.13667434293916642,0.44551035153464524,1.537572931678945
0.1571780784659769,0.9245509850302895,0.6173365727381951
-1.0208284421029907,-0.6295965653514084,0.3220819946195901
-0.0740978752320982,-1.0019342241975884,1.7929280967759336
0.3109245916509108,-1.002175756281184,1.02050460765125
