0,1,2
-0.5117637865769127,0.8988112009854384,-0.7568282564105828
0.5885831787051471,0.883583153976787,-1.6828273377039464
1.174198752156549,-0.5039955772746826,0.3339593622708506
0.04808139482650503,0.4232002940854151,0.27597861935998275
-0.9550288221231654,0.1998487542256584,-1.4542173902355184
-0.5157740384996632,0.2132774032378686,0.0522911792748561
-0.4155013431977897,0.0209088531605891,-1.0981168300010924
-0.3563305794962605,-0.564271263763737,0.4534235770760283
1.0896773018362274,-0.948925457008856,1.3380529680683662
-0.0485922408833892,-0.3612522232688069,-0.5002038094486579
-0.06599475489746748,1.1387225169003024,-0.13075083613162297
1.0952533944828449,-0.7939470778667632,0.0047903607460917375
-0.9537304569267611,0.9692913563553297,-1.1235649487831223
1.0444853547468416,-0.11118059161068668,-0.5399083318942125
-0.4626607663843425,-0.06065910597665841,-0.40263276555957117
-0.4910691410197353,0.4490477492075405,-1.132283526685356
0.3374270170926126,0.5488435044022894,-0.3325424300363967
1.2518045463479106,1.0080180992353258,0.9477435122484652
0.4036105214695502,-0.1639653682896107,1.1392968951848867
0.4036526490651187,0.6414534374952544,0.5688882424311031
0.5533171325634497,-0.1712191360457442,0.038941155620817444
0.17481772738276558,0.3367677983910885,1.240904735792392
-0.40918535532996914,0.07567520926895027,1.0482206990642469
-0.03698113770354364,-0.11930441004105272,-0.1064409981543641
0.25113460850941016,0.024259789490458428,-0.064432975393795
-0.2880073791348204,-0.3276372660220662,0.14292562782065527
0.41399207664540366,-0.22890900643268686,-0.5072427626079103
0.33937939688891683,0.1112891152820733,-0.24060110345712926
-0.8057622978568967,0.2296258904480413,-0.10638334078589193
-0.21666529681842495,-0.22085405433146715,-0.03131019184598663
0.7011340199102747,0.1575063763740464,-0.36665242785677743
0.6031769453193628,0.5505501871208246,-0.2534348782225747
0.298660832959076,0.049957725195487884,0.5751617438836689
-0.22418147333956723,0.2241193745027705,0.30294853193506666
-0.08071482836086816,-0.09707126212500011,-0.09864349572403136
-0.1346346901449174,0.008967504237461552,0.8031788574147485
-0.9850408352478229,0.3393963652618459,-0.5750743984215045
0.1572219398689479,-0.6076611660477563,0.7730261604774165
-0.7065132553269408,-0.7415469240667893,0.6336051043061297
1.7104492817619894,-0.0589852297191862,-0.3059053805207994
-2.3150387210252616,-0.0156718983283929,-0.3853502650661594
0.31424381340210894,-0.11342942815400003,1.013865012688824
0.4713759290221452,-0.26935134073913963,0.1746644633241601
-0.5818884554482512,0.14493359304537723,-0.24734478168111063
-0.13133002068286284,0.6368404757335567,0.04557323621995675
0.5817445265409147,-0.038982176078644216,1.2378107657573783
0.3755960163688251,0.3747203213114814,0.20403536643654782
0.1685512095768933,0.02937330757436271,-0.5636594654996776
-0.8153746686534694,-0.6806206190139735,0.4143810431352512
-0.3959700405415898,0.5415336166748689,0.22682009514569482
0.21572309762620168,-0.5222327972433445,0.7019772322625195
-1.3304119413296585,-0.4279066597867282,0.26856259479106426
0.036528012492007766,0.6272910066186212,-0.17860241490995088
0.5315394231189464,-0.19577693412851466,0.1580151703720416
0.4104378589193812,-0.39213999373625286,-0.09812740078176782
-0.06088995125863246,-0.7383653144915038,0.6228948339686672
0.3167231904262857,0.14930590138301902,0.47161744915341053
0.5659620753612327,-0.18988982950635505,-0.9205429398646885
-0.7139428892399176,-0.2681600334765936,0.09246720724871431
0.5049156138105086,-0.1331940747785783,0.5071399250130313
-0.06930102101570662,0.738682855223748,0.28245458455166483
-0.6056039672492257,0.7885215301002831,-0.24491946945221554
1.6474684989331456,0.739722699991234,0.4534540391854049
0.3828976081127433,-0.12091504757624681,-1.1275240107359756
-0.1815809849504648,-0.6740257988422638,0.7787358110681696
-0.2673090063618696,0.3136611588378301,-0.07670765423204348
-0.8479724365178543,0.5077606722699468,-0.35889343403977636
0.16855504349412204,0.6754382511225738,-0.33114749744646754
0.23145248794193168,0.0859130360752261,-0.05734673472585418
-0.09015318573101991,-0.7150709229862325,-0.4388883677763004
0.19226919950432775,-0.2899215289194437,-0.026133218645571478
0.6675819766778444,0.29667134255735794,-0.2551296843788728
0.34297622820957685,-0.13835859945319365,0.06427813396314341
0.04122147818002657,-0.2758010889655157,-0.42637289855722854
-0.09117617236631753,-0.14317846095902131,0.660203279445525
-0.07512772217237904,-0.3687767905802267,-0.29774943977379414
-0.1654425090291764,0.006149801311984032,-0.6177021839378365
0.3569916305050992,-0.8012207789118657,-0.6171553348378214
0.4580255554522642,0.9134185769829333,-0.15374843816793177
0.2447177158596193,0.45023588489211025,0.14624231126468273
0.2369045434570599,0.34469410742269596,-0.7519203895203895
0.015018238605258288,-0.5010798984872425,-0.7012771600436898
-0.09272414226092653,-0.5443047269988437,1.473024418788965
0.1302417654791797,-0.1302231279644266,0.36992245517833633
-0.41209256936791683,-0.35875166877626036,-0.2786587903060765
-0.045863520825183954,-0.18520087715961037,-0.5807026672492651
-0.7384030470047913,0.508179086698688,-0.32837013692576267
-0.5276233804833952,0.13166868081740452,-0.14078362059628996
-0.20740445642839797,0.5859081079511969,-0.3720070950418213
-0.7548049285919741,-0.8318600817463441,3.2678486208706947
-0.4269367332074705,-0.437122566215274,-1.2126675298467944
2.46828597920744,-1.1800814544261895,0.5128290164199074
-1.3719224671234638,0.01381719526186942,-0.45376774677626514
-0.1454110327229032,0.33921830481046367,-0.23451218248007386
-0.2588193386972899,0.13962197189195896,0.4568282682460157
0.8831060814329149,0.12422825070628382,0.7135627148048664
0.04361538835756801,0.024470889367741618,0.22118649579958055
0.684495470902177,0.42372592401727543,-0.24196893373622708
0.3751221060951142,0.2317624556323705,0.181166559591193
0.050896352338089784,-0.08279079876058931,0.048304714596701104
-0.18822285771556024,0.482787808948727,0.12502061195883588
0.18952808465662502,0.3707774746585719,0.489834054051184
0.5069117582528857,0.9544265733532997,-0.4632849643951037
0.0250448677705519,0.30923211295265096,-0.21536998849702502
0.4462706584436208,-0.9670976806564938,0.23984717275029946
-0.42989692121605716,-0.2634911202905891,-1.3623477751579647
-0.006811263402761683,0.19157722225264426,0.6670685662494446
-0.8116106300986281,0.4645912973318818,0.6006290937106303
0.14813324204993483,0.3955733453396611,0.6887638832519535
0.11092357486286533,0.49809588170875646,0.7858974985405741
-0.5454591195364151,-0.27690255639290884,0.25537098698314914
-0.29362480488648235,-0.47666695881731685,-0.5505748879162218
-0.412663063381548,-0.2407534143215357,-0.005413571345827345
-0.3841816858750081,-0.3846468279449045,0.24470263027435746
-0.6878122293025867,-0.25192961753058957,0.41388293879655647
0.0541105351817861,-0.11786754736087945,-0.10195679410756223
0.39410676531143823,0.6201901410572677,-0.7094624906066214
-0.5389383302050033,-0.18039639720377354,-1.1930812230365146
-0.4387070186175815,-0.5247333390900066,-0.0514621416174817
-1.1900444095638965,0.2139711757070643,0.4551973268819755
-0.08814107059627119,-0.04546302599108329,-0.42714826452631427
0.456707049706782,0.08766197614101212,0.6279203511094977
-0.055917893608668556,0.29094710550229663,0.047500048214275524
-0.043923977143665804,-0.568086616523748,-0.4532274354446114
0.560569068338664,-0.9399791125706656,0.4075239861953953
-0.6857860492686901,0.16162911988640213,-0.4966063155649166
0.28356676635798717,0.12502905318878776,-0.4397053774121935
0.12520118246735412,-0.4454151602072936,0.1519402757721041
-0.10153973866406116,0.5985145632824166,-1.0960118916986559
-0.22628966340642226,-0.05427784395402596,-0.6306842935429284
0.18820101785432503,0.43356232792140803,0.4062505779311218
0.08588564590489856,-0.40607258270933144,0.2234327703074016
0.20032460838626898,-0.7332552677565553,-0.14495046195846084
0.45293501591471175,-0.8045841473652031,0.16782234774060908
-0.32236743178370636,0.4167933290454673,0.13491254397103705
0.087896939536506,-0.4912724502417152,0.049122043219510636
-0.20822172157841606,-0.8114005189696737,0.16251496741329333
-0.23011855151826752,0.33276554832747046,-0.11121638955848148
0.024936135385952074,0.24164826446092558,-0.010896799283252587
0.35915233238715194,0.1571538546913288,0.44562223293989817
-0.40039074563966726,-0.283794202606493,0.7394157865916297
-0.20655288527919208,0.17774507962661865,0.28325083487493463
-0.682328019007111,0.6383513137452662,0.20926522676804454
-0.23508885157839562,0.6061032462659308,0.1427850328838684
0.08481265896853996,-0.7038774042757079,-0.25320677404600855
-0.343521910086242,0.3637638363107955,0.03032218951227835
-0.30383163389299256,-0.2723967211327046,-0.09789144447806625
-0.1927443542921669,0.36166830822096313,-0.7605713326969762
-0.10389500551503622,0.04810742484142326,-0.2475578568301803
0.028268734937218078,1.8650041760292753,0.5501758716610023
-0.6446387183003662,-0.8707917061148789,-0.6034871664359076
0.7567482321612745,0.9996901602079913,-0.03882187559404408
-0.3863179804470223,0.5003609596687444,-0.16912859892438967
-0.7235037423074179,0.41721899433669035,-0.23214302337019443
0.06839535732187607,-0.00442225464561774,-0.39545965881165807
-0.01979588650860662,-0.03223181624057381,0.4417809418823458
0.34105159317068245,-0.24099366639476397,-0.0010637441246353074
0.5467245793162894,-0.29149013829005666,-0.01660543878516546
0.09567474237243753,-0.07810844447706453,-0.6068603139784398
0.10949546813829364,0.1406156696513947,-0.14104191690728007
-0.21366466092160188,0.16709386061999265,-0.7790862531319191
-0.145080283611648,0.9871637854433905,0.037032196705311854
0.29361299609796837,-0.5314389236789387,-0.5845085205965783
-0.41300664523617003,0.618944932772435,-0.6432459132370916
0.23140713159917806,0.6264304952525696,0.058625831753055496
0.12759606966654488,1.1001556800752461,0.4290814711106783
-0.00543208431106669,0.18756250369728716,-0.42127692501345454
-1.279550553640755,-0.9905088629278853,-0.8156253268503265
-0.8532435147695441,0.917615327990017,-0.4646661064294928
0.018689692902545713,0.696732153942876,-0.7317638285656524
-0.6576718345078396,-0.4337795900243697,0.34399958976208134
-0.07720464001267324,-0.2870878466497945,0.20984243304164119
0.6018491368182262,-0.143347976432449,-0.006115310772955462
0.46466844347245106,0.6498922917454519,-0.14219266625446797
0.1047423733519458,-0.4653359816718103,-0.2082826494371061
-0.44648277042832807,-0.24943458869348814,0.383012511516004
0.1806187607975639,-0.38147548530694875,0.16349726114484467
0.9978998967990921,0.5343713358272041,0.2646290341586268
-0.05336716179015462,0.22405258508556392,-0.03207193353503135
-0.5574159822294846,0.093125542712795,-0.1213206252226895
-1.1461889041096462,0.45817157422394084,-1.4027547889357563
-0.06233414971369866,-0.08331580793611645,0.9614604180332559
-0.7599052699250547,0.2608691231752344,0.5611197067305129
-0.08331015964068855,0.3522903792697291,0.0009508018059743439
0.14338726584215378,0.08472582891758738,-0.94837514316783
0.40092104933480377,0.11028870042396574,-0.09432038371455359
0.4669033188048657,0.027034408660600313,0.5199027743833757
0.1315372198605378,0.07251841720957433,-0.12342204365248285
0.44810537788342114,0.19118759084456155,0.6077263412177731
0.3924624112392248,-0.007828361645622206,0.8713792650976783
-0.07785993843579775,-0.27495290632183556,0.18384887499127697
0.12421342609568865,-0.023041386628756443,0.1015925470369269
-0.26083356790971873,-0.5430184109915952,-0.6005545142552104
0.3408183587580125,-0.03553509151387406,0.11656935396014508
-0.8787352530947424,0.5149218155168379,0.5687544766629546
-0.1302612980043394,0.24442180610574193,-0.130806201250975
-0.27103488565907913,0.016902757904665642,0.11327322271640211
-0.14103560472892085,-0.4032733717666147,-0.6432946097787111
0.2374931959624845,0.8061174038378293,-0.8216718769881722
-0.28712605529116997,-0.5555640739308486,-0.14226886171201225
-0.767392886787148,0.5272423551700196,-0.10983182130408568
0.38322284169203985,0.2438751481695266,-0.5617489190480683
-0.407173711096954,-0.15495572596739174,1.1984037223196073
-0.013946788719704478,0.18415285063736808,-0.33777727087169834
-0.4511812183154677,-0.2515861369189659,-0.6342848144872456
0.0834558028743867,0.014042358369784375,0.6599918221810415
0.5534861761518914,0.5571698871021105,-0.5197168360122917
0.09090045572298944,-0.4119169066906336,0.1882490998245594
0.0027387706974556503,-0.1790422525754248,-1.017977825403002
-0.6562851461814299,-0.10482964331658237,-0.3209235115763198
0.019397028219633294,0.16400911363206372,0.8275943787085969
-0.5001183484283748,-0.6068661682361316,0.530610151096097
0.586978206568857,0.6488660961067929,0.007036984326833286
-0.008182954835875056,-0.07361085641556525,-0.04061690011211494
0.03798817461949927,-0.8775590715274803,0.38126994204722264
-0.1664208376554174,-0.34455736511126206,-0.25116898672947346
0.800616527605664,0.8765965897278091,0.4667716630965519
-0.19722565389609598,0.4602060006927461,-0.4195158410773815
0.4029649944862187,-0.29515582527527273,0.4910100512516703
0.22168075996234154,0.5890794198954863,-0.32811968876220826
-0.7823167941544812,0.7330569845570086,0.18395822354716174
0.1552189732964951,0.017330656467084482,-0.6938907504836327
-0.20206948535737895,-0.02028060643879305,0.6578157391566933
0.21719651476560714,-0.04688483697933317,0.7749155832485581
-0.4970803892551755,-0.6721996475650271,-0.15428353280387347
-0.39119306682361904,-0.1403241162732022,-0.3521645135875118
0.07453775682320216,0.8264641320794912,-0.40572523014075207
-0.14868978614313938,-0.20382400609559617,-0.45738066101742114
-0.07988858481539521,0.22441822287194796,-0.07459205501507492
0.4777223528897696,0.08443212768030917,-0.3747051335649335
0.19060380259774368,0.5762245792345481,-0.010385724354554954
-0.2681578242692668,0.8857825888684369,0.11284974406206985
-0.08459141819239355,-0.1110219695960504,0.1085761457990149
-0.7344581901312011,-0.13137621092814206,-0.3344824009986074
1.0589561329631372,-0.1586157652647263,0.48784238289834947
-0.4363722526197219,0.22691876442944248,0.11083938626280262
0.12993875478123734,0.422058286293186,-0.41746146539666923
-0.06886229304498676,-0.24145642318908567,0.06883116297324608
0.7795037021040332,0.8880250170561597,-0.3582871441539929
-0.6414148143108747,0.26664663764555996,0.24618822604701907
-0.47871333634152596,0.34703439296929517,-0.1634081202567306
0.036392890488860526,-0.650212736799475,0.0905493131659045
-0.44754494405224415,0.04119313521522365,-0.763687704572939
-0.4195008377716103,0.18019365796087078,0.24625163914311368
-0.7962460651552377,-0.25370548960820455,0.5398652190222514
0.41569654125139566,-0.0358682402099155,-0.015337993132677974
0.21069808953201577,0.2816877064361219,0.8283777218389565
-0.04841235294016835,0.0006983967378656475,0.05011392147240515
-0.15889340584112727,0.20981215083905486,0.432214738231586
-0.18071310123687165,-0.5239483819274814,-0.22315846648153698
0.3599719075887957,-0.07599708771326408,-0.09879904338355383
-0.1600147351659954,0.13101527340632174,0.29685338170906683
0.25779863334911063,-0.03917034721206732,-0.13741481831729063
-0.283513387312208,-0.23277103222989592,0.3493158863745982
0.15333742264441014,-0.17878343427099666,0.7249003873211137
-1.1311615683401333,0.12554400607507016,-0.698684392709374
-0.014922517333720658,-0.5545040374122084,0.35675969864750123
-0.940803748624628,-0.2735268140848378,0.30351411025113195
-0.3982308697264865,-0.02398648093840677,0.5753492771276827
0.8029285207432226,-0.16067737998170867,0.04590939924387369
0.4643627898315249,0.3658292002969097,-0.06271226323105727
-0.12008984383236099,0.8110711348684101,-0.58891828707828
0.10341386420189032,-0.5204934746977756,0.5964624580132641
-0.5009894936287305,0.05917712112717735,0.036756342863210056
-0.023156565886580827,0.3804949891118478,-0.40620449300934175
-0.06534306481533853,-0.44925682630788816,0.8686175976590983
-0.645704352069239,0.7884802080937143,-0.5150554871196822
0.055127167130164856,0.7171920394675686,-0.24335946646771514
0.15388015288485452,0.6485656160360366,-0.44935651992308007
0.3759312364830803,0.20516246070595062,-0.04141950041506316
0.3459487204890814,-0.4046754129001167,-0.9124220718908244
0.8800729718024752,-0.025807560545148267,-0.344976806602703
-0.17711775093567655,0.2544969138591141,-0.4361938325452288
0.0028288012411575303,0.4291697596834397,0.5829537458016469
0.527368176774178,0.16556598491790941,0.38842575373983856
0.325939100572595,0.08273945648041592,0.5592713124699006
-0.46625574908646644,-0.04135218122097089,0.010836396330275458
-0.9297817681081911,0.21883887308244943,-0.3068477432399535
0.5790993153170942,0.07298402922787645,0.28997657637735424
0.24442230014899569,0.3823581835188786,-0.43411634624709655
0.02267630330902612,1.1998809796432968,0.14798257542772134
0.5264693753923078,0.04694595296203202,0.44935783004289176
0.7090358313292995,0.2647124147399032,0.8867483053380529
-0.21449954138208413,0.28942548752198677,0.5180791053246505
-0.06569448524367809,-0.01904024292713149,-0.08471388099454996
-0.5914110431919046,-0.3974512635652942,0.2794772273626106
-0.6894334727906304,-0.7868053037745215,-0.1405987357725618
0.01975390200071861,0.19539545728349553,0.8457408968221243
-0.2615687020826425,0.10570003629053237,0.48507329656926557
-0.13967606170599817,0.2994186334150726,-0.22846966918440345
0.4906202054225755,-0.45559813652530684,0.290764354374512
-0.20353372754983862,-0.4610495657624371,0.11400247084034265
0.3222616769108945,0.21882035729328733,-0.23773889389816713
0.6374476726306175,-0.9466012433701997,-0.29485495181198385
-0.3820510720757744,0.17033164576161047,-0.9610883751763326
1.8731637660332157,-0.602546649527159,0.3289995286543456
-0.09130669235875255,-0.14876104596772066,0.29505875887196015
0.07635383072761603,-0.1782862536542083,-0.7336097432131552
0.4378467096507575,1.4055827447913078,0.2660807449717322
-0.5530724264942757,1.0397195038895266,0.4143211847094704
0.058495896209119116,0.3269107435266936,0.45584428617279565
0.6367060669136297,0.1508460546967181,0.12898179822342742
-1.1236054360615002,0.5335705260585812,-0.5578124478354669
0.29599312079994156,-0.17229741487584896,-0.4442967371695395
0.5930252731713309,0.14972486442686508,0.6313909573206455
-0.11386806769647136,-0.08528505618931963,0.191177946997196
0.3859083146571759,0.022062144690025112,-0.22129888919522084
0.39259501607013675,0.04139274583323441,-0.10402954373416715
0.5315805600058285,-1.0249600672383927,-0.16423310892699142
-0.45129586667189325,0.32956511547130307,-0.25025163778913695
-0.4359783525408598,-0.6805329145295855,-0.00689807355830413
0.5552433053580038,-0.4201387940167959,0.16813687829329263
-1.7173090052648805,-0.4309635517800082,1.2123090405440993
0.32534159167788146,0.1946851404084502,-0.023633824814359328
-0.51165148995674,-0.10045706392455953,-0.4682592580116113
0.38311323642186595,0.6445426892758275,-0.2663890180913329
-0.14804379954360675,-0.5291063696069622,0.07496463304796624
-0.23052159760426733,0.2908424783907738,0.16455871795380564
-0.05592703088927438,0.3010213002597172,0.3801899954595015
0.1026732715279706,0.15833699729180717,-0.012896209893162758
-0.3103980713850706,0.6339060590026409,-0.19294716477969798
0.07231967107132467,0.38201927361100574,-0.8867370367046954
-0.13316981330985878,-0.3845806907253554,0.43493719034548756
-0.2438046386312227,-0.39832139147143647,0.8119779699421463
0.3806341231468904,-1.0041933729580703,0.03324906530152838
-0.8834650884020305,-0.21917714035125252,-0.30160133154843183
0.539129637534147,0.12382643360201379,-0.13151295238631827
-0.00045422444142861895,0.13647056498672067,-0.801407269100309
0.33748522442798695,0.7573927406791912,0.14465566006650288
-0.7324971857926657,0.5895542323389213,-0.1851345671369881
0.6284548940877818,0.15638765192536713,0.2913499408584342
-0.36511330129539893,0.1686129663272377,0.569186117273534
-0.1549186080248761,-0.1546086420544947,-0.19790394572511721
0.3996469660367955,-0.57648737266435,-0.7284813872712914
-0.06686720174269403,0.8248657313117603,0.4990461562528666
-0.23854934393574295,0.5852468722997195,-0.05224112422968205
-0.12884970518458308,0.2971819030563542,0.42238679366060883
-0.050942541100396116,0.3469965860013504,-0.024866373572366568
1.570919907316209,-0.3749370537213291,0.4406016230527985
-0.5231719246920732,0.40018389346346117,0.6461027325068911
-0.38654457145311105,-0.8638275561262121,-0.20905828208885363
-0.20297684005222444,1.1064270475733409,-0.26253957710508397
-0.5789853170370127,0.24305962044828902,0.15277409015001062
-0.13916896934005957,0.5802230228010623,-0.6704898911563928
0.30769706816125963,0.04005084291631596,0.7750066005876528
-0.3873482309525028,0.40977286890382675,-0.2660151703503113
0.24040529118420179,-0.69005068951825,-0.24209039531091353
-0.011657092843252392,0.17103285595289022,0.2662111680038852
-0.31802964659555316,0.9046462203396125,2.292546522331739
-1.1666484904717072,-1.0768291649592903,-0.9639224803787438
-0.5305819538232532,0.9204124348062483,0.021618746752558066
-0.024871224929996973,0.1358845168076866,-0.36591218756870697
-0.07048227354532641,5.666767339295581e-05,-0.32857995678683594
-0.01941894074348971,-0.1563778637316027,0.26186146457411785
0.14646510909918298,-0.47063627838700384,0.44175439545077805
0.3956488274857271,0.23820437795575938,-0.09549445000771103
0.059224824198479145,0.5772834158136371,-0.48041342306948054
-0.317954034038358,0.23796154508849543,-0.5541495640324581
0.11731413493353327,-0.08237531149384922,-0.6289134851472464
-0.04440117164109505,0.08983096753748782,0.7394600095832905
0.23400611536852853,-0.8401046809070523,0.22685607175010822
-0.12031008359623147,-0.39066365957064886,-0.3575503861683037
0.46608240946783086,0.13237293934968555,0.16435969699575625
-0.05483482258865273,0.002259485464788581,-0.6522411232194802
0.37331704087404466,0.4483474004472009,-0.22161919847740397
0.21177519143278162,-0.8834426397062551,-0.20177127669631667
0.38145483296287824,0.0020087964317501983,0.16519115921735827
-0.14685061076774286,0.2117727783476275,0.3602344303054459
-0.13302725353027328,-0.806536203064756,0.5349030649679116
0.40709002736798805,0.45631787776517374,-0.6320177283573327
-0.39293286988070886,-0.38425067959056375,-0.470559614676825
0.9837371955795938,0.7088316782672375,-0.15861826963322373
-1.0084850165295007,-0.03921702192718138,0.2005077477849968
0.8338570150209627,0.013548671954235876,0.05744565623609556
-0.4025564654481428,-0.46729130760343374,0.5689090891493832
0.8599215211364484,-0.06161017108041993,-1.2083147831668222
0.2130297816810095,0.7649717413288172,0.32180630606202576
0.5103028571804225,-0.5300108484087953,0.2984099677147576
-0.06534963056431314,0.012415015815700314,0.3878832408552353
-0.05048579569118743,0.4166964610817473,0.5258393139736942
-0.7336916056090499,-0.33012503581747493,-0.1852858077389291
-0.07417088860544344,0.6270193781264846,0.204606781805351
-0.5456315437703604,0.2990528890228811,0.03403084518087442
0.3866083917501406,0.15568366342375017,-0.5379194486147797
-0.4140051713727679,-0.14961167170799203,0.3915963336303217
0.6876038408021266,0.2522552349897923,-0.6949722418172297
0.7106751372449095,0.10623747991717652,-0.33778855392640056
0.5505447481619978,-0.6507367763019088,-0.4444293550542634
0.15147699098709588,-0.5342754788412724,0.6138538190215022
0.4042033117236072,0.3782237603069718,-0.36328143315925365
0.26260570313465087,-0.5748918950629704,0.3258166453824003
-0.903264665831566,-0.021939724051997095,-0.00989801947221236
-0.3154183938663672,0.41143708420352554,0.15256798817806838
-0.26113363198481937,0.2925121093505466,-0.3675848081662733
-0.49620232379335455,-0.21853743638461437,-0.11372257385410779
-0.33351188105733554,0.58439509430069,-0.39147754192647416
0.28034578422466044,-0.4641688706069068,0.25797061176132086
-0.0630495247981736,0.04513163412923271,-0.3752995776853974
-1.1482139995780078,1.185096606385466,-1.2068692219132375
0.08651140736033297,-0.2480969606684869,-0.01782665049609771
-0.21853710289850908,0.24440472124931262,-0.4949821755176617
0.6066756601970655,0.865226160243246,1.1118382056547946
-1.0417216063971,0.46068246589744843,-0.044689846449934234
0.12663647722279678,-0.4097955468405763,0.40420096162495056
0.4068503816246253,-0.09177374002005445,-0.2083723632642509
0.5243655913334111,0.07158157990176574,0.3845202105892509
0.6226073390549447,-0.317641605072346,0.12065442175999558
0.618361079633296,0.08544985655200843,-0.6339970586769452
-0.3509572159874351,-0.4787896967213302,-0.6457086291747143
0.7147115791216794,-0.20875518483967204,0.10754510661456369
0.6396259092627895,-0.14380038069313758,0.428669590009076
0.019244329547058514,0.1443485047579095,-0.16242863656525686
0.6914062235638493,0.2941784885389396,-0.7926769479980564
0.5662765228904105,0.604907358972169,-0.128055471137157
0.21289125778567372,0.6617236850017807,0.07492525495298274
-0.9486383190539782,0.2591929147715482,-0.1363572284187189
0.4425220377405954,0.4058145725230538,0.4881436641030607
-0.259424034723296,-0.28079629128454375,-0.3494640642951795
0.04674278248648378,0.6930882554470403,-0.03708287143688857
0.2808389227093768,0.34489405837764564,0.007532273866716649
0.33353943455379365,0.19490058607082092,-0.2044839782176463
-0.23362614139139345,0.45976038768102556,-0.41431135022664667
-0.4187166252529418,-0.18393010361003614,0.3900430619336394
0.5171347615995454,0.026273564043886533,0.24856098380958103
0.5093536123877163,0.4951174821285732,1.976504299375761
-1.0034450183852361,0.7101563914092826,1.04801428746178
-0.18604054766410255,-0.17302764280809285,-0.6648639877014991
0.12044629965334623,0.35746471116686307,0.7653908734329071
0.1788505027520595,0.27180169668218407,0.5159051654641422
-0.09378627913775905,-0.5100507081423101,0.07397491894798253
0.12388357887201265,-0.2732351161942045,0.4521793600482744
0.4544657555757087,0.7474758481391319,-1.0064519609344873
-0.07020263682940883,-0.13334321799801513,-0.4681631752845573
0.2605780901042387,0.4884831203009583,0.02609056467260089
0.1933606421965796,-0.003252672265973651,0.0749668869435152
0.0777415937318681,-0.5453748538314398,0.25799677456414966
0.02964597377128448,-0.23203759466458546,1.0122082439621543
-0.06702566862641557,-0.16832665141754227,0.44335873934920345
-0.31187085644890034,1.0399203098121332,0.054733971163583806
-0.7985482173629799,0.10115266683895671,0.12629343217198793
0.03250361512272183,-0.05057338295484985,0.12820179618516558
0.8456970419509278,-0.5376996176038611,-0.24727150864590886
-0.4308428411011079,0.35956716705371006,-0.2511426139604531
-0.2711264786150664,-0.3058073376361632,-0.4150503642218027
-0.22652830134307486,-0.0864406373677232,0.40674188019601865
-0.1717907296206515,0.38493252586258286,0.1660686503266835
-0.27339672836708007,0.013143916435399479,0.3582874778203612
-0.3968056458315838,0.2505855239968877,-0.20352916536419774
0.07002392987406622,0.12318284342419494,-0.3912950392727637
0.3450378592733741,0.40790422883567296,0.5900854321105458
0.7678117811922435,0.004529813621671541,0.6715828958996919
-0.7561112880952585,-0.1058707616684375,0.3204218725130761
0.0885789481875941,0.04215054553874065,0.8255567390372294
-0.12191644797668302,-0.06482261356077637,-0.8418737746089789
-0.3420380402151451,-0.5067417527943046,0.007890997367731172
-0.2621350096341598,-0.21417295709764164,1.7074551382549576
-0.4386557107697398,0.06592373225062559,0.042885478792449486
-0.29793633033816663,-0.5495702505950463,0.4916686237217752
-0.101886178602677,0.3557870652418652,0.8224241309661631
0.24931898079925746,0.15965350451974047,0.34417354756769086
-0.22687732745783445,-0.6052581092404591,-0.2060522971665249
0.5088328651822448,0.03353237916432365,-0.026234276734612372
0.3174604718495979,0.7455836436951238,-0.17719601570025376
-0.20665062265251133,-0.430903331983945,-0.39130714682604995
-1.3482566534242284,0.8422280027493775,-0.12160404287874343
0.4941474955992919,-0.05989592747250408,-0.18331302956936185
0.547212401367971,0.20488496085106647,-0.6466686127679953
0.13367395720613687,-0.08377476420924856,0.45907141669180607
-0.007426786760766413,0.05698823947799658,-0.4456353457996304
0.12649785587125556,-0.41526097264775924,0.7396898795194635
-0.2586277175048071,0.14548355007514724,0.7932075485531319
-0.5229345606738948,0.00763990247896168,-0.012415062811386546
-0.689914922624341,0.6551866219006784,-0.23909232687845233
-1.1987944626032951,0.6319973068790882,-0.3475444900291243
0.8696603842881796,0.35095222097993856,0.20593536549711433
0.47637417685750444,0.2115876670247494,-0.38134695656100254
-0.23936538296449664,-0.5473912273261332,-0.0049147137605081714
0.605863249451536,-0.6942592456995011,0.45389533740519883
-0.206870336951819,0.20656622221076626,0.007597916428406931
0.45616755163391537,0.27952773935499253,-0.7729537732116329
-1.1369704833423717,-0.23028123244118315,-0.20839959834082378
-0.061430975117185205,-0.22967825934426758,-0.25815495471649424
-0.16128328289545166,0.7934087574673445,-0.5070496611141111
0.24292929551198889,0.24168909617069362,0.14223900463111427
0.8248028646955122,0.2238906746576806,0.7093702259930095
0.20339662518335141,0.03142439230705707,0.24030919969393877
0.406797632758799,0.48131099364237945,-0.2868764003301031
-0.535179765584041,0.19296387091752276,0.3320491076420929
0.14099188172908003,0.07423211141980886,0.6118880793428727
-0.2406711085627763,0.39224804315637807,-0.016587264482202435
0.37067224417501343,0.28767459807254214,0.073245252207328
0.12655628822575757,0.42094853842560587,0.21944913542601796
-0.2103675524187161,0.7294666951765342,-0.501159411950295
-0.08371533935274922,0.19905949468502324,0.7045928673411355
-0.06748687369214433,0.38307161865643913,0.43873419773420336
0.08326325720335823,-0.05592794738146245,-0.5602939071221325
0.005181752768997405,-0.17720535516113833,-0.35588245240924465
-0.4410694409372188,-0.3688760919206502,-0.6058228687622369
0.20897645327646652,0.30667811544775236,0.20308413320242336
0.17584796494934493,-0.16964831728153407,-0.2577226102657
0.26120592613072563,0.5612979324850063,0.5716765252749081
0.7710152417339048,1.1048899187106591,-0.1983756082320232
-1.225676711435875,-0.45804168214267627,0.07714060658500066
-0.419746219134638,-0.16635358390835842,0.7633669072211141
0.06536356152930409,0.06249255435439037,-0.8653139695952278
0.427646357574852,0.7860374725623971,0.6667839796446098
-0.2624721503401978,-0.6508370758995718,0.14468938260416475
0.8109548243111588,-0.43755332378661277,0.755235587999106
-0.34638955930248255,0.6343081668785148,-0.1298166494993968
0.4335801182590111,0.739134242857163,0.5589325911241781
1.0593335274766091,-0.535788582936016,0.3210706645543541
-0.05431700295875064,0.06342586813570777,0.3041376797120382
0.4334929183278132,0.09968810710921042,0.16093175905734525
-0.1904570753747737,0.021420230481669467,-0.32360272086106223
0.06809073732939921,0.34945137963504747,0.2435865601209761
-0.23188492165895447,-0.07563501202905101,-0.5028558723226593
-0.20589382595803551,-0.23420384668365588,0.054762362340471646
0.3253049102700494,-0.17825142350622644,0.3933518470326496
0.45392664106117087,0.24361634918927816,-0.7112269053649117
-0.18701266838471933,-0.983587577981865,0.40441457429243166
0.6793516435225164,-0.01722244517389769,-0.11826268922534204
0.9332449884738419,0.2107070644190362,-0.2562772725059998
0.05386791286351532,0.5807446339799308,0.27969701920977835
0.440652507021811,0.1530050805796488,0.26514219700012975
-0.45192680312345435,0.2809888869138679,-0.13956325656061733
0.7635867990453552,0.013579172183589644,0.8954777176884353
-0.7856695741340409,0.5320458904274672,-0.5753186525659646
-0.015130661177827964,0.5733392460832815,-0.017123114010819118
0.8901199263338408,-0.015098679778216662,-0.7276934129675589
-0.00998889312607161,0.7604268132881888,-0.00633087833325785
-1.2057728801354477,1.3221854600320837,0.17913937834344434
-0.0638453057659012,-0.46707120603876356,0.11309667307498536
-0.4138518980288982,0.15036124739300066,0.24962174291510014
-0.019786535721024262,0.020067126769306082,0.033929271298977715
-0.07411045837959168,-0.6307154662908913,-0.45015530729151565
-0.1361337195360368,-0.45443436311002233,-0.17865546362057394
-0.5891614476622355,-0.369513904138079,-1.0086950028452173
0.08840754408767824,-0.24023337058306185,-0.5234616363975123
-0.46565153940030635,-0.6440400952261371,-0.2217920729707457
0.16308800113837135,0.41880843655866073,0.11667673797321365
0.17635171797650842,-0.35096055923691305,-0.3712094521379688
-0.2712029155143971,0.4124721596292178,0.04529467355812444
0.012553985618837554,-1.0713812149476607,-0.7824527046558464
0.7568013786333705,-0.49374535417124116,-0.04633983456883174
0.5331157546025301,0.13024298217819177,0.5169932685873669
-0.06895548051459241,-0.6131748111692089,-0.2614378899195914
-0.16917269777263916,-0.16035352174545875,0.36020132311078107
0.35390889862917757,-0.7500822108640264,-0.10960736334468915
-0.21433835465989348,0.26055993633870533,-0.17808258010407604
0.20916501852912597,1.0124484360749637,-0.5617755544030292
-0.6875070568223364,-0.3084003444174734,-0.9850778243654481
-0.2011530938014489,0.0010248329526709732,-0.20232983534472682
-0.7360728046279075,0.2351120193445983,0.21904088734019472
0.8095950212612602,-0.24349469340111013,-0.2892784470134058
0.10324839126154066,-0.226546051666656,0.41108375692865295
0.022888421403849613,0.9527254341303436,-0.765578733550029
1.1175822521073653,0.16065336291711171,-0.6091344751750407
-0.11977069318343525,0.12089154495999777,0.6495389495412737
-0.563564260354308,-0.3243500388836992,-0.13977312030275874
0.10375696263739725,-0.3719312352491889,-0.21663485721644418
-0.3534868133049488,0.4790311246986616,-0.632357327427312
-0.15927612845588718,0.6110805790696747,0.23975860065003948
0.1899946813145244,0.44923630314118734,-0.35661056102469246
0.05110025722099848,0.8999416858637743,-0.35656721249120926
-0.5353069697371194,-0.45573956701875246,0.11534480622316817
0.13993571600989446,-0.7348858616871479,-0.08220921854978806
0.5614605903221801,-1.0886587375027996,-0.004124335103368071
-0.22713191861456447,0.8823709901933687,-0.5368867956529694
-0.04308066601307012,0.23279196750667175,-0.6223670387894832
0.3172273478418388,0.06169682313262179,-0.24711596095844346
0.7296945999445437,-0.274389134241475,-0.1761028563087445
-0.22143095172946092,-0.6438900914898753,-0.18595336079954888
-0.32542995220370463,0.3060130391581721,0.3743367822478438
0.9463574970219203,0.2715487243881456,-0.09410549788672898
0.3427357256871335,-0.19788800238600346,0.5636988078504062
0.2501814117715065,0.036068098740019455,0.028133786019220813
0.10500154774866849,-0.19009776839256906,-0.31545765493260625
-0.6028306047645959,-0.7031549845347471,0.26061934290658584
0.7453885153977842,0.5077449927769543,-0.5580103037442279
-1.450587332913088,-0.3291066259307783,-0.1040979285213427
0.33506821297780237,0.2015495743011307,0.13172144457312923
-0.8698137728743232,0.08336175262896706,0.10699656342899298
-0.4732058279506503,-0.9187564334128995,0.9233783449224836
-0.5643923315477846,-0.03983179973755524,0.45310805201513515
-0.509334136626618,-0.8809886894498147,-1.1409051069859049
-0.1554231799479185,-0.23680977802866526,-0.4334565832872309
-0.07045211080683109,0.08372280968744827,-0.2544533625875802
-0.017434226409208553,-0.06998089007072777,-0.1961243406797295
-0.31973732138446886,0.279766642081794,-0.37921258809705694
-0.38868092168755763,-0.4732117322971755,-0.20942344476657848
0.18579288387810644,-0.1602205333287205,-0.008926514784957068
-0.05720876310052131,0.4118020727009678,-0.9246175778769997
0.6308086235834178,0.2788530378910824,-0.6162782330144922
0.3395508306516798,0.9138560784030523,-0.7992780000148636
0.07301125056577397,-0.3466146500478118,0.45181282643791143
-0.013137788841844203,-0.6823462511666262,-0.7286583923388951
0.22405666806354121,-0.7307774854744423,0.1681144710706843
0.6067479511796418,-0.2744286079598901,-0.727633667037035
-0.47642414298269176,-0.10389358812756133,-0.12098140612384464
-0.20241432655647415,0.2605060070529422,-0.20935662750463258
0.6021163063465962,0.2229244131885737,0.25350823513377
0.14127313011409762,0.6687041720457745,0.6152532437381317
0.2601071319992468,-0.4748637175623043,-0.15068000346266597
-0.10051223052663094,0.6436706187239043,-0.678081583836584
-0.5073325256612943,-0.43311430684858304,0.17838956066662526
0.08072144840583911,-0.1851234131797665,0.1493652742971271
0.30411866823916756,-0.0374625773423999,-0.1058509547394324
0.2935111744251672,-0.4926034861229912,-0.6088061130690365
0.6683839481457389,0.020383083946114648,-0.19542657360902274
0.1456642371992077,-0.1408763406050033,0.15881836121804668
-0.3517877846826972,-0.385835538613034,-0.13027731416594718
-0.04799398923502435,0.3978632683606336,1.1326927509852782
-0.16762692870362966,-0.29307992703459906,0.4378418677551056
0.01136082251166061,0.0035832117960919174,0.17950439748089125
0.2748692261238674,-0.7256745187471003,-0.18471609438774753
0.19761959044127247,0.09719496277263066,0.5291142006347085
0.38461310840872925,-0.26905721519991727,0.08997316969681268
-0.8939328367770717,0.12045199962830548,0.07207204240679171
1.0982519860266229,-1.6126331024825762,-0.6141065695725664
0.08176490400492628,0.09900082272566837,0.23694990447622488
-0.2831912336144587,-0.07840727378145379,-0.043386297034010896
-0.296255414194603,0.4514732093867587,0.258761264694678
0.4165162578424707,0.3993934454101149,0.5874553314040032
-0.24714543803391992,0.4131216695225379,-0.5566881289504338
0.14186572686162596,-0.970586442379667,0.73785027874401
0.347817694243732,0.4797866750331455,-0.739268641325977
-0.1765360969473147,1.8249096483644016,-0.6241554707764972
-0.24031242562968969,0.32440784626461144,-0.9895409490419932
-0.5780340503050334,0.26341408212449063,-0.30735817248647496
0.7333898080383177,-0.46151960324471575,-0.35326224271587514
0.19102979399104703,-0.5843821731772009,0.0708281684507559
0.3506313935551818,0.006506187860197037,-0.03287218503417476
-0.3577159676478523,-0.1605505863466536,-0.13079775082992823
-0.5754489679867876,-0.09762994632566102,-0.7603068026909152
-0.3882302758569394,-0.13694973421225332,-0.04345972290806854
0.7033427463417388,-0.18665980353975753,0.04618550641221926
-1.2326945042219144,-0.0004646835993551701,-0.5307318294124618
-0.6642263693267293,-0.23631605918851636,-0.14659020183254057
-0.35696024368980594,0.06431587213996065,-0.3525624631893842
0.19163561909208393,0.6874128661121099,0.8687992556122173
-0.30230546513195905,0.41637284356847204,-0.21054114075409822
-0.30028158121009496,0.08171226621417095,-0.17916795537615932
-0.34943763583875187,-0.2078112710012937,-0.3054975412172729
0.19029008203832032,-0.016290901313555504,0.06123211493350711
0.38747693393314864,0.24784389264142065,0.13249539225430318
-0.19094380671143776,-0.1371676830431658,0.3055996584813508
-0.20548428565016622,0.0115744715641647,-0.7383027158129463
-0.2177437066227275,0.8955356130648306,-0.36501901350692784
0.31003957759724565,-0.26334197843525964,0.45969369200417937
-0.018192871107122394,0.03571562886326046,-0.34306910362405985
-0.412682409304748,0.384237671081783,0.21269844152069278
-0.06038940944422318,0.48929172848979513,0.20352106234079342
-0.34221572148628215,-0.6148512698971764,0.5716795426216676
-0.029211857793430607,-0.9010774873558458,0.1412106269732058
0.2134636775574465,0.2996566928329431,-0.5477566745923813
-0.10816131627277639,-0.14662876005786935,-0.5498032597967495
0.8293684811411117,0.9335864026704133,-0.6011428281667772
0.6902193975223964,-0.44948106518396885,0.6292360318303121
0.9281661767680351,-0.3044376182337988,-0.6321695182364079
-0.5335078325138765,0.5439946365397775,-0.036847121985265296
0.1022378007006356,0.056122013067509746,0.011647821218595117
-0.3712333735641976,0.49172739464678233,0.2245325288353894
0.1913811296155698,0.1607572993623075,-0.17488342121985467
-0.7544823676004198,-0.02129595661795401,0.09818257441232162
0.08706865905270386,0.32319649139786805,-0.23084066930949676
-0.12865309082225823,0.10753858098846647,-0.01016055070983625
0.14283523800593634,0.3345818698532218,-0.08200124296733195
-0.09918489864929908,-0.37221057589735757,-0.41721174307925124
0.19432705815838136,0.00663007157333706,0.472694392281403
-0.2221719974014138,1.1763652205158115,0.26207465984959655
-0.9223044050472365,-0.445129224556323,0.5044489829694613
-0.2854530680428463,-0.30588016788041417,0.5418031765660849
-0.28105812533005714,0.22241189886279422,-0.21836987290226462
-0.570467463692448,0.38073102265494674,-0.40508239113044286
-0.8548118724365837,-0.10972053110891733,-0.19765657220821697
-0.9814207329759985,-0.8934260702214549,0.1389091322945149
-0.058091804052963186,-0.21998688471218192,0.6688118961787037
0.05922008027598627,0.747419067869239,-0.3642359288626337
0.6704879756964471,0.01976777031253947,-0.024412055097023523
0.4545923504870594,-0.1317752121658444,-0.18738087153618854
0.7690818680327096,0.1000263638061426,-0.4086929922547301
-0.02697792298780409,-0.07454169632901454,-0.06689611552039808
-0.1473137826908166,0.5336023531098913,0.1381647807693489
-0.1538346446578384,0.4642021668471856,0.5500146787244418
0.6986817549648394,-0.16132812094812804,0.6725098702362424
-0.38616070876872943,-0.1515870331460008,-0.4273500490094686
0.3844503586580136,0.08757403698687555,0.33226854717792786
0.9440159864851689,-0.3433126838542181,0.3474930977613682
-0.7372330785476542,-0.11945332321533636,-0.11813336812460476
-0.15410355387043195,0.2767721097047634,-0.41784600017552015
0.05971581234364558,0.27188263108541766,-0.031949994398893525
0.17240000972917777,-0.04417642949479541,-0.13493750100000534
0.190273615096849,0.4152985576345746,0.7061721721687999
-0.18513484656423992,0.3933097156425792,-0.4224098197575326
-0.37311627040356954,0.11757751975022013,-0.2043513566430342
0.17739170973166613,-0.08881782247651143,-0.11810358240615582
0.23075908807478598,0.24089381765874743,0.418965934061451
-0.30473359967771096,-1.596353209924159,-0.9301554582141498
0.3709934153766056,0.3274588101588221,-1.647768117534519
-0.39476851391793155,-0.4679669780956472,0.6791947305792926
-0.6465163324800194,-0.254264158012949,-0.27881430618769976
-0.2453971937349007,-0.691308658913241,-0.8868519938033779
0.26632936773809357,-0.16248226833082696,-0.12830343902437574
0.33926634366505526,0.5371514617822006,-0.23654297701155727
0.7164640734026491,-0.6470523853104495,0.18560182277775805
0.2514602204560493,0.2526135905675675,0.11205978838009722
-0.5189752368297476,-1.2402852142620768,-0.5854214486740745
0.32799426960554556,0.600376603135347,-0.36429047441129425
-0.2161361070135588,0.26680285033653206,-0.6164458601953352
0.07938644037174714,0.1156663742244507,0.11659741284741036
0.27427024659453836,0.49339934226732196,0.16143899653562274
-0.31194374081357035,-0.38040272571690403,0.8230124929750628
-0.09203812273712372,-0.7406640869459458,0.17865892821822385
-0.17397469112709907,-0.19962040079855267,-0.29080250488841186
0.5719131984945963,0.2626392122063862,-0.4003275052353438
-0.3447155715094017,-0.46871392529144207,0.02491746802602606
-0.052261671653672265,0.7982406225905301,0.037728546248003814
0.46857770857406567,-0.1657515077769396,0.25772017170713124
-0.2962574640275511,0.6918306941701555,-0.2667612786133434
0.049327413056180436,0.2892260376060267,-0.6971212201753975
-0.03470315831643222,0.5689292131534345,-0.15762507091358463
-0.02758579769290434,-0.09041742526712788,-0.0739692365361514
-0.7547098495626009,-0.061086040133000535,-0.04467523127374806
0.4408997782266347,-0.1467902360217421,-0.5057985347316509
0.03974859429126213,-0.4324598685251241,-0.23991301686438923
0.05294814133840414,-1.2189604464553838,-0.5429305625927887
-0.0021256167475859206,0.5373422680289776,-1.3222764377081186
-0.17602544479323834,-0.35534252622689894,-0.5256628052026922
-0.379332542529382,-0.16469785605865184,0.0340223996877039
0.03847941237998048,-0.5945475704933386,0.2794701799195371
0.3339877545848696,0.3415613714020702,-0.3996898782739906
0.4323876537992845,0.28746602487287315,-0.3241839500623641
0.5815873807359307,0.7844149486054633,-0.4422307465195066
0.2000649220728941,0.03833390987541088,-0.24850321752721832
0.07311136680087191,0.16525172690682527,-0.5928346673315472
-0.559095587792951,-0.36178304835824876,0.20621919389514376
0.4761567725294991,-0.40078310275631807,-0.08917207713463704
-0.40745155655680754,0.3241918029421837,0.061161816703524774
-0.8690564132057914,-1.143330004220245,0.721149874703527
1.3041937277942561,-0.016802860263113402,-0.7015288393771297
0.5767426295728726,-0.12241162847703892,0.34272553070604433
-0.017850914589793432,0.5666962159214236,0.7701609837876217
0.0955118705562533,-0.33826578865703527,-0.16867459870075144
0.5156479089176924,0.2133204593178456,0.5189304748052675
0.23143319937238488,-0.26355224994048243,0.09142880811608953
0.20921332606520082,1.2841038556072855,-0.4090173802758154
0.48832244284248705,-0.703175241697237,-0.11925796462803062
-0.1737307477030025,0.1879554676401949,0.26629083711766466
-0.8254775873423127,0.09738057906829621,0.30880481238381285
0.9542880077607343,-0.8210187341456436,-0.15195681395199048
-0.28130384212190884,0.06942187360628992,-0.5777550597981613
0.32686409357310164,0.0986386451783764,-0.32903624157717093
0.0032442330880707304,0.28649973728368494,0.5673534104652396
0.3315230729968065,0.013064622651405053,-0.42675353207232747
0.8623632540782489,0.553941290299255,-0.18225161027163697
-0.4952907428145714,-0.04633779573673791,0.41648258277188366
-0.9847864322919684,0.05977426303145301,1.2910758777298055
0.06011701868657307,0.6064338425426816,-0.06587281313524695
0.12639365197273697,-0.2820818455196164,-0.14129433400086738
-0.11814736636772175,-0.19210080721927508,0.3783328241213466
-0.5382776406777257,-0.36424858169607194,-0.7493918086315983
0.05484966423801611,0.06397633375724274,0.35277115740206794
0.8556274034440449,0.1625290208803991,0.25465712055098255
-0.04380178662506906,-0.18616113033924,-0.49497212403645585
0.058396222205764015,-0.18647614014785402,0.1463690680185858
-0.004706264018458806,-0.39947597054663775,-0.7496799173225552
1.0345981088705045,0.2613722286616582,-0.36435223464994104
0.5410713262261722,-0.16464655702492464,0.16784373093342986
0.030058416782424408,0.11620323840636264,-0.5265125450652925
0.24620310614238095,0.31658817612921575,0.230174734344418
-0.05548568407118391,-0.4939486129834807,0.43979481312946517
0.30202664570959786,0.25644290761860544,-0.24771399425919519
-0.13762377282052968,-0.25711087770080365,-0.7039601276301208
-0.153649087870055,0.07590672908564569,0.22484856347791982
0.195582101930805,-0.7820295043861792,-0.8551606405533847
-0.4782678644482875,-0.560496024065522,0.33717309469682677
0.25173678081592565,0.5972010933725824,-0.5777729767865765
-0.13859017555507622,0.07215103638896825,0.10753160638841815
0.7131723728594834,0.6322056109402886,0.02842444886742969
1.0055708033420183,-0.21897565989265483,0.2639308424601843
-0.0928403436758799,-0.20970456918969088,-0.9364521624665174
-0.32348624499815926,0.438331738502857,0.10228650957013873
-0.07562557500939715,0.07091158273416301,-0.23624153517304314
-0.2355438155458797,0.1486941712496364,0.26620755090670745
-0.09266149020763206,0.7974878393775189,-0.4162285903410671
0.3940073192248958,-0.01963029707273653,0.16800829029663072
-0.7124196403489573,-0.8150155915203581,0.10221214108275767
-0.1734915318979544,0.13188293323162423,0.13092193346877096
-0.02370628909401354,0.2698411767161192,-0.7633614231152867
0.5100820545364766,-0.14665081571770314,-0.3750275896697589
-0.19513709859823172,-0.8953399319195104,0.8908083157144061
0.12624332663237492,0.6153422926395169,0.12233479437849056
0.4357120463479899,0.6301319412056601,0.12179382789282588
0.062208449718562764,-0.5468183803822183,0.4790538204122476
0.18975894711072705,-0.47195776772231085,-1.1335465501007325
-0.5976235697312224,0.05106167990903715,0.5697786946775689
0.4805615881374593,0.05205912623925524,-0.6201205341113973
0.4661932292730973,0.46547354467909247,0.22808044808355332
-0.7431460010161337,-0.47465063419689174,0.724883259071986
-0.3911686360167198,0.2825708640885873,0.2139402224759061
0.3233768609469395,0.41339623296195266,-0.8489747283324949
-0.7024299911290987,-0.14428908004702273,0.6309838723665502
-0.43665872045562953,-0.9363721427042226,0.19608460888925322
-0.5302392125398756,-0.2139473505190927,-0.13234710069119826
0.29102706772013287,0.18500179332096506,-0.47319057914132245
0.9094057030057093,-1.0080291690363328,-1.39634258239589
0.2577618217943594,0.13705996692068512,0.6728882911575326
0.12070218036370402,-0.18549214200215722,0.0817827588352868
-0.14959210801503076,0.1424280158259313,0.020693253632652814
-0.1994283134258058,-0.5689052044001196,-0.002061010053380913
0.6896427471537946,-0.26671126152113955,0.3303850207066542
-0.26215345329785483,0.5507620449301652,-0.22458454079746432
1.1001827666347601,-0.17728912039273875,-1.0225642411820595
0.43004781328212305,-0.0035182503034306145,-0.14746126177228325
0.12008009605694046,0.33397364033117904,0.5042644509631524
0.0867426642617356,-0.3264689183749846,0.8893038098024443
0.20014888035192455,0.1334342898987787,0.005132139935493479
0.5126985968782515,-0.7693311840481581,0.07845976365281393
-2.070936781751158,1.7179644224627473,-0.774163934177102
-0.047941443925048594,0.025105637931787078,-0.30230490018848166
0.012295027156983954,0.16598847200666944,0.49265374041010657
0.8177899341644086,0.045455537824063294,0.5168314612588495
0.37685601965137694,-0.799667650655896,0.029820240565033795
0.9200486698174264,0.08207873749738204,-0.4487203110798666
0.638366381807628,-0.16870644151106018,0.5992553515404199
0.11816377777982663,0.545102544330559,0.4646751258770044
0.64125650321347,0.24753394093020922,-0.6818827310273904
-0.5326901912959947,0.07883403426205947,0.5920164854249692
-0.7466128901869827,-0.45609281259816126,0.7522409989563092
0.37209232596798264,-0.15909297713968495,-0.3589077251450677
-0.9787079952300899,-0.47536292428916005,0.02603725943712626
-0.1529901275528483,-0.06118719760998348,-0.4528989299978031
0.10109324098621397,-0.8487891068472904,0.40664969356709724
-0.027232821527100895,0.49260360818717935,-0.6015340859560252
-0.33503297905640655,-0.18133434537953785,-0.003910254627493295
-0.18140670194640088,-0.10038578575772009,-0.07949893700235722
-0.16961725759958135,0.16148408621012142,0.49204570836416445
0.08333980152900292,-0.3265140305387879,-1.1469792768029847
0.5298181604347123,-0.17628742554573656,0.2449250549234529
0.6915392469006215,0.9571822664284585,0.6288369609036155
-0.38372250182309775,0.37410922823255505,0.03757138593560781
0.6196435288881627,0.8042299692339984,-0.0968706930276472
-0.0763036139564853,-0.15014647490850733,0.4088210086685917
0.03387650311599982,0.5608401964770549,0.4559741728436132
-0.3358263905672631,-0.35088097837018273,-0.2654800383384845
0.2932757474410257,0.05108086536460943,0.24351319535677954
0.252363491981102,-0.0039150086216224456,-0.06792471308606737
-0.4362538357339374,0.2895081174923049,-0.033731985011786925
0.5316014756248169,-0.8160474377928102,0.27388839049258384
-0.9606222210819414,-0.7656414863856871,0.6102945197185734
0.7912737752549389,-0.01177244502260899,0.5930975662527899
-0.11395624608337997,0.9759039618711859,0.125356523711643
0.3120815502476136,-0.1071087882193966,-0.4483695768585074
0.9074366348479826,0.5245174230279154,-0.22347384699394368
-0.17484325272145176,0.5392890356129876,-0.33892149960648243
-0.7237530034693012,-0.7172172097296324,1.4845366719124913
-0.04367564747699307,-0.2547835576147687,0.1045191725908294
0.21562012921995438,0.13201982033494097,0.6640807434832808
-0.5158474407070232,0.24832868156955773,0.9073745278151669
0.35617781745444443,-0.30818626209386335,0.06549221520781649
0.6784437471533488,-0.44804606690352544,-0.0820202206744017
-0.4362978628783611,-0.19893478797806685,1.0718576791400947
0.4180138542062631,-0.10418458782593397,0.27474178378337605
-0.21910886516742967,0.294687795471414,0.5296306020988752
-0.4099061669728297,0.5714265508945997,0.005717249079376117
-0.011973514108126748,0.8329649797148497,0.31070016072123124
0.5625904887618526,0.35555321328912237,-0.30549635498389727
0.12011320298660937,0.9686809754618877,0.6200392809264341
-0.15140968168256194,0.5310908273264596,-0.6491529078804891
-0.13678910368584613,0.3323387543764208,0.10643342124651667
0.5159423166562275,0.18995741736383814,-0.16993128133651952
-0.26513445226328686,0.23953843255747526,0.21562962694508064
-0.4297440910083783,-0.9632031265498625,0.28228929235435274
0.9139729973388051,0.13884483178271034,0.4605911201831955
0.3325322999240903,0.9393717862324431,-0.4680694750045002
0.8562005123162537,0.34423796404643436,-0.20343743560088892
-0.09178568344902595,-0.1461177016079829,0.0033287394227867646
-0.22409578610648498,0.08731817534280686,-0.09154502928486788
-0.4098302788451287,-0.30360606015554203,0.5607272638587959
0.27188361619342816,0.8476015222270875,0.8776375208732032
0.5107715818007329,-0.6644932327314456,0.2302121637210912
0.2634626540114225,-0.457339629490006,0.2504008661151901
0.46759619834686417,-0.5194239918598967,-0.547078495328774
-0.48240951036915986,-0.39620473742926454,0.3529627554772175
0.12322906202086212,0.24345879431120016,0.5462654555781704
-0.2563427649064121,-0.14136739939855586,-0.33507197065546485
-0.01519601814607835,0.19140448354523176,-0.45553203138735976
-0.5961441971181074,-1.0041654902818067,0.6092219353640251
0.18250222068240968,0.5520675246632355,-0.3453431253298465
0.10819098194746887,0.3140304365157682,0.3919031354279139
-0.1522318665409545,0.5675933462984906,0.892631073501688
-0.4895393852199633,-0.4590203884035575,0.008355543845360136
0.13058904168340543,0.18890736284112322,-0.5063125291343383
0.34752151217657273,0.46598778868781876,-0.2898111108163534
0.8401599609193128,-0.4283093930863617,0.6273042921687773
0.6749878132590494,0.1735950866482842,-0.658614774154218
-1.0044029408363628,-0.6625311223236394,1.2758844699469671
0.4118500303281316,-0.0005086967535385,-0.2272112073420167
-0.27432111567707235,-0.13214026693870085,0.5374265674214983
1.0402448832927507,0.4150831417316574,-0.07139585895870587
-0.6804300585821734,-0.12283091114820856,0.3058707739978128
-0.34875150298918955,0.6660384981998997,0.07859010967182184
0.3807076106144889,0.28825611312373894,0.06782606116567735
0.47546400299375435,0.022172896252448004,0.28693876175812405
0.4516268238289752,-0.18033903168902446,-0.3865857027564754
-0.043419265647571155,-0.30734641785876216,-0.04944484590551642
0.292032527032108,0.019277669607605297,-0.03442282962501464
0.19068224511826082,-0.055831146274744316,0.45450897406594243
-0.13119543221149207,0.674497605021811,-0.33291267984320133
-0.0017569997150084574,-0.32694629631313754,0.8323644863067781
-0.7760873390371312,-0.20041565535465328,0.037388454249629444
0.14436697240222632,-0.0513527596033162,1.1757164145224515
0.1553361595270146,0.23950107038713234,0.09131122613459536
0.029263167987816835,0.13100674844399568,0.23403947027885807
0.13308077828466697,0.0029818543951020127,-0.4365083571179478
0.4182615022563323,0.1347979683286646,0.1301333665130266
0.7937091787252114,-0.32072419993302914,1.3327030763009218
0.6965566285918342,-0.21854247440993832,0.17768831417571818
0.23398399932672842,0.08869354911671201,-0.2581306811062839
0.06712454450246796,-0.037969265466527485,-0.28531478760344575
0.41864820077522447,0.3838105298782571,-0.4714830599611518
0.5738577435106316,-0.054807397567916485,0.3122447368867456
0.889541482240902,0.28052015466584734,0.061008019002280756
1.037423740839095,-0.1746726614349256,-1.339827518792576
-0.10101361422319363,-0.05303335846739485,0.2394820030843923
-0.8575687582909697,-0.1968363190217182,-0.7878212054030085
0.36437997699020735,-0.2777106105084234,0.5844510615227108
-0.45277668807784327,-0.4238743273418021,-0.4772455683903872
-0.48138242343807297,0.7216986567878523,-0.10771319522285175
-0.6259567757492944,-0.8284675342909753,0.19487985254952278
0.4779973754221177,0.8726218390525198,0.4628672731333189
-0.4244624139099502,0.604525254814099,0.30594059907211146
0.11056844986521991,0.5472354735499388,-0.11656139089523859
0.13464437752174735,0.17949328536713716,-0.4101698211882008
0.11120464686831258,-0.07216888468781539,0.42614254696340126
-0.27727379107611705,0.023799756358029514,0.1784985175697532
0.2930920048858669,0.7153448487272542,0.1797733348657967
-0.5864650377083753,-0.16903807928841186,0.49623303440842215
-0.5523844751938738,0.19501413851111513,1.1100026850017177
-0.8525757471051201,1.2176395638826083,0.663247750410614
0.3486752225570547,0.17275563391014367,-0.35168199398746414
-0.09225940341093478,-0.014603971769727941,-0.03216677679145405
0.03386477721571296,0.4976363622560762,-0.06596279197443977
0.07820045650358225,0.46983345666734305,0.676696041206726
0.10361264534154543,-0.1014615940239792,-0.37494932081482246
-1.3207727769166424,-0.1694166116328179,0.42909082052288433
-0.6043724767341598,0.19724181366822413,-0.38405217748804577
0.2823675752923054,0.2621719374117498,-0.6185875788154717
0.1508367178591755,-0.12358698618030987,0.20055562327557597
0.6972360981423089,-0.1433049711915533,0.7571919345782254
0.30671937265169436,0.21713483814369838,-0.47236625862042203
0.8651595188372806,0.4314700076966439,-0.5470958732315974
-0.5363013459600845,0.2959841301349199,-0.17884827253859237
-0.5340843804242195,-0.3533329878674273,-0.14715181671590843
-0.5670093676230625,0.2612876548551823,0.6065680830249289
-0.22257829532166679,0.34348616796829984,-0.14795091011222952
0.44605051379436955,0.05910855427970264,0.8904002770711471
-0.4081646963197625,0.3921272154502867,0.19108110151948116
-0.00445222266032827,-0.5834591228429225,0.1939596898615914
-0.7220333316139489,-0.33368479025708697,0.1002978719038114
0.36797013619454466,0.03817638179884389,0.0264197499728855
-0.011904963625855719,-0.22588275734369268,-0.24231672786342195
0.5536974194453907,0.08190786231460426,0.25148479620147113
0.1852149757098298,-0.7067489059581764,0.41220600556971976
0.49145461519066624,0.36719164902171886,-0.8082503194642926
-0.1634845972106391,0.2540455375019718,-1.190866256572467
0.5125960360105405,0.6699871992786048,-0.023625731834403564
0.6324891407688648,-0.24302090769656187,0.4139040807063891
-0.30523246112198255,-0.04443189142779186,0.14908176262466558
-0.32088750203286776,0.2310618347586626,0.359664057074883
-0.2248706092021621,-0.6517271010303322,-0.34105277979030013
-0.33174290272808055,-0.3145930683542556,0.196848672696904
-0.3917634684418271,-0.6384865670495627,0.07913127937483258
0.1338057274164347,-0.036007642594490186,-0.6515025649647509
-0.047240610307181324,0.5425589895949396,-0.3215390020865926
0.36908478458515936,0.04185908986229342,0.3159472876011977
0.1866795351009275,-0.3613336895513357,-0.5845915016515785
0.3040582818996746,0.6466090811030031,-0.7438843592786807
0.004080943266936671,-0.2789642849493996,-0.03491206246542533
0.13062743273167018,0.15831955969521772,-0.5104343209050257
-0.20761799628617417,-0.1750376505815739,-0.6276044539516618
0.04365896562274536,0.47184131183551214,0.0502437881814852
-0.7095757706116583,0.31232165633646686,0.016360818302245034
0.4063179391937842,1.1560271258816195,0.6268298570892529
-0.0987843932024737,-0.7664791077756608,0.2005700447656759
-0.18106507600123087,0.6176024179525573,-0.05483771519299671
-0.1512519520203042,0.21877770359449644,-0.6623412843765563
-0.10231692768507394,-0.7433593995216492,0.2853831234986319
0.00977979259131831,-0.13371589062277933,0.16783925422888982
0.4375864169798681,-0.12353112716021575,0.026091114834241008
0.5073693324961728,0.8088661480517234,-0.10188983113558261
0.35799564696429764,0.6853345048955632,0.23721487930356686
0.71662233465447,-0.5894318077991881,0.05505644422367931
0.3524200306330936,-0.2146791588907223,-0.03748159452809116
0.6739380133126442,0.32351825037723836,-0.5133725280457806
-0.10991075315533648,0.31048631188202513,0.19671127532147828
0.4612037313880279,-0.026404401242336062,0.13862473947514486
-0.053962094196425614,-0.38954757808012874,-0.044424139433991816
0.4308847310742165,0.373950409480567,0.15735212254430236
0.695767924814222,-0.11321594343163811,0.03362284688595825
-0.09109554926020672,0.1890982931573119,0.6520045786223155
0.3411915351594342,-0.14295086246942118,0.17749532606050075
-0.004874480540782544,0.2800404791319772,0.07088519009523556
0.19127906348713436,0.026111426063598807,-0.9457447168730428
0.5979761274034651,-0.07091064823865781,0.26937485069645667
-1.2689458272947909,0.12909584855370312,0.11830543345718707
-0.32145569534840945,0.06897657479543984,0.27372110501228714
-0.02541068761933052,-0.5150859829419927,0.11368838070255946
-0.18241985269335576,0.42421909014197,0.16019529502074564
0.1576189996328385,-0.47893057506816616,0.7157270836255635
0.9563136351723,0.24647369084582932,0.5123584299241855
-0.13240093201116382,-0.16396896667323207,0.26989547623603016
1.0352349877121843,-0.5179563754861898,-0.2913138524285403
0.04083528236614503,-0.3332657528366024,-0.294014603427265
0.4935239948799937,0.21618345512948461,-0.421127063387034
-0.24514491002776848,-0.6748396746317198,-0.19809201926917025
0.10590396402485898,0.035635680439012496,0.5239955259457232
-0.3248064988307412,-0.5407716405012579,-0.6197028268754137
0.1143975306047208,0.5919781729090944,-0.4620802098150112
0.2153472365861836,-0.07062455539987922,-0.14344477126489433
0.4455889924077812,0.25280697994609025,0.236271208032669
0.15255006422758405,0.04304050155472286,1.4626266567391966
0.3515505260069588,-0.6520037877756422,-0.23466320304542537
-0.08648084487048349,-0.5919605458243695,0.5700628034083662
0.13844558443914917,-0.7963582600735011,-0.8177396670762321
-0.5257120408067539,0.3160161812858711,-0.535258578360121
-0.12947557285947153,-0.11401684851981558,-0.3810465707239581
0.1515666254099179,-0.05927242151317316,0.5461563258552252
-0.2514911385690455,-0.6037960054900557,0.21868564991066536
-0.4101674218182606,-0.4945771110368137,-0.33071988788357076
0.0055408010070348845,-0.33017790556811843,0.3229400052765058
-0.5724908299800405,-0.048383561503050156,-0.20955932736805616
-0.547637296128371,0.01615509645118257,0.24184090105548384
0.5734203777386293,-0.05414260864595827,0.7920777579420477
-0.11590510324496774,0.3542792769938872,0.038646392888820214
-0.21414197248005645,0.027327919051072305,-0.002930611145333617
-0.20296388972140478,-0.369798035554815,0.19898677138148071
0.24887168360475495,-0.442147427530714,0.008462925162068764
0.3748481154276861,0.2506954606690992,0.09874691196761348
0.5927650922209347,-0.193336306322595,0.023298963177274756
0.38192093868095117,0.564386212893308,0.10370131732484247
0.37675688431537396,-0.39052276571898137,0.18195693665854273
0.22579166435923737,-0.2484276384778826,0.21650810300898002
-0.023717489444232076,0.18195807005458778,-0.1678051916085505
0.15999859658623194,0.2925110218303888,-0.32829333769677693
0.04772002432966388,-0.06627124814587255,0.0368812949409858
-0.10273852241421075,0.19914738185264474,0.4579441817204981
-0.329760703885414,0.2970841973317463,0.8806465121376471
-0.6338490968190493,-0.27413274028646406,0.18005441925983995
0.7179514783421078,-0.34479558894171836,0.46308150812070564
-0.41541531124948083,0.35384081447583154,0.27525980958395424
0.8698556901353125,0.14700340516580723,-0.2162851213516084
-1.3237432557393205,-0.13331414891146026,0.6591410984452892
-0.0853982345799181,-0.040688672711845675,0.401280563912306
0.09871926435620097,0.8538670397445882,-0.7587698655844519
0.5060220194990611,0.4539926578431534,0.6442438367513988
0.09408788020175257,-0.4738122241252499,0.024447658915081043
0.017578753705291716,0.5882180097522416,-0.23668185515108564
-0.27952345610508056,-0.6466679828788023,0.20917503537488735
-0.1984878731076255,-0.3346739857462508,0.7393430930853111
0.31827595703035466,0.05763581860724651,-0.6279009553498718
0.17802277925579446,-0.06283924117449145,0.2985989863949039
-0.03688475176906246,-0.6623982985406384,-0.6328088821304512
0.04396161945299947,0.18741583960856953,0.7403206827315867
-0.575041174220613,-0.3572449926767646,0.6028278060055545
1.0175849869713804,-0.7436525750403891,-0.44850008208061765
-2.47430684798637,-0.8544866406013376,-1.58978337085667
0.006852641375456325,0.17028882608957013,-0.5924241259137986
-0.8255746980048537,-0.24399573353326726,0.13173406819171368
0.002220941967188389,-0.3128685621013634,-0.4291394210320118
0.43377030148142753,-0.24797841181611105,-0.7730169069139423
0.32968250425428164,0.9257142253434284,-0.4451666427761114
-0.6991379418847155,0.16128737352607248,0.16186034259811255
0.05841045543724249,0.7443309400517454,-0.5223830274932211
-0.12218082109790426,-0.26866624872546196,0.35057251486703106
-0.08905652153537288,0.0031500262460359973,0.406982821547832
0.009882607387478537,-0.08687895105356322,-0.022321228883079067
-0.09021544845017054,-0.6688628965931983,-0.5118136311720483
0.31059157732493603,-0.31071517197210546,0.21087832844674248
-0.8048918428456959,-0.5003607479540224,0.5265407438444536
-0.08557735143494832,-0.7605168871902226,-0.12274647467093362
-0.6403910205443097,0.03310603021826624,0.2225772513994563
-0.09929878135876256,-0.16589795853596617,-0.5314543160202428
-0.08809108459239767,0.6678283030802503,0.7432223082356026
0.03387398170517042,0.6185748618916909,0.7482763662340032
0.11640972825482122,-0.05127822865781076,-0.4269020716361888
-0.002136488087255875,1.3137887795663463,0.41077846454237815
-0.09874437206717668,-0.03920955628962959,0.009391538873213867
-0.4316105340677374,0.5850597028040553,0.06928204455814677
0.11954311921361269,0.820465608062715,0.1999007606599526
0.5377799429349415,0.2686423848181407,0.21138820058819782
0.0947272422488755,-0.09855522525531266,-0.4253958721903394
0.12910608713515842,0.05110245253452825,-0.3730512461388239
0.03993445205448276,0.1295108592523848,-0.13114469328641323
-0.10267858311433878,-0.014734289220600882,-0.4177247891198979
-0.027246890318335083,-0.6010267053938743,1.2042516733451676
0.14382960439725284,-0.18751219588952497,-0.5445878015572021
-0.3054398889174021,0.03164773483789554,-0.35499053535475267
0.4917653075395164,0.221419860139793,-0.15214802727744625
0.01271125236814935,-0.01666070030571118,-0.5634548761025664
-0.4990338112565102,0.043279290892939415,0.49561627244873796
-0.6698968282436935,-0.018024845761548954,0.6073286474935915
0.21295301223549407,0.6476726253231799,-0.8735270181024312
-0.05991560547293169,-0.35304334536367765,1.100232077460646
1.0995053018890837,-0.37394685005605777,0.48177129581413863
0.25024144275607213,0.5438509564831412,0.37537500722767486
0.07260138302644652,0.002235987906344064,0.36799441522528087
0.5347571224936805,0.14630939083929045,0.3949969328766704
-0.13796791035000555,0.4460502638852659,-0.6334572155782043
0.03347316752607432,0.21440055969699545,0.07354706972319702
-0.6159903712207975,0.2499488930355378,0.3475975765544127
0.2624321179131539,0.488973168096575,0.6428916505035136
-0.05635486905535775,0.2741485587776733,0.5555736713985795
-0.5850882129816015,0.31986342711367427,-0.14620494782590468
0.4997155495382536,-0.07702051825402713,-0.8459954128515784
0.048022517229826284,0.07551904390506681,0.8766532398357485
-0.27907217985194277,0.03460509418227585,-0.36525581571896826
-0.060640950687811446,0.5087364395249021,0.5227161480894928
0.3382590306340451,-0.20918060174777853,0.18820234414107762
-0.19075746500277435,-0.6595037863433604,-0.17162906644933812
-0.364844998065213,0.19157520825197405,-0.5008142250331415
-0.5703159478448614,-0.4105074950425205,0.5094972627024732
0.10159380077136027,-0.1927896734675124,0.7017183672704637
0.22329042718288528,0.32884762648495675,-0.18972118409523506
-0.27005284055321693,0.2734860166331185,0.1784916185837522
0.2277063019824589,-0.03616263838084682,0.3321272712220679
0.31891748226964284,-1.2633563468886964,-0.549104510115324
0.12455635755870917,-0.4349580696026596,0.13258042643909382
0.20906446409697696,0.691538927690898,0.08122428826792885
-0.23376948374272577,-0.17419791671336202,0.598765053813126
-0.020479040178119384,0.49433955215051717,-0.8203039010290761
-0.8030572187799143,0.648235680702536,-0.4038485371069729
-0.5880387904605264,-0.44419710371503945,0.031216611246997067
0.5520911440765348,0.0770234821168046,-0.24131602739545693
-0.04543701172710812,-0.627396321492718,0.4030990960986949
-0.5408972312300262,0.7522334989178838,-0.0358895992783803
0.19024624668338866,-0.19390295669108457,0.07502412809412162
-0.3460148339501051,-0.25539856394974675,0.046077591917992426
0.27052772939736575,-0.05511330048475983,0.10810236138571827
-0.6109980009148321,0.012841728819042109,-0.1434505126060872
1.5541086923236629,-0.3481864486485178,-0.3712688799143036
-0.0742353061575814,-1.803166674639173,1.6198293558898509
-0.6833793596204099,0.6649596504696116,-0.20414704446250279
-1.1996098014616186,0.44730555978206865,-0.12093308591703851
0.4696296577235695,0.580998845441395,0.4162413570790239
-0.06936985619581665,0.053372238508319556,0.4310468384823879
-0.2940414374060312,-0.5325920837763185,-0.6979089396088625
-0.7278154510055861,-0.39906025627338076,0.33319212161689543
0.1091417402468223,-0.292361890173055,-0.21266759656585152
0.4085366257829232,-0.044141867956957015,-0.34172577742708565
0.12024221544628741,0.060991827513553365,-0.14171998715314996
-0.2622710399622364,-0.09190832699863474,-0.03493513173061394
0.4494488199207601,-0.1256273828674399,0.6574656401484291
-0.07731648161182578,0.14464160474044752,0.21448459652124863
0.31625321937810386,-0.4948000954259667,0.5971422205628318
0.09310921777776598,0.8801204284048254,0.10295793326954249
0.6249618729816218,0.04052019210478951,-0.2960261990319403
0.22248953037927657,0.0550245639194121,0.549809358522769
0.37530362716817495,-0.6492636397762208,0.7818584202884009
0.40176467824104534,0.4553267602665366,0.6130165526910387
-0.4161938038347686,0.5521862618691475,-0.03367723651642118
0.4215877112385224,-0.263384540318082,0.3762097560893644
-0.18675113212894082,-0.38206829343231663,-0.1810383177150975
-0.636980156361435,-0.2899869399088388,-0.30395212751889655
-0.08936184227461395,1.028862593234113,0.5841407522481252
0.4248156632098858,-0.380131296550821,0.2514010872169054
-0.22158243317374648,0.5913539062446781,0.6673574933277795
0.5592405289000154,-0.11089996984016406,0.5837607522204307
-0.42043426494930314,-0.19361474758499359,-0.05444780703836727
0.2777703608746743,-0.7439047979133915,0.8571687867711486
0.39821112921940544,-0.4857302552110525,-0.19842875027970036
-0.4454972111091009,0.37272608608796093,0.4200425087519326
0.5266561649106815,-0.0933091277314976,-0.13373076366514114
-0.2524252628788917,-0.03971792363561624,0.22599576611104993
-0.23094633006781712,0.648849594860893,0.3850209469597146
0.5393284815924992,0.12006962671513455,-0.5575940087613848
-0.24386428814325173,-0.23710759716878632,-0.30447162982959997
-0.1916922194489491,-0.13053993588516016,0.15401924548140244
-0.0782353407392039,-0.7171121487535466,0.7956325332045138
-0.21276267234451204,-0.023564152118327242,0.42322001898332107
0.0004213147222944247,-0.9691860605566964,0.3796720441845354
-0.21277853477047565,-0.335351725959097,0.00964210555843617
0.6706861575311215,-0.577863634945717,-0.6311031604669797
0.784440756610107,-0.135956033435284,0.2333935143000352
1.43602742395929,-2.258590524642181,-0.3664551578142572
-0.444491450572427,-0.0018771237246644,0.9945976946305024
-0.9878961319994204,-1.47706142696684,0.8971537214297196
1.4973713468031395,-0.3726392512209041,-0.1022555632986752
-0.05345171261651682,0.5160968448692901,-0.2691900227589676
0.2617062497462002,-0.29070193439347386,-0.5521125219824833
0.6453717331854935,-0.7034951518836703,0.6380894980190059
0.0009663372210554494,0.32779875551381854,0.23825373628481183
0.005068869755131392,0.35533464661244973,0.1360053581842845
0.8356779891666057,0.48601994337660676,0.35429244768999607
0.15837726581619413,-0.1367550115168338,-0.23857229881392877
-0.22157119724845303,-0.127538635115906,-0.11791957073239784
0.23728030786961585,-0.008815830006789288,-0.30421636849923556
-0.008825385153170273,0.3678957749356004,-0.603445656850231
0.306179436942347,0.24846589578699071,-0.16678256905526379
-0.06069159658035389,0.08155142538376267,0.3522120302624994
0.17362425132540174,0.2171163226306429,-0.5613497138558621
0.27164662828366015,-0.42397973890896046,0.40285537947939143
0.6177228702843816,0.18810906321538398,-0.4576813501061891
-0.06221621907595405,0.06461254297754204,0.12279722009581277
-0.8716249088492458,-0.3466425983890399,0.3906484076131693
0.5211304186474446,0.09694663566462344,-0.1527444229922997
-0.07750384537491137,-0.09280912674321835,0.07800720243464587
-0.4259047234095473,0.04833469251393723,0.16634043274782262
0.3045572770214231,0.008869195000462682,-0.4144327245241985
0.20816677262697061,-0.27626702418139815,0.09407626228675918
-0.6996835061247055,-0.1932960513744728,-0.18663382246108662
0.05120030727614555,0.2916181699346483,-0.05524101203849821
0.23638773739041632,-0.3148060004144475,0.37248973332034047
-0.24635066719223164,0.475961109810904,0.2896470469526235
0.1432291653061138,-0.011436070791090325,-0.3567762541394863
0.7825517216844533,-0.3216290673395244,0.5041586756111396
-1.1383799003744621,-0.41554145525407216,-1.1401634990042882
0.26748096044474473,-0.0889105697136697,-0.23160513624008655
-0.00039215443596257726,0.060170686214660166,0.03906382813915384
0.400544695369789,0.5971148246414646,0.4029066722534695
0.4399621163248616,0.11561046316121114,-0.5513599301061611
-0.2788801449334749,0.18863146505500167,-0.008369809846213327
0.3379751293058925,-0.6281003838488122,0.3306046285519454
0.4235174365874215,-0.46094727237990907,0.627462105988265
-0.17924692126998906,-0.103360506314814,0.07560086848288491
-0.9892297523498748,0.2253255009988469,-0.11481551656742844
-0.37997047095062253,-0.227556869707757,-1.045755165461509
-0.1331508729999622,-0.08660761616760557,-0.1333774966069813
0.9040385712848752,2.462839066193597,-0.9425704688692396
1.7717801279973977,-0.0234232275417726,-0.3970562752167232
-0.02104198723080347,-1.1167897993166094,1.4800627677624456
0.1629235901965987,0.009586797139491121,0.21109740460661824
0.6239054340692524,0.4385998101026782,1.9799701161356775
0.3965431720550449,-0.18548814628506194,-0.7182190108035863
-0.4375046954729801,0.19272108186600406,0.6080408630545984
-0.06975063262411274,0.12525001034853764,-1.055306708855592
0.1584995067964222,-0.2936313665342958,-4.567665323320508e-05
-0.5857639246994317,0.4012545802648162,0.3342082491746087
0.2651348103036153,-0.3537776945418305,0.9468456570851487
-0.003267964115810748,-0.07560810882879047,0.031096398354123117
1.685572941213617,0.21905522697750415,0.6994187076985354
1.1064329113527431,-0.13031669953352268,-0.2158469990996119
-0.003446236894455071,-0.030396426997108233,0.5889774206184497
-0.13590751193671108,0.6109592960923338,0.18506204408132249
0.0025771719458649867,-0.3850322074600369,0.3055394792368825
-0.8653728404370347,-0.4164427210170954,-0.33404751296600754
0.2177119442870124,0.014108955302683891,0.7884415229748813
0.18254664836040238,0.11499900818438905,-0.28461614490081255
0.7315047254098908,0.2889443924545221,0.5456299482204162
-0.27327047278798644,0.23970520698407677,-0.14197568141810607
0.508090774802175,0.007895096620129355,-0.08404290743743394
0.4796697577299032,-0.060634800416724255,0.1287265353131569
-0.2486299547970541,-0.6731326297245638,-0.7907192479187649
-0.23236351333325694,-0.5744766686618971,0.09509633558227923
-0.590653468273774,-0.42297173448363956,-0.031583489648395
0.19420131186110673,0.37008227247885667,0.07920547106999731
0.03344376845860032,0.23803568077666265,1.0194096909824872
-0.4622641354839364,0.5004804781462552,0.0821284142945411
-0.4403173422792405,-0.704450476832014,0.03800690966236715
0.07748985881407357,0.23395326824888812,-0.0310480596136469
0.033024088306110755,-0.016752361672840665,0.3806658219340479
0.43744354062840124,-0.8157905795508981,-0.2442263947787584
-0.38351540471017165,0.4782359993816331,0.256004762322592
0.2752217232024039,0.2520502384461443,-0.4320425854927533
0.0035326135646191435,0.39303173939239033,-0.09339127862870975
-0.38567869019037176,0.5752692256802545,-0.1073790396214154
0.5528252162357095,0.6810438067967631,-0.612936380706958
-0.2541520108039137,0.2615009644189785,0.5308203743400748
-0.050624409704820114,0.40759852120854584,0.25446826211755635
-0.510428847411205,-0.6685766749426963,0.4472230750608781
0.38440553257658716,0.49635726670218394,-0.38857560221071785
0.29413676746883854,0.4540816137257466,-0.8386376454759765
-0.14348751611584518,0.17283470453802519,0.6134423868804754
-0.0461835545566458,-1.9356998297469348,-0.6387555768312139
-0.6192564820042226,0.6181970670225166,-0.1254730615072588
-0.19148165476801113,-0.7172421397337173,0.48985166327550544
-1.6862409042204494,1.1533161953958055,-0.3331990736999707
0.3625421648436037,0.15364949411120654,-0.4244841883922522
-0.05603295640127552,-0.29898801528192387,0.3327024401667124
-0.5456123333418708,-0.20947443837551902,-0.549770855135232
-0.7397575617197987,-0.3528842931451465,0.5893710916844989
-0.3758998444443994,-0.37158749166241906,0.13544600591888475
-0.057385917425701816,-0.3316820047393578,-0.3242335704257113
-0.8603453210816984,0.10243803587768105,-0.37448108109908607
-0.6643358929909716,0.1854221682404728,0.09600307291508245
0.31332885229219976,0.6720889182377863,-0.1179769872702274
-0.1575166627073879,-0.06545885648443991,-0.10659059411939974
1.8849422539532164,-0.02294142113425446,0.8282858584073831
-0.12074225933890083,0.23318372023668077,-0.03570665940561768
0.3772798551482342,0.4640152956084454,-0.11597764861381674
0.5546583562216958,0.03928953160499482,0.35273560438010715
0.6318119433257714,0.17493533712307696,0.1295502363665709
0.41931341835262514,1.0797882254635092,0.3017708471680315
-0.30026174582106374,0.5042659113815728,0.2603394687048605
0.2305966473785631,-0.08221101748421994,0.2640408428223565
0.20514152476105124,0.2545438825978369,0.6728589828666396
0.243224021199637,0.0774985039218075,0.0842813453825923
0.762601560175457,0.1520939167262218,-0.2214003728429091
-0.3738732524721659,0.16424396371701805,-0.3899933058978394
-0.2554408620326475,0.346883144544972,-0.21382389903228372
-0.015934786591906502,-0.30124126149253844,-0.4706947278150222
0.29045646894942123,-0.06090896055146336,0.05883835284753475
-0.2845843310411741,-0.13928453872507637,0.04575437559959117
0.7925459796172565,-0.09358238998394885,-0.08240779622916872
-0.5563113706126077,-0.27005430907490385,0.11466896812272001
0.10420630223349334,-1.0484807075654727,0.5228499374300815
0.19419625099871346,0.5596491651339826,-0.9346384111472418
0.049766542094501404,1.5597574708759412,0.06582869302479932
1.2722262423569672,0.28313809696809866,-0.28528274721067587
0.8396235395916092,0.017197734870575077,-0.06014337487480012
-0.380823173982222,-0.3457046786460477,-0.9318750812902694
-0.4177027188423773,0.4314903989936424,0.07347868161195015
0.3382796092283586,-1.0974313954570083,-1.0936253238277858
0.8079815625172746,0.11865087560743909,-0.004311422599220571
0.300926507776379,-0.681743137451502,-0.21283842273121628
-0.03223360452474483,-0.40771721985398635,0.07077034716311142
0.23562860992529477,0.289045275608394,0.0854066552296157
0.26658999094293256,0.13849554323304453,-0.6062896690182328
0.09618776418203064,0.08160433766345915,0.16625167578190375
-0.22651918335503368,-0.20265348446205933,0.4900215805990077
1.0139548649316068,0.23253132786797254,-0.11230265019439002
-0.15856739277984933,0.018616484793050694,-0.34985603846897834
0.0008801525125782805,0.551283214453686,0.1484740082966185
0.026511377977227857,0.3967642614776966,-1.161309522172943
-0.8560917176037476,-0.3802959988120282,1.3674742679694698
-0.7784210884474437,-0.48162196908484295,1.1170065931943238
0.17493359835132163,-0.5798777144686218,-0.5378656480536297
0.7854656565445469,-0.027783186749446798,-0.4539848604176844
0.07063448026941421,-0.5936335959449844,0.15932131407218117
-0.21749683652864885,-1.2303689312033947,-0.801753915940188
1.0200821095058534,-0.21311214324706604,1.6227245589923898
-0.5646794546726371,-0.1395363469196256,-0.4459804645705379
0.34788516099320693,-0.6105288618256173,-0.1466106080461946
-0.6008342668851372,0.05611016393095062,0.07295516211926528
-0.2124422151965679,-0.35671878699808485,-0.5149269881909242
-0.7323655839679531,0.6528608300817458,0.40532029721530455
-0.39841513963881725,0.4323938869839079,-0.27570171181585773
0.001107390313062534,-0.2643997852611689,-0.04676716926268826
-0.011805755968143983,0.5519754974432363,-0.07505819804783859
-0.6140039448728545,0.4765838197443162,-0.1713964205383086
-0.3916559823116629,0.4008121930280062,0.16593906297764566
0.30002498591230364,0.2452298516862088,0.508759549782414
-0.15926706521989942,-0.1174324374865076,0.3288818084270662
-0.8843022671558429,0.11327188944866445,-0.002679317463083669
-0.05957572135174999,0.1893914340203855,-0.20806438641935399
0.5078414575190425,0.17145504854218307,0.9727075868162447
0.19691309063516485,0.2343326737962114,0.024264327921353475
-0.5241984549080264,-0.0795742996827305,-0.37686446645833105
0.26535284654323943,0.35750201252283964,0.16410328754370865
-0.5011006494681133,-0.2820902006306464,-0.7842225221150925
-0.7383593166446274,0.2700672476929739,0.6125998725704946
-0.008118977674649419,0.027253229102974952,-0.4716732546859784
-0.4729505071878601,-0.13989037555913247,0.34189991010376486
0.1730832478318349,0.5928513715758741,-0.23680823365686968
-0.1722444966236743,0.08362892885531611,-0.5403753050600403
-0.526721902149573,-0.41704332242763414,0.39685473595301657
-0.04720652808949202,-0.20472915824904978,0.14337324394715623
0.2851493657689049,-0.4756085518054277,0.2236874283737444
0.0927886336297531,-0.1663579301821567,-0.32057208517527114
1.0491045231429224,-0.441757715403012,0.03642287921832214
0.09773659564270681,-0.8894614754482485,0.6010318054655159
0.21488552466104652,0.13411064631735736,0.04987496414703882
-0.6952696423985938,0.3217067387598558,0.47131510299954815
-0.289347151948645,0.1714033377771337,-0.0673704139450178
-0.6482455855190236,-0.03182130315216672,-0.2949589366097217
-0.1879256002063528,-1.2563192100529315,-0.48922462938836897
0.33671075901653175,0.11021703517189982,0.18583717397529925
-0.8462675251942532,0.25872471859397417,-0.05114911045220482
0.9509585497340987,0.25076396158943715,-0.6090372202509453
0.786061546400934,-0.7611634636318376,-0.22875996472500526
0.35688059156877144,0.7875312900730564,0.4606604878352337
0.08403103595929842,-0.152594462183808,0.018217560805309285
-0.14379389246034352,-0.07485271068936586,-0.25483341753262334
-0.6953224391548283,0.038812522994353504,0.1662962581602158
0.16514202387321508,1.1019085225736687,0.4338173956753133
-0.6199323227393968,-0.12068004992364079,0.8293081924656246
-0.2106501711062448,1.1941665951142837,-0.888367688996172
0.838032729953692,-0.9485154348021414,0.06280311941507948
0.15112029879193964,0.578330707938021,-0.09204810149397746
0.40868743671066154,0.9708791981490508,-1.2360331432209288
0.6439458674546619,-0.4431592970573598,0.5828384925671352
0.8340227221873998,0.2948922516808423,-2.362496261750056
-0.6018159412804928,-1.1126427441897746,-0.43981137021170735
0.7187687557624246,0.48714657518937843,0.7675634018506448
-0.5384895849763102,-0.3458919275023673,0.31941160106436034
0.44670920719254714,0.3278904535038809,0.36425438327910126
-0.26864874776044084,0.45676626952626415,-0.9156593903447927
0.22237510980732864,0.19919725550414297,-0.6247990805663883
0.06368179795496445,0.1378020364384579,-0.3776630056283833
-0.42151759128239064,-0.2625021695198108,0.17190776574468564
0.613158526435236,0.13334715222848706,0.06439431588601613
0.0024748494681756245,0.2805503588742159,-0.3230099128021782
-0.5319262148011407,-0.8729683993588829,0.3720371909851983
-0.12737415414544767,-0.20818234548859452,-0.7786463387133467
-0.3521939017038389,0.36332878460302165,0.05804518170387635
0.9127119103813659,0.2214600277990747,-0.009091322747824426
-0.16097744934318753,-0.4839688298318294,-0.19949848931617145
0.7138360044199658,-0.08490566318806038,-0.2567703901193369
0.010043494074177262,0.24784226462137338,-0.15965292974917153
-0.3461175146980031,-0.09696113810524074,-0.8206433417640293
-0.6496658279747921,-0.09753417900371017,-0.3988917628777223
-0.41559339760603403,-0.21870857143798023,0.10721695008814211
0.5088626418069592,0.5829123156782954,-0.48090080998120366
-0.6853079161443936,0.5259782883332667,-0.16166381386191153
0.15693920368958847,0.2891384760737902,-0.558669205093391
-0.14058076577425752,0.08397139385988797,0.3256083688742917
0.3481180102068468,-0.18704889089314408,0.6438074317433726
0.7503764147166719,0.21456510166678172,-0.35922096530634473
-0.19975553547893343,0.25703125121149023,-0.08591223782905216
0.7140871483781789,0.3825026519260093,-0.46687196295982025
0.41713048424055077,0.20431926842971507,-1.0330968769485227
0.05179309289977785,0.31005345895064734,-0.7367697955353929
0.36539899689191513,-0.5260314202947943,0.3689386014309575
0.1786913281483366,0.13595942645148873,-0.184805701825612
-0.16224029808476678,-0.02804834985096083,-0.5962211437594092
0.6263451848862085,-0.40539248366495734,-0.18005137776067798
0.0666948403364803,-0.03287846710897707,-0.33620203751590394
-0.2102057655951417,-0.7132289572032452,0.5297787188453774
-0.2630098540069566,-0.05209010205284895,-0.5849594603533343
0.07083110618054897,-0.035441874038949384,-0.6166483293284057
0.45415374202655473,-1.0467271067128994,0.35707999776411486
-0.2738711325488104,-0.8525421661739603,-0.059295820955723805
-0.47339118367772437,-0.4932582664625456,-0.1248175740682049
0.012008953937366493,1.0375517902688478,-0.5188045507221255
0.13104424276138765,0.9826486110160777,0.29664470538084475
0.7300799842564538,-0.051300155687929505,0.6177140331160527
-0.7121740490292593,-0.8819404699969025,0.3759638576261771
0.18403244845351974,0.7362748518564743,0.4176451171127926
0.5093810100434639,0.3944632906193315,0.044917737605965874
-0.4049449223066529,0.025501861371832135,-0.2636023943378578
-0.3131013188063022,0.8475688418570909,-0.7669313590944079
-1.4211861826803291,-1.3344748696467532,-0.4668541575184691
-0.5038782151968859,-0.9893595927082235,-1.4562828958054697
0.6559142132666439,0.9804458007995156,1.5439106491499734
0.5878184218079856,-0.12857710789398583,0.18245390132161904
0.33539819090001893,0.15454376622762228,-0.24010689153408923
0.20632831636182813,-0.1171777689811066,0.18326741941440824
0.184651192608144,-0.44645823316886357,-0.14293966868352787
-0.855974133671882,-0.5412169502095735,0.024752848356865732
0.17024622929666627,-0.4712736579815555,-0.7288954815753195
-0.10142992492668604,-0.41555346871826365,0.9847899080237309
0.05674648513195561,-0.998836116403296,0.48670834016532005
-0.9139625453480463,-0.6774182210495869,1.520893566534818
0.19169830152263528,-0.7346699759744875,-0.11161273254978227
-0.4818741033613998,0.38303640919556314,0.3553081155720163
-0.23512067614066579,0.011308675705606508,-0.17543546626639628
-0.06077915412276934,-0.01736532657095141,-0.28490103056565785
-0.5717128223114553,-1.033632642507163,0.23078359542223958
-0.1869067232813643,0.0627731430364448,-0.0920652435993218
0.42053334271812237,0.3451577682083736,0.6622166144081273
-0.2543448044807999,-0.3018553287335644,0.5651958013190919
-0.10059855528451578,-0.5060466402474089,-0.3077426533065268
0.2239102421331216,-0.3525287286024354,0.07002735256284023
0.06574691678456357,0.11416344822786964,-0.39337010405980644
-0.09491369549244313,0.4567883472026212,-0.051612825247774274
-0.10542334195850422,-0.8308888977954669,-1.0332473380965477
0.014837113107133038,-0.034888066630259354,-0.011363930022469632
-0.07196369923311446,-0.372293055122477,0.37930140519378647
0.06127232119528814,0.41756137082409234,0.4387874191290869
0.10516744091443385,0.3854175638177174,-0.004659671430746602
-0.04985261789761608,-0.1652708857140497,0.4344066432684257
-0.19287854403128799,0.08163924320135879,0.5329417358179532
0.12770748813104596,0.09804893706267152,0.12641426349325316
0.20523286488613882,0.39757668648162553,-0.4039328895718558
0.6731866737917107,0.0009070620019079739,-0.811028302440457
-0.47644979586262765,0.3791401701172902,-0.9169571745907235
0.3453356936776959,0.5432466903137108,0.04149499223710587
0.4013705640596368,-0.11933296750644068,0.5037762900310497
-0.061614065850746996,0.8553381925511019,-0.8003988905418655
-0.9103429078287697,-0.6006225403191744,0.4526339658331863
0.5690927266403922,0.0069178778765300875,0.03428724018622559
0.307646946814427,-0.6774007317779454,0.42799542985772576
0.11921891803314127,0.8104586916628822,0.22854388356174182
0.28560101520432324,0.19979334921535521,0.6308266961184072
0.3634373602056636,-0.6119290771197429,-0.5323880542250592
0.11350874871426192,0.9033943093370197,0.004996505846658873
-0.3672019741581313,0.48550958543797795,0.09736334595584314
0.9538875528738122,-0.49400496743072525,0.29482637226433206
0.7514589448156926,-0.30224802833657394,0.4802566555981828
-0.6821438762484653,-0.1755401790110924,-0.0642553470645914
-0.5061662994512584,0.13039910752331482,1.192315181727592
-0.3574263546491012,0.07865177891116718,0.2660988786144185
0.5045497696290344,0.9528724378374092,0.6165875592360726
-0.08243833443638196,0.3689040597828537,-0.6690098658133945
0.15226188926631967,0.29584841630013314,-0.36762496024844915
0.18537042414849036,-0.39272187729300523,0.006485271794834421
0.7254260557121004,0.12471609807214763,0.09954624750511386
0.7524643906246518,0.5331345133528409,0.16812935500285944
-0.5488992605782841,0.2281134822508646,0.5410102086654303
0.2115632058970257,0.6299384548173538,-0.1242561207481418
-0.15931736205108127,-0.002319188193451144,-0.3998366164727798
0.010505360083621428,-0.22988465620487472,-0.04463399830012196
0.49650740670079585,0.07503060887491139,1.0748671486543964
-0.4839970328044939,-0.5719410546274522,-0.030808301303678426
-0.016347956934514907,0.1203213393994629,-0.23578434996503939
0.12686118613700856,-0.48423293383237287,-0.028452167951280062
-0.2932550215522985,-0.6176223981203288,-0.6203520047604789
-0.21968984338233621,0.8014606723740211,-0.1276594160048797
0.36381590229357996,-0.9875148326851153,0.3035938668468766
0.10657807878106437,-0.05512113000398191,0.15838221420039406
0.19042224462493196,0.2386525807889452,-0.21918343453110908
0.3696675478610252,0.1761663509229059,0.03978604638239755
0.009577864990654245,0.22397010020451447,0.12009793691454707
-0.21200114546372598,-1.3210508762532063,0.15114839106229955
-0.013066919079641082,0.45953974014477533,0.47475886887808366
0.021224681619890745,0.05076038054184772,-0.14525765619875974
-0.07006772420170784,0.33538276996853394,0.7819845921824868
-0.2281552743294348,0.031984665705139914,-0.024753760209910672
-0.5640475799290501,0.5189878156571501,0.1983694779158661
-0.206037804004,-0.5627947066643544,-0.1359083990262457
0.18031060716540592,0.03765488290561419,-0.45246907263782976
-0.4100034253567316,-0.19390963052374208,-0.13404555122123563
0.22117907945534268,0.1913024023051836,0.23743007617403925
-0.26246931486260405,-0.6595307663704796,0.15910821074691922
-0.11335149635973024,0.25511672688193465,-0.011541993193230987
-0.0007298126057605735,-0.2577175371693497,-0.012691749640251673
0.30210369482997024,-0.45657344478940487,-0.4982213587816401
0.45885873441577185,-0.3934206291114274,0.147715950062091
-0.8978122834342573,0.06675659891132996,-0.4063183677978097
0.15419084435057967,-0.6349716910835761,0.2047264440447108
0.13067123587583396,0.005802275977907209,-0.5097856793021142
0.14235347409545507,0.25192692083724666,0.20343190496111163
0.4983155970567337,-0.15141142540469915,-0.47133326838959017
0.3324610481465275,-0.43000224205324267,0.07183202612235659
0.9598479922621934,-0.14885673542068478,0.5493206133205594
-0.009054190521736782,0.2017586782822274,-0.36138044707715045
-0.2827796628502429,0.298626513875045,0.01726491633712307
0.723354326562501,0.43314996152788476,-0.7935483136463878
-0.5483082635173911,0.2780216566155008,-0.2126858922637558
0.6366040749401234,0.11446388410591807,-0.08964844068055206
0.8349129253704333,-0.4451050344514597,0.21178581480018732
-0.5394849327523833,0.4115586755603602,-0.1315094505855744
0.3997656504892958,0.18174136542425606,0.12522910908828358
0.5762445192775536,-0.48336735667692476,1.0798949430414602
0.5572647825111677,-0.5601136302327401,-0.2502415430656521
0.5880526991690664,0.6204120120133971,0.48969493407874504
-0.9319097227793998,0.10225910822334808,0.09629721821039308
-0.3484931511832142,0.7231029628816947,-0.6846169921307993
0.060151223016291555,0.4302592295582716,0.3152062836089071
-0.3677034010772701,-0.18701328500042352,0.4003343954380125
-0.09077090975624373,-0.2940142899931948,0.03533693633281783
-0.1393926498043022,0.5120051135104854,-0.23028592769213496
-0.04559970188274773,0.8910386380058839,-0.9140808356812442
-0.347140957325763,0.4738532167409445,-0.3865729538160671
0.00791823997120935,0.1379484368884158,0.33309787640704636
0.6464044765898384,-0.4185631657999674,-0.1388243061614689
-0.8179527057990209,-0.6847538017402743,1.0167522727156992
0.8236571822370627,0.15489570286804522,0.15835764061405178
0.33189879028277014,-1.320593565159817,-0.4622678719898128
0.36258356620488874,0.3939618775932844,-0.0292928593538199
-0.4981600388705811,0.018962243774417575,-0.3147038991904283
-0.1443854241958296,-0.294286844336422,-0.705220361619616
0.6007518707663455,0.15521995084951096,-0.5117788758370238
0.33938334249471014,0.1248093023303542,-0.30840035704989965
-0.317745718058427,0.45009183271695513,0.12651449885099864
-0.31268794017805424,-0.7346374463513218,0.0821941127634234
-0.19507785117642723,0.5075663030639381,-0.13062695514630313
0.19442589941793503,-0.3577134494597025,0.7407713672807293
-0.02114711959392302,1.0009891976605205,0.26975408280354385
-0.7248555913201808,0.01490321825823579,0.2556727872116453
-0.7984844017593498,-0.714473221610929,0.1262029518427764
0.04589861398079584,0.047423168706044544,-0.2869347771329558
-0.11261363072094391,0.9536273804830838,0.09306137043752011
0.7821476089489692,0.48927420857698967,0.5718365304559438
0.30383614207809506,-1.122586875998136,0.5558972341443118
-0.055516560162876094,0.20466934248350077,-0.436755617881466
0.04077862912473118,-0.39027385754917,0.09607143624987122
0.5668943939200943,0.3514476399532975,-0.4396147489461797
-0.29735187047357436,-0.6901275295417701,0.21971956421379293
0.1294039931970189,-0.10256037446934685,0.2900763200200398
0.4489839320447723,-0.23131002864509076,0.19271790245346346
-0.8369495824742328,-0.5674631800199039,-0.008917272528062403
0.15931685853840102,-0.03290285803874245,-0.3505486939579345
-0.017314878850965,0.046741605362151786,0.00977594330971393
0.49297123690520633,0.07025709494879005,-0.35866189418696043
0.29225234517509435,0.3511499864140261,0.33886863679907914
0.6045171772396127,-0.058251207385337234,-1.4704590122802896
-0.3306490702827429,-0.11595887685276635,-0.342732599857692
0.5143028541968772,0.5421398190065985,0.24637191762110097
0.041456431028845026,-0.13770394212439863,0.0360208616450258
0.03708078975740631,0.17147383810827072,0.11118093775875112
0.34410234808146584,-0.13873642869085806,0.147363537922855
-0.27906606662794253,-0.42278352676976194,0.6344295602562455
0.10776533901301445,0.2334891228224645,-0.25952721581876803
-0.5147339834157094,-0.0988680109688706,0.9768759285948267
0.1318109913591707,-0.702667542702706,0.33132888918189596
-0.5646998879176429,0.31893670103443594,-0.24475562677860685
0.0373937504773622,-0.22681823774977802,-0.23537634592015763
0.6299644371660644,0.12640609641552428,-0.2706559899221088
-0.09192743280674005,-0.20650122064213275,0.2895154287588757
0.17921861154049312,-0.0855035401309592,-0.25998901423195286
0.08411585476746689,0.4705672431136174,0.5231311920598394
0.4068761287198458,-0.7297478072504415,-0.10752462751477262
-0.4950450567847175,0.08197895340706021,-0.17797693760160294
0.6348155901352519,0.10595794500103442,0.16221755425041523
-0.13882170751600556,0.5410862373649125,-0.4401425136648016
0.12260752589109969,-0.3041646426543563,0.4719731703033441
0.913212035315911,0.11726076758754755,0.2813614606125723
0.3249049205459925,0.5404399929366259,-0.19349402144932495
0.433760856658438,-0.0111919918091802,1.578693978019415
1.1351028231453675,-0.8436709979534743,-0.9653441027219595
0.4928949686519878,-0.5158673430793368,-0.7219056483494319
0.0265036274799077,-0.2884918905667883,-0.335049204542187
-0.020015488657332117,0.14830518896718203,0.3117610786120585
0.12312774752103761,0.2750286422743318,0.7137982634212591
0.09993083560577522,-0.16155765413066167,0.8488770763196892
0.3243622333496638,0.23847126204637217,-0.3982775802915103
0.0424895531010441,-0.9685183190654649,-0.6115111622220437
0.37184023718836257,-0.03428361777666575,0.2682902500078306
0.23670986870970448,-1.2387242108166452,0.2699040771381613
-0.3367316444696381,0.05151707845133369,0.2045065020473063
-0.7018316536250025,-0.20649872946512376,0.722661273375088
-0.6353033297845929,0.2676478430885083,0.15210350937240563
0.3416694680004785,0.2750306684166746,-0.31830473238357887
-0.15152139337382725,0.5060783982998354,-0.6774640762997856
-0.2633334641150356,0.17784283927176922,0.3383831136420103
-0.5149920398623332,-0.940298925138946,-1.637449913375581
-0.2716243650239957,0.4411720942061643,1.2362301396211912
-0.9481722590623645,0.23587801009443776,-0.017741928886073836
0.3589721693144968,-0.26071118293511675,0.5832922457231104
0.580546026214902,-0.349045548709382,0.20862117150510134
-0.22418002842243603,-0.3824455437205686,0.38467227615772415
-0.501014100654342,0.18048258488993868,-0.3244080624156698
0.3021171001999934,-0.9300350059032237,0.2892524729536461
-0.3483892434500707,0.12446446342795783,0.05194132744983809
0.34986771422939267,0.3583820195974379,-0.388295259469309
0.11428893071057913,-0.35333863516155206,0.14280933371661478
-0.4170294050537746,0.29212574026149024,0.5399437337255468
-0.2901735017667514,0.7547102564077705,-0.05994818877795677
-0.5668961043724885,0.11888239239113846,-0.38858743726257555
0.1888358501606039,0.23293487107370475,0.3078669899819002
0.9677766570969912,-0.19568451146791127,-0.18604851552739654
-0.08326528649341661,-0.16805929800127728,-0.03414218215997821
-0.606162957676541,0.17616251091476637,0.37580645121559036
-0.5711621398150402,-0.8289210243626228,-0.4932406659769178
0.02679968221056665,0.13171638665891316,-0.3000587407163689
0.5090558257291117,-0.24174607419896782,-0.1457865481387162
0.7714296594119802,0.17778923116087714,0.12021448758249281
0.5814851037947139,-0.5719904647961103,1.0064064672613808
-0.2555480551750837,0.4651926591388495,-0.004717401645270403
-0.23574045610335564,0.059542151291824774,0.4313513664170173
-0.21831354863891653,0.6773188895615903,-0.32550135415784637
-0.19830100782033203,-0.37111261545736396,-0.24155680499692558
0.4346298241890064,0.2083252394479994,0.35005209020721045
-0.2568292386595175,0.2359597918578878,0.1512335831055293
-0.1799471764626375,-0.5166277742470782,-0.3282827695088999
0.8386163578757511,0.16573448284491193,0.22245297933430203
-0.3383973444017335,0.3794779046428519,0.08405562875934607
0.3928668644335026,0.464623658152426,-0.23200800239003883
0.44827412934909605,0.7876972489487744,-0.39818431147775263
-0.44244486962700125,0.11109309692885043,0.4241205650009713
0.07638814866774796,-0.14732095251303234,0.0724281936816577
0.31889782847482995,-0.20755437086204037,0.2823744916390729
-0.9744196007737741,-0.18927272158615607,0.6015160168932514
-0.9636878498377585,0.7611526272081959,0.020645611486247946
0.6294803642186119,-0.9341911214507863,0.1146014417903424
0.42096156421559505,1.0356709980588785,0.014417486030963753
0.4890861714818205,-1.6410646414237207,0.38131411437225804
-0.3108973574621778,-0.029150811891260578,0.061988437959495435
0.2613249260739062,-0.04016538169608386,-0.45391271968144076
0.7243118343004473,-0.10846532881985255,-0.8767270856877806
-0.31890983647736,-0.3056678392192563,0.9952149446700926
0.24630502431952442,0.441938676462162,0.3359525746897518
-0.36086148352686465,0.4824357511835068,0.6837999544092688
0.6380287912660162,-0.15567466938551694,1.4099184248174939
0.5482711135054112,-0.6543606354079481,-0.4820971421571095
-0.5826911271557025,-0.20884593788641048,0.04705027175372939
0.07096654793145499,0.7525203837373486,0.026326780980982904
0.21000064276177838,0.21364100811905956,0.07116170059234589
-0.2514202328710548,0.41973243448826464,0.5127913680067392
-0.429120579119736,-0.7011166379252498,0.12176461136673386
-0.19216701423222765,0.9674551889487707,-0.2227543324418185
0.05887325380058199,-0.3394151996090049,-1.0133359517990086
-0.5406470915641556,-0.1998357836913653,-0.1009208729075124
-0.27694050302442114,-0.013033589650290112,-0.43459405561353626
-0.5680429745648761,0.10890298122688831,-0.6170989798077058
0.5914604469851821,-1.1278462698794574,-0.17479172774172164
0.11782637564597531,-0.12933469077963744,0.24519247975104064
-0.10319030383320305,0.7619424400935406,0.4917835682325681
-0.2788667951639553,0.08421313487847398,-0.07252416332880285
-0.6478126798748911,0.20327196611261586,-0.10659201191547257
-0.4430331400156204,-0.17830555792020714,-0.09056874868169396
0.039369410084030124,-0.49151915303274984,0.32182755599227264
0.10728285411396131,-0.8668970815087021,-0.419873626821903
-0.6059215921022332,-0.36542147631526867,0.12090786341160856
-0.6223931661288722,0.3651864440279584,-0.0317337506578448
0.7254005294885448,0.41270959816425645,0.4703620488173032
-0.509724895212589,0.42386883392659996,0.032101727574689626
0.4754289601467656,-0.4078603410227911,-0.445331108371209
0.2545567351041748,0.1344560152906647,0.45240060824159484
-0.8311112564183298,0.26118319316183225,-0.019209467918153325
-0.32861030117428686,-0.2763231313746237,-0.06822235068951185
-0.19244013396160844,0.17065262550705385,-0.3647174176730622
-0.09554855129843187,-0.4262991028695515,0.03061428955087306
0.2047352413854251,0.069384293445551,-0.11506484426590072
-0.46487208182555406,-0.7359831032413572,0.013185080901229794
0.036585765767987236,0.49219153230594104,0.9088098135356043
0.37789627604506454,-0.29846965161926253,0.0616837499919034
-0.4447785931406848,-0.05995647976085696,-0.06688136484708121
0.0782061648992624,-0.2863941342424032,-0.6091758942130644
0.40340355557522145,-0.09592373223595618,0.3693199580894962
0.2574746425091555,0.3323593556949387,-0.05016034272352097
0.2563424941202611,-0.25681518179112817,-0.12757796862819992
-0.10895429379770805,0.37907640555893185,-0.5915777169500672
-0.038434492353629106,-0.6609403152919225,0.049315783389262
0.17889209383454413,-0.34062424309212896,0.0795636048197497
0.003672480425172431,-0.33356072101642953,-0.5648027180859406
1.6498113569880222,-0.1353122717400134,0.0966866574036589
-0.0945879113846355,0.13368831617146237,0.09745869493418641
-0.5007296389576448,0.5854057203528844,0.2954178828935179
0.5518409171304048,1.361764790039374,-0.6758117745746313
-0.5056503163195155,0.9819163890323257,-0.2619412453807959
0.25696538149808346,0.16169058785761906,-0.1566823528069464
0.24340504746531183,-0.20791745967188507,0.26742440643894455
-0.04222380462277949,0.19450731552657508,-0.3247598951638149
0.24227174323360032,-0.20796698356955068,0.7984305428546534
1.0999195233940318,-0.5512326103211138,-0.2811638722030866
0.08844476391444668,0.014123583185371269,0.47154844579008676
-0.3822313724664161,0.16287276190016542,0.046491516356584196
0.9922596113441686,0.5252957323812681,0.2579611789491072
0.07488543923235635,0.6816852955083254,0.49305926858961546
0.3066594881064987,0.18986084159598782,0.13489382790928295
0.24617325177257882,-0.21718986709366114,-0.3104664697697513
-0.10899293761755258,0.8155113686197739,-0.7103710273088559
-0.6895521734466847,-0.8990598215633497,-0.5083225167171967
-0.49366369763786666,0.8845901386258477,-0.92045243362693
-0.9314604452368951,0.17310115677955076,-1.1967702214003575
0.6408707855539796,0.0342577367989182,0.7665261928061495
0.4633370062251514,-1.5513752883293506,-0.39274692043408577
0.06053574184418101,0.10533331825281728,-0.5111288274117141
-0.2538378689525811,-0.7426878640618311,-0.22365517240959515
-0.06540587401921563,-0.33655450169458495,0.4062346995508479
0.5812998442411708,0.3533646319775558,-0.08247753119825116
0.4292129904293882,0.12651482889478874,-0.0215918671982209
0.15832379582293066,-0.7815618964614812,-0.08571419404307139
0.3565601893290614,-0.2317626565910645,-0.16710531737050566
0.08918083608777003,-0.14693078466461792,-0.16685802955445206
0.11467950475794489,0.7178088535622222,0.0281505141304198
0.0566923573078955,-0.9679473947552937,0.5059359693057103
0.38316793052029813,-0.03451321174375726,-0.27228596289631585
0.06508601472098885,-0.7562810821683079,-0.23890805459393127
0.0813401489031567,0.2738793992449837,0.37591658441538445
-0.7201234198573945,0.544437670745001,-0.5110879527179081
0.3336880202458498,-0.3020513992608395,-0.3452164231082777
0.47868106463854765,-0.006164592017140272,-0.5077203145334747
0.0863735613696949,-0.421761949015957,-0.03686705181132016
0.22445723574755017,0.0741305751902262,-0.028769702795397506
-0.2480310328239657,0.028513685889413998,0.33769861781459337
0.9066596358612182,0.662173255998641,-0.014691511712742508
0.4414688638310411,-0.3492369333008998,0.078527611077614
0.013639035879596417,-0.5272525145897234,0.7784664327288005
0.4415590536753631,-0.5331953514702092,-0.31722282738321
-0.7888568449384838,-0.10885474075221316,-1.1242038403714354
-0.6875066083407801,-0.04060179103193744,-0.41063675030655006
0.6818006838034074,-0.3818299064798056,-1.093361431912945
0.6215011889279157,0.011707723503351558,-0.14088670851383733
-0.46501690505633414,-0.24446555230880307,-0.028696780251053516
0.5605499466125777,0.05596893998052796,-0.4814814907319205
-0.12689811000943485,-0.3442652957894032,0.1748163623802229
0.316106989852506,-0.2068257876396857,0.21391426448898515
-0.6351516017498299,-0.6963841077084816,-0.0019733661722416973
-0.023888091776356674,-0.2121072054216135,0.533993310709254
-0.17481499947237006,0.3049924356961092,-0.13067621816959984
0.08119366473456174,-0.06275906170295761,-1.0310139295171403
-1.0892827543900927,0.38322174767020684,0.9887339922152134
0.17382030914328217,-0.540082417266041,-0.011670069019821233
-0.24423108627886586,0.10621023903766225,0.24142120060668462
0.06275079948566496,0.3058252894603907,-0.17735040024233378
-0.18818279897668996,-0.21522743349603557,0.2534923143488978
0.5173604980763662,-0.22702800008720742,0.16323241278873085
1.229353707212244,0.17996286267163553,0.5411518464443297
0.38008718765049343,0.08898688152523776,-0.2548384179150876
0.5276320179206684,-0.1445889040655779,0.03919126499967496
0.13817278910962663,0.5469428125942049,-1.561198123644278
0.25111601255545807,-0.28926753464158106,-0.560594831020482
0.22812644881927696,0.3068789028690412,-0.14371816925112396
0.04961446795444718,-0.19913617379072368,-0.2881914310279677
0.061117230778459264,0.3881247630921991,-0.19029559389540934
0.8147643738115588,0.5955941695106057,0.049471501744697374
-0.7574180025865161,0.2043496955424128,1.2980619846755743
0.036699890125544116,-0.8340464417306593,-0.48671717493855987
-0.7033878935772471,0.03457871482505853,-0.15990235549394882
-0.15400962937769663,0.04436135907100249,0.3534767866549632
-0.2975988480932844,-0.12567019653399075,-0.7126981193808504
-0.09243915501198585,-0.5217131815884053,-0.5462142500414068
0.13201969475289338,0.7923045685676482,0.10893601569271258
0.2114965791338851,0.17841939203701473,-0.6190232256726241
-0.05541445900757097,-0.0859564224928581,0.7209048465070573
0.17546646890974965,-0.5911563722031234,1.2836012505269705
-1.1932844756273167,-0.07156581621503455,-0.77957088705615
-0.13062789254797041,0.3478535180681998,-0.6945109972923356
-0.4939634588426409,0.34363706640135905,0.10251946982543558
0.6273098515861196,0.625611416923,0.7044108549191807
-0.474598302293517,0.5296829055518935,0.3266147497623786
0.8333330245617139,-0.8570123213298853,-0.7043807175046608
0.6485453805862841,0.04293234813306954,-0.1559908305121998
-0.3129152521895776,-0.22309365006608683,0.28716506894034816
-1.108719634679944,-0.6183683599156122,-0.33709000845697656
-0.21738071544438403,0.06653222288369472,-0.20895577880595903
0.5001986488581732,0.7765964635892166,-0.18983157930944336
0.0364352597295705,-0.668404004156842,0.37870853262964504
-0.2856419588629957,-0.4713073749454141,-0.46229223497166416
-0.16498171403618406,-0.15146714437496878,-0.6506452655011208
-0.11570392045483549,-0.8052221830377672,0.23636316140762684
-0.11037603796382978,-0.5632207818394874,-0.41852760703885394
0.21467341134987816,-0.23229541852733498,0.09547970462589057
-0.390316195328401,0.4545296366378869,-0.16850124010888326
-0.2991461350622567,-0.006172101166437058,-0.3760864665706639
0.08771013598018898,0.2996296007363662,-0.6477482640561344
0.22217031365359252,0.6949625408390024,0.1748715108728751
0.17862534120765314,0.7554095632544632,0.4731879492473887
-0.06529808509268584,0.14494218184792973,-0.10415159870792712
0.04021129262288481,0.0803540760447532,-0.16962731896984423
-0.11204028928810245,-0.8184855887915173,0.7520056361663677
-0.1499336965355211,-0.3960878646553123,0.2901302190459515
0.37287647767574483,0.5013358745903449,0.7209231042072631
-0.23159676694449188,-0.07103846954136038,-0.4371795392636424
-0.5962101133377479,0.05805604188622987,0.11521459596796335
0.418112132363066,0.263357176125939,1.241290590154757
0.07248039007934698,0.2748851551500835,0.3994140036928413
0.13258266171697503,0.30201301277049936,0.04029644022285478
-0.25259722142716756,-0.01595713080523853,-0.2455247536488228
0.3966553982604252,-1.0434415217982902,-0.49001750165467484
0.6159376942178293,-0.28813673868629464,-0.16256829570955197
0.6596447978654206,0.33021036261902564,-0.06672085649272078
0.6572348588468098,1.1263762472700198,0.31708794637858817
-0.4040903215077253,-0.417581705675602,0.14734098303531556
0.35221595188883226,-0.5166789083801785,0.7904008829725162
0.4159907062859448,0.8001549737792153,0.2419757298257343
-0.8581448671663324,-0.679827179708069,-1.487837568043548
0.2150961770188784,1.2268107374308972,1.5985895573680644
-0.5549011575956362,-0.8040732952190344,-0.5316544315079986
-0.5967198244435824,-0.9323461365141892,0.06159625947879949
-0.8635833905122311,-0.5760898756457737,-0.3576834742919137
0.601679684685299,-0.9052564792549553,-0.49050736059189615
-0.6947097744957998,0.906704951992548,-0.2834032223862222
-0.11841216923946823,-0.07267784641077688,0.4841444481442444
-0.6000341802458532,0.31835715296143985,0.28611727404419357
0.3712450958533514,-0.5201016581965089,0.08609396752392603
-0.16663054977992486,-0.1798437861346575,-0.36665502264738714
-0.6747956085470671,0.19560791037574474,0.3212938172355387
-0.8672142599278582,-0.2462210637102235,0.029901844569925083
-0.31831130864059354,-0.3482850051323677,0.3601567249645024
-0.21636120562904465,-0.10068711514653683,-0.5609326324516734
-0.30405821172724734,-0.09718338037502117,-0.15143694654757334
-0.31141937911186557,0.4934889430647913,0.3737920362142311
0.929346017597368,0.17660166193746657,0.23973751916824257
-0.14537795687626592,0.005018808842182754,-0.3519911714454313
-0.23681852748719442,-0.00781319154727489,-0.17521998690485677
-0.3068060856733717,1.1072386724864431,-0.6798134748280443
-0.3589015102377088,-0.024987361613342716,0.03117733941602653
0.8683392889235487,-0.4575657950792322,0.056014169937616674
0.16919621154741646,-0.8290572304036026,0.4642462523378005
-0.2483767257592173,-0.01053577088846433,-0.07205762298358626
-0.10091810940294622,-0.39634856868690715,-0.21113367074390404
0.751659663663997,-0.0558101772038703,0.31239046263786874
-0.1111356348077078,0.373175765274004,-0.019440769475700302
0.04552737991501071,-0.26583780946203883,0.12815502599866732
0.41137753582178616,0.14710743256521225,0.04060082035098243
0.866499420582343,-0.18070240003160215,0.08417173195095581
0.0768778284670279,0.5016329324626303,-0.2745880568359057
-0.023344822432906226,0.024104360412928277,0.3131942616337023
0.14692922278821766,-0.2258468638113928,-0.1391702395286699
-0.558035714224093,0.31093044604365716,-0.025579023369351694
1.081689865438265,0.1913496280662525,-0.24274000697393563
0.3672210121041891,-0.37018244044421733,-0.4921147583819262
0.41706262179059095,-0.30301932528347186,-0.07243801551395165
-0.08028414342256321,-0.3818470335149662,-0.4385026014499831
-0.29479189571397796,0.0611694458895119,-0.22808624231195623
-0.35599587803021315,-0.019623865921170214,0.37082608113542526
-1.071009841987286,0.11818994274603795,-0.5423289787644974
-0.20045081306904527,0.07946957131809218,-0.3524359151113437
-0.08703470688721548,0.09777619389512306,-0.9922554560456827
-0.23956162567203573,-0.5537259005393097,-0.5009020369399577
0.7291463713424543,-0.6183559651590148,-0.0006837278362707179
-0.6410305778390823,-0.0933278867414358,-0.8883136314232355
-0.6108508907966983,-0.13454807929657597,-0.3530678716260342
-0.6344032186458045,0.16042907315072616,-0.3599080535499226
-0.0829939705456404,0.3741905351700746,-0.1477813513977515
-0.8803602975276688,0.1076424734166592,-0.5450429329764468
0.7472714855093099,-0.7123536848564567,-1.2177494365254087
0.4717234696870244,0.4728555146786536,0.34865871243725977
0.21382296189078326,-0.2490175242479162,0.4416772606645567
-0.03756139276652737,0.7098171870813216,-0.3042912305737542
-0.10442501362674692,0.4723734039187013,-0.1923166484547827
-0.43732469496677334,0.11952964355268189,-0.32263067662022904
-0.30638724062103634,-0.20829861847474043,0.7735524719425619
0.34002979254977833,-0.06547889776819438,0.48151383243555873
0.8125696717496704,-0.3153530554597493,-0.22519166806901642
0.14614216848850453,-0.1877147005154187,0.8229251732442193
-0.3613220585072072,1.0076993154840954,-0.129242697027753
0.44576031180727677,-0.2744536314533291,-0.768832169462071
-0.4483544287719685,-0.5014767275610799,-0.5833787202583903
-0.2685210263435864,-0.4404225359390505,-0.6421920523432104
-0.19045224879731898,0.6733509162174818,-0.2420197220216234
0.4956487516743935,-0.08384735324211068,0.3030515185882756
0.7227773422848858,-0.5255161816048547,0.5146828104925225
0.4580535417918579,0.1279577576974875,0.22257428691885658
-0.7245539534196284,0.0014813556895463265,0.4755661747547919
0.12635963941412034,0.4932167945182283,-0.12986787249589443
-0.5983206124724031,-0.10759883546446852,0.33569859733685914
-0.513406098010333,-0.18835004900277394,0.032682288537198484
0.5105489276929392,0.8474408318735625,-0.29614822302759447
0.5991521870929476,-0.18911542221744193,-0.17173736763332603
-0.052629340491723825,0.2689034134209994,0.1712004998173582
0.045116896221969446,-0.3190516776978677,-0.7710840496497051
-0.007537037813040076,-0.390451461009726,0.4284062658251415
-0.5155120035063441,0.9110456657099708,0.322717795372544
-0.577204313831049,0.12772564864461616,0.759947495683659
0.11428413110331243,-0.3092434271821629,0.9215581787955592
0.4261153901240124,-0.31778935605755887,0.17590595728286246
0.5570079109968591,-0.234495220925626,0.014065353642623235
-1.2320495563318759,0.8529202470495064,0.05523145503073841
1.089375337105228,-0.09990260229530656,0.45810483690409065
0.1137743043223561,-0.3099258723581083,0.36998919832626465
0.12124849133470061,-1.444139225376204,0.28374088633329975
-0.0030925525635327,0.8975581097676549,-1.9269306502866297
-0.26699645398264227,0.14848673380560776,-0.2086062342512977
-0.0174362354136789,-0.6218540991123858,-0.2903912629830676
0.0926748691912333,-0.3989370022848664,0.0368850236275269
-1.4630351517527136,-1.024692179555597,0.4224796451533269
-0.16188105728441562,0.6589216526230424,0.47152493756683134
0.4146377951554195,-0.20106111958695444,-0.5444229110866763
0.2112141791488734,0.05830355147822723,0.17087228287183287
-0.014950208311865443,-0.6465302342032188,0.4754635195098463
0.6681766756051017,-0.4656086372381984,-0.03302949494941307
0.24666410930138136,0.22431145185846588,-0.5936840180632652
0.2361636723155362,0.5525269859869053,-0.4230192069754023
0.3232365854037317,0.03884404237109343,0.11550544682735225
0.8294291060022937,0.33539171205974605,-0.3974006508902052
0.09692637292323557,0.9056608461696162,0.44570215696461957
-0.4629966178842629,-0.12934752637112074,0.5296622232892203
0.6710849418494843,0.047976255080523666,0.9165217179925171
0.2555481123723806,0.1776084206370608,-0.08418556496577201
-0.5400127304332587,-0.09021935899367722,0.19692620574629285
0.6406776613666479,0.24863671088496409,0.40943552446450077
0.3812779123401485,-0.8050237564893407,0.5230425228304818
-0.24091222846923413,-0.10796414322026404,0.4154376409439243
-0.43684227268896847,0.4412148076941129,0.17725140223350222
0.5841442483715824,-0.46462362812337055,0.5557067976979002
0.40901066163361677,-0.08926316196724035,1.1507872774710108
0.34074287521969693,0.15679767019799767,0.19958229840174574
-0.17713265051296004,0.2476145466149856,-0.645716429124071
0.22161135587911177,-0.039953456715329405,-0.4657781099557419
0.4698025175921955,-0.6386175111900879,-0.03499819404002752
0.481269375709042,-0.24384542568224232,-0.49563447960778434
0.5111206981430281,-0.13837650258994896,-0.00894640459727862
0.3283777007812744,0.2731904782187169,-0.7064760973773482
-0.3555625412520166,0.24641690708358202,-0.3519832818089902
-0.18124153785006175,-0.13665173773034267,0.4528718252476264
0.023079647020232047,0.4262101482921159,0.5930791550833611
0.6058788276492598,0.7527393493144948,0.8584840887935767
0.22017677644883932,0.03207114749061067,0.06120482581682958
-0.029083948215914895,0.11007132240948148,0.26578478728057137
-0.5901594047272518,0.1811648308767304,0.17470537563944638
-1.1022509881673652,0.09795869696290654,0.413381381774573
2.3080172335660736,-0.5606586448499945,0.3382175925210398
-1.063804862344281,-0.547000303160143,-0.2315649764008361
0.37160040534759287,0.19839665492425623,0.32612521333812855
0.7545726501649764,0.12743048474373547,0.22054158723650805
-0.44057338414249014,-0.5147071106263111,-0.5135409598870753
0.1792020490504334,-0.3285504034503459,-0.32691508892193866
-0.4326418177070722,-0.65084898349943,0.35760227766213937
-0.30354230684829175,0.2536176932413996,0.6354036826988669
-0.46669731805394166,0.41895305633125957,0.51992338953063
-0.7497516833838573,0.04141623464844746,-0.36896430746560843
0.35960240425042983,0.45232110661576025,-0.13609148509611077
0.05580914203819343,-0.6152227700769537,0.06653393440730121
0.09033980136418382,0.23326818917746478,-0.21326999508908
0.5276907334102559,-0.49431654253286406,-0.10882666714499223
-0.8554343897001984,-0.6797703791740137,0.5773286752466236
-0.08731932378496288,0.2894894999080867,-0.04809200370703988
0.113697004122495,0.8042180034420152,-0.6105414080102969
-0.06782661930094419,0.3461019136127389,0.06492686147843724
-0.1958319244248512,0.2846003787826189,-0.11232873445840119
0.35082427620266426,0.09079025411869142,1.0887927306102385
-0.21009512891635612,0.5046751878857024,0.42300334805155826
-0.1828734345265487,0.5506270187480262,-0.5510118690478478
-0.29992562594260586,-0.4813700718823183,0.0861787490620245
0.5246664917988748,-0.308449185058632,0.46430684605297995
0.7873670992993858,0.7725359996151814,0.0652510067545655
0.09085818878966018,1.1463210320583677,-0.44208197709642527
-1.2613007683766198,1.0528445759708471,0.8754529280342161
-0.05330398399106753,-0.06141589169442613,0.12144646730666249
-0.3729366124089986,0.035692646417531636,0.2058586987892612
0.589256350820728,-1.6633373321868241,0.12189078547289929
1.3526463868703398,-0.613492314278558,-0.8314119652523805
-0.1644624038129475,-0.35454412944142377,0.024353593617585698
-0.6435258744990323,0.22149771507860486,0.1301756813003584
-0.5928051914605246,-0.521432089804736,0.5045006010664549
0.6327119493905644,-0.18477867034826803,0.46001270315270193
0.7150361868259312,0.9156498528950997,-0.5438683488470388
-0.6286808954027145,0.12247783366951628,-0.1335615232089129
0.6444921773127209,-0.9968457805897045,1.4401158592401442
-0.2074679389315882,-0.7563270027033286,0.6340146965815604
-0.31346604099323294,0.3184214788804523,-0.1630435440374465
0.21864464796868965,0.3679600560188638,-0.008739704994978892
0.4934409653180601,0.5774143134997122,-0.07379304874916978
0.2075711377799448,-0.31601073726842044,0.28701386854636635
0.6469994326198429,-0.21645309344065872,0.1492789300630456
0.040091717653224286,0.422012569998966,0.019897051079119606
-0.4740738563250339,-0.8659209811458317,-0.6363971994238083
-0.2085301358369311,0.9366329480750143,1.5278437101060207
0.3008874687229894,-0.47108619371942356,-0.8960414081653945
0.13812006961827883,-0.04703459317588618,0.3114599005798999
0.3104036897934044,-0.18144336437890632,-0.44910373784508845
-0.2655495992433536,-0.24047349009290245,0.6091653403675443
-0.14931615365021306,0.16237884284083406,-0.14564984768473857
-0.5493576754775124,0.08663007182498628,0.18859520652076664
0.2844429804870266,-0.9498122416514964,0.6319363781959318
-0.18464642010496457,0.18377532892081422,0.29509814071348095
0.4619002974899161,0.12727733441310632,0.23217620858473076
-0.15756016454645147,0.16252961101859445,-0.6569218142697609
-0.17700757403615636,-0.3985199372921378,0.2376049733175286
0.29014615859565107,-0.03157647937430236,0.5714894775431549
-0.13548088497581137,0.8773435542488066,0.4503423696890736
0.3080845121399895,-0.20161960657356212,0.2200173996036338
-0.33824246273355174,-0.18656576682892906,0.06474742650601767
0.15611476643386013,-0.611457777523285,-0.21547320841146655
1.8249614916454457,0.4354672615504529,-0.051005922586409784
0.10805129157123843,1.2022248902885655,-0.7835392932161171
0.14410100043538124,-0.7346942262689025,0.778551143859258
0.2206937011554566,0.3668247124034236,0.6040459582779607
-0.441571591585903,-0.15499929970792858,-0.35058676798719557
-0.29114119746215217,-0.0637579111659946,0.3943135334566856
0.7463446380647205,-1.3724250552029695,1.0419049966724905
0.6211792202756374,-0.5033134509475002,-0.9734795335839492
-0.5485622166818334,0.6521493942676233,-0.9899764233988815
0.12262018638113767,-0.6602174028236991,-0.10287463420161472
0.23345494456319138,-0.2889457495772384,-0.20429432500747852
-1.0404419541279906,-0.5728478201865371,-0.0021698556027386143
-0.16967886487650746,0.08251825539858909,-0.39964054957056844
-0.32267729310291615,1.4126871230239115,-0.08295685759221419
-0.055042188988884855,-0.15204579787938916,-1.0103055875792495
0.4664397063063852,-0.7704437796589951,0.36271543317869454
0.20672176159869116,0.15428079752967389,0.26771411892526886
0.19208465818272763,-0.6504071023849142,1.2665023012464607
-0.1199928592271931,0.26417378580150785,0.3437091211885359
0.1371205122696046,0.5530743881611111,-0.17913443973798587
0.725315838206777,0.3933032783173509,-0.14096609317787057
-0.04292297491059391,-0.08980106211001493,0.10009221455606651
-0.08868652893935029,-0.09265513819308391,1.2089350754980501
0.4096988131994312,-0.18604315964591833,0.8342030868442022
0.04352517856304223,0.09447516538119063,-0.8196434629595644
0.8392795517564516,-0.8992090095950469,-0.9104591063937739
0.06593335601970264,-0.5674513921976089,-0.3975554859287391
0.3682502229614761,0.5387556951541506,0.3327692758646558
-0.13837170306672222,0.20199896794872388,0.3073916015681507
0.24042730406534762,0.5328971663962182,-0.23400662839797354
0.8692194730787397,-0.02968553474321145,0.46656357832168094
-0.23834031446212836,0.008849903467334434,0.32266799824298426
0.6983359396437652,-0.39491686843061324,-0.9457244352885182
-0.2074565039370524,-0.32275431485932027,-0.6637219780195567
-0.22376130501482666,-0.3400429871739668,-0.6003664944001987
0.16785387422135423,0.310991466144675,0.37907967372069196
0.6200822842597581,-0.4144165001235282,0.7981272819241493
-0.8740607877178947,-0.2722888721218376,-0.0711190169142635
0.3388463920607302,1.0322678653644197,-0.06794046532991743
-1.392547356580864,1.039482197693375,0.2398831611380324
0.03102041889966936,-0.9196754293491382,-0.00440922511141615
0.01416587184131507,0.43774861996915426,0.6419891503099808
0.00364753221470554,-0.10275003808197815,0.6287037249009589
-0.954995551288791,0.8090901526387445,-0.030047756026659163
-0.2980153201388145,0.04458467502546827,0.6317910133720311
-0.25968898253783923,-0.6276943465405537,-0.14752863097399016
0.4711221552246662,0.5121030313831804,0.41683951005775727
0.7113461922296782,0.9317794536307527,-0.5743328426271923
-0.20931877060770593,-0.35085458219340226,0.29998147247048895
-0.01453424673631612,-0.47772468132740514,0.3741278402190039
-0.01826208633137545,-0.17399241142778452,-0.0563612671779998
0.37231703124898174,-0.7444724356994281,0.29513333131610786
-0.8543346336389612,0.3219758750705512,-0.055913883603781106
-0.24652662072277784,0.024960195487689935,0.3420929127101609
0.28280362157368066,-0.2962954181374337,0.03743131776169756
-0.3871474330933212,0.3382969891877181,-0.13877815769576057
0.07430217643875092,0.0778037789874454,0.10887466256024231
-0.06349694130004396,0.3312562971544901,0.3405243889661401
0.0871592976236303,0.7671803149106391,0.28676581278587865
0.7396942067326344,0.25699232055130883,0.0607946700193934
0.09157245181009022,0.22188470957724457,-0.02665101749281823
-0.1791234555156958,-0.5761213264840029,0.9906105436153543
0.08997316383011103,-0.03733139950149722,0.019046354391616532
-0.1848154927704302,-0.87029711275766,0.042870105817088916
0.595477542742161,2.4566230574195975,0.6386395358726027
0.10959414409847085,0.22780090679528417,0.49494253582766456
1.0625701142949318,0.28858317766918196,1.4979425165492097
-0.2641008967460871,0.384130421307529,-0.36208535452321106
-0.31069275398799584,-0.5816202570492763,-0.08385282316236509
-0.09376211058027492,0.9657974417535685,-0.6478978726071435
-0.10080144417673742,-0.33681839113258305,-0.30384488355647316
-0.7450209350692725,-0.21656456904042287,0.11615594378629238
-0.5493924614694736,0.04767373233744518,-0.5098051398800774
-0.7369646248378418,0.3635286686613774,-0.5684814009356445
-0.44612834219511577,0.22648396824313555,-0.06767533657397429
0.1552087012310062,-0.29671400431554096,-0.5195479885121765
0.3887824159921791,0.8954619147103421,0.13577897074175505
-0.008692227617042914,0.36525279383065995,-0.252321743133122
-0.14165037882267417,-0.34862399027286806,0.3166387482916617
-0.0873302363039013,0.07619044967793043,-0.001577649901460615
-0.5792431939508595,-0.3867963639056681,0.016395496672212073
0.043560592180809266,-0.32661769999042234,0.5427403493177041
0.30630769121980694,0.49813123300445095,-0.06885349912371447
-1.2484412203403719,-0.10661278621087332,-0.040252762184271235
0.1456036696082294,1.156897723830673,-1.4689758871937562
-0.348703970021752,1.1333673292245026,-0.20689682508966864
-0.36854530201981817,0.9048892534432081,0.6638028576566841
-0.5084424024044781,0.13365189573864386,0.15099534926928837
-0.9034639326306344,0.8430405676425683,0.32964065570937684
0.5441028037184293,1.3628628427309106,-0.08321383909040381
-1.4377821574354035,-0.6247352092678667,0.38690768148105115
0.4562827468266808,0.2018940851787701,0.3360065125444148
-0.12328758176641327,0.09330555029227715,-0.012244486626316275
-0.25976929108955027,0.2354949823692153,0.17653030377254073
-0.645027254955593,1.0170707804891834,-0.5809529015963126
0.3268589497340344,0.9572739481678281,0.055257336185980555
-0.2470216879566147,-0.27580679602749586,0.44419109938203294
0.7610190808539041,0.07403041723659831,-0.6816739089329001
-0.18630510982382775,0.36532388148276795,-0.17947351776222908
-0.8654710430373501,-0.5751806308511197,0.3226121982522919
0.7566258735199327,-0.4189419747746865,-0.5816179877563004
0.547344092811764,0.7377676034569778,1.1706187826447736
0.7676096599660888,0.4582264092982166,0.6505480061129287
0.029586652780262387,-0.14567427086169307,-0.40172255896178755
-0.7397353690887216,-0.5772559323291346,0.8979260114994841
-0.48687234027913745,0.38222058428721545,-0.5916544118127258
-0.007629658776846793,-0.4546447920154531,-0.5817757234151917
1.0772957515770087,-0.7606714492567339,0.8764134583120965
0.37567565449854706,-0.717033590831682,-0.43765343899635056
0.7115717583217619,-0.4279403111199363,-0.8278088016595617
0.7115717583217619,-0.4279403111199363,-0.8278088016595617
-0.48434878677189286,0.7403256485977945,-0.8091652357409692
1.8364571796938112,-0.5402547801141472,1.0431740221882946
1.5042585432319682,0.7499548926078577,-1.3035538848093906
-1.3316077708915068,-0.8376860545148115,-0.4912070293538452
-0.1956974457404253,-0.5943644016639252,-0.5469335162061808
0.895558624151744,0.1217247252332168,-0.2615628702741412
-1.088968681277453,0.18848116179291768,1.2315262910657025
0.4149769342194964,0.120759512662619,0.9650846110665516
-0.6330654629320598,-1.2132246041304349,-2.042152207665431
-1.3418792491033358,-0.5562444913722139,0.9907757906206974
0.3504822205887688,0.934462299634944,0.6610715744842026
0.2841994942715027,-0.13037261820104268,0.5743586743380982
-0.2018176388152964,0.31111370034810604,1.0844559467694397
0.12921580261061472,0.3097385386953297,0.6800287255328997
-0.7857984460740157,-0.6788247081258316,0.36194413580392026
-0.37826103426680313,-0.013673746499249961,0.8128977357759015
0.3109245916509108,-1.002175756281184,1.02050460765125
